Date,Open,High,Low,Close,Adj Close,Volume,Symbol
2006-08-04,82.0,82.0,79.75,80.24749755859375,67.67069244384766,156680.0,DIVISLAB.NS
2006-08-07,80.94999694824219,84.49749755859375,79.75250244140625,83.27999877929688,70.2279052734375,515240.0,DIVISLAB.NS
2006-08-08,84.55000305175781,89.5,84.0,87.07250213623047,73.42601776123047,1567760.0,DIVISLAB.NS
2006-08-09,85.5625,92.44750213623047,85.55750274658203,91.25749969482422,76.95511627197266,2197940.0,DIVISLAB.NS
2006-08-10,91.55000305175781,93.55249786376953,90.25,91.26249694824219,76.9593505859375,1392080.0,DIVISLAB.NS
2006-08-11,92.5,92.5,89.00499725341797,90.1500015258789,76.02119445800781,729820.0,DIVISLAB.NS
2006-08-14,90.19999694824219,92.0,89.25,89.74250030517578,75.67756652832031,445900.0,DIVISLAB.NS
2006-08-16,90.0,91.94999694824219,87.78250122070312,88.30999755859375,74.4695816040039,371460.0,DIVISLAB.NS
2006-08-17,89.92500305175781,92.24500274658203,86.60749816894531,90.93499755859375,76.68317413330078,1136460.0,DIVISLAB.NS
2006-08-18,91.5,92.44999694824219,89.5,90.34500122070312,76.18565368652344,675360.0,DIVISLAB.NS
2006-08-21,91.44999694824219,91.44999694824219,89.0999984741211,90.35250091552734,76.19196319580078,229180.0,DIVISLAB.NS
2006-08-22,90.34249877929688,93.24749755859375,90.25,90.72750091552734,76.5081787109375,780940.0,DIVISLAB.NS
2006-08-23,90.49250030517578,90.8499984741211,88.77749633789062,89.18000030517578,75.61995697021484,278180.0,DIVISLAB.NS
2006-08-24,89.0,90.0,88.30000305175781,89.63249969482422,76.00364685058594,360300.0,DIVISLAB.NS
2006-08-25,89.94999694824219,90.74749755859375,89.1050033569336,89.45249938964844,75.85101318359375,302460.0,DIVISLAB.NS
2006-08-28,91.25,91.25,89.30000305175781,90.6050033569336,76.82828521728516,456940.0,DIVISLAB.NS
2006-08-29,90.94999694824219,91.94499969482422,90.30000305175781,90.64250183105469,76.8600845336914,296040.0,DIVISLAB.NS
2006-08-30,90.25499725341797,90.80000305175781,89.75,90.1500015258789,76.4424819946289,208040.0,DIVISLAB.NS
2006-08-31,91.0,91.0,88.60749816894531,89.58499908447266,75.96337127685547,1000360.0,DIVISLAB.NS
2006-09-01,89.75,96.23999786376953,89.75,95.4375,80.9260025024414,3338560.0,DIVISLAB.NS
2006-09-04,95.55999755859375,108.44999694824219,95.55999755859375,106.08000183105469,89.95027923583984,11091260.0,DIVISLAB.NS
2006-09-05,107.5,110.73999786376953,105.9000015258789,107.7699966430664,91.38329315185547,14688920.0,DIVISLAB.NS
2006-09-06,93.5,108.5999984741211,93.5,105.94750213623047,89.83790588378906,4150920.0,DIVISLAB.NS
2006-09-07,105.9000015258789,105.94999694824219,102.75749206542969,104.73249816894531,88.80765533447266,6037160.0,DIVISLAB.NS
2006-09-08,105.0,105.44999694824219,103.1050033569336,104.0374984741211,88.21833801269531,3579100.0,DIVISLAB.NS
2006-09-11,103.75,106.23500061035156,98.5999984741211,99.39749908447266,84.28388214111328,3638580.0,DIVISLAB.NS
2006-09-12,100.0,103.19999694824219,98.55249786376953,101.87000274658203,86.38040924072266,3619060.0,DIVISLAB.NS
2006-09-13,102.5,106.32749938964844,102.44999694824219,104.72000122070312,88.79706573486328,3558140.0,DIVISLAB.NS
2006-09-14,104.5,105.75,103.11000061035156,104.04499816894531,88.22470092773438,2104720.0,DIVISLAB.NS
2006-09-15,104.0,105.23500061035156,102.69999694824219,103.74500274658203,87.97032165527344,971360.0,DIVISLAB.NS
2006-09-18,104.0,107.5,103.5,106.67500305175781,90.4548110961914,3163300.0,DIVISLAB.NS
2006-09-19,106.80000305175781,109.94999694824219,104.19999694824219,105.92500305175781,89.81885528564453,4736600.0,DIVISLAB.NS
2006-09-20,105.33499908447266,109.94999694824219,104.5,106.5,90.30642700195312,1895440.0,DIVISLAB.NS
2006-09-21,107.5,107.99749755859375,105.80000305175781,106.48999786376953,90.29794311523438,1021500.0,DIVISLAB.NS
2006-09-22,106.75,108.06999969482422,105.36000061035156,106.88249206542969,90.63075256347656,1393380.0,DIVISLAB.NS
2006-09-25,107.0,107.5,105.0,105.6675033569336,89.60051727294922,389680.0,DIVISLAB.NS
2006-09-26,106.0,107.30000305175781,105.9000015258789,106.88249206542969,90.63075256347656,817600.0,DIVISLAB.NS
2006-09-27,107.5,108.0,106.5,106.9574966430664,90.69435119628906,707460.0,DIVISLAB.NS
2006-09-28,107.49749755859375,108.0,105.25,105.85749816894531,89.7616195678711,936180.0,DIVISLAB.NS
2006-09-29,106.5,111.25,106.5,110.33000183105469,93.5540542602539,2530880.0,DIVISLAB.NS
2006-10-03,109.75,112.5,109.75,110.6824951171875,93.85294342041016,1298180.0,DIVISLAB.NS
2006-10-04,111.44999694824219,111.44999694824219,108.4000015258789,109.06500244140625,92.48139190673828,1138180.0,DIVISLAB.NS
2006-10-05,110.0,111.94999694824219,109.05500793457031,109.63249206542969,92.96261596679688,870440.0,DIVISLAB.NS
2006-10-06,110.1500015258789,113.73500061035156,109.5999984741211,112.3550033569336,95.27114868164062,1651180.0,DIVISLAB.NS
2006-10-09,112.0,134.0,110.75,115.7824935913086,98.17748260498047,2405620.0,DIVISLAB.NS
2006-10-10,116.6500015258789,117.6500015258789,114.69999694824219,115.15249633789062,97.64327239990234,1151000.0,DIVISLAB.NS
2006-10-11,116.5,116.75,112.25,112.8800048828125,95.71632385253906,1042060.0,DIVISLAB.NS
2006-10-12,113.74500274658203,116.24749755859375,111.75,115.12750244140625,97.62208557128906,952540.0,DIVISLAB.NS
2006-10-13,116.25,116.99500274658203,114.1500015258789,115.11750793457031,97.61360931396484,892000.0,DIVISLAB.NS
2006-10-16,115.75,116.49500274658203,114.0999984741211,114.4124984741211,97.01580810546875,633140.0,DIVISLAB.NS
2006-10-17,114.94999694824219,116.73999786376953,113.75,115.77249908447266,98.16901397705078,610040.0,DIVISLAB.NS
2006-10-18,115.55000305175781,120.5999984741211,115.05000305175781,119.6624984741211,101.46751403808594,2601420.0,DIVISLAB.NS
2006-10-19,119.75,121.5,119.0,120.13500213623047,101.86817169189453,1314320.0,DIVISLAB.NS
2006-10-20,120.25,122.7550048828125,120.25,121.2824935913086,102.84117889404297,1023400.0,DIVISLAB.NS
2006-10-23,122.375,125.1500015258789,120.11000061035156,123.73500061035156,104.92079162597656,794420.0,DIVISLAB.NS
2006-10-26,125.0,128.75,124.0250015258789,127.6675033569336,108.2553482055664,1874420.0,DIVISLAB.NS
2006-10-27,128.85000610351562,132.9499969482422,128.5,131.1475067138672,111.20622253417969,1706860.0,DIVISLAB.NS
2006-10-30,131.25,133.5,129.25,130.34249877929688,110.52359771728516,1651520.0,DIVISLAB.NS
2006-10-31,130.75,136.1999969482422,130.0,134.48001098632812,114.03199005126953,3251820.0,DIVISLAB.NS
2006-11-01,135.35000610351562,141.44000244140625,135.35000610351562,140.41000366210938,119.0603256225586,3127220.0,DIVISLAB.NS
2006-11-02,141.60000610351562,144.75,140.0574951171875,142.875,121.15052032470703,3040900.0,DIVISLAB.NS
2006-11-03,138.67750549316406,144.5,138.67750549316406,141.4949951171875,119.98035430908203,1880080.0,DIVISLAB.NS
2006-11-06,142.4499969482422,143.4499969482422,140.30250549316406,141.7725067138672,120.21565246582031,1979640.0,DIVISLAB.NS
2006-11-07,142.00250244140625,143.00999450683594,140.10501098632812,140.88499450683594,119.46308898925781,1167660.0,DIVISLAB.NS
2006-11-08,140.85000610351562,141.85000610351562,137.5,138.64999389648438,117.56794738769531,1388860.0,DIVISLAB.NS
2006-11-09,139.99749755859375,140.75,128.94500732421875,138.08749389648438,117.09093475341797,942200.0,DIVISLAB.NS
2006-11-10,138.5,138.9499969482422,136.89999389648438,137.46249389648438,116.56099700927734,505960.0,DIVISLAB.NS
2006-11-13,138.25,146.75,136.5,143.54750061035156,121.72074890136719,2844800.0,DIVISLAB.NS
2006-11-14,146.25,151.39999389648438,145.33999633789062,149.6374969482422,126.88470458984375,5645200.0,DIVISLAB.NS
2006-11-15,150.75,152.6999969482422,149.10501098632812,150.68499755859375,127.77299499511719,2691900.0,DIVISLAB.NS
2006-11-16,146.17750549316406,151.5,146.17750549316406,147.75,125.28423309326172,1723900.0,DIVISLAB.NS
2006-11-17,149.0,149.0,144.30250549316406,145.4949951171875,123.37210845947266,1626800.0,DIVISLAB.NS
2006-11-20,144.64999389648438,148.43499755859375,141.05999755859375,146.6800079345703,124.37689971923828,2068540.0,DIVISLAB.NS
2006-11-21,145.74000549316406,152.4499969482422,145.74000549316406,151.44000244140625,128.41317749023438,1963720.0,DIVISLAB.NS
2006-11-22,152.0,152.6999969482422,150.0500030517578,150.6999969482422,127.78569793701172,871300.0,DIVISLAB.NS
2006-11-23,152.4499969482422,155.60000610351562,149.5,153.81500244140625,130.42706298828125,2384180.0,DIVISLAB.NS
2006-11-24,154.0,156.43499755859375,153.89999389648438,154.74749755859375,131.21775817871094,1494940.0,DIVISLAB.NS
2006-11-27,154.10000610351562,159.0,154.10000610351562,158.29750061035156,134.22799682617188,1516580.0,DIVISLAB.NS
2006-11-28,157.52999877929688,159.0,155.0,155.53250122070312,131.8834228515625,1536440.0,DIVISLAB.NS
2006-11-29,156.6999969482422,158.25,149.05250549316406,150.7675018310547,127.8429183959961,1954140.0,DIVISLAB.NS
2006-11-30,151.25,152.7449951171875,147.0,150.25,127.40412139892578,3414300.0,DIVISLAB.NS
2006-12-01,152.39999389648438,155.60000610351562,150.0,154.4250030517578,130.94432067871094,1857540.0,DIVISLAB.NS
2006-12-04,155.0,155.5,152.25999450683594,152.90249633789062,129.65328979492188,916060.0,DIVISLAB.NS
2006-12-05,154.4949951171875,154.5,148.89999389648438,149.59750366210938,126.8508529663086,1399740.0,DIVISLAB.NS
2006-12-06,150.0,150.64999389648438,142.25,143.0850067138672,121.3285903930664,2555100.0,DIVISLAB.NS
2006-12-07,143.0850067138672,144.89999389648438,140.75,143.10000610351562,121.34132385253906,1974880.0,DIVISLAB.NS
2006-12-08,143.75,146.9499969482422,141.77749633789062,143.3050079345703,121.51510620117188,2263700.0,DIVISLAB.NS
2006-12-11,142.99000549316406,145.4499969482422,133.0050048828125,135.4774932861328,114.87782287597656,2220280.0,DIVISLAB.NS
2006-12-12,135.0,137.5,117.25,124.3800048828125,105.46771240234375,5011700.0,DIVISLAB.NS
2006-12-13,125.05000305175781,137.49000549316406,122.5,135.2050018310547,114.64673614501953,2868260.0,DIVISLAB.NS
2006-12-14,136.4499969482422,143.0,136.4499969482422,141.5800018310547,120.05239868164062,2835900.0,DIVISLAB.NS
2006-12-15,143.5,144.10000610351562,138.74749755859375,139.8050079345703,118.54730987548828,1453260.0,DIVISLAB.NS
2006-12-18,140.5,146.38499450683594,133.5500030517578,144.9949951171875,122.94816589355469,2456400.0,DIVISLAB.NS
2006-12-19,145.25,147.6824951171875,137.8000030517578,139.97000122070312,118.6872329711914,2618500.0,DIVISLAB.NS
2006-12-20,143.75,143.75,137.0,138.53250122070312,117.46831512451172,1888120.0,DIVISLAB.NS
2006-12-21,138.5,140.0,129.52749633789062,138.3699951171875,117.33047485351562,1475460.0,DIVISLAB.NS
2006-12-22,139.0,141.08999633789062,137.6999969482422,139.9875030517578,118.70206451416016,1578720.0,DIVISLAB.NS
2006-12-26,139.75,142.0,138.75,140.88499450683594,119.46308898925781,1679800.0,DIVISLAB.NS
2006-12-27,142.1999969482422,151.0,140.5074920654297,150.05250549316406,127.23665618896484,7169640.0,DIVISLAB.NS
2006-12-28,151.44000244140625,156.3000030517578,149.75,154.17750549316406,130.73443603515625,7858400.0,DIVISLAB.NS
2006-12-29,154.6999969482422,155.5500030517578,152.16000366210938,152.79251098632812,129.56004333496094,2277160.0,DIVISLAB.NS
2007-01-02,151.27499389648438,156.75,151.27499389648438,153.51499938964844,130.17266845703125,2162660.0,DIVISLAB.NS
2007-01-03,154.9499969482422,156.75,151.5,156.05999755859375,132.3306884765625,2761700.0,DIVISLAB.NS
2007-01-04,156.5,158.74000549316406,154.85000610351562,155.65499877929688,131.98727416992188,2233580.0,DIVISLAB.NS
2007-01-05,155.65499877929688,157.49000549316406,153.5,154.5574951171875,131.05665588378906,1454120.0,DIVISLAB.NS
2007-01-08,154.60000610351562,154.60000610351562,151.3000030517578,152.6074981689453,129.40316772460938,1108760.0,DIVISLAB.NS
2007-01-09,153.39999389648438,154.24749755859375,147.52999877929688,148.6374969482422,126.03679656982422,1343380.0,DIVISLAB.NS
2007-01-10,147.75,149.39999389648438,146.06500244140625,146.80999755859375,124.48715209960938,1633100.0,DIVISLAB.NS
2007-01-11,146.60000610351562,148.75,142.5,147.4600067138672,125.03838348388672,1486980.0,DIVISLAB.NS
2007-01-12,149.4499969482422,152.0,148.0,149.65249633789062,126.89749908447266,1113800.0,DIVISLAB.NS
2007-01-15,150.2449951171875,151.5,148.25,149.5074920654297,126.77450561523438,666220.0,DIVISLAB.NS
2007-01-16,150.5074920654297,151.5,148.52749633789062,149.1199951171875,126.44593048095703,777060.0,DIVISLAB.NS
2007-01-17,149.5,159.5,149.5,158.30250549316406,134.2322235107422,3612040.0,DIVISLAB.NS
2007-01-18,160.0,162.0,154.5,157.35000610351562,133.42454528808594,2512220.0,DIVISLAB.NS
2007-01-19,157.25250244140625,159.12750244140625,155.14999389648438,156.5675048828125,132.7610626220703,917300.0,DIVISLAB.NS
2007-01-22,158.4499969482422,158.4499969482422,155.1024932861328,156.48500061035156,132.69110107421875,601920.0,DIVISLAB.NS
2007-01-23,156.5,157.5,154.0500030517578,154.77499389648438,131.2410888671875,602320.0,DIVISLAB.NS
2007-01-24,155.6999969482422,157.75,154.25,155.54251098632812,131.8918914794922,960760.0,DIVISLAB.NS
2007-01-25,156.5500030517578,157.97000122070312,155.26499938964844,156.24749755859375,132.4897003173828,2056960.0,DIVISLAB.NS
2007-01-29,158.0,158.0,152.50250244140625,154.03750610351562,130.61572265625,782920.0,DIVISLAB.NS
2007-01-31,155.0,162.3249969482422,152.75,161.61500549316406,137.0410614013672,4698040.0,DIVISLAB.NS
2007-02-01,162.5,167.4499969482422,161.5124969482422,166.98001098632812,141.5902862548828,3887620.0,DIVISLAB.NS
2007-02-02,167.60000610351562,168.6999969482422,165.01499938964844,167.90750122070312,142.37677001953125,2307680.0,DIVISLAB.NS
2007-02-05,166.5,173.44500732421875,165.0,172.53500366210938,146.30064392089844,2480540.0,DIVISLAB.NS
2007-02-06,172.8000030517578,177.0,171.5050048828125,172.5550079345703,146.317626953125,3279700.0,DIVISLAB.NS
2007-02-07,164.10000610351562,175.89999389648438,164.10000610351562,173.59500122070312,147.19944763183594,1821780.0,DIVISLAB.NS
2007-02-08,174.0,175.0,171.62750244140625,172.5175018310547,146.2857666015625,1120260.0,DIVISLAB.NS
2007-02-09,173.39999389648438,173.6999969482422,168.28250122070312,169.43499755859375,143.67198181152344,1139620.0,DIVISLAB.NS
2007-02-12,169.5,169.5,163.0,164.65499877929688,139.6188507080078,1378140.0,DIVISLAB.NS
2007-02-13,165.0,169.75,160.75,164.6175079345703,139.5869903564453,2160300.0,DIVISLAB.NS
2007-02-14,166.5,168.49000549316406,162.5,167.16751098632812,141.74928283691406,1206320.0,DIVISLAB.NS
2007-02-15,165.0,173.3000030517578,165.0,172.5574951171875,146.3197479248047,921900.0,DIVISLAB.NS
2007-02-19,173.9499969482422,175.75,170.5500030517578,172.02999877929688,145.8724365234375,811760.0,DIVISLAB.NS
2007-02-20,173.0,173.5,169.25,169.67750549316406,143.87762451171875,555120.0,DIVISLAB.NS
2007-02-21,169.98500061035156,171.1999969482422,165.10000610351562,166.45249938964844,141.14297485351562,459100.0,DIVISLAB.NS
2007-02-22,166.7550048828125,167.75,159.75,161.41250610351562,136.8693389892578,6198620.0,DIVISLAB.NS
2007-02-23,161.50250244140625,165.23500061035156,158.7550048828125,161.25,136.7315673828125,2463880.0,DIVISLAB.NS
2007-02-26,161.50250244140625,163.68499755859375,153.5,159.84750366210938,135.5423126220703,1939260.0,DIVISLAB.NS
2007-02-27,161.39500427246094,162.5,154.5,155.6649932861328,131.9957275390625,1295560.0,DIVISLAB.NS
2007-02-28,155.0,158.75,144.05999755859375,145.4250030517578,123.31277465820312,2024500.0,DIVISLAB.NS
2007-03-01,147.0,150.5,143.0,149.72500610351562,126.95894622802734,1798260.0,DIVISLAB.NS
2007-03-02,149.25,153.1999969482422,141.9499969482422,144.3824920654297,122.42878723144531,1407020.0,DIVISLAB.NS
2007-03-05,140.1300048828125,140.1300048828125,130.4499969482422,132.4425048828125,112.3042984008789,3747920.0,DIVISLAB.NS
2007-03-06,135.0,139.35000610351562,131.5550079345703,137.96249389648438,116.98494720458984,1644160.0,DIVISLAB.NS
2007-03-07,140.10000610351562,141.4499969482422,128.5,132.61500549316406,112.45057678222656,2167720.0,DIVISLAB.NS
2007-03-08,135.0,147.4499969482422,130.77749633789062,144.5550079345703,122.57508087158203,4532640.0,DIVISLAB.NS
2007-03-09,149.0,149.0,139.3000030517578,141.2550048828125,119.77681732177734,2254600.0,DIVISLAB.NS
2007-03-12,143.5,144.64999389648438,140.0500030517578,141.66250610351562,120.12236785888672,1349060.0,DIVISLAB.NS
2007-03-13,142.89999389648438,147.5,140.75,146.4925079345703,124.21796417236328,1327100.0,DIVISLAB.NS
2007-03-14,144.0500030517578,144.1999969482422,139.2550048828125,142.32749938964844,120.6862564086914,1440840.0,DIVISLAB.NS
2007-03-15,144.0,148.64500427246094,142.5,143.99000549316406,122.09599304199219,1676380.0,DIVISLAB.NS
2007-03-16,144.0,145.5,141.8175048828125,142.92250061035156,121.1908187866211,806860.0,DIVISLAB.NS
2007-03-19,143.75,146.19749450683594,142.6024932861328,145.375,123.27040100097656,1183880.0,DIVISLAB.NS
2007-03-20,146.89999389648438,148.35000610351562,145.0675048828125,146.22000122070312,123.98687744140625,981600.0,DIVISLAB.NS
2007-03-21,146.75,148.25,145.3000030517578,147.51499938964844,125.0849838256836,1176880.0,DIVISLAB.NS
2007-03-22,148.1999969482422,151.4499969482422,148.1999969482422,150.0574951171875,127.24092864990234,1031500.0,DIVISLAB.NS
2007-03-23,151.25,153.6699981689453,149.5074920654297,151.75,129.10621643066406,2243580.0,DIVISLAB.NS
2007-03-26,152.94000244140625,152.94000244140625,150.52000427246094,150.9550018310547,128.42987060546875,1179060.0,DIVISLAB.NS
2007-03-28,151.88499450683594,151.88499450683594,146.5500030517578,147.57000732421875,125.55001068115234,879900.0,DIVISLAB.NS
2007-03-29,147.3000030517578,151.85000610351562,146.5500030517578,149.3625030517578,127.07501220703125,3110580.0,DIVISLAB.NS
2007-03-30,151.0,154.4949951171875,149.5,153.74000549316406,130.79931640625,2643540.0,DIVISLAB.NS
2007-04-02,150.5,153.1999969482422,145.06500244140625,150.6750030517578,128.19161987304688,2889080.0,DIVISLAB.NS
2007-04-03,152.5050048828125,152.75,150.75,151.16250610351562,128.60641479492188,680060.0,DIVISLAB.NS
2007-04-04,152.40499877929688,158.2425079345703,152.0500030517578,156.99749755859375,133.57069396972656,2041700.0,DIVISLAB.NS
2007-04-05,157.5500030517578,160.5,157.0,158.44500732421875,134.80223083496094,1530260.0,DIVISLAB.NS
2007-04-09,158.89999389648438,169.25,158.89999389648438,167.7100067138672,142.68472290039062,3715700.0,DIVISLAB.NS
2007-04-10,168.60000610351562,171.75,167.3249969482422,170.17250061035156,144.77976989746094,2908060.0,DIVISLAB.NS
2007-04-11,170.25,172.4949951171875,167.6324920654297,168.40249633789062,143.2738800048828,1482480.0,DIVISLAB.NS
2007-04-12,168.25,170.25,166.75,167.9375,142.8782501220703,907180.0,DIVISLAB.NS
2007-04-13,169.5,172.48500061035156,168.5050048828125,171.6750030517578,146.05810546875,1155720.0,DIVISLAB.NS
2007-04-16,173.75,175.4499969482422,173.0,173.7100067138672,147.78941345214844,1094840.0,DIVISLAB.NS
2007-04-17,174.0,175.25,169.85000610351562,170.50250244140625,145.06051635742188,1104380.0,DIVISLAB.NS
2007-04-18,172.75,174.9949951171875,171.64999389648438,173.2274932861328,147.37889099121094,1431980.0,DIVISLAB.NS
2007-04-19,173.5,173.5,170.00250244140625,171.4375,145.85601806640625,762900.0,DIVISLAB.NS
2007-04-20,173.75,174.5,171.0050048828125,173.57000732421875,147.6703338623047,1028460.0,DIVISLAB.NS
2007-04-23,175.0,175.0,171.10501098632812,171.5625,145.9623565673828,506320.0,DIVISLAB.NS
2007-04-24,172.5,173.89999389648438,170.50250244140625,172.60000610351562,146.8450164794922,550300.0,DIVISLAB.NS
2007-04-25,168.17750549316406,172.99749755859375,168.14999389648438,171.08749389648438,145.5582275390625,917240.0,DIVISLAB.NS
2007-04-26,172.6999969482422,182.75,170.25,180.53250122070312,153.5938720703125,3107040.0,DIVISLAB.NS
2007-04-27,181.89999389648438,184.75,177.5574951171875,178.27000427246094,151.66900634765625,2214440.0,DIVISLAB.NS
2007-04-30,178.27000427246094,184.14999389648438,176.8000030517578,182.38999938964844,155.1741943359375,1732100.0,DIVISLAB.NS
2007-05-03,183.9499969482422,187.25,183.9499969482422,186.29251098632812,158.49441528320312,1349360.0,DIVISLAB.NS
2007-05-04,187.5,191.0,186.25,189.5,161.22328186035156,1557680.0,DIVISLAB.NS
2007-05-07,191.06500244140625,192.3874969482422,187.61000061035156,188.8050079345703,160.63194274902344,1107400.0,DIVISLAB.NS
2007-05-08,189.0,190.69500732421875,183.01499938964844,183.86000061035156,156.4248504638672,897680.0,DIVISLAB.NS
2007-05-09,183.85000610351562,189.25,182.64999389648438,188.53500366210938,160.40228271484375,1399480.0,DIVISLAB.NS
2007-05-10,189.0,190.5,187.3000030517578,187.58248901367188,159.59188842773438,706220.0,DIVISLAB.NS
2007-05-11,183.27749633789062,193.6999969482422,183.27749633789062,192.66000366210938,163.91177368164062,1822620.0,DIVISLAB.NS
2007-05-14,195.14999389648438,195.35000610351562,192.75,194.0399932861328,165.0858154296875,972020.0,DIVISLAB.NS
2007-05-15,193.25,194.85000610351562,193.0,194.27749633789062,165.28782653808594,536560.0,DIVISLAB.NS
2007-05-16,195.0,196.25,191.39999389648438,194.3524932861328,165.35166931152344,1026320.0,DIVISLAB.NS
2007-05-17,194.9499969482422,197.5,193.85000610351562,196.80999755859375,167.44248962402344,944620.0,DIVISLAB.NS
2007-05-18,196.5,197.5,195.39999389648438,196.0550079345703,166.80014038085938,588740.0,DIVISLAB.NS
2007-05-21,197.5,197.5,187.11000061035156,193.92750549316406,164.99012756347656,2962880.0,DIVISLAB.NS
2007-05-22,194.5,201.0,194.0,199.13499450683594,169.42056274414062,4081760.0,DIVISLAB.NS
2007-05-23,200.25,204.0,199.94500732421875,202.87249755859375,172.60037231445312,1743500.0,DIVISLAB.NS
2007-05-24,213.75,239.39999389648438,207.5,236.3824920654297,201.11007690429688,10913120.0,DIVISLAB.NS
2007-05-25,237.5050048828125,249.5,232.77749633789062,236.6875,201.36956787109375,11308160.0,DIVISLAB.NS
2007-05-28,240.0,248.10000610351562,236.3050079345703,246.15499877929688,209.42433166503906,5493220.0,DIVISLAB.NS
2007-05-29,247.4499969482422,251.9499969482422,245.0500030517578,250.6899871826172,213.2826385498047,4380480.0,DIVISLAB.NS
2007-05-30,250.0,252.4399871826172,245.08248901367188,246.09750366210938,209.3754425048828,2440860.0,DIVISLAB.NS
2007-05-31,246.0,251.75,243.5,248.7449951171875,211.62786865234375,3458540.0,DIVISLAB.NS
2007-06-01,251.0,252.39999389648438,247.5,248.8125,211.68533325195312,1075880.0,DIVISLAB.NS
2007-06-04,251.2449951171875,251.25,242.5024871826172,244.84750366210938,208.3119659423828,754820.0,DIVISLAB.NS
2007-06-05,245.0,245.10000610351562,240.0500030517578,241.17251586914062,205.1853790283203,1345060.0,DIVISLAB.NS
2007-06-06,241.5,243.5,237.9499969482422,238.9300079345703,203.27745056152344,888620.0,DIVISLAB.NS
2007-06-07,237.60000610351562,245.5,235.5050048828125,243.63998413085938,207.28465270996094,1410780.0,DIVISLAB.NS
2007-06-08,243.89999389648438,245.1999969482422,241.0,241.697509765625,205.6319580078125,709700.0,DIVISLAB.NS
2007-06-11,244.0,255.4499969482422,241.697509765625,252.864990234375,215.1331024169922,4836720.0,DIVISLAB.NS
2007-06-12,253.0050048828125,262.45001220703125,253.0050048828125,260.62750244140625,221.7372589111328,5575200.0,DIVISLAB.NS
2007-06-13,260.6000061035156,265.75,259.0299987792969,264.25250244140625,224.82135009765625,3234340.0,DIVISLAB.NS
2007-06-14,264.5,267.3999938964844,262.0625,266.2074890136719,226.48463439941406,3077900.0,DIVISLAB.NS
2007-06-15,266.6499938964844,271.0,265.25,267.89752197265625,227.92254638671875,1902200.0,DIVISLAB.NS
2007-06-18,269.7300109863281,290.5,268.25,285.9125061035156,243.2493438720703,6439400.0,DIVISLAB.NS
2007-06-19,289.0,298.5,288.0,293.29998779296875,249.5345458984375,5288780.0,DIVISLAB.NS
2007-06-20,294.95001220703125,319.0,292.00750732421875,314.2875061035156,267.3902893066406,11099900.0,DIVISLAB.NS
2007-06-21,315.05499267578125,325.5,296.2799987792969,303.6399841308594,258.33154296875,14076560.0,DIVISLAB.NS
2007-06-22,305.0,310.0,297.5,303.4324951171875,258.1550598144531,6083840.0,DIVISLAB.NS
2007-06-25,307.5,309.95001220703125,297.80499267578125,300.489990234375,255.651611328125,3339660.0,DIVISLAB.NS
2007-06-26,304.5,306.0,299.0,300.9725036621094,256.0621643066406,2896880.0,DIVISLAB.NS
2007-06-27,300.95001220703125,306.0,299.29998779296875,300.27252197265625,255.46656799316406,1976420.0,DIVISLAB.NS
2007-06-28,303.0,304.0,291.04998779296875,293.114990234375,249.3770751953125,3787400.0,DIVISLAB.NS
2007-06-29,297.32000732421875,299.0,287.6000061035156,292.5249938964844,248.8751220703125,2872500.0,DIVISLAB.NS
2007-07-02,293.5,313.75,291.2200012207031,311.7649841308594,265.2441711425781,6412500.0,DIVISLAB.NS
2007-07-03,312.5,318.2449951171875,307.6000061035156,309.7074890136719,263.4936828613281,5119960.0,DIVISLAB.NS
2007-07-04,319.0,319.0,308.0,309.5625,263.37042236328125,2198080.0,DIVISLAB.NS
2007-07-05,311.45001220703125,311.63250732421875,303.1000061035156,305.1925048828125,259.6524658203125,1843520.0,DIVISLAB.NS
2007-07-06,305.1925048828125,310.75,304.5,305.32000732421875,259.7608642578125,1517580.0,DIVISLAB.NS
2007-07-09,307.45001220703125,337.2649841308594,306.00250244140625,334.22747802734375,284.3548889160156,12034700.0,DIVISLAB.NS
2007-07-10,340.6300048828125,344.45001220703125,332.04998779296875,334.5425109863281,284.6229248046875,8421820.0,DIVISLAB.NS
2007-07-11,330.0,340.0,330.0,333.6875,283.8955383300781,3329300.0,DIVISLAB.NS
2007-07-12,336.70001220703125,349.885009765625,335.75,344.86248779296875,293.4029235839844,5120660.0,DIVISLAB.NS
2007-07-13,348.0,351.0,333.25,335.2550048828125,285.2290954589844,3205620.0,DIVISLAB.NS
2007-07-16,338.2200012207031,342.0,332.75,335.2825012207031,285.2524719238281,1910520.0,DIVISLAB.NS
2007-07-17,339.4200134277344,343.0,331.95001220703125,334.0899963378906,284.2378845214844,2537400.0,DIVISLAB.NS
2007-07-18,337.0,348.20001220703125,332.6000061035156,345.48748779296875,293.9346618652344,3874940.0,DIVISLAB.NS
2007-07-19,347.5,350.8500061035156,343.5050048828125,347.85247802734375,295.9467468261719,3672700.0,DIVISLAB.NS
2007-07-20,348.2825012207031,356.9949951171875,345.5050048828125,350.82501220703125,298.4758605957031,5536780.0,DIVISLAB.NS
2007-07-23,350.04998779296875,354.60748291015625,349.0,351.8999938964844,299.3902587890625,1939960.0,DIVISLAB.NS
2007-07-24,354.73248291015625,354.75,346.5,348.5625,296.5508728027344,1840660.0,DIVISLAB.NS
2007-07-25,345.0,351.8999938964844,341.75,348.2200012207031,296.25946044921875,1262260.0,DIVISLAB.NS
2007-07-26,349.0,358.7550048828125,349.0,351.54998779296875,299.09259033203125,5322660.0,DIVISLAB.NS
2007-07-27,345.8999938964844,348.8999938964844,337.5,339.5975036621094,288.923583984375,2385800.0,DIVISLAB.NS
2007-07-30,340.1199951171875,347.70001220703125,335.1000061035156,341.28997802734375,290.363525390625,2239280.0,DIVISLAB.NS
2007-07-31,345.45001220703125,345.45001220703125,328.5,335.03997802734375,285.0461730957031,2617560.0,DIVISLAB.NS
2007-08-01,333.8999938964844,341.5,315.5,319.6700134277344,271.9696350097656,4392420.0,DIVISLAB.NS
2007-08-02,324.75,325.95001220703125,316.5574951171875,318.5675048828125,271.0317077636719,3835200.0,DIVISLAB.NS
2007-08-03,327.5,330.9750061035156,322.5,325.5874938964844,277.004150390625,1663952.0,DIVISLAB.NS
2007-08-06,322.1000061035156,324.3374938964844,313.75,316.4750061035156,269.2514343261719,840188.0,DIVISLAB.NS
2007-08-07,319.0,321.20001220703125,309.01251220703125,309.8500061035156,263.6150207519531,759940.0,DIVISLAB.NS
2007-08-08,317.25,320.625,310.5249938964844,315.48748779296875,268.4112548828125,1009704.0,DIVISLAB.NS
2007-08-09,327.5,332.0,316.375,318.7749938964844,271.20819091796875,2456100.0,DIVISLAB.NS
2007-08-10,310.0249938964844,321.9750061035156,303.0,314.7124938964844,267.7518310546875,1041224.0,DIVISLAB.NS
2007-08-13,315.0,321.92498779296875,311.3125,316.1499938964844,268.974853515625,742924.0,DIVISLAB.NS
2007-08-14,312.5,319.25,309.375,310.8500061035156,264.46575927734375,635396.0,DIVISLAB.NS
2007-08-16,300.0,305.0,292.5874938964844,295.20001220703125,251.1509552001953,646900.0,DIVISLAB.NS
2007-08-17,292.5,297.0,271.5874938964844,283.51251220703125,241.2074432373047,1366468.0,DIVISLAB.NS
2007-08-20,287.25,300.0,275.0,280.7124938964844,238.8252410888672,632384.0,DIVISLAB.NS
2007-08-21,275.0,283.0,251.89999389648438,257.1499938964844,218.77870178222656,1527276.0,DIVISLAB.NS
2007-08-22,255.10000610351562,266.25,247.5,257.7749938964844,219.31045532226562,1647116.0,DIVISLAB.NS
2007-08-23,263.75,273.125,251.0,253.1374969482422,215.36492919921875,1507360.0,DIVISLAB.NS
2007-08-24,255.5,267.5,253.03750610351562,265.0874938964844,225.5317840576172,1595008.0,DIVISLAB.NS
2007-08-27,267.5,281.5,262.5,279.61248779296875,237.88937377929688,1260380.0,DIVISLAB.NS
2007-08-28,286.17498779296875,287.25,275.75,282.625,240.452392578125,1104472.0,DIVISLAB.NS
2007-08-29,276.75,290.25,266.3374938964844,288.26251220703125,245.24874877929688,1143840.0,DIVISLAB.NS
2007-08-30,293.0,294.7250061035156,278.75,284.5249938964844,242.06884765625,1542192.0,DIVISLAB.NS
2007-08-31,287.38751220703125,298.0,287.38751220703125,293.5874938964844,249.77911376953125,3229760.0,DIVISLAB.NS
2007-09-03,299.5,301.0,293.25,296.36248779296875,252.1400146484375,645916.0,DIVISLAB.NS
2007-09-04,298.75,299.73748779296875,292.75,295.17498779296875,251.1296844482422,580188.0,DIVISLAB.NS
2007-09-05,297.9750061035156,297.9750061035156,289.0625,291.61248779296875,248.09881591796875,444684.0,DIVISLAB.NS
2007-09-06,291.25,294.70001220703125,285.0,288.9750061035156,245.85488891601562,719716.0,DIVISLAB.NS
2007-09-07,289.0,306.5,289.0,302.76251220703125,257.58502197265625,3363592.0,DIVISLAB.NS
2007-09-10,300.0,310.5,300.0,305.7875061035156,260.15869140625,1686964.0,DIVISLAB.NS
2007-09-11,308.8500061035156,308.8500061035156,298.0,300.4375,255.60694885253906,947788.0,DIVISLAB.NS
2007-09-12,301.25,306.2250061035156,299.51251220703125,300.8500061035156,255.9579315185547,649420.0,DIVISLAB.NS
2007-09-13,302.5,307.75,301.2875061035156,302.54998779296875,257.4042053222656,526672.0,DIVISLAB.NS
2007-09-14,304.9750061035156,305.76251220703125,293.8374938964844,295.23748779296875,251.182861328125,408236.0,DIVISLAB.NS
2007-09-17,286.0,298.4750061035156,286.0,291.2749938964844,247.81163024902344,444308.0,DIVISLAB.NS
2007-09-18,291.0,301.5,288.75,295.42498779296875,251.34242248535156,760256.0,DIVISLAB.NS
2007-09-19,301.75,308.25,296.25,304.3500061035156,258.935546875,783072.0,DIVISLAB.NS
2007-09-20,307.5,316.75,306.92498779296875,310.5874938964844,264.242431640625,2349408.0,DIVISLAB.NS
2007-09-21,311.5,313.75,304.0,305.7250061035156,260.1054382324219,826988.0,DIVISLAB.NS
2007-09-24,308.0,310.92498779296875,300.0,301.76251220703125,256.7342224121094,356392.0,DIVISLAB.NS
2007-09-25,302.5,313.86248779296875,298.25,306.11248779296875,260.43511962890625,669468.0,DIVISLAB.NS
2007-09-26,304.70001220703125,309.70001220703125,302.26251220703125,303.26251220703125,258.010498046875,447768.0,DIVISLAB.NS
2007-09-27,308.4750061035156,308.4750061035156,297.1000061035156,299.48748779296875,254.7987518310547,1240244.0,DIVISLAB.NS
2007-09-28,304.95001220703125,312.0,302.51251220703125,305.0249938964844,259.50994873046875,703992.0,DIVISLAB.NS
2007-10-01,286.1000061035156,340.0,286.1000061035156,334.1499938964844,284.2889709472656,3423696.0,DIVISLAB.NS
2007-10-03,338.75,352.25,305.01251220703125,335.6499938964844,285.5650939941406,1922096.0,DIVISLAB.NS
2007-10-04,313.8374938964844,346.75,313.8374938964844,336.3374938964844,286.1500549316406,1209768.0,DIVISLAB.NS
2007-10-05,340.0375061035156,357.4750061035156,336.5,343.38751220703125,292.1479797363281,1996968.0,DIVISLAB.NS
2007-10-08,347.5,351.2250061035156,312.5,330.76251220703125,281.4068908691406,1481260.0,DIVISLAB.NS
2007-10-09,330.0,350.0,320.0874938964844,347.9375,296.01910400390625,1128928.0,DIVISLAB.NS
2007-10-10,350.0,354.9750061035156,341.7875061035156,345.3500061035156,293.8176574707031,633252.0,DIVISLAB.NS
2007-10-11,347.5249938964844,368.75,339.5,358.125,304.6864318847656,1002644.0,DIVISLAB.NS
2007-10-12,359.5,368.75,340.0625,349.7749938964844,297.5824279785156,966924.0,DIVISLAB.NS
2007-10-15,352.5,365.375,349.7250061035156,362.79998779296875,308.66387939453125,600720.0,DIVISLAB.NS
2007-10-16,366.3374938964844,385.5,359.0,382.1499938964844,325.1264953613281,1540148.0,DIVISLAB.NS
2007-10-17,362.5,371.25,312.8374938964844,362.42498779296875,308.34478759765625,1346776.0,DIVISLAB.NS
2007-10-18,366.25,383.5,325.0,340.6625061035156,289.8297119140625,844272.0,DIVISLAB.NS
2007-10-19,344.875,344.875,317.5249938964844,327.4750061035156,278.6099853515625,941568.0,DIVISLAB.NS
2007-10-22,324.75,347.0,315.5,340.07501220703125,289.329833984375,420956.0,DIVISLAB.NS
2007-10-23,352.5,366.25,348.5,363.2749938964844,309.0680236816406,688696.0,DIVISLAB.NS
2007-10-24,366.125,380.0,359.5,365.9750061035156,311.3651123046875,856624.0,DIVISLAB.NS
2007-10-25,367.5,375.0,358.0625,365.67498779296875,311.10980224609375,1709304.0,DIVISLAB.NS
2007-10-26,372.5,415.0,367.5,411.3500061035156,349.96929931640625,2662240.0,DIVISLAB.NS
2007-10-29,423.67498779296875,444.92498779296875,423.67498779296875,430.95001220703125,366.64471435546875,1626784.0,DIVISLAB.NS
2007-10-30,422.25,438.4750061035156,412.75,419.45001220703125,356.8606872558594,1540792.0,DIVISLAB.NS
2007-10-31,422.5,437.42498779296875,421.25,430.3999938964844,366.17669677734375,881456.0,DIVISLAB.NS
2007-11-01,439.75,444.9750061035156,410.0,415.8500061035156,353.7978515625,1310456.0,DIVISLAB.NS
2007-11-02,406.25,439.75,402.75,433.125,368.49517822265625,957052.0,DIVISLAB.NS
2007-11-05,436.25,436.25,416.3500061035156,418.51251220703125,356.0630798339844,798528.0,DIVISLAB.NS
2007-11-06,427.5,431.0,400.3374938964844,406.3999938964844,345.7579345703125,772812.0,DIVISLAB.NS
2007-11-07,412.5249938964844,416.75,393.75,400.1499938964844,340.4406433105469,603348.0,DIVISLAB.NS
2007-11-08,395.0,400.0,387.75,391.0249938964844,332.67718505859375,533732.0,DIVISLAB.NS
2007-11-12,377.5,380.6875,360.0,376.8500061035156,320.61737060546875,724264.0,DIVISLAB.NS
2007-11-13,372.5249938964844,401.75,372.5249938964844,391.8374938964844,333.3684387207031,923060.0,DIVISLAB.NS
2007-11-14,400.0,404.42498779296875,396.25,399.20001220703125,339.6323547363281,641632.0,DIVISLAB.NS
2007-11-15,396.2875061035156,413.7250061035156,396.2875061035156,398.8374938964844,339.3239440917969,761468.0,DIVISLAB.NS
2007-11-16,397.5,405.0,390.01251220703125,393.4750061035156,334.7616271972656,324856.0,DIVISLAB.NS
2007-11-19,399.25,404.5,392.5,393.7749938964844,335.0168151855469,243988.0,DIVISLAB.NS
2007-11-20,387.5,435.75,387.5,428.61248779296875,364.6559143066406,1671040.0,DIVISLAB.NS
2007-11-21,433.0,443.25,387.9375,394.86248779296875,335.9420471191406,1029664.0,DIVISLAB.NS
2007-11-22,387.75,404.42498779296875,366.3374938964844,384.9624938964844,327.51934814453125,880656.0,DIVISLAB.NS
2007-11-23,388.75,400.0,383.82501220703125,398.5249938964844,339.0580749511719,497452.0,DIVISLAB.NS
2007-11-26,402.5249938964844,416.0,402.5,406.57501220703125,345.90692138671875,505368.0,DIVISLAB.NS
2007-11-27,400.0,413.75,397.75,407.3125,346.5343017578125,410156.0,DIVISLAB.NS
2007-11-28,412.25,418.75,401.25,404.17498779296875,343.864990234375,435288.0,DIVISLAB.NS
2007-11-29,407.625,414.5,388.2875061035156,394.36248779296875,335.51666259765625,926752.0,DIVISLAB.NS
2007-11-30,397.5,408.5,397.5,406.0874938964844,345.49212646484375,360884.0,DIVISLAB.NS
2007-12-03,409.75,424.75,408.2749938964844,414.9750061035156,353.053466796875,479892.0,DIVISLAB.NS
2007-12-04,422.5,422.5,410.0,413.6625061035156,351.93682861328125,247364.0,DIVISLAB.NS
2007-12-05,415.0,452.4624938964844,411.25,448.3999938964844,381.4908142089844,1387284.0,DIVISLAB.NS
2007-12-06,452.5,458.75,437.79998779296875,443.2250061035156,377.0881042480469,877088.0,DIVISLAB.NS
2007-12-07,450.0,452.48748779296875,428.7875061035156,448.3374938964844,381.43768310546875,499040.0,DIVISLAB.NS
2007-12-10,451.25,451.25,432.5,436.3500061035156,371.2389221191406,352080.0,DIVISLAB.NS
2007-12-11,440.0,454.5,437.5375061035156,441.6499938964844,375.7480163574219,645960.0,DIVISLAB.NS
2007-12-12,425.25,450.0,425.25,444.5375061035156,378.2046813964844,233744.0,DIVISLAB.NS
2007-12-13,445.0,470.5,442.5,464.88751220703125,395.51812744140625,1027020.0,DIVISLAB.NS
2007-12-14,466.0,471.25,458.4624938964844,461.7250061035156,392.8275451660156,491292.0,DIVISLAB.NS
2007-12-17,455.5,467.5,428.75,433.9624938964844,369.2077331542969,547640.0,DIVISLAB.NS
2007-12-18,426.1000061035156,442.5,412.1499938964844,431.25,366.8999938964844,683940.0,DIVISLAB.NS
2007-12-19,430.0,443.5,418.75,428.0249938964844,364.1561279296875,338492.0,DIVISLAB.NS
2007-12-20,428.75,441.0,421.25,433.9750061035156,369.21832275390625,443248.0,DIVISLAB.NS
2007-12-24,427.5,447.48748779296875,427.5,444.0874938964844,377.8218078613281,238212.0,DIVISLAB.NS
2007-12-26,446.25,460.0,445.25,453.61248779296875,385.9255065917969,454704.0,DIVISLAB.NS
2007-12-27,452.5249938964844,459.5,440.9624938964844,444.82501220703125,378.4493103027344,662852.0,DIVISLAB.NS
2007-12-28,445.0,475.2250061035156,445.0,467.625,397.84716796875,977696.0,DIVISLAB.NS
2007-12-31,470.25,476.0,466.25,469.0249938964844,399.0382385253906,343848.0,DIVISLAB.NS
2008-01-01,450.5,482.48748779296875,450.5,470.9375,400.6653747558594,451144.0,DIVISLAB.NS
2008-01-02,471.25,480.2250061035156,465.0,473.375,402.7391357421875,290540.0,DIVISLAB.NS
2008-01-03,470.5,480.9750061035156,463.0249938964844,472.11248779296875,401.6650390625,419244.0,DIVISLAB.NS
2008-01-04,473.75,481.25,468.82501220703125,470.86248779296875,400.6015319824219,354612.0,DIVISLAB.NS
2008-01-07,467.5,474.67498779296875,463.0249938964844,470.3374938964844,400.1548767089844,430404.0,DIVISLAB.NS
2008-01-08,465.0,473.75,458.01251220703125,461.3374938964844,392.497802734375,195856.0,DIVISLAB.NS
2008-01-09,435.9624938964844,467.5,435.9624938964844,458.3999938964844,389.9986572265625,194464.0,DIVISLAB.NS
2008-01-10,466.20001220703125,466.20001220703125,430.0,433.9750061035156,369.21832275390625,376596.0,DIVISLAB.NS
2008-01-11,449.7250061035156,449.7250061035156,425.0,441.76251220703125,375.8437805175781,395308.0,DIVISLAB.NS
2008-01-14,433.75,446.17498779296875,432.5,441.73748779296875,375.8225402832031,238424.0,DIVISLAB.NS
2008-01-15,437.5249938964844,464.9750061035156,437.5249938964844,455.2875061035156,387.3506164550781,421984.0,DIVISLAB.NS
2008-01-16,437.7749938964844,465.0,435.0,457.7124938964844,389.4137878417969,425352.0,DIVISLAB.NS
2008-01-17,462.25,464.25,440.5,447.0375061035156,380.3316650390625,558196.0,DIVISLAB.NS
2008-01-18,447.5,447.5,387.5,400.0,340.3130187988281,467076.0,DIVISLAB.NS
2008-01-21,410.0,410.0,331.25,365.20001220703125,310.7057800292969,1096356.0,DIVISLAB.NS
2008-01-22,338.25,374.98748779296875,292.5,352.7250061035156,300.0922546386719,1178268.0,DIVISLAB.NS
2008-01-23,326.1000061035156,381.0,326.1000061035156,369.1499938964844,314.06634521484375,559812.0,DIVISLAB.NS
2008-01-24,352.5249938964844,387.4750061035156,331.26251220703125,342.125,291.0739440917969,732488.0,DIVISLAB.NS
2008-01-25,335.5,372.5,335.5,367.1499938964844,312.3648376464844,285136.0,DIVISLAB.NS
2008-01-28,336.1000061035156,391.1000061035156,336.1000061035156,385.67498779296875,328.12548828125,319172.0,DIVISLAB.NS
2008-01-29,387.5,405.0,372.5,375.8999938964844,319.80914306640625,272792.0,DIVISLAB.NS
2008-01-30,351.1000061035156,382.5,351.1000061035156,360.0,306.2816467285156,281072.0,DIVISLAB.NS
2008-01-31,336.1000061035156,383.5,336.1000061035156,352.4750061035156,299.8796081542969,2125796.0,DIVISLAB.NS
2008-02-01,357.5,373.75,351.5249938964844,367.5874938964844,312.73699951171875,560616.0,DIVISLAB.NS
2008-02-04,372.5,386.20001220703125,372.5,378.4125061035156,321.9466857910156,223704.0,DIVISLAB.NS
2008-02-05,378.5,384.5,372.5,380.8374938964844,324.0097961425781,210784.0,DIVISLAB.NS
2008-02-06,351.1000061035156,376.25,351.1000061035156,369.01251220703125,313.9493713378906,162104.0,DIVISLAB.NS
2008-02-07,362.75,375.0,354.04998779296875,356.9125061035156,303.6548767089844,172560.0,DIVISLAB.NS
2008-02-08,350.75,362.0,335.0,341.04998779296875,290.1593322753906,247556.0,DIVISLAB.NS
2008-02-11,341.25,342.5,312.5,324.45001220703125,276.036376953125,695600.0,DIVISLAB.NS
2008-02-12,336.17498779296875,337.2250061035156,312.75,334.8125,284.85260009765625,756916.0,DIVISLAB.NS
2008-02-13,334.8125,344.5,318.75,324.61248779296875,276.1745300292969,317364.0,DIVISLAB.NS
2008-02-14,337.5,356.25,333.0,346.20001220703125,294.5408935546875,322424.0,DIVISLAB.NS
2008-02-15,343.48748779296875,363.70001220703125,338.0,360.6875,306.8666076660156,285936.0,DIVISLAB.NS
2008-02-18,357.5,366.3125,351.5,354.0625,301.2301330566406,189144.0,DIVISLAB.NS
2008-02-19,362.0,362.0,345.0249938964844,349.125,297.0293884277344,156408.0,DIVISLAB.NS
2008-02-20,337.5,348.45001220703125,328.5,336.5874938964844,286.3627624511719,189496.0,DIVISLAB.NS
2008-02-21,339.125,357.23748779296875,339.0,354.1875,301.3364562988281,239444.0,DIVISLAB.NS
2008-02-22,345.0,362.25,338.82501220703125,352.6499938964844,300.0284118652344,312860.0,DIVISLAB.NS
2008-02-25,355.25,357.5,338.75,356.3500061035156,303.17633056640625,149452.0,DIVISLAB.NS
2008-02-26,360.0,361.17498779296875,350.5,354.625,301.708740234375,164652.0,DIVISLAB.NS
2008-02-27,361.25,366.0,342.5,345.1875,293.679443359375,345968.0,DIVISLAB.NS
2008-02-28,353.5,355.0,343.5375061035156,351.0,298.6246337890625,511452.0,DIVISLAB.NS
2008-02-29,346.0,357.5,337.76251220703125,343.86248779296875,292.5521545410156,365924.0,DIVISLAB.NS
2008-03-03,343.6000061035156,352.75,330.5,341.6499938964844,290.6698303222656,367892.0,DIVISLAB.NS
2008-03-04,340.2749938964844,348.75,322.75,330.4125061035156,281.10919189453125,346152.0,DIVISLAB.NS
2008-03-05,331.25,331.25,320.0,323.42498779296875,275.1642150878906,269908.0,DIVISLAB.NS
2008-03-07,317.75,330.125,298.125,322.01251220703125,273.9626159667969,661360.0,DIVISLAB.NS
2008-03-10,319.75,334.5,303.75,332.29998779296875,282.7149658203125,365396.0,DIVISLAB.NS
2008-03-11,315.875,340.0,315.875,333.9624938964844,284.1294250488281,201564.0,DIVISLAB.NS
2008-03-12,340.0,362.5,325.0,330.7124938964844,281.3643493652344,187352.0,DIVISLAB.NS
2008-03-13,275.0,325.0,275.0,306.875,261.08392333984375,167740.0,DIVISLAB.NS
2008-03-14,312.5,316.25,300.0,308.36248779296875,262.349365234375,224968.0,DIVISLAB.NS
2008-03-17,298.75,299.5,276.25,281.75,239.70799255371094,358264.0,DIVISLAB.NS
2008-03-18,291.25,303.75,277.125,293.63751220703125,249.82162475585938,321176.0,DIVISLAB.NS
2008-03-19,302.5,310.0,293.75,296.5249938964844,252.2782440185547,375384.0,DIVISLAB.NS
2008-03-24,303.75,303.75,284.51251220703125,293.3500061035156,249.57704162597656,199676.0,DIVISLAB.NS
2008-03-25,300.0,315.25,300.0,312.4125061035156,265.79510498046875,256784.0,DIVISLAB.NS
2008-03-26,315.25,321.0,310.0,314.7875061035156,267.8156433105469,166496.0,DIVISLAB.NS
2008-03-27,316.17498779296875,330.0,306.3125,327.1625061035156,278.3440856933594,383576.0,DIVISLAB.NS
2008-03-28,329.5,342.4750061035156,323.88751220703125,340.11248779296875,289.3617248535156,292104.0,DIVISLAB.NS
2008-03-31,336.25,338.45001220703125,316.25,317.2124938964844,269.8788757324219,304232.0,DIVISLAB.NS
2008-04-01,323.5,324.5,304.98748779296875,309.61248779296875,263.4128723144531,257296.0,DIVISLAB.NS
2008-04-02,315.9125061035156,325.0,312.75,314.23748779296875,267.34771728515625,235124.0,DIVISLAB.NS
2008-04-03,312.5,320.0,307.5,314.3999938964844,267.4859924316406,118968.0,DIVISLAB.NS
2008-04-04,314.5,318.75,310.25,316.3374938964844,269.1343688964844,270916.0,DIVISLAB.NS
2008-04-07,315.25,327.4750061035156,312.5,320.9750061035156,273.0799255371094,229788.0,DIVISLAB.NS
2008-04-08,320.3125,326.23748779296875,313.7875061035156,318.61248779296875,271.0698547363281,157696.0,DIVISLAB.NS
2008-04-09,315.42498779296875,333.0,315.0,329.32501220703125,280.1839599609375,314932.0,DIVISLAB.NS
2008-04-10,327.5,358.42498779296875,327.5,353.17498779296875,300.47509765625,1154460.0,DIVISLAB.NS
2008-04-11,356.5,363.75,350.3125,358.29998779296875,304.8353576660156,540940.0,DIVISLAB.NS
2008-04-15,351.26251220703125,364.25,350.2749938964844,361.63751220703125,307.67486572265625,438772.0,DIVISLAB.NS
2008-04-16,362.5,368.75,345.0375061035156,347.2749938964844,295.4554748535156,327380.0,DIVISLAB.NS
2008-04-17,350.0,360.9750061035156,342.51251220703125,345.04998779296875,293.56243896484375,647108.0,DIVISLAB.NS
2008-04-21,360.0,360.0,346.38751220703125,350.7250061035156,298.39068603515625,250196.0,DIVISLAB.NS
2008-04-22,350.0,356.0,349.2875061035156,350.5249938964844,298.22052001953125,205956.0,DIVISLAB.NS
2008-04-23,349.5,367.375,349.5,358.67498779296875,305.15435791015625,712720.0,DIVISLAB.NS
2008-04-24,363.7250061035156,363.75,343.4375,346.5375061035156,294.8280029296875,436300.0,DIVISLAB.NS
2008-04-25,347.5,357.5,346.75,351.2749938964844,298.858642578125,230188.0,DIVISLAB.NS
2008-04-28,352.4750061035156,358.5,348.2875061035156,353.26251220703125,300.54949951171875,239036.0,DIVISLAB.NS
2008-04-29,352.75,358.0,350.5,355.2875061035156,302.2723693847656,210480.0,DIVISLAB.NS
2008-04-30,357.5,381.0,356.25,375.45001220703125,319.42626953125,1687428.0,DIVISLAB.NS
2008-05-02,382.0,387.5,377.5,380.2124938964844,323.4781188964844,863604.0,DIVISLAB.NS
2008-05-05,381.25,387.25,373.04998779296875,375.20001220703125,319.2135925292969,449920.0,DIVISLAB.NS
2008-05-06,375.25,379.45001220703125,350.0,356.0375061035156,302.91046142578125,745472.0,DIVISLAB.NS
2008-05-07,360.0,368.6000061035156,355.0249938964844,363.6625061035156,309.3976745605469,657408.0,DIVISLAB.NS
2008-05-08,355.3374938964844,366.25,355.3374938964844,361.0375061035156,307.1643371582031,242364.0,DIVISLAB.NS
2008-05-09,358.0,361.0,337.7749938964844,343.3500061035156,292.1162109375,553568.0,DIVISLAB.NS
2008-05-12,342.5,350.0,326.38751220703125,347.9624938964844,296.0403747558594,386464.0,DIVISLAB.NS
2008-05-13,352.45001220703125,362.0,341.25,345.3500061035156,293.8176574707031,496812.0,DIVISLAB.NS
2008-05-14,341.25,362.3125,340.0,356.3374938964844,303.1656799316406,585416.0,DIVISLAB.NS
2008-05-15,362.29998779296875,369.75,354.2749938964844,367.3500061035156,312.5349426269531,421672.0,DIVISLAB.NS
2008-05-16,368.75,370.875,358.8374938964844,361.61248779296875,307.653564453125,389124.0,DIVISLAB.NS
2008-05-20,362.5,363.7250061035156,350.0,352.1000061035156,299.56048583984375,318856.0,DIVISLAB.NS
2008-05-21,350.25,365.0,346.38751220703125,362.3125,308.2491149902344,316572.0,DIVISLAB.NS
2008-05-22,360.0,371.0,349.875,365.36248779296875,310.843994140625,492300.0,DIVISLAB.NS
2008-05-23,364.1499938964844,373.75,352.5,355.51251220703125,302.4637756347656,379340.0,DIVISLAB.NS
2008-05-26,355.75,357.5,347.5,352.01251220703125,299.486083984375,330180.0,DIVISLAB.NS
2008-05-27,357.5,359.2250061035156,342.57501220703125,348.3374938964844,296.35943603515625,294676.0,DIVISLAB.NS
2008-05-28,353.75,353.75,342.20001220703125,349.42498779296875,297.2845764160156,285480.0,DIVISLAB.NS
2008-05-29,352.5,360.25,351.25,355.1875,302.1872863769531,748964.0,DIVISLAB.NS
2008-05-30,356.25,373.7749938964844,356.25,370.36248779296875,315.097900390625,945344.0,DIVISLAB.NS
2008-06-02,371.5,382.25,368.0,376.92498779296875,320.68109130859375,843988.0,DIVISLAB.NS
2008-06-03,375.0,390.70001220703125,367.51251220703125,387.54998779296875,329.7207336425781,836280.0,DIVISLAB.NS
2008-06-04,389.25,393.42498779296875,355.51251220703125,360.2875061035156,306.5262451171875,859940.0,DIVISLAB.NS
2008-06-05,360.25,385.0,358.8374938964844,381.1000061035156,324.2331237792969,747956.0,DIVISLAB.NS
2008-06-06,387.5,390.0,370.0,373.13751220703125,317.4588317871094,770472.0,DIVISLAB.NS
2008-06-09,344.75,366.0,337.75,363.2875061035156,309.07861328125,861300.0,DIVISLAB.NS
2008-06-10,357.5,384.5,351.25,381.3125,324.4139709472656,876000.0,DIVISLAB.NS
2008-06-11,384.5,388.75,369.0,373.5,317.7672119140625,677364.0,DIVISLAB.NS
2008-06-12,372.3374938964844,383.67498779296875,362.5,379.82501220703125,323.1484680175781,1235000.0,DIVISLAB.NS
2008-06-13,380.25,387.25,377.25,379.3374938964844,322.73370361328125,374528.0,DIVISLAB.NS
2008-06-16,382.5,386.25,375.0625,377.13751220703125,320.8619689941406,266284.0,DIVISLAB.NS
2008-06-17,381.29998779296875,401.23748779296875,376.75,399.11248779296875,339.5579528808594,1062236.0,DIVISLAB.NS
2008-06-18,405.0,408.67498779296875,385.75,388.88751220703125,330.858642578125,1106740.0,DIVISLAB.NS
2008-06-19,384.8999938964844,393.7250061035156,377.0,379.07501220703125,322.5103759765625,569752.0,DIVISLAB.NS
2008-06-20,380.0,386.25,358.875,363.0625,308.8871154785156,572616.0,DIVISLAB.NS
2008-06-23,351.25,362.25,347.7749938964844,349.3125,297.18896484375,433164.0,DIVISLAB.NS
2008-06-24,352.0,356.75,337.5249938964844,339.3374938964844,288.7023620605469,526140.0,DIVISLAB.NS
2008-06-25,337.4750061035156,370.25,330.0625,356.9624938964844,303.69744873046875,397268.0,DIVISLAB.NS
2008-06-26,362.25,371.25,345.29998779296875,348.73748779296875,297.53326416015625,1338660.0,DIVISLAB.NS
2008-06-27,338.0,347.73748779296875,332.5,334.9125061035156,285.7381286621094,391264.0,DIVISLAB.NS
2008-06-30,335.5,342.0249938964844,325.25,334.2124938964844,285.140869140625,531528.0,DIVISLAB.NS
2008-07-01,338.0,341.0,321.2749938964844,327.0874938964844,279.0621032714844,405052.0,DIVISLAB.NS
2008-07-02,329.75,338.75,311.25,336.29998779296875,286.92193603515625,507564.0,DIVISLAB.NS
2008-07-03,335.0,335.0,317.875,329.3125,280.9603576660156,348268.0,DIVISLAB.NS
2008-07-04,337.5,339.25,320.75,336.1875,286.825927734375,288792.0,DIVISLAB.NS
2008-07-07,341.25,351.2250061035156,338.04998779296875,340.3374938964844,290.3666076660156,150080.0,DIVISLAB.NS
2008-07-08,347.75,347.75,326.5,335.42498779296875,286.1754455566406,178644.0,DIVISLAB.NS
2008-07-09,340.5249938964844,349.375,337.5,342.26251220703125,292.0090026855469,271224.0,DIVISLAB.NS
2008-07-10,342.25,349.98748779296875,340.0249938964844,343.36248779296875,292.94744873046875,205336.0,DIVISLAB.NS
2008-07-11,330.3999938964844,347.0,330.3999938964844,333.5,284.5330505371094,140124.0,DIVISLAB.NS
2008-07-14,333.0,342.0,326.3125,333.3374938964844,284.3944396972656,249344.0,DIVISLAB.NS
2008-07-15,328.75,335.25,316.25,318.75,271.9487609863281,200868.0,DIVISLAB.NS
2008-07-16,317.5,328.5,312.8125,324.88751220703125,277.1851806640625,474164.0,DIVISLAB.NS
2008-07-17,334.92498779296875,336.25,327.5,331.42498779296875,282.7626953125,212552.0,DIVISLAB.NS
2008-07-18,335.01251220703125,335.01251220703125,320.3374938964844,329.25,280.9071044921875,224184.0,DIVISLAB.NS
2008-07-21,330.0,342.17498779296875,325.5,339.0874938964844,289.3002014160156,271768.0,DIVISLAB.NS
2008-07-22,340.0,347.6875,339.54998779296875,343.1499938964844,292.76617431640625,194932.0,DIVISLAB.NS
2008-07-23,349.25,363.3500061035156,349.25,357.88751220703125,305.33978271484375,290188.0,DIVISLAB.NS
2008-07-24,360.98748779296875,362.5,342.79998779296875,346.9750061035156,296.02960205078125,198608.0,DIVISLAB.NS
2008-07-25,341.25,357.25,340.0,349.3374938964844,298.0451354980469,184236.0,DIVISLAB.NS
2008-07-28,352.5625,354.5,347.75,350.7749938964844,299.2715759277344,152156.0,DIVISLAB.NS
2008-07-29,347.0,352.0,338.88751220703125,346.48748779296875,295.6136169433594,299504.0,DIVISLAB.NS
2008-07-30,350.0,358.0,347.5874938964844,349.6625061035156,298.32244873046875,315588.0,DIVISLAB.NS
2008-07-31,357.25,357.25,346.5,351.26251220703125,299.6875,632856.0,DIVISLAB.NS
2008-08-01,352.25,357.4750061035156,345.2749938964844,350.8374938964844,299.3248596191406,414176.0,DIVISLAB.NS
2008-08-04,354.5,368.75,347.75,367.2124938964844,313.2955627441406,612596.0,DIVISLAB.NS
2008-08-05,362.5,374.95001220703125,360.0,362.375,309.16839599609375,493456.0,DIVISLAB.NS
2008-08-06,371.25,371.25,357.01251220703125,359.8500061035156,307.01416015625,351016.0,DIVISLAB.NS
2008-08-07,352.7749938964844,373.125,352.5,364.51251220703125,310.9920959472656,1407768.0,DIVISLAB.NS
2008-08-08,361.9375,381.20001220703125,361.9375,377.9125061035156,322.4245910644531,554424.0,DIVISLAB.NS
2008-08-11,386.25,392.5,377.75,380.5625,324.6854553222656,363200.0,DIVISLAB.NS
2008-08-12,381.25,386.25,372.5,383.6875,327.3516845703125,470020.0,DIVISLAB.NS
2008-08-13,382.375,403.5,380.0,398.9125061035156,340.3412170410156,819188.0,DIVISLAB.NS
2008-08-14,396.25,401.25,380.0,382.5874938964844,326.41314697265625,447948.0,DIVISLAB.NS
2008-08-18,378.75,389.5,377.5874938964844,381.92498779296875,325.847900390625,192364.0,DIVISLAB.NS
2008-08-19,379.0,387.48748779296875,375.375,383.9125061035156,327.5436096191406,677404.0,DIVISLAB.NS
2008-08-20,384.75,393.0,384.75,388.75,331.67083740234375,320644.0,DIVISLAB.NS
2008-08-21,383.7749938964844,388.6875,373.75,376.82501220703125,321.49676513671875,268324.0,DIVISLAB.NS
2008-08-22,393.13751220703125,393.13751220703125,365.2749938964844,372.61248779296875,317.9027404785156,593468.0,DIVISLAB.NS
2008-08-25,375.0,376.75,361.875,368.01251220703125,313.9781494140625,598648.0,DIVISLAB.NS
2008-08-26,362.75,368.25,357.6000061035156,364.4125061035156,310.90673828125,267844.0,DIVISLAB.NS
2008-08-27,364.625,371.0,361.7749938964844,364.1000061035156,310.64013671875,208712.0,DIVISLAB.NS
2008-08-28,367.23748779296875,369.625,360.0,362.5625,309.32830810546875,326496.0,DIVISLAB.NS
2008-08-29,372.5,384.9624938964844,366.5,381.61248779296875,325.581298828125,295956.0,DIVISLAB.NS
2008-09-01,381.23748779296875,389.375,376.25,386.4375,329.6978759765625,309140.0,DIVISLAB.NS
2008-09-02,387.0,391.5,384.2124938964844,386.6625061035156,329.8898010253906,347192.0,DIVISLAB.NS
2008-09-04,387.0,396.25,382.5874938964844,385.76251220703125,329.12200927734375,383400.0,DIVISLAB.NS
2008-09-05,375.75,393.75,375.75,380.01251220703125,324.2162780761719,495520.0,DIVISLAB.NS
2008-09-08,392.25,392.5,370.0,373.51251220703125,318.67059326171875,422020.0,DIVISLAB.NS
2008-09-09,377.5,399.20001220703125,365.2749938964844,371.4624938964844,316.9216003417969,196272.0,DIVISLAB.NS
2008-09-10,374.75,379.25,370.1000061035156,374.125,319.1932067871094,178612.0,DIVISLAB.NS
2008-09-11,373.79998779296875,378.5,364.25,366.48748779296875,312.6770935058594,221416.0,DIVISLAB.NS
2008-09-12,368.7749938964844,371.36248779296875,358.0,360.42498779296875,307.5047607421875,141176.0,DIVISLAB.NS
2008-09-15,357.5249938964844,357.5249938964844,336.2875061035156,347.98748779296875,296.8933410644531,348396.0,DIVISLAB.NS
2008-09-16,338.0,347.75,330.0,343.20001220703125,292.8088684082031,504500.0,DIVISLAB.NS
2008-09-17,339.75,346.0249938964844,334.1875,335.3500061035156,286.11138916015625,255028.0,DIVISLAB.NS
2008-09-18,327.25,347.0,307.25,342.98748779296875,292.6275329589844,436740.0,DIVISLAB.NS
2008-09-19,349.2250061035156,363.75,346.0625,361.1499938964844,308.123291015625,297468.0,DIVISLAB.NS
2008-09-22,362.5249938964844,362.75,350.76251220703125,353.8500061035156,301.8951110839844,130824.0,DIVISLAB.NS
2008-09-23,354.25,354.25,347.5249938964844,350.88751220703125,299.3675842285156,90116.0,DIVISLAB.NS
2008-09-24,351.98748779296875,355.9750061035156,340.88751220703125,347.20001220703125,296.2215270996094,9068476.0,DIVISLAB.NS
2008-09-25,346.25,355.0,342.125,347.1625061035156,296.1894836425781,585212.0,DIVISLAB.NS
2008-09-26,347.98748779296875,348.0,336.0,337.54998779296875,287.9883728027344,239692.0,DIVISLAB.NS
2008-09-29,332.5,337.5,307.0,324.8999938964844,277.19573974609375,679744.0,DIVISLAB.NS
2008-09-30,312.5,342.5,308.79998779296875,333.79998779296875,284.78900146484375,820412.0,DIVISLAB.NS
2008-10-01,335.0,338.75,320.6625061035156,324.0249938964844,276.4492492675781,279432.0,DIVISLAB.NS
2008-10-03,320.0,326.0,306.5,309.0249938964844,263.651611328125,407524.0,DIVISLAB.NS
2008-10-06,300.3125,306.5,284.0874938964844,288.9624938964844,246.53494262695312,490516.0,DIVISLAB.NS
2008-10-07,300.0,312.20001220703125,280.0,301.2875061035156,257.0502624511719,675784.0,DIVISLAB.NS
2008-10-08,294.0249938964844,294.0249938964844,275.0,291.76251220703125,248.92376708984375,511816.0,DIVISLAB.NS
2008-10-10,275.0,277.75,243.75,268.38751220703125,228.98085021972656,677156.0,DIVISLAB.NS
2008-10-13,267.5,295.125,267.5,291.45001220703125,248.65713500976562,245948.0,DIVISLAB.NS
2008-10-14,300.0,308.4375,300.0,301.13751220703125,256.9222717285156,308916.0,DIVISLAB.NS
2008-10-15,291.29998779296875,297.5,268.75,275.4624938964844,235.01705932617188,296032.0,DIVISLAB.NS
2008-10-16,266.7250061035156,284.9750061035156,253.75,276.8374938964844,236.19012451171875,280984.0,DIVISLAB.NS
2008-10-17,280.0,286.25,252.78750610351562,259.1499938964844,221.09967041015625,204664.0,DIVISLAB.NS
2008-10-20,260.0,262.4750061035156,235.0,246.5749969482422,210.3710479736328,453208.0,DIVISLAB.NS
2008-10-21,250.0,284.70001220703125,250.0,276.5625,235.95547485351562,369844.0,DIVISLAB.NS
2008-10-22,263.1499938964844,279.25,262.5249938964844,274.6000061035156,234.28115844726562,127036.0,DIVISLAB.NS
2008-10-23,263.61248779296875,285.0,256.25,265.88751220703125,226.84791564941406,254124.0,DIVISLAB.NS
2008-10-24,260.5,268.75,245.0,247.9375,211.53346252441406,390928.0,DIVISLAB.NS
2008-10-27,246.27499389648438,253.75,223.5124969482422,233.9499969482422,199.59970092773438,521104.0,DIVISLAB.NS
2008-10-29,256.25,262.4750061035156,240.75,243.7624969482422,207.97146606445312,407980.0,DIVISLAB.NS
2008-10-31,252.47500610351562,285.0,252.47500610351562,276.42498779296875,235.83822631835938,716136.0,DIVISLAB.NS
2008-11-03,280.2749938964844,312.48748779296875,277.5,306.8125,261.76397705078125,589908.0,DIVISLAB.NS
2008-11-04,308.75,319.75,296.25,308.5249938964844,263.2250671386719,617764.0,DIVISLAB.NS
2008-11-05,311.0,317.6000061035156,300.2749938964844,314.88751220703125,268.6534118652344,1236528.0,DIVISLAB.NS
2008-11-06,307.25,315.0,292.5,310.6875,265.0700378417969,505108.0,DIVISLAB.NS
2008-11-07,312.25,323.75,301.25,313.73748779296875,267.6722106933594,170064.0,DIVISLAB.NS
2008-11-10,323.67498779296875,323.75,308.75,314.23748779296875,268.0987854003906,208112.0,DIVISLAB.NS
2008-11-11,306.25,313.73748779296875,296.75,299.2250061035156,255.29051208496094,214488.0,DIVISLAB.NS
2008-11-12,287.5,301.25,287.5,298.4624938964844,254.6399688720703,369384.0,DIVISLAB.NS
2008-11-14,302.5,309.9750061035156,295.07501220703125,300.3125,256.2183837890625,251916.0,DIVISLAB.NS
2008-11-17,295.0,306.86248779296875,290.0,303.0874938964844,258.5859069824219,218144.0,DIVISLAB.NS
2008-11-18,295.0,303.42498779296875,290.5,298.8999938964844,255.01329040527344,132276.0,DIVISLAB.NS
2008-11-19,298.75,306.75,291.3125,296.9624938964844,253.3602294921875,589448.0,DIVISLAB.NS
2008-11-20,287.5,291.25,280.0,286.17498779296875,244.15667724609375,340708.0,DIVISLAB.NS
2008-11-21,300.25,300.25,280.0,288.6000061035156,246.22561645507812,975688.0,DIVISLAB.NS
2008-11-24,280.0,293.5,280.0,285.01251220703125,243.16485595703125,123084.0,DIVISLAB.NS
2008-11-25,286.25,293.5,276.26251220703125,279.2250061035156,238.22711181640625,180684.0,DIVISLAB.NS
2008-11-26,282.4750061035156,298.9750061035156,271.375,294.32501220703125,251.1100616455078,316032.0,DIVISLAB.NS
2008-11-27,294.32501220703125,294.32501220703125,294.32501220703125,294.32501220703125,251.1100616455078,0.0,DIVISLAB.NS
2008-11-28,288.0,310.75,287.25,306.61248779296875,261.5933532714844,442988.0,DIVISLAB.NS
2008-12-01,282.5625,312.25,282.5625,296.375,252.85897827148438,226936.0,DIVISLAB.NS
2008-12-02,289.04998779296875,293.75,284.01251220703125,287.04998779296875,244.90310668945312,159964.0,DIVISLAB.NS
2008-12-03,296.0,297.20001220703125,277.0,284.79998779296875,242.9834747314453,198928.0,DIVISLAB.NS
2008-12-04,285.25,298.73748779296875,281.25,296.1499938964844,252.6670379638672,208500.0,DIVISLAB.NS
2008-12-05,296.25,307.5,294.2749938964844,306.5,261.4974060058594,443532.0,DIVISLAB.NS
2008-12-08,309.75,312.48748779296875,304.3125,306.5249938964844,261.51873779296875,272092.0,DIVISLAB.NS
2008-12-10,310.0,311.20001220703125,305.25,310.13751220703125,264.60076904296875,264036.0,DIVISLAB.NS
2008-12-11,310.4750061035156,316.04998779296875,307.25,312.6000061035156,266.70172119140625,331188.0,DIVISLAB.NS
2008-12-12,311.25,311.25,302.51251220703125,305.98748779296875,261.0601501464844,120708.0,DIVISLAB.NS
2008-12-15,307.25,321.2250061035156,307.25,316.8999938964844,270.37042236328125,703136.0,DIVISLAB.NS
2008-12-16,314.98748779296875,331.2250061035156,314.98748779296875,326.2124938964844,278.3155517578125,458056.0,DIVISLAB.NS
2008-12-17,326.5,336.75,320.51251220703125,326.75,278.7740783691406,327176.0,DIVISLAB.NS
2008-12-18,325.0,333.25,325.0,327.5625,279.4672546386719,187552.0,DIVISLAB.NS
2008-12-19,327.5,336.2250061035156,325.26251220703125,328.3500061035156,280.1391906738281,190804.0,DIVISLAB.NS
2008-12-22,331.0,331.0,321.0,324.125,276.53460693359375,128516.0,DIVISLAB.NS
2008-12-23,327.23748779296875,327.45001220703125,317.7749938964844,323.17498779296875,275.72393798828125,133584.0,DIVISLAB.NS
2008-12-24,317.5,327.25,313.25,322.6625061035156,275.2867431640625,255400.0,DIVISLAB.NS
2008-12-26,321.25,328.75,317.5,321.0874938964844,273.9430236816406,346660.0,DIVISLAB.NS
2008-12-29,323.25,329.25,317.51251220703125,325.9125061035156,278.0596008300781,250892.0,DIVISLAB.NS
2008-12-30,328.25,335.0,321.5375061035156,332.3374938964844,283.5411376953125,307708.0,DIVISLAB.NS
2008-12-31,332.75,337.5,326.25,333.8125,284.7996520996094,376384.0,DIVISLAB.NS
2009-01-02,336.0249938964844,342.0,331.54998779296875,335.63751220703125,286.3567199707031,232092.0,DIVISLAB.NS
2009-01-05,334.63751220703125,338.8500061035156,331.51251220703125,333.6000061035156,284.6184387207031,219992.0,DIVISLAB.NS
2009-01-06,330.0,338.75,308.9624938964844,331.13751220703125,282.5174255371094,123068.0,DIVISLAB.NS
2009-01-07,329.5,339.98748779296875,315.0,322.04998779296875,274.7641906738281,375000.0,DIVISLAB.NS
2009-01-09,312.5,325.5,299.98748779296875,310.4375,264.8567810058594,330996.0,DIVISLAB.NS
2009-01-12,291.98748779296875,310.2250061035156,289.5,292.1499938964844,249.25430297851562,611836.0,DIVISLAB.NS
2009-01-13,292.8125,296.25,275.5,279.3999938964844,238.37637329101562,967840.0,DIVISLAB.NS
2009-01-14,265.25,294.48748779296875,265.25,291.8125,248.9663848876953,709332.0,DIVISLAB.NS
2009-01-15,276.5,286.20001220703125,276.5,282.32501220703125,240.87196350097656,333940.0,DIVISLAB.NS
2009-01-16,276.3999938964844,288.0,276.3999938964844,284.0625,242.3543243408203,305792.0,DIVISLAB.NS
2009-01-19,285.0,286.75,270.63751220703125,277.57501220703125,236.81939697265625,688004.0,DIVISLAB.NS
2009-01-20,266.6625061035156,275.0,265.0,267.2250061035156,227.98904418945312,518276.0,DIVISLAB.NS
2009-01-21,238.9875030517578,265.0,223.75,230.0625,196.2830047607422,2098524.0,DIVISLAB.NS
2009-01-22,237.4250030517578,250.0,211.25,246.3125,210.14706420898438,5000804.0,DIVISLAB.NS
2009-01-23,242.02499389648438,248.75,227.5124969482422,232.66250610351562,198.50125122070312,2037332.0,DIVISLAB.NS
2009-01-27,232.5,232.5,203.0625,212.6750030517578,181.44847106933594,3612432.0,DIVISLAB.NS
2009-01-28,212.5,230.47500610351562,198.25,217.89999389648438,185.90628051757812,7394512.0,DIVISLAB.NS
2009-01-29,221.25,224.5,211.53750610351562,217.4375,185.51173400878906,2598284.0,DIVISLAB.NS
2009-01-30,212.5,224.3625030517578,212.5,221.1999969482422,188.72177124023438,1222956.0,DIVISLAB.NS
2009-02-02,218.75,222.97500610351562,214.3625030517578,215.53750610351562,183.89065551757812,413472.0,DIVISLAB.NS
2009-02-03,216.25,221.72500610351562,212.52499389648438,219.3000030517578,187.1007537841797,419832.0,DIVISLAB.NS
2009-02-04,212.5,224.02499389648438,208.0,212.5,181.2991485595703,393888.0,DIVISLAB.NS
2009-02-05,214.75,214.75,198.75,204.0,174.04718017578125,1153292.0,DIVISLAB.NS
2009-02-06,207.47500610351562,213.75,203.75,205.33749389648438,175.1882781982422,1644104.0,DIVISLAB.NS
2009-02-09,212.0,218.7375030517578,205.0124969482422,216.96249389648438,185.10646057128906,773936.0,DIVISLAB.NS
2009-02-10,217.25,230.25,217.25,227.5625,194.15008544921875,778088.0,DIVISLAB.NS
2009-02-11,224.97500610351562,236.0,220.25,230.1999969482422,196.40036010742188,1120576.0,DIVISLAB.NS
2009-02-12,225.0,238.25,225.0,236.35000610351562,201.64735412597656,1129964.0,DIVISLAB.NS
2009-02-13,238.75,240.5,233.02499389648438,235.25,200.70884704589844,459876.0,DIVISLAB.NS
2009-02-16,230.0124969482422,241.25,227.5,236.5,201.77529907226562,427784.0,DIVISLAB.NS
2009-02-17,235.0,235.0,219.0625,221.33749389648438,188.83908081054688,566320.0,DIVISLAB.NS
2009-02-18,218.25,225.9499969482422,212.5,216.9250030517578,185.074462890625,575812.0,DIVISLAB.NS
2009-02-19,217.5,219.9250030517578,205.3125,207.2375030517578,176.80931091308594,796584.0,DIVISLAB.NS
2009-02-20,206.9375,211.25,201.8125,205.75,175.54025268554688,1198516.0,DIVISLAB.NS
2009-02-24,200.3125,205.71249389648438,198.25,202.3000030517578,172.5968017578125,576268.0,DIVISLAB.NS
2009-02-25,206.25,208.16250610351562,202.5,204.5749969482422,174.53778076171875,491176.0,DIVISLAB.NS
2009-02-26,205.75,211.4875030517578,201.85000610351562,208.5625,177.93978881835938,1290056.0,DIVISLAB.NS
2009-02-27,208.75,220.0,208.75,217.10000610351562,185.2237548828125,984924.0,DIVISLAB.NS
2009-03-02,214.97500610351562,218.25,208.75,212.41250610351562,181.22451782226562,596088.0,DIVISLAB.NS
2009-03-03,210.75,214.47500610351562,206.27499389648438,208.0124969482422,177.47056579589844,430372.0,DIVISLAB.NS
2009-03-04,207.5,214.2375030517578,205.625,212.6999969482422,181.46981811523438,491792.0,DIVISLAB.NS
2009-03-05,214.5,218.6999969482422,203.5,204.5749969482422,174.53778076171875,448796.0,DIVISLAB.NS
2009-03-06,203.75,206.2375030517578,191.25,201.58749389648438,171.98895263671875,986608.0,DIVISLAB.NS
2009-03-09,202.375,213.125,197.5,211.0,180.01939392089844,2137004.0,DIVISLAB.NS
2009-03-12,212.5,218.75,208.8125,217.6999969482422,185.7356719970703,529032.0,DIVISLAB.NS
2009-03-13,220.0,223.41250610351562,215.3249969482422,217.0124969482422,185.1491241455078,739924.0,DIVISLAB.NS
2009-03-16,222.5,223.97500610351562,217.875,221.3000030517578,188.80711364746094,475528.0,DIVISLAB.NS
2009-03-17,221.1875,229.625,219.5,224.8000030517578,191.79318237304688,658336.0,DIVISLAB.NS
2009-03-18,226.25,234.25,226.25,228.2624969482422,194.74729919433594,670704.0,DIVISLAB.NS
2009-03-19,228.77499389648438,231.27499389648438,223.25,229.72500610351562,195.99505615234375,418592.0,DIVISLAB.NS
2009-03-20,229.5,234.0,227.5,230.3125,196.4962921142578,278964.0,DIVISLAB.NS
2009-03-23,231.27499389648438,236.125,231.25,233.5500030517578,199.25843811035156,448756.0,DIVISLAB.NS
2009-03-24,235.6999969482422,238.625,224.77499389648438,227.66250610351562,194.23538208007812,380368.0,DIVISLAB.NS
2009-03-25,227.35000610351562,228.6999969482422,219.03750610351562,221.41250610351562,188.903076171875,461804.0,DIVISLAB.NS
2009-03-26,223.0,236.25,221.75,230.47500610351562,196.63494873046875,952044.0,DIVISLAB.NS
2009-03-27,232.47500610351562,240.4875030517578,230.25,239.28750610351562,204.15354919433594,537156.0,DIVISLAB.NS
2009-03-30,239.4875030517578,239.4875030517578,230.3125,234.8000030517578,200.32492065429688,694900.0,DIVISLAB.NS
2009-03-31,233.75,243.75,231.25,236.0749969482422,201.41268920898438,836764.0,DIVISLAB.NS
2009-04-01,239.46249389648438,242.75,232.25,235.91250610351562,201.27406311035156,290360.0,DIVISLAB.NS
2009-04-02,238.125,247.75,188.75,233.1750030517578,198.9385223388672,916884.0,DIVISLAB.NS
2009-04-06,237.75,243.75,229.27499389648438,230.10000610351562,196.3150177001953,670888.0,DIVISLAB.NS
2009-04-08,227.0,233.5,222.02499389648438,231.6125030517578,197.6054229736328,765228.0,DIVISLAB.NS
2009-04-09,233.77499389648438,236.14999389648438,226.25,229.3874969482422,195.7071075439453,934492.0,DIVISLAB.NS
2009-04-13,232.25,234.1750030517578,226.75,229.4499969482422,195.7604522705078,409600.0,DIVISLAB.NS
2009-04-15,227.4250030517578,241.25,225.27499389648438,237.02499389648438,202.22325134277344,875552.0,DIVISLAB.NS
2009-04-16,240.0,252.25,231.2624969482422,234.53750610351562,200.10096740722656,1592460.0,DIVISLAB.NS
2009-04-17,235.5,241.25,230.1374969482422,232.9875030517578,198.77853393554688,845496.0,DIVISLAB.NS
2009-04-20,235.0,236.10000610351562,226.75,228.125,194.6299591064453,596008.0,DIVISLAB.NS
2009-04-21,220.0,227.25,218.25,224.64999389648438,191.66522216796875,568392.0,DIVISLAB.NS
2009-04-22,225.0,231.75,220.78750610351562,224.66250610351562,191.67587280273438,559484.0,DIVISLAB.NS
2009-04-23,224.72500610351562,228.4875030517578,221.89999389648438,226.8625030517578,193.5528564453125,213480.0,DIVISLAB.NS
2009-04-24,228.25,229.625,223.25,224.9875030517578,191.95314025878906,264100.0,DIVISLAB.NS
2009-04-27,225.0,231.35000610351562,217.5,218.60000610351562,186.5035400390625,684836.0,DIVISLAB.NS
2009-04-28,219.25,219.25,210.0749969482422,211.64999389648438,180.57398986816406,430720.0,DIVISLAB.NS
2009-04-29,215.0,217.1999969482422,208.8125,213.5,182.15234375,927736.0,DIVISLAB.NS
2009-04-30,213.25,213.25,213.25,213.25,181.93902587890625,0.0,DIVISLAB.NS
2009-05-04,216.25,225.75,216.25,223.0625,190.31077575683594,1800576.0,DIVISLAB.NS
2009-05-05,225.03750610351562,233.6999969482422,225.0,229.10000610351562,195.4618377685547,724300.0,DIVISLAB.NS
2009-05-06,230.0,232.5,216.5500030517578,220.0124969482422,187.70864868164062,725288.0,DIVISLAB.NS
2009-05-07,223.75,239.5,221.25,238.4875030517578,203.4709930419922,1319740.0,DIVISLAB.NS
2009-05-08,238.75,244.75,230.02499389648438,235.4250030517578,200.85816955566406,1244280.0,DIVISLAB.NS
2009-05-11,237.5,239.25,225.25,231.71249389648438,197.6907196044922,441980.0,DIVISLAB.NS
2009-05-12,231.25,237.1999969482422,227.5625,235.0500030517578,200.53823852539062,397256.0,DIVISLAB.NS
2009-05-13,236.0,239.25,228.0500030517578,231.5500030517578,197.55213928222656,283048.0,DIVISLAB.NS
2009-05-14,225.5,232.5,222.8125,230.28750610351562,196.47496032714844,420108.0,DIVISLAB.NS
2009-05-15,230.28750610351562,236.85000610351562,229.0625,230.7624969482422,196.88021850585938,755980.0,DIVISLAB.NS
2009-05-18,253.71249389648438,265.25,253.71249389648438,259.875,221.71823120117188,5432.0,DIVISLAB.NS
2009-05-19,262.5,267.5,228.8874969482422,255.39999389648438,217.90028381347656,962836.0,DIVISLAB.NS
2009-05-20,252.5,279.0,252.5,275.45001220703125,235.00640869140625,921228.0,DIVISLAB.NS
2009-05-21,262.5249938964844,293.7250061035156,262.5249938964844,289.2124938964844,246.74818420410156,1049612.0,DIVISLAB.NS
2009-05-22,290.0,297.25,283.79998779296875,289.9375,247.36666870117188,504020.0,DIVISLAB.NS
2009-05-25,288.29998779296875,293.75,281.5,286.0,244.00732421875,363784.0,DIVISLAB.NS
2009-05-26,286.0,287.75,273.0,280.8500061035156,239.613525390625,279432.0,DIVISLAB.NS
2009-05-27,281.25,291.0,272.5625,287.04998779296875,244.90310668945312,380760.0,DIVISLAB.NS
2009-05-28,289.75,301.2250061035156,284.07501220703125,288.1000061035156,245.7990264892578,1034160.0,DIVISLAB.NS
2009-05-29,293.75,294.75,282.82501220703125,287.73748779296875,245.48973083496094,393724.0,DIVISLAB.NS
2009-06-01,295.0,296.17498779296875,270.25,283.125,241.55445861816406,370180.0,DIVISLAB.NS
2009-06-02,285.5,288.1499938964844,276.5,280.7124938964844,239.4961700439453,174864.0,DIVISLAB.NS
2009-06-03,278.5,293.0,278.0,283.70001220703125,242.04505920410156,809072.0,DIVISLAB.NS
2009-06-04,291.0,307.5,284.0,303.54998779296875,258.98046875,1581688.0,DIVISLAB.NS
2009-06-05,307.5,317.375,288.0625,297.7875061035156,254.06411743164062,1030392.0,DIVISLAB.NS
2009-06-08,311.20001220703125,324.75,290.5,297.25,253.6055450439453,1370140.0,DIVISLAB.NS
2009-06-09,297.5,308.7250061035156,288.0249938964844,298.5874938964844,254.74667358398438,688180.0,DIVISLAB.NS
2009-06-10,303.0249938964844,313.75,298.625,303.6000061035156,259.0231628417969,610916.0,DIVISLAB.NS
2009-06-11,300.0249938964844,308.75,300.0249938964844,302.125,257.7647399902344,322464.0,DIVISLAB.NS
2009-06-12,307.0,310.42498779296875,291.625,294.11248779296875,250.9287109375,300036.0,DIVISLAB.NS
2009-06-15,297.0,303.7124938964844,277.5,280.1499938964844,240.24154663085938,337728.0,DIVISLAB.NS
2009-06-16,279.25,286.23748779296875,276.5,284.7250061035156,244.1648406982422,244164.0,DIVISLAB.NS
2009-06-17,285.0,287.375,271.0,274.2250061035156,235.1605682373047,245464.0,DIVISLAB.NS
2009-06-18,277.48748779296875,277.48748779296875,264.0,266.88751220703125,228.86834716796875,321780.0,DIVISLAB.NS
2009-06-19,272.5,279.75,267.75,276.6000061035156,237.197265625,302376.0,DIVISLAB.NS
2009-06-22,282.5,286.0,264.0,265.0874938964844,227.32473754882812,213180.0,DIVISLAB.NS
2009-06-23,261.25,268.75,255.0,267.61248779296875,229.4900665283203,225528.0,DIVISLAB.NS
2009-06-24,265.0,274.5,265.0,272.2250061035156,233.44549560546875,147500.0,DIVISLAB.NS
2009-06-25,275.0,286.4750061035156,273.75,279.04998779296875,239.29823303222656,609080.0,DIVISLAB.NS
2009-06-26,270.5375061035156,292.92498779296875,270.5375061035156,287.29998779296875,246.3730010986328,829124.0,DIVISLAB.NS
2009-06-29,287.5,297.5,287.5,290.67498779296875,249.26722717285156,375808.0,DIVISLAB.NS
2009-06-30,291.2875061035156,294.70001220703125,276.5249938964844,278.48748779296875,238.8158721923828,239028.0,DIVISLAB.NS
2009-07-01,277.75,285.875,270.0,279.32501220703125,239.53407287597656,364188.0,DIVISLAB.NS
2009-07-02,283.0,296.0,275.6499938964844,281.7749938964844,241.63510131835938,185196.0,DIVISLAB.NS
2009-07-03,280.0,283.7250061035156,276.75,280.6625061035156,240.68101501464844,160844.0,DIVISLAB.NS
2009-07-06,280.5,282.4750061035156,268.75,272.01251220703125,233.26329040527344,350024.0,DIVISLAB.NS
2009-07-07,272.5,273.4125061035156,264.5375061035156,268.54998779296875,230.2939910888672,232016.0,DIVISLAB.NS
2009-07-08,273.5,273.5,255.0749969482422,256.7875061035156,220.2071075439453,165320.0,DIVISLAB.NS
2009-07-09,256.25,257.9750061035156,252.75,254.72500610351562,218.43841552734375,289764.0,DIVISLAB.NS
2009-07-10,253.39999389648438,257.45001220703125,248.25,249.8125,214.22572326660156,219960.0,DIVISLAB.NS
2009-07-13,250.0,252.4250030517578,238.02499389648438,241.08749389648438,206.74365234375,218548.0,DIVISLAB.NS
2009-07-14,243.2624969482422,248.83749389648438,243.2624969482422,245.1999969482422,210.27032470703125,196348.0,DIVISLAB.NS
2009-07-15,248.25,267.5,245.5625,263.79998779296875,226.22064208984375,460672.0,DIVISLAB.NS
2009-07-16,263.75,268.75,256.25,264.51251220703125,226.8316650390625,306588.0,DIVISLAB.NS
2009-07-17,265.5,273.625,261.32501220703125,264.9750061035156,227.228271484375,290344.0,DIVISLAB.NS
2009-07-20,269.75,276.23748779296875,266.7749938964844,275.1000061035156,235.9109649658203,321584.0,DIVISLAB.NS
2009-07-21,277.25,279.6499938964844,268.07501220703125,271.2875061035156,232.64154052734375,292968.0,DIVISLAB.NS
2009-07-22,273.75,276.25,266.25,268.73748779296875,230.45477294921875,257868.0,DIVISLAB.NS
2009-07-23,282.45001220703125,282.45001220703125,273.73748779296875,274.9624938964844,235.79298400878906,1055932.0,DIVISLAB.NS
2009-07-24,277.5,285.75,276.625,283.375,243.00709533691406,419204.0,DIVISLAB.NS
2009-07-27,285.0,296.0,283.75,291.2124938964844,249.72816467285156,694360.0,DIVISLAB.NS
2009-07-28,293.5,293.5,285.0,285.8500061035156,245.1295623779297,280972.0,DIVISLAB.NS
2009-07-29,283.875,288.75,274.75,277.13751220703125,237.65818786621094,447572.0,DIVISLAB.NS
2009-07-30,312.0,312.0,266.0,274.57501220703125,235.46070861816406,763722.0,DIVISLAB.NS
2009-07-31,277.42498779296875,280.5,262.5,268.0249938964844,229.8437957763672,629556.0,DIVISLAB.NS
2009-08-03,269.0,269.0,225.5500030517578,255.85000610351562,219.4031524658203,1261278.0,DIVISLAB.NS
2009-08-04,257.5,257.95001220703125,247.52499389648438,249.6750030517578,214.1078338623047,900490.0,DIVISLAB.NS
2009-08-05,252.25,254.4499969482422,248.0,249.3000030517578,213.7862548828125,682824.0,DIVISLAB.NS
2009-08-06,250.14999389648438,251.5,241.60000610351562,242.97500610351562,208.36227416992188,843048.0,DIVISLAB.NS
2009-08-07,249.5,249.5,235.6750030517578,237.5,203.6671905517578,1075218.0,DIVISLAB.NS
2009-08-10,240.0,243.0,227.5,228.64999389648438,196.07786560058594,818546.0,DIVISLAB.NS
2009-08-11,225.0,233.5,225.0,232.25,199.1650848388672,533504.0,DIVISLAB.NS
2009-08-12,230.0,237.89999389648438,230.0,235.3249969482422,201.80201721191406,736796.0,DIVISLAB.NS
2009-08-13,236.0500030517578,242.35000610351562,236.0500030517578,241.14999389648438,206.79722595214844,503102.0,DIVISLAB.NS
2009-08-14,242.89999389648438,244.9499969482422,238.02499389648438,242.4250030517578,207.89060974121094,350520.0,DIVISLAB.NS
2009-08-17,240.0,244.14999389648438,237.1750030517578,238.0500030517578,204.1388397216797,714044.0,DIVISLAB.NS
2009-08-18,238.5500030517578,242.9499969482422,236.75,238.0,204.095947265625,311756.0,DIVISLAB.NS
2009-08-19,240.0,240.39999389648438,234.0500030517578,237.4250030517578,203.6028594970703,267764.0,DIVISLAB.NS
2009-08-20,239.5,244.4250030517578,237.5500030517578,241.375,206.99017333984375,354270.0,DIVISLAB.NS
2009-08-21,241.5500030517578,244.1999969482422,237.5,240.60000610351562,206.32557678222656,513990.0,DIVISLAB.NS
2009-08-24,241.5,247.3000030517578,241.5,243.3249969482422,208.66238403320312,750946.0,DIVISLAB.NS
2009-08-25,243.3249969482422,246.0,241.0,241.64999389648438,207.2259979248047,470732.0,DIVISLAB.NS
2009-08-26,242.3000030517578,248.6999969482422,242.3000030517578,245.97500610351562,210.93492126464844,491926.0,DIVISLAB.NS
2009-08-27,245.0,268.6000061035156,245.0,265.4750061035156,227.6570587158203,2548706.0,DIVISLAB.NS
2009-08-28,270.0,272.5,262.0,264.0,226.39215087890625,1237200.0,DIVISLAB.NS
2009-08-31,262.5,269.6000061035156,260.0249938964844,263.2250061035156,225.7275848388672,512786.0,DIVISLAB.NS
2009-09-01,265.0,267.82501220703125,256.0,257.4750061035156,220.7966766357422,369654.0,DIVISLAB.NS
2009-09-02,256.0,260.4750061035156,254.89999389648438,256.6000061035156,220.04632568359375,246046.0,DIVISLAB.NS
2009-09-03,255.8249969482422,259.5,255.1750030517578,256.57501220703125,220.02490234375,243132.0,DIVISLAB.NS
2009-09-04,257.5,259.45001220703125,253.52499389648438,257.32501220703125,220.66806030273438,183708.0,DIVISLAB.NS
2009-09-07,257.5,264.8999938964844,257.5,262.1000061035156,224.76284790039062,321560.0,DIVISLAB.NS
2009-09-08,263.5,266.95001220703125,255.0749969482422,257.70001220703125,220.9896697998047,1056510.0,DIVISLAB.NS
2009-09-09,258.75,264.5,251.14999389648438,258.17498779296875,221.3969268798828,762972.0,DIVISLAB.NS
2009-09-10,262.5,265.8999938964844,255.14999389648438,259.6499938964844,222.66184997558594,924594.0,DIVISLAB.NS
2009-09-11,261.0,264.75,258.0,259.57501220703125,222.59754943847656,744684.0,DIVISLAB.NS
2009-09-14,260.0,261.95001220703125,254.5500030517578,256.20001220703125,219.7032928466797,504824.0,DIVISLAB.NS
2009-09-15,259.5,260.0,256.0,257.1499938964844,220.51795959472656,273404.0,DIVISLAB.NS
2009-09-16,258.3999938964844,261.29998779296875,256.1000061035156,257.54998779296875,220.86097717285156,671526.0,DIVISLAB.NS
2009-09-17,260.0,274.8500061035156,258.5,270.57501220703125,232.0305633544922,3198132.0,DIVISLAB.NS
2009-09-18,273.5,281.125,270.625,276.6000061035156,237.197265625,2118402.0,DIVISLAB.NS
2009-09-22,277.5,279.95001220703125,270.0249938964844,271.82501220703125,233.10247802734375,454998.0,DIVISLAB.NS
2009-09-23,272.5,278.82501220703125,265.5,268.5,230.25112915039062,798974.0,DIVISLAB.NS
2009-09-24,266.45001220703125,271.5,262.5,267.125,229.0719757080078,689882.0,DIVISLAB.NS
2009-09-25,260.57501220703125,285.3999938964844,255.5,283.8500061035156,243.41448974609375,2263702.0,DIVISLAB.NS
2009-09-29,289.07501220703125,289.07501220703125,279.5,281.1000061035156,241.05616760253906,1221762.0,DIVISLAB.NS
2009-09-30,282.5,288.0,279.29998779296875,283.07501220703125,242.74984741210938,804820.0,DIVISLAB.NS
2009-10-01,284.0,284.0,274.0,276.25,236.89712524414062,788860.0,DIVISLAB.NS
2009-10-05,272.7250061035156,281.75,271.0,273.82501220703125,234.81752014160156,789854.0,DIVISLAB.NS
2009-10-06,276.20001220703125,276.4750061035156,265.5,270.9750061035156,232.37350463867188,410174.0,DIVISLAB.NS
2009-10-07,275.67498779296875,280.625,271.5,277.54998779296875,238.0119171142578,913348.0,DIVISLAB.NS
2009-10-08,280.0,292.25,280.0,286.5,245.68701171875,2517754.0,DIVISLAB.NS
2009-10-09,290.0,293.8999938964844,286.0,287.92498779296875,246.9089813232422,1237742.0,DIVISLAB.NS
2009-10-12,290.0,294.75,288.5,292.29998779296875,250.6606903076172,697458.0,DIVISLAB.NS
2009-10-13,292.95001220703125,292.95001220703125,292.95001220703125,292.95001220703125,251.21812438964844,0.0,DIVISLAB.NS
2009-10-14,293.5,311.5,293.5,308.92498779296875,264.9173889160156,1829246.0,DIVISLAB.NS
2009-10-15,311.5,315.0,295.54998779296875,298.5249938964844,255.99899291992188,807102.0,DIVISLAB.NS
2009-10-16,303.0,308.0,299.29998779296875,303.54998779296875,260.3080749511719,503338.0,DIVISLAB.NS
2009-10-20,304.0,309.5,297.6499938964844,299.3500061035156,256.70648193359375,495920.0,DIVISLAB.NS
2009-10-21,304.0,304.0,281.0,283.79998779296875,243.3715362548828,1023088.0,DIVISLAB.NS
2009-10-22,283.79998779296875,289.8999938964844,276.5,279.6499938964844,239.81280517578125,510976.0,DIVISLAB.NS
2009-10-23,287.0,288.5249938964844,278.5,282.3500061035156,242.12811279296875,603644.0,DIVISLAB.NS
2009-10-26,285.0,291.95001220703125,282.3500061035156,283.75,243.3286590576172,718634.0,DIVISLAB.NS
2009-10-27,283.75,284.4750061035156,269.0,271.9750061035156,233.23110961914062,435260.0,DIVISLAB.NS
2009-10-28,272.5,275.54998779296875,267.54998779296875,270.7749938964844,232.20199584960938,362886.0,DIVISLAB.NS
2009-10-29,267.5,273.8999938964844,263.79998779296875,269.6000061035156,231.1944122314453,505668.0,DIVISLAB.NS
2009-10-30,275.0,277.75,264.0,266.67498779296875,228.68609619140625,411208.0,DIVISLAB.NS
2009-11-03,265.5,265.5,259.07501220703125,261.2250061035156,224.0124969482422,488552.0,DIVISLAB.NS
2009-11-04,266.25,273.75,260.0249938964844,272.17498779296875,233.4026336669922,379562.0,DIVISLAB.NS
2009-11-05,272.0,279.0,267.625,276.95001220703125,237.49740600585938,352250.0,DIVISLAB.NS
2009-11-06,278.32501220703125,283.04998779296875,274.5,276.07501220703125,236.74700927734375,573522.0,DIVISLAB.NS
2009-11-09,277.5,284.75,276.0,283.04998779296875,242.72836303710938,339202.0,DIVISLAB.NS
2009-11-10,285.0249938964844,289.95001220703125,284.125,285.20001220703125,244.5721435546875,546718.0,DIVISLAB.NS
2009-11-11,290.0,292.0,283.25,290.375,249.00997924804688,284058.0,DIVISLAB.NS
2009-11-12,290.0,293.70001220703125,285.04998779296875,290.07501220703125,248.75270080566406,437752.0,DIVISLAB.NS
2009-11-13,290.1000061035156,293.95001220703125,285.79998779296875,287.29998779296875,246.3730010986328,382048.0,DIVISLAB.NS
2009-11-16,290.70001220703125,294.0,286.70001220703125,287.82501220703125,246.8232421875,266882.0,DIVISLAB.NS
2009-11-17,285.6000061035156,292.3999938964844,283.625,284.82501220703125,244.25057983398438,350952.0,DIVISLAB.NS
2009-11-18,285.0,286.5,281.125,282.95001220703125,242.64268493652344,237548.0,DIVISLAB.NS
2009-11-19,282.5,285.75,278.1499938964844,280.1499938964844,240.24154663085938,402654.0,DIVISLAB.NS
2009-11-20,277.5,285.0,277.0,283.0,242.68553161621094,218200.0,DIVISLAB.NS
2009-11-23,283.125,302.5,283.0,299.375,256.72784423828125,900008.0,DIVISLAB.NS
2009-11-24,302.0,305.0,294.1000061035156,296.375,254.15521240234375,1058212.0,DIVISLAB.NS
2009-11-25,295.0,302.9750061035156,295.0,299.2749938964844,256.64202880859375,531744.0,DIVISLAB.NS
2009-11-26,301.5,301.5,291.6000061035156,295.125,253.08331298828125,446622.0,DIVISLAB.NS
2009-11-27,294.5,297.5,283.70001220703125,293.5,251.68975830078125,542032.0,DIVISLAB.NS
2009-11-30,302.29998779296875,306.0,294.0,302.6499938964844,259.5363464355469,771884.0,DIVISLAB.NS
2009-12-01,305.5249938964844,312.5,304.9750061035156,310.3999938964844,266.182373046875,1042482.0,DIVISLAB.NS
2009-12-02,312.5,322.5,311.8999938964844,318.8999938964844,273.4714660644531,1337456.0,DIVISLAB.NS
2009-12-03,322.5,328.5,318.25,323.92498779296875,277.7806396484375,1137586.0,DIVISLAB.NS
2009-12-04,325.0,340.6000061035156,319.375,336.8999938964844,288.90728759765625,1287680.0,DIVISLAB.NS
2009-12-07,349.8999938964844,350.0,333.125,335.1000061035156,287.36370849609375,1206104.0,DIVISLAB.NS
2009-12-08,337.5,339.875,332.32501220703125,334.32501220703125,286.6991271972656,593174.0,DIVISLAB.NS
2009-12-09,332.45001220703125,340.0,330.54998779296875,331.95001220703125,284.6624755859375,395322.0,DIVISLAB.NS
2009-12-10,331.25,338.3999938964844,326.5,333.54998779296875,286.03448486328125,610234.0,DIVISLAB.NS
2009-12-11,334.67498779296875,338.82501220703125,329.0,330.9750061035156,283.8262939453125,300450.0,DIVISLAB.NS
2009-12-14,333.3999938964844,334.25,325.5,327.0,280.41754150390625,234258.0,DIVISLAB.NS
2009-12-15,321.6000061035156,334.95001220703125,318.0,320.3500061035156,274.71490478515625,947384.0,DIVISLAB.NS
2009-12-16,325.0,333.5,322.0,331.7250061035156,284.46942138671875,720840.0,DIVISLAB.NS
2009-12-17,332.5,333.45001220703125,326.0,329.625,282.6686096191406,731964.0,DIVISLAB.NS
2009-12-18,329.5,339.75,327.5,332.4750061035156,285.1126708984375,956034.0,DIVISLAB.NS
2009-12-21,328.1000061035156,339.0,328.1000061035156,331.29998779296875,284.10504150390625,524614.0,DIVISLAB.NS
2009-12-22,338.8999938964844,338.8999938964844,331.42498779296875,333.67498779296875,286.1417236328125,328510.0,DIVISLAB.NS
2009-12-23,334.5,335.9750061035156,331.75,333.8999938964844,286.3346862792969,427350.0,DIVISLAB.NS
2009-12-24,334.5,337.0,330.1000061035156,331.25,284.0621032714844,240486.0,DIVISLAB.NS
2009-12-29,333.82501220703125,341.17498779296875,330.6499938964844,334.42498779296875,286.7848205566406,510036.0,DIVISLAB.NS
2009-12-30,335.0,339.20001220703125,333.5,337.25,289.20745849609375,320080.0,DIVISLAB.NS
2009-12-31,339.95001220703125,342.3999938964844,332.5,338.3999938964844,290.193603515625,650938.0,DIVISLAB.NS
2010-01-04,338.0,342.0,334.04998779296875,335.42498779296875,287.64239501953125,257058.0,DIVISLAB.NS
2010-01-05,342.5,342.5,334.25,334.8999938964844,287.1921081542969,158842.0,DIVISLAB.NS
2010-01-06,335.5,346.75,330.0,343.8999938964844,294.91009521484375,746184.0,DIVISLAB.NS
2010-01-07,347.5,357.3999938964844,347.45001220703125,354.95001220703125,304.3859558105469,1752498.0,DIVISLAB.NS
2010-01-08,355.04998779296875,356.0,343.875,345.9750061035156,296.689453125,567574.0,DIVISLAB.NS
2010-01-11,350.0,350.0,343.5,344.32501220703125,295.2745666503906,356230.0,DIVISLAB.NS
2010-01-12,344.32501220703125,351.5,340.5249938964844,341.67498779296875,293.0020446777344,506520.0,DIVISLAB.NS
2010-01-13,339.32501220703125,350.45001220703125,335.79998779296875,348.2250061035156,298.61895751953125,371390.0,DIVISLAB.NS
2010-01-14,350.0,352.0249938964844,344.8999938964844,346.8500061035156,297.43988037109375,217766.0,DIVISLAB.NS
2010-01-15,347.5,349.1000061035156,343.0,344.5,295.4246826171875,256248.0,DIVISLAB.NS
2010-01-18,343.75,346.0,336.75,339.8999938964844,291.47991943359375,925432.0,DIVISLAB.NS
2010-01-19,339.0,342.3999938964844,333.29998779296875,335.4750061035156,287.6852722167969,413530.0,DIVISLAB.NS
2010-01-20,336.5,339.3999938964844,328.45001220703125,329.32501220703125,282.411376953125,369072.0,DIVISLAB.NS
2010-01-21,326.0,332.45001220703125,315.0,317.5249938964844,272.2923278808594,600892.0,DIVISLAB.NS
2010-01-22,313.125,314.70001220703125,300.07501220703125,312.1000061035156,267.64019775390625,507480.0,DIVISLAB.NS
2010-01-25,313.875,314.92498779296875,305.5,307.6000061035156,263.78118896484375,348632.0,DIVISLAB.NS
2010-01-27,306.0,306.5,292.67498779296875,296.75,254.47679138183594,396276.0,DIVISLAB.NS
2010-01-28,307.7749938964844,319.8500061035156,287.54998779296875,294.07501220703125,252.182861328125,616366.0,DIVISLAB.NS
2010-01-29,293.8999938964844,307.25,286.0,305.5249938964844,262.0018005371094,266356.0,DIVISLAB.NS
2010-02-01,307.5,312.5,298.0249938964844,308.92498779296875,264.9173889160156,373326.0,DIVISLAB.NS
2010-02-02,310.0,317.3999938964844,305.1000061035156,306.0249938964844,262.4305419921875,550884.0,DIVISLAB.NS
2010-02-03,307.5,311.0,303.6499938964844,304.625,261.22998046875,400610.0,DIVISLAB.NS
2010-02-04,306.20001220703125,311.0,293.6000061035156,296.82501220703125,254.5411376953125,931122.0,DIVISLAB.NS
2010-02-05,286.5,294.3999938964844,277.5,282.6000061035156,242.34254455566406,890410.0,DIVISLAB.NS
2010-02-08,286.875,291.5,281.07501220703125,287.8500061035156,246.8446502685547,277744.0,DIVISLAB.NS
2010-02-09,286.0,290.5,282.5,286.6000061035156,245.77272033691406,1351896.0,DIVISLAB.NS
2010-02-10,289.0,290.95001220703125,286.6000061035156,288.75,247.6164093017578,350568.0,DIVISLAB.NS
2010-02-11,291.5,292.5,285.3500061035156,286.5,245.68701171875,173424.0,DIVISLAB.NS
2010-02-15,290.0,290.5,286.5249938964844,289.6000061035156,248.34530639648438,209914.0,DIVISLAB.NS
2010-02-16,292.0,292.5,286.625,290.9750061035156,249.5244598388672,237878.0,DIVISLAB.NS
2010-02-17,292.5,304.7250061035156,292.5,302.79998779296875,259.6649169921875,504806.0,DIVISLAB.NS
2010-02-18,303.5,308.45001220703125,300.70001220703125,302.5249938964844,259.42913818359375,531438.0,DIVISLAB.NS
2010-02-19,301.95001220703125,302.75,294.07501220703125,297.125,254.79840087890625,221208.0,DIVISLAB.NS
2010-02-22,299.0,301.875,290.0,292.9750061035156,251.2395477294922,191016.0,DIVISLAB.NS
2010-02-23,291.54998779296875,294.95001220703125,288.1000061035156,290.7250061035156,249.31008911132812,149196.0,DIVISLAB.NS
2010-02-24,288.57501220703125,306.8500061035156,288.57501220703125,304.75,261.33721923828125,1058866.0,DIVISLAB.NS
2010-02-25,307.45001220703125,307.45001220703125,299.5,301.3999938964844,258.4643859863281,549166.0,DIVISLAB.NS
2010-02-26,290.5,322.2250061035156,290.5,311.5,267.12567138671875,553304.0,DIVISLAB.NS
2010-03-02,315.0,324.25,314.5,316.82501220703125,271.6920166015625,631980.0,DIVISLAB.NS
2010-03-03,317.5,326.95001220703125,316.6499938964844,324.95001220703125,278.6595458984375,543642.0,DIVISLAB.NS
2010-03-04,325.6499938964844,329.3999938964844,323.04998779296875,324.9750061035156,278.6809997558594,250718.0,DIVISLAB.NS
2010-03-05,325.0,331.8999938964844,321.5,328.29998779296875,281.53240966796875,352614.0,DIVISLAB.NS
2010-03-08,331.8500061035156,331.8500061035156,322.6000061035156,324.0,277.84490966796875,209760.0,DIVISLAB.NS
2010-03-09,324.3999938964844,326.29998779296875,319.0,320.04998779296875,274.45758056640625,210456.0,DIVISLAB.NS
2010-03-10,317.6000061035156,321.8999938964844,275.5,319.3999938964844,273.9002685546875,351248.0,DIVISLAB.NS
2010-03-11,316.1000061035156,322.5,315.125,321.0249938964844,275.293701171875,331228.0,DIVISLAB.NS
2010-03-12,323.45001220703125,323.45001220703125,316.32501220703125,320.29998779296875,274.6720275878906,351780.0,DIVISLAB.NS
2010-03-15,321.0,321.0,307.67498779296875,311.1499938964844,266.82550048828125,426778.0,DIVISLAB.NS
2010-03-16,313.0,313.0,307.5,308.5,264.55291748046875,376644.0,DIVISLAB.NS
2010-03-17,312.0,319.5,310.0,317.20001220703125,272.0136413574219,809508.0,DIVISLAB.NS
2010-03-18,319.5,321.5,317.5,319.04998779296875,273.60009765625,408592.0,DIVISLAB.NS
2010-03-19,321.0,321.0,314.57501220703125,316.3500061035156,271.28472900390625,267856.0,DIVISLAB.NS
2010-03-22,312.5,325.6499938964844,309.29998779296875,323.42498779296875,277.3518371582031,645204.0,DIVISLAB.NS
2010-03-23,325.0,331.45001220703125,325.0,329.875,282.8830261230469,653348.0,DIVISLAB.NS
2010-03-25,331.54998779296875,340.75,330.0,338.95001220703125,290.66522216796875,957872.0,DIVISLAB.NS
2010-03-26,340.0,342.9750061035156,333.25,336.45001220703125,288.5213928222656,362328.0,DIVISLAB.NS
2010-03-29,336.45001220703125,339.75,332.5,334.7250061035156,287.0421142578125,363428.0,DIVISLAB.NS
2010-03-30,335.0,338.8999938964844,330.0,332.42498779296875,285.0697326660156,280848.0,DIVISLAB.NS
2010-03-31,333.20001220703125,342.0,333.20001220703125,339.1499938964844,290.8367614746094,561010.0,DIVISLAB.NS
2010-04-01,341.8999938964844,345.92498779296875,340.5,342.54998779296875,293.75238037109375,665558.0,DIVISLAB.NS
2010-04-05,344.95001220703125,345.375,341.20001220703125,343.25,294.3526611328125,234446.0,DIVISLAB.NS
2010-04-06,343.0,355.0,341.1000061035156,350.57501220703125,300.63421630859375,706290.0,DIVISLAB.NS
2010-04-07,351.5,356.8500061035156,348.67498779296875,354.5,304.0000915527344,398116.0,DIVISLAB.NS
2010-04-08,355.5,356.3500061035156,346.125,349.32501220703125,299.562255859375,341802.0,DIVISLAB.NS
2010-04-09,349.0,351.7749938964844,345.75,348.25,298.6403503417969,329512.0,DIVISLAB.NS
2010-04-12,350.0,354.95001220703125,347.0249938964844,350.57501220703125,300.63421630859375,279802.0,DIVISLAB.NS
2010-04-13,350.0,356.8500061035156,348.07501220703125,351.3999938964844,301.3417053222656,272756.0,DIVISLAB.NS
2010-04-15,352.5,362.5,350.25,359.25,308.0733947753906,785860.0,DIVISLAB.NS
2010-04-16,361.0,363.5,350.0,352.1000061035156,301.9419860839844,596710.0,DIVISLAB.NS
2010-04-19,350.0,350.04998779296875,342.6499938964844,344.125,295.10302734375,227134.0,DIVISLAB.NS
2010-04-20,344.0,352.0,342.45001220703125,348.82501220703125,299.1335144042969,220474.0,DIVISLAB.NS
2010-04-21,348.0,354.45001220703125,348.0,351.82501220703125,301.70611572265625,184490.0,DIVISLAB.NS
2010-04-22,350.8500061035156,351.45001220703125,346.0,348.70001220703125,299.0262756347656,250044.0,DIVISLAB.NS
2010-04-23,349.04998779296875,350.8999938964844,342.0,343.2250061035156,294.3312683105469,232420.0,DIVISLAB.NS
2010-04-26,342.5,352.1000061035156,317.0,347.07501220703125,297.6328430175781,517442.0,DIVISLAB.NS
2010-04-27,347.5249938964844,353.875,344.54998779296875,346.04998779296875,296.7538146972656,408536.0,DIVISLAB.NS
2010-04-28,345.0,346.0,335.6499938964844,337.95001220703125,289.8077087402344,548328.0,DIVISLAB.NS
2010-04-29,339.5,342.5,333.67498779296875,334.7250061035156,287.0421142578125,363472.0,DIVISLAB.NS
2010-04-30,328.0,340.1000061035156,328.0,336.7749938964844,288.8000793457031,650436.0,DIVISLAB.NS
2010-05-03,332.5,338.54998779296875,331.0,332.4750061035156,285.1126708984375,282716.0,DIVISLAB.NS
2010-05-04,334.8999938964844,348.5,332.0,345.92498779296875,296.6466369628906,875214.0,DIVISLAB.NS
2010-05-05,343.0,354.5,340.0,350.625,300.6771545410156,694212.0,DIVISLAB.NS
2010-05-06,353.5,358.92498779296875,348.5,350.6499938964844,300.69854736328125,651570.0,DIVISLAB.NS
2010-05-07,345.0,350.0,337.75,345.42498779296875,296.21783447265625,288540.0,DIVISLAB.NS
2010-05-10,346.0,353.5,346.0,348.17498779296875,298.5760803222656,188568.0,DIVISLAB.NS
2010-05-11,346.54998779296875,356.0,335.6000061035156,343.625,294.6742858886719,356740.0,DIVISLAB.NS
2010-05-12,345.54998779296875,347.75,340.0,345.2250061035156,296.0463562011719,153288.0,DIVISLAB.NS
2010-05-13,345.7749938964844,349.5,342.0,345.3500061035156,296.15350341796875,171140.0,DIVISLAB.NS
2010-05-14,342.45001220703125,348.3500061035156,342.0,346.2749938964844,296.94677734375,149848.0,DIVISLAB.NS
2010-05-17,344.0,353.0,342.5,351.42498779296875,301.36309814453125,354800.0,DIVISLAB.NS
2010-05-18,354.0,359.3999938964844,348.92498779296875,350.5249938964844,300.5914001464844,381426.0,DIVISLAB.NS
2010-05-19,349.8999938964844,352.0,340.6000061035156,343.7250061035156,294.7600402832031,199874.0,DIVISLAB.NS
2010-05-20,344.0,346.25,338.70001220703125,342.29998779296875,293.5380554199219,128044.0,DIVISLAB.NS
2010-05-21,339.5,349.32501220703125,337.5,345.25,296.0677185058594,274230.0,DIVISLAB.NS
2010-05-24,350.0,365.0,350.0,359.7250061035156,308.4808044433594,959380.0,DIVISLAB.NS
2010-05-25,362.5,365.0,343.54998779296875,348.6000061035156,298.9405517578125,864356.0,DIVISLAB.NS
2010-05-26,349.75,355.95001220703125,346.57501220703125,350.1499938964844,300.26971435546875,485776.0,DIVISLAB.NS
2010-05-27,347.7749938964844,363.0,347.7749938964844,359.32501220703125,308.1377258300781,706958.0,DIVISLAB.NS
2010-05-28,363.9750061035156,370.8999938964844,360.79998779296875,366.32501220703125,314.1405029296875,661092.0,DIVISLAB.NS
2010-05-31,367.5,374.0,367.5,371.70001220703125,318.74981689453125,505266.0,DIVISLAB.NS
2010-06-01,368.0,376.0,362.75,364.92498779296875,312.93994140625,264112.0,DIVISLAB.NS
2010-06-02,365.6499938964844,377.0,365.6000061035156,374.375,321.0437927246094,301340.0,DIVISLAB.NS
2010-06-03,378.8999938964844,379.07501220703125,370.54998779296875,372.8500061035156,319.7360534667969,300582.0,DIVISLAB.NS
2010-06-04,375.5,377.5,371.42498779296875,374.54998779296875,321.1938781738281,265556.0,DIVISLAB.NS
2010-06-07,370.54998779296875,373.82501220703125,367.54998779296875,369.2250061035156,316.62744140625,182782.0,DIVISLAB.NS
2010-06-08,369.79998779296875,373.7250061035156,364.0,367.7749938964844,315.384033203125,161280.0,DIVISLAB.NS
2010-06-09,370.04998779296875,375.0,368.0,372.625,319.5430908203125,257578.0,DIVISLAB.NS
2010-06-10,372.625,387.25,372.625,385.6499938964844,330.7126159667969,784992.0,DIVISLAB.NS
2010-06-11,389.8500061035156,389.8500061035156,379.0249938964844,380.125,325.9747314453125,329832.0,DIVISLAB.NS
2010-06-14,382.5,384.0249938964844,374.20001220703125,376.82501220703125,323.1448059082031,461000.0,DIVISLAB.NS
2010-06-15,376.5,383.45001220703125,375.125,381.0249938964844,326.7464904785156,153448.0,DIVISLAB.NS
2010-06-16,382.04998779296875,384.0,377.5,382.3999938964844,327.9256591796875,251396.0,DIVISLAB.NS
2010-06-17,382.5,389.8999938964844,381.0,385.0249938964844,330.17669677734375,304254.0,DIVISLAB.NS
2010-06-18,385.54998779296875,386.8999938964844,380.5,381.7250061035156,327.34674072265625,111470.0,DIVISLAB.NS
2010-06-21,381.5,392.20001220703125,381.5,385.92498779296875,330.9484558105469,451582.0,DIVISLAB.NS
2010-06-22,385.92498779296875,387.95001220703125,382.625,384.92498779296875,330.09088134765625,176612.0,DIVISLAB.NS
2010-06-23,384.92498779296875,389.25,380.7749938964844,387.625,332.40631103515625,252516.0,DIVISLAB.NS
2010-06-24,389.0,389.0,377.5,381.625,327.260986328125,365606.0,DIVISLAB.NS
2010-06-25,381.0,388.2250061035156,380.0,383.875,329.19049072265625,267388.0,DIVISLAB.NS
2010-06-28,385.0,389.0,382.0,387.8999938964844,332.64208984375,111030.0,DIVISLAB.NS
2010-06-29,388.70001220703125,389.25,382.20001220703125,386.3500061035156,331.3129577636719,136322.0,DIVISLAB.NS
2010-06-30,386.0,388.54998779296875,381.5,386.7250061035156,331.634521484375,313672.0,DIVISLAB.NS
2010-07-01,385.8500061035156,392.75,381.5249938964844,390.625,334.97894287109375,172654.0,DIVISLAB.NS
2010-07-02,389.8500061035156,391.0,383.75,385.0249938964844,332.7320556640625,212952.0,DIVISLAB.NS
2010-07-05,378.79998779296875,386.92498779296875,378.79998779296875,385.0249938964844,332.7320556640625,52052.0,DIVISLAB.NS
2010-07-06,382.5,386.45001220703125,382.5,385.20001220703125,332.88330078125,61890.0,DIVISLAB.NS
2010-07-07,383.1000061035156,387.45001220703125,381.54998779296875,383.3500061035156,331.2845764160156,135100.0,DIVISLAB.NS
2010-07-08,384.5,386.0,379.07501220703125,380.42498779296875,328.7568054199219,182456.0,DIVISLAB.NS
2010-07-09,382.5,382.5,378.0249938964844,379.125,327.6333923339844,742148.0,DIVISLAB.NS
2010-07-12,381.0,384.20001220703125,377.5249938964844,379.6000061035156,328.0438537597656,507264.0,DIVISLAB.NS
2010-07-13,381.0,385.0249938964844,377.9750061035156,383.9750061035156,331.82464599609375,247166.0,DIVISLAB.NS
2010-07-14,385.0,386.875,381.6499938964844,382.57501220703125,330.6148681640625,133188.0,DIVISLAB.NS
2010-07-15,382.57501220703125,390.0,381.0,385.70001220703125,333.3153991699219,174178.0,DIVISLAB.NS
2010-07-16,385.57501220703125,395.45001220703125,385.57501220703125,392.67498779296875,339.3431091308594,221348.0,DIVISLAB.NS
2010-07-19,391.5,398.54998779296875,391.5,393.2749938964844,339.86151123046875,341496.0,DIVISLAB.NS
2010-07-20,394.125,395.5,379.125,383.25,331.1980895996094,138224.0,DIVISLAB.NS
2010-07-21,383.25,387.95001220703125,383.25,385.67498779296875,333.2937927246094,171270.0,DIVISLAB.NS
2010-07-22,385.5,390.8999938964844,384.25,389.70001220703125,336.77215576171875,143126.0,DIVISLAB.NS
2010-07-23,390.04998779296875,392.95001220703125,383.75,384.95001220703125,332.66729736328125,286514.0,DIVISLAB.NS
2010-07-26,380.0,390.2749938964844,380.0,383.9750061035156,331.82464599609375,253756.0,DIVISLAB.NS
2010-07-27,384.0,388.1499938964844,384.0,384.8999938964844,332.6240234375,141332.0,DIVISLAB.NS
2010-07-28,382.5249938964844,387.3999938964844,382.5249938964844,384.625,332.38641357421875,153140.0,DIVISLAB.NS
2010-07-29,386.5,386.8999938964844,374.125,376.45001220703125,325.32171630859375,776770.0,DIVISLAB.NS
2010-07-30,377.5,380.6000061035156,371.0249938964844,374.875,323.96063232421875,358926.0,DIVISLAB.NS
2010-08-02,377.57501220703125,381.0,375.0249938964844,378.375,326.9852294921875,235334.0,DIVISLAB.NS
2010-08-03,377.57501220703125,380.4750061035156,376.5249938964844,377.2250061035156,325.99139404296875,113984.0,DIVISLAB.NS
2010-08-04,375.6000061035156,382.4750061035156,375.6000061035156,377.42498779296875,326.1642761230469,499110.0,DIVISLAB.NS
2010-08-05,379.42498779296875,384.95001220703125,376.2250061035156,379.32501220703125,327.80621337890625,423476.0,DIVISLAB.NS
2010-08-06,371.79998779296875,383.8500061035156,371.79998779296875,379.8999938964844,328.3031005859375,149490.0,DIVISLAB.NS
2010-08-09,379.8999938964844,382.42498779296875,377.125,378.6499938964844,327.222900390625,185392.0,DIVISLAB.NS
2010-08-10,378.75,381.95001220703125,377.3500061035156,380.375,328.713623046875,232090.0,DIVISLAB.NS
2010-08-11,382.25,385.57501220703125,375.0249938964844,376.6499938964844,325.4945068359375,213090.0,DIVISLAB.NS
2010-08-12,376.45001220703125,381.25,371.1000061035156,375.32501220703125,324.3495178222656,366086.0,DIVISLAB.NS
2010-08-13,374.5,382.0,369.82501220703125,373.79998779296875,323.0315856933594,282032.0,DIVISLAB.NS
2010-08-16,377.0,377.45001220703125,362.7749938964844,366.6000061035156,316.80950927734375,145920.0,DIVISLAB.NS
2010-08-17,366.6000061035156,366.6000061035156,355.04998779296875,359.42498779296875,310.6089782714844,371558.0,DIVISLAB.NS
2010-08-18,357.75,372.20001220703125,357.75,369.45001220703125,319.27239990234375,328106.0,DIVISLAB.NS
2010-08-19,371.25,376.25,368.07501220703125,374.57501220703125,323.7013854980469,312330.0,DIVISLAB.NS
2010-08-20,375.8999938964844,378.9750061035156,371.875,374.32501220703125,323.4853515625,189196.0,DIVISLAB.NS
2010-08-23,373.07501220703125,378.5,372.1499938964844,373.04998779296875,322.38348388671875,153462.0,DIVISLAB.NS
2010-08-24,371.25,376.9750061035156,371.25,373.9750061035156,323.18292236328125,131696.0,DIVISLAB.NS
2010-08-25,373.0249938964844,378.875,372.17498779296875,373.5,322.7723388671875,206734.0,DIVISLAB.NS
2010-08-26,373.0,378.92498779296875,373.0,377.125,325.9049987792969,349366.0,DIVISLAB.NS
2010-08-27,379.95001220703125,385.0,365.8500061035156,372.375,321.8001403808594,531948.0,DIVISLAB.NS
2010-08-30,374.1000061035156,375.75,369.0249938964844,374.20001220703125,323.3773193359375,165926.0,DIVISLAB.NS
2010-08-31,371.5,378.25,369.04998779296875,371.9750061035156,321.4544677734375,261576.0,DIVISLAB.NS
2010-09-01,372.5,376.0,371.6499938964844,372.5,321.908203125,223024.0,DIVISLAB.NS
2010-09-02,375.0,377.25,371.04998779296875,372.5249938964844,321.9297790527344,108306.0,DIVISLAB.NS
2010-09-03,375.5,381.3500061035156,371.0,378.3500061035156,326.9636535644531,339048.0,DIVISLAB.NS
2010-09-06,381.875,382.92498779296875,379.0,380.82501220703125,329.1025390625,320280.0,DIVISLAB.NS
2010-09-07,382.5,384.95001220703125,378.67498779296875,381.1000061035156,329.340087890625,186890.0,DIVISLAB.NS
2010-09-08,377.6000061035156,380.0,372.1000061035156,377.67498779296875,326.38031005859375,270308.0,DIVISLAB.NS
2010-09-09,380.04998779296875,381.95001220703125,377.5249938964844,378.5249938964844,327.11480712890625,213982.0,DIVISLAB.NS
2010-09-13,380.125,386.75,380.0,383.8999938964844,331.75982666015625,300448.0,DIVISLAB.NS
2010-09-14,385.0,388.0,373.0,375.0,324.0686340332031,374166.0,DIVISLAB.NS
2010-09-15,377.5,378.95001220703125,373.0,374.4750061035156,323.61492919921875,194570.0,DIVISLAB.NS
2010-09-16,365.7749938964844,374.0,359.9750061035156,361.0249938964844,311.9916076660156,467178.0,DIVISLAB.NS
2010-09-17,365.5,365.5,355.04998779296875,360.4750061035156,311.5163879394531,1149436.0,DIVISLAB.NS
2010-09-20,363.5,363.95001220703125,358.0,358.9750061035156,310.2201232910156,411510.0,DIVISLAB.NS
2010-09-21,362.5,368.0,353.0,354.04998779296875,305.96392822265625,1104624.0,DIVISLAB.NS
2010-09-22,357.9750061035156,358.0,351.70001220703125,353.95001220703125,305.8776550292969,433178.0,DIVISLAB.NS
2010-09-23,354.0,357.3500061035156,351.6499938964844,354.42498779296875,306.2880859375,452782.0,DIVISLAB.NS
2010-09-24,354.3999938964844,358.79998779296875,353.0,355.95001220703125,307.6059875488281,207082.0,DIVISLAB.NS
2010-09-27,359.25,362.75,356.25,358.82501220703125,310.09051513671875,356200.0,DIVISLAB.NS
2010-09-28,360.0,361.70001220703125,355.6000061035156,357.04998779296875,308.5565185546875,187118.0,DIVISLAB.NS
2010-09-29,356.57501220703125,357.95001220703125,351.54998779296875,352.5,304.6245422363281,138010.0,DIVISLAB.NS
2010-09-30,353.0,355.5,342.5,344.92498779296875,298.0783386230469,669770.0,DIVISLAB.NS
2010-10-01,350.0,353.95001220703125,347.57501220703125,351.32501220703125,303.6091613769531,382072.0,DIVISLAB.NS
2010-10-04,354.95001220703125,359.5,353.8999938964844,356.9750061035156,308.49169921875,521608.0,DIVISLAB.NS
2010-10-05,357.75,362.04998779296875,357.75,359.8500061035156,310.9762268066406,332816.0,DIVISLAB.NS
2010-10-06,360.75,363.29998779296875,359.04998779296875,361.1000061035156,312.05645751953125,156406.0,DIVISLAB.NS
2010-10-07,362.5,367.8500061035156,358.5,359.3999938964844,310.58734130859375,351150.0,DIVISLAB.NS
2010-10-08,361.75,366.8999938964844,358.0249938964844,362.8500061035156,313.56884765625,333264.0,DIVISLAB.NS
2010-10-11,365.0,367.0,361.0,363.7749938964844,314.3681640625,228234.0,DIVISLAB.NS
2010-10-12,365.4750061035156,365.4750061035156,357.2749938964844,359.4750061035156,310.6522216796875,109474.0,DIVISLAB.NS
2010-10-13,360.0,366.8999938964844,359.375,363.3999938964844,314.0440368652344,326828.0,DIVISLAB.NS
2010-10-14,365.0,368.45001220703125,361.0249938964844,362.20001220703125,313.007080078125,395048.0,DIVISLAB.NS
2010-10-15,360.70001220703125,364.8500061035156,356.0,357.3999938964844,308.85894775390625,87716.0,DIVISLAB.NS
2010-10-18,358.95001220703125,359.3999938964844,349.57501220703125,351.67498779296875,303.9114685058594,469474.0,DIVISLAB.NS
2010-10-19,352.0,357.45001220703125,348.54998779296875,350.45001220703125,302.8529968261719,264014.0,DIVISLAB.NS
2010-10-20,351.95001220703125,353.375,348.07501220703125,351.04998779296875,303.3714294433594,160362.0,DIVISLAB.NS
2010-10-21,350.75,356.95001220703125,350.75,354.79998779296875,306.612060546875,196670.0,DIVISLAB.NS
2010-10-22,357.0,360.5,354.17498779296875,356.625,308.18927001953125,333100.0,DIVISLAB.NS
2010-10-25,357.95001220703125,362.5,353.625,360.3999938964844,311.4515686035156,327158.0,DIVISLAB.NS
2010-10-26,360.5,362.95001220703125,357.5,359.8500061035156,310.9762268066406,123474.0,DIVISLAB.NS
2010-10-27,357.5249938964844,361.8500061035156,355.0,355.45001220703125,307.17388916015625,110084.0,DIVISLAB.NS
2010-10-28,357.3500061035156,357.3500061035156,342.625,346.2250061035156,299.2017822265625,623468.0,DIVISLAB.NS
2010-10-29,347.0,352.54998779296875,341.0,346.1499938964844,299.13690185546875,228248.0,DIVISLAB.NS
2010-11-01,349.0,353.5,347.5,349.67498779296875,302.1831970214844,93140.0,DIVISLAB.NS
2010-11-02,351.0,351.5,346.0,348.125,300.84375,87476.0,DIVISLAB.NS
2010-11-03,350.1000061035156,354.0,347.5,348.7250061035156,301.3622741699219,139548.0,DIVISLAB.NS
2010-11-04,352.3999938964844,352.5,349.0,349.8500061035156,302.3343811035156,89878.0,DIVISLAB.NS
2010-11-08,354.5,370.5,351.75,368.67498779296875,318.6026916503906,906896.0,DIVISLAB.NS
2010-11-09,371.0,378.5,368.0,370.54998779296875,320.2230529785156,956198.0,DIVISLAB.NS
2010-11-10,369.5,370.0,346.8999938964844,360.8500061035156,311.8404541015625,1457140.0,DIVISLAB.NS
2010-11-11,362.4750061035156,362.4750061035156,351.5,352.92498779296875,304.99176025390625,271910.0,DIVISLAB.NS
2010-11-12,351.3999938964844,356.3500061035156,346.0,347.3999938964844,300.2172546386719,378518.0,DIVISLAB.NS
2010-11-15,346.5,353.5,346.5,352.875,304.9485778808594,370466.0,DIVISLAB.NS
2010-11-16,353.57501220703125,356.875,348.5,349.4750061035156,302.0103454589844,162062.0,DIVISLAB.NS
2010-11-18,349.5,350.7250061035156,341.5,344.7749938964844,297.9486999511719,276916.0,DIVISLAB.NS
2010-11-19,345.5,347.375,332.79998779296875,335.3500061035156,289.80377197265625,275426.0,DIVISLAB.NS
2010-11-22,337.0,339.1000061035156,328.0,328.92498779296875,284.25140380859375,570384.0,DIVISLAB.NS
2010-11-23,330.79998779296875,330.79998779296875,319.04998779296875,322.67498779296875,278.8501892089844,418616.0,DIVISLAB.NS
2010-11-24,323.0,327.0249938964844,313.07501220703125,315.0,272.2176513671875,580410.0,DIVISLAB.NS
2010-11-25,318.5,318.5,303.0,309.42498779296875,267.3997802734375,740342.0,DIVISLAB.NS
2010-11-26,309.5,314.95001220703125,297.0249938964844,311.07501220703125,268.82574462890625,866528.0,DIVISLAB.NS
2010-11-29,312.0,316.9750061035156,305.82501220703125,314.32501220703125,271.63427734375,369726.0,DIVISLAB.NS
2010-11-30,316.0,316.0,306.625,308.4750061035156,266.5788269042969,1577934.0,DIVISLAB.NS
2010-12-01,309.0,318.45001220703125,307.04998779296875,316.32501220703125,273.3626708984375,485890.0,DIVISLAB.NS
2010-12-02,317.70001220703125,322.0,316.0,316.92498779296875,273.88116455078125,228546.0,DIVISLAB.NS
2010-12-03,319.29998779296875,319.4750061035156,308.125,310.70001220703125,268.5016174316406,262880.0,DIVISLAB.NS
2010-12-06,313.625,316.5,303.79998779296875,306.42498779296875,264.8072204589844,217994.0,DIVISLAB.NS
2010-12-07,307.6000061035156,307.6000061035156,301.0,302.7749938964844,261.65301513671875,422882.0,DIVISLAB.NS
2010-12-08,302.5,304.95001220703125,300.54998779296875,303.6000061035156,262.365966796875,200058.0,DIVISLAB.NS
2010-12-09,305.6000061035156,305.6000061035156,295.6499938964844,299.4750061035156,258.80120849609375,435196.0,DIVISLAB.NS
2010-12-10,301.6000061035156,305.8500061035156,294.5,301.57501220703125,260.6159973144531,414186.0,DIVISLAB.NS
2010-12-13,300.625,308.79998779296875,298.5249938964844,302.375,261.3074035644531,332220.0,DIVISLAB.NS
2010-12-14,302.75,304.8999938964844,298.5,300.4750061035156,259.6653747558594,367650.0,DIVISLAB.NS
2010-12-15,301.07501220703125,302.20001220703125,297.5,300.0,259.2548828125,561080.0,DIVISLAB.NS
2010-12-16,299.5,301.8500061035156,298.7250061035156,300.92498779296875,260.05426025390625,296928.0,DIVISLAB.NS
2010-12-20,302.32501220703125,308.0,300.7749938964844,304.2749938964844,262.9493103027344,232816.0,DIVISLAB.NS
2010-12-21,305.0,310.4750061035156,304.57501220703125,307.70001220703125,265.9091491699219,201314.0,DIVISLAB.NS
2010-12-22,309.0,310.95001220703125,306.04998779296875,307.32501220703125,265.5850524902344,140642.0,DIVISLAB.NS
2010-12-23,307.54998779296875,315.04998779296875,307.04998779296875,314.25,271.5694885253906,302396.0,DIVISLAB.NS
2010-12-24,317.0,319.8999938964844,314.5,318.75,275.45831298828125,557296.0,DIVISLAB.NS
2010-12-27,320.5,323.0,319.04998779296875,320.75,277.1867370605469,208666.0,DIVISLAB.NS
2010-12-28,320.5249938964844,324.8500061035156,319.0,322.1499938964844,278.3965759277344,151486.0,DIVISLAB.NS
2010-12-29,321.5249938964844,327.42498779296875,321.0249938964844,325.75,281.5075988769531,92674.0,DIVISLAB.NS
2010-12-30,328.5,328.5,320.5,323.3500061035156,279.43359375,171582.0,DIVISLAB.NS
2010-12-31,325.5,326.25,321.29998779296875,323.42498779296875,279.49835205078125,226454.0,DIVISLAB.NS
2011-01-03,322.4750061035156,329.0249938964844,322.4750061035156,326.2749938964844,281.96136474609375,102182.0,DIVISLAB.NS
2011-01-04,330.0,335.0,322.9750061035156,332.6499938964844,287.47052001953125,222926.0,DIVISLAB.NS
2011-01-05,330.0,337.2749938964844,328.04998779296875,333.875,288.529052734375,265696.0,DIVISLAB.NS
2011-01-06,331.1000061035156,336.8999938964844,326.5249938964844,330.0249938964844,285.2019958496094,127366.0,DIVISLAB.NS
2011-01-07,328.0,332.0,316.5,318.0,274.8101806640625,214438.0,DIVISLAB.NS
2011-01-10,324.0,324.0,307.5,311.70001220703125,269.3657531738281,186182.0,DIVISLAB.NS
2011-01-11,312.6499938964844,317.3999938964844,309.04998779296875,311.0249938964844,268.78253173828125,128680.0,DIVISLAB.NS
2011-01-12,313.9750061035156,317.5,310.04998779296875,315.42498779296875,272.58489990234375,114324.0,DIVISLAB.NS
2011-01-13,317.5,320.5,313.0,317.7250061035156,274.57257080078125,239184.0,DIVISLAB.NS
2011-01-14,314.5249938964844,316.5,311.07501220703125,312.07501220703125,269.6898498535156,124416.0,DIVISLAB.NS
2011-01-17,310.0249938964844,312.5249938964844,306.625,307.9750061035156,266.1467590332031,79486.0,DIVISLAB.NS
2011-01-18,309.9750061035156,309.9750061035156,306.1499938964844,307.8500061035156,266.0386657714844,111298.0,DIVISLAB.NS
2011-01-19,309.25,312.3999938964844,306.6499938964844,309.57501220703125,267.52947998046875,183472.0,DIVISLAB.NS
2011-01-20,310.9750061035156,314.4750061035156,308.0,312.625,270.1651916503906,312162.0,DIVISLAB.NS
2011-01-21,313.9750061035156,313.9750061035156,310.5,310.92498779296875,268.6961364746094,66340.0,DIVISLAB.NS
2011-01-24,312.0,314.5,311.1000061035156,313.54998779296875,270.96453857421875,75232.0,DIVISLAB.NS
2011-01-25,316.3500061035156,318.45001220703125,313.75,315.3500061035156,272.5201110839844,118300.0,DIVISLAB.NS
2011-01-27,317.0,317.0,307.0,307.9750061035156,266.1467590332031,152190.0,DIVISLAB.NS
2011-01-28,307.5,315.0,296.0,309.3999938964844,267.3782043457031,349882.0,DIVISLAB.NS
2011-01-31,306.5,322.0,304.5,317.42498779296875,274.31329345703125,326722.0,DIVISLAB.NS
2011-02-01,319.9750061035156,322.45001220703125,310.0,311.67498779296875,269.3442687988281,144012.0,DIVISLAB.NS
2011-02-02,309.5,315.5,305.125,313.07501220703125,270.5540771484375,197802.0,DIVISLAB.NS
2011-02-03,309.0,318.3999938964844,307.5,315.8500061035156,272.9521789550781,182728.0,DIVISLAB.NS
2011-02-04,318.45001220703125,332.5,316.3500061035156,328.4750061035156,283.862548828125,875302.0,DIVISLAB.NS
2011-02-07,332.5,336.92498779296875,323.04998779296875,325.42498779296875,281.22674560546875,751738.0,DIVISLAB.NS
2011-02-08,326.4750061035156,326.5,318.04998779296875,322.54998779296875,278.7422180175781,281736.0,DIVISLAB.NS
2011-02-09,323.0249938964844,324.5,300.5,312.625,270.1651916503906,427622.0,DIVISLAB.NS
2011-02-10,312.5,315.79998779296875,304.17498779296875,314.9750061035156,272.196044921875,307682.0,DIVISLAB.NS
2011-02-11,315.82501220703125,319.0,308.0,317.6000061035156,274.4645080566406,216368.0,DIVISLAB.NS
2011-02-14,319.0,322.375,316.54998779296875,320.20001220703125,276.7113952636719,269490.0,DIVISLAB.NS
2011-02-15,324.95001220703125,330.0,317.5,328.1499938964844,283.5816345214844,293102.0,DIVISLAB.NS
2011-02-16,329.0,331.0,324.5249938964844,326.42498779296875,282.09088134765625,196930.0,DIVISLAB.NS
2011-02-17,325.5,328.45001220703125,318.17498779296875,322.79998779296875,278.958251953125,350500.0,DIVISLAB.NS
2011-02-18,323.0,325.0,310.0,313.1499938964844,270.6189270019531,189364.0,DIVISLAB.NS
2011-02-21,313.57501220703125,329.5,307.7749938964844,323.375,279.4552001953125,283504.0,DIVISLAB.NS
2011-02-22,323.54998779296875,326.45001220703125,312.95001220703125,314.5249938964844,271.80712890625,147490.0,DIVISLAB.NS
2011-02-23,314.42498779296875,314.5,308.0249938964844,310.0249938964844,267.9183044433594,395878.0,DIVISLAB.NS
2011-02-24,310.0,310.0,300.54998779296875,303.17498779296875,261.9986572265625,555848.0,DIVISLAB.NS
2011-02-25,304.8500061035156,309.0,295.5,298.70001220703125,258.1315002441406,621588.0,DIVISLAB.NS
2011-02-28,299.8999938964844,302.5,292.57501220703125,294.75,254.7179412841797,221290.0,DIVISLAB.NS
2011-03-01,296.07501220703125,306.0,290.875,303.2749938964844,262.0850524902344,241880.0,DIVISLAB.NS
2011-03-03,301.0249938964844,305.5,298.54998779296875,301.8500061035156,260.8536376953125,187022.0,DIVISLAB.NS
2011-03-04,303.0,308.8999938964844,302.0,307.8500061035156,266.0386657714844,241752.0,DIVISLAB.NS
2011-03-07,306.875,311.25,301.6000061035156,307.79998779296875,265.9955139160156,181068.0,DIVISLAB.NS
2011-03-08,307.5,312.4750061035156,306.0249938964844,310.4750061035156,268.30718994140625,150978.0,DIVISLAB.NS
2011-03-09,312.3999938964844,313.5,306.1499938964844,311.4750061035156,269.1714172363281,117216.0,DIVISLAB.NS
2011-03-10,313.0,314.5,309.25,310.3500061035156,268.1991271972656,109288.0,DIVISLAB.NS
2011-03-11,308.5249938964844,313.5,306.54998779296875,311.8500061035156,269.49542236328125,147246.0,DIVISLAB.NS
2011-03-14,312.0,313.1499938964844,307.54998779296875,310.42498779296875,268.2640380859375,143894.0,DIVISLAB.NS
2011-03-15,308.5,308.5,303.5,305.3500061035156,263.8782958984375,181792.0,DIVISLAB.NS
2011-03-16,306.25,311.8500061035156,304.79998779296875,309.95001220703125,267.8535461425781,132120.0,DIVISLAB.NS
2011-03-17,309.95001220703125,312.5,307.54998779296875,311.75,269.4090576171875,49388.0,DIVISLAB.NS
2011-03-18,309.0249938964844,314.3500061035156,309.0249938964844,310.57501220703125,268.3936462402344,47472.0,DIVISLAB.NS
2011-03-21,313.5,313.5,308.1000061035156,309.29998779296875,267.29180908203125,47120.0,DIVISLAB.NS
2011-03-22,309.29998779296875,318.8500061035156,309.29998779296875,314.375,271.6775817871094,224542.0,DIVISLAB.NS
2011-03-23,318.5,318.9750061035156,311.6000061035156,316.45001220703125,273.470703125,145718.0,DIVISLAB.NS
2011-03-24,319.0,319.0,312.54998779296875,314.8500061035156,272.0879211425781,108222.0,DIVISLAB.NS
2011-03-25,317.5,320.5,315.17498779296875,319.375,275.99847412109375,205308.0,DIVISLAB.NS
2011-03-28,316.4750061035156,321.0,316.4750061035156,320.04998779296875,276.5817565917969,93496.0,DIVISLAB.NS
2011-03-29,321.875,326.45001220703125,320.0,324.79998779296875,280.68658447265625,171274.0,DIVISLAB.NS
2011-03-30,324.5,343.0,323.5,339.375,293.2821044921875,714294.0,DIVISLAB.NS
2011-03-31,340.0,346.0,335.70001220703125,337.4750061035156,291.6402282714844,584484.0,DIVISLAB.NS
2011-04-01,339.0,347.5,313.32501220703125,346.4750061035156,299.4178771972656,329472.0,DIVISLAB.NS
2011-04-04,346.0249938964844,348.82501220703125,341.0249938964844,345.8500061035156,298.877685546875,167002.0,DIVISLAB.NS
2011-04-05,355.5,365.0,335.29998779296875,341.20001220703125,294.8592529296875,151734.0,DIVISLAB.NS
2011-04-06,341.70001220703125,346.5,339.25,343.5249938964844,296.8684387207031,261430.0,DIVISLAB.NS
2011-04-07,345.0,348.79998779296875,342.75,347.79998779296875,300.5628356933594,135528.0,DIVISLAB.NS
2011-04-08,345.625,350.0,343.0,346.1000061035156,299.0937805175781,150836.0,DIVISLAB.NS
2011-04-11,344.4750061035156,360.82501220703125,343.20001220703125,353.29998779296875,305.3158264160156,773554.0,DIVISLAB.NS
2011-04-13,352.3999938964844,357.04998779296875,350.0249938964844,354.42498779296875,306.2880859375,294016.0,DIVISLAB.NS
2011-04-15,354.5,355.0,350.0,350.82501220703125,303.17706298828125,136178.0,DIVISLAB.NS
2011-04-18,352.0249938964844,355.5,347.07501220703125,348.70001220703125,301.340576171875,132748.0,DIVISLAB.NS
2011-04-19,350.5,350.5,340.67498779296875,343.07501220703125,296.4795837402344,238676.0,DIVISLAB.NS
2011-04-20,344.42498779296875,351.0,343.17498779296875,346.04998779296875,299.05047607421875,368798.0,DIVISLAB.NS
2011-04-21,338.5,349.92498779296875,308.5,346.6499938964844,299.5689697265625,202614.0,DIVISLAB.NS
2011-04-25,346.6499938964844,352.75,345.0249938964844,351.79998779296875,304.01953125,247850.0,DIVISLAB.NS
2011-04-26,351.57501220703125,357.5,350.54998779296875,356.0,307.6491394042969,345366.0,DIVISLAB.NS
2011-04-27,356.0249938964844,362.5,354.125,358.1000061035156,309.4639892578125,300312.0,DIVISLAB.NS
2011-04-28,358.875,360.45001220703125,354.0,355.6000061035156,307.303466796875,318210.0,DIVISLAB.NS
2011-04-29,357.5,359.95001220703125,352.1499938964844,353.3999938964844,305.4023132324219,108058.0,DIVISLAB.NS
2011-05-02,353.3999938964844,360.0,353.0249938964844,358.67498779296875,309.9608154296875,156128.0,DIVISLAB.NS
2011-05-03,359.5,363.0,354.1499938964844,358.20001220703125,309.5503845214844,243380.0,DIVISLAB.NS
2011-05-04,359.0,359.8999938964844,348.125,350.1499938964844,302.5935974121094,1766770.0,DIVISLAB.NS
2011-05-05,350.4750061035156,352.42498779296875,336.1499938964844,338.6499938964844,292.65557861328125,618538.0,DIVISLAB.NS
2011-05-06,342.375,346.4750061035156,337.5249938964844,343.7749938964844,297.0845031738281,655426.0,DIVISLAB.NS
2011-05-09,345.1499938964844,353.0,345.0,349.5249938964844,302.0535888671875,246660.0,DIVISLAB.NS
2011-05-10,351.3999938964844,352.45001220703125,346.57501220703125,349.1000061035156,301.686279296875,97324.0,DIVISLAB.NS
2011-05-11,351.5,362.5,348.1000061035156,358.8999938964844,310.1552734375,1986442.0,DIVISLAB.NS
2011-05-12,358.0,361.5,351.5,352.92498779296875,304.99176025390625,324324.0,DIVISLAB.NS
2011-05-13,355.9750061035156,356.95001220703125,352.125,353.17498779296875,305.2077941894531,163118.0,DIVISLAB.NS
2011-05-16,354.4750061035156,357.0,351.5249938964844,353.95001220703125,305.8776550292969,102504.0,DIVISLAB.NS
2011-05-17,354.125,360.45001220703125,351.5,356.2250061035156,307.8436279296875,514020.0,DIVISLAB.NS
2011-05-18,357.6000061035156,358.20001220703125,353.0,353.8999938964844,305.8343811035156,600954.0,DIVISLAB.NS
2011-05-19,356.25,358.0,350.79998779296875,355.0249938964844,306.8065185546875,512830.0,DIVISLAB.NS
2011-05-20,356.1000061035156,369.45001220703125,350.0,363.70001220703125,314.3033752441406,4475680.0,DIVISLAB.NS
2011-05-23,369.5,376.32501220703125,364.9750061035156,372.125,321.5840759277344,3930402.0,DIVISLAB.NS
2011-05-24,373.0,374.45001220703125,367.6000061035156,368.95001220703125,318.84033203125,570232.0,DIVISLAB.NS
2011-05-25,368.5,370.125,365.5,366.5249938964844,316.74468994140625,654916.0,DIVISLAB.NS
2011-05-26,368.0,368.82501220703125,361.20001220703125,363.70001220703125,314.3033752441406,2645036.0,DIVISLAB.NS
2011-05-27,363.7250061035156,376.875,362.5,374.9750061035156,324.0469970703125,789106.0,DIVISLAB.NS
2011-05-30,377.0,386.5,376.0,384.6499938964844,332.4079284667969,1018956.0,DIVISLAB.NS
2011-05-31,385.0,388.5,381.7749938964844,387.92498779296875,335.2381896972656,517416.0,DIVISLAB.NS
2011-06-01,393.70001220703125,393.70001220703125,380.0,386.95001220703125,334.3955993652344,210006.0,DIVISLAB.NS
2011-06-02,383.5,392.7250061035156,381.7749938964844,391.7250061035156,338.5220947265625,332684.0,DIVISLAB.NS
2011-06-03,374.1000061035156,393.9750061035156,374.1000061035156,386.375,333.898681640625,363896.0,DIVISLAB.NS
2011-06-06,387.45001220703125,389.8500061035156,382.5,388.67498779296875,335.88629150390625,186092.0,DIVISLAB.NS
2011-06-07,392.4750061035156,392.4750061035156,384.95001220703125,388.67498779296875,335.88629150390625,315690.0,DIVISLAB.NS
2011-06-08,387.70001220703125,389.2250061035156,382.5,383.3999938964844,331.3276672363281,210286.0,DIVISLAB.NS
2011-06-09,386.6499938964844,388.0,381.5,386.25,333.7906494140625,199364.0,DIVISLAB.NS
2011-06-10,386.5,394.25,385.0,392.2250061035156,338.9542236328125,605276.0,DIVISLAB.NS
2011-06-13,392.5,402.0,392.0,400.375,345.99725341796875,1218904.0,DIVISLAB.NS
2011-06-14,402.4750061035156,403.0,394.0,397.2250061035156,343.27508544921875,412756.0,DIVISLAB.NS
2011-06-15,397.95001220703125,400.0,390.0,392.2749938964844,338.9974365234375,591450.0,DIVISLAB.NS
2011-06-16,389.32501220703125,393.375,385.1000061035156,390.92498779296875,342.19232177734375,364206.0,DIVISLAB.NS
2011-06-17,390.6000061035156,394.4750061035156,386.5249938964844,388.04998779296875,339.6757507324219,260020.0,DIVISLAB.NS
2011-06-20,388.0,389.57501220703125,356.1000061035156,374.79998779296875,328.0775451660156,704182.0,DIVISLAB.NS
2011-06-21,377.45001220703125,386.29998779296875,375.04998779296875,377.70001220703125,330.61602783203125,467262.0,DIVISLAB.NS
2011-06-22,381.9750061035156,381.9750061035156,371.20001220703125,375.125,328.3620910644531,212290.0,DIVISLAB.NS
2011-06-23,374.0249938964844,376.5,369.6000061035156,372.57501220703125,326.1299133300781,197332.0,DIVISLAB.NS
2011-06-24,375.0,379.6499938964844,370.70001220703125,378.32501220703125,331.1630554199219,213806.0,DIVISLAB.NS
2011-06-27,376.5,384.5,376.5,380.6000061035156,333.1545104980469,253936.0,DIVISLAB.NS
2011-06-28,383.3999938964844,392.25,380.25,391.07501220703125,342.32366943359375,394014.0,DIVISLAB.NS
2011-06-29,392.5,392.8500061035156,388.0,391.45001220703125,342.65191650390625,186486.0,DIVISLAB.NS
2011-06-30,391.0,400.875,389.6000061035156,393.75,344.6651916503906,1357014.0,DIVISLAB.NS
2011-07-01,397.42498779296875,398.8999938964844,394.0,397.57501220703125,348.013427734375,202808.0,DIVISLAB.NS
2011-07-04,399.25,401.8500061035156,396.1000061035156,396.875,347.400634765625,294570.0,DIVISLAB.NS
2011-07-05,399.8999938964844,399.8999938964844,393.0,393.9750061035156,344.8621826171875,126016.0,DIVISLAB.NS
2011-07-06,395.8500061035156,399.8999938964844,391.5,394.75,345.5405578613281,197398.0,DIVISLAB.NS
2011-07-07,399.875,414.3999938964844,395.0,412.1000061035156,360.7276916503906,1315328.0,DIVISLAB.NS
2011-07-08,413.5,415.70001220703125,403.70001220703125,405.6000061035156,355.0379333496094,419286.0,DIVISLAB.NS
2011-07-11,407.5,410.5,401.0249938964844,407.2749938964844,356.50421142578125,394658.0,DIVISLAB.NS
2011-07-12,405.125,409.95001220703125,402.0,404.7250061035156,354.2720642089844,356512.0,DIVISLAB.NS
2011-07-13,408.0,411.5,406.0,410.2250061035156,359.08642578125,333376.0,DIVISLAB.NS
2011-07-14,409.4750061035156,414.92498779296875,407.45001220703125,411.07501220703125,359.8304748535156,285814.0,DIVISLAB.NS
2011-07-15,414.0,414.0,409.0,411.07501220703125,359.8304748535156,174392.0,DIVISLAB.NS
2011-07-18,412.0,420.25,410.75,414.92498779296875,363.2005920410156,347664.0,DIVISLAB.NS
2011-07-19,414.5,418.45001220703125,414.5,415.75,363.9226989746094,201548.0,DIVISLAB.NS
2011-07-20,418.45001220703125,419.0,409.6499938964844,410.625,359.4365539550781,126220.0,DIVISLAB.NS
2011-07-21,410.57501220703125,414.0,399.5249938964844,402.67498779296875,352.4776306152344,270942.0,DIVISLAB.NS
2011-07-22,408.5,409.95001220703125,405.75,408.04998779296875,357.1826477050781,83238.0,DIVISLAB.NS
2011-07-25,406.54998779296875,414.79998779296875,406.54998779296875,412.2749938964844,360.8809509277344,125254.0,DIVISLAB.NS
2011-07-26,413.25,415.95001220703125,405.0,412.3999938964844,360.99029541015625,386414.0,DIVISLAB.NS
2011-07-27,415.0,418.95001220703125,412.0,416.20001220703125,364.31658935546875,272326.0,DIVISLAB.NS
2011-07-28,415.0,420.95001220703125,413.5,415.57501220703125,363.76953125,882876.0,DIVISLAB.NS
2011-07-29,415.5249938964844,419.70001220703125,410.0,412.2250061035156,360.8371276855469,240958.0,DIVISLAB.NS
2011-08-01,412.5,416.92498779296875,407.625,410.20001220703125,359.0645446777344,104860.0,DIVISLAB.NS
2011-08-02,409.67498779296875,413.67498779296875,406.7250061035156,407.79998779296875,356.9637451171875,292466.0,DIVISLAB.NS
2011-08-03,407.0,407.375,398.5,404.82501220703125,354.3595886230469,219744.0,DIVISLAB.NS
2011-08-04,406.5,408.07501220703125,400.1499938964844,401.125,351.120849609375,150204.0,DIVISLAB.NS
2011-08-05,399.0,403.8500061035156,386.29998779296875,399.9750061035156,350.11419677734375,618392.0,DIVISLAB.NS
2011-08-08,375.04998779296875,394.5,375.04998779296875,390.82501220703125,342.10479736328125,396746.0,DIVISLAB.NS
2011-08-09,382.5,389.70001220703125,378.0,379.92498779296875,332.5636291503906,364418.0,DIVISLAB.NS
2011-08-10,382.0249938964844,391.0,382.0249938964844,389.2749938964844,340.7480773925781,178764.0,DIVISLAB.NS
2011-08-11,389.79998779296875,390.95001220703125,381.0249938964844,382.2749938964844,334.62066650390625,120310.0,DIVISLAB.NS
2011-08-12,386.0,388.4750061035156,380.0,381.5249938964844,333.9641418457031,120910.0,DIVISLAB.NS
2011-08-16,384.0,385.9750061035156,366.7250061035156,368.67498779296875,322.716064453125,286398.0,DIVISLAB.NS
2011-08-17,372.95001220703125,374.375,363.20001220703125,365.17498779296875,319.6523742675781,211224.0,DIVISLAB.NS
2011-08-18,367.0,367.5,349.45001220703125,362.54998779296875,317.3545837402344,513702.0,DIVISLAB.NS
2011-08-19,357.57501220703125,361.0,353.54998779296875,358.45001220703125,313.7657165527344,151794.0,DIVISLAB.NS
2011-08-22,357.4750061035156,364.0,355.5249938964844,358.7749938964844,314.0501403808594,398656.0,DIVISLAB.NS
2011-08-23,364.45001220703125,364.45001220703125,351.25,358.625,313.9188537597656,169810.0,DIVISLAB.NS
2011-08-24,359.0249938964844,362.32501220703125,353.0,357.6499938964844,313.06549072265625,206042.0,DIVISLAB.NS
2011-08-25,358.0249938964844,358.0249938964844,346.5,349.42498779296875,305.8656921386719,535848.0,DIVISLAB.NS
2011-08-26,350.0,355.75,345.0249938964844,350.0249938964844,306.3909606933594,364966.0,DIVISLAB.NS
2011-08-29,353.4750061035156,358.0,349.6000061035156,354.42498779296875,310.24249267578125,225602.0,DIVISLAB.NS
2011-08-30,353.79998779296875,364.95001220703125,352.6499938964844,362.6000061035156,317.3983459472656,381386.0,DIVISLAB.NS
2011-09-02,367.32501220703125,371.5,359.1499938964844,365.5249938964844,319.95867919921875,206670.0,DIVISLAB.NS
2011-09-05,362.20001220703125,369.07501220703125,358.875,367.8999938964844,322.03765869140625,218786.0,DIVISLAB.NS
2011-09-06,367.92498779296875,368.95001220703125,360.6000061035156,366.54998779296875,320.85595703125,74056.0,DIVISLAB.NS
2011-09-07,369.4750061035156,373.8999938964844,364.0249938964844,365.3999938964844,319.8493347167969,232758.0,DIVISLAB.NS
2011-09-08,374.95001220703125,374.95001220703125,363.79998779296875,366.92498779296875,321.1841735839844,95562.0,DIVISLAB.NS
2011-09-09,361.0,372.0,358.25,360.5249938964844,315.58203125,131866.0,DIVISLAB.NS
2011-09-12,360.5249938964844,360.5249938964844,351.6000061035156,356.32501220703125,311.90557861328125,162118.0,DIVISLAB.NS
2011-09-13,360.5,361.79998779296875,353.5,354.7250061035156,310.50506591796875,194174.0,DIVISLAB.NS
2011-09-14,355.5249938964844,363.4750061035156,352.54998779296875,362.125,316.9825744628906,111862.0,DIVISLAB.NS
2011-09-15,355.0,368.45001220703125,355.0,364.4750061035156,319.0395812988281,168430.0,DIVISLAB.NS
2011-09-16,365.0,371.25,358.5,360.0,315.12249755859375,326968.0,DIVISLAB.NS
2011-09-19,358.0,363.75,355.70001220703125,362.70001220703125,317.4858703613281,137322.0,DIVISLAB.NS
2011-09-20,363.125,369.1499938964844,363.125,365.95001220703125,320.3307800292969,149488.0,DIVISLAB.NS
2011-09-21,364.0,373.8999938964844,363.1000061035156,372.3500061035156,325.9329528808594,294230.0,DIVISLAB.NS
2011-09-22,367.54998779296875,369.92498779296875,355.2749938964844,358.67498779296875,313.962646484375,193938.0,DIVISLAB.NS
2011-09-23,357.3999938964844,361.5,353.5,359.32501220703125,314.5316162109375,84270.0,DIVISLAB.NS
2011-09-26,361.0,365.75,350.95001220703125,364.4750061035156,319.0395812988281,205160.0,DIVISLAB.NS
2011-09-27,366.6499938964844,368.95001220703125,356.7749938964844,361.375,316.3260803222656,256926.0,DIVISLAB.NS
2011-09-28,361.5249938964844,369.5,360.1499938964844,366.2749938964844,320.61517333984375,291080.0,DIVISLAB.NS
2011-09-29,366.5,374.32501220703125,358.54998779296875,372.45001220703125,326.0204772949219,361180.0,DIVISLAB.NS
2011-09-30,373.82501220703125,382.3500061035156,363.375,367.75,321.9063415527344,607600.0,DIVISLAB.NS
2011-10-03,367.0,367.0,359.125,364.07501220703125,318.68951416015625,218122.0,DIVISLAB.NS
2011-10-04,365.92498779296875,368.4750061035156,357.6000061035156,359.17498779296875,314.4002990722656,235674.0,DIVISLAB.NS
2011-10-05,362.3999938964844,363.45001220703125,357.5249938964844,358.3999938964844,313.721923828125,67974.0,DIVISLAB.NS
2011-10-07,361.5,365.95001220703125,361.1000061035156,361.8999938964844,316.7855529785156,95450.0,DIVISLAB.NS
2011-10-10,360.25,367.8999938964844,360.04998779296875,366.4750061035156,320.7902526855469,141108.0,DIVISLAB.NS
2011-10-11,362.0,369.3999938964844,360.7749938964844,364.1000061035156,318.71142578125,141518.0,DIVISLAB.NS
2011-10-12,365.0249938964844,372.0,365.0,369.7749938964844,323.6789245605469,274144.0,DIVISLAB.NS
2011-10-13,372.3500061035156,372.45001220703125,365.57501220703125,367.5249938964844,321.7093505859375,228752.0,DIVISLAB.NS
2011-10-14,365.25,368.0,364.25,367.4750061035156,321.66571044921875,481998.0,DIVISLAB.NS
2011-10-17,369.5,370.8999938964844,363.1000061035156,364.5249938964844,319.0834045410156,128570.0,DIVISLAB.NS
2011-10-18,359.0,363.8999938964844,357.5,362.1499938964844,317.00445556640625,383384.0,DIVISLAB.NS
2011-10-19,363.8500061035156,365.4750061035156,361.04998779296875,363.6000061035156,318.2737731933594,191008.0,DIVISLAB.NS
2011-10-20,367.1499938964844,367.1499938964844,361.5,363.5,318.1861572265625,148110.0,DIVISLAB.NS
2011-10-21,361.70001220703125,366.29998779296875,360.04998779296875,363.1499938964844,317.8797607421875,217440.0,DIVISLAB.NS
2011-10-24,364.125,366.3999938964844,359.17498779296875,360.1499938964844,315.2537536621094,64762.0,DIVISLAB.NS
2011-10-25,360.5249938964844,363.95001220703125,357.5249938964844,359.54998779296875,314.7286071777344,284018.0,DIVISLAB.NS
2011-10-28,374.95001220703125,382.0,367.5,380.57501220703125,333.132568359375,331878.0,DIVISLAB.NS
2011-10-31,382.5,389.0,380.42498779296875,385.4750061035156,337.4217834472656,271878.0,DIVISLAB.NS
2011-11-01,385.75,387.95001220703125,378.6499938964844,380.29998779296875,332.8918762207031,226482.0,DIVISLAB.NS
2011-11-02,385.25,389.4750061035156,380.5,381.42498779296875,333.8766174316406,577794.0,DIVISLAB.NS
2011-11-03,381.29998779296875,386.95001220703125,380.625,384.9750061035156,336.9841003417969,324234.0,DIVISLAB.NS
2011-11-04,387.0,387.5,383.6000061035156,385.7749938964844,337.6843566894531,299358.0,DIVISLAB.NS
2011-11-08,387.3500061035156,387.3500061035156,380.54998779296875,382.5,334.8175964355469,194614.0,DIVISLAB.NS
2011-11-09,382.5249938964844,385.95001220703125,379.4750061035156,380.42498779296875,333.0013427734375,335322.0,DIVISLAB.NS
2011-11-11,380.0,380.0,367.6499938964844,369.3500061035156,323.3069152832031,376046.0,DIVISLAB.NS
2011-11-14,374.3999938964844,374.3999938964844,362.5,364.57501220703125,319.1272277832031,210544.0,DIVISLAB.NS
2011-11-15,368.95001220703125,368.95001220703125,361.0,364.1499938964844,318.755126953125,266108.0,DIVISLAB.NS
2011-11-16,365.625,365.625,355.0,356.7749938964844,312.29949951171875,385268.0,DIVISLAB.NS
2011-11-17,362.3500061035156,362.3500061035156,353.57501220703125,357.1000061035156,312.583984375,250382.0,DIVISLAB.NS
2011-11-18,361.92498779296875,361.92498779296875,352.70001220703125,356.125,311.7304992675781,159500.0,DIVISLAB.NS
2011-11-21,356.20001220703125,359.4750061035156,353.07501220703125,355.5,311.1834716796875,186086.0,DIVISLAB.NS
2011-11-22,358.5,358.5,354.5,356.07501220703125,311.68682861328125,137614.0,DIVISLAB.NS
2011-11-23,351.0249938964844,361.7749938964844,347.6000061035156,356.70001220703125,312.23388671875,382976.0,DIVISLAB.NS
2011-11-24,356.6499938964844,365.95001220703125,346.54998779296875,362.5,317.3107604980469,395690.0,DIVISLAB.NS
2011-11-25,360.29998779296875,370.0,356.6000061035156,367.3999938964844,321.5999755859375,197640.0,DIVISLAB.NS
2011-11-28,374.8999938964844,375.0,366.92498779296875,368.125,322.2346496582031,308096.0,DIVISLAB.NS
2011-11-29,368.125,371.5249938964844,361.20001220703125,369.20001220703125,323.1756896972656,227000.0,DIVISLAB.NS
2011-11-30,369.25,375.0,364.5,374.1000061035156,327.4648132324219,387766.0,DIVISLAB.NS
2011-12-01,378.9750061035156,382.5,375.04998779296875,379.45001220703125,332.14788818359375,388976.0,DIVISLAB.NS
2011-12-02,380.0249938964844,383.6499938964844,375.5249938964844,381.75,334.1611633300781,147098.0,DIVISLAB.NS
2011-12-05,381.5,382.5,377.5,381.0,333.50457763671875,66056.0,DIVISLAB.NS
2011-12-07,380.9750061035156,386.0,373.0,376.42498779296875,329.4999084472656,431116.0,DIVISLAB.NS
2011-12-08,376.0,377.45001220703125,367.04998779296875,369.29998779296875,323.26312255859375,195646.0,DIVISLAB.NS
2011-12-09,369.9750061035156,369.9750061035156,355.4750061035156,364.70001220703125,319.2366027832031,209978.0,DIVISLAB.NS
2011-12-12,366.0249938964844,369.8999938964844,361.5,368.67498779296875,322.716064453125,221810.0,DIVISLAB.NS
2011-12-13,368.5,369.8999938964844,364.1499938964844,365.1000061035156,319.5867004394531,82388.0,DIVISLAB.NS
2011-12-14,368.5,369.2250061035156,362.25,365.70001220703125,320.1119384765625,129898.0,DIVISLAB.NS
2011-12-15,366.54998779296875,372.79998779296875,361.5,371.67498779296875,325.3421325683594,234738.0,DIVISLAB.NS
2011-12-16,374.875,384.92498779296875,370.07501220703125,378.25,331.0973815917969,614692.0,DIVISLAB.NS
2011-12-19,376.04998779296875,381.0,369.625,370.7749938964844,324.5542297363281,250630.0,DIVISLAB.NS
2011-12-20,370.7749938964844,376.0,368.25,369.2749938964844,323.24127197265625,265894.0,DIVISLAB.NS
2011-12-21,373.5,377.5,371.2250061035156,374.17498779296875,327.5304260253906,224652.0,DIVISLAB.NS
2011-12-22,370.5249938964844,378.25,370.5249938964844,375.8500061035156,328.9966125488281,93830.0,DIVISLAB.NS
2011-12-23,377.07501220703125,380.95001220703125,376.0,379.3500061035156,332.060302734375,141662.0,DIVISLAB.NS
2011-12-26,381.5,381.5,377.6000061035156,380.125,332.7386779785156,148440.0,DIVISLAB.NS
2011-12-27,381.0,385.75,378.5249938964844,384.3500061035156,336.43701171875,517902.0,DIVISLAB.NS
2011-12-28,383.5,392.25,383.4750061035156,390.8999938964844,342.1705322265625,579238.0,DIVISLAB.NS
2011-12-29,390.5,394.75,380.625,384.125,336.24005126953125,848460.0,DIVISLAB.NS
2011-12-30,382.25,391.8999938964844,377.6000061035156,388.32501220703125,339.9164733886719,446030.0,DIVISLAB.NS
2012-01-02,378.6000061035156,393.45001220703125,347.0,390.79998779296875,342.0829162597656,164758.0,DIVISLAB.NS
2012-01-03,394.875,394.875,389.0249938964844,391.95001220703125,343.089599609375,157968.0,DIVISLAB.NS
2012-01-04,392.5,395.0249938964844,390.17498779296875,391.95001220703125,343.089599609375,290132.0,DIVISLAB.NS
2012-01-05,394.0,394.8999938964844,385.25,386.20001220703125,338.056396484375,351586.0,DIVISLAB.NS
2012-01-06,384.5249938964844,389.0,382.54998779296875,385.17498779296875,337.15911865234375,312006.0,DIVISLAB.NS
2012-01-09,389.17498779296875,397.5,385.625,396.125,346.7441101074219,282394.0,DIVISLAB.NS
2012-01-10,396.54998779296875,398.5,393.0,397.20001220703125,347.6850891113281,354906.0,DIVISLAB.NS
2012-01-11,397.54998779296875,399.5,393.04998779296875,395.92498779296875,346.5690612792969,138162.0,DIVISLAB.NS
2012-01-12,395.0,396.95001220703125,388.0249938964844,389.29998779296875,340.7699279785156,284504.0,DIVISLAB.NS
2012-01-13,388.0,393.70001220703125,388.0,389.7250061035156,341.1419982910156,205604.0,DIVISLAB.NS
2012-01-16,389.9750061035156,392.0,385.82501220703125,389.9750061035156,341.3608093261719,134556.0,DIVISLAB.NS
2012-01-17,392.875,393.8999938964844,386.82501220703125,387.79998779296875,339.4569091796875,190042.0,DIVISLAB.NS
2012-01-18,389.5,397.25,387.92498779296875,391.82501220703125,342.980224609375,353906.0,DIVISLAB.NS
2012-01-19,394.95001220703125,394.95001220703125,389.5249938964844,390.67498779296875,341.9735107421875,66872.0,DIVISLAB.NS
2012-01-20,392.45001220703125,393.95001220703125,378.54998779296875,388.67498779296875,340.2228088378906,526156.0,DIVISLAB.NS
2012-01-23,385.82501220703125,396.7749938964844,385.82501220703125,394.04998779296875,344.92779541015625,138902.0,DIVISLAB.NS
2012-01-24,395.3999938964844,399.3999938964844,393.5,397.29998779296875,347.77264404296875,282018.0,DIVISLAB.NS
2012-01-25,399.4750061035156,406.8999938964844,390.54998779296875,402.32501220703125,352.1712341308594,617194.0,DIVISLAB.NS
2012-01-27,406.7250061035156,411.17498779296875,403.125,408.7749938964844,357.8172302246094,273226.0,DIVISLAB.NS
2012-01-30,408.79998779296875,408.79998779296875,382.5,392.79998779296875,343.8336486816406,792224.0,DIVISLAB.NS
2012-01-31,392.79998779296875,398.875,387.5,392.70001220703125,343.7460632324219,908200.0,DIVISLAB.NS
2012-02-01,395.54998779296875,398.7250061035156,391.125,396.42498779296875,347.00677490234375,280146.0,DIVISLAB.NS
2012-02-02,398.92498779296875,399.45001220703125,389.5,391.07501220703125,342.32366943359375,110258.0,DIVISLAB.NS
2012-02-03,390.70001220703125,394.0,388.8999938964844,390.75,342.03924560546875,165612.0,DIVISLAB.NS
2012-02-06,394.4750061035156,394.5,389.5,392.20001220703125,343.3084411621094,125348.0,DIVISLAB.NS
2012-02-07,396.0,396.5,385.1000061035156,387.32501220703125,339.0411682128906,199532.0,DIVISLAB.NS
2012-02-08,387.29998779296875,388.5,378.5249938964844,384.7749938964844,336.8089904785156,157932.0,DIVISLAB.NS
2012-02-09,391.3999938964844,391.3999938964844,382.5249938964844,383.67498779296875,335.8461608886719,190340.0,DIVISLAB.NS
2012-02-10,388.45001220703125,388.4750061035156,375.5,377.2749938964844,330.24395751953125,298840.0,DIVISLAB.NS
2012-02-13,377.29998779296875,379.0,372.5,373.5,326.9395446777344,482600.0,DIVISLAB.NS
2012-02-14,373.2749938964844,374.8999938964844,365.0,366.70001220703125,320.98724365234375,497080.0,DIVISLAB.NS
2012-02-15,365.57501220703125,374.5,362.0,364.8999938964844,319.4116516113281,1829332.0,DIVISLAB.NS
2012-02-16,368.875,374.5,364.29998779296875,369.8500061035156,323.7445983886719,1024196.0,DIVISLAB.NS
2012-02-17,373.92498779296875,384.25,369.0,378.57501220703125,331.3819274902344,1127116.0,DIVISLAB.NS
2012-02-21,382.125,386.0,375.70001220703125,378.45001220703125,331.27252197265625,403634.0,DIVISLAB.NS
2012-02-22,380.0,380.0,365.20001220703125,369.3500061035156,323.3069152832031,531854.0,DIVISLAB.NS
2012-02-23,369.75,369.8500061035156,359.8999938964844,361.8999938964844,316.7855529785156,911288.0,DIVISLAB.NS
2012-02-24,366.0,367.5,359.3999938964844,360.3500061035156,315.4288635253906,200212.0,DIVISLAB.NS
2012-02-27,364.0,364.0,355.29998779296875,358.17498779296875,313.52496337890625,489036.0,DIVISLAB.NS
2012-02-28,361.07501220703125,363.4750061035156,358.7250061035156,361.70001220703125,316.6105651855469,254428.0,DIVISLAB.NS
2012-02-29,363.0,370.75,361.1000061035156,363.8999938964844,318.5362854003906,569756.0,DIVISLAB.NS
2012-03-01,363.57501220703125,373.0,363.57501220703125,372.0249938964844,325.6484375,541624.0,DIVISLAB.NS
2012-03-02,372.5,374.3500061035156,367.79998779296875,369.42498779296875,323.3725891113281,304966.0,DIVISLAB.NS
2012-03-05,369.3500061035156,369.4750061035156,362.0,362.6499938964844,317.442138671875,224188.0,DIVISLAB.NS
2012-03-06,362.0,366.8999938964844,360.0249938964844,361.625,316.54486083984375,186242.0,DIVISLAB.NS
2012-03-07,362.875,367.5,360.0,366.5249938964844,320.8340759277344,120410.0,DIVISLAB.NS
2012-03-09,369.9750061035156,373.5,367.5249938964844,372.42498779296875,325.9985656738281,186698.0,DIVISLAB.NS
2012-03-12,375.4750061035156,375.95001220703125,371.25,373.1000061035156,326.58941650390625,103492.0,DIVISLAB.NS
2012-03-13,373.2749938964844,377.92498779296875,368.8999938964844,370.17498779296875,324.029052734375,369544.0,DIVISLAB.NS
2012-03-14,373.0,374.5,367.57501220703125,368.875,322.8910827636719,221862.0,DIVISLAB.NS
2012-03-15,365.5,370.0,363.25,365.125,319.6086120605469,183094.0,DIVISLAB.NS
2012-03-16,367.5,367.5,361.5,362.7250061035156,317.5078125,275504.0,DIVISLAB.NS
2012-03-19,374.9750061035156,374.9750061035156,360.0249938964844,360.45001220703125,315.5163879394531,92302.0,DIVISLAB.NS
2012-03-20,358.0,369.5,357.5249938964844,367.42498779296875,321.621826171875,160450.0,DIVISLAB.NS
2012-03-21,365.0,373.875,365.0,372.42498779296875,325.9985656738281,304426.0,DIVISLAB.NS
2012-03-22,372.45001220703125,374.0,367.0249938964844,371.07501220703125,324.8169250488281,335634.0,DIVISLAB.NS
2012-03-23,370.20001220703125,373.8999938964844,365.5,371.8999938964844,325.5390625,324962.0,DIVISLAB.NS
2012-03-26,374.45001220703125,374.95001220703125,369.0,371.75,325.40771484375,130048.0,DIVISLAB.NS
2012-03-27,372.8500061035156,377.5,370.25,375.57501220703125,328.7559814453125,342080.0,DIVISLAB.NS
2012-03-28,376.0,382.0,369.0249938964844,371.2749938964844,324.9919128417969,297412.0,DIVISLAB.NS
2012-03-29,371.4750061035156,375.5,368.57501220703125,372.2250061035156,325.823486328125,497388.0,DIVISLAB.NS
2012-03-30,371.5249938964844,386.0249938964844,369.82501220703125,383.0249938964844,335.27716064453125,893634.0,DIVISLAB.NS
2012-04-02,384.0,387.3999938964844,380.8999938964844,382.79998779296875,335.0802001953125,151114.0,DIVISLAB.NS
2012-04-03,384.3999938964844,386.3999938964844,376.375,380.6000061035156,333.1545104980469,342352.0,DIVISLAB.NS
2012-04-04,374.1499938964844,385.0,374.1499938964844,383.1499938964844,335.3865966796875,150118.0,DIVISLAB.NS
2012-04-09,383.1499938964844,383.1499938964844,377.07501220703125,378.45001220703125,331.27252197265625,109510.0,DIVISLAB.NS
2012-04-10,377.29998779296875,386.5,377.29998779296875,385.6000061035156,337.5312194824219,200052.0,DIVISLAB.NS
2012-04-11,387.0,390.0,384.0,387.3999938964844,339.1067810058594,392974.0,DIVISLAB.NS
2012-04-12,388.9750061035156,403.95001220703125,388.9750061035156,399.1000061035156,349.3482360839844,1055988.0,DIVISLAB.NS
2012-04-13,400.0,417.25,399.8999938964844,402.07501220703125,351.95245361328125,803490.0,DIVISLAB.NS
2012-04-16,404.5,407.57501220703125,401.04998779296875,404.8999938964844,354.4252624511719,212722.0,DIVISLAB.NS
2012-04-17,407.3999938964844,407.3999938964844,400.0,404.79998779296875,354.3377380371094,247604.0,DIVISLAB.NS
2012-04-18,406.79998779296875,414.5,406.5,409.0249938964844,358.03607177734375,234570.0,DIVISLAB.NS
2012-04-19,410.0,424.95001220703125,405.70001220703125,423.79998779296875,370.9692077636719,635022.0,DIVISLAB.NS
2012-04-20,425.3500061035156,426.2250061035156,410.04998779296875,416.625,364.6885986328125,332988.0,DIVISLAB.NS
2012-04-23,415.0,423.0,411.7250061035156,415.1499938964844,363.3974609375,245340.0,DIVISLAB.NS
2012-04-24,415.5249938964844,417.4750061035156,411.07501220703125,411.9750061035156,360.6183166503906,158018.0,DIVISLAB.NS
2012-04-25,412.04998779296875,416.6499938964844,408.9750061035156,412.54998779296875,361.1216125488281,360910.0,DIVISLAB.NS
2012-04-26,410.25,415.8999938964844,409.5249938964844,414.125,362.500244140625,400006.0,DIVISLAB.NS
2012-04-27,415.0,418.95001220703125,412.625,415.375,363.5944519042969,217288.0,DIVISLAB.NS
2012-04-30,420.95001220703125,430.9750061035156,415.07501220703125,428.1000061035156,374.733154296875,520692.0,DIVISLAB.NS
2012-05-02,430.0,439.20001220703125,429.9750061035156,433.125,379.1317443847656,584290.0,DIVISLAB.NS
2012-05-03,432.5,436.3500061035156,426.5,433.32501220703125,379.3067626953125,202178.0,DIVISLAB.NS
2012-05-04,450.0,450.0,427.5,430.29998779296875,376.658935546875,310558.0,DIVISLAB.NS
2012-05-07,434.7250061035156,434.875,420.5,430.45001220703125,376.7901916503906,350110.0,DIVISLAB.NS
2012-05-08,432.5,434.8999938964844,407.7250061035156,415.0249938964844,363.28814697265625,617298.0,DIVISLAB.NS
2012-05-09,410.0,416.4750061035156,405.0,411.6000061035156,360.2900390625,228306.0,DIVISLAB.NS
2012-05-10,414.0,416.42498779296875,407.1499938964844,410.45001220703125,359.2834167480469,239862.0,DIVISLAB.NS
2012-05-11,414.8999938964844,415.95001220703125,405.6000061035156,410.9750061035156,359.74298095703125,103218.0,DIVISLAB.NS
2012-05-14,425.0,443.95001220703125,425.0,440.92498779296875,385.95941162109375,1241700.0,DIVISLAB.NS
2012-05-15,442.0,455.3999938964844,432.20001220703125,448.67498779296875,392.7432556152344,1342570.0,DIVISLAB.NS
2012-05-16,442.54998779296875,446.45001220703125,433.1000061035156,443.3500061035156,388.08209228515625,404508.0,DIVISLAB.NS
2012-05-17,446.45001220703125,457.0,444.32501220703125,448.54998779296875,392.6338195800781,586664.0,DIVISLAB.NS
2012-05-18,444.5,459.42498779296875,441.04998779296875,457.25,400.2493591308594,469772.0,DIVISLAB.NS
2012-05-21,447.5249938964844,466.0,447.5249938964844,464.0,406.1578674316406,342146.0,DIVISLAB.NS
2012-05-22,470.0,470.0,450.8500061035156,462.7749938964844,405.0856018066406,394214.0,DIVISLAB.NS
2012-05-23,463.0,474.5,462.0,471.9750061035156,413.1387634277344,685402.0,DIVISLAB.NS
2012-05-24,469.0,475.3999938964844,463.1499938964844,470.5,411.8475646972656,382328.0,DIVISLAB.NS
2012-05-25,473.20001220703125,475.2250061035156,470.42498779296875,474.07501220703125,414.9769592285156,302344.0,DIVISLAB.NS
2012-05-28,475.0,475.0,465.67498779296875,469.3500061035156,410.8409729003906,394236.0,DIVISLAB.NS
2012-05-29,461.0,473.8999938964844,461.0,463.7749938964844,405.9608459472656,356414.0,DIVISLAB.NS
2012-05-30,459.25,467.95001220703125,459.25,464.5249938964844,406.61737060546875,294788.0,DIVISLAB.NS
2012-05-31,465.32501220703125,475.2250061035156,461.7749938964844,466.75,408.5650329589844,1041792.0,DIVISLAB.NS
2012-06-01,465.0,469.375,452.04998779296875,454.3500061035156,397.7108459472656,243774.0,DIVISLAB.NS
2012-06-04,454.17498779296875,464.875,449.4750061035156,462.67498779296875,404.998046875,201440.0,DIVISLAB.NS
2012-06-05,465.79998779296875,473.3999938964844,462.04998779296875,469.42498779296875,410.9066162109375,378020.0,DIVISLAB.NS
2012-06-06,470.0,473.4750061035156,461.875,466.45001220703125,408.3024597167969,346838.0,DIVISLAB.NS
2012-06-07,468.5,477.0,466.5,472.8500061035156,413.9046325683594,700694.0,DIVISLAB.NS
2012-06-08,473.54998779296875,476.0249938964844,466.57501220703125,469.0249938964844,410.55645751953125,236668.0,DIVISLAB.NS
2012-06-11,468.5,471.5,459.04998779296875,460.5249938964844,403.1160583496094,265826.0,DIVISLAB.NS
2012-06-12,459.5249938964844,468.5,455.57501220703125,466.8999938964844,408.69635009765625,365680.0,DIVISLAB.NS
2012-06-13,468.0,468.5,456.17498779296875,458.29998779296875,401.16839599609375,214086.0,DIVISLAB.NS
2012-06-14,456.2250061035156,464.45001220703125,456.2250061035156,457.5249938964844,400.4900207519531,284616.0,DIVISLAB.NS
2012-06-15,461.42498779296875,463.29998779296875,454.2749938964844,461.54998779296875,404.01324462890625,460954.0,DIVISLAB.NS
2012-06-18,466.92498779296875,466.92498779296875,455.0,458.875,401.6717834472656,243364.0,DIVISLAB.NS
2012-06-19,458.875,474.5,456.125,472.7250061035156,413.7951965332031,336442.0,DIVISLAB.NS
2012-06-20,472.4750061035156,484.0,471.0249938964844,479.95001220703125,420.1195983886719,712684.0,DIVISLAB.NS
2012-06-21,492.5,499.20001220703125,470.54998779296875,474.1499938964844,415.04254150390625,514742.0,DIVISLAB.NS
2012-06-22,478.5,480.0,469.0249938964844,476.57501220703125,417.1652526855469,163010.0,DIVISLAB.NS
2012-06-25,481.79998779296875,481.92498779296875,473.5,474.2250061035156,415.1082458496094,206426.0,DIVISLAB.NS
2012-06-26,474.9750061035156,493.4750061035156,474.1000061035156,490.125,429.0260925292969,470980.0,DIVISLAB.NS
2012-06-27,490.5,500.04998779296875,490.5,495.625,433.8404846191406,596102.0,DIVISLAB.NS
2012-06-28,497.5,499.5,489.0249938964844,492.375,430.99566650390625,446960.0,DIVISLAB.NS
2012-06-29,496.67498779296875,516.5,492.92498779296875,512.5750122070312,448.67755126953125,780658.0,DIVISLAB.NS
2012-07-02,515.0,526.9749755859375,510.2749938964844,522.4500122070312,457.3215026855469,567850.0,DIVISLAB.NS
2012-07-03,523.9249877929688,524.9000244140625,509.0,514.5250244140625,450.3844909667969,402242.0,DIVISLAB.NS
2012-07-04,510.5249938964844,522.8250122070312,510.5249938964844,515.2000122070312,450.9753112792969,350950.0,DIVISLAB.NS
2012-07-05,516.0,519.9000244140625,512.5,517.5999755859375,453.0760803222656,110360.0,DIVISLAB.NS
2012-07-06,518.0,519.4249877929688,508.25,510.5,446.8611755371094,97812.0,DIVISLAB.NS
2012-07-09,511.9750061035156,514.2000122070312,505.5249938964844,506.8500061035156,443.6661682128906,230318.0,DIVISLAB.NS
2012-07-10,506.0,529.5,505.0,521.5750122070312,456.5555419921875,577542.0,DIVISLAB.NS
2012-07-11,516.875,530.9749755859375,516.875,524.7000122070312,459.2909240722656,407720.0,DIVISLAB.NS
2012-07-12,524.5,529.75,520.125,525.375,459.8818359375,271614.0,DIVISLAB.NS
2012-07-13,515.0,525.375,505.8500061035156,523.125,457.9123840332031,249432.0,DIVISLAB.NS
2012-07-16,524.9000244140625,534.4000244140625,524.0999755859375,529.25,463.2738037109375,287916.0,DIVISLAB.NS
2012-07-17,535.5,549.7000122070312,527.5499877929688,530.0750122070312,463.99591064453125,198454.0,DIVISLAB.NS
2012-07-18,533.0250244140625,534.5,527.0499877929688,529.5499877929688,463.5364074707031,539334.0,DIVISLAB.NS
2012-07-19,522.0250244140625,539.5,522.0250244140625,537.75,470.7142028808594,226030.0,DIVISLAB.NS
2012-07-20,537.6500244140625,545.0,535.5,541.4500122070312,473.9530029296875,267232.0,DIVISLAB.NS
2012-07-23,542.6500244140625,547.0,533.0999755859375,534.625,467.9787902832031,208162.0,DIVISLAB.NS
2012-07-24,530.7000122070312,548.8499755859375,530.7000122070312,547.0250244140625,478.83306884765625,271568.0,DIVISLAB.NS
2012-07-25,546.4749755859375,552.2249755859375,541.9500122070312,550.4500122070312,481.8309326171875,372678.0,DIVISLAB.NS
2012-07-26,548.5,550.3499755859375,537.4000244140625,541.0,479.2179870605469,377420.0,DIVISLAB.NS
2012-07-27,538.9749755859375,553.8499755859375,530.5499877929688,532.2999877929688,471.5115051269531,317840.0,DIVISLAB.NS
2012-07-30,534.9500122070312,548.0750122070312,530.5999755859375,546.2000122070312,483.8240661621094,187050.0,DIVISLAB.NS
2012-07-31,545.0250244140625,556.875,543.5,548.3499755859375,485.72857666015625,406492.0,DIVISLAB.NS
2012-08-01,552.0,555.5,545.5250244140625,551.6749877929688,488.6737976074219,165814.0,DIVISLAB.NS
2012-08-02,552.5250244140625,555.0,550.25,553.0499877929688,489.8917541503906,76958.0,DIVISLAB.NS
2012-08-03,550.25,561.0,550.0250244140625,557.9749755859375,494.25433349609375,245878.0,DIVISLAB.NS
2012-08-06,565.7999877929688,570.0,556.4500122070312,562.125,497.93048095703125,605770.0,DIVISLAB.NS
2012-08-07,564.9000244140625,565.625,549.5,551.375,488.4081115722656,249532.0,DIVISLAB.NS
2012-08-08,550.5,560.5,545.0499877929688,557.5750122070312,493.9000549316406,339386.0,DIVISLAB.NS
2012-08-09,562.5250244140625,562.5250244140625,555.4249877929688,559.2000122070312,495.3394470214844,299242.0,DIVISLAB.NS
2012-08-10,561.0,566.1749877929688,558.0,563.3250122070312,498.9933776855469,254250.0,DIVISLAB.NS
2012-08-13,564.0250244140625,569.0,560.0,566.6500244140625,501.9387512207031,149728.0,DIVISLAB.NS
2012-08-14,564.1749877929688,579.0250244140625,564.1749877929688,570.75,505.5704345703125,436154.0,DIVISLAB.NS
2012-08-16,572.9249877929688,588.3250122070312,570.7750244140625,585.5499877929688,518.6802368164062,578310.0,DIVISLAB.NS
2012-08-17,591.0,597.75,584.5,587.6500244140625,520.54052734375,656430.0,DIVISLAB.NS
2012-08-21,593.5250244140625,593.5250244140625,584.2750244140625,588.3499755859375,521.1605224609375,282936.0,DIVISLAB.NS
2012-08-22,588.5250244140625,589.0,575.125,576.5250244140625,510.68597412109375,213382.0,DIVISLAB.NS
2012-08-23,579.9749755859375,600.8499755859375,578.7750244140625,592.0499877929688,524.4380493164062,947806.0,DIVISLAB.NS
2012-08-24,594.0250244140625,596.75,585.4749755859375,589.7750244140625,522.4229125976562,220854.0,DIVISLAB.NS
2012-08-27,593.0,599.6749877929688,588.5499877929688,593.625,525.8330688476562,182772.0,DIVISLAB.NS
2012-08-28,599.5,599.5,547.4749755859375,565.4000244140625,500.83154296875,2386924.0,DIVISLAB.NS
2012-08-29,567.4749755859375,579.9500122070312,561.3499755859375,577.75,511.7710266113281,623248.0,DIVISLAB.NS
2012-08-30,578.0250244140625,579.9000244140625,571.0750122070312,574.7999877929688,509.1579284667969,392364.0,DIVISLAB.NS
2012-08-31,561.0750122070312,585.5,561.0750122070312,569.9749755859375,504.88397216796875,447448.0,DIVISLAB.NS
2012-09-03,574.6500244140625,574.6500244140625,555.0,557.7750244140625,494.07720947265625,350318.0,DIVISLAB.NS
2012-09-04,558.2750244140625,560.0,535.4500122070312,556.6749877929688,493.1027526855469,1120566.0,DIVISLAB.NS
2012-09-05,546.375,567.8499755859375,544.625,560.4500122070312,496.44677734375,618680.0,DIVISLAB.NS
2012-09-06,569.5250244140625,571.9000244140625,554.0499877929688,567.4500122070312,502.64739990234375,434408.0,DIVISLAB.NS
2012-09-07,574.0,580.0,568.0250244140625,576.9749755859375,511.0845947265625,433872.0,DIVISLAB.NS
2012-09-10,584.7249755859375,587.5,576.2750244140625,579.4249877929688,513.2547607421875,279880.0,DIVISLAB.NS
2012-09-11,585.4249877929688,585.4249877929688,568.25,570.9000244140625,505.7034606933594,353028.0,DIVISLAB.NS
2012-09-12,571.0,578.6749877929688,564.0499877929688,569.4000244140625,504.3747253417969,547066.0,DIVISLAB.NS
2012-09-13,570.0,570.0,555.5,558.5999755859375,494.8078918457031,576306.0,DIVISLAB.NS
2012-09-14,557.5,565.4500122070312,550.0999755859375,554.7000122070312,491.3533020019531,655158.0,DIVISLAB.NS
2012-09-17,560.0,560.0,530.0750122070312,538.5999755859375,477.0919494628906,1036126.0,DIVISLAB.NS
2012-09-18,542.5250244140625,553.5,538.5,547.6749877929688,485.1305847167969,338650.0,DIVISLAB.NS
2012-09-20,550.0,557.0999755859375,532.25,535.5499877929688,474.3902893066406,793004.0,DIVISLAB.NS
2012-09-21,536.0,543.6500244140625,530.5,537.7000122070312,476.2948303222656,671216.0,DIVISLAB.NS
2012-09-24,535.0,540.4500122070312,512.5,522.7000122070312,463.0077819824219,1136930.0,DIVISLAB.NS
2012-09-25,522.5,539.0,518.5499877929688,531.75,471.0242004394531,404546.0,DIVISLAB.NS
2012-09-26,535.0,539.0,527.625,533.25,472.3529357910156,536538.0,DIVISLAB.NS
2012-09-27,534.0250244140625,543.0,531.125,533.2000122070312,472.3087158203125,698156.0,DIVISLAB.NS
2012-09-28,535.5,551.25,525.5250244140625,541.2999877929688,479.4836730957031,939832.0,DIVISLAB.NS
2012-10-01,544.4249877929688,562.3499755859375,542.5,561.0250244140625,496.9560852050781,710372.0,DIVISLAB.NS
2012-10-03,561.1500244140625,571.8499755859375,558.9000244140625,566.5,501.8058166503906,925600.0,DIVISLAB.NS
2012-10-04,557.7999877929688,574.625,557.7999877929688,565.7000122070312,501.09716796875,778240.0,DIVISLAB.NS
2012-10-05,567.75,567.75,543.7249755859375,547.7750244140625,485.2192687988281,262930.0,DIVISLAB.NS
2012-10-08,550.5,561.0,542.2249755859375,550.1749877929688,487.3450927734375,336856.0,DIVISLAB.NS
2012-10-09,557.4500122070312,570.0750122070312,549.0,566.6749877929688,501.9608459472656,353034.0,DIVISLAB.NS
2012-10-10,569.5,577.25,557.25,562.0250244140625,497.8419494628906,423912.0,DIVISLAB.NS
2012-10-11,563.0,566.7999877929688,556.4749755859375,559.125,495.27294921875,361090.0,DIVISLAB.NS
2012-10-12,557.5,573.5,557.5,571.0499877929688,505.8362731933594,461564.0,DIVISLAB.NS
2012-10-15,599.2000122070312,599.2000122070312,568.1500244140625,569.6500244140625,504.5960693359375,415130.0,DIVISLAB.NS
2012-10-16,579.9500122070312,579.9500122070312,558.0250244140625,560.5,496.4909973144531,193210.0,DIVISLAB.NS
2012-10-17,565.0,569.3250122070312,560.5,563.5250244140625,499.1706237792969,259614.0,DIVISLAB.NS
2012-10-18,564.0,572.3499755859375,562.5,568.25,503.35595703125,251494.0,DIVISLAB.NS
2012-10-19,565.6500244140625,571.7000122070312,558.5999755859375,563.7000122070312,499.3256530761719,200724.0,DIVISLAB.NS
2012-10-22,563.3250122070312,583.875,560.5,580.9749755859375,514.6277465820312,563266.0,DIVISLAB.NS
2012-10-23,581.0,589.5,577.8499755859375,579.7750244140625,513.5648803710938,356790.0,DIVISLAB.NS
2012-10-25,580.0,586.0,572.4249877929688,575.4749755859375,509.7558288574219,706900.0,DIVISLAB.NS
2012-10-29,582.5250244140625,585.5,574.1500244140625,578.7000122070312,512.6126098632812,396426.0,DIVISLAB.NS
2012-10-30,581.8250122070312,584.9500122070312,577.5999755859375,580.4249877929688,514.140625,243130.0,DIVISLAB.NS
2012-10-31,582.4749755859375,600.5,578.5250244140625,599.5750122070312,531.103759765625,1191476.0,DIVISLAB.NS
2012-11-01,600.625,607.5,585.0,600.0,531.4800415039062,561086.0,DIVISLAB.NS
2012-11-02,603.9500122070312,608.0,592.5999755859375,596.5499877929688,528.424072265625,436882.0,DIVISLAB.NS
2012-11-05,592.0,596.5250244140625,552.0,573.4000244140625,507.91790771484375,937042.0,DIVISLAB.NS
2012-11-06,570.5250244140625,578.2249755859375,564.4749755859375,569.4500122070312,504.4190979003906,951340.0,DIVISLAB.NS
2012-11-07,573.9500122070312,583.5250244140625,569.5,580.1500244140625,513.89697265625,451964.0,DIVISLAB.NS
2012-11-08,575.0250244140625,584.6749877929688,571.5250244140625,582.2000122070312,515.712890625,290080.0,DIVISLAB.NS
2012-11-09,584.4749755859375,587.5,576.3250122070312,582.9500122070312,516.3772583007812,614896.0,DIVISLAB.NS
2012-11-12,580.0,599.5,571.3499755859375,594.25,526.3867797851562,1049840.0,DIVISLAB.NS
2012-11-15,604.5,607.1749877929688,591.5,598.2999877929688,529.9742431640625,1132714.0,DIVISLAB.NS
2012-11-16,598.5250244140625,603.625,580.7249755859375,585.8499755859375,518.946044921875,436668.0,DIVISLAB.NS
2012-11-19,586.7000122070312,588.9749755859375,575.5750122070312,582.875,516.310791015625,271044.0,DIVISLAB.NS
2012-11-20,582.5,587.5,576.0,581.0250244140625,514.672119140625,222608.0,DIVISLAB.NS
2012-11-21,580.5250244140625,592.4749755859375,578.0999755859375,587.0999755859375,520.0532836914062,299138.0,DIVISLAB.NS
2012-11-22,588.2249755859375,592.5,584.0,588.0,520.8505249023438,318680.0,DIVISLAB.NS
2012-11-23,588.5,594.7000122070312,584.2249755859375,585.8499755859375,518.946044921875,453626.0,DIVISLAB.NS
2012-11-26,586.0250244140625,592.5,584.0,588.7000122070312,521.4705810546875,858570.0,DIVISLAB.NS
2012-11-27,591.0,594.8250122070312,587.4749755859375,588.5750122070312,521.3599243164062,722426.0,DIVISLAB.NS
2012-11-29,590.0999755859375,599.0,583.2000122070312,590.3499755859375,522.93212890625,1823112.0,DIVISLAB.NS
2012-11-30,590.125,617.2000122070312,580.0250244140625,592.4500122070312,524.792236328125,7061922.0,DIVISLAB.NS
2012-12-03,588.4749755859375,589.5,581.0,585.4500122070312,518.5917358398438,432690.0,DIVISLAB.NS
2012-12-04,587.375,589.0,582.0499877929688,585.8499755859375,518.946044921875,346694.0,DIVISLAB.NS
2012-12-05,587.0250244140625,588.9749755859375,580.8250122070312,583.5250244140625,516.8865966796875,201234.0,DIVISLAB.NS
2012-12-06,584.0250244140625,586.9500122070312,572.5,583.0999755859375,516.5100708007812,512718.0,DIVISLAB.NS
2012-12-07,581.0250244140625,596.375,575.0,590.7750244140625,523.3086547851562,251410.0,DIVISLAB.NS
2012-12-10,590.0750122070312,594.25,584.0499877929688,590.9249877929688,523.4413452148438,166776.0,DIVISLAB.NS
2012-12-11,586.2000122070312,599.0,578.3250122070312,581.5999755859375,515.181396484375,274036.0,DIVISLAB.NS
2012-12-12,581.5,589.0,578.25,587.0750122070312,520.0311889648438,1515652.0,DIVISLAB.NS
2012-12-13,589.9749755859375,590.0,560.875,566.6500244140625,501.9387512207031,401190.0,DIVISLAB.NS
2012-12-14,565.3250122070312,572.0,561.125,565.2249755859375,500.67633056640625,266198.0,DIVISLAB.NS
2012-12-17,569.0,569.0,538.5499877929688,548.4249877929688,485.7950134277344,926648.0,DIVISLAB.NS
2012-12-18,550.9000244140625,552.125,541.1749877929688,548.4500122070312,485.8171081542969,463986.0,DIVISLAB.NS
2012-12-19,550.0750122070312,557.0,543.125,553.9249877929688,490.6668395996094,384942.0,DIVISLAB.NS
2012-12-20,557.4749755859375,564.5750122070312,555.5,559.5750122070312,495.67169189453125,301522.0,DIVISLAB.NS
2012-12-21,557.8250122070312,559.6749877929688,534.5999755859375,537.75,476.3390197753906,579212.0,DIVISLAB.NS
2012-12-24,538.625,542.5250244140625,530.6500244140625,532.8250122070312,471.97650146484375,343892.0,DIVISLAB.NS
2012-12-26,571.7000122070312,571.7000122070312,527.5750122070312,529.4000244140625,468.9426574707031,299428.0,DIVISLAB.NS
2012-12-27,534.8499755859375,546.9500122070312,522.5,542.3250122070312,480.39166259765625,2316586.0,DIVISLAB.NS
2012-12-28,546.4500122070312,549.7249755859375,534.5750122070312,539.2750244140625,477.68988037109375,405128.0,DIVISLAB.NS
2012-12-31,534.7750244140625,558.0,534.7750244140625,552.2000122070312,489.138916015625,502612.0,DIVISLAB.NS
2013-01-01,557.25,559.6500244140625,547.6500244140625,549.125,486.4150695800781,134850.0,DIVISLAB.NS
2013-01-02,553.7000122070312,555.375,545.5,552.9000244140625,489.7590637207031,372366.0,DIVISLAB.NS
2013-01-03,555.9749755859375,556.3499755859375,545.625,546.8499755859375,484.39984130859375,275836.0,DIVISLAB.NS
2013-01-04,546.9000244140625,559.375,540.5750122070312,555.1500244140625,491.7519836425781,554734.0,DIVISLAB.NS
2013-01-07,548.0250244140625,558.0750122070312,542.9249877929688,547.3499755859375,484.8426513671875,357672.0,DIVISLAB.NS
2013-01-08,540.625,549.0999755859375,536.0250244140625,539.0999755859375,477.534912109375,430782.0,DIVISLAB.NS
2013-01-09,542.875,548.5,540.0,542.6749877929688,480.7016296386719,241784.0,DIVISLAB.NS
2013-01-10,543.2000122070312,547.375,532.4249877929688,534.5250244140625,473.4822998046875,207458.0,DIVISLAB.NS
2013-01-11,531.0250244140625,539.5250244140625,527.5750122070312,531.6500244140625,470.9356384277344,218730.0,DIVISLAB.NS
2013-01-14,531.8499755859375,534.9749755859375,527.7999877929688,529.6749877929688,469.1863098144531,165240.0,DIVISLAB.NS
2013-01-15,532.9749755859375,539.25,531.0250244140625,534.4749755859375,473.4380187988281,135744.0,DIVISLAB.NS
2013-01-16,534.375,539.75,529.5,531.875,471.135009765625,132294.0,DIVISLAB.NS
2013-01-17,530.125,535.0,525.2999877929688,527.125,466.9273986816406,255086.0,DIVISLAB.NS
2013-01-18,529.4249877929688,531.0,516.0,525.5,465.4880065917969,424972.0,DIVISLAB.NS
2013-01-21,525.7249755859375,537.0,522.625,533.4249877929688,472.50799560546875,160964.0,DIVISLAB.NS
2013-01-22,542.0750122070312,542.0750122070312,527.75,530.0250244140625,469.4962463378906,142188.0,DIVISLAB.NS
2013-01-23,526.0499877929688,534.375,517.9249877929688,520.9749755859375,461.479736328125,187208.0,DIVISLAB.NS
2013-01-24,520.1500244140625,524.6749877929688,510.5,513.9500122070312,455.2570495605469,289644.0,DIVISLAB.NS
2013-01-25,513.9500122070312,522.0,502.5,517.4500122070312,458.3573303222656,254728.0,DIVISLAB.NS
2013-01-28,516.5250244140625,530.9500122070312,516.5250244140625,528.7999877929688,468.41119384765625,139316.0,DIVISLAB.NS
2013-01-29,530.0,538.5999755859375,529.0,535.4249877929688,474.279541015625,566438.0,DIVISLAB.NS
2013-01-30,538.6500244140625,538.6500244140625,523.5,531.6749877929688,470.957763671875,205356.0,DIVISLAB.NS
2013-01-31,532.4749755859375,533.0,521.2999877929688,525.0999755859375,465.1336669921875,547106.0,DIVISLAB.NS
2013-02-01,532.2000122070312,535.0,527.5,531.9749755859375,471.2235412597656,219168.0,DIVISLAB.NS
2013-02-04,535.9500122070312,539.6749877929688,515.0,522.125,462.4984130859375,429330.0,DIVISLAB.NS
2013-02-05,521.0,521.0,508.5,510.8999938964844,452.5552978515625,344522.0,DIVISLAB.NS
2013-02-06,524.5,530.0,510.75,520.1500244140625,460.7490234375,498394.0,DIVISLAB.NS
2013-02-07,520.4500122070312,526.9249877929688,516.5250244140625,521.9000244140625,462.2991027832031,346770.0,DIVISLAB.NS
2013-02-08,524.9249877929688,527.2249755859375,512.0,515.25,456.4085693359375,294404.0,DIVISLAB.NS
2013-02-11,519.0,523.3499755859375,515.0,519.875,460.5054016113281,130488.0,DIVISLAB.NS
2013-02-12,520.5,527.4749755859375,518.0499877929688,526.1500244140625,466.0638122558594,114844.0,DIVISLAB.NS
2013-02-13,532.0,537.8499755859375,527.3499755859375,535.1500244140625,474.0360107421875,313706.0,DIVISLAB.NS
2013-02-14,537.5,538.6500244140625,517.0250244140625,524.0250244140625,464.18157958984375,362548.0,DIVISLAB.NS
2013-02-15,523.5,523.5,509.17498779296875,518.9749755859375,459.7081604003906,277814.0,DIVISLAB.NS
2013-02-18,517.9749755859375,523.9749755859375,511.9750061035156,516.7000122070312,457.6930236816406,106782.0,DIVISLAB.NS
2013-02-19,517.6500244140625,529.9500122070312,517.6500244140625,528.0999755859375,467.7910461425781,104284.0,DIVISLAB.NS
2013-02-20,526.8250122070312,532.0,526.0,529.375,468.9205627441406,110146.0,DIVISLAB.NS
2013-02-21,526.5,528.9500122070312,517.8250122070312,523.2249755859375,463.4727478027344,379270.0,DIVISLAB.NS
2013-02-22,535.0,535.0,520.5,524.75,464.82373046875,112796.0,DIVISLAB.NS
2013-02-25,525.0750122070312,531.9500122070312,519.0,522.75,463.05206298828125,108146.0,DIVISLAB.NS
2013-02-26,521.7000122070312,521.7000122070312,511.54998779296875,515.0750122070312,456.25347900390625,159770.0,DIVISLAB.NS
2013-02-27,515.0999755859375,520.0,497.0,513.75,455.079833984375,371634.0,DIVISLAB.NS
2013-02-28,510.82501220703125,522.0,499.5,505.0,447.3291320800781,468104.0,DIVISLAB.NS
2013-03-01,506.0,527.0,505.0,520.625,461.1697082519531,257134.0,DIVISLAB.NS
2013-03-04,519.9000244140625,521.6500244140625,511.07501220703125,519.4500122070312,460.1289367675781,171854.0,DIVISLAB.NS
2013-03-05,512.1749877929688,529.2000122070312,512.1749877929688,525.9249877929688,465.8645324707031,168058.0,DIVISLAB.NS
2013-03-06,528.9249877929688,528.9249877929688,513.5,519.375,460.0625,216406.0,DIVISLAB.NS
2013-03-07,515.6749877929688,521.9500122070312,512.0,514.0250244140625,455.3235168457031,258046.0,DIVISLAB.NS
2013-03-08,515.0,522.0,515.0,518.6500244140625,459.4202880859375,142240.0,DIVISLAB.NS
2013-03-11,518.4749755859375,523.9749755859375,515.0,518.5250244140625,459.3096008300781,173658.0,DIVISLAB.NS
2013-03-12,519.0,522.5,515.2000122070312,520.5250244140625,461.0811462402344,97720.0,DIVISLAB.NS
2013-03-13,519.6500244140625,519.6500244140625,510.0,516.0250244140625,457.0950012207031,176934.0,DIVISLAB.NS
2013-03-14,517.4500122070312,518.4749755859375,510.04998779296875,512.1749877929688,453.6846923828125,135430.0,DIVISLAB.NS
2013-03-15,511.0,516.5750122070312,506.0,508.04998779296875,450.0307922363281,259734.0,DIVISLAB.NS
2013-03-18,507.42498779296875,514.3499755859375,503.54998779296875,512.5250244140625,453.9947509765625,240610.0,DIVISLAB.NS
2013-03-19,512.0999755859375,514.9000244140625,497.375,499.95001220703125,442.8558349609375,795746.0,DIVISLAB.NS
2013-03-20,496.0249938964844,504.3999938964844,480.0,482.2749938964844,427.19921875,645648.0,DIVISLAB.NS
2013-03-21,486.42498779296875,487.9750061035156,462.2250061035156,484.70001220703125,429.34735107421875,345668.0,DIVISLAB.NS
2013-03-22,486.5249938964844,505.375,486.5,500.0,442.9001159667969,918980.0,DIVISLAB.NS
2013-03-25,502.3999938964844,510.4750061035156,491.25,493.3500061035156,437.0094909667969,317842.0,DIVISLAB.NS
2013-03-26,494.3999938964844,502.0,493.57501220703125,499.875,442.7893981933594,937116.0,DIVISLAB.NS
2013-03-28,499.92498779296875,505.0,486.5249938964844,493.75,437.36383056640625,516084.0,DIVISLAB.NS
2013-04-01,494.5,502.3999938964844,493.3999938964844,497.8500061035156,440.99566650390625,265274.0,DIVISLAB.NS
2013-04-02,499.2749938964844,525.3499755859375,499.2749938964844,521.2750244140625,461.74554443359375,277542.0,DIVISLAB.NS
2013-04-03,520.0499877929688,530.4500122070312,507.625,511.67498779296875,453.2417907714844,266348.0,DIVISLAB.NS
2013-04-04,511.67498779296875,514.8250122070312,496.0,498.0249938964844,441.150634765625,283252.0,DIVISLAB.NS
2013-04-05,502.0,507.0,499.2250061035156,505.20001220703125,447.5062255859375,105390.0,DIVISLAB.NS
2013-04-08,497.5,516.9749755859375,497.5,513.0999755859375,454.5040588378906,157418.0,DIVISLAB.NS
2013-04-09,514.5,523.7249755859375,510.0249938964844,513.2249755859375,454.61480712890625,156934.0,DIVISLAB.NS
2013-04-10,514.4500122070312,522.0,510.6000061035156,514.75,455.9656677246094,134700.0,DIVISLAB.NS
2013-04-11,514.0,522.375,514.0,520.9000244140625,461.4134216308594,77894.0,DIVISLAB.NS
2013-04-12,515.5,522.0,515.0,519.7000122070312,460.350341796875,200686.0,DIVISLAB.NS
2013-04-15,521.5,526.5,509.0,511.625,453.197509765625,271100.0,DIVISLAB.NS
2013-04-16,511.0,523.9249877929688,511.0,520.2249755859375,460.8153381347656,143140.0,DIVISLAB.NS
2013-04-17,521.0,536.7000122070312,521.0,529.7750244140625,469.2747802734375,380944.0,DIVISLAB.NS
2013-04-18,531.0,537.75,522.5,530.875,470.2491760253906,201606.0,DIVISLAB.NS
2013-04-22,534.9249877929688,537.5,525.5,530.3499755859375,469.7841796875,551570.0,DIVISLAB.NS
2013-04-23,528.1749877929688,535.0,519.5,528.4500122070312,468.1011047363281,248502.0,DIVISLAB.NS
2013-04-25,525.5499877929688,533.25,522.6500244140625,528.7999877929688,468.41119384765625,636644.0,DIVISLAB.NS
2013-04-26,526.0750122070312,537.0,525.5,530.9000244140625,470.27130126953125,182916.0,DIVISLAB.NS
2013-04-29,531.5,548.5,531.5,543.8250122070312,481.72021484375,373054.0,DIVISLAB.NS
2013-04-30,544.5,551.7750244140625,521.5,537.4249877929688,476.0511169433594,374550.0,DIVISLAB.NS
2013-05-02,537.4249877929688,546.2000122070312,536.0,542.3499755859375,480.4136962890625,195924.0,DIVISLAB.NS
2013-05-03,544.4749755859375,545.0750122070312,533.5,535.2000122070312,474.0802917480469,99290.0,DIVISLAB.NS
2013-05-06,536.5,541.9500122070312,535.2000122070312,539.875,478.22137451171875,115160.0,DIVISLAB.NS
2013-05-07,539.75,554.0,539.75,551.2000122070312,488.2531433105469,244174.0,DIVISLAB.NS
2013-05-08,549.0,558.0,540.5999755859375,546.1500244140625,483.77984619140625,324738.0,DIVISLAB.NS
2013-05-09,546.0,550.5,540.0,541.4249877929688,479.5943298339844,155528.0,DIVISLAB.NS
2013-05-10,542.0,546.0,540.0,544.0499877929688,481.9195861816406,51522.0,DIVISLAB.NS
2013-05-13,540.5,554.4749755859375,540.5,552.2750244140625,489.205322265625,199612.0,DIVISLAB.NS
2013-05-14,555.0,564.0,555.0,560.5499877929688,496.5352783203125,530450.0,DIVISLAB.NS
2013-05-15,561.75,573.875,561.75,571.2000122070312,505.9690246582031,413416.0,DIVISLAB.NS
2013-05-16,574.875,576.0,563.1500244140625,564.7249755859375,500.2335510253906,223824.0,DIVISLAB.NS
2013-05-17,564.75,568.3499755859375,558.0,560.3250122070312,496.33599853515625,143038.0,DIVISLAB.NS
2013-05-20,558.0,564.9500122070312,537.5999755859375,541.0999755859375,479.3063659667969,249594.0,DIVISLAB.NS
2013-05-21,531.0,531.0,498.5,503.2250061035156,445.7568359375,1609216.0,DIVISLAB.NS
2013-05-22,504.0,509.5,491.3500061035156,497.5,440.685546875,969762.0,DIVISLAB.NS
2013-05-23,504.0,504.0,487.54998779296875,489.8500061035156,433.90924072265625,571370.0,DIVISLAB.NS
2013-05-24,493.45001220703125,497.0,489.0,494.70001220703125,438.205322265625,414306.0,DIVISLAB.NS
2013-05-27,490.04998779296875,503.0,490.04998779296875,495.29998779296875,438.73681640625,285114.0,DIVISLAB.NS
2013-05-28,492.0,499.5,490.32501220703125,491.375,435.2600402832031,314464.0,DIVISLAB.NS
2013-05-29,492.75,500.0,492.75,497.375,440.57489013671875,239326.0,DIVISLAB.NS
2013-05-30,492.5,500.0,482.9750061035156,486.375,430.8310546875,453678.0,DIVISLAB.NS
2013-05-31,485.0,493.5,485.0,488.79998779296875,432.9791564941406,420960.0,DIVISLAB.NS
2013-06-03,487.5,493.45001220703125,474.2250061035156,476.82501220703125,422.3717041015625,284384.0,DIVISLAB.NS
2013-06-04,477.45001220703125,485.8500061035156,475.625,482.6499938964844,427.531494140625,184500.0,DIVISLAB.NS
2013-06-05,482.6499938964844,487.45001220703125,477.0,486.1499938964844,430.6317443847656,182592.0,DIVISLAB.NS
2013-06-06,487.8500061035156,489.45001220703125,478.125,480.67498779296875,425.7820739746094,324282.0,DIVISLAB.NS
2013-06-07,480.0,484.0,470.20001220703125,472.25,418.31915283203125,146796.0,DIVISLAB.NS
2013-06-10,471.5,476.8999938964844,463.54998779296875,468.17498779296875,414.7095947265625,218216.0,DIVISLAB.NS
2013-06-11,466.04998779296875,483.45001220703125,466.04998779296875,480.2250061035156,425.3834228515625,389616.0,DIVISLAB.NS
2013-06-12,480.1000061035156,491.0,480.0,485.2250061035156,429.8124084472656,577146.0,DIVISLAB.NS
2013-06-13,484.0,486.6499938964844,475.1000061035156,478.17498779296875,423.5675048828125,485852.0,DIVISLAB.NS
2013-06-14,480.0,486.0,480.0,485.1000061035156,429.70172119140625,200030.0,DIVISLAB.NS
2013-06-17,489.5,489.5,480.04998779296875,483.67498779296875,428.4394226074219,154012.0,DIVISLAB.NS
2013-06-18,482.5,487.5,477.125,480.875,425.95916748046875,121198.0,DIVISLAB.NS
2013-06-19,484.0,487.4750061035156,480.0,484.0249938964844,428.74945068359375,92302.0,DIVISLAB.NS
2013-06-20,482.5249938964844,490.45001220703125,471.0249938964844,484.5,429.1701965332031,287718.0,DIVISLAB.NS
2013-06-21,479.5,501.1000061035156,479.5,490.6000061035156,434.5735778808594,606694.0,DIVISLAB.NS
2013-06-24,492.8500061035156,497.32501220703125,480.6000061035156,484.45001220703125,429.1259460449219,315230.0,DIVISLAB.NS
2013-06-25,478.5,492.1000061035156,471.54998779296875,483.4750061035156,428.26226806640625,362246.0,DIVISLAB.NS
2013-06-26,485.1499938964844,494.3999938964844,480.5,489.92498779296875,433.9756774902344,406440.0,DIVISLAB.NS
2013-06-27,496.0,496.0,481.5,486.4750061035156,430.9196472167969,668824.0,DIVISLAB.NS
2013-06-28,492.5,497.5,489.07501220703125,495.54998779296875,438.95831298828125,300764.0,DIVISLAB.NS
2013-07-01,497.0,499.9750061035156,487.5,494.75,438.24969482421875,493776.0,DIVISLAB.NS
2013-07-02,492.75,495.92498779296875,487.0,489.67498779296875,433.7541809082031,273150.0,DIVISLAB.NS
2013-07-03,490.0,492.17498779296875,480.0249938964844,482.17498779296875,427.1106872558594,232916.0,DIVISLAB.NS
2013-07-04,485.0,487.5,480.625,481.32501220703125,426.3577575683594,177766.0,DIVISLAB.NS
2013-07-05,484.45001220703125,492.5,482.6499938964844,486.82501220703125,431.2297058105469,141010.0,DIVISLAB.NS
2013-07-08,490.0,490.5,483.04998779296875,484.625,429.2808532714844,146314.0,DIVISLAB.NS
2013-07-09,487.79998779296875,497.5,487.0,496.0249938964844,439.37908935546875,504840.0,DIVISLAB.NS
2013-07-10,496.5249938964844,509.5,496.5249938964844,503.54998779296875,446.0447082519531,704224.0,DIVISLAB.NS
2013-07-11,508.125,512.7249755859375,499.5,502.75,445.33612060546875,469152.0,DIVISLAB.NS
2013-07-12,503.0,508.0249938964844,496.20001220703125,505.04998779296875,447.37335205078125,916688.0,DIVISLAB.NS
2013-07-15,500.5,507.5,499.7250061035156,500.70001220703125,443.5201416015625,590896.0,DIVISLAB.NS
2013-07-16,502.5,503.6000061035156,495.1000061035156,498.125,441.2392272949219,146682.0,DIVISLAB.NS
2013-07-17,498.0,503.29998779296875,492.0,498.45001220703125,441.5270690917969,215530.0,DIVISLAB.NS
2013-07-18,499.0,503.45001220703125,495.0,497.2250061035156,440.44207763671875,141324.0,DIVISLAB.NS
2013-07-19,498.0,501.0249938964844,481.75,488.0,432.27056884765625,220006.0,DIVISLAB.NS
2013-07-22,487.5,490.0,475.57501220703125,478.7250061035156,424.0547180175781,325098.0,DIVISLAB.NS
2013-07-23,478.7250061035156,486.0,477.4750061035156,482.375,427.287841796875,453052.0,DIVISLAB.NS
2013-07-24,485.0,485.0,474.0,484.54998779296875,429.2144775390625,227338.0,DIVISLAB.NS
2013-07-25,480.07501220703125,481.0,467.25,469.42498779296875,422.35406494140625,452350.0,DIVISLAB.NS
2013-07-26,471.54998779296875,476.5,471.3999938964844,473.6499938964844,426.1554260253906,99086.0,DIVISLAB.NS
2013-07-29,471.32501220703125,482.95001220703125,471.32501220703125,481.125,432.8808898925781,196448.0,DIVISLAB.NS
2013-07-30,481.1499938964844,484.5,459.5249938964844,462.7749938964844,416.370849609375,705076.0,DIVISLAB.NS
2013-07-31,462.7749938964844,471.5,452.625,468.3500061035156,421.3868408203125,295182.0,DIVISLAB.NS
2013-08-01,468.0,473.9750061035156,455.5,460.57501220703125,414.3915100097656,653746.0,DIVISLAB.NS
2013-08-02,462.625,469.95001220703125,459.125,463.95001220703125,417.4280700683594,222224.0,DIVISLAB.NS
2013-08-05,467.5,479.5,455.0,477.3500061035156,429.48443603515625,724764.0,DIVISLAB.NS
2013-08-06,472.5,478.95001220703125,463.2250061035156,466.2250061035156,419.4749450683594,325230.0,DIVISLAB.NS
2013-08-07,467.5,475.75,467.5,472.82501220703125,425.41314697265625,117856.0,DIVISLAB.NS
2013-08-08,472.57501220703125,489.0,470.17498779296875,484.6499938964844,436.0523681640625,196438.0,DIVISLAB.NS
2013-08-12,493.9750061035156,508.7250061035156,488.25,504.07501220703125,453.52960205078125,701100.0,DIVISLAB.NS
2013-08-13,504.0,508.45001220703125,494.1499938964844,499.3500061035156,449.2784118652344,245794.0,DIVISLAB.NS
2013-08-14,500.0,505.6499938964844,495.3500061035156,499.1000061035156,449.053466796875,172512.0,DIVISLAB.NS
2013-08-16,495.125,507.32501220703125,490.9750061035156,495.95001220703125,446.2192687988281,245288.0,DIVISLAB.NS
2013-08-19,497.6000061035156,504.67498779296875,464.8500061035156,476.4750061035156,428.6971740722656,390266.0,DIVISLAB.NS
2013-08-20,475.0,475.95001220703125,469.2749938964844,472.5249938964844,425.1431579589844,247120.0,DIVISLAB.NS
2013-08-21,479.0249938964844,484.3500061035156,470.04998779296875,472.57501220703125,425.188232421875,254784.0,DIVISLAB.NS
2013-08-22,471.04998779296875,480.0,466.625,472.9750061035156,425.5481262207031,712434.0,DIVISLAB.NS
2013-08-23,469.04998779296875,475.0249938964844,465.5,467.45001220703125,420.57708740234375,390672.0,DIVISLAB.NS
2013-08-26,466.1000061035156,479.5249938964844,466.1000061035156,475.1000061035156,427.46002197265625,295770.0,DIVISLAB.NS
2013-08-27,475.1000061035156,477.375,466.29998779296875,469.42498779296875,422.35406494140625,281426.0,DIVISLAB.NS
2013-08-28,465.04998779296875,480.5,458.67498779296875,478.5249938964844,430.5415344238281,223646.0,DIVISLAB.NS
2013-08-29,477.5,484.70001220703125,474.5,478.4750061035156,430.4965515136719,532974.0,DIVISLAB.NS
2013-08-30,487.0,502.5,478.125,497.125,447.2764587402344,352458.0,DIVISLAB.NS
2013-09-02,497.5,508.95001220703125,494.1499938964844,497.95001220703125,448.0187683105469,268028.0,DIVISLAB.NS
2013-09-03,502.95001220703125,502.95001220703125,465.125,476.8999938964844,429.0794982910156,287912.0,DIVISLAB.NS
2013-09-04,476.8999938964844,494.5,473.0,486.5,437.7168884277344,516786.0,DIVISLAB.NS
2013-09-05,498.5,498.5,475.4750061035156,483.375,434.9052429199219,389200.0,DIVISLAB.NS
2013-09-06,492.0,494.0,486.6499938964844,491.45001220703125,442.1705627441406,188118.0,DIVISLAB.NS
2013-09-10,493.0,501.9750061035156,483.7749938964844,497.57501220703125,447.6813659667969,620722.0,DIVISLAB.NS
2013-09-11,497.57501220703125,500.875,492.5,497.04998779296875,447.208984375,203112.0,DIVISLAB.NS
2013-09-12,497.04998779296875,512.5,488.0,497.32501220703125,447.4564514160156,427036.0,DIVISLAB.NS
2013-09-13,500.25,517.5,499.125,501.29998779296875,451.0328369140625,635382.0,DIVISLAB.NS
2013-09-16,509.5,509.5,487.54998779296875,491.1000061035156,441.8556213378906,640750.0,DIVISLAB.NS
2013-09-17,488.6499938964844,497.82501220703125,485.6499938964844,494.4750061035156,444.8922119140625,272350.0,DIVISLAB.NS
2013-09-18,494.5249938964844,499.5,490.625,496.45001220703125,446.669189453125,187384.0,DIVISLAB.NS
2013-09-19,502.0,507.5,495.5,505.25,454.5868225097656,387810.0,DIVISLAB.NS
2013-09-20,508.0,514.7000122070312,492.54998779296875,498.875,448.8509521484375,709180.0,DIVISLAB.NS
2013-09-23,494.42498779296875,500.95001220703125,492.6499938964844,497.75,447.83880615234375,202110.0,DIVISLAB.NS
2013-09-24,494.0,499.75,493.0,495.0249938964844,445.3870849609375,639716.0,DIVISLAB.NS
2013-09-25,496.5,498.0,486.5,489.3999938964844,440.32611083984375,242052.0,DIVISLAB.NS
2013-09-26,489.54998779296875,493.95001220703125,485.5,487.9750061035156,439.0439758300781,216636.0,DIVISLAB.NS
2013-09-27,490.0,497.42498779296875,488.5,492.3500061035156,442.9803161621094,199364.0,DIVISLAB.NS
2013-09-30,488.57501220703125,493.4750061035156,478.625,485.17498779296875,436.52471923828125,262826.0,DIVISLAB.NS
2013-10-01,481.6499938964844,497.5,480.8500061035156,496.42498779296875,446.64666748046875,381792.0,DIVISLAB.NS
2013-10-03,496.42498779296875,508.5,496.42498779296875,506.79998779296875,455.9813232421875,426614.0,DIVISLAB.NS
2013-10-04,505.25,515.3499755859375,505.25,511.17498779296875,459.9176025390625,301692.0,DIVISLAB.NS
2013-10-07,512.5,527.5,510.54998779296875,524.5999755859375,471.9964904785156,400874.0,DIVISLAB.NS
2013-10-08,527.5,532.1500244140625,521.5499877929688,529.2750244140625,476.2027587890625,446212.0,DIVISLAB.NS
2013-10-09,524.9000244140625,529.9749755859375,521.2750244140625,523.7000122070312,471.18670654296875,231560.0,DIVISLAB.NS
2013-10-10,527.0,532.4500122070312,520.5499877929688,523.4249877929688,470.9393005371094,305538.0,DIVISLAB.NS
2013-10-11,528.5,530.0,514.5,517.0499877929688,465.2034606933594,274702.0,DIVISLAB.NS
2013-10-14,519.4000244140625,522.3250122070312,510.7749938964844,512.4249877929688,461.04229736328125,268358.0,DIVISLAB.NS
2013-10-15,517.0,519.0,507.5249938964844,515.9749755859375,464.2362976074219,233574.0,DIVISLAB.NS
2013-10-17,519.4000244140625,519.4000244140625,502.5,504.375,453.7994689941406,108788.0,DIVISLAB.NS
2013-10-18,508.3500061035156,517.5,505.0,515.1749877929688,463.51654052734375,133794.0,DIVISLAB.NS
2013-10-21,517.4500122070312,522.0499877929688,514.5250244140625,515.7249755859375,464.01141357421875,146278.0,DIVISLAB.NS
2013-10-22,515.5,520.0,513.4000244140625,516.9000244140625,465.06866455078125,142644.0,DIVISLAB.NS
2013-10-23,519.9249877929688,519.9249877929688,503.1000061035156,509.17498779296875,458.11822509765625,222230.0,DIVISLAB.NS
2013-10-24,509.4750061035156,510.0,493.04998779296875,495.6000061035156,445.9044189453125,458514.0,DIVISLAB.NS
2013-10-25,497.2749938964844,497.2749938964844,486.1000061035156,487.42498779296875,438.54913330078125,550996.0,DIVISLAB.NS
2013-10-28,487.5,492.0,481.6000061035156,483.29998779296875,434.8377380371094,141130.0,DIVISLAB.NS
2013-10-29,478.625,497.5,478.625,495.57501220703125,445.8819274902344,529102.0,DIVISLAB.NS
2013-10-30,499.29998779296875,499.29998779296875,485.57501220703125,486.45001220703125,437.6719055175781,608678.0,DIVISLAB.NS
2013-10-31,488.75,490.6499938964844,482.6000061035156,486.25,437.4919738769531,769782.0,DIVISLAB.NS
2013-11-01,489.0,492.5,484.5,488.75,439.7412414550781,477978.0,DIVISLAB.NS
2013-11-05,491.25,499.5,490.75,492.125,442.7779235839844,538306.0,DIVISLAB.NS
2013-11-06,494.5,517.5250244140625,492.5,514.8250122070312,463.20172119140625,561542.0,DIVISLAB.NS
2013-11-07,519.8499755859375,519.9000244140625,493.6000061035156,500.1000061035156,449.95318603515625,432420.0,DIVISLAB.NS
2013-11-08,502.45001220703125,514.0,500.0,510.20001220703125,459.0403747558594,299326.0,DIVISLAB.NS
2013-11-11,525.0,565.3499755859375,525.0,550.6500244140625,495.4344482421875,2713396.0,DIVISLAB.NS
2013-11-12,559.5,576.0,555.9249877929688,569.2000122070312,512.1243286132812,1799262.0,DIVISLAB.NS
2013-11-13,575.25,579.9749755859375,566.0750122070312,569.7249755859375,512.5966186523438,700162.0,DIVISLAB.NS
2013-11-14,570.0,581.4500122070312,561.5,574.1500244140625,516.5780029296875,383232.0,DIVISLAB.NS
2013-11-18,574.9500122070312,583.375,573.7000122070312,577.625,519.7044677734375,304866.0,DIVISLAB.NS
2013-11-19,578.25,578.2750244140625,567.7750244140625,569.6749877929688,512.5516357421875,334196.0,DIVISLAB.NS
2013-11-20,572.4749755859375,581.7999877929688,564.9500122070312,569.5,512.39404296875,344404.0,DIVISLAB.NS
2013-11-21,571.5,575.5,561.0,566.2999877929688,509.5151672363281,276452.0,DIVISLAB.NS
2013-11-22,567.75,575.5,563.0,564.7249755859375,508.0980224609375,293974.0,DIVISLAB.NS
2013-11-25,570.4500122070312,586.2000122070312,566.3250122070312,581.0,522.7410278320312,434744.0,DIVISLAB.NS
2013-11-26,579.9249877929688,587.4749755859375,575.0999755859375,581.375,523.078369140625,569074.0,DIVISLAB.NS
2013-11-27,584.9000244140625,591.7249755859375,572.8250122070312,577.5250244140625,519.6144409179688,658400.0,DIVISLAB.NS
2013-11-28,577.7000122070312,581.7000122070312,565.0999755859375,572.5,515.0933837890625,960950.0,DIVISLAB.NS
2013-11-29,574.0499877929688,581.0,566.7000122070312,576.1500244140625,518.3772583007812,289154.0,DIVISLAB.NS
2013-12-02,576.8250122070312,584.0,574.25,580.2000122070312,522.0213012695312,260706.0,DIVISLAB.NS
2013-12-03,579.9249877929688,584.25,574.0,575.9500122070312,518.1974487304688,209076.0,DIVISLAB.NS
2013-12-04,580.0,580.5,567.5499877929688,569.2999877929688,512.2142333984375,246100.0,DIVISLAB.NS
2013-12-05,577.5,578.9749755859375,565.5250244140625,567.9249877929688,510.97711181640625,187954.0,DIVISLAB.NS
2013-12-06,564.0,571.0,564.0,569.25,512.1692504882812,203004.0,DIVISLAB.NS
2013-12-09,574.75,574.75,554.5250244140625,558.0499877929688,502.0922546386719,202634.0,DIVISLAB.NS
2013-12-10,557.5499877929688,569.0,548.5,558.0,502.0472717285156,457036.0,DIVISLAB.NS
2013-12-11,555.0499877929688,570.0,553.3250122070312,568.625,511.6069641113281,308232.0,DIVISLAB.NS
2013-12-12,561.0,571.0,559.0250244140625,570.0999755859375,512.93408203125,262998.0,DIVISLAB.NS
2013-12-13,569.4749755859375,579.9500122070312,550.0250244140625,554.7999877929688,499.168212890625,588158.0,DIVISLAB.NS
2013-12-16,555.4249877929688,566.5,555.4249877929688,560.8499755859375,504.6114807128906,250370.0,DIVISLAB.NS
2013-12-17,564.0499877929688,581.4000244140625,564.0499877929688,577.0750122070312,519.2096557617188,410624.0,DIVISLAB.NS
2013-12-18,581.5,594.0,564.0,590.25,531.0634765625,680182.0,DIVISLAB.NS
2013-12-19,591.5,597.5250244140625,585.0,588.25,529.2640991210938,527834.0,DIVISLAB.NS
2013-12-20,587.2999877929688,595.5,581.3499755859375,592.875,533.42529296875,255384.0,DIVISLAB.NS
2013-12-23,595.0,603.625,587.75,598.5999755859375,538.576171875,553828.0,DIVISLAB.NS
2013-12-24,602.25,608.1749877929688,597.0,599.4749755859375,539.3634643554688,244722.0,DIVISLAB.NS
2013-12-26,599.375,604.3499755859375,586.7000122070312,588.6749877929688,529.6463623046875,455102.0,DIVISLAB.NS
2013-12-27,592.9000244140625,614.0,586.5250244140625,610.9500122070312,549.6879272460938,474148.0,DIVISLAB.NS
2013-12-30,612.5,617.4500122070312,606.2750244140625,608.5999755859375,547.573486328125,465808.0,DIVISLAB.NS
2013-12-31,608.75,618.375,608.2000122070312,610.6749877929688,549.4404296875,213110.0,DIVISLAB.NS
2014-01-01,614.0,617.1749877929688,610.7000122070312,613.5250244140625,552.0046997070312,168936.0,DIVISLAB.NS
2014-01-02,613.9000244140625,622.5,610.0,617.0999755859375,555.2211303710938,617586.0,DIVISLAB.NS
2014-01-03,618.0,626.5,613.0,624.7750244140625,562.1265258789062,280924.0,DIVISLAB.NS
2014-01-06,628.4000244140625,630.0,618.5,626.9500122070312,564.08349609375,327226.0,DIVISLAB.NS
2014-01-07,628.5,630.25,613.4000244140625,615.1500244140625,553.4666748046875,143272.0,DIVISLAB.NS
2014-01-08,614.7249755859375,624.9000244140625,614.0999755859375,618.5999755859375,556.5706787109375,232766.0,DIVISLAB.NS
2014-01-09,623.0,623.0750122070312,612.5499877929688,617.4249877929688,555.5136108398438,319842.0,DIVISLAB.NS
2014-01-10,614.0499877929688,629.5,613.0250244140625,625.0,562.3289794921875,302964.0,DIVISLAB.NS
2014-01-13,627.5,633.3499755859375,626.5250244140625,630.8250122070312,567.5699462890625,363092.0,DIVISLAB.NS
2014-01-14,629.6500244140625,650.0,629.6500244140625,642.5999755859375,578.1642456054688,378860.0,DIVISLAB.NS
2014-01-15,645.0,649.5,639.5999755859375,646.0999755859375,581.3132934570312,714052.0,DIVISLAB.NS
2014-01-16,646.0,652.25,640.5499877929688,644.9500122070312,580.2785034179688,192082.0,DIVISLAB.NS
2014-01-17,642.5250244140625,645.75,629.4749755859375,634.7249755859375,571.0787963867188,327550.0,DIVISLAB.NS
2014-01-20,634.6500244140625,649.5,630.5499877929688,648.1500244140625,583.1575927734375,322490.0,DIVISLAB.NS
2014-01-21,650.0,658.8499755859375,649.0,651.8499755859375,586.4866943359375,446264.0,DIVISLAB.NS
2014-01-22,653.9749755859375,665.5,652.2249755859375,662.7000122070312,596.2486572265625,514772.0,DIVISLAB.NS
2014-01-23,665.0,667.75,655.5999755859375,662.7249755859375,596.2711791992188,602726.0,DIVISLAB.NS
2014-01-24,662.0250244140625,671.2750244140625,656.4749755859375,663.4500122070312,596.9234619140625,428284.0,DIVISLAB.NS
2014-01-27,663.4749755859375,663.4749755859375,650.6749877929688,654.3499755859375,588.73583984375,325360.0,DIVISLAB.NS
2014-01-28,653.9000244140625,659.4749755859375,638.0499877929688,645.0999755859375,580.4134521484375,254898.0,DIVISLAB.NS
2014-01-29,648.5,654.3250122070312,642.5750122070312,646.3499755859375,581.5380859375,247880.0,DIVISLAB.NS
2014-01-30,648.5,648.5,617.5,634.3250122070312,570.718994140625,327530.0,DIVISLAB.NS
2014-01-31,638.5,660.7249755859375,635.5250244140625,657.75,591.7949829101562,337794.0,DIVISLAB.NS
2014-02-03,662.9249877929688,672.9749755859375,647.5250244140625,656.5250244140625,590.6929321289062,753396.0,DIVISLAB.NS
2014-02-04,682.5,695.0,665.75,670.75,603.4915771484375,1547316.0,DIVISLAB.NS
2014-02-05,674.2000122070312,679.4000244140625,660.0,672.0499877929688,604.6610717773438,535454.0,DIVISLAB.NS
2014-02-06,674.9500122070312,686.0,664.1500244140625,682.9749755859375,614.4906005859375,413398.0,DIVISLAB.NS
2014-02-07,687.0,694.9500122070312,683.0,692.7000122070312,623.240478515625,438504.0,DIVISLAB.NS
2014-02-10,695.0,697.3499755859375,683.5750122070312,685.7750244140625,617.0098876953125,189462.0,DIVISLAB.NS
2014-02-11,686.5250244140625,689.5,672.5,678.0999755859375,610.1043701171875,124926.0,DIVISLAB.NS
2014-02-12,682.5,695.8250122070312,679.0,693.0250244140625,623.532958984375,378660.0,DIVISLAB.NS
2014-02-13,693.7750244140625,694.75,670.125,675.0499877929688,607.3602905273438,192064.0,DIVISLAB.NS
2014-02-14,675.5,683.9749755859375,675.5,682.0999755859375,613.703369140625,313374.0,DIVISLAB.NS
2014-02-17,683.0,683.0,677.5,680.4500122070312,612.2189331054688,91172.0,DIVISLAB.NS
2014-02-18,682.4749755859375,689.2000122070312,676.9749755859375,679.2999877929688,611.18408203125,147126.0,DIVISLAB.NS
2014-02-19,680.5,688.9500122070312,677.0999755859375,682.7000122070312,614.2432861328125,106484.0,DIVISLAB.NS
2014-02-20,676.0999755859375,701.0,676.0999755859375,697.2999877929688,627.3792114257812,246996.0,DIVISLAB.NS
2014-02-21,704.0,714.4500122070312,700.9500122070312,710.5999755859375,639.3455810546875,484010.0,DIVISLAB.NS
2014-02-24,712.5,718.5,709.5250244140625,713.6749877929688,642.1121826171875,229316.0,DIVISLAB.NS
2014-02-25,715.9749755859375,717.5,707.3499755859375,713.75,642.1798095703125,159402.0,DIVISLAB.NS
2014-02-26,713.0,723.5,703.2249755859375,709.7999877929688,638.6257934570312,437542.0,DIVISLAB.NS
2014-02-28,702.6500244140625,717.0,702.6500244140625,712.2750244140625,640.8526611328125,468386.0,DIVISLAB.NS
2014-03-03,715.5,725.0,707.8250122070312,716.5250244140625,644.6766357421875,259112.0,DIVISLAB.NS
2014-03-04,720.0499877929688,722.5,712.625,716.2249755859375,644.406494140625,273378.0,DIVISLAB.NS
2014-03-05,717.5,721.0,712.3250122070312,713.7000122070312,642.1347045898438,161392.0,DIVISLAB.NS
2014-03-06,714.4749755859375,727.5,714.4749755859375,716.875,644.9913330078125,342132.0,DIVISLAB.NS
2014-03-07,719.9500122070312,722.4249877929688,685.5499877929688,696.1749877929688,626.3670654296875,366344.0,DIVISLAB.NS
2014-03-10,694.9749755859375,694.9749755859375,675.5250244140625,687.7750244140625,618.8093872070312,363260.0,DIVISLAB.NS
2014-03-11,692.4500122070312,699.3250122070312,683.0250244140625,686.9749755859375,618.089599609375,349502.0,DIVISLAB.NS
2014-03-12,687.0,698.125,684.5,692.8250122070312,623.3529663085938,470724.0,DIVISLAB.NS
2014-03-13,698.0,707.0,692.125,695.0999755859375,625.3998413085938,291566.0,DIVISLAB.NS
2014-03-14,693.0,706.5999755859375,693.0,699.4749755859375,629.3361206054688,382216.0,DIVISLAB.NS
2014-03-18,705.9500122070312,712.375,693.0,707.9500122070312,636.9613037109375,392728.0,DIVISLAB.NS
2014-03-19,711.0250244140625,714.5,702.5,706.3499755859375,635.5216674804688,627142.0,DIVISLAB.NS
2014-03-20,706.0,716.375,700.5750122070312,702.9500122070312,632.462646484375,212604.0,DIVISLAB.NS
2014-03-21,703.9000244140625,710.0,700.4749755859375,704.3499755859375,633.7222290039062,201054.0,DIVISLAB.NS
2014-03-24,707.5750122070312,714.0,701.125,704.3250122070312,633.6998291015625,234700.0,DIVISLAB.NS
2014-03-25,705.8250122070312,714.9749755859375,702.3250122070312,706.0,635.2069091796875,325326.0,DIVISLAB.NS
2014-03-26,715.0,715.0,685.7000122070312,690.7000122070312,621.4410400390625,477446.0,DIVISLAB.NS
2014-03-27,695.4500122070312,695.4500122070312,666.2999877929688,669.625,602.4791870117188,616054.0,DIVISLAB.NS
2014-03-28,669.6500244140625,688.0250244140625,665.0750122070312,679.75,611.5889282226562,362076.0,DIVISLAB.NS
2014-03-31,680.5999755859375,687.7000122070312,652.5499877929688,682.9500122070312,614.4682006835938,1057934.0,DIVISLAB.NS
2014-04-01,683.0,686.9249877929688,669.625,674.4000244140625,606.7755126953125,329190.0,DIVISLAB.NS
2014-04-02,676.125,692.5,672.5,685.0499877929688,616.3575439453125,233626.0,DIVISLAB.NS
2014-04-03,633.0,691.4500122070312,633.0,688.3250122070312,619.30419921875,302960.0,DIVISLAB.NS
2014-04-04,687.9500122070312,690.25,673.4749755859375,674.7999877929688,607.1353149414062,174168.0,DIVISLAB.NS
2014-04-07,676.625,680.0,665.4749755859375,675.2999877929688,607.5852661132812,289768.0,DIVISLAB.NS
2014-04-09,674.8250122070312,682.1500244140625,672.5,680.5250244140625,612.286376953125,733158.0,DIVISLAB.NS
2014-04-10,678.3250122070312,683.0,667.5499877929688,672.1749877929688,604.7734985351562,235786.0,DIVISLAB.NS
2014-04-11,674.6749877929688,685.9500122070312,671.0999755859375,673.625,606.0781860351562,353988.0,DIVISLAB.NS
2014-04-15,676.5,677.3250122070312,650.3499755859375,658.875,592.8072509765625,414146.0,DIVISLAB.NS
2014-04-16,661.3250122070312,664.5,654.0,662.2750244140625,595.8662719726562,285528.0,DIVISLAB.NS
2014-04-17,663.5750122070312,669.4249877929688,656.5999755859375,662.4000244140625,595.9788818359375,227244.0,DIVISLAB.NS
2014-04-21,659.0,676.25,659.0,669.7249755859375,602.5692138671875,182542.0,DIVISLAB.NS
2014-04-22,674.3250122070312,680.5499877929688,669.0499877929688,679.625,611.4766235351562,232298.0,DIVISLAB.NS
2014-04-23,682.9500122070312,688.4749755859375,681.0,683.7999877929688,615.2328491210938,372476.0,DIVISLAB.NS
2014-04-24,683.7999877929688,683.7999877929688,683.7999877929688,683.7999877929688,615.2328491210938,0.0,DIVISLAB.NS
2014-04-25,688.4749755859375,690.0,681.5,684.7750244140625,616.1101684570312,398282.0,DIVISLAB.NS
2014-04-28,687.4749755859375,704.2750244140625,686.3499755859375,698.7249755859375,628.6613159179688,829218.0,DIVISLAB.NS
2014-04-29,703.9500122070312,706.2249755859375,693.0750122070312,695.2750244140625,625.5572509765625,311684.0,DIVISLAB.NS
2014-04-30,700.0,702.5,679.0499877929688,690.625,621.3734741210938,208818.0,DIVISLAB.NS
2014-05-02,694.9749755859375,705.9749755859375,684.5,689.625,620.4738159179688,441080.0,DIVISLAB.NS
2014-05-05,691.0,693.9249877929688,674.5,680.4500122070312,612.2189331054688,178868.0,DIVISLAB.NS
2014-05-06,685.0,685.7750244140625,671.5,676.0750122070312,608.282470703125,116326.0,DIVISLAB.NS
2014-05-07,676.0499877929688,683.4500122070312,672.25,676.8250122070312,608.9573974609375,95336.0,DIVISLAB.NS
2014-05-08,682.4000244140625,687.0,673.5250244140625,684.2249755859375,615.6153564453125,147856.0,DIVISLAB.NS
2014-05-09,682.25,689.0,665.0,669.2000122070312,602.096923828125,209702.0,DIVISLAB.NS
2014-05-12,669.0,673.9749755859375,659.75,667.1749877929688,600.2750244140625,349784.0,DIVISLAB.NS
2014-05-13,669.4000244140625,680.0,656.5,677.875,609.902099609375,318800.0,DIVISLAB.NS
2014-05-14,680.0,684.1500244140625,669.2999877929688,680.6749877929688,612.4212646484375,187688.0,DIVISLAB.NS
2014-05-15,675.5,682.5,662.5,664.0250244140625,597.4407958984375,204636.0,DIVISLAB.NS
2014-05-16,669.5,669.5,642.5,651.2249755859375,585.9243774414062,568800.0,DIVISLAB.NS
2014-05-19,652.5,663.5,612.75,635.6749877929688,571.93359375,686548.0,DIVISLAB.NS
2014-05-20,635.6749877929688,648.4500122070312,635.6749877929688,640.0,575.824951171875,240958.0,DIVISLAB.NS
2014-05-21,640.7000122070312,649.5,638.0999755859375,645.875,581.1107177734375,119192.0,DIVISLAB.NS
2014-05-22,648.2750244140625,652.5,637.5,639.9249877929688,575.7572631835938,280272.0,DIVISLAB.NS
2014-05-23,640.1749877929688,650.5499877929688,640.1749877929688,647.9000244140625,582.9326782226562,344264.0,DIVISLAB.NS
2014-05-26,637.5,637.5,605.0,621.3250122070312,559.0225219726562,1137278.0,DIVISLAB.NS
2014-05-27,622.0,631.9500122070312,622.0,625.6749877929688,562.9362182617188,420358.0,DIVISLAB.NS
2014-05-28,627.5,632.25,621.0,629.25,566.1528930664062,321158.0,DIVISLAB.NS
2014-05-29,627.5,634.75,622.5,628.3499755859375,565.343017578125,381166.0,DIVISLAB.NS
2014-05-30,630.0,645.0,620.0,637.5999755859375,573.6655883789062,894950.0,DIVISLAB.NS
2014-06-02,637.5999755859375,643.5,620.5,623.5750122070312,561.0469360351562,246184.0,DIVISLAB.NS
2014-06-03,627.0499877929688,630.9500122070312,617.0,619.625,557.4929809570312,299514.0,DIVISLAB.NS
2014-06-04,620.5,627.5,615.0499877929688,618.5750122070312,556.5482788085938,272356.0,DIVISLAB.NS
2014-06-05,619.5999755859375,622.5,614.1500244140625,617.5250244140625,555.6035766601562,301648.0,DIVISLAB.NS
2014-06-06,622.5,641.5,616.0250244140625,635.125,571.4388427734375,479714.0,DIVISLAB.NS
2014-06-09,641.5,661.0,641.0,649.75,584.5972900390625,445364.0,DIVISLAB.NS
2014-06-10,657.5,669.0,645.0,664.3250122070312,597.7107543945312,639290.0,DIVISLAB.NS
2014-06-11,668.9500122070312,674.125,654.0,661.8250122070312,595.46142578125,513792.0,DIVISLAB.NS
2014-06-12,664.5,671.0,656.2249755859375,667.4000244140625,600.4774780273438,287584.0,DIVISLAB.NS
2014-06-13,667.5999755859375,676.9749755859375,662.5,674.5250244140625,606.8880004882812,522916.0,DIVISLAB.NS
2014-06-16,678.25,684.7000122070312,660.0,671.0999755859375,603.8062744140625,385092.0,DIVISLAB.NS
2014-06-17,672.5,679.5,670.0250244140625,673.75,606.190673828125,443294.0,DIVISLAB.NS
2014-06-18,668.0750122070312,689.5999755859375,668.0750122070312,675.3499755859375,607.6301879882812,403246.0,DIVISLAB.NS
2014-06-19,680.0,684.2000122070312,672.75,675.2750244140625,607.5628662109375,204994.0,DIVISLAB.NS
2014-06-20,677.4500122070312,681.9749755859375,657.5250244140625,662.1749877929688,595.7763061523438,567812.0,DIVISLAB.NS
2014-06-23,675.0,680.0,665.5250244140625,677.2999877929688,609.3846435546875,364076.0,DIVISLAB.NS
2014-06-24,682.125,686.25,670.0250244140625,673.2999877929688,605.7857666015625,595552.0,DIVISLAB.NS
2014-06-25,670.6749877929688,677.4500122070312,670.6749877929688,675.9500122070312,608.170166015625,390880.0,DIVISLAB.NS
2014-06-26,675.0,684.4749755859375,673.3250122070312,678.7249755859375,610.666748046875,998842.0,DIVISLAB.NS
2014-06-27,688.5,725.0,688.0499877929688,718.7750244140625,646.7008666992188,972880.0,DIVISLAB.NS
2014-06-30,724.9500122070312,734.9749755859375,717.2000122070312,729.5750122070312,656.4179077148438,630934.0,DIVISLAB.NS
2014-07-01,734.9000244140625,741.0999755859375,726.0250244140625,735.4500122070312,661.7037963867188,439840.0,DIVISLAB.NS
2014-07-02,736.25,765.75,731.6749877929688,757.0499877929688,681.137939453125,517654.0,DIVISLAB.NS
2014-07-03,761.5750122070312,764.4749755859375,746.5750122070312,750.9249877929688,675.626953125,395588.0,DIVISLAB.NS
2014-07-04,757.5,772.4749755859375,752.5250244140625,764.375,687.7283935546875,346360.0,DIVISLAB.NS
2014-07-07,769.0,774.5499877929688,748.25,767.1500244140625,690.2251586914062,296476.0,DIVISLAB.NS
2014-07-08,767.1500244140625,772.9749755859375,740.25,752.9249877929688,677.4264526367188,237118.0,DIVISLAB.NS
2014-07-09,759.5,761.6500244140625,723.0,732.2999877929688,658.8696899414062,295632.0,DIVISLAB.NS
2014-07-10,725.2750244140625,749.2750244140625,701.5,738.375,664.3355102539062,547162.0,DIVISLAB.NS
2014-07-11,730.0,751.5,726.0,737.0999755859375,663.1884155273438,259994.0,DIVISLAB.NS
2014-07-14,731.0,744.9749755859375,707.5750122070312,713.2999877929688,641.7748413085938,336086.0,DIVISLAB.NS
2014-07-15,716.0,725.0,703.4500122070312,717.0999755859375,645.1937866210938,335870.0,DIVISLAB.NS
2014-07-16,722.625,749.5,717.5250244140625,743.8499755859375,669.261474609375,272544.0,DIVISLAB.NS
2014-07-17,744.6500244140625,747.4749755859375,733.25,744.4500122070312,669.8013305664062,114788.0,DIVISLAB.NS
2014-07-18,745.5,755.0,737.5250244140625,748.5,673.4452514648438,119726.0,DIVISLAB.NS
2014-07-21,749.2999877929688,756.9749755859375,747.5,749.8250122070312,674.6372680664062,166078.0,DIVISLAB.NS
2014-07-22,748.5,751.2000122070312,733.5,738.9500122070312,664.852783203125,208696.0,DIVISLAB.NS
2014-07-23,745.5,749.5,735.3250122070312,739.2750244140625,665.145263671875,404632.0,DIVISLAB.NS
2014-07-24,742.4500122070312,752.5,741.4749755859375,750.1749877929688,674.9522705078125,278366.0,DIVISLAB.NS
2014-07-25,750.0,751.5999755859375,738.5,749.0499877929688,673.9400024414062,110130.0,DIVISLAB.NS
2014-07-28,747.5,753.5,726.5999755859375,736.2750244140625,662.446044921875,389330.0,DIVISLAB.NS
2014-07-30,733.5499877929688,748.3499755859375,733.5499877929688,745.7750244140625,670.993408203125,246760.0,DIVISLAB.NS
2014-07-31,741.5,744.5,730.2750244140625,737.9749755859375,672.999755859375,457222.0,DIVISLAB.NS
2014-08-01,739.0,762.5,732.6749877929688,747.9749755859375,682.1193237304688,654802.0,DIVISLAB.NS
2014-08-04,747.5,768.5999755859375,747.5,751.125,684.9920043945312,377798.0,DIVISLAB.NS
2014-08-05,751.125,761.5,750.5,754.9500122070312,688.4801635742188,406036.0,DIVISLAB.NS
2014-08-06,755.2999877929688,769.0,755.2999877929688,759.5999755859375,692.7208862304688,375780.0,DIVISLAB.NS
2014-08-07,764.1500244140625,764.4749755859375,749.7249755859375,751.1749877929688,685.0375366210938,86200.0,DIVISLAB.NS
2014-08-08,749.7249755859375,760.5250244140625,744.0,750.4000244140625,684.3309326171875,259070.0,DIVISLAB.NS
2014-08-11,754.5,762.4249877929688,746.0750122070312,755.1749877929688,688.6854248046875,315814.0,DIVISLAB.NS
2014-08-12,748.5250244140625,748.5250244140625,724.0999755859375,737.0,672.110595703125,936198.0,DIVISLAB.NS
2014-08-13,742.0,750.3499755859375,730.0750122070312,738.7249755859375,673.6837768554688,354844.0,DIVISLAB.NS
2014-08-14,734.0,735.5,727.5750122070312,730.4500122070312,666.1372680664062,395038.0,DIVISLAB.NS
2014-08-18,735.0,737.0499877929688,727.6500244140625,730.2249755859375,665.9320678710938,317302.0,DIVISLAB.NS
2014-08-19,730.5,747.6500244140625,730.5,745.2000122070312,679.588623046875,194346.0,DIVISLAB.NS
2014-08-20,749.75,760.125,745.1500244140625,758.4249877929688,691.6492309570312,350436.0,DIVISLAB.NS
2014-08-21,764.4000244140625,778.7249755859375,761.6500244140625,771.3499755859375,703.4361572265625,530782.0,DIVISLAB.NS
2014-08-22,773.9749755859375,783.9000244140625,770.2249755859375,778.4749755859375,709.9339599609375,325076.0,DIVISLAB.NS
2014-08-25,781.3499755859375,795.8499755859375,777.5499877929688,788.9500122070312,719.4866333007812,367096.0,DIVISLAB.NS
2014-08-26,796.375,801.7000122070312,775.75,788.2999877929688,718.8938598632812,236518.0,DIVISLAB.NS
2014-08-27,788.2999877929688,794.75,775.5750122070312,780.6749877929688,711.940185546875,209990.0,DIVISLAB.NS
2014-08-28,784.5,787.9500122070312,775.0499877929688,782.375,713.4906005859375,249674.0,DIVISLAB.NS
2014-09-01,783.2249755859375,796.3250122070312,780.0,783.4749755859375,714.4937133789062,223460.0,DIVISLAB.NS
2014-09-02,785.5,804.7750244140625,780.0250244140625,799.9000244140625,729.47265625,382782.0,DIVISLAB.NS
2014-09-03,808.7000122070312,814.5,803.0,808.0250244140625,736.8821411132812,766566.0,DIVISLAB.NS
2014-09-04,808.9000244140625,812.9500122070312,800.6500244140625,806.4249877929688,735.4230346679688,153240.0,DIVISLAB.NS
2014-09-05,806.25,832.5250244140625,800.0,826.375,753.6166381835938,204474.0,DIVISLAB.NS
2014-09-08,833.2249755859375,850.0,827.5,842.3250122070312,768.1621704101562,261646.0,DIVISLAB.NS
2014-09-09,849.5,849.5,823.9749755859375,834.5250244140625,761.0489501953125,347424.0,DIVISLAB.NS
2014-09-10,837.5,839.0,820.8499755859375,835.7000122070312,762.1206665039062,382644.0,DIVISLAB.NS
2014-09-11,837.9000244140625,866.3499755859375,823.6500244140625,860.7999877929688,785.0105590820312,430226.0,DIVISLAB.NS
2014-09-12,863.5250244140625,882.0,855.5499877929688,878.0999755859375,800.7874755859375,543488.0,DIVISLAB.NS
2014-09-15,878.0999755859375,879.9749755859375,862.25,863.0,787.0169677734375,329550.0,DIVISLAB.NS
2014-09-16,867.0,877.6749877929688,830.5,835.625,762.05224609375,322070.0,DIVISLAB.NS
2014-09-17,836.0,849.9500122070312,825.5,846.3250122070312,771.8101196289062,271028.0,DIVISLAB.NS
2014-09-18,837.5,875.0250244140625,837.5,869.9249877929688,793.3322143554688,355154.0,DIVISLAB.NS
2014-09-19,873.0250244140625,873.0999755859375,850.2000122070312,857.0999755859375,781.6364135742188,411768.0,DIVISLAB.NS
2014-09-22,856.9749755859375,861.0,848.0999755859375,858.3499755859375,782.7763061523438,367244.0,DIVISLAB.NS
2014-09-23,860.9749755859375,869.5,850.8499755859375,855.4249877929688,780.1089477539062,245624.0,DIVISLAB.NS
2014-09-24,855.0,870.9749755859375,852.125,865.2249755859375,789.0460205078125,284522.0,DIVISLAB.NS
2014-09-25,862.5,877.5,853.5499877929688,861.7750244140625,785.8998413085938,564970.0,DIVISLAB.NS
2014-09-26,855.5,887.5,855.0,858.7999877929688,783.1868286132812,390596.0,DIVISLAB.NS
2014-09-29,859.7249755859375,899.5,859.7000122070312,895.2750244140625,816.4502563476562,297660.0,DIVISLAB.NS
2014-09-30,892.5,910.0,880.5,900.1749877929688,820.9188842773438,615618.0,DIVISLAB.NS
2014-10-01,900.0,913.9749755859375,891.5750122070312,893.875,815.1735229492188,374694.0,DIVISLAB.NS
2014-10-07,898.75,907.375,877.625,885.5250244140625,807.5587158203125,357670.0,DIVISLAB.NS
2014-10-08,888.4500122070312,889.7999877929688,860.4749755859375,864.3499755859375,788.2479248046875,251548.0,DIVISLAB.NS
2014-10-09,867.0,888.8499755859375,865.5250244140625,885.3499755859375,807.3989868164062,372424.0,DIVISLAB.NS
2014-10-10,883.5,893.4749755859375,872.8499755859375,883.4500122070312,805.6663818359375,171634.0,DIVISLAB.NS
2014-10-13,880.5499877929688,883.4500122070312,846.0999755859375,863.3250122070312,787.3133544921875,304888.0,DIVISLAB.NS
2014-10-14,867.0999755859375,889.2750244140625,867.0999755859375,882.5,804.800048828125,316992.0,DIVISLAB.NS
2014-10-15,882.5,882.5,882.5,882.5,804.800048828125,0.0,DIVISLAB.NS
2014-10-16,882.0,882.9749755859375,847.5,851.1749877929688,776.2330322265625,318974.0,DIVISLAB.NS
2014-10-17,851.5999755859375,867.0,850.0499877929688,852.5999755859375,777.5325317382812,248584.0,DIVISLAB.NS
2014-10-20,852.6500244140625,873.375,852.6500244140625,871.625,794.882568359375,94364.0,DIVISLAB.NS
2014-10-21,869.0750122070312,880.0,857.6500244140625,871.7999877929688,795.0421142578125,164806.0,DIVISLAB.NS
2014-10-22,873.0250244140625,893.6500244140625,873.0250244140625,891.9749755859375,813.4407348632812,134936.0,DIVISLAB.NS
2014-10-27,914.875,920.0499877929688,891.7750244140625,901.6749877929688,822.2867431640625,234222.0,DIVISLAB.NS
2014-10-28,902.5,914.9500122070312,896.9000244140625,908.5,828.5109252929688,202170.0,DIVISLAB.NS
2014-10-29,911.5,916.6749877929688,900.5750122070312,908.4000244140625,828.4196166992188,364774.0,DIVISLAB.NS
2014-10-30,905.5,919.875,903.0,915.5750122070312,834.9629516601562,359786.0,DIVISLAB.NS
2014-10-31,918.5,944.0250244140625,918.5,937.75,855.1854248046875,257412.0,DIVISLAB.NS
2014-11-03,935.0499877929688,936.5,898.2750244140625,902.7999877929688,823.3126831054688,681916.0,DIVISLAB.NS
2014-11-05,902.5499877929688,910.0999755859375,847.5499877929688,860.5750122070312,784.805419921875,943928.0,DIVISLAB.NS
2014-11-07,856.1500244140625,886.4749755859375,841.3250122070312,875.7999877929688,798.6900024414062,1026738.0,DIVISLAB.NS
2014-11-10,876.0,883.0250244140625,853.0,870.2249755859375,793.605712890625,228282.0,DIVISLAB.NS
2014-11-11,870.6749877929688,872.5,856.8499755859375,867.0999755859375,790.7559204101562,176824.0,DIVISLAB.NS
2014-11-12,869.5,886.3250122070312,860.8499755859375,876.2000122070312,799.0547485351562,499574.0,DIVISLAB.NS
2014-11-13,883.6749877929688,889.8499755859375,867.8499755859375,874.4749755859375,797.4815063476562,343862.0,DIVISLAB.NS
2014-11-14,871.2750244140625,884.875,859.3499755859375,861.9749755859375,786.0821533203125,291964.0,DIVISLAB.NS
2014-11-17,853.75,867.3499755859375,852.0,858.0250244140625,782.47998046875,250752.0,DIVISLAB.NS
2014-11-18,854.0499877929688,866.3499755859375,852.5,857.4500122070312,781.9556274414062,258754.0,DIVISLAB.NS
2014-11-19,862.0,866.9749755859375,855.0,858.875,783.2550048828125,250564.0,DIVISLAB.NS
2014-11-20,860.625,873.9500122070312,858.125,869.7000122070312,793.1270141601562,209314.0,DIVISLAB.NS
2014-11-21,872.4000244140625,873.4500122070312,864.1749877929688,868.8499755859375,792.3517456054688,154170.0,DIVISLAB.NS
2014-11-24,875.0,875.0,857.0,863.9500122070312,787.88330078125,178594.0,DIVISLAB.NS
2014-11-25,861.75,872.5,855.875,866.5250244140625,790.2316284179688,361706.0,DIVISLAB.NS
2014-11-26,863.75,877.2999877929688,862.75,871.5999755859375,794.8597412109375,655436.0,DIVISLAB.NS
2014-11-27,869.5,878.9000244140625,862.625,868.2999877929688,791.8502197265625,535008.0,DIVISLAB.NS
2014-11-28,870.5,875.125,859.5,863.9000244140625,787.8377685546875,248306.0,DIVISLAB.NS
2014-12-01,862.5,872.3499755859375,854.25,860.2999877929688,784.5546875,272518.0,DIVISLAB.NS
2014-12-02,862.625,869.875,851.4000244140625,866.4500122070312,790.1631469726562,201772.0,DIVISLAB.NS
2014-12-03,870.125,871.5,862.625,865.9000244140625,789.66162109375,102806.0,DIVISLAB.NS
2014-12-04,867.5,870.2999877929688,855.0499877929688,858.5250244140625,782.9359130859375,209874.0,DIVISLAB.NS
2014-12-05,858.0750122070312,864.875,838.5750122070312,845.0750122070312,770.6702880859375,298170.0,DIVISLAB.NS
2014-12-08,841.625,847.4749755859375,821.7999877929688,831.6500244140625,758.4271850585938,551920.0,DIVISLAB.NS
2014-12-09,832.0,843.5,829.0,834.4000244140625,760.9351196289062,270598.0,DIVISLAB.NS
2014-12-10,839.9749755859375,841.7249755859375,834.5,835.4500122070312,761.8927001953125,247226.0,DIVISLAB.NS
2014-12-11,834.5,859.2000122070312,834.0,853.5750122070312,778.4218139648438,266036.0,DIVISLAB.NS
2014-12-12,856.0,869.75,845.6500244140625,854.5499877929688,779.310791015625,310026.0,DIVISLAB.NS
2014-12-15,849.7000122070312,869.5,837.2000122070312,863.9249877929688,787.8605346679688,254396.0,DIVISLAB.NS
2014-12-16,864.4500122070312,867.5,834.5499877929688,840.9000244140625,766.8626708984375,388648.0,DIVISLAB.NS
2014-12-17,837.5,838.4000244140625,808.6500244140625,817.875,745.8649291992188,516166.0,DIVISLAB.NS
2014-12-18,821.5,839.4000244140625,820.625,835.8499755859375,762.2572631835938,281230.0,DIVISLAB.NS
2014-12-19,841.0,857.5,831.5,850.8499755859375,775.9367065429688,287068.0,DIVISLAB.NS
2014-12-22,851.625,863.0,848.4749755859375,858.2249755859375,782.662353515625,181812.0,DIVISLAB.NS
2014-12-23,853.0,864.5,842.5250244140625,855.5999755859375,780.2684326171875,116550.0,DIVISLAB.NS
2014-12-24,855.9500122070312,858.5,828.5,836.5,762.85009765625,566780.0,DIVISLAB.NS
2014-12-26,841.0,850.0250244140625,840.0250244140625,846.0,771.5137939453125,70864.0,DIVISLAB.NS
2014-12-29,851.5,856.5,846.0250244140625,853.875,778.6953735351562,93814.0,DIVISLAB.NS
2014-12-30,853.1500244140625,865.0,848.0750122070312,858.5999755859375,783.0043334960938,183636.0,DIVISLAB.NS
2014-12-31,859.5,864.9249877929688,853.0250244140625,861.625,785.7630615234375,138518.0,DIVISLAB.NS
2015-01-01,867.4000244140625,876.5,862.25,872.7249755859375,795.8856201171875,186924.0,DIVISLAB.NS
2015-01-02,877.0,884.75,873.0,876.4500122070312,799.2827758789062,204160.0,DIVISLAB.NS
2015-01-05,876.375,882.8250122070312,866.25,871.1749877929688,794.4720458984375,121542.0,DIVISLAB.NS
2015-01-06,865.0,865.0,833.5,837.0750122070312,763.3744506835938,682896.0,DIVISLAB.NS
2015-01-07,838.0999755859375,849.5750122070312,817.5,824.8250122070312,752.2030639648438,415972.0,DIVISLAB.NS
2015-01-08,830.0,839.9500122070312,825.0,826.5250244140625,753.75341796875,124860.0,DIVISLAB.NS
2015-01-09,830.0,859.4249877929688,830.0,851.125,776.1875,152108.0,DIVISLAB.NS
2015-01-12,856.5,862.875,840.5,853.1500244140625,778.0341796875,194864.0,DIVISLAB.NS
2015-01-13,852.5,864.9500122070312,852.5,861.9500122070312,786.0594482421875,112556.0,DIVISLAB.NS
2015-01-14,860.0,870.0,848.5250244140625,852.6500244140625,777.578125,256164.0,DIVISLAB.NS
2015-01-15,855.3250122070312,864.125,845.0250244140625,847.7999877929688,773.1550903320312,188754.0,DIVISLAB.NS
2015-01-16,851.0,859.7000122070312,850.5,856.0750122070312,780.7017211914062,233268.0,DIVISLAB.NS
2015-01-19,860.5,864.0,852.7000122070312,856.0750122070312,780.7017211914062,188148.0,DIVISLAB.NS
2015-01-20,862.4749755859375,862.4749755859375,845.2000122070312,847.2750244140625,772.6764526367188,196708.0,DIVISLAB.NS
2015-01-21,852.0,852.5250244140625,836.4000244140625,839.625,765.699951171875,225258.0,DIVISLAB.NS
2015-01-22,840.5,844.0499877929688,823.2249755859375,828.0,755.0985107421875,491236.0,DIVISLAB.NS
2015-01-23,830.5,842.4500122070312,830.5,839.2249755859375,765.335205078125,284424.0,DIVISLAB.NS
2015-01-27,839.3499755859375,850.0,832.7750244140625,844.25,769.917724609375,550398.0,DIVISLAB.NS
2015-01-28,847.4249877929688,872.0,842.5750122070312,869.5750122070312,793.0130004882812,565222.0,DIVISLAB.NS
2015-01-29,876.25,890.0,866.4500122070312,884.1500244140625,806.3046875,519390.0,DIVISLAB.NS
2015-01-30,887.0,895.0,855.1500244140625,871.1749877929688,794.4720458984375,555528.0,DIVISLAB.NS
2015-02-02,860.0,869.0,829.0,844.9000244140625,770.5106201171875,1081282.0,DIVISLAB.NS
2015-02-03,845.0,851.6500244140625,827.0999755859375,829.9500122070312,756.8767700195312,226616.0,DIVISLAB.NS
2015-02-04,830.4500122070312,843.0,812.5750122070312,818.0250244140625,746.0018310546875,258772.0,DIVISLAB.NS
2015-02-05,817.4500122070312,817.5,805.0,811.0,739.5953369140625,390698.0,DIVISLAB.NS
2015-02-06,812.0,813.5,795.0,802.2249755859375,731.5928344726562,267052.0,DIVISLAB.NS
2015-02-09,790.1749877929688,812.5999755859375,786.0,809.2000122070312,737.9537353515625,181220.0,DIVISLAB.NS
2015-02-10,812.2000122070312,826.3250122070312,802.4000244140625,815.7249755859375,743.9041137695312,338944.0,DIVISLAB.NS
2015-02-11,817.5,830.0,811.2249755859375,819.2750244140625,747.1416625976562,119496.0,DIVISLAB.NS
2015-02-12,821.0,826.0499877929688,815.1500244140625,822.1500244140625,749.7634887695312,125904.0,DIVISLAB.NS
2015-02-13,825.0,837.4000244140625,822.5,826.5,753.7305908203125,382978.0,DIVISLAB.NS
2015-02-16,835.5,835.5,813.0,820.375,748.144775390625,182534.0,DIVISLAB.NS
2015-02-18,819.0,835.0,812.2999877929688,832.3499755859375,759.0654907226562,182914.0,DIVISLAB.NS
2015-02-19,837.5,841.5,828.5,833.2999877929688,759.931884765625,218156.0,DIVISLAB.NS
2015-02-20,836.0,849.5,831.3250122070312,846.0250244140625,771.5364379882812,165942.0,DIVISLAB.NS
2015-02-23,848.0,849.4500122070312,838.4500122070312,842.5999755859375,768.4130859375,593010.0,DIVISLAB.NS
2015-02-24,845.0,849.5,838.9500122070312,843.6500244140625,769.3705444335938,189252.0,DIVISLAB.NS
2015-02-25,843.6500244140625,881.0,832.1500244140625,872.875,796.0223999023438,890970.0,DIVISLAB.NS
2015-02-26,874.25,874.5,850.5,860.3250122070312,784.577392578125,517330.0,DIVISLAB.NS
2015-02-27,859.9249877929688,869.5499877929688,847.75,849.5999755859375,774.7967529296875,303472.0,DIVISLAB.NS
2015-03-02,872.5,888.5499877929688,857.7999877929688,882.1749877929688,804.503662109375,324572.0,DIVISLAB.NS
2015-03-03,884.3499755859375,897.625,875.6749877929688,886.5,808.44775390625,754516.0,DIVISLAB.NS
2015-03-04,889.8499755859375,896.375,861.75,869.7249755859375,793.1497192382812,270110.0,DIVISLAB.NS
2015-03-05,872.5,905.0,869.0,886.3250122070312,808.2882080078125,1166766.0,DIVISLAB.NS
2015-03-09,887.0,901.5,869.0250244140625,881.0250244140625,803.4550170898438,643736.0,DIVISLAB.NS
2015-03-10,885.0,897.9749755859375,873.6500244140625,881.5,803.8881225585938,352058.0,DIVISLAB.NS
2015-03-11,885.0,899.4000244140625,876.5999755859375,886.75,808.67578125,501972.0,DIVISLAB.NS
2015-03-12,889.0,902.9749755859375,885.0250244140625,899.7249755859375,820.5083618164062,151164.0,DIVISLAB.NS
2015-03-13,910.0,914.5,883.6500244140625,886.7000122070312,808.6303100585938,275896.0,DIVISLAB.NS
2015-03-16,895.5,897.5,872.7750244140625,890.0,811.6396484375,143212.0,DIVISLAB.NS
2015-03-17,891.4500122070312,910.9249877929688,891.2249755859375,899.9749755859375,820.7363891601562,223370.0,DIVISLAB.NS
2015-03-18,902.2999877929688,909.0,892.5250244140625,900.7750244140625,821.4659423828125,265376.0,DIVISLAB.NS
2015-03-19,913.25,927.1500244140625,905.0,916.2000122070312,835.5328979492188,467244.0,DIVISLAB.NS
2015-03-20,913.0,927.3250122070312,895.125,903.1500244140625,823.6318969726562,323112.0,DIVISLAB.NS
2015-03-23,896.25,911.0,882.5499877929688,902.0250244140625,822.60595703125,193710.0,DIVISLAB.NS
2015-03-24,908.5,917.0,903.5750122070312,910.1500244140625,830.0155639648438,180638.0,DIVISLAB.NS
2015-03-25,911.125,917.0,897.0,899.9500122070312,820.7136840820312,209228.0,DIVISLAB.NS
2015-03-26,899.9500122070312,909.4000244140625,888.5,903.0,823.4951171875,217200.0,DIVISLAB.NS
2015-03-27,912.5,912.5,882.5750122070312,897.125,818.1372680664062,140264.0,DIVISLAB.NS
2015-03-30,902.0,907.5999755859375,897.5999755859375,905.0250244140625,825.3418579101562,138064.0,DIVISLAB.NS
2015-03-31,904.8499755859375,917.5,876.4000244140625,892.7249755859375,814.124755859375,392544.0,DIVISLAB.NS
2015-04-01,885.0499877929688,904.5,885.0499877929688,901.1749877929688,821.830810546875,136006.0,DIVISLAB.NS
2015-04-06,902.9500122070312,945.2000122070312,895.5250244140625,938.625,855.9834594726562,432418.0,DIVISLAB.NS
2015-04-07,947.4500122070312,969.4000244140625,924.0499877929688,967.625,882.4302368164062,503404.0,DIVISLAB.NS
2015-04-08,974.8250122070312,984.5,959.0,971.7249755859375,886.169189453125,401488.0,DIVISLAB.NS
2015-04-09,980.0,980.0,955.6749877929688,967.0,881.860107421875,399102.0,DIVISLAB.NS
2015-04-10,967.5,975.9749755859375,957.8250122070312,969.125,883.798095703125,118882.0,DIVISLAB.NS
2015-04-13,974.9749755859375,976.5,956.2999877929688,966.3250122070312,881.24462890625,271886.0,DIVISLAB.NS
2015-04-15,965.0499877929688,979.2249755859375,955.5,961.2999877929688,876.6620483398438,338338.0,DIVISLAB.NS
2015-04-16,959.75,963.2999877929688,930.0,948.2999877929688,864.806640625,343912.0,DIVISLAB.NS
2015-04-17,945.0,960.4749755859375,938.3499755859375,946.75,863.39306640625,432288.0,DIVISLAB.NS
2015-04-20,944.7000122070312,949.3250122070312,885.0,912.4500122070312,832.113037109375,473784.0,DIVISLAB.NS
2015-04-21,914.7000122070312,914.7000122070312,883.0,889.5,811.1837158203125,287870.0,DIVISLAB.NS
2015-04-22,886.5750122070312,901.8499755859375,877.5,899.0250244140625,819.8701171875,356776.0,DIVISLAB.NS
2015-04-23,905.5,912.4500122070312,888.5,895.375,816.5414428710938,211648.0,DIVISLAB.NS
2015-04-24,895.0,898.4500122070312,880.0,888.0499877929688,809.8612670898438,175572.0,DIVISLAB.NS
2015-04-27,884.0,886.0250244140625,845.0,869.6500244140625,793.08154296875,465446.0,DIVISLAB.NS
2015-04-28,864.0,886.375,857.5250244140625,881.1500244140625,803.5689086914062,181234.0,DIVISLAB.NS
2015-04-29,877.0,886.5499877929688,868.5999755859375,880.3250122070312,802.8164672851562,155312.0,DIVISLAB.NS
2015-04-30,876.0,887.0999755859375,859.0,861.7249755859375,785.8541870117188,341696.0,DIVISLAB.NS
2015-05-04,865.0,902.5,865.0,891.7249755859375,813.2128295898438,147716.0,DIVISLAB.NS
2015-05-05,891.7249755859375,894.9749755859375,870.75,874.25,797.2764892578125,165138.0,DIVISLAB.NS
2015-05-06,874.0,874.0,850.0,858.375,782.7991333007812,333450.0,DIVISLAB.NS
2015-05-07,854.5,867.2249755859375,837.2999877929688,862.5750122070312,786.6292724609375,568372.0,DIVISLAB.NS
2015-05-08,866.5,869.9249877929688,846.4500122070312,861.3499755859375,785.5121459960938,369032.0,DIVISLAB.NS
2015-05-11,861.5499877929688,877.0750122070312,855.0,865.7249755859375,789.501953125,219268.0,DIVISLAB.NS
2015-05-12,865.0,882.4500122070312,858.0,871.1500244140625,794.4493408203125,527612.0,DIVISLAB.NS
2015-05-13,879.9749755859375,882.5,859.2999877929688,872.375,795.5664672851562,254000.0,DIVISLAB.NS
2015-05-14,872.4000244140625,894.0,864.4749755859375,881.5250244140625,803.9108276367188,323802.0,DIVISLAB.NS
2015-05-15,890.4500122070312,902.2000122070312,882.0,897.5,818.4794311523438,163648.0,DIVISLAB.NS
2015-05-18,899.5,910.0,899.5,907.4749755859375,827.576171875,195660.0,DIVISLAB.NS
2015-05-19,908.125,909.0,893.25,899.6500244140625,820.4401245117188,303456.0,DIVISLAB.NS
2015-05-20,904.0,904.8250122070312,870.0,891.7249755859375,813.2128295898438,1733214.0,DIVISLAB.NS
2015-05-21,897.25,923.9749755859375,893.8250122070312,920.6749877929688,839.6139526367188,510674.0,DIVISLAB.NS
2015-05-22,920.6749877929688,937.4000244140625,905.0499877929688,926.4749755859375,844.9031982421875,435806.0,DIVISLAB.NS
2015-05-25,937.5,946.1749877929688,891.0499877929688,907.9000244140625,827.9636840820312,737036.0,DIVISLAB.NS
2015-05-26,909.9500122070312,925.7000122070312,898.5999755859375,920.5250244140625,839.4771118164062,267204.0,DIVISLAB.NS
2015-05-27,918.4749755859375,918.8499755859375,908.0499877929688,912.6500244140625,832.2954711914062,367600.0,DIVISLAB.NS
2015-05-28,915.0,918.4249877929688,895.0,903.9249877929688,824.338623046875,311790.0,DIVISLAB.NS
2015-05-29,903.7000122070312,922.3250122070312,897.1500244140625,909.9500122070312,829.833251953125,452612.0,DIVISLAB.NS
2015-06-01,911.0,918.8499755859375,901.9000244140625,913.4249877929688,833.002197265625,93282.0,DIVISLAB.NS
2015-06-02,909.0250244140625,919.9500122070312,900.5,906.4249877929688,826.6185913085938,202058.0,DIVISLAB.NS
2015-06-03,904.0,912.0,877.7000122070312,885.3499755859375,807.3989868164062,550536.0,DIVISLAB.NS
2015-06-04,885.5499877929688,909.9749755859375,882.75,906.5999755859375,826.7781982421875,309984.0,DIVISLAB.NS
2015-06-05,896.75,907.9749755859375,892.875,896.0499877929688,817.156982421875,179306.0,DIVISLAB.NS
2015-06-08,895.0,895.0,871.0750122070312,884.2000122070312,806.3502807617188,318354.0,DIVISLAB.NS
2015-06-09,875.5,889.9749755859375,875.0,881.0,803.4321899414062,269884.0,DIVISLAB.NS
2015-06-10,880.75,897.5,878.0,885.625,807.6497802734375,338480.0,DIVISLAB.NS
2015-06-11,894.3499755859375,903.0250244140625,879.0,881.4000244140625,803.796875,303822.0,DIVISLAB.NS
2015-06-12,885.0,894.1500244140625,879.5,882.1500244140625,804.4808959960938,131248.0,DIVISLAB.NS
2015-06-15,889.3499755859375,889.3499755859375,877.75,882.4000244140625,804.7088623046875,170008.0,DIVISLAB.NS
2015-06-16,882.5,891.8250122070312,877.5,885.9500122070312,807.9464111328125,148674.0,DIVISLAB.NS
2015-06-17,888.5,907.5,888.0,898.125,819.04931640625,300096.0,DIVISLAB.NS
2015-06-18,901.0,930.75,901.0,919.4749755859375,838.5195922851562,257668.0,DIVISLAB.NS
2015-06-19,923.75,937.2750244140625,908.1749877929688,913.0499877929688,832.6603393554688,279886.0,DIVISLAB.NS
2015-06-22,919.0,920.3250122070312,898.4500122070312,904.5999755859375,824.9541625976562,227130.0,DIVISLAB.NS
2015-06-23,907.5,917.9000244140625,902.5,912.4500122070312,832.113037109375,231240.0,DIVISLAB.NS
2015-06-24,912.4500122070312,920.9749755859375,901.5499877929688,907.4500122070312,827.5532836914062,250544.0,DIVISLAB.NS
2015-06-25,907.5,919.9500122070312,863.9000244140625,911.9000244140625,831.6116333007812,473758.0,DIVISLAB.NS
2015-06-26,912.5,922.0,904.0,915.7750244140625,835.1453247070312,162046.0,DIVISLAB.NS
2015-06-29,905.5,918.9749755859375,883.4500122070312,916.5,835.8064575195312,193272.0,DIVISLAB.NS
2015-06-30,922.0,947.5,918.0250244140625,939.9249877929688,857.1688842773438,396722.0,DIVISLAB.NS
2015-07-01,943.0,948.5250244140625,930.7000122070312,932.9249877929688,850.7853393554688,287874.0,DIVISLAB.NS
2015-07-02,934.5,939.0,923.4249877929688,926.4000244140625,844.8347778320312,122364.0,DIVISLAB.NS
2015-07-03,926.0999755859375,937.0,925.0250244140625,929.5499877929688,847.70751953125,122286.0,DIVISLAB.NS
2015-07-06,916.2750244140625,959.0,916.2000122070312,953.6749877929688,869.7084350585938,242832.0,DIVISLAB.NS
2015-07-07,948.0,961.4749755859375,947.0750122070312,954.7000122070312,870.643310546875,240574.0,DIVISLAB.NS
2015-07-08,947.5,960.0499877929688,940.0,943.9500122070312,860.839599609375,196412.0,DIVISLAB.NS
2015-07-09,947.0,958.5,929.5,931.625,849.5997314453125,179696.0,DIVISLAB.NS
2015-07-10,937.4249877929688,944.1500244140625,930.5,938.2249755859375,855.6185913085938,181606.0,DIVISLAB.NS
2015-07-13,942.2249755859375,944.9749755859375,930.9749755859375,940.9749755859375,858.1266479492188,117164.0,DIVISLAB.NS
2015-07-14,944.0,948.7249755859375,940.0,944.375,861.2272338867188,104128.0,DIVISLAB.NS
2015-07-15,945.375,949.4500122070312,938.0499877929688,943.0250244140625,859.9961547851562,191312.0,DIVISLAB.NS
2015-07-16,948.375,955.0,943.5,954.0499877929688,870.0503540039062,145282.0,DIVISLAB.NS
2015-07-17,957.625,992.7999877929688,950.625,987.5,900.5553588867188,567652.0,DIVISLAB.NS
2015-07-20,992.5,999.875,975.0,979.5750122070312,893.3280029296875,369436.0,DIVISLAB.NS
2015-07-21,983.4749755859375,988.5,965.0,973.2750244140625,887.582763671875,260050.0,DIVISLAB.NS
2015-07-22,975.5,979.9500122070312,964.8250122070312,971.875,886.305908203125,90866.0,DIVISLAB.NS
2015-07-23,974.0,991.875,970.7000122070312,988.375,901.3532104492188,288528.0,DIVISLAB.NS
2015-07-24,988.375,996.4249877929688,973.9500122070312,977.875,891.7777709960938,156680.0,DIVISLAB.NS
2015-07-27,978.0,979.6749877929688,950.0,953.2000122070312,869.2753295898438,200888.0,DIVISLAB.NS
2015-07-28,955.0,971.5,951.0,957.5250244140625,873.2196044921875,158692.0,DIVISLAB.NS
2015-07-29,958.0,971.0,950.5750122070312,954.1749877929688,870.1643676757812,216962.0,DIVISLAB.NS
2015-07-30,962.0,971.0,957.5,965.0750122070312,880.104736328125,373364.0,DIVISLAB.NS
2015-07-31,965.125,989.0,965.125,980.7999877929688,894.4451293945312,396792.0,DIVISLAB.NS
2015-08-03,983.0,997.4500122070312,977.125,986.25,899.415283203125,221158.0,DIVISLAB.NS
2015-08-04,986.0,986.0,970.0999755859375,980.1749877929688,893.875244140625,304904.0,DIVISLAB.NS
2015-08-05,990.4749755859375,1005.0,976.625,998.4000244140625,910.4955444335938,248208.0,DIVISLAB.NS
2015-08-06,992.5,1011.5750122070312,986.0499877929688,998.1500244140625,919.4771728515625,442702.0,DIVISLAB.NS
2015-08-07,1001.4500122070312,1007.8499755859375,978.9500122070312,985.1749877929688,907.5247802734375,210878.0,DIVISLAB.NS
2015-08-10,1055.0,1072.5,1027.5,1031.375,950.0833740234375,1150876.0,DIVISLAB.NS
2015-08-11,1040.9749755859375,1086.800048828125,1033.5999755859375,1070.6500244140625,986.2626342773438,971462.0,DIVISLAB.NS
2015-08-12,1071.5,1097.5,1071.5,1089.9000244140625,1003.9954223632812,582158.0,DIVISLAB.NS
2015-08-13,1100.0,1118.0,1080.9000244140625,1091.175048828125,1005.1700439453125,786688.0,DIVISLAB.NS
2015-08-14,1091.0,1106.7249755859375,1077.5,1091.4749755859375,1005.4464111328125,418214.0,DIVISLAB.NS
2015-08-17,1091.5,1107.875,1086.300048828125,1104.5250244140625,1017.4677124023438,279608.0,DIVISLAB.NS
2015-08-18,1104.5,1151.5,1101.0,1145.375,1055.09814453125,577384.0,DIVISLAB.NS
2015-08-19,1150.0,1223.8499755859375,1141.6500244140625,1208.0999755859375,1112.879150390625,975914.0,DIVISLAB.NS
2015-08-20,1202.5,1215.0,1189.1500244140625,1202.050048828125,1107.305908203125,904628.0,DIVISLAB.NS
2015-08-21,1176.25,1242.3499755859375,1176.25,1219.949951171875,1123.7950439453125,1141290.0,DIVISLAB.NS
2015-08-24,1190.0,1214.5,1104.0250244140625,1112.4000244140625,1024.7220458984375,839972.0,DIVISLAB.NS
2015-08-25,1130.0,1149.9000244140625,1028.0,1080.824951171875,995.6356201171875,1064464.0,DIVISLAB.NS
2015-08-26,1095.175048828125,1174.0250244140625,1067.5,1078.800048828125,993.7705688476562,824334.0,DIVISLAB.NS
2015-08-27,1104.5,1132.75,1082.5,1106.2249755859375,1019.0338134765625,911324.0,DIVISLAB.NS
2015-08-28,1125.0,1140.0,1107.5,1123.875,1035.2926025390625,502104.0,DIVISLAB.NS
2015-08-31,1124.5,1200.0,1114.875,1182.050048828125,1088.88232421875,870912.0,DIVISLAB.NS
2015-09-01,1194.8499755859375,1207.5,1129.5,1147.300048828125,1056.8712158203125,748214.0,DIVISLAB.NS
2015-09-02,1174.0,1174.0,1120.0,1125.175048828125,1036.4901123046875,666404.0,DIVISLAB.NS
2015-09-03,1135.0,1143.0,1110.0250244140625,1120.425048828125,1032.1143798828125,551404.0,DIVISLAB.NS
2015-09-04,1120.425048828125,1132.5,1065.1500244140625,1088.375,1002.5908813476562,731552.0,DIVISLAB.NS
2015-09-07,1090.0,1098.0,1040.5,1047.0999755859375,964.56884765625,622694.0,DIVISLAB.NS
2015-09-08,1040.0999755859375,1062.4000244140625,1017.5,1046.824951171875,964.3155517578125,682920.0,DIVISLAB.NS
2015-09-09,1061.5,1071.0,1026.050048828125,1035.824951171875,954.1824340820312,808550.0,DIVISLAB.NS
2015-09-10,1022.6500244140625,1087.800048828125,1003.1749877929688,1079.5,994.4153442382812,899004.0,DIVISLAB.NS
2015-09-11,1092.7750244140625,1105.0,1061.125,1070.75,986.3549194335938,601782.0,DIVISLAB.NS
2015-09-14,1077.5,1104.074951171875,1066.550048828125,1096.050048828125,1009.6607666015625,540042.0,DIVISLAB.NS
2015-09-15,1103.9000244140625,1111.800048828125,1085.0,1092.375,1006.2754516601562,385476.0,DIVISLAB.NS
2015-09-16,1099.5,1123.675048828125,1092.574951171875,1105.800048828125,1018.6424560546875,1300500.0,DIVISLAB.NS
2015-09-18,1118.5,1129.5,1100.0,1112.675048828125,1024.975341796875,736506.0,DIVISLAB.NS
2015-09-21,1107.425048828125,1120.75,1102.449951171875,1116.75,1028.7291259765625,795264.0,DIVISLAB.NS
2015-09-22,1120.0,1126.0,1088.675048828125,1104.550048828125,1017.4908447265625,1237088.0,DIVISLAB.NS
2015-09-23,1106.800048828125,1125.0,1065.0,1114.699951171875,1026.8409423828125,558209.0,DIVISLAB.NS
2015-09-24,1116.0,1137.0,1115.0,1121.4000244140625,1033.0125732421875,504230.0,DIVISLAB.NS
2015-09-28,1130.0,1137.0,1094.449951171875,1108.6500244140625,1021.2676391601562,546436.0,DIVISLAB.NS
2015-09-29,1097.5,1114.75,1095.0,1102.199951171875,1015.3261108398438,163955.0,DIVISLAB.NS
2015-09-30,1127.0,1127.0,1106.699951171875,1114.949951171875,1027.0711669921875,417245.0,DIVISLAB.NS
2015-10-01,1130.0,1130.0,1110.75,1125.949951171875,1037.2039794921875,291154.0,DIVISLAB.NS
2015-10-05,1135.0,1152.75,1125.4000244140625,1139.6500244140625,1049.82421875,628718.0,DIVISLAB.NS
2015-10-06,1158.0,1160.4000244140625,1121.9000244140625,1136.949951171875,1047.3367919921875,406514.0,DIVISLAB.NS
2015-10-07,1138.9000244140625,1145.0,1126.1500244140625,1135.6500244140625,1046.1397705078125,279738.0,DIVISLAB.NS
2015-10-08,1136.0,1140.0,1087.0,1089.5,1003.6270141601562,322234.0,DIVISLAB.NS
2015-10-09,1094.949951171875,1105.9000244140625,1076.800048828125,1095.4000244140625,1009.0618896484375,289890.0,DIVISLAB.NS
2015-10-12,1098.0,1101.0,1082.9000244140625,1097.300048828125,1010.812255859375,339264.0,DIVISLAB.NS
2015-10-13,1101.9000244140625,1103.9000244140625,1083.550048828125,1096.050048828125,1009.6607666015625,270165.0,DIVISLAB.NS
2015-10-14,1093.300048828125,1095.9000244140625,1065.199951171875,1071.1500244140625,986.7234497070312,486198.0,DIVISLAB.NS
2015-10-15,1072.0,1082.0,1061.0,1063.5999755859375,979.7683715820312,151136.0,DIVISLAB.NS
2015-10-16,1065.0,1074.800048828125,1052.0,1069.6500244140625,985.3416137695312,214349.0,DIVISLAB.NS
2015-10-19,1072.3499755859375,1108.949951171875,1072.3499755859375,1101.1500244140625,1014.35888671875,297844.0,DIVISLAB.NS
2015-10-20,1105.0,1114.4000244140625,1075.8499755859375,1078.949951171875,993.9083862304688,234968.0,DIVISLAB.NS
2015-10-21,1080.0,1094.0,1067.550048828125,1088.3499755859375,1002.5675659179688,273662.0,DIVISLAB.NS
2015-10-23,1097.949951171875,1097.949951171875,1081.0,1090.0,1004.0877075195312,241811.0,DIVISLAB.NS
2015-10-26,1092.0,1102.0,1084.0,1093.4000244140625,1007.2197265625,354438.0,DIVISLAB.NS
2015-10-27,1094.949951171875,1117.25,1074.5999755859375,1098.300048828125,1011.7334594726562,201887.0,DIVISLAB.NS
2015-10-28,1098.0,1115.9000244140625,1091.0,1109.75,1022.281005859375,548935.0,DIVISLAB.NS
2015-10-29,1110.0,1131.199951171875,1092.4000244140625,1121.0999755859375,1032.736328125,665771.0,DIVISLAB.NS
2015-10-30,1127.0,1166.4000244140625,1124.3499755859375,1153.8499755859375,1062.905029296875,473494.0,DIVISLAB.NS
2015-11-02,1159.0,1164.949951171875,1120.300048828125,1155.949951171875,1064.8394775390625,407864.0,DIVISLAB.NS
2015-11-03,1158.0,1195.0,1158.0,1189.5999755859375,1095.8372802734375,567727.0,DIVISLAB.NS
2015-11-04,1196.0,1204.300048828125,1171.5999755859375,1175.75,1083.0789794921875,419054.0,DIVISLAB.NS
2015-11-05,1175.0,1187.0999755859375,1146.800048828125,1153.8499755859375,1062.905029296875,257738.0,DIVISLAB.NS
2015-11-06,1154.0,1164.0,1100.0,1121.3499755859375,1032.966552734375,375940.0,DIVISLAB.NS
2015-11-09,1109.800048828125,1158.0,1091.0,1139.1500244140625,1049.363525390625,286276.0,DIVISLAB.NS
2015-11-10,1140.800048828125,1148.0,1100.0,1115.0999755859375,1027.209228515625,290554.0,DIVISLAB.NS
2015-11-13,1109.0,1156.3499755859375,1109.0,1145.3499755859375,1055.0750732421875,237426.0,DIVISLAB.NS
2015-11-16,1145.0999755859375,1167.550048828125,1120.0,1126.8499755859375,1038.03271484375,278606.0,DIVISLAB.NS
2015-11-17,1136.0,1139.8499755859375,1108.0,1124.25,1035.6380615234375,281249.0,DIVISLAB.NS
2015-11-18,1124.5,1138.0,1122.199951171875,1132.25,1043.0074462890625,174558.0,DIVISLAB.NS
2015-11-19,1144.0,1163.0,1129.0,1152.6500244140625,1061.7994384765625,290252.0,DIVISLAB.NS
2015-11-20,1154.5,1160.0,1142.3499755859375,1149.050048828125,1058.4835205078125,123194.0,DIVISLAB.NS
2015-11-23,1149.050048828125,1173.9000244140625,1137.5,1150.300048828125,1059.635009765625,212724.0,DIVISLAB.NS
2015-11-24,1152.0,1165.5,1133.1500244140625,1145.050048828125,1054.7987060546875,216009.0,DIVISLAB.NS
2015-11-26,1145.0,1149.0,1121.199951171875,1129.0999755859375,1040.1058349609375,534645.0,DIVISLAB.NS
2015-11-27,1131.0999755859375,1152.0,1131.0999755859375,1145.75,1055.443359375,598446.0,DIVISLAB.NS
2015-11-30,1147.0,1167.0,1125.0,1150.300048828125,1059.635009765625,544833.0,DIVISLAB.NS
2015-12-01,1143.0,1150.0,1132.199951171875,1135.8499755859375,1046.32373046875,144274.0,DIVISLAB.NS
2015-12-02,1145.5,1151.699951171875,1132.0,1138.0999755859375,1048.396728515625,242630.0,DIVISLAB.NS
2015-12-03,1140.0,1143.3499755859375,1122.0,1126.6500244140625,1037.8489990234375,198431.0,DIVISLAB.NS
2015-12-04,1122.0,1144.0,1115.25,1129.8499755859375,1040.796630859375,278270.0,DIVISLAB.NS
2015-12-07,1131.0,1149.9000244140625,1061.8499755859375,1128.25,1039.3228759765625,144834.0,DIVISLAB.NS
2015-12-08,1126.0,1149.3499755859375,1125.0,1130.0,1040.934814453125,231568.0,DIVISLAB.NS
2015-12-09,1130.0,1139.0,1103.0999755859375,1123.050048828125,1034.53271484375,277050.0,DIVISLAB.NS
2015-12-10,1126.8499755859375,1133.0,1099.0999755859375,1106.3499755859375,1019.1490478515625,179075.0,DIVISLAB.NS
2015-12-11,1110.0,1130.0,1098.0999755859375,1125.9000244140625,1037.157958984375,279448.0,DIVISLAB.NS
2015-12-14,1130.0,1142.5,1119.699951171875,1128.949951171875,1039.9676513671875,268495.0,DIVISLAB.NS
2015-12-15,1128.949951171875,1132.199951171875,1115.699951171875,1119.050048828125,1030.847900390625,301425.0,DIVISLAB.NS
2015-12-16,1129.0,1137.0,1113.0,1116.25,1028.2685546875,230698.0,DIVISLAB.NS
2015-12-17,1120.75,1135.0,1118.3499755859375,1130.449951171875,1041.349609375,377943.0,DIVISLAB.NS
2015-12-18,1131.0,1152.449951171875,1129.0,1148.0999755859375,1057.6082763671875,455033.0,DIVISLAB.NS
2015-12-21,1159.0,1173.300048828125,1157.050048828125,1161.050048828125,1069.53759765625,433168.0,DIVISLAB.NS
2015-12-22,1159.800048828125,1173.0,1157.0,1164.0999755859375,1072.3470458984375,176056.0,DIVISLAB.NS
2015-12-23,1167.0,1179.5,1158.6500244140625,1166.550048828125,1074.60400390625,180507.0,DIVISLAB.NS
2015-12-24,1171.9000244140625,1177.5,1162.0,1166.6500244140625,1074.6962890625,104277.0,DIVISLAB.NS
2015-12-28,1166.6500244140625,1185.5999755859375,1166.5,1172.949951171875,1080.4993896484375,162979.0,DIVISLAB.NS
2015-12-29,1175.0,1184.4000244140625,1154.6500244140625,1166.9000244140625,1074.9263916015625,189792.0,DIVISLAB.NS
2015-12-30,1171.0,1174.9000244140625,1155.0,1158.5999755859375,1067.2806396484375,138608.0,DIVISLAB.NS
2015-12-31,1160.050048828125,1166.75,1145.0999755859375,1154.8499755859375,1063.826171875,302126.0,DIVISLAB.NS
2016-01-01,1154.0,1165.0,1145.550048828125,1162.5,1070.8731689453125,100178.0,DIVISLAB.NS
2016-01-04,1161.0,1173.699951171875,1137.800048828125,1149.699951171875,1059.0821533203125,233101.0,DIVISLAB.NS
2016-01-05,1147.0,1157.5,1138.5,1147.5,1057.0555419921875,302272.0,DIVISLAB.NS
2016-01-06,1149.0,1154.300048828125,1135.0,1137.199951171875,1047.567138671875,392164.0,DIVISLAB.NS
2016-01-07,1115.0,1136.550048828125,1115.0,1126.949951171875,1038.125244140625,316523.0,DIVISLAB.NS
2016-01-08,1139.75,1139.75,1122.0,1129.699951171875,1040.6583251953125,366442.0,DIVISLAB.NS
2016-01-11,1128.0,1128.0,1094.300048828125,1099.5,1012.8388671875,168277.0,DIVISLAB.NS
2016-01-12,1100.0,1108.800048828125,1088.699951171875,1100.300048828125,1013.5758666992188,275705.0,DIVISLAB.NS
2016-01-13,1105.0,1116.5999755859375,1059.0,1084.449951171875,998.9750366210938,239949.0,DIVISLAB.NS
2016-01-14,1075.5,1100.0,1065.0,1087.449951171875,1001.7384643554688,366830.0,DIVISLAB.NS
2016-01-15,1088.949951171875,1092.6500244140625,1062.5999755859375,1077.0999755859375,992.204345703125,152999.0,DIVISLAB.NS
2016-01-18,1077.9000244140625,1080.0,1036.0,1067.4000244140625,983.2688598632812,229101.0,DIVISLAB.NS
2016-01-19,1064.8499755859375,1080.800048828125,1040.0,1070.699951171875,986.3087158203125,667040.0,DIVISLAB.NS
2016-01-20,1067.0,1079.050048828125,1041.6500244140625,1060.199951171875,976.6362915039062,359534.0,DIVISLAB.NS
2016-01-21,1069.75,1076.0999755859375,1051.050048828125,1057.949951171875,974.5635986328125,337935.0,DIVISLAB.NS
2016-01-22,1062.0,1091.0,1061.0,1081.8499755859375,996.5799560546875,162161.0,DIVISLAB.NS
2016-01-25,1099.800048828125,1104.800048828125,1082.300048828125,1087.0999755859375,1001.4160766601562,210420.0,DIVISLAB.NS
2016-01-27,1085.0,1148.800048828125,1085.0,1144.199951171875,1054.0155029296875,383545.0,DIVISLAB.NS
2016-01-28,1139.0,1154.0,1107.8499755859375,1129.1500244140625,1040.1517333984375,334538.0,DIVISLAB.NS
2016-01-29,1148.0,1156.0,1115.1500244140625,1140.949951171875,1051.02197265625,349675.0,DIVISLAB.NS
2016-02-01,1152.0,1158.0,1130.550048828125,1141.949951171875,1051.94287109375,283070.0,DIVISLAB.NS
2016-02-02,1140.0,1161.25,1113.4000244140625,1124.5,1035.8681640625,303619.0,DIVISLAB.NS
2016-02-03,1120.0,1135.5,1101.0,1106.550048828125,1019.3331298828125,249442.0,DIVISLAB.NS
2016-02-04,1111.800048828125,1111.800048828125,1056.0999755859375,1087.300048828125,1001.6004638671875,512652.0,DIVISLAB.NS
2016-02-05,1083.0,1120.0,1074.4000244140625,1110.449951171875,1022.9256591796875,474625.0,DIVISLAB.NS
2016-02-08,1080.0,1091.5999755859375,1058.25,1068.6500244140625,984.4204711914062,520662.0,DIVISLAB.NS
2016-02-09,1055.0,1075.0,1022.9500122070312,1033.6500244140625,952.1790771484375,301134.0,DIVISLAB.NS
2016-02-10,1024.800048828125,1032.9000244140625,997.3499755859375,1017.6500244140625,937.4401245117188,366989.0,DIVISLAB.NS
2016-02-11,1002.0,1024.199951171875,990.0,1019.5499877929688,939.1903686523438,462682.0,DIVISLAB.NS
2016-02-12,1021.2000122070312,1026.0999755859375,960.25,987.1500244140625,909.3441162109375,736094.0,DIVISLAB.NS
2016-02-15,1003.0,1009.5,986.2000122070312,992.75,914.5028076171875,455879.0,DIVISLAB.NS
2016-02-16,986.25,992.0,950.2000122070312,969.75,893.315673828125,395940.0,DIVISLAB.NS
2016-02-17,973.2000122070312,999.0,930.0,988.5,910.587646484375,526313.0,DIVISLAB.NS
2016-02-18,998.9000244140625,1009.0499877929688,961.0999755859375,975.3499755859375,898.4741821289062,342584.0,DIVISLAB.NS
2016-02-19,975.5,1001.0,960.75,995.6500244140625,917.1741333007812,212929.0,DIVISLAB.NS
2016-02-22,1015.0,1025.0,986.5999755859375,991.4000244140625,913.2591552734375,359241.0,DIVISLAB.NS
2016-02-23,989.9500122070312,991.7999877929688,972.0,980.0,902.7576293945312,314131.0,DIVISLAB.NS
2016-02-24,979.0,979.0,926.5999755859375,941.9000244140625,867.6607055664062,823896.0,DIVISLAB.NS
2016-02-25,935.0,945.25,930.0999755859375,940.8499755859375,866.693359375,679713.0,DIVISLAB.NS
2016-02-26,952.7000122070312,962.7999877929688,923.25,934.0499877929688,860.4293212890625,583423.0,DIVISLAB.NS
2016-02-29,935.0,957.2000122070312,917.7999877929688,950.5499877929688,875.62890625,792995.0,DIVISLAB.NS
2016-03-01,955.0,960.8499755859375,942.4500122070312,957.4500122070312,881.9850463867188,486669.0,DIVISLAB.NS
2016-03-02,963.0,996.4000244140625,957.9500122070312,970.4500122070312,893.9603271484375,616872.0,DIVISLAB.NS
2016-03-03,976.0,986.0,966.3499755859375,977.5999755859375,900.5467529296875,479030.0,DIVISLAB.NS
2016-03-04,977.5999755859375,1023.7000122070312,977.2000122070312,1010.6500244140625,930.9918212890625,531786.0,DIVISLAB.NS
2016-03-08,1010.7000122070312,1025.550048828125,998.0,1022.75,942.1381225585938,387188.0,DIVISLAB.NS
2016-03-09,1022.75,1022.75,998.0999755859375,1009.5999755859375,930.0245971679688,203045.0,DIVISLAB.NS
2016-03-10,1010.0,1027.699951171875,1002.0,1016.4000244140625,936.2886962890625,262703.0,DIVISLAB.NS
2016-03-11,1023.0,1023.0,999.5,1004.2999877929688,925.142333984375,248070.0,DIVISLAB.NS
2016-03-14,1014.5,1018.5999755859375,997.5499877929688,1012.5499877929688,932.7420043945312,503296.0,DIVISLAB.NS
2016-03-15,1020.0,1020.0,941.0999755859375,963.7000122070312,887.742431640625,1371394.0,DIVISLAB.NS
2016-03-16,959.0,987.0,953.0499877929688,975.8499755859375,898.9347534179688,464515.0,DIVISLAB.NS
2016-03-17,980.0,983.75,966.5,975.2000122070312,907.6370239257812,623673.0,DIVISLAB.NS
2016-03-18,978.5,988.1500244140625,956.5,983.8499755859375,915.6876831054688,314050.0,DIVISLAB.NS
2016-03-21,980.0,999.0,969.0999755859375,991.9500122070312,923.2264404296875,276676.0,DIVISLAB.NS
2016-03-22,997.2000122070312,997.2000122070312,960.2000122070312,979.0499877929688,911.2202758789062,630746.0,DIVISLAB.NS
2016-03-23,979.4500122070312,980.0,958.0,969.4000244140625,902.23876953125,519608.0,DIVISLAB.NS
2016-03-28,978.0,979.0,960.0499877929688,972.2000122070312,904.8448486328125,382087.0,DIVISLAB.NS
2016-03-29,970.0,981.25,935.0999755859375,977.0,909.312255859375,528121.0,DIVISLAB.NS
2016-03-30,976.7999877929688,990.5999755859375,972.1500244140625,982.25,914.1985473632812,573823.0,DIVISLAB.NS
2016-03-31,986.0,989.9000244140625,968.75,987.25,918.8521728515625,461518.0,DIVISLAB.NS
2016-04-01,984.9500122070312,1011.4500122070312,977.9500122070312,1008.5499877929688,938.6763305664062,228313.0,DIVISLAB.NS
2016-04-04,1010.0499877929688,1013.9000244140625,990.75,1010.5999755859375,940.5844116210938,112395.0,DIVISLAB.NS
2016-04-05,1007.5999755859375,1028.0,1000.7000122070312,1013.3499755859375,943.143798828125,275291.0,DIVISLAB.NS
2016-04-06,1012.7999877929688,1018.4000244140625,971.8499755859375,995.1500244140625,926.204833984375,729242.0,DIVISLAB.NS
2016-04-07,1004.7999877929688,1024.5999755859375,985.5,1013.9000244140625,943.6558227539062,226225.0,DIVISLAB.NS
2016-04-08,1010.2000122070312,1020.0,999.5999755859375,1013.4500122070312,943.2369384765625,133452.0,DIVISLAB.NS
2016-04-11,1014.9000244140625,1037.0,1005.0999755859375,1020.0999755859375,949.42626953125,276931.0,DIVISLAB.NS
2016-04-12,1027.0,1034.9000244140625,1012.0,1021.9000244140625,951.1015014648438,187964.0,DIVISLAB.NS
2016-04-13,1035.0,1035.0,1008.5999755859375,1023.0499877929688,952.171875,444316.0,DIVISLAB.NS
2016-04-18,1009.0,1049.0,1009.0,1039.050048828125,967.0634765625,300959.0,DIVISLAB.NS
2016-04-20,1048.949951171875,1053.449951171875,1032.9000244140625,1048.550048828125,975.9053344726562,362803.0,DIVISLAB.NS
2016-04-21,1060.0,1095.199951171875,1048.0,1091.050048828125,1015.460693359375,566475.0,DIVISLAB.NS
2016-04-22,1099.449951171875,1106.4000244140625,1064.0,1069.449951171875,995.3570556640625,648920.0,DIVISLAB.NS
2016-04-25,1067.949951171875,1076.6500244140625,1056.8499755859375,1059.949951171875,986.515380859375,234919.0,DIVISLAB.NS
2016-04-26,1063.8499755859375,1068.699951171875,1051.0999755859375,1058.449951171875,985.1192016601562,448874.0,DIVISLAB.NS
2016-04-27,1071.0,1071.0,1038.199951171875,1042.25,970.0415649414062,320238.0,DIVISLAB.NS
2016-04-28,1042.6500244140625,1058.75,1036.199951171875,1050.1500244140625,977.394287109375,323697.0,DIVISLAB.NS
2016-04-29,1059.0,1060.949951171875,1041.0,1051.0999755859375,978.2783813476562,183734.0,DIVISLAB.NS
2016-05-02,1048.0,1059.75,1043.4000244140625,1055.800048828125,982.6530151367188,105563.0,DIVISLAB.NS
2016-05-03,1060.0999755859375,1067.550048828125,1036.949951171875,1040.1500244140625,968.0872802734375,245808.0,DIVISLAB.NS
2016-05-04,1042.5,1055.0,1025.0,1051.0,978.185546875,248101.0,DIVISLAB.NS
2016-05-05,1060.0,1064.5,1038.4000244140625,1044.0,971.6704711914062,240051.0,DIVISLAB.NS
2016-05-06,1044.0999755859375,1044.0999755859375,1019.2000122070312,1022.2000122070312,951.380859375,320213.0,DIVISLAB.NS
2016-05-09,1026.0,1065.0,1019.4000244140625,1050.050048828125,977.30126953125,285857.0,DIVISLAB.NS
2016-05-10,1060.0,1074.9000244140625,1045.4000244140625,1071.199951171875,996.9860229492188,294333.0,DIVISLAB.NS
2016-05-11,1068.0,1083.9000244140625,1048.0,1064.949951171875,991.1689453125,265876.0,DIVISLAB.NS
2016-05-12,1073.9000244140625,1079.0,1062.0999755859375,1064.050048828125,990.3313598632812,283261.0,DIVISLAB.NS
2016-05-13,1058.0,1081.0,1056.1500244140625,1078.5999755859375,1003.8732299804688,162565.0,DIVISLAB.NS
2016-05-16,1078.5999755859375,1078.5999755859375,1045.0,1057.25,984.0025024414062,219481.0,DIVISLAB.NS
2016-05-17,1060.0,1094.0,1058.0,1090.1500244140625,1014.6231079101562,784700.0,DIVISLAB.NS
2016-05-18,1084.0,1089.949951171875,1068.0,1070.6500244140625,996.4741821289062,224889.0,DIVISLAB.NS
2016-05-19,1071.949951171875,1077.0,1052.0999755859375,1056.25,983.0717163085938,440328.0,DIVISLAB.NS
2016-05-20,1057.449951171875,1067.5999755859375,1039.0,1043.25,970.9723510742188,164093.0,DIVISLAB.NS
2016-05-23,1046.0,1053.9000244140625,1028.300048828125,1034.699951171875,963.0145874023438,175588.0,DIVISLAB.NS
2016-05-24,1017.0,1043.4000244140625,1013.4500122070312,1030.25,958.873046875,201240.0,DIVISLAB.NS
2016-05-25,1035.050048828125,1046.199951171875,1031.4000244140625,1040.050048828125,967.994140625,125503.0,DIVISLAB.NS
2016-05-26,1041.4000244140625,1049.9000244140625,1026.800048828125,1041.5,969.3436279296875,202483.0,DIVISLAB.NS
2016-05-27,1043.0,1089.0,1043.0,1084.6500244140625,1009.504150390625,224931.0,DIVISLAB.NS
2016-05-30,1120.6500244140625,1120.800048828125,1081.0,1110.1500244140625,1033.2376708984375,694026.0,DIVISLAB.NS
2016-05-31,1114.9000244140625,1123.300048828125,1092.0,1099.449951171875,1023.2788696289062,538448.0,DIVISLAB.NS
2016-06-01,1092.0,1135.9000244140625,1092.0,1125.75,1047.7567138671875,506466.0,DIVISLAB.NS
2016-06-02,1118.0,1146.4000244140625,1108.0,1141.75,1062.648193359375,483965.0,DIVISLAB.NS
2016-06-03,1142.9000244140625,1152.4000244140625,1128.4000244140625,1140.75,1061.717529296875,471371.0,DIVISLAB.NS
2016-06-06,1141.0,1168.5,1138.0999755859375,1142.050048828125,1062.927490234375,456329.0,DIVISLAB.NS
2016-06-07,1149.0,1152.0,1130.25,1148.25,1068.697998046875,278491.0,DIVISLAB.NS
2016-06-08,1148.25,1150.5,1133.0,1137.5,1058.6923828125,160125.0,DIVISLAB.NS
2016-06-09,1143.699951171875,1147.550048828125,1106.550048828125,1113.5,1036.3553466796875,194652.0,DIVISLAB.NS
2016-06-10,1114.75,1127.0,1097.0,1123.300048828125,1045.4764404296875,337843.0,DIVISLAB.NS
2016-06-13,1115.0,1126.949951171875,1102.75,1122.0,1044.2664794921875,250050.0,DIVISLAB.NS
2016-06-14,1123.25,1139.800048828125,1106.0,1115.050048828125,1037.798095703125,343112.0,DIVISLAB.NS
2016-06-15,1116.300048828125,1126.9000244140625,1109.199951171875,1123.25,1045.4298095703125,445509.0,DIVISLAB.NS
2016-06-16,1122.550048828125,1127.0,1102.25,1107.550048828125,1030.8175048828125,197059.0,DIVISLAB.NS
2016-06-17,1111.0,1118.4000244140625,1095.25,1113.1500244140625,1036.02978515625,295478.0,DIVISLAB.NS
2016-06-20,1111.9000244140625,1124.949951171875,1098.800048828125,1123.050048828125,1045.243896484375,191427.0,DIVISLAB.NS
2016-06-21,1124.300048828125,1128.949951171875,1108.1500244140625,1117.199951171875,1039.799072265625,360516.0,DIVISLAB.NS
2016-06-22,1128.0,1128.0,1102.050048828125,1108.3499755859375,1031.5621337890625,179789.0,DIVISLAB.NS
2016-06-23,1109.8499755859375,1112.6500244140625,1100.050048828125,1102.75,1026.35009765625,299256.0,DIVISLAB.NS
2016-06-24,1081.699951171875,1109.5999755859375,1057.0,1100.0,1023.7906494140625,385379.0,DIVISLAB.NS
2016-06-27,1081.0,1109.25,1081.0,1098.050048828125,1021.9758911132812,298080.0,DIVISLAB.NS
2016-06-28,1099.0,1114.5,1095.25,1107.199951171875,1030.4918212890625,580907.0,DIVISLAB.NS
2016-06-29,1112.0,1119.75,1104.9000244140625,1110.6500244140625,1033.702880859375,285257.0,DIVISLAB.NS
2016-06-30,1121.0,1121.0,1099.0,1109.6500244140625,1032.7720947265625,781154.0,DIVISLAB.NS
2016-07-01,1120.0,1137.8499755859375,1116.25,1133.5999755859375,1055.0628662109375,441798.0,DIVISLAB.NS
2016-07-04,1137.5,1149.199951171875,1134.4000244140625,1144.4000244140625,1065.11474609375,284864.0,DIVISLAB.NS
2016-07-05,1136.25,1143.9000244140625,1131.25,1139.0999755859375,1060.1817626953125,138753.0,DIVISLAB.NS
2016-07-07,1142.0,1144.949951171875,1118.800048828125,1123.0,1045.197265625,256965.0,DIVISLAB.NS
2016-07-08,1129.800048828125,1129.800048828125,1110.0,1121.800048828125,1044.08056640625,351498.0,DIVISLAB.NS
2016-07-11,1126.199951171875,1155.0,1125.0,1150.300048828125,1070.6058349609375,253886.0,DIVISLAB.NS
2016-07-12,1155.0,1173.4000244140625,1155.0,1163.9000244140625,1083.263671875,340867.0,DIVISLAB.NS
2016-07-13,1170.0,1174.949951171875,1156.25,1165.9000244140625,1085.1251220703125,691963.0,DIVISLAB.NS
2016-07-14,1172.449951171875,1172.449951171875,1150.0999755859375,1153.5,1073.584228515625,289284.0,DIVISLAB.NS
2016-07-15,1155.5,1165.949951171875,1148.550048828125,1152.449951171875,1072.6068115234375,270276.0,DIVISLAB.NS
2016-07-18,1152.449951171875,1169.4000244140625,1140.25,1151.300048828125,1071.536376953125,402223.0,DIVISLAB.NS
2016-07-19,1152.5999755859375,1164.949951171875,1146.9000244140625,1159.0999755859375,1078.7960205078125,288709.0,DIVISLAB.NS
2016-07-20,1159.0999755859375,1190.449951171875,1157.75,1186.5,1104.2978515625,385006.0,DIVISLAB.NS
2016-07-21,1190.5,1197.0,1179.5,1187.8499755859375,1105.55419921875,473335.0,DIVISLAB.NS
2016-07-22,1191.0,1214.0,1186.0,1204.6500244140625,1121.1904296875,461601.0,DIVISLAB.NS
2016-07-25,1206.0,1229.0,1198.050048828125,1204.1500244140625,1120.7252197265625,481192.0,DIVISLAB.NS
2016-07-26,1206.0,1211.0,1183.0,1186.449951171875,1104.2510986328125,211255.0,DIVISLAB.NS
2016-07-27,1187.0,1196.949951171875,1174.25,1189.800048828125,1107.369384765625,241400.0,DIVISLAB.NS
2016-07-28,1190.0,1203.0,1166.550048828125,1195.5,1112.6741943359375,415548.0,DIVISLAB.NS
2016-07-29,1197.0,1210.0,1192.9000244140625,1198.5,1115.4664306640625,390486.0,DIVISLAB.NS
2016-08-01,1199.0,1209.949951171875,1169.0999755859375,1175.3499755859375,1093.9205322265625,263163.0,DIVISLAB.NS
2016-08-02,1177.0,1191.4000244140625,1173.0999755859375,1181.4000244140625,1099.5511474609375,109773.0,DIVISLAB.NS
2016-08-03,1182.0,1191.0,1170.0,1172.699951171875,1091.4539794921875,150079.0,DIVISLAB.NS
2016-08-04,1175.699951171875,1185.0,1141.0,1150.75,1071.02490234375,228739.0,DIVISLAB.NS
2016-08-05,1155.0,1189.949951171875,1153.25,1184.1500244140625,1102.1107177734375,165700.0,DIVISLAB.NS
2016-08-08,1188.0,1199.699951171875,1175.5,1192.9000244140625,1110.2545166015625,124723.0,DIVISLAB.NS
2016-08-09,1195.0,1195.8499755859375,1175.3499755859375,1184.6500244140625,1102.5760498046875,185024.0,DIVISLAB.NS
2016-08-10,1185.9000244140625,1185.9000244140625,1152.5,1159.9000244140625,1079.5406494140625,182258.0,DIVISLAB.NS
2016-08-11,1161.0999755859375,1185.0,1144.300048828125,1175.949951171875,1094.4786376953125,364846.0,DIVISLAB.NS
2016-08-12,1180.050048828125,1199.75,1173.0,1194.050048828125,1111.32470703125,444729.0,DIVISLAB.NS
2016-08-16,1210.1500244140625,1281.5999755859375,1210.1500244140625,1261.9000244140625,1174.4742431640625,1254941.0,DIVISLAB.NS
2016-08-17,1261.0,1285.0,1253.4000244140625,1274.1500244140625,1185.8753662109375,630246.0,DIVISLAB.NS
2016-08-18,1279.449951171875,1285.0,1248.75,1275.5999755859375,1187.2247314453125,573970.0,DIVISLAB.NS
2016-08-19,1275.5999755859375,1305.5,1275.5999755859375,1300.0,1209.9344482421875,600203.0,DIVISLAB.NS
2016-08-22,1300.5,1324.300048828125,1295.25,1303.5999755859375,1213.2850341796875,342572.0,DIVISLAB.NS
2016-08-23,1306.550048828125,1319.699951171875,1290.25,1314.300048828125,1223.2437744140625,266945.0,DIVISLAB.NS
2016-08-24,1318.8499755859375,1357.25,1315.9000244140625,1347.8499755859375,1254.469482421875,665901.0,DIVISLAB.NS
2016-08-25,1350.0,1381.5999755859375,1331.75,1337.800048828125,1245.11572265625,624369.0,DIVISLAB.NS
2016-08-26,1329.949951171875,1350.0,1321.6500244140625,1331.75,1239.4847412109375,358191.0,DIVISLAB.NS
2016-08-29,1335.0999755859375,1344.699951171875,1294.199951171875,1303.300048828125,1213.005859375,396327.0,DIVISLAB.NS
2016-08-30,1310.050048828125,1339.5,1303.550048828125,1314.050048828125,1223.0111083984375,483127.0,DIVISLAB.NS
2016-08-31,1315.0,1335.0999755859375,1311.5999755859375,1322.5,1230.8756103515625,635036.0,DIVISLAB.NS
2016-09-01,1320.0,1332.0,1300.0999755859375,1317.8499755859375,1226.5477294921875,389591.0,DIVISLAB.NS
2016-09-02,1317.9000244140625,1326.800048828125,1305.25,1314.75,1223.662353515625,309086.0,DIVISLAB.NS
2016-09-06,1319.0,1332.0,1307.949951171875,1329.800048828125,1237.6697998046875,251201.0,DIVISLAB.NS
2016-09-07,1325.0,1345.0,1310.6500244140625,1317.550048828125,1226.2686767578125,247033.0,DIVISLAB.NS
2016-09-08,1324.800048828125,1334.949951171875,1315.25,1331.550048828125,1239.2987060546875,333250.0,DIVISLAB.NS
2016-09-09,1339.0,1355.550048828125,1312.199951171875,1324.1500244140625,1232.4112548828125,293125.0,DIVISLAB.NS
2016-09-12,1311.1500244140625,1318.25,1294.0,1304.0,1213.6572265625,251865.0,DIVISLAB.NS
2016-09-14,1305.050048828125,1315.9000244140625,1298.0999755859375,1310.199951171875,1219.4278564453125,212868.0,DIVISLAB.NS
2016-09-15,1310.0,1341.949951171875,1305.3499755859375,1337.800048828125,1245.11572265625,403832.0,DIVISLAB.NS
2016-09-16,1351.449951171875,1360.199951171875,1331.25,1342.5999755859375,1249.5830078125,573650.0,DIVISLAB.NS
2016-09-19,1339.0,1354.9000244140625,1242.5,1344.5,1251.3514404296875,452375.0,DIVISLAB.NS
2016-09-20,1353.949951171875,1357.1500244140625,1333.25,1336.4000244140625,1243.8125,329038.0,DIVISLAB.NS
2016-09-21,1336.0,1347.699951171875,1325.0,1329.25,1237.157958984375,189804.0,DIVISLAB.NS
2016-09-22,1339.5,1343.4000244140625,1322.0,1329.0,1236.9251708984375,226991.0,DIVISLAB.NS
2016-09-23,1330.5,1344.300048828125,1315.0,1334.949951171875,1242.4630126953125,346847.0,DIVISLAB.NS
2016-09-26,1339.0,1351.3499755859375,1323.5,1332.3499755859375,1240.0430908203125,292044.0,DIVISLAB.NS
2016-09-27,1338.0,1340.949951171875,1310.75,1319.800048828125,1228.3626708984375,168646.0,DIVISLAB.NS
2016-09-28,1320.0,1323.0,1310.75,1318.300048828125,1226.9666748046875,264258.0,DIVISLAB.NS
2016-09-29,1320.0,1326.449951171875,1220.0,1295.050048828125,1205.3275146484375,1097313.0,DIVISLAB.NS
2016-09-30,1275.5,1300.0,1270.0,1290.800048828125,1201.371826171875,233870.0,DIVISLAB.NS
2016-10-03,1291.0,1318.0,1291.0,1299.800048828125,1209.7481689453125,333442.0,DIVISLAB.NS
2016-10-04,1305.0,1311.5,1293.4000244140625,1298.6500244140625,1208.6778564453125,197552.0,DIVISLAB.NS
2016-10-05,1306.0,1311.449951171875,1269.0,1283.949951171875,1194.996337890625,434420.0,DIVISLAB.NS
2016-10-06,1280.0,1292.0,1264.5,1269.4000244140625,1181.45458984375,641255.0,DIVISLAB.NS
2016-10-07,1269.449951171875,1280.949951171875,1264.0,1271.6500244140625,1183.548828125,311475.0,DIVISLAB.NS
2016-10-10,1280.0,1280.0,1261.0999755859375,1264.6500244140625,1177.033447265625,163028.0,DIVISLAB.NS
2016-10-13,1264.6500244140625,1269.949951171875,1230.8499755859375,1246.5,1160.140869140625,300081.0,DIVISLAB.NS
2016-10-14,1250.0,1255.9000244140625,1230.25,1234.5999755859375,1149.0654296875,251771.0,DIVISLAB.NS
2016-10-17,1236.0999755859375,1244.6500244140625,1211.0,1224.550048828125,1139.711669921875,341435.0,DIVISLAB.NS
2016-10-18,1215.0,1284.800048828125,1215.0,1279.550048828125,1190.9012451171875,498335.0,DIVISLAB.NS
2016-10-19,1279.0,1280.0,1261.25,1267.949951171875,1180.104736328125,169237.0,DIVISLAB.NS
2016-10-20,1269.3499755859375,1279.9000244140625,1250.0,1256.25,1169.2154541015625,139088.0,DIVISLAB.NS
2016-10-21,1256.0,1279.75,1241.0999755859375,1274.5,1186.201171875,273426.0,DIVISLAB.NS
2016-10-24,1282.0,1289.3499755859375,1256.300048828125,1266.300048828125,1178.5693359375,174109.0,DIVISLAB.NS
2016-10-25,1262.1500244140625,1296.9000244140625,1262.1500244140625,1277.5999755859375,1189.0863037109375,396724.0,DIVISLAB.NS
2016-10-26,1281.0,1287.5,1264.0,1275.4000244140625,1187.038818359375,183546.0,DIVISLAB.NS
2016-10-27,1276.800048828125,1303.800048828125,1265.0,1276.199951171875,1187.7830810546875,1586411.0,DIVISLAB.NS
2016-10-28,1277.5999755859375,1292.449951171875,1275.050048828125,1279.9000244140625,1191.22705078125,302744.0,DIVISLAB.NS
2016-11-01,1290.0,1297.0,1281.550048828125,1287.5999755859375,1198.3935546875,243446.0,DIVISLAB.NS
2016-11-02,1275.0,1285.0,1255.449951171875,1267.3499755859375,1179.5465087890625,369096.0,DIVISLAB.NS
2016-11-03,1267.3499755859375,1273.0,1251.0999755859375,1259.6500244140625,1172.3800048828125,267019.0,DIVISLAB.NS
2016-11-04,1260.0,1264.949951171875,1213.4000244140625,1253.949951171875,1167.0748291015625,280678.0,DIVISLAB.NS
2016-11-07,1270.0,1279.300048828125,1256.3499755859375,1266.800048828125,1179.0345458984375,362185.0,DIVISLAB.NS
2016-11-08,1266.9000244140625,1266.9000244140625,1236.300048828125,1245.050048828125,1158.79150390625,173337.0,DIVISLAB.NS
2016-11-09,1175.0,1260.0,1130.0,1251.5999755859375,1164.8876953125,496344.0,DIVISLAB.NS
2016-11-10,1267.5,1277.0,1244.5,1255.5999755859375,1168.6104736328125,135935.0,DIVISLAB.NS
2016-11-11,1245.0,1256.0,1209.949951171875,1221.050048828125,1136.454345703125,287849.0,DIVISLAB.NS
2016-11-15,1205.0,1205.0,1142.6500244140625,1161.5,1081.0299072265625,756365.0,DIVISLAB.NS
2016-11-16,1180.0,1180.0,1111.0,1153.050048828125,1073.1654052734375,542704.0,DIVISLAB.NS
2016-11-17,1153.8499755859375,1175.0,1121.050048828125,1167.0,1086.1490478515625,279284.0,DIVISLAB.NS
2016-11-18,1154.0,1190.0,1150.0,1184.199951171875,1102.1571044921875,190525.0,DIVISLAB.NS
2016-11-21,1191.75,1197.449951171875,1156.300048828125,1169.9000244140625,1088.8480224609375,424566.0,DIVISLAB.NS
2016-11-22,1180.0,1187.800048828125,1148.050048828125,1179.3499755859375,1097.6431884765625,356426.0,DIVISLAB.NS
2016-11-23,1182.0,1191.0999755859375,1167.0,1177.699951171875,1096.107421875,235062.0,DIVISLAB.NS
2016-11-24,1162.5999755859375,1175.3499755859375,1142.5,1147.6500244140625,1068.139404296875,565194.0,DIVISLAB.NS
2016-11-25,1148.0999755859375,1168.949951171875,1130.0,1155.050048828125,1075.0267333984375,501144.0,DIVISLAB.NS
2016-11-28,1155.0,1174.449951171875,1149.6500244140625,1166.199951171875,1085.4041748046875,322168.0,DIVISLAB.NS
2016-11-29,1166.199951171875,1193.5999755859375,1158.0,1174.449951171875,1093.0826416015625,179598.0,DIVISLAB.NS
2016-11-30,1174.449951171875,1189.800048828125,1163.0,1174.0,1092.6639404296875,519489.0,DIVISLAB.NS
2016-12-01,1184.0,1184.0,1141.199951171875,1150.3499755859375,1070.65234375,409981.0,DIVISLAB.NS
2016-12-02,1140.0,1145.199951171875,1122.4000244140625,1135.8499755859375,1057.1571044921875,315145.0,DIVISLAB.NS
2016-12-05,1135.8499755859375,1149.75,1129.0999755859375,1132.3499755859375,1053.8992919921875,281718.0,DIVISLAB.NS
2016-12-06,1136.0,1163.449951171875,1136.0,1154.25,1074.2821044921875,252914.0,DIVISLAB.NS
2016-12-07,1162.0,1166.0,1140.800048828125,1160.75,1080.3319091796875,384693.0,DIVISLAB.NS
2016-12-08,1119.0,1174.0,1088.550048828125,1161.0,1080.5645751953125,1392033.0,DIVISLAB.NS
2016-12-09,1164.0,1169.4000244140625,1145.5,1161.5,1081.0299072265625,143298.0,DIVISLAB.NS
2016-12-12,1162.0,1162.300048828125,1142.699951171875,1149.6500244140625,1070.0009765625,98459.0,DIVISLAB.NS
2016-12-13,1150.0,1171.6500244140625,1141.800048828125,1160.3499755859375,1079.959716796875,387406.0,DIVISLAB.NS
2016-12-14,1161.6500244140625,1184.0,1160.0999755859375,1171.800048828125,1090.6162109375,296015.0,DIVISLAB.NS
2016-12-15,1171.0,1180.0,1148.300048828125,1152.0,1072.18798828125,313230.0,DIVISLAB.NS
2016-12-16,1155.4000244140625,1162.0,1140.0,1151.5999755859375,1071.8155517578125,226907.0,DIVISLAB.NS
2016-12-19,1152.9000244140625,1168.0,1145.800048828125,1162.25,1081.727783203125,258789.0,DIVISLAB.NS
2016-12-20,1162.0,1162.0,1138.550048828125,1141.050048828125,1061.99658203125,140238.0,DIVISLAB.NS
2016-12-21,1142.0,1163.449951171875,1140.050048828125,1148.5999755859375,1069.0238037109375,387260.0,DIVISLAB.NS
2016-12-22,1148.0,1150.0,1105.0,1108.25,1031.468994140625,402626.0,DIVISLAB.NS
2016-12-23,1100.5,1108.199951171875,801.0999755859375,861.5,801.8142700195312,13374164.0,DIVISLAB.NS
2016-12-26,850.0,850.0,743.6500244140625,762.2999877929688,709.4869384765625,18358412.0,DIVISLAB.NS
2016-12-27,760.0,797.0,760.0,788.4500122070312,733.8252563476562,5970762.0,DIVISLAB.NS
2016-12-28,795.5,842.0,787.0,824.5999755859375,767.470703125,6649536.0,DIVISLAB.NS
2016-12-29,827.9000244140625,836.7000122070312,781.3499755859375,789.25,734.56982421875,5931262.0,DIVISLAB.NS
2016-12-30,791.0,799.9000244140625,772.0,783.7000122070312,729.4043579101562,3817278.0,DIVISLAB.NS
2017-01-02,794.7999877929688,803.8499755859375,783.7999877929688,797.8499755859375,742.5740966796875,2246725.0,DIVISLAB.NS
2017-01-03,801.0,811.4500122070312,773.6500244140625,777.8499755859375,723.9595947265625,2244443.0,DIVISLAB.NS
2017-01-04,781.4000244140625,784.7999877929688,748.5999755859375,752.2999877929688,700.1796875,3592668.0,DIVISLAB.NS
2017-01-05,760.0,772.0,752.2000122070312,764.0,711.0691528320312,2766188.0,DIVISLAB.NS
2017-01-06,764.0,770.0,735.2000122070312,737.4000244140625,686.3121337890625,3469778.0,DIVISLAB.NS
2017-01-09,733.75,767.0499877929688,728.1500244140625,734.1500244140625,683.2871704101562,5617248.0,DIVISLAB.NS
2017-01-10,739.7000122070312,747.0,730.5,739.3499755859375,688.1268310546875,2965489.0,DIVISLAB.NS
2017-01-11,744.0,749.9500122070312,738.0999755859375,740.0999755859375,688.824951171875,1664183.0,DIVISLAB.NS
2017-01-12,735.5,742.4500122070312,730.2000122070312,738.2999877929688,687.1495971679688,1669512.0,DIVISLAB.NS
2017-01-13,739.0999755859375,756.5,739.0,746.2000122070312,694.5023803710938,2252584.0,DIVISLAB.NS
2017-01-16,744.0,756.0,737.0,738.0,686.8705444335938,1772100.0,DIVISLAB.NS
2017-01-17,745.0,745.0,732.0,738.4000244140625,687.2427368164062,1754258.0,DIVISLAB.NS
2017-01-18,737.5,747.4000244140625,735.5499877929688,739.25,688.0339965820312,1610696.0,DIVISLAB.NS
2017-01-19,742.0,743.0,729.0,732.2000122070312,681.4722290039062,1272642.0,DIVISLAB.NS
2017-01-20,730.0,731.9500122070312,711.0,714.4000244140625,664.905517578125,2245530.0,DIVISLAB.NS
2017-01-23,711.0,711.0,684.7000122070312,687.0499877929688,639.4503173828125,2931044.0,DIVISLAB.NS
2017-01-24,689.0,692.5,676.5,683.0499877929688,635.7275390625,2842017.0,DIVISLAB.NS
2017-01-25,685.0,686.75,671.5,673.2999877929688,626.6530151367188,3149495.0,DIVISLAB.NS
2017-01-27,675.0,716.0,675.0,708.5,659.4142456054688,3560127.0,DIVISLAB.NS
2017-01-30,709.7999877929688,717.0,700.0,701.0999755859375,652.5269775390625,2056687.0,DIVISLAB.NS
2017-01-31,702.7000122070312,708.0,693.0999755859375,700.0999755859375,651.5961303710938,1262953.0,DIVISLAB.NS
2017-02-01,700.0,705.0,691.0,693.7000122070312,645.6397094726562,962459.0,DIVISLAB.NS
2017-02-02,693.7000122070312,742.75,685.0499877929688,737.6500244140625,686.5447387695312,3714463.0,DIVISLAB.NS
2017-02-03,744.0,771.3499755859375,735.0999755859375,760.3499755859375,707.6720581054688,4003286.0,DIVISLAB.NS
2017-02-06,773.0,776.0,731.7999877929688,755.2999877929688,702.9718017578125,4132473.0,DIVISLAB.NS
2017-02-07,756.0999755859375,763.9500122070312,731.5,737.9000244140625,686.7774047851562,1253993.0,DIVISLAB.NS
2017-02-08,739.0,747.5999755859375,734.0,739.2999877929688,688.0803833007812,741700.0,DIVISLAB.NS
2017-02-09,740.9000244140625,759.7999877929688,736.0,757.0499877929688,704.6006469726562,1524937.0,DIVISLAB.NS
2017-02-10,758.7999877929688,764.9000244140625,746.5,750.0999755859375,698.1321411132812,815744.0,DIVISLAB.NS
2017-02-13,753.0999755859375,755.0,737.0,740.4000244140625,689.104248046875,634245.0,DIVISLAB.NS
2017-02-14,743.0,743.0,720.7999877929688,724.5,674.3056640625,1023673.0,DIVISLAB.NS
2017-02-15,728.0,728.0,705.0999755859375,709.5,660.344970703125,839676.0,DIVISLAB.NS
2017-02-16,710.7999877929688,734.9000244140625,701.0,733.2000122070312,682.4029541015625,981043.0,DIVISLAB.NS
2017-02-17,740.0,752.7999877929688,730.0,748.5,696.6429443359375,1169616.0,DIVISLAB.NS
2017-02-20,751.0,765.0,745.0,756.75,704.3214111328125,990960.0,DIVISLAB.NS
2017-02-21,759.0,767.5,751.5,762.4000244140625,709.5800170898438,839400.0,DIVISLAB.NS
2017-02-22,762.7999877929688,764.0999755859375,744.5999755859375,751.0,698.9697265625,687454.0,DIVISLAB.NS
2017-02-23,752.0,757.5,746.2000122070312,749.5499877929688,697.6202392578125,1331033.0,DIVISLAB.NS
2017-02-27,754.0,779.0,751.9500122070312,767.0999755859375,713.9544067382812,1867238.0,DIVISLAB.NS
2017-02-28,770.0,773.9000244140625,757.7999877929688,758.8499755859375,706.2759399414062,800786.0,DIVISLAB.NS
2017-03-01,762.4000244140625,782.8499755859375,761.4000244140625,764.8499755859375,711.8602905273438,1615887.0,DIVISLAB.NS
2017-03-02,768.0,774.5499877929688,749.0,751.5499877929688,699.4816284179688,996652.0,DIVISLAB.NS
2017-03-03,750.9000244140625,760.0,748.0999755859375,758.5,705.9502563476562,467700.0,DIVISLAB.NS
2017-03-06,761.5999755859375,763.9000244140625,754.4000244140625,757.7000122070312,705.2056884765625,389466.0,DIVISLAB.NS
2017-03-07,759.0,760.0499877929688,750.0,755.0,702.692626953125,756161.0,DIVISLAB.NS
2017-03-08,755.9500122070312,786.7000122070312,755.9500122070312,774.4500122070312,720.795166015625,3371633.0,DIVISLAB.NS
2017-03-09,770.2000122070312,787.0,754.0,759.9000244140625,707.2532348632812,1454586.0,DIVISLAB.NS
2017-03-10,767.5,767.5,756.2999877929688,761.2999877929688,708.55615234375,540659.0,DIVISLAB.NS
2017-03-14,774.9000244140625,779.0,763.0,771.8499755859375,718.3753051757812,667664.0,DIVISLAB.NS
2017-03-15,772.0,777.2999877929688,765.0,767.4000244140625,714.2335815429688,318722.0,DIVISLAB.NS
2017-03-16,769.0999755859375,779.5,769.0999755859375,771.2000122070312,717.7703247070312,580238.0,DIVISLAB.NS
2017-03-17,774.0,777.0,762.0,763.7999877929688,710.8829956054688,545476.0,DIVISLAB.NS
2017-03-20,770.0,795.0,764.3499755859375,790.6500244140625,735.8728637695312,1390193.0,DIVISLAB.NS
2017-03-21,711.5999755859375,711.5999755859375,628.5999755859375,634.4500122070312,590.4945678710938,20647975.0,DIVISLAB.NS
2017-03-22,620.0,639.5999755859375,611.4500122070312,627.0,583.5606689453125,9453821.0,DIVISLAB.NS
2017-03-23,628.8499755859375,645.0,620.2000122070312,622.5499877929688,579.4189453125,5171016.0,DIVISLAB.NS
2017-03-24,628.0,630.9000244140625,622.0,623.4500122070312,580.2567138671875,1913210.0,DIVISLAB.NS
2017-03-27,633.0,645.0,628.0499877929688,634.5499877929688,590.5875244140625,4793870.0,DIVISLAB.NS
2017-03-28,637.8499755859375,641.8499755859375,629.0,633.0999755859375,589.2381591796875,1638403.0,DIVISLAB.NS
2017-03-29,636.7999877929688,638.6500244140625,625.0999755859375,626.75,583.3280639648438,1342990.0,DIVISLAB.NS
2017-03-30,628.7999877929688,633.5999755859375,622.0,622.9500122070312,579.7913208007812,1482125.0,DIVISLAB.NS
2017-03-31,625.5,629.5,622.5499877929688,623.8499755859375,580.6288452148438,943936.0,DIVISLAB.NS
2017-04-03,628.0,629.9000244140625,625.2999877929688,627.2999877929688,583.8399047851562,1394464.0,DIVISLAB.NS
2017-04-05,629.8499755859375,638.6500244140625,627.9500122070312,631.75,587.9815063476562,1845745.0,DIVISLAB.NS
2017-04-06,632.8499755859375,635.9000244140625,626.0,628.1500244140625,584.6310424804688,944868.0,DIVISLAB.NS
2017-04-07,628.0999755859375,632.9500122070312,619.0499877929688,622.0499877929688,578.95361328125,1103003.0,DIVISLAB.NS
2017-04-10,656.0,661.0,642.2000122070312,658.0999755859375,612.5059814453125,5746326.0,DIVISLAB.NS
2017-04-11,661.7999877929688,664.1500244140625,655.0499877929688,659.0,613.34375,1917078.0,DIVISLAB.NS
2017-04-12,658.9000244140625,659.75,642.0,650.7000122070312,605.6187744140625,1243019.0,DIVISLAB.NS
2017-04-13,651.0499877929688,656.0,646.2999877929688,648.9000244140625,603.9434204101562,839170.0,DIVISLAB.NS
2017-04-17,650.0,654.5,638.0999755859375,639.9000244140625,595.5670166015625,1080488.0,DIVISLAB.NS
2017-04-18,641.9000244140625,647.0,631.0,632.1500244140625,588.3539428710938,847780.0,DIVISLAB.NS
2017-04-19,634.2000122070312,637.2000122070312,632.0,633.3499755859375,589.4707641601562,543978.0,DIVISLAB.NS
2017-04-20,636.4000244140625,638.0,629.5,630.9000244140625,587.1904907226562,497703.0,DIVISLAB.NS
2017-04-21,633.5999755859375,637.0,630.0,630.8499755859375,587.1438598632812,484788.0,DIVISLAB.NS
2017-04-24,610.1500244140625,639.0499877929688,606.0,634.8499755859375,590.8668823242188,2643935.0,DIVISLAB.NS
2017-04-25,638.0,649.25,634.3499755859375,647.25,602.40771484375,1302405.0,DIVISLAB.NS
2017-04-26,627.7999877929688,645.4500122070312,627.7999877929688,643.5,598.9176025390625,1064558.0,DIVISLAB.NS
2017-04-27,640.0,643.5,627.0999755859375,629.6500244140625,586.0270385742188,899486.0,DIVISLAB.NS
2017-04-28,630.1500244140625,633.9000244140625,625.0,628.4000244140625,584.8637084960938,664760.0,DIVISLAB.NS
2017-05-02,629.9000244140625,636.5499877929688,623.0,626.75,583.3280639648438,678683.0,DIVISLAB.NS
2017-05-03,629.7000122070312,632.0999755859375,622.6500244140625,624.75,581.466552734375,605083.0,DIVISLAB.NS
2017-05-04,625.25,632.5499877929688,625.0,626.9000244140625,583.4675903320312,370345.0,DIVISLAB.NS
2017-05-05,626.5,634.0,623.0499877929688,625.9500122070312,582.5833740234375,750235.0,DIVISLAB.NS
2017-05-08,625.5499877929688,629.4500122070312,623.2000122070312,626.9500122070312,583.5142211914062,456711.0,DIVISLAB.NS
2017-05-09,629.5,638.9000244140625,629.0999755859375,632.0499877929688,588.2608032226562,742101.0,DIVISLAB.NS
2017-05-10,634.0,642.1500244140625,632.9500122070312,637.3499755859375,593.1936645507812,517605.0,DIVISLAB.NS
2017-05-11,638.0,644.7000122070312,634.3499755859375,635.2000122070312,591.192626953125,748146.0,DIVISLAB.NS
2017-05-12,633.7000122070312,635.0499877929688,624.5499877929688,625.8499755859375,582.4902954101562,501407.0,DIVISLAB.NS
2017-05-15,628.5,630.9500122070312,621.0,624.25,581.0011596679688,393660.0,DIVISLAB.NS
2017-05-16,625.6500244140625,628.0,621.0,622.4500122070312,579.3259887695312,895976.0,DIVISLAB.NS
2017-05-17,622.4500122070312,625.7000122070312,618.0,619.8499755859375,576.9060668945312,529890.0,DIVISLAB.NS
2017-05-18,616.0,625.2000122070312,610.0,612.3499755859375,569.9256591796875,599481.0,DIVISLAB.NS
2017-05-19,616.0,616.0,603.2000122070312,611.0,568.6691284179688,792474.0,DIVISLAB.NS
2017-05-22,613.0,614.0,590.0999755859375,595.25,554.0103149414062,677559.0,DIVISLAB.NS
2017-05-23,595.2999877929688,596.7999877929688,572.6500244140625,576.0,536.093994140625,1471397.0,DIVISLAB.NS
2017-05-24,575.2000122070312,576.0999755859375,553.0,557.2000122070312,518.5964965820312,1381402.0,DIVISLAB.NS
2017-05-25,555.0,559.4000244140625,540.2000122070312,549.75,511.66259765625,2057066.0,DIVISLAB.NS
2017-05-26,548.0,561.0,542.5,545.2999877929688,507.5209045410156,1229349.0,DIVISLAB.NS
2017-05-29,544.0,588.0,532.6500244140625,569.5,530.0443115234375,3661131.0,DIVISLAB.NS
2017-05-30,567.0,591.1500244140625,563.0,588.0,547.2626342773438,2338661.0,DIVISLAB.NS
2017-05-31,588.9000244140625,591.8499755859375,575.0499877929688,582.1500244140625,541.8179321289062,9021300.0,DIVISLAB.NS
2017-06-01,584.5999755859375,616.0,582.7999877929688,602.0,560.292724609375,2970631.0,DIVISLAB.NS
2017-06-02,606.0,625.5,603.0999755859375,618.4500122070312,575.6030883789062,1949558.0,DIVISLAB.NS
2017-06-05,620.4000244140625,636.4500122070312,620.4000244140625,630.8499755859375,587.1438598632812,1920453.0,DIVISLAB.NS
2017-06-06,633.7000122070312,635.0,622.0,630.25,586.5855102539062,1275238.0,DIVISLAB.NS
2017-06-07,630.0999755859375,651.0,628.9500122070312,645.7999877929688,601.0582275390625,2639884.0,DIVISLAB.NS
2017-06-08,646.0,661.2000122070312,642.5999755859375,650.7999877929688,605.7118530273438,2609516.0,DIVISLAB.NS
2017-06-09,654.1500244140625,659.9000244140625,646.0499877929688,650.9000244140625,605.8048095703125,2066229.0,DIVISLAB.NS
2017-06-12,650.0,656.0,640.5999755859375,644.9000244140625,600.2205810546875,1130204.0,DIVISLAB.NS
2017-06-13,648.0,652.0999755859375,639.4000244140625,645.5499877929688,600.825439453125,738157.0,DIVISLAB.NS
2017-06-14,645.0999755859375,650.0,642.4000244140625,643.6500244140625,599.05712890625,653215.0,DIVISLAB.NS
2017-06-15,643.0,663.9000244140625,642.7999877929688,657.3499755859375,611.8080444335938,1299049.0,DIVISLAB.NS
2017-06-16,659.7999877929688,663.8499755859375,638.4000244140625,641.4000244140625,596.9630737304688,1356699.0,DIVISLAB.NS
2017-06-19,646.7999877929688,650.9000244140625,636.0999755859375,645.2999877929688,600.5928955078125,708952.0,DIVISLAB.NS
2017-06-20,648.0,649.9500122070312,640.5,644.4500122070312,599.8016967773438,661839.0,DIVISLAB.NS
2017-06-21,645.7999877929688,646.0,640.4000244140625,644.5999755859375,599.9413452148438,290273.0,DIVISLAB.NS
2017-06-22,644.0,648.0,636.5,640.4500122070312,596.0787353515625,324395.0,DIVISLAB.NS
2017-06-23,641.7999877929688,646.75,634.5,638.5999755859375,594.3570556640625,503545.0,DIVISLAB.NS
2017-06-27,640.0,647.9000244140625,637.3499755859375,641.7999877929688,597.3353271484375,624815.0,DIVISLAB.NS
2017-06-28,641.5,645.0,637.25,641.0,596.5906982421875,409519.0,DIVISLAB.NS
2017-06-29,640.9500122070312,652.9500122070312,633.3499755859375,637.4000244140625,593.240234375,1257720.0,DIVISLAB.NS
2017-06-30,637.9000244140625,649.5999755859375,637.9000244140625,647.25,602.40771484375,501156.0,DIVISLAB.NS
2017-07-03,648.5999755859375,674.0,648.5999755859375,670.2999877929688,623.86083984375,1298948.0,DIVISLAB.NS
2017-07-04,672.0,674.2999877929688,653.0,655.0499877929688,609.66748046875,518839.0,DIVISLAB.NS
2017-07-05,655.0,662.7999877929688,647.5499877929688,652.5,607.2940063476562,601009.0,DIVISLAB.NS
2017-07-06,655.5,664.4500122070312,655.5,657.1500244140625,611.6218872070312,543530.0,DIVISLAB.NS
2017-07-07,655.9000244140625,685.75,654.2000122070312,680.0,632.8887939453125,1764390.0,DIVISLAB.NS
2017-07-10,726.0,748.0,725.0,735.4000244140625,684.4506225585938,1281487.0,DIVISLAB.NS
2017-07-11,742.25,755.75,730.5,735.2000122070312,684.2645263671875,2039831.0,DIVISLAB.NS
2017-07-12,736.4000244140625,738.7999877929688,721.1500244140625,732.0,681.2861328125,791255.0,DIVISLAB.NS
2017-07-13,732.5,746.5499877929688,726.7000122070312,729.75,679.1919555664062,778554.0,DIVISLAB.NS
2017-07-14,729.0,742.0,729.0,735.9000244140625,684.916015625,892835.0,DIVISLAB.NS
2017-07-17,738.75,738.75,725.0999755859375,730.9000244140625,680.2623901367188,651371.0,DIVISLAB.NS
2017-07-18,727.0,742.6500244140625,726.0499877929688,735.0,684.0782470703125,685734.0,DIVISLAB.NS
2017-07-19,740.0999755859375,759.0,737.5999755859375,755.5999755859375,703.251220703125,1547904.0,DIVISLAB.NS
2017-07-20,760.7999877929688,760.7999877929688,742.0,744.7000122070312,693.106201171875,627321.0,DIVISLAB.NS
2017-07-21,750.0,750.0499877929688,707.1500244140625,721.25,671.2808837890625,977652.0,DIVISLAB.NS
2017-07-24,688.5,696.7999877929688,680.0,687.9000244140625,640.241455078125,2439455.0,DIVISLAB.NS
2017-07-25,685.0,689.5,674.0,675.5,628.7006225585938,950863.0,DIVISLAB.NS
2017-07-26,676.5,684.5,675.2999877929688,678.7999877929688,631.77197265625,948487.0,DIVISLAB.NS
2017-07-27,681.7000122070312,684.7000122070312,657.0,660.2000122070312,614.46044921875,2063178.0,DIVISLAB.NS
2017-07-28,657.0,677.5,650.0499877929688,674.2999877929688,627.5838012695312,879841.0,DIVISLAB.NS
2017-07-31,677.0,680.7999877929688,669.0999755859375,672.9000244140625,626.2806396484375,733178.0,DIVISLAB.NS
2017-08-01,671.0,674.9500122070312,662.9500122070312,667.75,621.4874877929688,971964.0,DIVISLAB.NS
2017-08-02,670.0,671.9000244140625,665.0,669.0499877929688,622.6974487304688,346352.0,DIVISLAB.NS
2017-08-03,675.0,684.7000122070312,667.5,670.0499877929688,623.6281127929688,604522.0,DIVISLAB.NS
2017-08-04,669.0499877929688,699.9500122070312,660.0,682.1500244140625,634.8898315429688,1211462.0,DIVISLAB.NS
2017-08-07,686.0,692.7000122070312,680.8499755859375,684.0499877929688,636.6582641601562,427725.0,DIVISLAB.NS
2017-08-08,684.0,685.0,670.5,673.7000122070312,627.0252075195312,360022.0,DIVISLAB.NS
2017-08-09,676.5999755859375,676.5999755859375,625.0,639.0499877929688,594.7757568359375,1428857.0,DIVISLAB.NS
2017-08-10,629.0,646.5499877929688,612.8499755859375,626.0999755859375,582.7230224609375,1219649.0,DIVISLAB.NS
2017-08-11,616.0,640.25,611.0,627.2000122070312,583.7468872070312,1248311.0,DIVISLAB.NS
2017-08-14,634.0,643.3499755859375,612.0,639.0499877929688,594.7757568359375,933408.0,DIVISLAB.NS
2017-08-16,642.5999755859375,660.0,635.5,657.25,611.7150268554688,781871.0,DIVISLAB.NS
2017-08-17,659.0,659.4000244140625,644.0,645.7000122070312,600.9650268554688,398334.0,DIVISLAB.NS
2017-08-18,640.0,644.75,630.5,635.2000122070312,591.192626953125,325046.0,DIVISLAB.NS
2017-08-21,637.0999755859375,639.25,618.2000122070312,622.1500244140625,579.0467529296875,310755.0,DIVISLAB.NS
2017-08-22,626.9500122070312,645.3499755859375,621.0,629.2000122070312,585.6082153320312,752436.0,DIVISLAB.NS
2017-08-23,635.0,643.9000244140625,626.0,638.4000244140625,594.1708374023438,743570.0,DIVISLAB.NS
2017-08-24,638.0,676.0,637.0,673.4000244140625,626.74609375,1927158.0,DIVISLAB.NS
2017-08-28,678.75,705.9000244140625,678.4000244140625,694.9000244140625,646.7564697265625,2008764.0,DIVISLAB.NS
2017-08-29,692.75,703.6500244140625,681.2000122070312,687.4500122070312,639.8226318359375,958208.0,DIVISLAB.NS
2017-08-30,692.1500244140625,709.0,692.1500244140625,702.5999755859375,653.9230346679688,1072727.0,DIVISLAB.NS
2017-08-31,705.0,709.9000244140625,692.4500122070312,696.4000244140625,648.1525268554688,956295.0,DIVISLAB.NS
2017-09-01,700.0,718.0,699.0999755859375,711.9500122070312,662.625244140625,769185.0,DIVISLAB.NS
2017-09-04,710.5,722.4000244140625,695.3499755859375,709.0999755859375,659.97265625,838545.0,DIVISLAB.NS
2017-09-05,712.8499755859375,728.9000244140625,705.5999755859375,724.0,673.8404541015625,613300.0,DIVISLAB.NS
2017-09-06,713.2000122070312,718.25,696.4000244140625,698.7999877929688,650.38623046875,1116325.0,DIVISLAB.NS
2017-09-07,702.8499755859375,711.0,692.5499877929688,696.3499755859375,648.10595703125,844736.0,DIVISLAB.NS
2017-09-08,707.4500122070312,717.0,703.0,707.2999877929688,658.29736328125,1098200.0,DIVISLAB.NS
2017-09-11,711.0,727.5,710.2000122070312,719.5999755859375,669.7452392578125,1275485.0,DIVISLAB.NS
2017-09-12,724.0,811.5999755859375,720.5,805.0999755859375,749.3216552734375,9950074.0,DIVISLAB.NS
2017-09-13,810.0,865.5,792.0999755859375,828.25,770.8678588867188,14259641.0,DIVISLAB.NS
2017-09-14,834.4500122070312,874.0,832.0,870.0499877929688,809.7718505859375,8987791.0,DIVISLAB.NS
2017-09-15,864.7999877929688,893.0499877929688,850.0499877929688,868.4000244140625,817.6337890625,8306635.0,DIVISLAB.NS
2017-09-18,876.0,883.7999877929688,792.5,833.9000244140625,785.1506958007812,7798290.0,DIVISLAB.NS
2017-09-19,841.0,871.7999877929688,800.2000122070312,863.25,812.7847290039062,9669769.0,DIVISLAB.NS
2017-09-20,874.0,948.9000244140625,865.5999755859375,942.7999877929688,887.684326171875,18987654.0,DIVISLAB.NS
2017-09-21,954.8499755859375,999.7000122070312,950.0999755859375,990.9000244140625,932.972412109375,16933145.0,DIVISLAB.NS
2017-09-22,997.0999755859375,1004.3499755859375,961.0,970.25,913.5296630859375,7292332.0,DIVISLAB.NS
2017-09-25,969.7999877929688,972.0,930.4500122070312,952.7000122070312,897.0056762695312,4565575.0,DIVISLAB.NS
2017-09-26,942.0,978.0,942.0,960.1500244140625,904.0200805664062,3559032.0,DIVISLAB.NS
2017-09-27,900.0,923.9000244140625,837.7999877929688,850.75,801.0155639648438,13299756.0,DIVISLAB.NS
2017-09-28,862.0,890.0,832.0,853.0499877929688,803.18115234375,13462318.0,DIVISLAB.NS
2017-09-29,864.0,871.25,846.5499877929688,855.75,805.7232666015625,4835013.0,DIVISLAB.NS
2017-10-03,870.0,872.0,852.2999877929688,855.5999755859375,805.5819702148438,1777997.0,DIVISLAB.NS
2017-10-04,856.9500122070312,885.6500244140625,855.4000244140625,871.7999877929688,820.8348999023438,3130671.0,DIVISLAB.NS
2017-10-05,877.0,889.7999877929688,860.0,863.3499755859375,812.87890625,2266261.0,DIVISLAB.NS
2017-10-06,869.8499755859375,875.5499877929688,861.0999755859375,864.5999755859375,814.055908203125,1353429.0,DIVISLAB.NS
2017-10-09,866.0,884.5,865.0,879.5499877929688,828.1319580078125,1648284.0,DIVISLAB.NS
2017-10-10,885.0,894.5,878.0,886.1500244140625,834.3461303710938,1301458.0,DIVISLAB.NS
2017-10-11,889.0,891.9500122070312,853.9500122070312,859.4500122070312,809.2068481445312,1675671.0,DIVISLAB.NS
2017-10-12,868.0,887.2999877929688,861.75,883.7999877929688,832.1334228515625,1283989.0,DIVISLAB.NS
2017-10-13,885.9000244140625,885.9000244140625,869.25,872.7000122070312,821.6823120117188,871875.0,DIVISLAB.NS
2017-10-16,879.0,881.0,866.2000122070312,873.7000122070312,822.6239624023438,805305.0,DIVISLAB.NS
2017-10-17,876.9500122070312,884.6500244140625,870.0999755859375,882.4500122070312,830.8623657226562,685961.0,DIVISLAB.NS
2017-10-18,882.5,882.5,869.2999877929688,877.2999877929688,826.013427734375,964826.0,DIVISLAB.NS
2017-10-19,881.8499755859375,885.0,870.4500122070312,879.8499755859375,828.414306640625,203741.0,DIVISLAB.NS
2017-10-23,882.5,882.5,867.9000244140625,873.4500122070312,822.3885498046875,654295.0,DIVISLAB.NS
2017-10-24,874.0,877.7999877929688,865.25,869.75,818.9047241210938,521040.0,DIVISLAB.NS
2017-10-25,876.0,877.0,863.5499877929688,870.5499877929688,819.6580810546875,304274.0,DIVISLAB.NS
2017-10-26,870.5499877929688,872.5,855.0,858.5999755859375,808.4066162109375,760876.0,DIVISLAB.NS
2017-10-27,860.0,887.7999877929688,850.25,871.0999755859375,820.1758422851562,1008712.0,DIVISLAB.NS
2017-10-30,874.9500122070312,884.0,860.2999877929688,872.9000244140625,821.87060546875,800374.0,DIVISLAB.NS
2017-10-31,873.9500122070312,892.4000244140625,870.0999755859375,882.5,830.9094848632812,1410837.0,DIVISLAB.NS
2017-11-01,885.0,933.4500122070312,882.0,923.6500244140625,869.6538696289062,3578561.0,DIVISLAB.NS
2017-11-02,1016.0,1117.5999755859375,1016.0,1072.9000244140625,1010.1786499023438,10648166.0,DIVISLAB.NS
2017-11-03,1082.9000244140625,1082.9000244140625,1027.5999755859375,1049.75,988.3820190429688,3177065.0,DIVISLAB.NS
2017-11-06,1036.050048828125,1064.699951171875,1036.050048828125,1049.050048828125,987.7230224609375,1034461.0,DIVISLAB.NS
2017-11-07,1049.5,1055.0,1004.5499877929688,1017.0,957.546630859375,1494151.0,DIVISLAB.NS
2017-11-08,1028.0,1044.0,1010.7000122070312,1016.5999755859375,957.1701049804688,946549.0,DIVISLAB.NS
2017-11-09,1016.6500244140625,1029.9000244140625,993.2000122070312,1009.4500122070312,950.4381103515625,670869.0,DIVISLAB.NS
2017-11-10,1052.0,1089.0,1011.8499755859375,1016.4000244140625,956.981689453125,2507352.0,DIVISLAB.NS
2017-11-13,1016.0,1019.9500122070312,984.0499877929688,1000.4000244140625,941.9170532226562,739717.0,DIVISLAB.NS
2017-11-14,998.0,1033.050048828125,991.5,1024.050048828125,964.1845703125,1164915.0,DIVISLAB.NS
2017-11-15,1059.0,1059.0,1011.0,1015.7000122070312,956.3226318359375,1262085.0,DIVISLAB.NS
2017-11-16,1016.0,1030.800048828125,1002.25,1005.9500122070312,947.1426391601562,665741.0,DIVISLAB.NS
2017-11-17,1014.0,1031.0,1010.0999755859375,1020.6500244140625,960.9832763671875,1679469.0,DIVISLAB.NS
2017-11-20,1017.5,1055.0,1015.0,1047.550048828125,986.3106689453125,1538322.0,DIVISLAB.NS
2017-11-21,1055.0,1070.0,1036.0,1042.1500244140625,981.2264404296875,1256707.0,DIVISLAB.NS
2017-11-22,1048.0,1049.75,1018.4000244140625,1025.0999755859375,965.173095703125,939683.0,DIVISLAB.NS
2017-11-23,1026.0,1043.449951171875,1012.0,1038.0999755859375,977.4131469726562,795495.0,DIVISLAB.NS
2017-11-24,1042.0,1054.800048828125,1026.5,1046.449951171875,985.2750244140625,690988.0,DIVISLAB.NS
2017-11-27,1044.0,1047.5,1034.3499755859375,1041.199951171875,980.331787109375,274364.0,DIVISLAB.NS
2017-11-28,1040.0,1052.050048828125,1029.300048828125,1033.199951171875,972.799560546875,340814.0,DIVISLAB.NS
2017-11-29,1034.949951171875,1059.0,1033.5,1047.3499755859375,986.1222534179688,700142.0,DIVISLAB.NS
2017-11-30,1044.0,1058.0,1033.0,1041.0,980.1435546875,889359.0,DIVISLAB.NS
2017-12-01,1044.9000244140625,1056.550048828125,1031.0999755859375,1035.0,974.494384765625,444515.0,DIVISLAB.NS
2017-12-04,1041.0,1044.9000244140625,1025.0,1034.449951171875,973.9763793945312,256844.0,DIVISLAB.NS
2017-12-05,1034.699951171875,1034.75,999.0499877929688,1023.6500244140625,963.8079223632812,389829.0,DIVISLAB.NS
2017-12-06,1023.0,1033.4000244140625,1014.0,1020.0,960.3712158203125,376314.0,DIVISLAB.NS
2017-12-07,1018.0,1028.9000244140625,1014.0499877929688,1020.4000244140625,960.7478637695312,429699.0,DIVISLAB.NS
2017-12-08,1023.0,1060.0,1019.0,1050.4000244140625,988.994140625,792945.0,DIVISLAB.NS
2017-12-11,1059.800048828125,1061.699951171875,1034.75,1044.699951171875,983.6272583007812,423683.0,DIVISLAB.NS
2017-12-12,1047.0,1081.8499755859375,1047.0,1063.3499755859375,1001.1868896484375,1434393.0,DIVISLAB.NS
2017-12-13,1070.0,1070.0,1037.449951171875,1042.199951171875,981.2734375,452631.0,DIVISLAB.NS
2017-12-14,1051.9000244140625,1065.0,1042.4000244140625,1060.8499755859375,998.8331909179688,564894.0,DIVISLAB.NS
2017-12-15,1075.0,1075.0,1044.9000244140625,1049.949951171875,988.5704345703125,606073.0,DIVISLAB.NS
2017-12-18,1056.0,1066.4000244140625,1017.6500244140625,1052.550048828125,991.018310546875,402545.0,DIVISLAB.NS
2017-12-19,1065.0,1065.0,1049.0,1057.550048828125,995.7261962890625,224548.0,DIVISLAB.NS
2017-12-20,1062.0,1070.0,1052.0999755859375,1059.800048828125,997.844482421875,217170.0,DIVISLAB.NS
2017-12-21,1061.0,1096.800048828125,1055.0,1086.1500244140625,1022.6542358398438,790565.0,DIVISLAB.NS
2017-12-22,1094.800048828125,1098.449951171875,1085.449951171875,1089.949951171875,1026.2320556640625,623289.0,DIVISLAB.NS
2017-12-26,1096.0,1096.0,1077.0,1087.5999755859375,1024.0194091796875,351265.0,DIVISLAB.NS
2017-12-27,1087.8499755859375,1142.0,1080.0,1123.449951171875,1057.7735595703125,1626564.0,DIVISLAB.NS
2017-12-28,1122.800048828125,1137.0999755859375,1110.3499755859375,1114.25,1049.111328125,1026977.0,DIVISLAB.NS
2017-12-29,1122.5999755859375,1128.6500244140625,1092.199951171875,1098.3499755859375,1034.140869140625,481728.0,DIVISLAB.NS
2018-01-01,1095.0,1119.949951171875,1090.0999755859375,1099.050048828125,1034.7999267578125,429620.0,DIVISLAB.NS
2018-01-02,1100.0,1109.449951171875,1073.449951171875,1080.9000244140625,1017.7110595703125,413942.0,DIVISLAB.NS
2018-01-03,1080.5,1115.949951171875,1080.0999755859375,1099.4000244140625,1035.129638671875,768114.0,DIVISLAB.NS
2018-01-04,1106.9000244140625,1112.25,1092.0,1106.550048828125,1041.8616943359375,450896.0,DIVISLAB.NS
2018-01-05,1105.800048828125,1123.5,1102.050048828125,1107.6500244140625,1042.897216796875,568810.0,DIVISLAB.NS
2018-01-08,1107.6500244140625,1135.4000244140625,1107.6500244140625,1116.199951171875,1050.9473876953125,468360.0,DIVISLAB.NS
2018-01-09,1116.199951171875,1127.9000244140625,1083.5999755859375,1089.300048828125,1025.6201171875,639168.0,DIVISLAB.NS
2018-01-10,1085.0,1115.0,1074.6500244140625,1079.300048828125,1016.2046508789062,807750.0,DIVISLAB.NS
2018-01-11,1085.0,1107.0,1075.050048828125,1101.550048828125,1037.15380859375,459962.0,DIVISLAB.NS
2018-01-12,1106.9000244140625,1110.0,1083.5,1093.800048828125,1029.85693359375,276559.0,DIVISLAB.NS
2018-01-15,1093.800048828125,1093.800048828125,1020.0,1078.3499755859375,1015.3099365234375,279071.0,DIVISLAB.NS
2018-01-16,1079.0,1102.800048828125,1075.0,1092.75,1028.8685302734375,804279.0,DIVISLAB.NS
2018-01-17,1091.0,1111.9000244140625,1078.199951171875,1107.550048828125,1042.8031005859375,840913.0,DIVISLAB.NS
2018-01-18,1107.550048828125,1119.75,1081.0999755859375,1090.4000244140625,1026.6556396484375,582399.0,DIVISLAB.NS
2018-01-19,1090.0,1103.5999755859375,1082.5999755859375,1098.300048828125,1034.09375,322347.0,DIVISLAB.NS
2018-01-22,1095.949951171875,1103.699951171875,1067.25,1077.8499755859375,1014.8392944335938,690857.0,DIVISLAB.NS
2018-01-23,1079.0,1107.6500244140625,1079.0,1101.3499755859375,1036.965576171875,1019038.0,DIVISLAB.NS
2018-01-24,1104.949951171875,1126.0999755859375,1086.5,1102.9000244140625,1038.425048828125,821655.0,DIVISLAB.NS
2018-01-25,1100.0,1126.0,1095.0999755859375,1120.300048828125,1054.807861328125,2015896.0,DIVISLAB.NS
2018-01-29,1115.0,1115.0,1082.0,1100.4000244140625,1036.0711669921875,909205.0,DIVISLAB.NS
2018-01-30,1100.0,1108.25,1068.25,1079.9000244140625,1016.769775390625,662548.0,DIVISLAB.NS
2018-01-31,1079.9000244140625,1079.9000244140625,1009.0,1039.4000244140625,978.6372680664062,960918.0,DIVISLAB.NS
2018-02-01,1050.0,1058.5999755859375,1022.5,1043.800048828125,982.7799682617188,763908.0,DIVISLAB.NS
2018-02-02,1025.0,1051.25,1006.7999877929688,1028.25,968.1389770507812,1850108.0,DIVISLAB.NS
2018-02-05,1005.0,1048.5999755859375,1000.0,1034.6500244140625,974.164794921875,545693.0,DIVISLAB.NS
2018-02-06,982.4000244140625,1016.0,978.3499755859375,1003.2000122070312,944.5534057617188,659453.0,DIVISLAB.NS
2018-02-07,1010.0,1023.75,1005.7000122070312,1013.25,954.015869140625,382513.0,DIVISLAB.NS
2018-02-08,1016.0,1049.9000244140625,1016.0,1029.9000244140625,969.6925048828125,424810.0,DIVISLAB.NS
2018-02-09,1005.0,1028.0,1005.0,1016.5499877929688,957.1229248046875,472189.0,DIVISLAB.NS
2018-02-12,1022.0,1043.0,1017.5,1036.5,975.9066162109375,488773.0,DIVISLAB.NS
2018-02-14,1040.0,1065.800048828125,1031.300048828125,1050.699951171875,989.2765502929688,365498.0,DIVISLAB.NS
2018-02-15,1055.0,1059.9000244140625,1037.050048828125,1048.0999755859375,986.82861328125,260354.0,DIVISLAB.NS
2018-02-16,1052.550048828125,1068.25,1035.550048828125,1045.6500244140625,984.5217895507812,632838.0,DIVISLAB.NS
2018-02-19,1042.0,1045.0,1007.25,1016.7999877929688,957.3583984375,502939.0,DIVISLAB.NS
2018-02-20,1016.7999877929688,1029.75,1002.4000244140625,1013.9000244140625,954.6279296875,396055.0,DIVISLAB.NS
2018-02-21,1018.0,1024.699951171875,997.2999877929688,1006.75,947.895751953125,628446.0,DIVISLAB.NS
2018-02-22,997.0499877929688,1025.6500244140625,997.0499877929688,1019.25,959.6651000976562,775993.0,DIVISLAB.NS
2018-02-23,1017.0,1052.449951171875,1016.9000244140625,1050.0999755859375,988.7115478515625,806228.0,DIVISLAB.NS
2018-02-26,1060.0,1063.0,1032.25,1035.3499755859375,974.8238525390625,240854.0,DIVISLAB.NS
2018-02-27,1035.800048828125,1045.0,1025.699951171875,1035.550048828125,975.0122680664062,338955.0,DIVISLAB.NS
2018-02-28,1030.0,1034.449951171875,1016.5,1025.9000244140625,965.9263916015625,362857.0,DIVISLAB.NS
2018-03-01,1026.9000244140625,1032.449951171875,1017.25,1018.4500122070312,958.9119262695312,272425.0,DIVISLAB.NS
2018-03-05,1018.0,1019.9000244140625,1008.0,1012.0999755859375,952.93310546875,472011.0,DIVISLAB.NS
2018-03-06,1012.0,1023.7000122070312,1009.5,1013.7000122070312,954.4395751953125,409750.0,DIVISLAB.NS
2018-03-07,1011.7000122070312,1016.2000122070312,985.0,990.7999877929688,932.8782958984375,571021.0,DIVISLAB.NS
2018-03-08,992.1500244140625,1007.0,980.5,1002.7000122070312,944.0826416015625,405968.0,DIVISLAB.NS
2018-03-09,1000.2000122070312,1014.1500244140625,996.7999877929688,998.7000122070312,940.31640625,371889.0,DIVISLAB.NS
2018-03-12,1005.0,1018.2000122070312,997.0499877929688,1013.7999877929688,954.53369140625,244331.0,DIVISLAB.NS
2018-03-13,1014.0,1050.0,1008.0,1035.449951171875,974.9180297851562,839762.0,DIVISLAB.NS
2018-03-14,1029.0,1061.949951171875,1028.800048828125,1054.8499755859375,993.1838989257812,411421.0,DIVISLAB.NS
2018-03-15,1058.0,1106.050048828125,1056.0,1084.550048828125,1021.147705078125,1000506.0,DIVISLAB.NS
2018-03-16,1084.550048828125,1099.0,1064.0,1087.1500244140625,1023.5957641601562,629875.0,DIVISLAB.NS
2018-03-19,1090.0,1111.9000244140625,1071.550048828125,1088.0,1024.39599609375,614731.0,DIVISLAB.NS
2018-03-20,1080.0999755859375,1105.0,1070.0,1094.4000244140625,1030.4217529296875,545426.0,DIVISLAB.NS
2018-03-21,1105.0,1109.949951171875,1081.1500244140625,1085.949951171875,1022.4657592773438,498066.0,DIVISLAB.NS
2018-03-22,1083.0,1096.9000244140625,1066.0999755859375,1068.800048828125,1006.3184814453125,422829.0,DIVISLAB.NS
2018-03-23,1059.9000244140625,1061.949951171875,1024.6500244140625,1037.699951171875,977.0364379882812,710829.0,DIVISLAB.NS
2018-03-26,1026.050048828125,1061.4000244140625,1026.050048828125,1055.199951171875,993.5134887695312,341662.0,DIVISLAB.NS
2018-03-27,1065.0,1099.5999755859375,1048.0,1087.6500244140625,1024.066650390625,855115.0,DIVISLAB.NS
2018-03-28,1082.5,1124.800048828125,1082.0,1090.199951171875,1026.46728515625,1588702.0,DIVISLAB.NS
2018-04-02,1092.0999755859375,1102.3499755859375,1079.25,1090.3499755859375,1026.6085205078125,279687.0,DIVISLAB.NS
2018-04-03,1085.0999755859375,1116.25,1085.0999755859375,1109.199951171875,1044.3565673828125,405008.0,DIVISLAB.NS
2018-04-04,1125.0,1141.800048828125,1087.949951171875,1096.75,1032.634521484375,619642.0,DIVISLAB.NS
2018-04-05,1110.449951171875,1126.699951171875,1101.199951171875,1118.699951171875,1053.3011474609375,783319.0,DIVISLAB.NS
2018-04-06,1119.050048828125,1123.800048828125,1102.5,1114.25,1049.111328125,225924.0,DIVISLAB.NS
2018-04-09,1115.0999755859375,1141.4000244140625,1115.0999755859375,1129.8499755859375,1063.79931640625,465413.0,DIVISLAB.NS
2018-04-10,1131.8499755859375,1168.0,1131.5,1143.6500244140625,1076.7928466796875,1402585.0,DIVISLAB.NS
2018-04-11,1150.0,1150.0,1110.0,1122.6500244140625,1057.0203857421875,385766.0,DIVISLAB.NS
2018-04-12,1115.050048828125,1136.6500244140625,1111.5,1120.800048828125,1055.2784423828125,320269.0,DIVISLAB.NS
2018-04-13,1122.0,1153.9000244140625,1120.0,1145.5,1078.53466796875,665920.0,DIVISLAB.NS
2018-04-16,1147.5,1177.0,1133.3499755859375,1173.25,1104.662353515625,798396.0,DIVISLAB.NS
2018-04-17,1177.0,1190.0,1173.949951171875,1180.550048828125,1111.53564453125,523489.0,DIVISLAB.NS
2018-04-18,1182.0,1203.4000244140625,1171.0,1174.9000244140625,1106.2158203125,879419.0,DIVISLAB.NS
2018-04-19,1172.0,1189.9000244140625,1163.25,1179.75,1110.782470703125,561972.0,DIVISLAB.NS
2018-04-20,1175.699951171875,1199.0,1167.5999755859375,1194.25,1124.434814453125,258462.0,DIVISLAB.NS
2018-04-23,1199.949951171875,1199.949951171875,1175.050048828125,1178.449951171875,1109.5582275390625,335330.0,DIVISLAB.NS
2018-04-24,1189.699951171875,1208.75,1171.9000244140625,1178.25,1109.3702392578125,729547.0,DIVISLAB.NS
2018-04-25,1178.25,1186.699951171875,1156.949951171875,1160.8499755859375,1092.9871826171875,435624.0,DIVISLAB.NS
2018-04-26,1158.050048828125,1176.0,1147.3499755859375,1171.25,1102.779296875,502965.0,DIVISLAB.NS
2018-04-27,1179.9000244140625,1195.0,1165.0,1188.699951171875,1119.209228515625,480121.0,DIVISLAB.NS
2018-04-30,1195.0,1201.4000244140625,1184.050048828125,1197.5,1127.4947509765625,174054.0,DIVISLAB.NS
2018-05-02,1204.75,1204.75,1181.449951171875,1188.800048828125,1119.3035888671875,509127.0,DIVISLAB.NS
2018-05-03,1189.0,1203.0,1177.4000244140625,1198.3499755859375,1128.2947998046875,408993.0,DIVISLAB.NS
2018-05-04,1204.449951171875,1204.449951171875,1179.0999755859375,1191.949951171875,1122.2691650390625,284847.0,DIVISLAB.NS
2018-05-07,1190.0,1213.800048828125,1180.3499755859375,1208.5,1137.8516845703125,373131.0,DIVISLAB.NS
2018-05-08,1215.0,1220.8499755859375,1202.75,1211.25,1140.44091796875,570345.0,DIVISLAB.NS
2018-05-09,1209.9000244140625,1209.9000244140625,1191.6500244140625,1195.300048828125,1125.42333984375,167176.0,DIVISLAB.NS
2018-05-10,1194.0,1204.699951171875,1184.0,1190.300048828125,1120.7156982421875,260948.0,DIVISLAB.NS
2018-05-11,1194.0,1223.0,1183.1500244140625,1200.699951171875,1130.507568359375,608254.0,DIVISLAB.NS
2018-05-14,1196.0,1202.0,1160.0,1172.6500244140625,1104.097412109375,541698.0,DIVISLAB.NS
2018-05-15,1155.0,1180.0,1128.550048828125,1149.8499755859375,1082.6302490234375,358690.0,DIVISLAB.NS
2018-05-16,1148.0,1171.0,1139.050048828125,1165.1500244140625,1097.035888671875,531175.0,DIVISLAB.NS
2018-05-17,1186.9000244140625,1213.0,1161.0,1165.9000244140625,1097.7420654296875,994750.0,DIVISLAB.NS
2018-05-18,1168.0,1173.949951171875,1151.25,1156.550048828125,1088.9388427734375,165721.0,DIVISLAB.NS
2018-05-21,1160.0,1163.3499755859375,1125.9000244140625,1138.550048828125,1071.9908447265625,208137.0,DIVISLAB.NS
2018-05-22,1133.300048828125,1138.4000244140625,1116.800048828125,1121.5999755859375,1056.0316162109375,577110.0,DIVISLAB.NS
2018-05-23,1125.0,1125.0,1081.5,1093.3499755859375,1029.433349609375,513617.0,DIVISLAB.NS
2018-05-24,1093.0999755859375,1133.75,1089.199951171875,1128.699951171875,1062.7166748046875,449315.0,DIVISLAB.NS
2018-05-25,1129.8499755859375,1154.800048828125,1113.800048828125,1148.8499755859375,1081.688720703125,240092.0,DIVISLAB.NS
2018-05-28,1160.0,1167.6500244140625,1080.0,1092.1500244140625,1028.303466796875,918222.0,DIVISLAB.NS
2018-05-29,1090.0999755859375,1092.0,1056.3499755859375,1066.75,1004.3883056640625,753542.0,DIVISLAB.NS
2018-05-30,1060.050048828125,1065.0,1042.199951171875,1051.550048828125,990.076904296875,605331.0,DIVISLAB.NS
2018-05-31,1053.0,1069.25,1044.300048828125,1047.449951171875,986.2166137695312,2300110.0,DIVISLAB.NS
2018-06-01,1049.3499755859375,1061.0,1026.4000244140625,1053.25,991.6774291992188,543631.0,DIVISLAB.NS
2018-06-04,1057.9000244140625,1064.6500244140625,1035.5,1047.1500244140625,985.9340209960938,400870.0,DIVISLAB.NS
2018-06-05,1052.0,1054.5,1015.25,1035.4000244140625,974.8710327148438,536791.0,DIVISLAB.NS
2018-06-06,1039.5999755859375,1060.0,1029.5,1054.449951171875,992.8073120117188,273602.0,DIVISLAB.NS
2018-06-07,1055.800048828125,1072.25,1053.050048828125,1059.3499755859375,997.4209594726562,268495.0,DIVISLAB.NS
2018-06-08,1055.0,1079.9000244140625,1045.0,1052.0999755859375,990.5947265625,547755.0,DIVISLAB.NS
2018-06-11,1052.0,1057.3499755859375,1018.3499755859375,1024.5999755859375,964.7023315429688,458526.0,DIVISLAB.NS
2018-06-12,1023.2999877929688,1076.0,1020.0,1064.1500244140625,1001.9402465820312,1371537.0,DIVISLAB.NS
2018-06-13,1064.949951171875,1072.0999755859375,1038.0999755859375,1040.300048828125,979.484619140625,499228.0,DIVISLAB.NS
2018-06-14,1044.5,1094.949951171875,1039.050048828125,1084.75,1021.336181640625,1978196.0,DIVISLAB.NS
2018-06-15,1087.0,1111.25,1063.9000244140625,1100.949951171875,1036.5887451171875,1940627.0,DIVISLAB.NS
2018-06-18,1100.6500244140625,1116.9000244140625,1082.1500244140625,1100.4000244140625,1036.0711669921875,1278580.0,DIVISLAB.NS
2018-06-19,1090.0,1107.0999755859375,1080.199951171875,1091.8499755859375,1028.02099609375,957879.0,DIVISLAB.NS
2018-06-20,1090.0,1107.5,1070.4000244140625,1083.050048828125,1019.7354125976562,516618.0,DIVISLAB.NS
2018-06-21,1086.25,1090.0,1051.0,1056.25,994.5020751953125,463272.0,DIVISLAB.NS
2018-06-22,1050.449951171875,1055.25,1033.0,1044.25,983.2036743164062,493344.0,DIVISLAB.NS
2018-06-25,1048.0,1060.949951171875,1029.050048828125,1032.8499755859375,972.4700317382812,319767.0,DIVISLAB.NS
2018-06-26,1034.800048828125,1053.4000244140625,1029.75,1043.0,982.0266723632812,518815.0,DIVISLAB.NS
2018-06-27,1042.0,1052.199951171875,1012.9500122070312,1019.7000122070312,960.0888061523438,722523.0,DIVISLAB.NS
2018-06-28,1022.0,1027.0,994.9500122070312,1000.1500244140625,941.681640625,1136478.0,DIVISLAB.NS
2018-06-29,1003.5,1042.5,1003.0,1038.5999755859375,977.8837890625,374782.0,DIVISLAB.NS
2018-07-02,1041.9000244140625,1057.0,1025.25,1050.4000244140625,988.994140625,559319.0,DIVISLAB.NS
2018-07-03,1051.0,1096.949951171875,1036.5,1085.800048828125,1022.3246459960938,1241172.0,DIVISLAB.NS
2018-07-04,1086.0,1105.949951171875,1072.0,1102.300048828125,1037.8599853515625,1347815.0,DIVISLAB.NS
2018-07-05,1095.0,1107.3499755859375,1073.949951171875,1077.5,1014.5098876953125,1060147.0,DIVISLAB.NS
2018-07-06,1080.0,1087.699951171875,1070.0999755859375,1074.0,1011.2144775390625,374934.0,DIVISLAB.NS
2018-07-09,1077.699951171875,1104.800048828125,1074.449951171875,1095.5999755859375,1031.5516357421875,1196862.0,DIVISLAB.NS
2018-07-10,1100.0,1104.949951171875,1078.199951171875,1090.8499755859375,1027.0794677734375,415562.0,DIVISLAB.NS
2018-07-11,1091.0,1127.0,1080.0,1122.199951171875,1056.5965576171875,1147280.0,DIVISLAB.NS
2018-07-12,1122.199951171875,1139.699951171875,1102.4000244140625,1106.3499755859375,1041.6732177734375,1044297.0,DIVISLAB.NS
2018-07-13,1114.5999755859375,1129.9000244140625,1091.0999755859375,1108.300048828125,1043.5091552734375,660138.0,DIVISLAB.NS
2018-07-16,1108.050048828125,1108.050048828125,1064.050048828125,1070.050048828125,1007.495361328125,513097.0,DIVISLAB.NS
2018-07-17,1069.699951171875,1080.0,1040.0,1074.6500244140625,1011.826416015625,951853.0,DIVISLAB.NS
2018-07-18,1076.0,1093.5,1065.0,1085.199951171875,1021.759521484375,572307.0,DIVISLAB.NS
2018-07-19,1080.0,1092.0,1072.0,1078.199951171875,1015.1688842773438,197820.0,DIVISLAB.NS
2018-07-20,1081.0,1098.300048828125,1073.050048828125,1090.5999755859375,1026.8438720703125,344871.0,DIVISLAB.NS
2018-07-23,1090.5999755859375,1097.75,1074.949951171875,1080.699951171875,1017.522705078125,399079.0,DIVISLAB.NS
2018-07-24,1081.0,1092.3499755859375,1075.0,1083.5,1020.1589965820312,614412.0,DIVISLAB.NS
2018-07-25,1084.8499755859375,1105.0,1076.6500244140625,1096.949951171875,1032.8228759765625,696780.0,DIVISLAB.NS
2018-07-26,1105.0,1110.0,1067.3499755859375,1075.699951171875,1012.815185546875,524569.0,DIVISLAB.NS
2018-07-27,1079.949951171875,1106.75,1077.0999755859375,1103.0,1038.51904296875,343379.0,DIVISLAB.NS
2018-07-30,1102.0,1163.449951171875,1091.25,1156.5999755859375,1088.9857177734375,2177271.0,DIVISLAB.NS
2018-07-31,1145.0,1164.550048828125,1131.050048828125,1149.449951171875,1082.253662109375,565352.0,DIVISLAB.NS
2018-08-01,1149.449951171875,1173.949951171875,1145.0999755859375,1163.75,1095.7177734375,482301.0,DIVISLAB.NS
2018-08-02,1165.550048828125,1207.5,1159.050048828125,1200.300048828125,1130.131103515625,1309397.0,DIVISLAB.NS
2018-08-03,1200.800048828125,1217.0,1186.4000244140625,1208.0999755859375,1137.4749755859375,1039224.0,DIVISLAB.NS
2018-08-06,1205.0,1221.9000244140625,1160.0,1192.699951171875,1122.9752197265625,2336944.0,DIVISLAB.NS
2018-08-07,1196.0,1199.9000244140625,1151.5999755859375,1162.5,1094.5406494140625,859756.0,DIVISLAB.NS
2018-08-08,1169.5,1169.949951171875,1124.050048828125,1131.949951171875,1065.77685546875,1567894.0,DIVISLAB.NS
2018-08-09,1130.0,1141.300048828125,1111.050048828125,1114.949951171875,1049.7705078125,839082.0,DIVISLAB.NS
2018-08-10,1115.0,1135.0,1100.0,1124.300048828125,1058.573974609375,962927.0,DIVISLAB.NS
2018-08-13,1117.5,1134.0,1110.8499755859375,1120.199951171875,1054.7135009765625,325959.0,DIVISLAB.NS
2018-08-14,1119.9000244140625,1157.5999755859375,1080.0,1154.550048828125,1087.055419921875,466382.0,DIVISLAB.NS
2018-08-16,1154.4000244140625,1166.800048828125,1141.0999755859375,1164.4000244140625,1096.3297119140625,451485.0,DIVISLAB.NS
2018-08-17,1166.0,1185.949951171875,1148.6500244140625,1174.75,1106.0745849609375,959814.0,DIVISLAB.NS
2018-08-20,1178.0,1256.8499755859375,1178.0,1246.699951171875,1173.8184814453125,2795952.0,DIVISLAB.NS
2018-08-21,1258.0,1259.050048828125,1229.050048828125,1247.699951171875,1174.7598876953125,1794448.0,DIVISLAB.NS
2018-08-23,1255.0,1314.9000244140625,1245.0999755859375,1294.1500244140625,1218.4945068359375,2201914.0,DIVISLAB.NS
2018-08-24,1298.0,1308.800048828125,1275.800048828125,1301.0,1224.944091796875,849165.0,DIVISLAB.NS
2018-08-27,1310.0,1319.0,1291.4000244140625,1298.0,1222.1195068359375,631476.0,DIVISLAB.NS
2018-08-28,1294.0,1300.0,1266.5999755859375,1280.9000244140625,1206.01904296875,635318.0,DIVISLAB.NS
2018-08-29,1272.0,1313.449951171875,1268.25,1276.75,1202.11181640625,1565025.0,DIVISLAB.NS
2018-08-30,1280.0999755859375,1307.0,1266.75,1300.8499755859375,1224.802978515625,1028865.0,DIVISLAB.NS
2018-08-31,1298.0,1328.0,1295.0,1305.9000244140625,1239.082763671875,1235827.0,DIVISLAB.NS
2018-09-03,1314.9000244140625,1327.0,1278.0,1287.0999755859375,1221.24462890625,873820.0,DIVISLAB.NS
2018-09-04,1290.0,1297.4000244140625,1254.050048828125,1263.6500244140625,1198.99462890625,716718.0,DIVISLAB.NS
2018-09-05,1269.9000244140625,1293.25,1259.050048828125,1278.050048828125,1212.6578369140625,811104.0,DIVISLAB.NS
2018-09-06,1290.0,1324.0,1281.199951171875,1317.0,1249.614990234375,1723420.0,DIVISLAB.NS
2018-09-07,1319.0,1331.4000244140625,1300.8499755859375,1313.5,1246.2940673828125,1139483.0,DIVISLAB.NS
2018-09-10,1312.9000244140625,1329.0,1268.050048828125,1278.800048828125,1213.369384765625,826691.0,DIVISLAB.NS
2018-09-11,1278.800048828125,1290.25,1232.800048828125,1244.6500244140625,1180.966796875,837631.0,DIVISLAB.NS
2018-09-12,1243.0,1290.75,1233.0999755859375,1271.550048828125,1206.4903564453125,1186268.0,DIVISLAB.NS
2018-09-14,1280.050048828125,1334.0,1275.449951171875,1329.550048828125,1261.5228271484375,1525334.0,DIVISLAB.NS
2018-09-17,1328.0,1403.050048828125,1317.050048828125,1364.699951171875,1294.8743896484375,4137410.0,DIVISLAB.NS
2018-09-18,1366.0,1393.0,1353.0999755859375,1379.800048828125,1309.20166015625,1408422.0,DIVISLAB.NS
2018-09-19,1379.75,1408.0,1370.0,1391.1500244140625,1319.9708251953125,1346458.0,DIVISLAB.NS
2018-09-21,1407.9000244140625,1407.9000244140625,1304.050048828125,1387.949951171875,1316.9346923828125,1484382.0,DIVISLAB.NS
2018-09-24,1387.9000244140625,1401.5999755859375,1348.6500244140625,1361.75,1292.075439453125,890761.0,DIVISLAB.NS
2018-09-25,1365.0,1396.0,1355.0999755859375,1388.4000244140625,1317.36181640625,1029316.0,DIVISLAB.NS
2018-09-26,1400.0,1425.0,1371.050048828125,1385.3499755859375,1314.4676513671875,1804070.0,DIVISLAB.NS
2018-09-27,1386.0999755859375,1395.75,1361.0999755859375,1365.9000244140625,1296.0130615234375,645479.0,DIVISLAB.NS
2018-09-28,1366.050048828125,1383.699951171875,1295.8499755859375,1310.9000244140625,1243.8271484375,1189157.0,DIVISLAB.NS
2018-10-01,1314.0999755859375,1329.449951171875,1281.0,1319.5999755859375,1252.081787109375,842259.0,DIVISLAB.NS
2018-10-03,1305.0999755859375,1325.9000244140625,1283.5,1309.1500244140625,1242.16650390625,937244.0,DIVISLAB.NS
2018-10-04,1304.0,1305.699951171875,1260.25,1283.9000244140625,1218.20849609375,1197193.0,DIVISLAB.NS
2018-10-05,1275.0,1315.0,1268.4000244140625,1281.6500244140625,1216.073486328125,876772.0,DIVISLAB.NS
2018-10-08,1273.9000244140625,1294.699951171875,1250.050048828125,1277.449951171875,1212.08837890625,707482.0,DIVISLAB.NS
2018-10-09,1278.0,1297.199951171875,1235.449951171875,1248.050048828125,1184.1927490234375,1206742.0,DIVISLAB.NS
2018-10-10,1247.0,1305.0,1246.949951171875,1297.75,1231.349853515625,868523.0,DIVISLAB.NS
2018-10-11,1260.0,1292.0,1235.300048828125,1250.949951171875,1186.9442138671875,675008.0,DIVISLAB.NS
2018-10-12,1259.9000244140625,1296.75,1259.9000244140625,1282.300048828125,1216.6904296875,825580.0,DIVISLAB.NS
2018-10-15,1285.949951171875,1312.6500244140625,1277.0,1299.75,1233.24755859375,791699.0,DIVISLAB.NS
2018-10-16,1306.75,1324.699951171875,1281.0,1307.5999755859375,1240.6959228515625,815814.0,DIVISLAB.NS
2018-10-17,1315.0,1319.449951171875,1291.699951171875,1301.199951171875,1234.6231689453125,693098.0,DIVISLAB.NS
2018-10-19,1310.0,1340.6500244140625,1278.4000244140625,1285.25,1219.489501953125,1205785.0,DIVISLAB.NS
2018-10-22,1287.0,1305.0,1277.0,1292.050048828125,1225.941650390625,503682.0,DIVISLAB.NS
2018-10-23,1285.0,1311.9000244140625,1241.5,1249.699951171875,1185.7584228515625,962440.0,DIVISLAB.NS
2018-10-24,1255.300048828125,1270.0,1212.5,1241.0,1177.503662109375,1237155.0,DIVISLAB.NS
2018-10-25,1238.0,1265.0,1225.199951171875,1253.0,1188.8895263671875,1084503.0,DIVISLAB.NS
2018-10-26,1261.0,1278.4000244140625,1236.75,1255.800048828125,1191.5462646484375,858836.0,DIVISLAB.NS
2018-10-29,1330.0,1452.6500244140625,1324.8499755859375,1440.1500244140625,1366.4639892578125,5731814.0,DIVISLAB.NS
2018-10-30,1444.25,1500.5,1436.5,1485.75,1409.7308349609375,3338430.0,DIVISLAB.NS
2018-10-31,1485.0,1512.0,1463.5999755859375,1484.5,1408.5445556640625,1801064.0,DIVISLAB.NS
2018-11-01,1478.0,1516.949951171875,1469.800048828125,1505.550048828125,1428.517578125,953639.0,DIVISLAB.NS
2018-11-02,1512.0,1523.949951171875,1486.1500244140625,1499.25,1422.5399169921875,924743.0,DIVISLAB.NS
2018-11-05,1499.5,1501.550048828125,1454.5,1466.449951171875,1391.41796875,835508.0,DIVISLAB.NS
2018-11-06,1466.0,1484.0,1443.75,1477.800048828125,1402.1876220703125,873983.0,DIVISLAB.NS
2018-11-07,1490.0,1505.0,1480.9000244140625,1497.5,1420.8795166015625,138777.0,DIVISLAB.NS
2018-11-09,1504.9000244140625,1562.8499755859375,1504.0,1548.949951171875,1469.697021484375,1937340.0,DIVISLAB.NS
2018-11-12,1547.0,1562.949951171875,1497.1500244140625,1511.75,1434.400390625,1464492.0,DIVISLAB.NS
2018-11-13,1510.0,1537.0,1485.6500244140625,1530.5999755859375,1452.285888671875,953328.0,DIVISLAB.NS
2018-11-14,1543.3499755859375,1554.699951171875,1484.3499755859375,1503.8499755859375,1426.9046630859375,2290976.0,DIVISLAB.NS
2018-11-15,1509.0,1548.0,1486.199951171875,1530.800048828125,1452.4759521484375,1004108.0,DIVISLAB.NS
2018-11-16,1530.800048828125,1575.0,1527.5999755859375,1558.699951171875,1478.9482421875,1664868.0,DIVISLAB.NS
2018-11-19,1565.0,1578.0,1545.0,1562.25,1482.3165283203125,755395.0,DIVISLAB.NS
2018-11-20,1555.0,1569.0,1530.0999755859375,1534.300048828125,1455.7967529296875,508270.0,DIVISLAB.NS
2018-11-21,1546.9000244140625,1552.5,1524.75,1538.5999755859375,1459.8765869140625,841267.0,DIVISLAB.NS
2018-11-22,1544.0,1573.0,1510.0999755859375,1529.300048828125,1451.052734375,1282102.0,DIVISLAB.NS
2018-11-26,1534.0,1555.0,1499.1500244140625,1506.050048828125,1428.9921875,1535951.0,DIVISLAB.NS
2018-11-27,1513.949951171875,1530.0,1496.0999755859375,1523.1500244140625,1445.217041015625,1263798.0,DIVISLAB.NS
2018-11-28,1520.0,1525.6500244140625,1467.0,1480.0999755859375,1404.36962890625,772057.0,DIVISLAB.NS
2018-11-29,1485.0,1490.5999755859375,1445.4000244140625,1456.550048828125,1382.02490234375,1613812.0,DIVISLAB.NS
2018-11-30,1461.0,1481.0999755859375,1420.0,1439.3499755859375,1365.704833984375,12273274.0,DIVISLAB.NS
2018-12-03,1424.699951171875,1469.9000244140625,1420.050048828125,1456.75,1382.2144775390625,952050.0,DIVISLAB.NS
2018-12-04,1462.300048828125,1499.9000244140625,1451.3499755859375,1493.0999755859375,1416.7047119140625,1136996.0,DIVISLAB.NS
2018-12-05,1490.0999755859375,1502.800048828125,1463.050048828125,1480.3499755859375,1404.60693359375,838036.0,DIVISLAB.NS
2018-12-06,1480.0,1490.0,1446.199951171875,1459.4000244140625,1384.72900390625,679445.0,DIVISLAB.NS
2018-12-07,1472.0,1497.9000244140625,1455.199951171875,1491.800048828125,1415.4710693359375,839928.0,DIVISLAB.NS
2018-12-10,1465.0999755859375,1485.0,1452.949951171875,1472.6500244140625,1397.301025390625,569332.0,DIVISLAB.NS
2018-12-11,1456.0,1506.449951171875,1455.0,1478.050048828125,1402.4249267578125,648455.0,DIVISLAB.NS
2018-12-12,1485.0,1535.0,1483.449951171875,1528.9000244140625,1450.6728515625,845326.0,DIVISLAB.NS
2018-12-13,1536.0,1553.1500244140625,1515.75,1522.0,1444.1260986328125,773320.0,DIVISLAB.NS
2018-12-14,1518.0999755859375,1529.3499755859375,1477.25,1491.4000244140625,1415.091552734375,793454.0,DIVISLAB.NS
2018-12-17,1498.9000244140625,1516.9000244140625,1475.5,1483.0999755859375,1407.2164306640625,594795.0,DIVISLAB.NS
2018-12-18,1483.9000244140625,1501.449951171875,1475.9000244140625,1496.4000244140625,1419.8359375,545698.0,DIVISLAB.NS
2018-12-19,1505.0,1525.9000244140625,1485.0,1516.1500244140625,1438.5753173828125,650629.0,DIVISLAB.NS
2018-12-20,1500.5999755859375,1523.9000244140625,1500.5999755859375,1512.5999755859375,1435.2069091796875,451924.0,DIVISLAB.NS
2018-12-21,1514.949951171875,1519.0,1470.199951171875,1474.800048828125,1399.341064453125,552808.0,DIVISLAB.NS
2018-12-24,1489.5,1490.0,1433.550048828125,1447.1500244140625,1373.1058349609375,849081.0,DIVISLAB.NS
2018-12-26,1438.4000244140625,1459.0,1428.050048828125,1455.800048828125,1381.313232421875,345177.0,DIVISLAB.NS
2018-12-27,1465.0,1480.0,1448.1500244140625,1471.1500244140625,1395.877685546875,434791.0,DIVISLAB.NS
2018-12-28,1475.0999755859375,1482.0,1462.050048828125,1467.199951171875,1392.1297607421875,305371.0,DIVISLAB.NS
2018-12-31,1475.0,1493.5,1465.0,1482.6500244140625,1406.78955078125,420785.0,DIVISLAB.NS
2019-01-01,1485.0,1491.050048828125,1469.050048828125,1475.449951171875,1399.9576416015625,254899.0,DIVISLAB.NS
2019-01-02,1476.9000244140625,1483.5999755859375,1461.4000244140625,1470.9000244140625,1395.640625,247208.0,DIVISLAB.NS
2019-01-03,1479.5999755859375,1482.800048828125,1432.0999755859375,1437.9000244140625,1364.3289794921875,536515.0,DIVISLAB.NS
2019-01-04,1437.9000244140625,1471.199951171875,1428.25,1460.5,1385.772705078125,391849.0,DIVISLAB.NS
2019-01-07,1470.0,1495.0,1461.3499755859375,1486.0,1409.9678955078125,456830.0,DIVISLAB.NS
2019-01-08,1488.800048828125,1490.0,1455.0999755859375,1458.8499755859375,1384.20703125,345960.0,DIVISLAB.NS
2019-01-09,1460.8499755859375,1477.0,1460.0,1473.25,1397.870361328125,248643.0,DIVISLAB.NS
2019-01-10,1470.699951171875,1525.550048828125,1467.25,1520.449951171875,1442.6551513671875,1072651.0,DIVISLAB.NS
2019-01-11,1519.949951171875,1533.699951171875,1497.8499755859375,1505.1500244140625,1428.13818359375,1149372.0,DIVISLAB.NS
2019-01-14,1504.9000244140625,1538.8499755859375,1504.25,1530.449951171875,1452.1436767578125,965710.0,DIVISLAB.NS
2019-01-15,1531.0,1535.0,1515.5,1522.199951171875,1444.315673828125,383535.0,DIVISLAB.NS
2019-01-16,1526.050048828125,1526.050048828125,1512.6500244140625,1519.800048828125,1442.03857421875,362391.0,DIVISLAB.NS
2019-01-17,1526.0,1548.0,1499.199951171875,1505.3499755859375,1428.3277587890625,927211.0,DIVISLAB.NS
2019-01-18,1512.75,1520.0,1483.449951171875,1509.1500244140625,1431.9334716796875,454592.0,DIVISLAB.NS
2019-01-21,1515.0,1518.1500244140625,1493.6500244140625,1497.199951171875,1420.5946044921875,351617.0,DIVISLAB.NS
2019-01-22,1492.0,1521.800048828125,1485.0,1503.6500244140625,1426.715087890625,710962.0,DIVISLAB.NS
2019-01-23,1508.0,1512.550048828125,1496.050048828125,1503.300048828125,1426.3828125,302963.0,DIVISLAB.NS
2019-01-24,1508.300048828125,1518.0,1489.5999755859375,1493.25,1416.846923828125,365424.0,DIVISLAB.NS
2019-01-25,1500.5,1508.0,1487.0,1495.3499755859375,1418.8394775390625,195017.0,DIVISLAB.NS
2019-01-28,1499.4000244140625,1499.4000244140625,1460.0999755859375,1473.449951171875,1398.0599365234375,211598.0,DIVISLAB.NS
2019-01-29,1475.0,1514.9000244140625,1466.0,1504.800048828125,1427.8060302734375,424613.0,DIVISLAB.NS
2019-01-30,1505.949951171875,1512.949951171875,1492.050048828125,1503.1500244140625,1426.2406005859375,218871.0,DIVISLAB.NS
2019-01-31,1508.9000244140625,1519.9000244140625,1494.5,1506.199951171875,1429.1343994140625,512854.0,DIVISLAB.NS
2019-02-01,1511.199951171875,1548.050048828125,1488.6500244140625,1532.3499755859375,1453.9462890625,609053.0,DIVISLAB.NS
2019-02-04,1563.949951171875,1619.949951171875,1546.25,1609.449951171875,1527.1014404296875,2399611.0,DIVISLAB.NS
2019-02-05,1615.800048828125,1637.0,1610.199951171875,1616.1500244140625,1533.458740234375,1031235.0,DIVISLAB.NS
2019-02-06,1616.1500244140625,1659.949951171875,1610.0,1653.25,1568.66064453125,916887.0,DIVISLAB.NS
2019-02-07,1645.0,1675.0,1640.050048828125,1670.1500244140625,1584.6956787109375,753538.0,DIVISLAB.NS
2019-02-08,1667.0,1700.0,1656.0,1685.0999755859375,1598.880859375,1045291.0,DIVISLAB.NS
2019-02-11,1677.0999755859375,1680.0,1626.0,1635.0,1551.3443603515625,880642.0,DIVISLAB.NS
2019-02-12,1638.0,1651.199951171875,1613.199951171875,1638.0999755859375,1554.28564453125,795159.0,DIVISLAB.NS
2019-02-14,1640.0,1648.949951171875,1615.050048828125,1637.449951171875,1553.6688232421875,469510.0,DIVISLAB.NS
2019-02-15,1617.0,1629.4000244140625,1530.6500244140625,1621.3499755859375,1538.3927001953125,2159194.0,DIVISLAB.NS
2019-02-18,1617.9000244140625,1621.050048828125,1559.0,1574.75,1494.177001953125,890862.0,DIVISLAB.NS
2019-02-19,1570.050048828125,1617.699951171875,1525.0,1587.8499755859375,1506.6065673828125,1840314.0,DIVISLAB.NS
2019-02-20,1594.9000244140625,1594.9000244140625,1553.449951171875,1560.550048828125,1480.70361328125,775963.0,DIVISLAB.NS
2019-02-21,1553.0999755859375,1560.6500244140625,1540.0,1550.0,1470.693359375,799999.0,DIVISLAB.NS
2019-02-22,1550.0999755859375,1573.449951171875,1546.699951171875,1565.0,1484.92578125,611185.0,DIVISLAB.NS
2019-02-25,1573.0,1604.9000244140625,1561.0,1594.75,1513.1536865234375,599083.0,DIVISLAB.NS
2019-02-26,1570.0,1629.9000244140625,1570.0,1621.449951171875,1538.4874267578125,857201.0,DIVISLAB.NS
2019-02-27,1628.0,1650.0,1618.0,1638.449951171875,1554.617919921875,556471.0,DIVISLAB.NS
2019-02-28,1650.0,1663.4000244140625,1635.0,1654.25,1569.609130859375,578587.0,DIVISLAB.NS
2019-03-01,1650.050048828125,1675.0,1650.050048828125,1669.800048828125,1584.3636474609375,480280.0,DIVISLAB.NS
2019-03-05,1674.0,1682.949951171875,1659.25,1663.699951171875,1578.5758056640625,529749.0,DIVISLAB.NS
2019-03-06,1670.0,1725.0,1652.050048828125,1705.9000244140625,1618.616455078125,692075.0,DIVISLAB.NS
2019-03-07,1707.0,1714.449951171875,1642.0,1650.9000244140625,1566.4307861328125,800855.0,DIVISLAB.NS
2019-03-08,1658.0,1665.9000244140625,1636.0,1647.4000244140625,1563.1097412109375,428683.0,DIVISLAB.NS
2019-03-11,1650.0999755859375,1695.3499755859375,1650.0999755859375,1690.6500244140625,1604.146728515625,637436.0,DIVISLAB.NS
2019-03-12,1700.0,1729.9000244140625,1692.6500244140625,1699.949951171875,1612.9710693359375,885899.0,DIVISLAB.NS
2019-03-13,1700.0,1712.25,1661.4000244140625,1667.0,1581.706787109375,639516.0,DIVISLAB.NS
2019-03-14,1676.6500244140625,1704.0,1671.3499755859375,1694.5,1607.7998046875,672355.0,DIVISLAB.NS
2019-03-15,1697.0,1726.5999755859375,1695.0,1708.0,1620.6092529296875,830304.0,DIVISLAB.NS
2019-03-18,1718.0,1722.550048828125,1684.0999755859375,1689.3499755859375,1602.913330078125,464384.0,DIVISLAB.NS
2019-03-19,1698.0,1713.3499755859375,1681.550048828125,1696.0,1609.2230224609375,283112.0,DIVISLAB.NS
2019-03-20,1694.0,1711.0,1671.25,1675.3499755859375,1589.6297607421875,426057.0,DIVISLAB.NS
2019-03-22,1680.0999755859375,1691.5999755859375,1655.550048828125,1663.6500244140625,1578.528564453125,459571.0,DIVISLAB.NS
2019-03-25,1659.800048828125,1710.0,1651.0999755859375,1705.75,1618.4742431640625,684585.0,DIVISLAB.NS
2019-03-26,1710.0,1774.949951171875,1686.6500244140625,1707.8499755859375,1620.467041015625,509657.0,DIVISLAB.NS
2019-03-27,1706.0,1720.0,1661.050048828125,1665.9000244140625,1580.6630859375,460961.0,DIVISLAB.NS
2019-03-28,1669.9000244140625,1699.0,1641.5,1654.550048828125,1569.89404296875,1681103.0,DIVISLAB.NS
2019-04-01,1709.0,1742.0,1709.0,1723.300048828125,1635.1263427734375,888473.0,DIVISLAB.NS
2019-04-02,1725.5,1734.4000244140625,1693.699951171875,1699.050048828125,1612.1170654296875,508894.0,DIVISLAB.NS
2019-04-03,1707.550048828125,1707.550048828125,1665.449951171875,1675.800048828125,1590.0567626953125,393202.0,DIVISLAB.NS
2019-04-04,1679.949951171875,1714.0,1675.800048828125,1701.050048828125,1614.0147705078125,590246.0,DIVISLAB.NS
2019-04-05,1707.0,1722.5999755859375,1691.1500244140625,1719.0,1631.04638671875,464487.0,DIVISLAB.NS
2019-04-08,1714.699951171875,1719.0,1677.199951171875,1684.449951171875,1598.2637939453125,461738.0,DIVISLAB.NS
2019-04-09,1693.0,1719.75,1685.25,1715.8499755859375,1628.0576171875,392667.0,DIVISLAB.NS
2019-04-10,1713.8499755859375,1732.5,1706.0,1722.550048828125,1634.4146728515625,484391.0,DIVISLAB.NS
2019-04-11,1715.5,1723.949951171875,1704.050048828125,1718.4000244140625,1630.47705078125,357943.0,DIVISLAB.NS
2019-04-12,1717.0,1736.75,1713.0,1732.0999755859375,1643.4759521484375,370739.0,DIVISLAB.NS
2019-04-15,1730.0,1749.0,1720.300048828125,1744.8499755859375,1655.57373046875,422148.0,DIVISLAB.NS
2019-04-16,1748.300048828125,1753.9000244140625,1711.300048828125,1714.5999755859375,1626.8714599609375,530087.0,DIVISLAB.NS
2019-04-18,1716.0,1731.75,1713.0,1724.3499755859375,1636.12255859375,334997.0,DIVISLAB.NS
2019-04-22,1721.0,1737.800048828125,1695.0,1701.5,1614.4417724609375,324129.0,DIVISLAB.NS
2019-04-23,1703.0,1713.0999755859375,1682.199951171875,1686.949951171875,1600.6361083984375,340440.0,DIVISLAB.NS
2019-04-24,1687.0,1750.0,1687.0,1742.699951171875,1653.53369140625,573966.0,DIVISLAB.NS
2019-04-25,1736.25,1742.5,1710.550048828125,1716.300048828125,1628.484619140625,334093.0,DIVISLAB.NS
2019-04-26,1733.949951171875,1739.949951171875,1716.1500244140625,1722.3499755859375,1634.224853515625,333124.0,DIVISLAB.NS
2019-04-30,1722.3499755859375,1750.0,1707.050048828125,1746.8499755859375,1657.4713134765625,557187.0,DIVISLAB.NS
2019-05-02,1741.4000244140625,1771.449951171875,1707.0999755859375,1714.300048828125,1626.5867919921875,686686.0,DIVISLAB.NS
2019-05-03,1718.0,1725.0,1696.25,1701.9000244140625,1614.8211669921875,344975.0,DIVISLAB.NS
2019-05-06,1697.949951171875,1714.0999755859375,1690.050048828125,1694.6500244140625,1607.9422607421875,246788.0,DIVISLAB.NS
2019-05-07,1670.0,1706.300048828125,1670.0,1689.1500244140625,1602.7236328125,559625.0,DIVISLAB.NS
2019-05-08,1686.5999755859375,1695.9000244140625,1654.0999755859375,1668.5,1583.1304931640625,443167.0,DIVISLAB.NS
2019-05-09,1661.5,1664.75,1615.0,1625.550048828125,1542.3779296875,553836.0,DIVISLAB.NS
2019-05-10,1609.199951171875,1657.800048828125,1603.0,1650.3499755859375,1565.908935546875,637110.0,DIVISLAB.NS
2019-05-13,1652.800048828125,1652.800048828125,1613.9000244140625,1625.1500244140625,1541.9981689453125,255768.0,DIVISLAB.NS
2019-05-14,1634.8499755859375,1634.8499755859375,1594.0,1617.3499755859375,1534.597412109375,422106.0,DIVISLAB.NS
2019-05-15,1610.5,1654.0,1602.0,1608.8499755859375,1526.5323486328125,639846.0,DIVISLAB.NS
2019-05-16,1612.199951171875,1648.3499755859375,1597.9000244140625,1640.300048828125,1556.373046875,494855.0,DIVISLAB.NS
2019-05-17,1636.0,1653.0,1622.0999755859375,1632.699951171875,1549.161865234375,363216.0,DIVISLAB.NS
2019-05-20,1680.0,1690.0,1640.0,1659.699951171875,1574.7802734375,482091.0,DIVISLAB.NS
2019-05-21,1658.0,1715.0,1658.0,1696.5,1609.697509765625,494321.0,DIVISLAB.NS
2019-05-22,1704.9000244140625,1706.199951171875,1670.0,1680.199951171875,1594.2314453125,342013.0,DIVISLAB.NS
2019-05-23,1710.0,1744.0,1692.0,1732.449951171875,1643.8082275390625,543073.0,DIVISLAB.NS
2019-05-24,1742.0999755859375,1774.0,1737.0,1765.6500244140625,1675.3092041015625,572794.0,DIVISLAB.NS
2019-05-27,1729.5,1730.050048828125,1578.050048828125,1593.449951171875,1511.919921875,3084161.0,DIVISLAB.NS
2019-05-28,1600.0,1629.0,1585.5999755859375,1617.8499755859375,1535.0716552734375,1231843.0,DIVISLAB.NS
2019-05-29,1618.0,1624.4000244140625,1585.199951171875,1589.0999755859375,1507.792724609375,474654.0,DIVISLAB.NS
2019-05-30,1599.0,1626.800048828125,1580.800048828125,1585.449951171875,1504.3294677734375,925477.0,DIVISLAB.NS
2019-05-31,1595.949951171875,1609.800048828125,1583.0,1592.300048828125,1510.8291015625,787381.0,DIVISLAB.NS
2019-06-03,1597.25,1621.0,1566.550048828125,1616.25,1533.5537109375,765932.0,DIVISLAB.NS
2019-06-04,1610.0,1610.0,1580.4000244140625,1586.3499755859375,1505.1832275390625,803652.0,DIVISLAB.NS
2019-06-06,1598.0,1598.0,1554.449951171875,1580.3499755859375,1499.4903564453125,925968.0,DIVISLAB.NS
2019-06-07,1575.0,1580.6500244140625,1553.050048828125,1566.25,1486.11181640625,632011.0,DIVISLAB.NS
2019-06-10,1562.0,1579.0,1556.050048828125,1561.050048828125,1481.177978515625,363052.0,DIVISLAB.NS
2019-06-11,1567.0,1571.8499755859375,1552.0,1555.800048828125,1476.19677734375,475514.0,DIVISLAB.NS
2019-06-12,1555.800048828125,1560.0,1530.75,1534.550048828125,1456.0338134765625,500761.0,DIVISLAB.NS
2019-06-13,1539.949951171875,1554.4000244140625,1517.0,1546.550048828125,1467.4197998046875,597842.0,DIVISLAB.NS
2019-06-14,1542.0,1550.0,1495.050048828125,1522.300048828125,1444.41064453125,993176.0,DIVISLAB.NS
2019-06-17,1539.300048828125,1582.9000244140625,1532.4000244140625,1540.5,1461.679443359375,1053764.0,DIVISLAB.NS
2019-06-18,1545.0,1552.0,1525.0,1543.0,1464.051513671875,548508.0,DIVISLAB.NS
2019-06-19,1550.0,1554.8499755859375,1533.300048828125,1540.4000244140625,1461.5843505859375,420314.0,DIVISLAB.NS
2019-06-20,1548.300048828125,1615.0,1539.0999755859375,1603.0,1520.981689453125,758268.0,DIVISLAB.NS
2019-06-21,1600.0,1600.0,1540.0,1545.75,1466.66064453125,1014804.0,DIVISLAB.NS
2019-06-24,1541.6500244140625,1584.3499755859375,1536.050048828125,1576.300048828125,1495.647705078125,512756.0,DIVISLAB.NS
2019-06-25,1566.800048828125,1609.0,1565.0,1602.4000244140625,1520.4122314453125,457699.0,DIVISLAB.NS
2019-06-26,1587.0,1611.0,1580.199951171875,1597.949951171875,1516.1898193359375,461263.0,DIVISLAB.NS
2019-06-27,1595.0,1608.0,1578.0,1601.800048828125,1519.843017578125,511835.0,DIVISLAB.NS
2019-06-28,1599.550048828125,1634.449951171875,1592.0999755859375,1596.949951171875,1515.2410888671875,551806.0,DIVISLAB.NS
2019-07-01,1598.75,1622.0,1598.0,1610.199951171875,1527.8131103515625,273406.0,DIVISLAB.NS
2019-07-02,1610.199951171875,1623.699951171875,1590.5,1617.25,1534.5025634765625,300935.0,DIVISLAB.NS
2019-07-03,1620.0,1640.0,1600.0,1630.5999755859375,1547.1693115234375,598945.0,DIVISLAB.NS
2019-07-04,1631.4000244140625,1638.949951171875,1611.949951171875,1619.800048828125,1536.9219970703125,214179.0,DIVISLAB.NS
2019-07-05,1619.800048828125,1619.800048828125,1583.0,1610.800048828125,1528.3824462890625,607948.0,DIVISLAB.NS
2019-07-08,1600.0999755859375,1604.25,1564.5,1575.6500244140625,1495.0308837890625,329224.0,DIVISLAB.NS
2019-07-09,1570.1500244140625,1615.8499755859375,1567.949951171875,1605.0999755859375,1522.9739990234375,548646.0,DIVISLAB.NS
2019-07-10,1609.0,1633.75,1597.550048828125,1623.449951171875,1540.3851318359375,685813.0,DIVISLAB.NS
2019-07-11,1637.0,1642.9000244140625,1605.0,1608.6500244140625,1526.342529296875,672371.0,DIVISLAB.NS
2019-07-12,1614.949951171875,1621.0,1587.0999755859375,1613.1500244140625,1530.6123046875,548484.0,DIVISLAB.NS
2019-07-15,1615.0,1631.0,1600.0999755859375,1614.4000244140625,1531.7982177734375,331641.0,DIVISLAB.NS
2019-07-16,1620.0999755859375,1654.0,1614.0,1648.5999755859375,1564.2484130859375,399507.0,DIVISLAB.NS
2019-07-17,1652.5,1656.25,1635.5999755859375,1651.949951171875,1567.4268798828125,325110.0,DIVISLAB.NS
2019-07-18,1652.5999755859375,1661.5,1635.550048828125,1641.9000244140625,1557.8912353515625,769446.0,DIVISLAB.NS
2019-07-19,1644.0999755859375,1659.9000244140625,1620.050048828125,1624.4000244140625,1541.2864990234375,464691.0,DIVISLAB.NS
2019-07-22,1618.0,1631.300048828125,1601.0,1625.3499755859375,1542.1881103515625,248393.0,DIVISLAB.NS
2019-07-23,1630.0,1644.449951171875,1609.0999755859375,1619.0999755859375,1536.2576904296875,298001.0,DIVISLAB.NS
2019-07-24,1614.0,1629.1500244140625,1595.0,1604.0999755859375,1522.0250244140625,321561.0,DIVISLAB.NS
2019-07-25,1604.0,1649.949951171875,1603.0,1641.75,1557.748779296875,382130.0,DIVISLAB.NS
2019-07-26,1645.0,1674.9000244140625,1624.9000244140625,1666.699951171875,1581.4222412109375,586809.0,DIVISLAB.NS
2019-07-29,1670.0,1678.699951171875,1642.949951171875,1653.25,1568.66064453125,461396.0,DIVISLAB.NS
2019-07-30,1653.300048828125,1673.0,1640.0,1658.449951171875,1573.594482421875,863878.0,DIVISLAB.NS
2019-07-31,1651.9000244140625,1651.9000244140625,1565.199951171875,1633.75,1550.158203125,1115866.0,DIVISLAB.NS
2019-08-01,1620.300048828125,1647.5,1597.300048828125,1615.3499755859375,1532.699462890625,470130.0,DIVISLAB.NS
2019-08-02,1610.0,1624.0,1579.050048828125,1598.800048828125,1516.99658203125,432681.0,DIVISLAB.NS
2019-08-05,1588.5,1608.550048828125,1566.050048828125,1577.550048828125,1496.8338623046875,571020.0,DIVISLAB.NS
2019-08-06,1568.949951171875,1622.050048828125,1566.800048828125,1616.0,1533.3162841796875,634515.0,DIVISLAB.NS
2019-08-07,1601.050048828125,1657.0,1601.050048828125,1633.9000244140625,1550.3004150390625,591808.0,DIVISLAB.NS
2019-08-08,1644.0,1655.949951171875,1626.050048828125,1651.0,1566.525634765625,678997.0,DIVISLAB.NS
2019-08-09,1653.0,1683.449951171875,1642.3499755859375,1664.949951171875,1579.7618408203125,374284.0,DIVISLAB.NS
2019-08-13,1615.0,1620.0,1512.199951171875,1524.4000244140625,1446.403076171875,2698990.0,DIVISLAB.NS
2019-08-14,1521.0,1544.800048828125,1466.0,1531.9000244140625,1468.9373779296875,1340125.0,DIVISLAB.NS
2019-08-16,1522.5,1522.5,1490.25,1507.300048828125,1445.348388671875,913721.0,DIVISLAB.NS
2019-08-19,1505.300048828125,1541.1500244140625,1500.0,1518.0999755859375,1455.7044677734375,512242.0,DIVISLAB.NS
2019-08-20,1518.0999755859375,1541.949951171875,1516.199951171875,1522.1500244140625,1459.5880126953125,382353.0,DIVISLAB.NS
2019-08-21,1524.0,1541.0,1516.1500244140625,1533.0999755859375,1470.0880126953125,461174.0,DIVISLAB.NS
2019-08-22,1537.5999755859375,1576.300048828125,1531.5,1568.5,1504.032958984375,604653.0,DIVISLAB.NS
2019-08-23,1564.949951171875,1577.449951171875,1540.550048828125,1571.5999755859375,1507.0057373046875,469022.0,DIVISLAB.NS
2019-08-26,1575.0,1625.0,1568.050048828125,1620.050048828125,1553.46435546875,635005.0,DIVISLAB.NS
2019-08-27,1625.1500244140625,1628.5,1587.75,1593.550048828125,1528.053466796875,645617.0,DIVISLAB.NS
2019-08-28,1593.550048828125,1616.0,1570.0,1576.6500244140625,1511.84814453125,419022.0,DIVISLAB.NS
2019-08-29,1581.0999755859375,1634.0,1572.0,1615.0,1548.6217041015625,479265.0,DIVISLAB.NS
2019-08-30,1611.5999755859375,1643.3499755859375,1601.449951171875,1625.4000244140625,1558.59423828125,357258.0,DIVISLAB.NS
2019-09-03,1625.5,1659.0,1625.5,1639.449951171875,1572.066650390625,697815.0,DIVISLAB.NS
2019-09-04,1648.0,1671.0,1592.050048828125,1663.449951171875,1595.080322265625,817587.0,DIVISLAB.NS
2019-09-05,1660.300048828125,1666.199951171875,1633.5999755859375,1639.0,1571.6353759765625,312286.0,DIVISLAB.NS
2019-09-06,1645.0,1654.800048828125,1620.949951171875,1637.5999755859375,1570.29296875,426978.0,DIVISLAB.NS
2019-09-09,1636.0,1653.6500244140625,1617.0,1627.1500244140625,1560.2724609375,405327.0,DIVISLAB.NS
2019-09-11,1629.0,1638.949951171875,1606.4000244140625,1616.550048828125,1550.1082763671875,464103.0,DIVISLAB.NS
2019-09-12,1625.0,1656.0,1613.0,1645.1500244140625,1577.53271484375,426448.0,DIVISLAB.NS
2019-09-13,1655.0,1655.0,1610.050048828125,1628.3499755859375,1561.4232177734375,455745.0,DIVISLAB.NS
2019-09-16,1618.3499755859375,1659.5,1615.300048828125,1644.800048828125,1577.197021484375,363401.0,DIVISLAB.NS
2019-09-17,1646.050048828125,1647.0,1598.0,1601.4000244140625,1535.5806884765625,486724.0,DIVISLAB.NS
2019-09-18,1612.5,1626.0,1605.0,1616.1500244140625,1549.724609375,457444.0,DIVISLAB.NS
2019-09-19,1621.0,1630.0999755859375,1570.5,1582.4000244140625,1517.3619384765625,400672.0,DIVISLAB.NS
2019-09-20,1596.0,1660.5,1575.0999755859375,1637.949951171875,1570.6285400390625,592869.0,DIVISLAB.NS
2019-09-23,1641.0,1658.0,1603.050048828125,1611.699951171875,1545.4573974609375,944775.0,DIVISLAB.NS
2019-09-24,1611.699951171875,1645.0,1587.699951171875,1629.6500244140625,1562.669677734375,692476.0,DIVISLAB.NS
2019-09-25,1620.1500244140625,1653.199951171875,1620.1500244140625,1633.449951171875,1566.3134765625,450237.0,DIVISLAB.NS
2019-09-26,1635.0,1705.0,1631.0,1675.050048828125,1606.2037353515625,999909.0,DIVISLAB.NS
2019-09-27,1671.0,1696.9000244140625,1655.25,1660.449951171875,1592.2037353515625,659001.0,DIVISLAB.NS
2019-09-30,1664.800048828125,1671.9000244140625,1650.949951171875,1665.5,1597.046142578125,269573.0,DIVISLAB.NS
2019-10-01,1671.9000244140625,1688.949951171875,1607.5,1622.550048828125,1555.861572265625,412172.0,DIVISLAB.NS
2019-10-03,1610.0,1647.9000244140625,1595.050048828125,1628.3499755859375,1561.4232177734375,348048.0,DIVISLAB.NS
2019-10-04,1636.0,1650.0,1619.050048828125,1622.25,1555.5738525390625,282510.0,DIVISLAB.NS
2019-10-07,1631.0,1655.949951171875,1616.550048828125,1646.6500244140625,1578.9710693359375,476604.0,DIVISLAB.NS
2019-10-09,1650.550048828125,1655.0,1621.199951171875,1650.5999755859375,1582.758544921875,248324.0,DIVISLAB.NS
2019-10-10,1645.0,1680.0,1641.0,1667.1500244140625,1598.6282958984375,566891.0,DIVISLAB.NS
2019-10-11,1677.550048828125,1695.0,1651.699951171875,1689.949951171875,1620.4912109375,598374.0,DIVISLAB.NS
2019-10-14,1696.0,1719.699951171875,1670.050048828125,1683.699951171875,1614.4981689453125,571690.0,DIVISLAB.NS
2019-10-15,1685.0,1701.800048828125,1679.050048828125,1693.0999755859375,1623.5118408203125,545212.0,DIVISLAB.NS
2019-10-16,1696.0,1724.800048828125,1690.8499755859375,1720.199951171875,1649.4979248046875,306125.0,DIVISLAB.NS
2019-10-17,1723.0,1734.300048828125,1705.0999755859375,1722.949951171875,1652.1348876953125,348490.0,DIVISLAB.NS
2019-10-18,1720.0,1742.5999755859375,1717.050048828125,1738.0,1666.5662841796875,271062.0,DIVISLAB.NS
2019-10-22,1732.4000244140625,1773.550048828125,1726.25,1741.1500244140625,1669.5870361328125,814403.0,DIVISLAB.NS
2019-10-23,1739.0,1752.4000244140625,1725.75,1735.3499755859375,1664.025146484375,228759.0,DIVISLAB.NS
2019-10-24,1736.0,1779.050048828125,1735.3499755859375,1764.050048828125,1691.5457763671875,283296.0,DIVISLAB.NS
2019-10-25,1761.0,1774.0,1747.550048828125,1759.1500244140625,1686.84716796875,199141.0,DIVISLAB.NS
2019-10-27,1767.0,1769.800048828125,1753.050048828125,1759.5,1687.182861328125,15839.0,DIVISLAB.NS
2019-10-29,1757.0,1761.5,1736.550048828125,1754.3499755859375,1682.2445068359375,343418.0,DIVISLAB.NS
2019-10-30,1740.050048828125,1760.949951171875,1729.0,1736.5999755859375,1665.22412109375,335535.0,DIVISLAB.NS
2019-10-31,1744.0,1759.4000244140625,1738.5,1755.050048828125,1682.9158935546875,334257.0,DIVISLAB.NS
2019-11-01,1753.0,1771.8499755859375,1738.800048828125,1743.1500244140625,1671.5047607421875,339865.0,DIVISLAB.NS
2019-11-04,1755.0,1755.0,1716.449951171875,1735.1500244140625,1663.83349609375,515116.0,DIVISLAB.NS
2019-11-05,1735.0,1738.25,1676.800048828125,1687.449951171875,1618.093994140625,587695.0,DIVISLAB.NS
2019-11-06,1651.0,1721.949951171875,1641.699951171875,1705.3499755859375,1635.2584228515625,1000255.0,DIVISLAB.NS
2019-11-07,1703.0,1723.550048828125,1681.0999755859375,1718.0,1647.3883056640625,362279.0,DIVISLAB.NS
2019-11-08,1714.0,1727.800048828125,1695.0,1699.949951171875,1630.080078125,469867.0,DIVISLAB.NS
2019-11-11,1700.0,1719.0,1691.949951171875,1710.550048828125,1640.24462890625,207500.0,DIVISLAB.NS
2019-11-13,1710.0,1719.0,1660.0,1672.5,1603.7584228515625,878362.0,DIVISLAB.NS
2019-11-14,1668.5,1694.699951171875,1643.449951171875,1656.5,1588.4161376953125,892696.0,DIVISLAB.NS
2019-11-15,1645.0,1758.949951171875,1627.0,1747.699951171875,1675.86767578125,2475371.0,DIVISLAB.NS
2019-11-18,1750.5,1763.449951171875,1720.449951171875,1735.949951171875,1664.6005859375,546681.0,DIVISLAB.NS
2019-11-19,1738.0,1746.5,1717.449951171875,1732.699951171875,1661.484130859375,385992.0,DIVISLAB.NS
2019-11-20,1732.0,1797.800048828125,1726.6500244140625,1763.5999755859375,1691.114013671875,1047192.0,DIVISLAB.NS
2019-11-21,1763.550048828125,1779.949951171875,1740.0999755859375,1747.050048828125,1675.2445068359375,429107.0,DIVISLAB.NS
2019-11-22,1745.0,1748.0,1717.3499755859375,1733.3499755859375,1662.1075439453125,376747.0,DIVISLAB.NS
2019-11-25,1735.0,1768.9000244140625,1726.0,1764.050048828125,1691.5457763671875,608852.0,DIVISLAB.NS
2019-11-26,1765.0,1805.5,1761.550048828125,1784.25,1710.91552734375,1008355.0,DIVISLAB.NS
2019-11-27,1785.0,1818.0,1773.800048828125,1811.3499755859375,1736.9014892578125,795959.0,DIVISLAB.NS
2019-11-28,1824.0,1825.0,1787.699951171875,1793.0,1719.305908203125,633764.0,DIVISLAB.NS
2019-11-29,1795.300048828125,1802.8499755859375,1781.800048828125,1786.199951171875,1712.7852783203125,258455.0,DIVISLAB.NS
2019-12-02,1773.0999755859375,1795.0,1773.0999755859375,1785.050048828125,1711.6826171875,401926.0,DIVISLAB.NS
2019-12-03,1795.0,1799.9000244140625,1779.949951171875,1795.1500244140625,1721.36767578125,263215.0,DIVISLAB.NS
2019-12-04,1798.0,1823.0,1785.199951171875,1809.4000244140625,1735.0318603515625,1107902.0,DIVISLAB.NS
2019-12-05,1806.0,1806.0,1791.050048828125,1801.5,1727.456298828125,196491.0,DIVISLAB.NS
2019-12-06,1802.0,1824.0,1772.550048828125,1783.8499755859375,1710.531982421875,541954.0,DIVISLAB.NS
2019-12-09,1784.0,1822.0,1780.050048828125,1806.300048828125,1732.0592041015625,574599.0,DIVISLAB.NS
2019-12-10,1810.0999755859375,1821.5999755859375,1795.4000244140625,1813.6500244140625,1739.107421875,418388.0,DIVISLAB.NS
2019-12-11,1811.0,1838.4000244140625,1805.0,1821.800048828125,1746.9222412109375,580804.0,DIVISLAB.NS
2019-12-12,1824.699951171875,1840.0,1813.0999755859375,1829.1500244140625,1753.9698486328125,438783.0,DIVISLAB.NS
2019-12-13,1833.699951171875,1847.949951171875,1818.0,1842.0,1766.291748046875,534166.0,DIVISLAB.NS
2019-12-16,1839.0,1869.949951171875,1830.0,1860.6500244140625,1784.175537109375,686055.0,DIVISLAB.NS
2019-12-17,1862.0,1868.4000244140625,1833.699951171875,1845.4000244140625,1769.55224609375,466589.0,DIVISLAB.NS
2019-12-18,1841.0999755859375,1844.550048828125,1821.300048828125,1837.8499755859375,1762.3125,461114.0,DIVISLAB.NS
2019-12-19,1833.050048828125,1855.0,1826.0,1829.0,1753.8260498046875,380436.0,DIVISLAB.NS
2019-12-20,1834.0,1834.0,1795.0,1818.0,1743.2783203125,725073.0,DIVISLAB.NS
2019-12-23,1820.5,1837.949951171875,1804.0,1808.0999755859375,1733.7852783203125,328818.0,DIVISLAB.NS
2019-12-24,1811.0999755859375,1824.0,1806.0999755859375,1816.9000244140625,1742.2235107421875,219970.0,DIVISLAB.NS
2019-12-26,1815.0,1833.0,1808.75,1816.0,1741.360595703125,291471.0,DIVISLAB.NS
2019-12-27,1824.949951171875,1837.3499755859375,1818.5,1830.1500244140625,1754.9288330078125,266306.0,DIVISLAB.NS
2019-12-30,1835.949951171875,1858.0,1830.0,1849.199951171875,1773.1961669921875,361262.0,DIVISLAB.NS
2019-12-31,1852.0,1857.199951171875,1835.0999755859375,1845.800048828125,1769.935791015625,287988.0,DIVISLAB.NS
2020-01-01,1845.0,1849.5999755859375,1815.9000244140625,1818.8499755859375,1744.0933837890625,157063.0,DIVISLAB.NS
2020-01-02,1820.5,1833.800048828125,1820.5,1825.9000244140625,1750.8536376953125,102841.0,DIVISLAB.NS
2020-01-03,1817.0,1847.8499755859375,1817.0,1834.800048828125,1759.3878173828125,281177.0,DIVISLAB.NS
2020-01-06,1828.300048828125,1845.0,1800.0,1838.3499755859375,1762.7918701171875,500000.0,DIVISLAB.NS
2020-01-07,1838.0,1851.75,1832.5999755859375,1843.9000244140625,1768.1138916015625,302472.0,DIVISLAB.NS
2020-01-08,1822.0,1846.0,1822.0,1833.949951171875,1758.5728759765625,147762.0,DIVISLAB.NS
2020-01-09,1845.0,1855.0,1826.6500244140625,1843.4000244140625,1767.634521484375,221553.0,DIVISLAB.NS
2020-01-10,1843.949951171875,1884.5,1841.0,1866.300048828125,1789.59326171875,499335.0,DIVISLAB.NS
2020-01-13,1870.199951171875,1881.800048828125,1860.0,1878.8499755859375,1801.6273193359375,208532.0,DIVISLAB.NS
2020-01-14,1878.5,1887.0,1857.0,1873.6500244140625,1796.6409912109375,328250.0,DIVISLAB.NS
2020-01-15,1878.5999755859375,1878.5999755859375,1852.050048828125,1866.25,1789.545166015625,277859.0,DIVISLAB.NS
2020-01-16,1870.0,1902.0999755859375,1869.0999755859375,1899.0,1820.9490966796875,381703.0,DIVISLAB.NS
2020-01-17,1899.449951171875,1913.8499755859375,1892.050048828125,1903.3499755859375,1825.120361328125,362279.0,DIVISLAB.NS
2020-01-20,1905.0,1926.4000244140625,1887.0999755859375,1892.0,1814.23681640625,420979.0,DIVISLAB.NS
2020-01-21,1892.0,1900.9000244140625,1868.0,1870.800048828125,1793.9083251953125,393410.0,DIVISLAB.NS
2020-01-22,1872.0999755859375,1890.6500244140625,1843.949951171875,1855.1500244140625,1778.9013671875,460611.0,DIVISLAB.NS
2020-01-23,1855.0,1902.4000244140625,1853.0,1897.449951171875,1819.4627685546875,294035.0,DIVISLAB.NS
2020-01-24,1896.5,1914.699951171875,1885.0999755859375,1910.5,1831.9764404296875,200949.0,DIVISLAB.NS
2020-01-27,1910.0,1935.0,1893.699951171875,1918.3499755859375,1839.5037841796875,434503.0,DIVISLAB.NS
2020-01-28,1918.3499755859375,1951.800048828125,1903.1500244140625,1946.75,1866.7366943359375,527383.0,DIVISLAB.NS
2020-01-29,1956.0,1994.4000244140625,1936.050048828125,1961.300048828125,1880.6884765625,829522.0,DIVISLAB.NS
2020-01-30,1961.5,1975.0,1935.75,1959.1500244140625,1878.626953125,350522.0,DIVISLAB.NS
2020-01-31,1969.0,1984.0,1948.0,1952.300048828125,1872.0587158203125,322232.0,DIVISLAB.NS
2020-02-03,1994.9000244140625,2022.0,1962.4000244140625,1972.75,1891.6678466796875,910769.0,DIVISLAB.NS
2020-02-04,1979.0,1996.949951171875,1954.199951171875,1961.300048828125,1880.6884765625,565885.0,DIVISLAB.NS
2020-02-05,1962.050048828125,1990.0,1946.199951171875,1962.6500244140625,1881.9830322265625,519051.0,DIVISLAB.NS
2020-02-06,1950.0,2079.39990234375,1930.0,2023.0,1939.8525390625,1730330.0,DIVISLAB.NS
2020-02-07,2023.0,2095.0,2011.0,2085.949951171875,2000.2154541015625,890175.0,DIVISLAB.NS
2020-02-10,2085.0,2112.449951171875,2076.14990234375,2088.949951171875,2003.0919189453125,628865.0,DIVISLAB.NS
2020-02-11,2085.0,2160.0,2085.0,2146.89990234375,2058.65966796875,1068378.0,DIVISLAB.NS
2020-02-12,2159.0,2179.949951171875,2112.0,2121.800048828125,2034.5914306640625,984894.0,DIVISLAB.NS
2020-02-13,2135.050048828125,2173.800048828125,2121.800048828125,2155.800048828125,2067.1943359375,591980.0,DIVISLAB.NS
2020-02-14,2169.25,2190.0,2135.699951171875,2146.449951171875,2058.228759765625,660382.0,DIVISLAB.NS
2020-02-17,2158.0,2170.0,2133.60009765625,2154.85009765625,2066.283447265625,243414.0,DIVISLAB.NS
2020-02-18,2154.85009765625,2180.199951171875,2142.5,2175.25,2085.844970703125,532206.0,DIVISLAB.NS
2020-02-19,2170.0,2195.0,2155.75,2185.85009765625,2096.00927734375,365113.0,DIVISLAB.NS
2020-02-20,2199.5,2236.39990234375,2156.85009765625,2169.35009765625,2080.187255859375,578488.0,DIVISLAB.NS
2020-02-24,2171.89990234375,2184.800048828125,2147.300048828125,2160.449951171875,2071.6533203125,419664.0,DIVISLAB.NS
2020-02-25,2152.0,2165.0,2093.0,2116.0,2044.1688232421875,572634.0,DIVISLAB.NS
2020-02-26,2116.0,2162.949951171875,2091.10009765625,2142.10009765625,2069.383056640625,578955.0,DIVISLAB.NS
2020-02-27,2148.0,2172.0,2117.050048828125,2156.550048828125,2083.34228515625,569625.0,DIVISLAB.NS
2020-02-28,2140.0,2149.699951171875,2087.25,2106.949951171875,2035.42626953125,1076121.0,DIVISLAB.NS
2020-03-02,2130.0,2164.89990234375,2086.0,2109.25,2037.6483154296875,557614.0,DIVISLAB.NS
2020-03-03,2124.89990234375,2210.0,2063.550048828125,2183.10009765625,2108.991455078125,1399046.0,DIVISLAB.NS
2020-03-04,2183.0,2210.89990234375,2157.75,2174.800048828125,2100.972900390625,634747.0,DIVISLAB.NS
2020-03-05,2175.0,2239.0,2175.0,2223.75,2148.260986328125,1094422.0,DIVISLAB.NS
2020-03-06,2180.0,2249.0,2171.449951171875,2240.050048828125,2164.008056640625,968953.0,DIVISLAB.NS
2020-03-09,2240.0,2258.949951171875,2137.050048828125,2181.75,2107.68701171875,879424.0,DIVISLAB.NS
2020-03-11,2180.800048828125,2194.75,2125.050048828125,2149.199951171875,2076.241943359375,573237.0,DIVISLAB.NS
2020-03-12,2129.0,2129.0,1826.8499755859375,1912.8499755859375,1847.915283203125,1552639.0,DIVISLAB.NS
2020-03-13,1800.0,1993.4000244140625,1626.0,1962.699951171875,1896.072998046875,962602.0,DIVISLAB.NS
2020-03-16,1950.0,1986.0,1871.550048828125,1891.9000244140625,1827.6763916015625,682663.0,DIVISLAB.NS
2020-03-17,1892.0,1963.0999755859375,1872.25,1895.300048828125,1830.9610595703125,1300859.0,DIVISLAB.NS
2020-03-18,1928.0,1933.949951171875,1787.6500244140625,1805.25,1743.968017578125,1076620.0,DIVISLAB.NS
2020-03-19,1720.0,1946.449951171875,1631.050048828125,1870.949951171875,1807.4376220703125,1743757.0,DIVISLAB.NS
2020-03-20,1875.550048828125,2017.1500244140625,1864.4000244140625,1994.9000244140625,1927.18017578125,1881347.0,DIVISLAB.NS
2020-03-23,1849.949951171875,1925.0,1725.550048828125,1851.75,1788.889404296875,1203381.0,DIVISLAB.NS
2020-03-24,1925.0,1975.0,1860.5,1919.949951171875,1854.7742919921875,1285829.0,DIVISLAB.NS
2020-03-25,1900.0,1974.0,1881.0999755859375,1928.050048828125,1862.5992431640625,676624.0,DIVISLAB.NS
2020-03-26,1937.3499755859375,1980.0,1874.0,1883.300048828125,1819.36865234375,596430.0,DIVISLAB.NS
2020-03-27,1930.0,1930.0,1824.75,1862.550048828125,1799.3228759765625,538787.0,DIVISLAB.NS
2020-03-30,1851.0,1929.9000244140625,1832.699951171875,1893.9000244140625,1829.608642578125,606185.0,DIVISLAB.NS
2020-03-31,1943.0,2035.0,1895.0,1989.050048828125,1921.5286865234375,937675.0,DIVISLAB.NS
2020-04-01,2000.0,2000.4000244140625,1844.25,1877.0,1813.2823486328125,1165088.0,DIVISLAB.NS
2020-04-03,1910.0,1940.0,1822.949951171875,1901.050048828125,1836.5159912109375,1219731.0,DIVISLAB.NS
2020-04-07,1960.0,2150.0,1921.25,2067.85009765625,1997.6536865234375,2241715.0,DIVISLAB.NS
2020-04-08,2065.0,2214.60009765625,2040.0999755859375,2168.949951171875,2095.321533203125,1228880.0,DIVISLAB.NS
2020-04-09,2225.0,2467.60009765625,2200.25,2310.89990234375,2232.45263671875,2527934.0,DIVISLAB.NS
2020-04-13,2385.0,2421.0,2285.0,2341.199951171875,2261.724365234375,1782628.0,DIVISLAB.NS
2020-04-15,2371.0,2418.0,2330.0,2395.449951171875,2314.132568359375,1136701.0,DIVISLAB.NS
2020-04-16,2395.39990234375,2448.5,2353.800048828125,2393.199951171875,2311.958984375,1350131.0,DIVISLAB.NS
2020-04-17,2430.0,2449.550048828125,2320.14990234375,2332.199951171875,2253.029541015625,1326979.0,DIVISLAB.NS
2020-04-20,2335.0,2375.0,2296.050048828125,2342.550048828125,2263.02880859375,817776.0,DIVISLAB.NS
2020-04-21,2295.0,2474.449951171875,2295.0,2406.60009765625,2324.904296875,1365316.0,DIVISLAB.NS
2020-04-22,2406.949951171875,2412.949951171875,2363.64990234375,2384.5,2303.554443359375,596850.0,DIVISLAB.NS
2020-04-23,2388.0,2454.300048828125,2376.0,2417.300048828125,2335.240966796875,993530.0,DIVISLAB.NS
2020-04-24,2410.0,2460.0,2390.60009765625,2425.39990234375,2343.066162109375,894214.0,DIVISLAB.NS
2020-04-27,2450.0,2472.39990234375,2394.199951171875,2425.85009765625,2343.500732421875,924358.0,DIVISLAB.NS
2020-04-28,2445.0,2445.0,2349.0,2363.35009765625,2283.122802734375,855492.0,DIVISLAB.NS
2020-04-29,2388.0,2409.0,2352.0,2369.85009765625,2289.40185546875,635110.0,DIVISLAB.NS
2020-04-30,2365.0,2372.699951171875,2300.699951171875,2332.89990234375,2253.7060546875,843162.0,DIVISLAB.NS
2020-05-04,2226.0,2343.949951171875,2226.0,2287.14990234375,2209.50927734375,936799.0,DIVISLAB.NS
2020-05-05,2273.199951171875,2326.0,2273.199951171875,2284.25,2206.707275390625,609756.0,DIVISLAB.NS
2020-05-06,2310.0,2313.85009765625,2241.699951171875,2291.35009765625,2213.56640625,762810.0,DIVISLAB.NS
2020-05-07,2280.35009765625,2310.0,2227.0,2258.85009765625,2182.169921875,498471.0,DIVISLAB.NS
2020-05-08,2271.0,2314.85009765625,2253.10009765625,2300.800048828125,2222.69580078125,641799.0,DIVISLAB.NS
2020-05-11,2319.0,2356.0,2310.050048828125,2326.89990234375,2247.909912109375,654101.0,DIVISLAB.NS
2020-05-12,2330.0,2374.35009765625,2303.050048828125,2363.550048828125,2283.31591796875,676613.0,DIVISLAB.NS
2020-05-13,2388.0,2396.89990234375,2314.0,2339.5,2260.081787109375,538167.0,DIVISLAB.NS
2020-05-14,2329.0,2377.89990234375,2302.0,2366.60009765625,2286.261962890625,413755.0,DIVISLAB.NS
2020-05-15,2376.0,2413.0,2327.35009765625,2335.199951171875,2255.927734375,600190.0,DIVISLAB.NS
2020-05-18,2342.0,2379.0,2318.39990234375,2330.199951171875,2251.097900390625,600640.0,DIVISLAB.NS
2020-05-19,2350.0,2358.0,2307.800048828125,2321.75,2242.9345703125,322942.0,DIVISLAB.NS
2020-05-20,2325.0,2376.699951171875,2311.10009765625,2372.699951171875,2292.15478515625,600994.0,DIVISLAB.NS
2020-05-21,2375.0,2390.5,2333.300048828125,2357.35009765625,2277.326171875,317110.0,DIVISLAB.NS
2020-05-22,2351.0,2375.14990234375,2305.0,2320.0,2241.243896484375,479501.0,DIVISLAB.NS
2020-05-26,2339.949951171875,2344.89990234375,2287.39990234375,2295.699951171875,2217.7685546875,404978.0,DIVISLAB.NS
2020-05-27,2305.0,2320.0,2260.0,2290.39990234375,2212.64892578125,720014.0,DIVISLAB.NS
2020-05-28,2295.5,2300.0,2255.35009765625,2285.10009765625,2207.528564453125,392876.0,DIVISLAB.NS
2020-05-29,2285.0,2408.10009765625,2262.300048828125,2390.10009765625,2308.96435546875,1000264.0,DIVISLAB.NS
2020-06-01,2402.10009765625,2492.89990234375,2360.0,2480.050048828125,2395.86083984375,1128386.0,DIVISLAB.NS
2020-06-02,2500.0,2537.949951171875,2400.0,2411.0,2329.155029296875,1305076.0,DIVISLAB.NS
2020-06-03,2420.0,2442.0,2367.199951171875,2382.199951171875,2301.332763671875,888450.0,DIVISLAB.NS
2020-06-04,2392.0,2439.0,2385.0,2421.14990234375,2338.96044921875,704299.0,DIVISLAB.NS
2020-06-05,2429.449951171875,2476.0,2415.75,2460.050048828125,2376.53955078125,770517.0,DIVISLAB.NS
2020-06-08,2472.0,2472.0,2337.0,2413.050048828125,2331.13525390625,1943064.0,DIVISLAB.NS
2020-06-09,2400.0,2456.89990234375,2400.0,2421.800048828125,2339.58837890625,1215283.0,DIVISLAB.NS
2020-06-10,2412.0,2444.0,2376.0,2394.64990234375,2313.359619140625,702873.0,DIVISLAB.NS
2020-06-11,2394.64990234375,2417.35009765625,2347.0,2356.300048828125,2276.311767578125,470891.0,DIVISLAB.NS
2020-06-12,2310.0,2400.300048828125,2302.89990234375,2395.10009765625,2313.794921875,589371.0,DIVISLAB.NS
2020-06-15,2408.949951171875,2449.60009765625,2322.449951171875,2335.050048828125,2255.783203125,1261564.0,DIVISLAB.NS
2020-06-16,2352.0,2365.0,2285.0,2320.35009765625,2241.58251953125,660650.0,DIVISLAB.NS
2020-06-17,2329.050048828125,2337.85009765625,2292.300048828125,2300.10009765625,2222.01953125,699526.0,DIVISLAB.NS
2020-06-18,2305.89990234375,2332.0,2296.550048828125,2310.449951171875,2232.01806640625,304464.0,DIVISLAB.NS
2020-06-19,2318.699951171875,2330.0,2286.0,2304.75,2226.51171875,728257.0,DIVISLAB.NS
2020-06-22,2335.0,2369.0,2317.0,2349.25,2269.500732421875,445228.0,DIVISLAB.NS
2020-06-23,2360.0,2401.050048828125,2322.0,2380.050048828125,2299.255615234375,838016.0,DIVISLAB.NS
2020-06-24,2395.0,2412.0,2331.5,2341.35009765625,2261.86962890625,501579.0,DIVISLAB.NS
2020-06-25,2340.550048828125,2378.0,2325.35009765625,2330.449951171875,2251.33935546875,316334.0,DIVISLAB.NS
2020-06-26,2344.0,2381.89990234375,2332.550048828125,2350.75,2270.950439453125,497117.0,DIVISLAB.NS
2020-06-29,2359.550048828125,2368.0,2308.10009765625,2316.60009765625,2237.959716796875,519075.0,DIVISLAB.NS
2020-06-30,2334.949951171875,2334.949951171875,2267.0,2278.89990234375,2201.539306640625,684233.0,DIVISLAB.NS
2020-07-01,2284.0,2284.0,2233.0,2241.25,2165.167236328125,788450.0,DIVISLAB.NS
2020-07-02,2100.0,2242.0,2090.050048828125,2196.64990234375,2122.081298828125,4392566.0,DIVISLAB.NS
2020-07-03,2206.0,2248.5,2181.10009765625,2190.449951171875,2116.092041015625,1516409.0,DIVISLAB.NS
2020-07-06,2219.89990234375,2219.89990234375,2157.0,2161.10009765625,2087.73828125,932519.0,DIVISLAB.NS
2020-07-07,2179.5,2207.0,2147.0,2184.5,2110.343505859375,1348625.0,DIVISLAB.NS
2020-07-08,2174.0,2213.0,2141.050048828125,2163.5,2090.056640625,1586276.0,DIVISLAB.NS
2020-07-09,2171.0,2193.85009765625,2153.0,2176.35009765625,2102.470703125,819353.0,DIVISLAB.NS
2020-07-10,2184.35009765625,2226.60009765625,2160.0,2203.10009765625,2128.3125,1011412.0,DIVISLAB.NS
2020-07-13,2220.0,2240.0,2197.199951171875,2235.14990234375,2159.274169921875,600585.0,DIVISLAB.NS
2020-07-14,2243.5,2256.60009765625,2211.300048828125,2218.14990234375,2142.85107421875,811086.0,DIVISLAB.NS
2020-07-15,2219.0,2245.0,2214.14990234375,2225.300048828125,2149.7587890625,1234453.0,DIVISLAB.NS
2020-07-16,2239.0,2242.0,2193.25,2204.5,2129.664794921875,833354.0,DIVISLAB.NS
2020-07-17,2200.0,2274.550048828125,2177.050048828125,2263.39990234375,2186.56494140625,1233698.0,DIVISLAB.NS
2020-07-20,2280.0,2314.0,2241.550048828125,2298.75,2220.71533203125,1650713.0,DIVISLAB.NS
2020-07-21,2305.0,2327.0,2277.0,2282.25,2204.775634765625,549204.0,DIVISLAB.NS
2020-07-22,2293.0,2307.0,2245.75,2261.75,2184.97119140625,314826.0,DIVISLAB.NS
2020-07-23,2285.0,2408.85009765625,2274.64990234375,2397.449951171875,2316.06494140625,2533883.0,DIVISLAB.NS
2020-07-24,2390.0,2433.199951171875,2328.0,2349.10009765625,2269.356201171875,1234340.0,DIVISLAB.NS
2020-07-27,2350.0,2395.0,2320.199951171875,2361.89990234375,2281.7216796875,915026.0,DIVISLAB.NS
2020-07-28,2363.0,2391.14990234375,2332.0,2341.550048828125,2262.0625,1049978.0,DIVISLAB.NS
2020-07-29,2356.10009765625,2435.0,2342.300048828125,2423.64990234375,2341.375244140625,937679.0,DIVISLAB.NS
2020-07-30,2434.949951171875,2577.14990234375,2430.5,2562.35009765625,2475.366943359375,3392829.0,DIVISLAB.NS
2020-07-31,2570.0,2645.60009765625,2557.0,2616.550048828125,2527.727294921875,2698997.0,DIVISLAB.NS
2020-08-03,2621.60009765625,2731.0,2605.64990234375,2641.75,2552.07177734375,2802784.0,DIVISLAB.NS
2020-08-04,2675.0,2706.699951171875,2602.050048828125,2690.550048828125,2599.21533203125,1260214.0,DIVISLAB.NS
2020-08-05,2700.0,2716.60009765625,2641.0,2667.75,2577.18896484375,1237767.0,DIVISLAB.NS
2020-08-06,2682.0,2753.0,2662.699951171875,2738.050048828125,2645.1025390625,1340401.0,DIVISLAB.NS
2020-08-07,2748.0,2820.0,2722.39990234375,2784.85009765625,2690.314208984375,1448742.0,DIVISLAB.NS
2020-08-10,3063.300048828125,3293.0,3063.300048828125,3117.800048828125,3011.961181640625,6015324.0,DIVISLAB.NS
2020-08-11,3139.949951171875,3168.75,3087.0,3131.449951171875,3025.14794921875,2731072.0,DIVISLAB.NS
2020-08-12,3122.0,3131.0,3012.10009765625,3117.0,3011.1884765625,2244001.0,DIVISLAB.NS
2020-08-13,3110.0,3180.0,3093.64990234375,3125.5,3019.39990234375,1916602.0,DIVISLAB.NS
2020-08-14,3135.0,3185.0,3060.10009765625,3089.800048828125,2984.911865234375,1959949.0,DIVISLAB.NS
2020-08-17,3120.0,3139.0,3071.35009765625,3129.550048828125,3023.3125,1194516.0,DIVISLAB.NS
2020-08-18,3129.85009765625,3160.0,3095.0,3150.85009765625,3043.889892578125,1416520.0,DIVISLAB.NS
2020-08-19,3166.64990234375,3190.0,3140.449951171875,3159.60009765625,3052.342529296875,1002926.0,DIVISLAB.NS
2020-08-20,3130.10009765625,3207.0,3121.10009765625,3189.300048828125,3081.0341796875,1018936.0,DIVISLAB.NS
2020-08-21,3256.0,3335.0,3222.64990234375,3247.35009765625,3137.11376953125,3851456.0,DIVISLAB.NS
2020-08-24,3269.5,3280.0,3211.85009765625,3240.199951171875,3130.206298828125,842857.0,DIVISLAB.NS
2020-08-25,3254.75,3268.949951171875,3220.64990234375,3245.89990234375,3135.712646484375,887308.0,DIVISLAB.NS
2020-08-26,3248.89990234375,3262.14990234375,3182.75,3196.800048828125,3088.27978515625,700169.0,DIVISLAB.NS
2020-08-27,3200.0,3278.0,3185.0,3268.449951171875,3157.4970703125,1013525.0,DIVISLAB.NS
2020-08-28,3280.0,3297.89990234375,3259.0,3272.85009765625,3161.748046875,636688.0,DIVISLAB.NS
2020-08-31,3285.0,3293.949951171875,3094.85009765625,3122.800048828125,3016.7919921875,1472451.0,DIVISLAB.NS
2020-09-01,3114.0,3260.39990234375,3101.300048828125,3231.10009765625,3121.41552734375,981942.0,DIVISLAB.NS
2020-09-02,3247.300048828125,3340.0,3240.0,3330.699951171875,3217.634033203125,992629.0,DIVISLAB.NS
2020-09-03,3330.0,3349.39990234375,3272.35009765625,3282.5,3171.0703125,829828.0,DIVISLAB.NS
2020-09-04,3241.0,3320.949951171875,3209.0,3223.14990234375,3113.735107421875,867200.0,DIVISLAB.NS
2020-09-07,3243.300048828125,3248.60009765625,3170.0,3199.10009765625,3090.50146484375,582355.0,DIVISLAB.NS
2020-09-08,3209.0,3216.0,3095.0,3112.60009765625,3006.93798828125,687872.0,DIVISLAB.NS
2020-09-09,3090.0,3169.449951171875,3080.0,3157.10009765625,3049.927490234375,904326.0,DIVISLAB.NS
2020-09-10,3160.0,3185.0,3125.050048828125,3156.550048828125,3049.39599609375,503343.0,DIVISLAB.NS
2020-09-11,3157.60009765625,3172.35009765625,3118.0,3146.64990234375,3039.832275390625,464651.0,DIVISLAB.NS
2020-09-14,3169.60009765625,3227.64990234375,3133.699951171875,3164.800048828125,3057.365966796875,773804.0,DIVISLAB.NS
2020-09-15,3175.0,3250.0,3166.25,3184.949951171875,3076.831787109375,1365374.0,DIVISLAB.NS
2020-09-16,3181.10009765625,3274.0,3179.0,3244.35009765625,3134.21533203125,1064745.0,DIVISLAB.NS
2020-09-17,3244.050048828125,3264.199951171875,3200.0,3211.14990234375,3102.142333984375,688789.0,DIVISLAB.NS
2020-09-18,3230.0,3389.0,3228.0,3344.39990234375,3230.868896484375,3362844.0,DIVISLAB.NS
2020-09-21,3350.949951171875,3374.25,3120.050048828125,3158.800048828125,3051.56982421875,1585478.0,DIVISLAB.NS
2020-09-22,3160.0,3273.800048828125,3042.550048828125,3236.60009765625,3126.728759765625,1855832.0,DIVISLAB.NS
2020-09-23,3253.75,3290.39990234375,3129.0,3147.550048828125,3040.701416015625,1499849.0,DIVISLAB.NS
2020-09-24,3090.0,3151.800048828125,2985.0,3020.449951171875,2917.916015625,6257683.0,DIVISLAB.NS
2020-09-25,3060.0,3108.0,3004.64990234375,3060.75,2956.847900390625,1594964.0,DIVISLAB.NS
2020-09-28,3100.0,3130.0,3021.64990234375,3097.14990234375,2992.01220703125,1269287.0,DIVISLAB.NS
2020-09-29,3100.0,3139.0,3048.64990234375,3061.89990234375,2957.958740234375,1187338.0,DIVISLAB.NS
2020-09-30,3089.0,3135.0,3040.0,3047.949951171875,2944.482421875,1416088.0,DIVISLAB.NS
2020-10-01,3060.0,3097.699951171875,3052.14990234375,3064.89990234375,2960.857177734375,740845.0,DIVISLAB.NS
2020-10-05,3080.0,3145.0,3049.050048828125,3126.199951171875,3020.076171875,1059411.0,DIVISLAB.NS
2020-10-06,3160.0,3184.800048828125,3141.449951171875,3162.60009765625,3055.24072265625,1403318.0,DIVISLAB.NS
2020-10-07,3190.0,3217.89990234375,3151.14990234375,3181.89990234375,3073.88525390625,1304014.0,DIVISLAB.NS
2020-10-08,3188.0,3255.0,3172.300048828125,3231.449951171875,3121.753173828125,1003283.0,DIVISLAB.NS
2020-10-09,3255.0,3269.89990234375,3180.10009765625,3190.0,3081.71044921875,952505.0,DIVISLAB.NS
2020-10-12,3192.300048828125,3215.0,3152.050048828125,3207.25,3098.374755859375,1176234.0,DIVISLAB.NS
2020-10-13,3214.0,3248.0,3121.10009765625,3139.14990234375,3032.58642578125,1080242.0,DIVISLAB.NS
2020-10-14,3156.0,3162.0,3103.0,3130.449951171875,3024.181884765625,792943.0,DIVISLAB.NS
2020-10-15,3140.0,3150.0,3045.0,3111.39990234375,3005.7783203125,992780.0,DIVISLAB.NS
2020-10-16,3114.89990234375,3232.89990234375,3114.89990234375,3222.699951171875,3113.300537109375,1664500.0,DIVISLAB.NS
2020-10-19,3235.0,3246.89990234375,3085.0,3093.39990234375,2988.389404296875,1329702.0,DIVISLAB.NS
2020-10-20,3102.0,3128.75,3071.0,3085.75,2980.999267578125,1348612.0,DIVISLAB.NS
2020-10-21,3098.0,3125.0,3015.0,3078.949951171875,2974.430419921875,1234195.0,DIVISLAB.NS
2020-10-22,3078.949951171875,3106.050048828125,3031.0,3093.5,2988.486328125,899754.0,DIVISLAB.NS
2020-10-23,3109.0,3144.0,3062.64990234375,3068.85009765625,2964.67333984375,1214597.0,DIVISLAB.NS
2020-10-26,3080.89990234375,3081.39990234375,3020.10009765625,3042.14990234375,2938.87939453125,772978.0,DIVISLAB.NS
2020-10-27,3060.0,3178.550048828125,3044.0,3156.85009765625,3049.685791015625,1602501.0,DIVISLAB.NS
2020-10-28,3159.75,3210.89990234375,3110.0,3131.449951171875,3025.14794921875,1412166.0,DIVISLAB.NS
2020-10-29,3121.449951171875,3159.64990234375,3091.60009765625,3107.60009765625,3002.107666015625,729760.0,DIVISLAB.NS
2020-10-30,3111.0,3160.0,3053.699951171875,3142.050048828125,3035.388427734375,1330322.0,DIVISLAB.NS
2020-11-02,3121.14990234375,3134.89990234375,3040.300048828125,3048.64990234375,2945.158447265625,977309.0,DIVISLAB.NS
2020-11-03,3060.0,3117.5,3058.5,3089.89990234375,2985.00830078125,724215.0,DIVISLAB.NS
2020-11-04,3120.75,3210.10009765625,3105.14990234375,3196.199951171875,3087.69970703125,1479510.0,DIVISLAB.NS
2020-11-05,3210.89990234375,3242.0,3168.10009765625,3209.0,3100.0654296875,1169897.0,DIVISLAB.NS
2020-11-06,3210.0,3264.800048828125,3186.5,3237.25,3127.3564453125,1234138.0,DIVISLAB.NS
2020-11-09,3415.050048828125,3463.39990234375,3345.64990234375,3423.75,3307.525634765625,7053871.0,DIVISLAB.NS
2020-11-10,3423.60009765625,3423.60009765625,3239.14990234375,3263.39990234375,3152.618896484375,2531351.0,DIVISLAB.NS
2020-11-11,3300.0,3372.199951171875,3282.050048828125,3353.14990234375,3239.32177734375,2007813.0,DIVISLAB.NS
2020-11-12,3336.0,3408.75,3303.14990234375,3367.050048828125,3252.75048828125,1258544.0,DIVISLAB.NS
2020-11-13,3370.0,3450.0,3368.199951171875,3432.949951171875,3316.4130859375,1346031.0,DIVISLAB.NS
2020-11-14,3464.199951171875,3464.199951171875,3438.75,3444.949951171875,3328.005615234375,124536.0,DIVISLAB.NS
2020-11-17,3460.0,3490.0,3395.0,3427.0,3310.66552734375,1652851.0,DIVISLAB.NS
2020-11-18,3440.0,3462.0,3410.39990234375,3451.800048828125,3334.623046875,817107.0,DIVISLAB.NS
2020-11-19,3436.0,3499.0,3406.300048828125,3435.050048828125,3318.442138671875,1130621.0,DIVISLAB.NS
2020-11-20,3442.0,3490.0,3425.0,3469.10009765625,3351.336181640625,1058905.0,DIVISLAB.NS
2020-11-23,3486.39990234375,3637.800048828125,3470.5,3546.300048828125,3425.91552734375,2306539.0,DIVISLAB.NS
2020-11-24,3609.949951171875,3609.949951171875,3493.0,3537.050048828125,3416.9794921875,1608159.0,DIVISLAB.NS
2020-11-25,3567.949951171875,3568.89990234375,3450.0,3469.449951171875,3351.67431640625,736967.0,DIVISLAB.NS
2020-11-26,3485.5,3565.0,3465.0,3544.300048828125,3423.9833984375,963570.0,DIVISLAB.NS
2020-11-27,3547.0,3659.89990234375,3509.75,3605.10009765625,3482.71923828125,5745633.0,DIVISLAB.NS
2020-12-01,3770.0,3770.0,3596.60009765625,3620.75,3497.838134765625,2077864.0,DIVISLAB.NS
2020-12-02,3622.0,3654.85009765625,3615.0,3639.550048828125,3516.0,755137.0,DIVISLAB.NS
2020-12-03,3655.0,3724.89990234375,3636.10009765625,3692.35009765625,3567.00732421875,940122.0,DIVISLAB.NS
2020-12-04,3710.85009765625,3739.0,3665.0,3711.949951171875,3585.94189453125,1043566.0,DIVISLAB.NS
2020-12-07,3704.0,3741.949951171875,3663.449951171875,3717.550048828125,3591.35205078125,1086712.0,DIVISLAB.NS
2020-12-08,3717.550048828125,3749.0,3676.60009765625,3690.0,3564.737060546875,750038.0,DIVISLAB.NS
2020-12-09,3710.0,3736.0,3695.60009765625,3725.39990234375,3598.935302734375,653837.0,DIVISLAB.NS
2020-12-10,3724.89990234375,3763.0,3706.75,3732.25,3605.552734375,638946.0,DIVISLAB.NS
2020-12-11,3730.0,3740.0,3622.39990234375,3642.10009765625,3518.463134765625,1322763.0,DIVISLAB.NS
2020-12-14,3650.0,3669.75,3584.60009765625,3599.800048828125,3477.599365234375,858167.0,DIVISLAB.NS
2020-12-15,3620.0,3652.10009765625,3606.449951171875,3628.39990234375,3505.22802734375,678172.0,DIVISLAB.NS
2020-12-16,3652.199951171875,3727.0,3636.0,3717.89990234375,3591.690185546875,1097589.0,DIVISLAB.NS
2020-12-17,3711.300048828125,3854.199951171875,3711.300048828125,3824.699951171875,3694.864501953125,2080618.0,DIVISLAB.NS
2020-12-18,3837.300048828125,3859.0,3782.0,3832.89990234375,3702.7861328125,1336810.0,DIVISLAB.NS
2020-12-21,3789.0,3803.949951171875,3543.800048828125,3634.14990234375,3510.782958984375,1845053.0,DIVISLAB.NS
2020-12-22,3658.949951171875,3739.10009765625,3601.89990234375,3720.949951171875,3594.636474609375,1501765.0,DIVISLAB.NS
2020-12-23,3709.60009765625,3715.0,3660.0,3688.60009765625,3563.384765625,915202.0,DIVISLAB.NS
2020-12-24,3705.0,3757.0,3692.050048828125,3749.60009765625,3622.314208984375,656706.0,DIVISLAB.NS
2020-12-28,3760.0,3783.35009765625,3738.0,3766.0,3638.1572265625,387691.0,DIVISLAB.NS
2020-12-29,3783.0,3829.699951171875,3765.0,3784.199951171875,3655.7392578125,834002.0,DIVISLAB.NS
2020-12-30,3790.0,3820.0,3760.85009765625,3799.699951171875,3670.713134765625,407940.0,DIVISLAB.NS
2020-12-31,3787.0,3850.0,3786.85009765625,3841.89990234375,3711.480712890625,646191.0,DIVISLAB.NS
2021-01-01,3839.0,3867.89990234375,3817.85009765625,3849.050048828125,3718.3876953125,344329.0,DIVISLAB.NS
2021-01-04,3853.0,3914.949951171875,3849.0,3862.25,3731.14013671875,578164.0,DIVISLAB.NS
2021-01-05,3858.25,3880.5,3804.050048828125,3842.10009765625,3711.67431640625,621125.0,DIVISLAB.NS
2021-01-06,3847.0,3889.300048828125,3815.550048828125,3879.85009765625,3748.142578125,486212.0,DIVISLAB.NS
2021-01-07,3890.0,3904.0,3791.0,3803.050048828125,3673.94970703125,731225.0,DIVISLAB.NS
2021-01-08,3819.0,3868.699951171875,3810.10009765625,3859.14990234375,3728.144775390625,594069.0,DIVISLAB.NS
2021-01-11,3884.89990234375,3888.949951171875,3805.5,3822.39990234375,3692.642822265625,581207.0,DIVISLAB.NS
2021-01-12,3822.949951171875,3831.85009765625,3741.0,3767.5,3639.6064453125,758091.0,DIVISLAB.NS
2021-01-13,3788.5,3792.199951171875,3675.75,3719.39990234375,3593.138916015625,1142472.0,DIVISLAB.NS
2021-01-14,3738.39990234375,3740.0,3684.0,3724.699951171875,3598.25927734375,826368.0,DIVISLAB.NS
2021-01-15,3760.0,3762.800048828125,3633.0,3644.800048828125,3521.071533203125,1048279.0,DIVISLAB.NS
2021-01-18,3640.0,3659.0,3551.0,3565.300048828125,3444.270263671875,952462.0,DIVISLAB.NS
2021-01-19,3576.0,3631.0,3555.199951171875,3599.449951171875,3477.260986328125,834021.0,DIVISLAB.NS
2021-01-20,3630.0,3666.10009765625,3597.050048828125,3605.699951171875,3483.298583984375,730498.0,DIVISLAB.NS
2021-01-21,3650.0,3650.0,3590.0,3604.60009765625,3482.236572265625,706058.0,DIVISLAB.NS
2021-01-22,3604.60009765625,3613.75,3530.0,3544.699951171875,3424.369873046875,720287.0,DIVISLAB.NS
2021-01-25,3562.0,3589.39990234375,3481.699951171875,3569.050048828125,3447.892822265625,926197.0,DIVISLAB.NS
2021-01-27,3594.89990234375,3600.0,3469.89990234375,3483.050048828125,3364.8125,944951.0,DIVISLAB.NS
2021-01-28,3460.0,3496.699951171875,3410.0,3429.75,3313.322021484375,717703.0,DIVISLAB.NS
2021-01-29,3450.0,3458.0,3360.10009765625,3369.85009765625,3255.45556640625,1015705.0,DIVISLAB.NS
2021-02-01,3418.0,3520.0,3311.39990234375,3463.60009765625,3346.0224609375,998291.0,DIVISLAB.NS
2021-02-02,3540.0,3567.699951171875,3446.10009765625,3548.60009765625,3428.137451171875,1624774.0,DIVISLAB.NS
2021-02-03,3590.0,3716.89990234375,3561.25,3680.25,3555.318359375,1693164.0,DIVISLAB.NS
2021-02-04,3713.949951171875,3724.75,3651.0,3678.89990234375,3554.01416015625,908879.0,DIVISLAB.NS
2021-02-05,3699.0,3859.800048828125,3665.050048828125,3822.449951171875,3692.690673828125,2152555.0,DIVISLAB.NS
2021-02-08,3799.0,3888.0,3650.0,3781.85009765625,3653.46923828125,2744564.0,DIVISLAB.NS
2021-02-09,3783.050048828125,3841.25,3705.050048828125,3722.75,3596.37548828125,1319497.0,DIVISLAB.NS
2021-02-10,3740.0,3760.0,3675.39990234375,3750.35009765625,3623.038330078125,953446.0,DIVISLAB.NS
2021-02-11,3719.60009765625,3764.699951171875,3712.0,3753.85009765625,3626.419921875,422563.0,DIVISLAB.NS
2021-02-12,3753.85009765625,3753.85009765625,3695.14990234375,3719.39990234375,3593.138916015625,561226.0,DIVISLAB.NS
2021-02-15,3721.0,3749.75,3702.0,3711.050048828125,3585.07275390625,426787.0,DIVISLAB.NS
2021-02-16,3711.050048828125,3719.449951171875,3666.0,3686.5,3561.35595703125,392393.0,DIVISLAB.NS
2021-02-17,3672.0,3675.0,3590.0,3615.25,3492.5244140625,691346.0,DIVISLAB.NS
2021-02-18,3596.0,3648.0,3573.0,3587.64990234375,3465.86181640625,884937.0,DIVISLAB.NS
2021-02-19,3588.0,3605.0,3490.0,3523.199951171875,3403.599609375,745416.0,DIVISLAB.NS
2021-02-22,3510.0,3563.0,3475.0,3496.64990234375,3377.950927734375,846786.0,DIVISLAB.NS
2021-02-23,3485.0,3519.0,3440.85009765625,3448.25,3331.19384765625,511326.0,DIVISLAB.NS
2021-02-24,3496.89990234375,3509.800048828125,3412.39990234375,3480.050048828125,3361.914306640625,409153.0,DIVISLAB.NS
2021-02-25,3477.25,3513.5,3432.0,3440.050048828125,3323.27197265625,876984.0,DIVISLAB.NS
2021-02-26,3419.5,3485.89990234375,3326.39990234375,3363.10009765625,3248.934326171875,1701176.0,DIVISLAB.NS
2021-03-01,3396.699951171875,3485.0,3381.35009765625,3461.550048828125,3344.042236328125,660836.0,DIVISLAB.NS
2021-03-02,3470.0,3521.949951171875,3455.5,3516.89990234375,3397.513427734375,724413.0,DIVISLAB.NS
2021-03-03,3560.0,3573.199951171875,3500.550048828125,3565.14990234375,3444.12548828125,725617.0,DIVISLAB.NS
2021-03-04,3550.0,3571.0,3494.050048828125,3553.449951171875,3432.822509765625,640664.0,DIVISLAB.NS
2021-03-05,3518.0,3550.0,3490.0,3496.89990234375,3378.1923828125,390702.0,DIVISLAB.NS
2021-03-08,3522.35009765625,3548.949951171875,3501.0,3507.699951171875,3388.625244140625,372681.0,DIVISLAB.NS
2021-03-09,3567.800048828125,3567.800048828125,3461.5,3503.199951171875,3384.278564453125,442271.0,DIVISLAB.NS
2021-03-10,3510.0,3543.85009765625,3482.25,3528.10009765625,3408.33349609375,421799.0,DIVISLAB.NS
2021-03-12,3532.5,3564.85009765625,3503.550048828125,3512.050048828125,3392.828125,600323.0,DIVISLAB.NS
2021-03-15,3526.0,3526.0,3371.0,3411.0,3295.208251953125,834264.0,DIVISLAB.NS
2021-03-16,3429.89990234375,3436.0,3361.050048828125,3378.25,3263.570068359375,793917.0,DIVISLAB.NS
2021-03-17,3390.0,3392.35009765625,3345.10009765625,3378.300048828125,3263.618408203125,547364.0,DIVISLAB.NS
2021-03-18,3398.949951171875,3398.949951171875,3255.10009765625,3272.89990234375,3161.796142578125,622941.0,DIVISLAB.NS
2021-03-19,3272.0,3406.550048828125,3153.300048828125,3370.300048828125,3255.889892578125,1744235.0,DIVISLAB.NS
2021-03-22,3371.35009765625,3444.0,3350.550048828125,3405.949951171875,3290.32958984375,748535.0,DIVISLAB.NS
2021-03-23,3418.0,3509.89990234375,3403.050048828125,3495.949951171875,3377.2744140625,787152.0,DIVISLAB.NS
2021-03-24,3495.949951171875,3545.0,3457.050048828125,3481.14990234375,3362.976806640625,762599.0,DIVISLAB.NS
2021-03-25,3494.0,3494.10009765625,3391.0,3450.199951171875,3333.077392578125,738392.0,DIVISLAB.NS
2021-03-26,3450.0,3509.949951171875,3411.800048828125,3464.949951171875,3347.32666015625,504226.0,DIVISLAB.NS
2021-03-30,3500.0,3600.0,3480.050048828125,3584.25,3462.5771484375,732578.0,DIVISLAB.NS
2021-03-31,3600.0,3640.64990234375,3581.0,3622.800048828125,3499.818603515625,883699.0,DIVISLAB.NS
2021-04-01,3618.0,3639.0,3603.0,3616.10009765625,3493.345703125,247000.0,DIVISLAB.NS
2021-04-05,3616.10009765625,3681.0,3561.64990234375,3611.050048828125,3488.46728515625,880667.0,DIVISLAB.NS
2021-04-06,3605.0,3698.25,3584.0,3688.10009765625,3562.90185546875,490057.0,DIVISLAB.NS
2021-04-07,3701.0,3734.0,3691.60009765625,3698.949951171875,3573.383544921875,415385.0,DIVISLAB.NS
2021-04-08,3698.550048828125,3799.89990234375,3681.5,3715.14990234375,3589.033447265625,752343.0,DIVISLAB.NS
2021-04-09,3718.5,3782.550048828125,3680.0,3752.35009765625,3624.970947265625,1247594.0,DIVISLAB.NS
2021-04-12,3760.0,3898.0,3675.199951171875,3779.64990234375,3651.343994140625,1959252.0,DIVISLAB.NS
2021-04-13,3847.0,3850.0,3702.0,3718.449951171875,3592.221435546875,606699.0,DIVISLAB.NS
2021-04-15,3745.5,3819.89990234375,3695.550048828125,3783.39990234375,3654.966796875,850076.0,DIVISLAB.NS
2021-04-16,3790.0,3845.0,3733.39990234375,3821.85009765625,3692.111328125,681099.0,DIVISLAB.NS
2021-04-19,3812.0,3849.85009765625,3756.0,3807.10009765625,3677.8623046875,777986.0,DIVISLAB.NS
2021-04-20,3815.0,3848.89990234375,3750.0,3779.699951171875,3651.391845703125,594570.0,DIVISLAB.NS
2021-04-22,3770.0,3812.050048828125,3742.199951171875,3755.25,3627.77197265625,619485.0,DIVISLAB.NS
2021-04-23,3751.0,3829.64990234375,3739.0,3779.75,3651.440673828125,733544.0,DIVISLAB.NS
2021-04-26,3782.0,3842.5,3770.449951171875,3784.35009765625,3655.88427734375,568028.0,DIVISLAB.NS
2021-04-27,3818.35009765625,3925.0,3786.0,3908.949951171875,3776.254638671875,804123.0,DIVISLAB.NS
2021-04-28,3944.14990234375,3966.550048828125,3870.0,3882.60009765625,3750.79931640625,911739.0,DIVISLAB.NS
2021-04-29,3882.0,3947.25,3856.0,3910.85009765625,3778.090576171875,653122.0,DIVISLAB.NS
2021-04-30,3910.0,4135.0,3909.60009765625,4062.35009765625,3924.447509765625,2499026.0,DIVISLAB.NS
2021-05-03,4061.800048828125,4147.2998046875,4025.050048828125,4074.0,3935.701416015625,1014865.0,DIVISLAB.NS
2021-05-04,4098.9501953125,4102.5,3962.050048828125,3985.35009765625,3850.06103515625,492286.0,DIVISLAB.NS
2021-05-05,3999.0,4064.550048828125,3975.0,4035.449951171875,3898.460205078125,671260.0,DIVISLAB.NS
2021-05-06,4050.0,4084.39990234375,4018.0,4063.050048828125,3925.123291015625,423190.0,DIVISLAB.NS
2021-05-07,4068.60009765625,4087.64990234375,4019.300048828125,4029.10009765625,3892.325927734375,305011.0,DIVISLAB.NS
2021-05-10,4052.0,4205.0,4042.10009765625,4139.2998046875,3998.78515625,1238763.0,DIVISLAB.NS
2021-05-11,4120.10009765625,4171.2001953125,4055.10009765625,4073.60009765625,3935.315185546875,483699.0,DIVISLAB.NS
2021-05-12,4078.89990234375,4123.14990234375,4045.0,4061.449951171875,3923.577392578125,567640.0,DIVISLAB.NS
2021-05-14,4090.0,4108.0,4006.5,4020.550048828125,3884.066162109375,481350.0,DIVISLAB.NS
2021-05-17,4020.0,4067.0,4020.0,4043.25,3905.99560546875,305324.0,DIVISLAB.NS
2021-05-18,4060.0,4074.85009765625,4018.0,4023.949951171875,3887.350830078125,404311.0,DIVISLAB.NS
2021-05-19,4035.0,4059.0,4002.0,4039.64990234375,3902.517578125,545721.0,DIVISLAB.NS
2021-05-20,4049.64990234375,4059.0,3964.35009765625,4040.800048828125,3903.62890625,382877.0,DIVISLAB.NS
2021-05-21,4041.800048828125,4110.0,4041.800048828125,4079.89990234375,3941.4013671875,426797.0,DIVISLAB.NS
2021-05-24,4092.14990234375,4165.0,4072.35009765625,4097.2001953125,3958.114501953125,591556.0,DIVISLAB.NS
2021-05-25,4117.2001953125,4137.5,4085.050048828125,4097.85009765625,3958.741943359375,235870.0,DIVISLAB.NS
2021-05-26,4108.75,4120.0,4055.0,4098.60009765625,3959.466796875,344734.0,DIVISLAB.NS
2021-05-27,4100.0,4126.0,4057.25,4079.199951171875,3940.72509765625,781730.0,DIVISLAB.NS
2021-05-28,4092.0,4147.64990234375,4078.550048828125,4120.25,3980.381591796875,483595.0,DIVISLAB.NS
2021-05-31,4190.0,4284.2001953125,4110.0,4194.0,4051.628173828125,3090619.0,DIVISLAB.NS
2021-06-01,4205.0,4227.10009765625,4155.0498046875,4220.10009765625,4076.84228515625,652655.0,DIVISLAB.NS
2021-06-02,4215.89990234375,4255.5,4201.0,4214.25,4071.1904296875,603352.0,DIVISLAB.NS
2021-06-03,4231.0,4244.0,4208.0,4232.2001953125,4088.531494140625,382915.0,DIVISLAB.NS
2021-06-04,4233.60009765625,4277.89990234375,4217.5498046875,4261.60009765625,4116.93359375,389667.0,DIVISLAB.NS
2021-06-07,4264.14990234375,4299.0,4220.0,4229.9501953125,4086.358154296875,429298.0,DIVISLAB.NS
2021-06-08,4229.9501953125,4259.10009765625,4201.7998046875,4241.2001953125,4097.22607421875,366017.0,DIVISLAB.NS
2021-06-09,4250.0,4315.0,4230.2001953125,4267.4501953125,4122.5849609375,480787.0,DIVISLAB.NS
2021-06-10,4275.0,4425.0,4275.0,4372.5498046875,4224.11669921875,1275478.0,DIVISLAB.NS
2021-06-11,4372.0,4397.0,4325.0,4334.5,4187.35791015625,574413.0,DIVISLAB.NS
2021-06-14,4334.64990234375,4410.0,4311.0,4388.0498046875,4239.09033203125,540274.0,DIVISLAB.NS
2021-06-15,4398.0,4415.35009765625,4296.2001953125,4313.0498046875,4166.63720703125,798680.0,DIVISLAB.NS
2021-06-16,4319.60009765625,4330.25,4282.85009765625,4300.7001953125,4154.7060546875,358040.0,DIVISLAB.NS
2021-06-17,4300.7001953125,4324.4501953125,4271.0,4302.35009765625,4156.2998046875,205565.0,DIVISLAB.NS
2021-06-18,4302.5,4363.9501953125,4146.5,4197.2998046875,4054.81591796875,1586031.0,DIVISLAB.NS
2021-06-21,4190.0,4238.85009765625,4162.0,4229.10009765625,4085.537109375,294121.0,DIVISLAB.NS
2021-06-22,4234.7998046875,4297.75,4218.9501953125,4288.75,4143.1611328125,377841.0,DIVISLAB.NS
2021-06-23,4300.0,4310.2001953125,4221.25,4224.60009765625,4081.189453125,268303.0,DIVISLAB.NS
2021-06-24,4235.0,4259.7001953125,4195.0498046875,4250.35009765625,4106.0654296875,389303.0,DIVISLAB.NS
2021-06-25,4254.64990234375,4289.0,4240.25,4248.75,4104.51953125,215936.0,DIVISLAB.NS
2021-06-28,4251.0,4349.0,4251.0,4314.39990234375,4167.94091796875,475081.0,DIVISLAB.NS
2021-06-29,4316.60009765625,4369.5,4300.0,4356.14990234375,4208.2734375,374334.0,DIVISLAB.NS
2021-06-30,4369.0,4432.0,4355.0498046875,4408.25,4258.60498046875,636015.0,DIVISLAB.NS
2021-07-01,4417.0,4453.89990234375,4412.85009765625,4435.7001953125,4285.12353515625,321217.0,DIVISLAB.NS
2021-07-02,4435.7001953125,4530.10009765625,4431.0,4519.64990234375,4366.2236328125,660211.0,DIVISLAB.NS
2021-07-05,4534.0,4583.0498046875,4517.25,4559.9501953125,4405.15625,419343.0,DIVISLAB.NS
2021-07-06,4565.0,4582.0,4512.10009765625,4524.2001953125,4370.619140625,262654.0,DIVISLAB.NS
2021-07-07,4500.0,4566.0498046875,4485.0,4552.5498046875,4398.0068359375,337061.0,DIVISLAB.NS
2021-07-08,4533.0,4560.0,4500.0,4510.5,4357.38427734375,207589.0,DIVISLAB.NS
2021-07-09,4515.0,4625.0,4510.7998046875,4599.7001953125,4443.556640625,530967.0,DIVISLAB.NS
2021-07-12,4610.0,4623.9501953125,4575.64990234375,4588.75,4432.97802734375,205249.0,DIVISLAB.NS
2021-07-13,4600.0,4618.75,4566.89990234375,4606.0498046875,4449.6904296875,233256.0,DIVISLAB.NS
2021-07-14,4609.5,4661.64990234375,4585.14990234375,4623.2001953125,4466.25830078125,365170.0,DIVISLAB.NS
2021-07-15,4626.0,4652.39990234375,4597.89990234375,4607.2998046875,4450.8974609375,289805.0,DIVISLAB.NS
2021-07-16,4625.0,4772.0,4620.0,4757.60009765625,4596.095703125,1156272.0,DIVISLAB.NS
2021-07-19,4749.9501953125,4832.7001953125,4735.5498046875,4807.4501953125,4644.25439453125,493155.0,DIVISLAB.NS
2021-07-20,4807.0,4848.0,4763.0,4787.85009765625,4625.3193359375,361369.0,DIVISLAB.NS
2021-07-22,4787.85009765625,4856.39990234375,4769.39990234375,4843.25,4678.83837890625,384993.0,DIVISLAB.NS
2021-07-23,4843.4501953125,4850.0,4801.7001953125,4824.75,4660.96630859375,177874.0,DIVISLAB.NS
2021-07-26,4824.75,4940.64990234375,4824.75,4921.14990234375,4754.09423828125,619955.0,DIVISLAB.NS
2021-07-27,4930.0,4944.75,4669.39990234375,4791.39990234375,4628.748046875,935854.0,DIVISLAB.NS
2021-07-28,4802.60009765625,4913.9501953125,4768.25,4890.60009765625,4724.5810546875,956834.0,DIVISLAB.NS
2021-07-29,4908.89990234375,4934.39990234375,4824.2001953125,4843.7998046875,4679.369140625,658995.0,DIVISLAB.NS
2021-07-30,4879.9501953125,4940.9501953125,4862.25,4906.10009765625,4739.55517578125,659061.0,DIVISLAB.NS
2021-08-02,4893.5,4962.14990234375,4893.5,4928.9501953125,4761.62890625,359231.0,DIVISLAB.NS
2021-08-03,4930.60009765625,5019.89990234375,4900.0,5006.85009765625,4836.884765625,530586.0,DIVISLAB.NS
2021-08-04,5017.0,5045.2001953125,4954.5498046875,4964.25,4795.73046875,381205.0,DIVISLAB.NS
2021-08-05,5000.0,5020.0,4916.5,4923.5498046875,4756.41162109375,413085.0,DIVISLAB.NS
2021-08-06,4950.0,4959.0,4884.0,4916.0,4749.11865234375,314260.0,DIVISLAB.NS
2021-08-09,4980.0,4989.7998046875,4831.0,4905.7001953125,4739.16845703125,955464.0,DIVISLAB.NS
2021-08-10,4930.89990234375,4971.60009765625,4895.0,4955.0498046875,4786.8427734375,356348.0,DIVISLAB.NS
2021-08-11,4954.5,4958.9501953125,4840.7998046875,4919.10009765625,4752.11376953125,354008.0,DIVISLAB.NS
2021-08-12,4929.9501953125,4929.9501953125,4872.0,4908.85009765625,4742.21240234375,200081.0,DIVISLAB.NS
2021-08-13,4900.0498046875,4973.0,4860.5498046875,4948.7001953125,4780.70947265625,314044.0,DIVISLAB.NS
2021-08-16,4945.5498046875,4954.35009765625,4870.0,4898.9501953125,4732.6474609375,225012.0,DIVISLAB.NS
2021-08-17,4893.5,4940.0,4875.0,4908.35009765625,4761.166015625,356466.0,DIVISLAB.NS
2021-08-18,4911.85009765625,4999.0498046875,4902.0,4910.4501953125,4763.203125,506142.0,DIVISLAB.NS
2021-08-20,4861.2998046875,4915.39990234375,4757.0,4818.7001953125,4674.20458984375,549942.0,DIVISLAB.NS
2021-08-23,4849.0,4888.7001953125,4788.0,4874.64990234375,4728.47607421875,410817.0,DIVISLAB.NS
2021-08-24,4890.0,4912.14990234375,4792.85009765625,4863.2001953125,4717.3701171875,425873.0,DIVISLAB.NS
2021-08-25,4863.4501953125,4875.0,4818.10009765625,4856.5,4710.87060546875,345800.0,DIVISLAB.NS
2021-08-26,4855.0,4877.2001953125,4829.0,4846.7001953125,4701.36474609375,281990.0,DIVISLAB.NS
2021-08-27,4846.64990234375,4934.0498046875,4824.35009765625,4910.7001953125,4763.44580078125,349435.0,DIVISLAB.NS
2021-08-30,4932.60009765625,5133.9501953125,4930.0,5104.25,4951.19189453125,866739.0,DIVISLAB.NS
2021-08-31,5140.0,5219.0,5110.0498046875,5173.60009765625,5018.46240234375,896587.0,DIVISLAB.NS
2021-09-01,5176.0,5271.64990234375,5150.0,5202.64990234375,5046.640625,581886.0,DIVISLAB.NS
2021-09-02,5214.9501953125,5244.2001953125,5153.2001953125,5165.5498046875,5010.65283203125,414878.0,DIVISLAB.NS
2021-09-03,5183.0,5264.5498046875,5136.35009765625,5208.2998046875,5052.12109375,547010.0,DIVISLAB.NS
2021-09-06,5238.9501953125,5247.5498046875,5183.2001953125,5205.10009765625,5049.017578125,271793.0,DIVISLAB.NS
2021-09-07,5220.9501953125,5234.9501953125,5180.0,5210.10009765625,5053.86767578125,285728.0,DIVISLAB.NS
2021-09-08,5223.0,5223.0,5048.0498046875,5085.0498046875,4932.56640625,670825.0,DIVISLAB.NS
2021-09-09,5084.2001953125,5084.2001953125,5034.7001953125,5054.89990234375,4903.3212890625,373656.0,DIVISLAB.NS
2021-09-13,5059.0,5096.0,5001.0,5085.2001953125,4932.712890625,351984.0,DIVISLAB.NS
2021-09-14,5125.0,5191.39990234375,5071.7998046875,5094.85009765625,4942.0732421875,521157.0,DIVISLAB.NS
2021-09-15,5122.9501953125,5165.0,5090.10009765625,5158.89990234375,5004.203125,336784.0,DIVISLAB.NS
2021-09-16,5157.0,5174.0498046875,5125.10009765625,5166.89990234375,5011.962890625,289942.0,DIVISLAB.NS
2021-09-17,5178.0,5198.64990234375,5059.5498046875,5122.7998046875,4969.18505859375,401270.0,DIVISLAB.NS
2021-09-20,5100.0,5235.60009765625,5079.64990234375,5110.10009765625,4956.86669921875,451356.0,DIVISLAB.NS
2021-09-21,5119.5,5188.4501953125,5080.0,5179.4501953125,5024.13671875,340766.0,DIVISLAB.NS
2021-09-22,5178.39990234375,5187.14990234375,5125.89990234375,5139.89990234375,4985.7724609375,199338.0,DIVISLAB.NS
2021-09-23,5169.85009765625,5224.7001953125,5141.60009765625,5212.10009765625,5055.8076171875,258292.0,DIVISLAB.NS
2021-09-24,5235.35009765625,5254.0,5092.0,5108.5498046875,4955.3623046875,350328.0,DIVISLAB.NS
2021-09-27,5120.0,5133.85009765625,4925.0,4932.5498046875,4784.64013671875,553003.0,DIVISLAB.NS
2021-09-28,4965.0,4965.0,4701.0,4784.0498046875,4640.5927734375,1028992.0,DIVISLAB.NS
2021-09-29,4789.0,4914.2998046875,4752.10009765625,4806.4501953125,4662.3212890625,877223.0,DIVISLAB.NS
2021-09-30,4797.0,4844.85009765625,4765.60009765625,4798.7001953125,4654.80419921875,541396.0,DIVISLAB.NS
2021-10-01,4800.0,4874.0,4780.0,4832.2998046875,4687.39599609375,362529.0,DIVISLAB.NS
2021-10-04,4890.0,5315.5,4890.0,5220.7001953125,5064.150390625,2888637.0,DIVISLAB.NS
2021-10-05,5250.5,5254.35009765625,5147.10009765625,5217.85009765625,5061.384765625,575663.0,DIVISLAB.NS
2021-10-06,5225.0,5227.85009765625,5117.85009765625,5136.5498046875,4982.5224609375,304090.0,DIVISLAB.NS
2021-10-07,5150.0,5162.0498046875,5062.2001953125,5097.85009765625,4944.9833984375,314433.0,DIVISLAB.NS
2021-10-08,5123.0,5131.0,5022.2998046875,5071.2998046875,4919.2294921875,314249.0,DIVISLAB.NS
2021-10-11,5104.0,5223.9501953125,5060.5,5143.0498046875,4988.828125,386696.0,DIVISLAB.NS
2021-10-12,5185.2001953125,5289.0,5101.0,5225.89990234375,5069.19384765625,505001.0,DIVISLAB.NS
2021-10-13,5300.0,5332.64990234375,5217.5498046875,5248.89990234375,5091.50341796875,363526.0,DIVISLAB.NS
2021-10-14,5248.89990234375,5389.0,5226.2001953125,5372.14990234375,5211.05810546875,549795.0,DIVISLAB.NS
2021-10-18,5383.0,5425.10009765625,5314.5498046875,5343.0498046875,5182.83056640625,544942.0,DIVISLAB.NS
2021-10-19,5344.0,5390.0,5167.75,5192.10009765625,5036.40673828125,388226.0,DIVISLAB.NS
2021-10-20,5182.10009765625,5292.0,5089.2001953125,5116.39990234375,4962.9775390625,623004.0,DIVISLAB.NS
2021-10-21,5167.5498046875,5219.0,5052.64990234375,5193.64990234375,5037.91015625,435607.0,DIVISLAB.NS
2021-10-22,5239.0,5239.0,5050.0,5073.39990234375,4921.2666015625,372979.0,DIVISLAB.NS
2021-10-25,5052.0,5070.0,4874.85009765625,4995.9501953125,4846.13916015625,588823.0,DIVISLAB.NS
2021-10-26,4995.0,5074.0,4972.10009765625,5018.89990234375,4868.400390625,334367.0,DIVISLAB.NS
2021-10-27,5007.85009765625,5227.0,5000.2001953125,5149.35009765625,4994.93896484375,624281.0,DIVISLAB.NS
2021-10-28,5161.89990234375,5210.2998046875,5102.60009765625,5121.14990234375,4967.58447265625,410588.0,DIVISLAB.NS
2021-10-29,5114.39990234375,5248.35009765625,5085.2998046875,5150.14990234375,4995.71484375,442907.0,DIVISLAB.NS
2021-11-01,5175.60009765625,5285.0498046875,5151.0,5228.2001953125,5071.4248046875,307144.0,DIVISLAB.NS
2021-11-02,5230.0,5276.85009765625,5191.7998046875,5205.39990234375,5049.30859375,314359.0,DIVISLAB.NS
2021-11-03,5184.0,5211.35009765625,5094.0498046875,5140.14990234375,4986.01513671875,674471.0,DIVISLAB.NS
2021-11-04,5174.0,5225.0,5170.10009765625,5208.0498046875,5051.87841796875,36424.0,DIVISLAB.NS
2021-11-08,5023.2001953125,5040.0,4747.7998046875,4896.7001953125,4749.86572265625,2670018.0,DIVISLAB.NS
2021-11-09,4968.0,5093.25,4915.4501953125,4951.2998046875,4802.828125,1441073.0,DIVISLAB.NS
2021-11-10,4928.0,4946.85009765625,4866.0,4905.75,4758.64404296875,454790.0,DIVISLAB.NS
2021-11-11,4900.0,4900.0,4815.0,4833.25,4688.318359375,341815.0,DIVISLAB.NS
2021-11-12,4895.4501953125,4895.4501953125,4810.0,4843.7998046875,4698.55126953125,356046.0,DIVISLAB.NS
2021-11-15,4868.0,4927.0,4852.7998046875,4907.64990234375,4760.48681640625,292784.0,DIVISLAB.NS
2021-11-16,4915.0,4915.0,4842.0,4852.60009765625,4707.087890625,268910.0,DIVISLAB.NS
2021-11-17,4845.0,4846.4501953125,4757.0,4763.85009765625,4621.0,372272.0,DIVISLAB.NS
2021-11-18,4723.75,4809.2998046875,4671.7998046875,4785.60009765625,4642.0966796875,631764.0,DIVISLAB.NS
2021-11-22,4800.0,4838.2998046875,4666.4501953125,4679.14990234375,4538.8388671875,456467.0,DIVISLAB.NS
2021-11-23,4679.14990234375,4825.0,4635.0,4763.2998046875,4620.46484375,507851.0,DIVISLAB.NS
2021-11-24,4788.89990234375,4788.89990234375,4654.5,4682.7001953125,4542.28271484375,322715.0,DIVISLAB.NS
2021-11-25,4677.0,4815.9501953125,4655.60009765625,4799.7998046875,4655.87060546875,311013.0,DIVISLAB.NS
2021-11-26,4770.0,5077.7001953125,4756.75,4937.7998046875,4789.732421875,1570555.0,DIVISLAB.NS
2021-11-29,4965.5498046875,4990.0,4810.10009765625,4921.35009765625,4773.7763671875,551230.0,DIVISLAB.NS
2021-11-30,4930.0,4949.7001953125,4840.14990234375,4878.7998046875,4732.501953125,864073.0,DIVISLAB.NS
2021-12-01,4880.35009765625,4977.7998046875,4725.0,4752.2001953125,4609.6982421875,603122.0,DIVISLAB.NS
2021-12-02,4776.0,4824.89990234375,4754.10009765625,4777.2998046875,4634.04541015625,289153.0,DIVISLAB.NS
2021-12-03,4797.2998046875,4797.35009765625,4713.60009765625,4757.0498046875,4614.40283203125,300986.0,DIVISLAB.NS
2021-12-06,4775.0,4775.0,4635.0,4646.7998046875,4507.45849609375,406673.0,DIVISLAB.NS
2021-12-07,4652.10009765625,4666.7001953125,4600.25,4624.7998046875,4486.11865234375,404320.0,DIVISLAB.NS
2021-12-08,4650.0,4651.0,4585.0,4604.9501953125,4466.8642578125,637075.0,DIVISLAB.NS
2021-12-09,4640.0,4640.0,4515.85009765625,4576.9501953125,4439.703125,710302.0,DIVISLAB.NS
2021-12-10,4550.0,4567.75,4490.0,4506.4501953125,4371.31787109375,784691.0,DIVISLAB.NS
2021-12-13,4541.0,4590.7998046875,4490.0,4530.39990234375,4394.54931640625,531695.0,DIVISLAB.NS
2021-12-14,4520.0,4662.0,4501.0,4654.39990234375,4514.8310546875,883708.0,DIVISLAB.NS
2021-12-15,4653.85009765625,4653.85009765625,4535.0,4588.7001953125,4451.1015625,1210492.0,DIVISLAB.NS
2021-12-16,4618.0,4637.39990234375,4572.0,4601.4501953125,4463.46826171875,835422.0,DIVISLAB.NS
2021-12-17,4608.0,4625.0,4502.14990234375,4511.4501953125,4376.16796875,424694.0,DIVISLAB.NS
2021-12-20,4490.0,4498.0,4356.0,4408.4501953125,4276.255859375,404674.0,DIVISLAB.NS
2021-12-21,4448.25,4448.25,4361.0,4405.7001953125,4273.58837890625,825709.0,DIVISLAB.NS
2021-12-22,4430.0,4584.0,4385.0,4563.5,4426.65673828125,843170.0,DIVISLAB.NS
2021-12-23,4559.9501953125,4570.0,4471.0498046875,4478.5,4344.2060546875,703933.0,DIVISLAB.NS
2021-12-24,4515.0,4515.0,4440.0,4447.25,4313.892578125,295431.0,DIVISLAB.NS
2021-12-27,4450.0,4491.0,4431.85009765625,4473.2001953125,4339.064453125,242523.0,DIVISLAB.NS
2021-12-28,4495.5498046875,4535.60009765625,4476.2001953125,4525.35009765625,4389.650390625,403732.0,DIVISLAB.NS
2021-12-29,4529.7998046875,4625.7998046875,4517.25,4621.60009765625,4483.01416015625,701459.0,DIVISLAB.NS
2021-12-30,4642.2001953125,4657.39990234375,4610.0,4627.89990234375,4489.12548828125,434083.0,DIVISLAB.NS
2021-12-31,4649.0,4690.0,4630.0,4678.2001953125,4537.91748046875,293933.0,DIVISLAB.NS
2022-01-03,4689.0,4708.75,4642.0,4651.25,4511.775390625,203444.0,DIVISLAB.NS
2022-01-04,4652.10009765625,4679.9501953125,4609.0,4621.7001953125,4483.11181640625,259508.0,DIVISLAB.NS
2022-01-05,4619.89990234375,4630.2001953125,4542.0,4558.4501953125,4421.75830078125,510511.0,DIVISLAB.NS
2022-01-06,4535.0,4557.0,4470.0,4489.14990234375,4354.5361328125,447726.0,DIVISLAB.NS
2022-01-07,4500.0,4549.7998046875,4470.5,4516.7001953125,4381.2607421875,269479.0,DIVISLAB.NS
2022-01-10,4520.0,4534.5498046875,4462.2001953125,4465.7998046875,4331.88623046875,361423.0,DIVISLAB.NS
2022-01-11,4475.0,4539.85009765625,4434.25,4516.5498046875,4381.1142578125,476123.0,DIVISLAB.NS
2022-01-12,4531.0498046875,4538.0,4467.0498046875,4492.89990234375,4358.17333984375,496883.0,DIVISLAB.NS
2022-01-13,4493.0,4619.14990234375,4466.0,4590.0498046875,4452.41015625,646137.0,DIVISLAB.NS
2022-01-14,4590.0,4636.0,4559.0,4616.60009765625,4478.1640625,399974.0,DIVISLAB.NS
2022-01-17,4615.0,4668.0,4561.0,4630.35009765625,4491.501953125,315394.0,DIVISLAB.NS
2022-01-18,4635.0,4640.35009765625,4512.0498046875,4527.14990234375,4391.39599609375,340707.0,DIVISLAB.NS
2022-01-19,4550.0,4550.0,4465.0,4481.5,4347.1162109375,365211.0,DIVISLAB.NS
2022-01-20,4496.0,4496.0,4312.0,4329.75,4199.91650390625,805433.0,DIVISLAB.NS
2022-01-21,4328.2998046875,4328.2998046875,4137.7998046875,4179.39990234375,4054.07421875,1172704.0,DIVISLAB.NS
2022-01-24,4189.0,4190.0,3788.949951171875,4056.60009765625,3934.95703125,1397434.0,DIVISLAB.NS
2022-01-25,4000.0,4096.9501953125,3930.949951171875,4049.199951171875,3927.77880859375,561610.0,DIVISLAB.NS
2022-01-27,4028.949951171875,4044.60009765625,3920.0,3939.85009765625,3821.707763671875,864770.0,DIVISLAB.NS
2022-01-28,3941.0,4070.0,3930.14990234375,3940.699951171875,3822.531982421875,492149.0,DIVISLAB.NS
2022-01-31,4020.0,4108.9501953125,3995.85009765625,4036.10009765625,3915.071533203125,454611.0,DIVISLAB.NS
2022-02-01,4055.050048828125,4124.0,4032.60009765625,4108.35009765625,3985.1552734375,309874.0,DIVISLAB.NS
2022-02-02,4140.0,4235.0,4125.0,4219.64990234375,4093.117919921875,346003.0,DIVISLAB.NS
2022-02-03,4250.0,4274.0,4203.0,4262.4501953125,4134.63427734375,504989.0,DIVISLAB.NS
2022-02-04,4270.0,4374.60009765625,4232.4501953125,4304.5,4175.42333984375,964227.0,DIVISLAB.NS
2022-02-07,4304.5,4345.85009765625,4178.35009765625,4201.5,4075.51171875,380821.0,DIVISLAB.NS
2022-02-08,4201.5,4288.39990234375,4168.25,4277.5498046875,4149.28125,436195.0,DIVISLAB.NS
2022-02-09,4280.0,4357.4501953125,4278.7998046875,4329.4501953125,4199.625,280094.0,DIVISLAB.NS
2022-02-10,4334.5,4361.9501953125,4300.0498046875,4313.75,4184.3955078125,559595.0,DIVISLAB.NS
2022-02-11,4313.75,4474.0,4240.0498046875,4291.25,4162.5703125,2585446.0,DIVISLAB.NS
2022-02-14,4239.4501953125,4355.0,4192.0498046875,4277.89990234375,4149.62060546875,1147299.0,DIVISLAB.NS
2022-02-15,4280.0,4346.0,4280.0,4325.7998046875,4196.083984375,371572.0,DIVISLAB.NS
2022-02-16,4340.0,4498.0,4312.0498046875,4465.14990234375,4331.255859375,1373620.0,DIVISLAB.NS
2022-02-17,4465.64990234375,4520.14990234375,4425.0,4442.2001953125,4308.99462890625,601590.0,DIVISLAB.NS
2022-02-18,4432.7001953125,4442.2001953125,4325.0,4353.39990234375,4222.8564453125,580486.0,DIVISLAB.NS
2022-02-21,4345.0,4345.0,4250.5,4258.2998046875,4130.6083984375,284980.0,DIVISLAB.NS
2022-02-22,4150.0,4245.2001953125,4135.7001953125,4224.7998046875,4098.11328125,430407.0,DIVISLAB.NS
2022-02-23,4232.0,4258.64990234375,4173.14990234375,4181.60009765625,4056.20849609375,379328.0,DIVISLAB.NS
2022-02-24,4100.0,4130.89990234375,3916.60009765625,3936.64990234375,3818.60400390625,723045.0,DIVISLAB.NS
2022-02-25,4049.949951171875,4157.89990234375,3981.89990234375,4138.35009765625,4014.25537109375,450834.0,DIVISLAB.NS
2022-02-28,4120.0,4284.39990234375,4078.699951171875,4265.0,4137.107421875,611670.0,DIVISLAB.NS
2022-03-02,4230.0,4310.85009765625,4135.2998046875,4160.89990234375,4036.129150390625,576094.0,DIVISLAB.NS
2022-03-03,4200.0,4226.7998046875,4143.2998046875,4160.4501953125,4035.69287109375,421554.0,DIVISLAB.NS
2022-03-04,4100.0,4157.7998046875,4063.0,4094.699951171875,3971.91455078125,429937.0,DIVISLAB.NS
2022-03-07,4050.0,4094.949951171875,3974.050048828125,4074.949951171875,3952.756591796875,540735.0,DIVISLAB.NS
2022-03-08,4069.89990234375,4175.0,4066.0,4164.25,4039.379150390625,414138.0,DIVISLAB.NS
2022-03-09,4180.0,4279.60009765625,4150.0,4234.0498046875,4107.08544921875,385251.0,DIVISLAB.NS
2022-03-10,4267.5,4334.0,4252.25,4300.89990234375,4171.9306640625,414284.0,DIVISLAB.NS
2022-03-11,4298.0,4353.0,4250.0,4339.39990234375,4209.27685546875,352915.0,DIVISLAB.NS
2022-03-14,4340.0,4404.5,4325.10009765625,4393.7998046875,4262.04541015625,492612.0,DIVISLAB.NS
2022-03-15,4365.10009765625,4478.2001953125,4365.10009765625,4386.25,4254.7216796875,403394.0,DIVISLAB.NS
2022-03-16,4422.0,4457.2001953125,4370.0,4402.25,4270.2421875,227588.0,DIVISLAB.NS
2022-03-17,4439.9501953125,4519.89990234375,4431.35009765625,4504.35009765625,4369.28076171875,438327.0,DIVISLAB.NS
2022-03-21,4525.0,4542.4501953125,4427.5,4456.25,4322.62255859375,356749.0,DIVISLAB.NS
2022-03-22,4456.25,4493.75,4410.0,4448.5498046875,4315.1533203125,292831.0,DIVISLAB.NS
2022-03-23,4465.0,4573.85009765625,4460.25,4553.5498046875,4417.0048828125,574783.0,DIVISLAB.NS
2022-03-24,4544.0,4549.9501953125,4466.75,4494.64990234375,4359.87158203125,467266.0,DIVISLAB.NS
2022-03-25,4502.0,4520.0,4420.0,4454.14990234375,4320.5859375,270912.0,DIVISLAB.NS
2022-03-28,4433.0,4458.9501953125,4374.5,4416.5498046875,4284.11279296875,316896.0,DIVISLAB.NS
2022-03-29,4410.0,4578.64990234375,4410.0,4561.60009765625,4424.8134765625,589480.0,DIVISLAB.NS
2022-03-30,4578.0,4625.0,4505.9501953125,4538.60009765625,4402.50341796875,360504.0,DIVISLAB.NS
2022-03-31,4530.0,4553.5498046875,4390.64990234375,4402.0498046875,4270.0478515625,611205.0,DIVISLAB.NS
2022-04-01,4425.0,4443.14990234375,4335.10009765625,4379.7001953125,4248.3681640625,348173.0,DIVISLAB.NS
2022-04-04,4379.7001953125,4505.0,4378.89990234375,4497.60009765625,4362.732421875,334083.0,DIVISLAB.NS
2022-04-05,4500.0,4516.85009765625,4440.0,4461.2001953125,4327.42431640625,336772.0,DIVISLAB.NS
2022-04-06,4461.0,4527.0,4372.89990234375,4386.89990234375,4255.3525390625,532706.0,DIVISLAB.NS
2022-04-07,4386.89990234375,4470.0,4386.89990234375,4448.4501953125,4315.05712890625,387968.0,DIVISLAB.NS
2022-04-08,4449.89990234375,4528.10009765625,4412.0,4505.9501953125,4370.83251953125,241609.0,DIVISLAB.NS
2022-04-11,4501.0,4520.0,4441.5498046875,4503.7998046875,4368.74658203125,231619.0,DIVISLAB.NS
2022-04-12,4481.7001953125,4535.2001953125,4436.10009765625,4473.39990234375,4339.2578125,378104.0,DIVISLAB.NS
2022-04-13,4471.0,4520.4501953125,4430.14990234375,4499.25,4364.33349609375,306254.0,DIVISLAB.NS
2022-04-18,4490.0,4568.2001953125,4450.25,4524.89990234375,4389.2138671875,439474.0,DIVISLAB.NS
2022-04-19,4526.0,4579.0,4348.75,4411.39990234375,4279.11767578125,421066.0,DIVISLAB.NS
2022-04-20,4477.0,4487.10009765625,4383.2998046875,4455.64990234375,4322.041015625,390369.0,DIVISLAB.NS
2022-04-21,4441.7001953125,4550.0,4433.0498046875,4529.0498046875,4393.2392578125,377100.0,DIVISLAB.NS
2022-04-22,4529.0,4529.0,4444.0498046875,4492.5,4357.78564453125,395984.0,DIVISLAB.NS
2022-04-25,4440.0,4474.9501953125,4385.0,4410.10009765625,4277.85693359375,271185.0,DIVISLAB.NS
2022-04-26,4415.10009765625,4528.7998046875,4415.10009765625,4519.60009765625,4384.0732421875,244626.0,DIVISLAB.NS
2022-04-27,4471.0,4570.0,4404.0,4530.60009765625,4394.74267578125,583807.0,DIVISLAB.NS
2022-04-28,4569.75,4640.7998046875,4510.0,4564.60009765625,4427.7236328125,799337.0,DIVISLAB.NS
2022-04-29,4552.0,4619.64990234375,4488.0,4505.39990234375,4370.298828125,383948.0,DIVISLAB.NS
2022-05-02,4488.7998046875,4554.2001953125,4465.0498046875,4509.64990234375,4374.421875,300278.0,DIVISLAB.NS
2022-05-04,4500.0,4600.0,4330.0,4344.14990234375,4213.884765625,389110.0,DIVISLAB.NS
2022-05-05,4365.85009765625,4430.0,4335.5,4365.7998046875,4234.884765625,261002.0,DIVISLAB.NS
2022-05-06,4275.0,4310.5498046875,4121.5,4165.85009765625,4040.9306640625,684913.0,DIVISLAB.NS
2022-05-09,4130.0,4254.0,4125.0,4231.10009765625,4104.22412109375,262555.0,DIVISLAB.NS
2022-05-10,4210.0,4312.5498046875,4210.0,4296.35009765625,4167.51806640625,301378.0,DIVISLAB.NS
2022-05-11,4268.0,4328.7998046875,4240.0,4293.7998046875,4165.04345703125,366780.0,DIVISLAB.NS
2022-05-12,4287.10009765625,4295.5498046875,4140.0498046875,4233.39990234375,4106.455078125,481414.0,DIVISLAB.NS
2022-05-13,4315.0,4354.7001953125,4254.0498046875,4281.10009765625,4152.72509765625,436997.0,DIVISLAB.NS
2022-05-16,4291.0,4309.75,4210.0,4218.10009765625,4091.614013671875,116360.0,DIVISLAB.NS
2022-05-17,4218.10009765625,4313.60009765625,4202.35009765625,4303.35009765625,4174.3076171875,338343.0,DIVISLAB.NS
2022-05-18,4275.0,4385.9501953125,4273.89990234375,4366.7001953125,4235.75830078125,451480.0,DIVISLAB.NS
2022-05-19,4281.0,4336.9501953125,4190.0,4199.2001953125,4073.280517578125,288480.0,DIVISLAB.NS
2022-05-20,4260.0,4325.0,4220.0,4304.7998046875,4175.7138671875,396121.0,DIVISLAB.NS
2022-05-23,4323.0,4438.7998046875,3874.35009765625,3897.89990234375,3781.015625,2180936.0,DIVISLAB.NS
2022-05-24,3894.0,3912.5,3650.0,3661.699951171875,3551.8984375,4971455.0,DIVISLAB.NS
2022-05-25,3686.0,3705.300048828125,3497.25,3519.35009765625,3413.81689453125,1567485.0,DIVISLAB.NS
2022-05-26,3550.0,3567.85009765625,3365.550048828125,3448.699951171875,3345.28564453125,2436609.0,DIVISLAB.NS
2022-05-27,3505.0,3538.64990234375,3451.60009765625,3514.699951171875,3409.306396484375,900885.0,DIVISLAB.NS
2022-05-30,3575.0,3611.89990234375,3530.300048828125,3566.5,3459.55322265625,838443.0,DIVISLAB.NS
2022-05-31,3585.0,3627.949951171875,3530.0,3591.300048828125,3483.609619140625,1013666.0,DIVISLAB.NS
2022-06-01,3627.199951171875,3637.25,3536.0,3555.14990234375,3448.543701171875,502863.0,DIVISLAB.NS
2022-06-02,3550.0,3551.949951171875,3505.0,3524.35009765625,3418.66748046875,291231.0,DIVISLAB.NS
2022-06-03,3560.0,3566.550048828125,3472.10009765625,3478.300048828125,3373.998046875,592744.0,DIVISLAB.NS
2022-06-06,3470.0,3525.0,3470.0,3499.64990234375,3394.70751953125,552885.0,DIVISLAB.NS
2022-06-07,3491.050048828125,3515.85009765625,3450.10009765625,3501.25,3396.259765625,414997.0,DIVISLAB.NS
2022-06-08,3482.199951171875,3519.949951171875,3470.10009765625,3495.300048828125,3390.48828125,342198.0,DIVISLAB.NS
2022-06-09,3475.0,3517.0,3452.0,3507.199951171875,3402.03125,600724.0,DIVISLAB.NS
2022-06-10,3475.0,3542.800048828125,3461.699951171875,3528.050048828125,3422.25634765625,376643.0,DIVISLAB.NS
2022-06-13,3462.0,3522.0,3456.0,3474.14990234375,3369.97216796875,605558.0,DIVISLAB.NS
2022-06-14,3474.14990234375,3549.0,3456.5,3525.64990234375,3419.927978515625,384679.0,DIVISLAB.NS
2022-06-15,3525.0,3589.89990234375,3520.449951171875,3581.10009765625,3473.71533203125,410170.0,DIVISLAB.NS
2022-06-16,3628.0,3628.0,3533.199951171875,3564.89990234375,3458.0009765625,521488.0,DIVISLAB.NS
2022-06-17,3564.85009765625,3565.0,3456.10009765625,3481.949951171875,3377.538818359375,740538.0,DIVISLAB.NS
2022-06-20,3481.0,3539.949951171875,3452.050048828125,3533.550048828125,3427.591552734375,247790.0,DIVISLAB.NS
2022-06-21,3540.0,3613.89990234375,3540.0,3599.5,3491.5634765625,315204.0,DIVISLAB.NS
2022-06-22,3575.0,3625.0,3545.5,3599.60009765625,3491.660888671875,450929.0,DIVISLAB.NS
2022-06-23,3621.64990234375,3687.89990234375,3605.0,3666.300048828125,3556.360595703125,392345.0,DIVISLAB.NS
2022-06-24,3665.89990234375,3699.949951171875,3638.300048828125,3681.0,3570.61962890625,345510.0,DIVISLAB.NS
2022-06-27,3704.60009765625,3715.0,3657.10009765625,3673.449951171875,3563.296142578125,272457.0,DIVISLAB.NS
2022-06-28,3681.5,3681.5,3582.949951171875,3613.449951171875,3505.095703125,560883.0,DIVISLAB.NS
2022-06-29,3590.0,3600.0,3545.0,3583.35009765625,3475.898193359375,404647.0,DIVISLAB.NS
2022-06-30,3561.0,3635.0,3551.0,3630.39990234375,3521.537109375,576558.0,DIVISLAB.NS
2022-07-01,3590.35009765625,3649.60009765625,3581.050048828125,3637.550048828125,3528.472900390625,304397.0,DIVISLAB.NS
2022-07-04,3659.89990234375,3679.449951171875,3595.14990234375,3639.550048828125,3530.412841796875,199015.0,DIVISLAB.NS
2022-07-05,3670.0,3678.5,3605.25,3610.050048828125,3501.797607421875,342952.0,DIVISLAB.NS
2022-07-06,3614.949951171875,3660.699951171875,3600.0,3644.800048828125,3535.50537109375,228612.0,DIVISLAB.NS
2022-07-07,3669.0,3710.0,3600.0,3656.39990234375,3546.757568359375,284603.0,DIVISLAB.NS
2022-07-08,3685.0,3692.0,3646.35009765625,3671.300048828125,3561.2109375,220051.0,DIVISLAB.NS
2022-07-11,3671.300048828125,3747.0,3633.699951171875,3734.10009765625,3622.12744140625,391665.0,DIVISLAB.NS
2022-07-12,3710.10009765625,3740.0,3680.0,3687.449951171875,3576.876220703125,311547.0,DIVISLAB.NS
2022-07-13,3702.0,3786.949951171875,3690.0,3778.800048828125,3665.4873046875,480781.0,DIVISLAB.NS
2022-07-14,3784.0,3827.949951171875,3715.050048828125,3733.800048828125,3621.83642578125,377282.0,DIVISLAB.NS
2022-07-15,3747.0,3780.0,3702.5,3727.75,3615.968017578125,214591.0,DIVISLAB.NS
2022-07-18,3765.0,3789.949951171875,3720.85009765625,3738.449951171875,3626.3466796875,194454.0,DIVISLAB.NS
2022-07-19,3735.0,3765.89990234375,3730.0,3753.25,3640.70361328125,167954.0,DIVISLAB.NS
2022-07-20,3790.0,3790.0,3736.85009765625,3741.64990234375,3629.451171875,223231.0,DIVISLAB.NS
2022-07-21,3741.64990234375,3800.0,3741.60009765625,3794.5,3680.71630859375,237218.0,DIVISLAB.NS
2022-07-22,3805.0,3817.199951171875,3760.0,3796.75,3682.898681640625,214477.0,DIVISLAB.NS
2022-07-25,3796.75,3818.0,3762.0,3774.300048828125,3661.1220703125,111963.0,DIVISLAB.NS
2022-07-26,3774.300048828125,3793.85009765625,3680.25,3687.0,3576.43994140625,247798.0,DIVISLAB.NS
2022-07-27,3686.0,3807.949951171875,3667.050048828125,3786.449951171875,3672.90771484375,509519.0,DIVISLAB.NS
2022-07-28,3794.0,3859.89990234375,3775.10009765625,3849.64990234375,3734.21240234375,339914.0,DIVISLAB.NS
2022-07-29,3865.0,3884.300048828125,3820.0,3831.64990234375,3716.752197265625,406169.0,DIVISLAB.NS
2022-08-01,3835.0,3857.199951171875,3782.25,3795.199951171875,3681.395263671875,364990.0,DIVISLAB.NS
2022-08-02,3795.199951171875,3840.0,3787.0,3824.89990234375,3710.20458984375,293036.0,DIVISLAB.NS
2022-08-03,3837.199951171875,3863.949951171875,3780.0,3820.85009765625,3706.276123046875,253640.0,DIVISLAB.NS
2022-08-04,3840.0,3904.0,3811.75,3888.14990234375,3771.55810546875,470197.0,DIVISLAB.NS
2022-08-05,3920.949951171875,3949.699951171875,3900.0,3912.199951171875,3794.886474609375,374417.0,DIVISLAB.NS
2022-08-08,3910.0,3949.0,3875.0,3937.60009765625,3819.525634765625,257202.0,DIVISLAB.NS
2022-08-10,3942.0,3973.89990234375,3911.050048828125,3948.800048828125,3830.389404296875,342277.0,DIVISLAB.NS
2022-08-11,3940.0,3955.050048828125,3905.050048828125,3948.050048828125,3858.979736328125,275719.0,DIVISLAB.NS
2022-08-12,3950.050048828125,3958.199951171875,3700.0,3726.199951171875,3642.134765625,2107936.0,DIVISLAB.NS
2022-08-16,3790.0,3790.0,3705.050048828125,3732.0,3647.803955078125,916641.0,DIVISLAB.NS
2022-08-17,3752.0,3777.5,3740.0,3748.39990234375,3663.833984375,671368.0,DIVISLAB.NS
2022-08-18,3755.0,3758.0,3715.0,3743.60009765625,3659.142333984375,420941.0,DIVISLAB.NS
2022-08-19,3743.800048828125,3757.699951171875,3673.0,3696.199951171875,3612.8115234375,596806.0,DIVISLAB.NS
2022-08-22,3653.0,3673.5,3558.050048828125,3580.64990234375,3499.8681640625,1050176.0,DIVISLAB.NS
2022-08-23,3562.0,3587.949951171875,3529.0,3532.300048828125,3452.609130859375,987698.0,DIVISLAB.NS
2022-08-24,3550.0,3550.0,3446.0,3496.64990234375,3417.763427734375,1864680.0,DIVISLAB.NS
2022-08-25,3510.0,3562.0,3502.199951171875,3535.85009765625,3456.079345703125,1167223.0,DIVISLAB.NS
2022-08-26,3555.0,3601.699951171875,3540.0,3587.5,3506.563720703125,580356.0,DIVISLAB.NS
2022-08-29,3525.0,3614.0,3511.550048828125,3582.449951171875,3501.627685546875,423183.0,DIVISLAB.NS
2022-08-30,3585.0,3631.60009765625,3581.050048828125,3626.85009765625,3545.026123046875,502761.0,DIVISLAB.NS
2022-09-01,3577.300048828125,3623.949951171875,3577.300048828125,3599.199951171875,3517.999755859375,313035.0,DIVISLAB.NS
2022-09-02,3607.0,3619.0,3572.25,3598.14990234375,3516.9736328125,318073.0,DIVISLAB.NS
2022-09-05,3590.0,3600.89990234375,3553.050048828125,3592.75,3511.695068359375,278299.0,DIVISLAB.NS
2022-09-06,3594.85009765625,3612.60009765625,3576.0,3585.5,3504.609130859375,211744.0,DIVISLAB.NS
2022-09-07,3577.0,3601.949951171875,3562.050048828125,3590.949951171875,3509.935791015625,236704.0,DIVISLAB.NS
2022-09-08,3608.0,3609.89990234375,3565.199951171875,3568.39990234375,3487.89453125,326405.0,DIVISLAB.NS
2022-09-09,3571.0,3619.800048828125,3571.0,3603.0,3521.714111328125,292875.0,DIVISLAB.NS
2022-09-12,3610.39990234375,3688.0,3603.0,3678.0,3595.022216796875,469042.0,DIVISLAB.NS
2022-09-13,3680.0,3707.949951171875,3650.0,3667.60009765625,3584.85693359375,356054.0,DIVISLAB.NS
2022-09-14,3605.300048828125,3688.85009765625,3605.300048828125,3668.550048828125,3585.785400390625,292682.0,DIVISLAB.NS
2022-09-15,3670.10009765625,3680.35009765625,3590.0,3605.449951171875,3524.109130859375,388216.0,DIVISLAB.NS
2022-09-16,3619.89990234375,3619.89990234375,3560.10009765625,3573.699951171875,3493.074951171875,567321.0,DIVISLAB.NS
2022-09-19,3574.0,3632.35009765625,3560.050048828125,3619.550048828125,3537.890625,386152.0,DIVISLAB.NS
2022-09-20,3637.64990234375,3652.85009765625,3615.800048828125,3631.550048828125,3549.6201171875,318797.0,DIVISLAB.NS
2022-09-21,3633.699951171875,3644.0,3568.0,3573.699951171875,3493.074951171875,370336.0,DIVISLAB.NS
2022-09-22,3570.0,3595.85009765625,3544.0,3580.10009765625,3499.330810546875,347349.0,DIVISLAB.NS
2022-09-23,3580.10009765625,3700.0,3571.14990234375,3642.60009765625,3560.4208984375,761456.0,DIVISLAB.NS
2022-09-26,3634.800048828125,3719.800048828125,3590.0,3670.0,3587.20263671875,809605.0,DIVISLAB.NS
2022-09-27,3672.0,3712.0,3633.10009765625,3680.199951171875,3597.17236328125,402344.0,DIVISLAB.NS
2022-09-28,3650.0,3725.0,3644.75,3703.35009765625,3619.80029296875,454801.0,DIVISLAB.NS
2022-09-29,3721.89990234375,3751.0,3664.949951171875,3693.64990234375,3610.319091796875,795614.0,DIVISLAB.NS
2022-09-30,3739.89990234375,3739.89990234375,3658.0,3705.199951171875,3621.6083984375,433624.0,DIVISLAB.NS
2022-10-03,3700.0,3797.0,3700.0,3726.85009765625,3642.77001953125,549563.0,DIVISLAB.NS
2022-10-04,3769.0,3795.0,3737.800048828125,3780.10009765625,3694.818603515625,287021.0,DIVISLAB.NS
2022-10-06,3799.0,3806.60009765625,3713.050048828125,3733.0,3648.781494140625,354601.0,DIVISLAB.NS
2022-10-07,3722.699951171875,3749.89990234375,3694.050048828125,3735.75,3651.46923828125,222557.0,DIVISLAB.NS
2022-10-10,3682.800048828125,3739.60009765625,3650.10009765625,3686.60009765625,3603.42822265625,290753.0,DIVISLAB.NS
2022-10-11,3705.050048828125,3705.050048828125,3490.0,3502.199951171875,3423.188232421875,1492286.0,DIVISLAB.NS
2022-10-12,3510.0,3540.199951171875,3472.0,3527.800048828125,3448.210693359375,445779.0,DIVISLAB.NS
2022-10-13,3520.0,3543.89990234375,3500.5,3523.85009765625,3444.35009765625,299017.0,DIVISLAB.NS
2022-10-14,3545.85009765625,3587.449951171875,3541.050048828125,3572.800048828125,3492.1953125,320044.0,DIVISLAB.NS
2022-10-17,3550.0,3602.800048828125,3550.0,3578.550048828125,3497.815673828125,211512.0,DIVISLAB.NS
2022-10-18,3588.0,3598.0,3563.0,3572.25,3491.657958984375,300258.0,DIVISLAB.NS
2022-10-19,3585.0,3612.0,3562.050048828125,3608.050048828125,3526.650146484375,230936.0,DIVISLAB.NS
2022-10-20,3582.0,3655.550048828125,3564.5,3651.89990234375,3569.5107421875,329906.0,DIVISLAB.NS
2022-10-21,3667.0,3669.0,3563.0,3571.39990234375,3490.826904296875,397013.0,DIVISLAB.NS
2022-10-24,3629.89990234375,3629.89990234375,3585.0,3612.449951171875,3530.95068359375,47320.0,DIVISLAB.NS
2022-10-25,3616.39990234375,3618.89990234375,3567.35009765625,3597.14990234375,3515.99609375,211326.0,DIVISLAB.NS
2022-10-27,3634.0,3634.0,3597.449951171875,3621.050048828125,3539.356689453125,391000.0,DIVISLAB.NS
2022-10-28,3639.199951171875,3639.199951171875,3540.0,3547.5,3467.46630859375,375361.0,DIVISLAB.NS
2022-10-31,3567.449951171875,3620.0,3567.449951171875,3608.89990234375,3527.48095703125,356104.0,DIVISLAB.NS
2022-11-01,3626.0,3850.14990234375,3615.050048828125,3836.449951171875,3749.897216796875,1860907.0,DIVISLAB.NS
2022-11-02,3836.449951171875,3903.949951171875,3772.5,3781.449951171875,3696.137939453125,740136.0,DIVISLAB.NS
2022-11-03,3785.0,3795.0,3735.0,3781.449951171875,3696.137939453125,432168.0,DIVISLAB.NS
2022-11-04,3781.449951171875,3793.199951171875,3710.800048828125,3746.300048828125,3661.781494140625,386100.0,DIVISLAB.NS
2022-11-07,3749.0,3771.699951171875,3405.0,3414.550048828125,3337.515625,2860839.0,DIVISLAB.NS
2022-11-09,3419.0,3430.0,3276.0,3298.75,3224.328125,3218306.0,DIVISLAB.NS
2022-11-10,3298.75,3346.89990234375,3261.10009765625,3286.75,3212.598876953125,1188273.0,DIVISLAB.NS
2022-11-11,3315.0,3325.0,3266.0,3271.39990234375,3197.594970703125,900708.0,DIVISLAB.NS
2022-11-14,3287.800048828125,3287.800048828125,3195.14990234375,3275.699951171875,3201.798095703125,1081953.0,DIVISLAB.NS
2022-11-15,3280.0,3330.0,3279.0,3326.60009765625,3251.550048828125,526764.0,DIVISLAB.NS
2022-11-16,3327.0,3331.949951171875,3265.0,3289.800048828125,3215.580078125,830117.0,DIVISLAB.NS
2022-11-17,3299.0,3308.0,3272.10009765625,3290.0,3215.775634765625,276727.0,DIVISLAB.NS
2022-11-18,3306.449951171875,3314.800048828125,3260.300048828125,3287.35009765625,3213.185546875,371863.0,DIVISLAB.NS
2022-11-21,3275.550048828125,3302.949951171875,3255.949951171875,3265.949951171875,3192.26806640625,465773.0,DIVISLAB.NS
2022-11-22,3282.300048828125,3334.89990234375,3245.5,3305.60009765625,3231.02392578125,551017.0,DIVISLAB.NS
2022-11-23,3322.14990234375,3322.550048828125,3295.0,3299.949951171875,3225.5009765625,321234.0,DIVISLAB.NS
2022-11-24,3316.0,3316.0,3293.10009765625,3305.39990234375,3230.827880859375,310442.0,DIVISLAB.NS
2022-11-25,3294.0,3347.0,3276.0,3342.64990234375,3267.237548828125,385136.0,DIVISLAB.NS
2022-11-28,3352.0,3385.0,3337.5,3375.550048828125,3299.3955078125,498592.0,DIVISLAB.NS
2022-11-29,3377.64990234375,3393.949951171875,3363.0,3372.699951171875,3296.60986328125,233990.0,DIVISLAB.NS
2022-11-30,3377.699951171875,3420.0,3346.35009765625,3404.699951171875,3327.8876953125,1028382.0,DIVISLAB.NS
2022-12-01,3409.89990234375,3425.0,3389.0,3409.050048828125,3332.139892578125,266446.0,DIVISLAB.NS
2022-12-02,3395.0,3395.0,3332.0,3381.25,3304.966796875,475542.0,DIVISLAB.NS
2022-12-05,3394.949951171875,3395.0,3347.0,3368.85009765625,3292.846435546875,379966.0,DIVISLAB.NS
2022-12-06,3360.0,3368.85009765625,3348.60009765625,3355.89990234375,3280.188720703125,254786.0,DIVISLAB.NS
2022-12-07,3356.0,3358.85009765625,3328.0,3338.25,3262.93701171875,211120.0,DIVISLAB.NS
2022-12-08,3341.0,3350.85009765625,3284.5,3287.449951171875,3213.283203125,347880.0,DIVISLAB.NS
2022-12-09,3300.0,3307.699951171875,3263.050048828125,3274.050048828125,3200.185546875,384319.0,DIVISLAB.NS
2022-12-12,3275.0,3349.449951171875,3254.64990234375,3338.800048828125,3263.474609375,396759.0,DIVISLAB.NS
2022-12-13,3347.800048828125,3365.0,3331.85009765625,3355.550048828125,3279.8466796875,217843.0,DIVISLAB.NS
2022-12-14,3370.0,3400.0,3350.550048828125,3393.85009765625,3317.28271484375,334854.0,DIVISLAB.NS
2022-12-15,3393.85009765625,3413.35009765625,3351.0,3365.449951171875,3289.5234375,234168.0,DIVISLAB.NS
2022-12-16,3340.89990234375,3380.0,3312.39990234375,3326.89990234375,3251.843017578125,367711.0,DIVISLAB.NS
2022-12-19,3329.60009765625,3350.0,3303.14990234375,3345.85009765625,3270.36572265625,163186.0,DIVISLAB.NS
2022-12-20,3347.0,3355.0,3308.35009765625,3351.550048828125,3275.93701171875,143983.0,DIVISLAB.NS
2022-12-21,3355.0,3529.5,3351.550048828125,3518.75,3439.364501953125,1455203.0,DIVISLAB.NS
2022-12-22,3534.0,3534.0,3466.5,3495.89990234375,3417.0302734375,594661.0,DIVISLAB.NS
2022-12-23,3490.0,3640.0,3474.10009765625,3498.449951171875,3419.522705078125,1625800.0,DIVISLAB.NS
2022-12-26,3529.949951171875,3549.0,3420.0,3428.800048828125,3351.444091796875,654257.0,DIVISLAB.NS
2022-12-27,3434.0,3499.699951171875,3428.800048828125,3477.10009765625,3398.65478515625,362159.0,DIVISLAB.NS
2022-12-28,3470.0,3499.699951171875,3438.5,3446.35009765625,3368.5986328125,195450.0,DIVISLAB.NS
2022-12-29,3451.0,3492.0,3386.89990234375,3412.199951171875,3335.218994140625,535637.0,DIVISLAB.NS
2022-12-30,3448.60009765625,3448.60009765625,3385.0,3413.199951171875,3336.196044921875,243318.0,DIVISLAB.NS
2023-01-02,3420.0,3420.0,3365.0,3372.64990234375,3296.560791015625,283161.0,DIVISLAB.NS
2023-01-03,3372.64990234375,3402.0,3357.5,3393.0,3316.45166015625,244677.0,DIVISLAB.NS
2023-01-04,3390.199951171875,3449.0,3390.0,3435.550048828125,3358.0419921875,365514.0,DIVISLAB.NS
2023-01-05,3435.550048828125,3470.89990234375,3405.0,3461.85009765625,3383.748779296875,270647.0,DIVISLAB.NS
2023-01-06,3461.85009765625,3485.199951171875,3415.0,3434.89990234375,3357.40625,353616.0,DIVISLAB.NS
2023-01-09,3475.0,3494.0,3446.0,3459.5,3381.45166015625,164412.0,DIVISLAB.NS
2023-01-10,3466.0,3520.0,3452.699951171875,3501.85009765625,3422.84619140625,244607.0,DIVISLAB.NS
2023-01-11,3500.0,3500.0,3406.0,3411.449951171875,3334.4853515625,239027.0,DIVISLAB.NS
2023-01-12,3425.0,3426.449951171875,3281.300048828125,3305.300048828125,3230.73046875,929239.0,DIVISLAB.NS
2023-01-13,3321.85009765625,3359.35009765625,3307.5,3351.699951171875,3276.08349609375,273260.0,DIVISLAB.NS
2023-01-16,3362.199951171875,3367.699951171875,3316.5,3333.199951171875,3258.0009765625,123326.0,DIVISLAB.NS
2023-01-17,3340.0,3352.14990234375,3320.050048828125,3347.39990234375,3271.880615234375,136458.0,DIVISLAB.NS
2023-01-18,3351.60009765625,3394.0,3347.39990234375,3388.5,3312.053466796875,142704.0,DIVISLAB.NS
2023-01-19,3375.0,3388.75,3352.050048828125,3382.0,3305.699951171875,104419.0,DIVISLAB.NS
2023-01-20,3382.0,3400.0,3336.25,3343.14990234375,3267.7265625,168535.0,DIVISLAB.NS
2023-01-23,3343.10009765625,3415.0,3333.449951171875,3385.699951171875,3309.31640625,220594.0,DIVISLAB.NS
2023-01-24,3390.0,3399.0,3345.0,3356.050048828125,3280.335693359375,127508.0,DIVISLAB.NS
2023-01-25,3350.050048828125,3376.800048828125,3303.25,3335.699951171875,3260.44482421875,239083.0,DIVISLAB.NS
2023-01-27,3359.60009765625,3405.0,3315.050048828125,3387.449951171875,3311.027099609375,326612.0,DIVISLAB.NS
2023-01-30,3399.949951171875,3405.050048828125,3352.449951171875,3366.39990234375,3290.45166015625,292148.0,DIVISLAB.NS
2023-01-31,3375.0,3381.14990234375,3309.75,3315.300048828125,3240.5048828125,512249.0,DIVISLAB.NS
2023-02-01,3332.14990234375,3419.0,3300.300048828125,3356.85009765625,3281.117431640625,501235.0,DIVISLAB.NS
2023-02-02,3328.050048828125,3369.5,3254.85009765625,3267.0,3193.29443359375,334618.0,DIVISLAB.NS
2023-02-03,3270.0,3270.0,2795.0,2884.35009765625,2819.27734375,4486682.0,DIVISLAB.NS
2023-02-06,2810.0,2878.10009765625,2745.0,2778.0,2715.326416015625,2195618.0,DIVISLAB.NS
2023-02-07,2790.14990234375,2819.949951171875,2740.10009765625,2750.85009765625,2688.789306640625,1469217.0,DIVISLAB.NS
2023-02-08,2757.949951171875,2822.0,2757.0,2799.050048828125,2735.90185546875,913575.0,DIVISLAB.NS
2023-02-09,2771.050048828125,2856.0,2771.050048828125,2823.14990234375,2759.457763671875,742365.0,DIVISLAB.NS
2023-02-10,2823.14990234375,2837.89990234375,2795.800048828125,2811.25,2747.826416015625,380182.0,DIVISLAB.NS
2023-02-13,2825.35009765625,2825.35009765625,2756.0,2773.199951171875,2710.634765625,473865.0,DIVISLAB.NS
2023-02-14,2798.39990234375,2798.39990234375,2755.0,2791.64990234375,2728.668701171875,213194.0,DIVISLAB.NS
2023-02-15,2790.050048828125,2826.85009765625,2772.0,2822.550048828125,2758.87158203125,214098.0,DIVISLAB.NS
2023-02-16,2835.0,2886.0,2826.60009765625,2876.60009765625,2811.702392578125,498759.0,DIVISLAB.NS
2023-02-17,2876.0,2876.0,2826.0,2829.800048828125,2765.957763671875,282100.0,DIVISLAB.NS
2023-02-20,2834.5,2919.0,2800.0,2900.60009765625,2835.16064453125,740945.0,DIVISLAB.NS
2023-02-21,2910.75,2928.300048828125,2883.199951171875,2918.60009765625,2852.7548828125,419138.0,DIVISLAB.NS
2023-02-22,2915.60009765625,2936.60009765625,2904.35009765625,2920.550048828125,2854.66064453125,461368.0,DIVISLAB.NS
2023-02-23,2920.550048828125,2935.0,2866.0,2873.199951171875,2808.37890625,432267.0,DIVISLAB.NS
2023-02-24,2879.949951171875,2972.0,2879.949951171875,2915.199951171875,2849.431396484375,890366.0,DIVISLAB.NS
2023-02-27,2917.0,2917.0,2845.0,2858.5,2794.010498046875,216200.0,DIVISLAB.NS
2023-02-28,2867.10009765625,2882.5,2816.5,2825.60009765625,2761.8525390625,340040.0,DIVISLAB.NS
2023-03-01,2836.5,2857.0,2823.0,2845.300048828125,2781.108154296875,154311.0,DIVISLAB.NS
2023-03-02,2859.0,2871.300048828125,2827.35009765625,2861.14990234375,2796.6005859375,236175.0,DIVISLAB.NS
2023-03-03,2862.0,2889.0,2841.0,2850.39990234375,2786.09326171875,226069.0,DIVISLAB.NS
2023-03-06,2860.0,2881.0,2842.0,2846.800048828125,2782.574462890625,196556.0,DIVISLAB.NS
2023-03-08,2847.949951171875,2859.699951171875,2821.35009765625,2834.5,2770.552001953125,225841.0,DIVISLAB.NS
2023-03-09,2838.449951171875,2867.0,2803.25,2810.199951171875,2746.800048828125,291637.0,DIVISLAB.NS
2023-03-10,2800.0,2832.800048828125,2779.0,2787.5,2724.6123046875,329958.0,DIVISLAB.NS
2023-03-13,2788.0,2807.14990234375,2758.10009765625,2767.0,2704.57470703125,561906.0,DIVISLAB.NS
2023-03-14,2780.050048828125,2787.89990234375,2730.0,2757.050048828125,2694.84912109375,379187.0,DIVISLAB.NS
2023-03-15,2758.0,2804.800048828125,2757.050048828125,2775.800048828125,2713.17626953125,262757.0,DIVISLAB.NS
2023-03-16,2774.0,2848.699951171875,2767.800048828125,2801.60009765625,2738.394287109375,477596.0,DIVISLAB.NS
2023-03-17,2815.64990234375,2834.449951171875,2785.0,2791.5,2728.522216796875,378313.0,DIVISLAB.NS
2023-03-20,2825.60009765625,2829.949951171875,2787.14990234375,2800.199951171875,2737.025634765625,621061.0,DIVISLAB.NS
2023-03-21,2814.25,2823.0,2762.0,2767.89990234375,2705.454345703125,403214.0,DIVISLAB.NS
2023-03-22,2770.89990234375,2794.89990234375,2769.5,2790.64990234375,2727.69091796875,209784.0,DIVISLAB.NS
2023-03-23,2790.64990234375,2817.449951171875,2785.75,2803.10009765625,2739.860595703125,193035.0,DIVISLAB.NS
2023-03-24,2817.199951171875,2828.14990234375,2795.0,2807.0,2743.672607421875,291918.0,DIVISLAB.NS
2023-03-27,2809.949951171875,2859.89990234375,2808.0,2829.199951171875,2765.37158203125,435250.0,DIVISLAB.NS
2023-03-28,2838.14990234375,2843.550048828125,2775.0,2806.449951171875,2743.134765625,353223.0,DIVISLAB.NS
2023-03-29,2810.0,2840.0,2792.699951171875,2820.25,2756.62353515625,370527.0,DIVISLAB.NS
2023-03-31,2834.39990234375,2840.25,2810.800048828125,2823.35009765625,2759.653564453125,362732.0,DIVISLAB.NS
2023-04-03,2850.0,2883.0,2824.75,2874.699951171875,2809.844970703125,226841.0,DIVISLAB.NS
2023-04-05,2887.0,2895.0,2867.199951171875,2889.800048828125,2824.6044921875,227189.0,DIVISLAB.NS
2023-04-06,2889.800048828125,2935.0,2877.64990234375,2921.449951171875,2855.540283203125,308340.0,DIVISLAB.NS
2023-04-10,2946.75,2946.75,2902.699951171875,2909.64990234375,2844.00634765625,156913.0,DIVISLAB.NS
2023-04-11,2909.699951171875,2942.0,2901.199951171875,2927.35009765625,2861.30712890625,137343.0,DIVISLAB.NS
2023-04-12,2941.0,3227.5,2941.0,3212.10009765625,3139.633056640625,4323187.0,DIVISLAB.NS
2023-04-13,3209.949951171875,3231.14990234375,3143.699951171875,3183.949951171875,3112.1181640625,1162380.0,DIVISLAB.NS
2023-04-17,3183.949951171875,3193.35009765625,3132.0,3162.64990234375,3091.298583984375,323709.0,DIVISLAB.NS
2023-04-18,3174.0,3282.64990234375,3153.050048828125,3270.60009765625,3196.8134765625,823827.0,DIVISLAB.NS
2023-04-19,3261.0,3364.5,3248.050048828125,3342.60009765625,3267.189208984375,1736594.0,DIVISLAB.NS
2023-04-20,3334.699951171875,3337.0,3193.85009765625,3203.10009765625,3130.836181640625,1041887.0,DIVISLAB.NS
2023-04-21,3207.14990234375,3263.75,3207.14990234375,3231.64990234375,3158.741943359375,676213.0,DIVISLAB.NS
2023-04-24,3240.0,3241.800048828125,3184.85009765625,3192.85009765625,3120.8173828125,296889.0,DIVISLAB.NS
2023-04-25,3198.0,3245.949951171875,3172.050048828125,3226.449951171875,3153.6591796875,389268.0,DIVISLAB.NS
2023-04-26,3202.39990234375,3243.75,3195.550048828125,3220.0,3147.35498046875,279817.0,DIVISLAB.NS
2023-04-27,3220.0,3247.85009765625,3202.0,3238.449951171875,3165.388427734375,200579.0,DIVISLAB.NS
2023-04-28,3248.0,3278.5,3216.0,3267.89990234375,3194.174072265625,278679.0,DIVISLAB.NS
2023-05-02,3268.050048828125,3284.35009765625,3245.0,3253.699951171875,3180.29443359375,320408.0,DIVISLAB.NS
2023-05-03,3253.0,3281.949951171875,3236.39990234375,3268.75,3195.005126953125,205036.0,DIVISLAB.NS
2023-05-04,3268.75,3297.449951171875,3254.75,3282.550048828125,3208.493896484375,180313.0,DIVISLAB.NS
2023-05-05,3292.0,3317.800048828125,3264.14990234375,3290.800048828125,3216.557373046875,222487.0,DIVISLAB.NS
2023-05-08,3299.0,3311.0,3275.0,3286.300048828125,3212.1591796875,239343.0,DIVISLAB.NS
2023-05-09,3303.89990234375,3394.64990234375,3273.050048828125,3383.199951171875,3306.872802734375,566809.0,DIVISLAB.NS
2023-05-10,3400.0,3436.0,3349.0,3425.25,3347.97412109375,494159.0,DIVISLAB.NS
2023-05-11,3410.0,3432.0,3222.050048828125,3329.199951171875,3254.09130859375,818423.0,DIVISLAB.NS
2023-05-12,3311.0,3354.0,3190.0,3315.050048828125,3240.26025390625,957967.0,DIVISLAB.NS
2023-05-15,3306.35009765625,3336.35009765625,3265.0,3276.5,3202.580078125,341458.0,DIVISLAB.NS
2023-05-16,3277.949951171875,3332.60009765625,3272.050048828125,3279.449951171875,3205.46337890625,301995.0,DIVISLAB.NS
2023-05-17,3284.14990234375,3296.199951171875,3255.199951171875,3268.0,3194.27197265625,173719.0,DIVISLAB.NS
2023-05-18,3284.0,3284.949951171875,3144.0,3153.5,3082.35546875,766236.0,DIVISLAB.NS
2023-05-19,3144.0,3158.35009765625,3085.5,3098.300048828125,3028.400390625,479974.0,DIVISLAB.NS
2023-05-22,3099.949951171875,3271.14990234375,3051.0,3265.0,3191.33935546875,1538574.0,DIVISLAB.NS
2023-05-23,3241.050048828125,3415.0,3221.050048828125,3385.800048828125,3309.41455078125,1376245.0,DIVISLAB.NS
2023-05-24,3360.0,3407.0,3335.89990234375,3383.14990234375,3306.823974609375,552635.0,DIVISLAB.NS
2023-05-25,3371.050048828125,3452.800048828125,3365.0,3435.64990234375,3358.1396484375,641670.0,DIVISLAB.NS
2023-05-26,3435.64990234375,3520.0,3425.199951171875,3514.0,3434.72216796875,829186.0,DIVISLAB.NS
2023-05-29,3525.0,3534.89990234375,3466.050048828125,3477.85009765625,3399.3876953125,360805.0,DIVISLAB.NS
2023-05-30,3477.0,3477.0,3432.0,3458.0,3379.9853515625,327381.0,DIVISLAB.NS
2023-05-31,3428.0,3503.75,3420.050048828125,3443.60009765625,3365.91064453125,1861153.0,DIVISLAB.NS
2023-06-01,3451.550048828125,3562.0,3443.60009765625,3525.39990234375,3445.86474609375,791714.0,DIVISLAB.NS
2023-06-02,3525.0,3554.449951171875,3495.0,3511.60009765625,3432.376220703125,477154.0,DIVISLAB.NS
2023-06-05,3517.949951171875,3524.75,3455.0,3462.300048828125,3384.1884765625,633073.0,DIVISLAB.NS
2023-06-06,3462.949951171875,3544.0,3441.14990234375,3537.89990234375,3458.082763671875,503263.0,DIVISLAB.NS
2023-06-07,3555.0,3570.0,3526.0,3542.10009765625,3462.188232421875,392590.0,DIVISLAB.NS
2023-06-08,3549.0,3554.60009765625,3489.050048828125,3499.699951171875,3420.744384765625,434625.0,DIVISLAB.NS
2023-06-09,3481.050048828125,3498.949951171875,3420.0,3428.75,3351.395263671875,325701.0,DIVISLAB.NS
2023-06-12,3309.0,3467.449951171875,3308.949951171875,3438.449951171875,3360.876220703125,799646.0,DIVISLAB.NS
2023-06-13,3438.449951171875,3493.949951171875,3435.0,3487.699951171875,3409.01513671875,367056.0,DIVISLAB.NS
2023-06-14,3495.0,3507.39990234375,3462.050048828125,3485.949951171875,3407.304931640625,208081.0,DIVISLAB.NS
2023-06-15,3499.949951171875,3591.0,3487.35009765625,3581.050048828125,3500.25927734375,955066.0,DIVISLAB.NS
2023-06-16,3603.050048828125,3633.10009765625,3570.0,3579.60009765625,3498.842041015625,633543.0,DIVISLAB.NS
2023-06-19,3581.85009765625,3624.0,3572.449951171875,3584.75,3503.875732421875,299174.0,DIVISLAB.NS
2023-06-20,3585.0,3586.5,3533.050048828125,3566.199951171875,3485.744384765625,267277.0,DIVISLAB.NS
2023-06-21,3555.050048828125,3565.0,3501.300048828125,3509.550048828125,3430.372314453125,621642.0,DIVISLAB.NS
2023-06-22,3509.550048828125,3560.0,3501.10009765625,3543.85009765625,3463.898681640625,496166.0,DIVISLAB.NS
2023-06-23,3527.0,3537.85009765625,3450.10009765625,3462.949951171875,3384.82373046875,455679.0,DIVISLAB.NS
2023-06-26,3468.949951171875,3539.949951171875,3467.0,3534.35009765625,3454.613037109375,366126.0,DIVISLAB.NS
2023-06-27,3535.0,3594.0,3534.949951171875,3583.300048828125,3502.45849609375,361257.0,DIVISLAB.NS
2023-06-28,3585.050048828125,3631.699951171875,3585.050048828125,3601.550048828125,3520.296875,454010.0,DIVISLAB.NS
2023-06-30,3615.0,3651.89990234375,3571.0,3583.60009765625,3502.751708984375,432628.0,DIVISLAB.NS
2023-07-03,3586.800048828125,3652.0,3576.25,3587.550048828125,3506.612548828125,574958.0,DIVISLAB.NS
2023-07-04,3600.0,3600.0,3540.050048828125,3550.10009765625,3470.007568359375,248033.0,DIVISLAB.NS
2023-07-05,3576.39990234375,3775.0,3563.14990234375,3747.949951171875,3663.393798828125,1611582.0,DIVISLAB.NS
2023-07-06,3746.699951171875,3748.199951171875,3700.0,3736.85009765625,3652.54443359375,594282.0,DIVISLAB.NS
2023-07-07,3717.0,3740.0,3661.14990234375,3668.64990234375,3585.8828125,489065.0,DIVISLAB.NS
2023-07-10,3685.0,3685.0,3590.75,3639.949951171875,3557.830322265625,289377.0,DIVISLAB.NS
2023-07-11,3661.0,3697.0,3632.449951171875,3641.449951171875,3559.296630859375,257208.0,DIVISLAB.NS
2023-07-12,3650.0,3670.0,3596.75,3633.5,3551.526123046875,320760.0,DIVISLAB.NS
2023-07-13,3646.0,3674.64990234375,3610.050048828125,3620.89990234375,3539.210205078125,227125.0,DIVISLAB.NS
2023-07-14,3659.0,3690.0,3627.0,3677.199951171875,3594.239990234375,295738.0,DIVISLAB.NS
2023-07-17,3684.0,3704.050048828125,3650.199951171875,3662.89990234375,3580.262939453125,232501.0,DIVISLAB.NS
2023-07-18,3670.0,3683.0,3567.0,3626.64990234375,3544.83056640625,385790.0,DIVISLAB.NS
2023-07-19,3626.64990234375,3675.0,3625.0,3638.050048828125,3555.973388671875,328518.0,DIVISLAB.NS
2023-07-20,3650.0,3679.14990234375,3620.050048828125,3666.550048828125,3583.830322265625,336955.0,DIVISLAB.NS
2023-07-21,3661.0,3747.0,3638.449951171875,3688.300048828125,3605.089599609375,629513.0,DIVISLAB.NS
2023-07-24,3688.25,3710.0,3656.949951171875,3686.0,3602.841552734375,304318.0,DIVISLAB.NS
2023-07-25,3695.0,3743.0,3681.10009765625,3719.39990234375,3635.48779296875,323039.0,DIVISLAB.NS
2023-07-26,3743.0,3743.0,3673.550048828125,3680.449951171875,3597.416748046875,293630.0,DIVISLAB.NS
2023-07-27,3694.0,3795.89990234375,3685.300048828125,3741.89990234375,3657.48046875,875566.0,DIVISLAB.NS
2023-07-28,3769.0,3775.0,3710.0,3739.050048828125,3654.694580078125,355259.0,DIVISLAB.NS
2023-07-31,3640.0,3748.949951171875,3640.0,3684.300048828125,3601.179931640625,389638.0,DIVISLAB.NS
2023-08-01,3705.0,3720.60009765625,3625.0,3639.5,3557.390380859375,369042.0,DIVISLAB.NS
2023-08-02,3630.0,3695.0,3577.050048828125,3690.60009765625,3607.337890625,681092.0,DIVISLAB.NS
2023-08-03,3700.0,3764.800048828125,3690.199951171875,3726.300048828125,3642.232421875,619764.0,DIVISLAB.NS
2023-08-04,3726.300048828125,3759.949951171875,3723.0,3745.39990234375,3660.9013671875,280240.0,DIVISLAB.NS
2023-08-07,3762.89990234375,3920.0,3760.0,3910.550048828125,3822.32568359375,1124433.0,DIVISLAB.NS
2023-08-08,3925.050048828125,3934.699951171875,3834.050048828125,3846.39990234375,3759.622802734375,532706.0,DIVISLAB.NS
2023-08-09,3860.0,3860.0,3715.0,3737.699951171875,3653.375244140625,749561.0,DIVISLAB.NS
2023-08-10,3743.800048828125,3775.550048828125,3725.14990234375,3745.5,3660.9990234375,600325.0,DIVISLAB.NS
2023-08-11,3732.949951171875,3742.800048828125,3671.050048828125,3679.14990234375,3625.18212890625,339619.0,DIVISLAB.NS
2023-08-14,3645.10009765625,3747.449951171875,3601.75,3730.550048828125,3675.82861328125,1295993.0,DIVISLAB.NS
2023-08-16,3731.0,3740.0,3653.0,3712.10009765625,3657.6494140625,632601.0,DIVISLAB.NS
2023-08-17,3700.0,3714.10009765625,3636.10009765625,3654.75,3601.14013671875,453444.0,DIVISLAB.NS
2023-08-18,3661.75,3682.14990234375,3621.0,3654.89990234375,3601.288330078125,436067.0,DIVISLAB.NS
2023-08-21,3650.050048828125,3683.5,3646.25,3665.25,3611.486083984375,242728.0,DIVISLAB.NS
2023-08-22,3665.25,3681.449951171875,3638.800048828125,3653.25,3599.662353515625,244583.0,DIVISLAB.NS
2023-08-23,3671.0,3728.800048828125,3660.050048828125,3704.14990234375,3649.815673828125,472425.0,DIVISLAB.NS
2023-08-24,3710.0,3739.75,3644.0,3664.25,3610.5009765625,414907.0,DIVISLAB.NS
2023-08-25,3641.699951171875,3653.949951171875,3616.050048828125,3636.5,3583.158203125,217537.0,DIVISLAB.NS
2023-08-28,3630.0,3656.949951171875,3621.10009765625,3633.25,3579.95556640625,196064.0,DIVISLAB.NS
2023-08-29,3625.050048828125,3673.800048828125,3625.050048828125,3657.10009765625,3603.4560546875,239552.0,DIVISLAB.NS
2023-08-30,3657.10009765625,3678.199951171875,3623.0,3630.800048828125,3577.541748046875,309108.0,DIVISLAB.NS
2023-08-31,3645.0,3656.449951171875,3575.5,3592.10009765625,3539.4091796875,600001.0,DIVISLAB.NS
2023-09-01,3586.0,3600.0,3529.75,3589.300048828125,3536.650390625,586290.0,DIVISLAB.NS
2023-09-04,3590.050048828125,3638.0,3587.0,3629.35009765625,3576.113037109375,336522.0,DIVISLAB.NS
2023-09-05,3629.35009765625,3667.300048828125,3620.050048828125,3642.300048828125,3588.873046875,449961.0,DIVISLAB.NS
2023-09-06,3642.300048828125,3714.89990234375,3632.300048828125,3707.949951171875,3653.56005859375,407338.0,DIVISLAB.NS
2023-09-07,3707.949951171875,3732.75,3660.64990234375,3694.0,3639.814697265625,556079.0,DIVISLAB.NS
2023-09-08,3692.699951171875,3711.699951171875,3668.25,3698.800048828125,3644.5439453125,247373.0,DIVISLAB.NS
2023-09-11,3700.0,3748.89990234375,3691.800048828125,3736.25,3681.44482421875,379770.0,DIVISLAB.NS
2023-09-12,3749.0,3848.0,3725.25,3787.800048828125,3732.23876953125,736438.0,DIVISLAB.NS
2023-09-13,3800.0,3826.0,3740.0,3750.85009765625,3695.830810546875,319699.0,DIVISLAB.NS
2023-09-14,3755.550048828125,3827.949951171875,3755.550048828125,3817.89990234375,3761.89697265625,483608.0,DIVISLAB.NS
2023-09-15,3825.89990234375,3845.0,3805.39990234375,3815.5,3759.532470703125,315409.0,DIVISLAB.NS
2023-09-18,3808.199951171875,3820.0,3771.5,3785.300048828125,3729.775634765625,185723.0,DIVISLAB.NS
2023-09-20,3774.0,3803.39990234375,3755.0,3779.60009765625,3724.158935546875,201038.0,DIVISLAB.NS
2023-09-21,3775.550048828125,3798.199951171875,3733.10009765625,3746.800048828125,3691.840087890625,262481.0,DIVISLAB.NS
2023-09-22,3721.0,3742.0,3685.0,3705.050048828125,3650.702392578125,190002.0,DIVISLAB.NS
2023-09-25,3690.0,3750.0,3688.0,3728.5,3673.80859375,206150.0,DIVISLAB.NS
2023-09-26,3719.949951171875,3764.39990234375,3707.0,3753.800048828125,3698.7373046875,251701.0,DIVISLAB.NS
2023-09-27,3755.85009765625,3859.5,3755.85009765625,3768.0,3712.729248046875,803962.0,DIVISLAB.NS
2023-09-28,3778.199951171875,3799.949951171875,3651.0,3665.0,3611.239990234375,347090.0,DIVISLAB.NS
2023-09-29,3687.0,3784.0,3687.0,3765.14990234375,3709.9208984375,296674.0,DIVISLAB.NS
2023-10-03,3760.050048828125,3764.0,3705.050048828125,3724.449951171875,3669.81787109375,210945.0,DIVISLAB.NS
2023-10-04,3700.0,3732.0,3653.39990234375,3707.75,3653.363037109375,241798.0,DIVISLAB.NS
2023-10-05,3665.0,3705.5,3655.050048828125,3697.199951171875,3642.967529296875,344288.0,DIVISLAB.NS
2023-10-06,3700.0,3728.800048828125,3697.199951171875,3721.800048828125,3667.206787109375,244389.0,DIVISLAB.NS
2023-10-09,3700.0,3796.5,3683.85009765625,3705.300048828125,3650.948974609375,447464.0,DIVISLAB.NS
2023-10-10,3706.949951171875,3725.550048828125,3685.199951171875,3713.64990234375,3659.17626953125,147622.0,DIVISLAB.NS
2023-10-11,3729.0,3767.0,3718.75,3750.550048828125,3695.53515625,205216.0,DIVISLAB.NS
2023-10-12,3799.0,3799.0,3729.14990234375,3755.25,3700.166015625,323652.0,DIVISLAB.NS
2023-10-13,3740.800048828125,3762.449951171875,3730.0,3735.35009765625,3680.55810546875,109845.0,DIVISLAB.NS
2023-10-16,3711.050048828125,3726.60009765625,3639.75,3655.199951171875,3601.583740234375,274847.0,DIVISLAB.NS
2023-10-17,3698.64990234375,3698.64990234375,3627.0,3646.60009765625,3593.110107421875,273198.0,DIVISLAB.NS
2023-10-18,3660.0,3684.199951171875,3633.5,3641.199951171875,3587.7890625,192368.0,DIVISLAB.NS
2023-10-19,3641.0,3656.85009765625,3600.5,3637.75,3584.389892578125,350687.0,DIVISLAB.NS
2023-10-20,3620.0,3634.39990234375,3534.0,3554.300048828125,3502.163818359375,465355.0,DIVISLAB.NS
2023-10-23,3536.14990234375,3625.0,3491.0,3500.949951171875,3449.59619140625,427540.0,DIVISLAB.NS
2023-10-25,3500.0,3519.85009765625,3421.35009765625,3443.449951171875,3392.939697265625,522676.0,DIVISLAB.NS
2023-10-26,3430.699951171875,3433.75,3380.0,3406.39990234375,3356.43310546875,538755.0,DIVISLAB.NS
2023-10-27,3407.0,3437.39990234375,3396.449951171875,3411.949951171875,3361.90185546875,283983.0,DIVISLAB.NS
2023-10-30,3429.0,3447.199951171875,3384.5,3403.39990234375,3353.477294921875,244149.0,DIVISLAB.NS
2023-10-31,3400.39990234375,3422.949951171875,3372.300048828125,3388.35009765625,3338.64794921875,220543.0,DIVISLAB.NS
2023-11-01,3400.0,3408.75,3340.0,3346.050048828125,3296.968505859375,292897.0,DIVISLAB.NS
2023-11-02,3360.60009765625,3407.75,3330.050048828125,3343.699951171875,3294.65283203125,406645.0,DIVISLAB.NS
2023-11-03,3368.0,3387.89990234375,3340.10009765625,3350.699951171875,3301.550048828125,352546.0,DIVISLAB.NS
2023-11-06,3360.0,3530.89990234375,3295.300048828125,3506.699951171875,3455.261962890625,1821472.0,DIVISLAB.NS
2023-11-07,3435.60009765625,3568.800048828125,3401.050048828125,3481.39990234375,3430.333251953125,1291049.0,DIVISLAB.NS
2023-11-08,3485.0,3536.64990234375,3481.64990234375,3490.89990234375,3439.693603515625,480765.0,DIVISLAB.NS
2023-11-09,3510.0,3520.0,3471.10009765625,3498.5,3447.18212890625,296978.0,DIVISLAB.NS
2023-11-10,3491.050048828125,3499.0,3472.25,3493.199951171875,3441.9599609375,121439.0,DIVISLAB.NS
2023-11-13,3500.0,3562.89990234375,3487.25,3510.0,3458.513671875,235202.0,DIVISLAB.NS
2023-11-15,3534.949951171875,3540.0,3501.25,3536.85009765625,3484.9697265625,256472.0,DIVISLAB.NS
2023-11-16,3536.85009765625,3570.39990234375,3520.0,3548.25,3496.20263671875,249987.0,DIVISLAB.NS
2023-11-17,3550.0,3619.0,3550.0,3600.85009765625,3548.03125,297110.0,DIVISLAB.NS
2023-11-20,3609.949951171875,3757.0,3604.10009765625,3672.949951171875,3619.0732421875,1601236.0,DIVISLAB.NS
2023-11-21,3681.89990234375,3734.300048828125,3654.0,3721.60009765625,3667.010009765625,388729.0,DIVISLAB.NS
2023-11-22,3710.0,3743.550048828125,3685.0,3701.699951171875,3647.401611328125,317027.0,DIVISLAB.NS
2023-11-23,3705.550048828125,3725.0,3640.10009765625,3688.5,3634.395263671875,252188.0,DIVISLAB.NS
2023-11-24,3688.5,3778.949951171875,3686.949951171875,3764.800048828125,3709.575927734375,829615.0,DIVISLAB.NS
2023-11-28,3770.0,3786.35009765625,3743.449951171875,3760.14990234375,3704.994140625,197926.0,DIVISLAB.NS
2023-11-29,3761.0,3775.949951171875,3720.949951171875,3729.75,3675.040283203125,329180.0,DIVISLAB.NS
2023-11-30,3729.550048828125,3809.0,3729.550048828125,3788.699951171875,3733.125244140625,887438.0,DIVISLAB.NS
2023-12-01,3799.0,3819.699951171875,3772.0,3792.699951171875,3737.066650390625,260031.0,DIVISLAB.NS
2023-12-04,3810.0,3835.050048828125,3790.0,3798.10009765625,3742.387939453125,318936.0,DIVISLAB.NS
2023-12-05,3789.050048828125,3810.0,3724.050048828125,3741.14990234375,3686.272705078125,449862.0,DIVISLAB.NS
2023-12-06,3762.85009765625,3781.60009765625,3716.35009765625,3734.449951171875,3679.671142578125,298255.0,DIVISLAB.NS
2023-12-07,3734.449951171875,3772.89990234375,3724.0,3734.35009765625,3679.57275390625,281509.0,DIVISLAB.NS
2023-12-08,3739.0,3747.449951171875,3662.39990234375,3681.75,3627.744384765625,455037.0,DIVISLAB.NS
2023-12-11,3679.0,3693.550048828125,3641.75,3670.5,3616.6591796875,247368.0,DIVISLAB.NS
2023-12-12,3670.5,3694.949951171875,3631.0,3647.60009765625,3594.095458984375,188686.0,DIVISLAB.NS
2023-12-13,3669.800048828125,3676.0,3612.0,3656.0,3602.3720703125,355453.0,DIVISLAB.NS
2023-12-14,3663.89990234375,3703.949951171875,3641.0,3683.199951171875,3629.173095703125,448099.0,DIVISLAB.NS
2023-12-15,3700.0,3720.300048828125,3679.050048828125,3697.050048828125,3642.820068359375,338280.0,DIVISLAB.NS
2023-12-18,3690.0,3773.949951171875,3687.25,3713.050048828125,3658.585205078125,457133.0,DIVISLAB.NS
2023-12-19,3713.0,3739.0,3689.199951171875,3723.89990234375,3669.27587890625,287231.0,DIVISLAB.NS
2023-12-20,3752.0,3752.0,3604.800048828125,3620.0,3566.89990234375,346170.0,DIVISLAB.NS
2023-12-21,3615.0,3649.800048828125,3565.550048828125,3632.699951171875,3579.413818359375,353261.0,DIVISLAB.NS
2023-12-22,3650.0,3762.89990234375,3643.949951171875,3694.949951171875,3640.750732421875,898967.0,DIVISLAB.NS
2023-12-26,3699.050048828125,3897.0,3694.0,3863.5,3806.82861328125,1249185.0,DIVISLAB.NS
2023-12-27,3894.0,3917.0,3845.5,3884.25,3827.27392578125,598775.0,DIVISLAB.NS
2023-12-28,3900.0,3952.0,3861.35009765625,3939.949951171875,3882.15673828125,668311.0,DIVISLAB.NS
2023-12-29,3949.0,3949.0,3896.35009765625,3903.89990234375,3846.6357421875,262845.0,DIVISLAB.NS
2024-01-01,3910.0,3939.949951171875,3882.14990234375,3915.89990234375,3858.459716796875,240126.0,DIVISLAB.NS
2024-01-02,3925.0,4052.10009765625,3905.199951171875,4030.0,3970.8857421875,1386959.0,DIVISLAB.NS
2024-01-03,4050.0,4064.5,4012.0,4030.60009765625,3971.47705078125,452402.0,DIVISLAB.NS
2024-01-04,4050.0,4074.39990234375,3973.199951171875,4042.14990234375,3982.857666015625,485788.0,DIVISLAB.NS
2024-01-05,4052.0,4070.10009765625,3980.0,4014.75,3955.85986328125,313459.0,DIVISLAB.NS
2024-01-08,3999.0,4025.35009765625,3910.449951171875,3934.14990234375,3876.441650390625,403753.0,DIVISLAB.NS
2024-01-09,3948.949951171875,4004.0,3920.60009765625,3984.64990234375,3926.201171875,468363.0,DIVISLAB.NS
2024-01-10,3984.64990234375,4016.89990234375,3877.550048828125,3902.64990234375,3845.404052734375,351976.0,DIVISLAB.NS
2024-01-11,3902.64990234375,3942.89990234375,3881.699951171875,3905.199951171875,3847.91650390625,238212.0,DIVISLAB.NS
2024-01-12,3911.949951171875,3925.199951171875,3860.5,3883.949951171875,3826.978271484375,291344.0,DIVISLAB.NS
2024-01-15,3900.0,3943.949951171875,3871.75,3909.60009765625,3852.25244140625,326872.0,DIVISLAB.NS
2024-01-16,3909.60009765625,3926.35009765625,3800.39990234375,3814.5,3758.546875,483779.0,DIVISLAB.NS
2024-01-17,3810.10009765625,3819.89990234375,3717.35009765625,3728.800048828125,3674.10400390625,574671.0,DIVISLAB.NS
2024-01-18,3728.800048828125,3756.550048828125,3585.0,3700.199951171875,3645.923583984375,651966.0,DIVISLAB.NS
2024-01-19,3730.0,3733.35009765625,3664.199951171875,3693.800048828125,3639.617431640625,324763.0,DIVISLAB.NS
2024-01-23,3700.0,3700.0,3585.85009765625,3615.35009765625,3562.318359375,387616.0,DIVISLAB.NS
2024-01-24,3650.0,3671.949951171875,3609.0,3643.550048828125,3590.104736328125,377660.0,DIVISLAB.NS
2024-01-25,3644.0,3660.0,3547.25,3578.89990234375,3526.40283203125,407761.0,DIVISLAB.NS
2024-01-29,3578.0,3586.0,3550.10009765625,3570.60009765625,3518.224853515625,765970.0,DIVISLAB.NS
2024-01-30,3574.949951171875,3619.35009765625,3540.300048828125,3551.699951171875,3499.60205078125,1052177.0,DIVISLAB.NS
2024-01-31,3585.0,3680.89990234375,3560.050048828125,3670.60009765625,3616.758056640625,840784.0,DIVISLAB.NS
2024-02-01,3696.0,3696.0,3636.050048828125,3655.39990234375,3601.780517578125,393645.0,DIVISLAB.NS
2024-02-02,3665.0,3744.699951171875,3665.0,3699.39990234375,3645.135009765625,423758.0,DIVISLAB.NS
2024-02-05,3699.39990234375,3742.0,3664.550048828125,3699.5,3645.23388671875,518516.0,DIVISLAB.NS
2024-02-06,3698.0,3744.39990234375,3689.89990234375,3726.5,3671.837890625,276514.0,DIVISLAB.NS
2024-02-07,3739.949951171875,3771.0,3702.199951171875,3731.800048828125,3677.060302734375,226715.0,DIVISLAB.NS
2024-02-08,3745.949951171875,3765.0,3660.39990234375,3684.39990234375,3630.35546875,399402.0,DIVISLAB.NS
2024-02-09,3697.5,3697.5,3613.5,3652.300048828125,3598.726318359375,415749.0,DIVISLAB.NS
2024-02-12,3650.0,3818.60009765625,3645.699951171875,3740.14990234375,3685.28759765625,1303179.0,DIVISLAB.NS
2024-02-13,3740.14990234375,3832.800048828125,3687.0,3700.449951171875,3646.169921875,814115.0,DIVISLAB.NS
2024-02-14,3690.0,3728.64990234375,3632.050048828125,3719.64990234375,3665.088134765625,452222.0,DIVISLAB.NS
2024-02-15,3729.699951171875,3745.0,3696.550048828125,3708.85009765625,3654.44677734375,288401.0,DIVISLAB.NS
2024-02-16,3708.699951171875,3778.89990234375,3708.0,3729.199951171875,3674.498046875,625808.0,DIVISLAB.NS
2024-02-19,3730.0,3763.25,3715.699951171875,3723.449951171875,3668.832763671875,217681.0,DIVISLAB.NS
2024-02-20,3723.0,3739.0,3675.199951171875,3712.75,3658.28955078125,328713.0,DIVISLAB.NS
2024-02-21,3708.050048828125,3739.699951171875,3637.199951171875,3649.10009765625,3595.5732421875,386150.0,DIVISLAB.NS
2024-02-22,3659.699951171875,3659.699951171875,3597.050048828125,3645.39990234375,3591.927490234375,485941.0,DIVISLAB.NS
2024-02-23,3645.39990234375,3669.050048828125,3626.85009765625,3648.10009765625,3594.587890625,326640.0,DIVISLAB.NS
2024-02-26,3649.0,3655.0,3556.35009765625,3577.35009765625,3524.875732421875,404285.0,DIVISLAB.NS
2024-02-27,3580.0,3598.0,3509.89990234375,3539.800048828125,3487.87646484375,524599.0,DIVISLAB.NS
2024-02-28,3540.0,3553.449951171875,3507.0,3518.35009765625,3466.7412109375,464435.0,DIVISLAB.NS
2024-02-29,3509.199951171875,3529.39990234375,3465.0,3488.800048828125,3437.62451171875,807900.0,DIVISLAB.NS
2024-03-01,3491.0,3519.0,3474.0,3482.39990234375,3431.318359375,347396.0,DIVISLAB.NS
2024-03-04,3514.800048828125,3542.0,3478.0,3482.300048828125,3431.219970703125,494795.0,DIVISLAB.NS
2024-03-05,3484.60009765625,3496.5,3452.0,3484.449951171875,3433.33837890625,485056.0,DIVISLAB.NS
2024-03-06,3485.0,3560.0,3450.0,3544.64990234375,3492.6552734375,642191.0,DIVISLAB.NS
2024-03-07,3544.64990234375,3620.0,3536.5,3601.60009765625,3548.77001953125,624261.0,DIVISLAB.NS
2024-03-11,3601.60009765625,3652.050048828125,3586.050048828125,3604.75,3551.873779296875,408279.0,DIVISLAB.NS
2024-03-12,3600.0,3634.89990234375,3564.60009765625,3577.75,3525.269775390625,415249.0,DIVISLAB.NS
2024-03-13,3577.75,3587.0,3454.75,3479.800048828125,3428.756591796875,402498.0,DIVISLAB.NS
2024-03-14,3460.0,3530.0,3441.0,3517.89990234375,3466.297607421875,385179.0,DIVISLAB.NS
2024-03-15,3517.10009765625,3524.699951171875,3455.050048828125,3485.39990234375,3434.2744140625,317079.0,DIVISLAB.NS
2024-03-18,3485.39990234375,3520.0,3475.0,3506.60009765625,3455.16357421875,171118.0,DIVISLAB.NS
2024-03-19,3509.800048828125,3514.949951171875,3422.050048828125,3447.14990234375,3396.58544921875,525027.0,DIVISLAB.NS
2024-03-20,3447.14990234375,3460.0,3397.14990234375,3428.300048828125,3378.01220703125,517131.0,DIVISLAB.NS
2024-03-21,3444.800048828125,3477.39990234375,3431.25,3465.300048828125,3414.46923828125,279116.0,DIVISLAB.NS
2024-03-22,3463.0,3476.35009765625,3425.0,3431.449951171875,3381.11572265625,409887.0,DIVISLAB.NS
2024-03-26,3400.0,3439.0,3375.0,3391.0,3341.25927734375,478462.0,DIVISLAB.NS
2024-03-27,3390.0,3403.39990234375,3350.0,3367.85009765625,3318.44873046875,506472.0,DIVISLAB.NS
2024-03-28,3367.050048828125,3469.699951171875,3367.050048828125,3445.300048828125,3394.7626953125,1145370.0,DIVISLAB.NS
2024-04-01,3450.0,3590.0,3450.0,3567.949951171875,3515.61376953125,651461.0,DIVISLAB.NS
2024-04-02,3571.0,3636.0,3555.199951171875,3622.5,3569.36328125,675426.0,DIVISLAB.NS
2024-04-03,3663.800048828125,3726.0,3611.050048828125,3684.89990234375,3630.84814453125,799460.0,DIVISLAB.NS
2024-04-04,3708.0,3755.89990234375,3688.25,3734.199951171875,3679.4248046875,976430.0,DIVISLAB.NS
2024-04-05,3734.25,3784.0,3726.699951171875,3748.14990234375,3693.170166015625,553607.0,DIVISLAB.NS
2024-04-08,3750.0,3813.0,3720.550048828125,3796.0,3740.318603515625,602786.0,DIVISLAB.NS
2024-04-09,3806.0,3822.0,3772.050048828125,3804.949951171875,3749.13720703125,275295.0,DIVISLAB.NS
2024-04-10,3763.0,3776.050048828125,3705.14990234375,3739.10009765625,3684.253173828125,1015345.0,DIVISLAB.NS
2024-04-12,3739.0,3809.0,3728.0,3779.699951171875,3724.25732421875,573189.0,DIVISLAB.NS
2024-04-15,3770.0,3770.0,3686.199951171875,3716.550048828125,3662.033935546875,428141.0,DIVISLAB.NS
2024-04-16,3699.949951171875,3781.0,3686.199951171875,3764.199951171875,3708.984619140625,318671.0,DIVISLAB.NS
2024-04-18,3780.0,3781.10009765625,3695.199951171875,3708.89990234375,3654.495849609375,802591.0,DIVISLAB.NS
2024-04-19,3661.0,3710.85009765625,3641.0,3671.699951171875,3617.841796875,746223.0,DIVISLAB.NS
2024-04-22,3689.75,3744.699951171875,3675.0,3737.5,3682.676513671875,439590.0,DIVISLAB.NS
2024-04-23,3737.5,3780.050048828125,3730.0,3768.64990234375,3713.36962890625,307637.0,DIVISLAB.NS
2024-04-24,3779.64990234375,3823.949951171875,3765.550048828125,3813.800048828125,3757.857421875,473558.0,DIVISLAB.NS
2024-04-25,3834.0,3876.800048828125,3790.550048828125,3843.800048828125,3787.417236328125,835354.0,DIVISLAB.NS
2024-04-26,3850.0,4039.0,3836.050048828125,4016.35009765625,3957.436279296875,1155173.0,DIVISLAB.NS
2024-04-29,4025.0,4100.0,3971.10009765625,3989.25,3930.73388671875,752787.0,DIVISLAB.NS
2024-04-30,4013.0,4066.0,3973.60009765625,4002.39990234375,3943.69091796875,360469.0,DIVISLAB.NS
2024-05-02,4002.39990234375,4009.0,3935.5,3964.64990234375,3906.49462890625,868450.0,DIVISLAB.NS
2024-05-03,3965.10009765625,3991.0,3900.0,3950.949951171875,3892.995361328125,348122.0,DIVISLAB.NS
2024-05-06,3950.949951171875,3989.0,3901.14990234375,3963.0,3904.86865234375,271254.0,DIVISLAB.NS
2024-05-07,3969.550048828125,3969.550048828125,3873.25,3911.39990234375,3854.025390625,291924.0,DIVISLAB.NS
2024-05-08,3903.0,3951.39990234375,3873.14990234375,3927.35009765625,3869.74169921875,308127.0,DIVISLAB.NS
2024-05-09,3934.0,3949.050048828125,3755.199951171875,3789.949951171875,3734.35693359375,626179.0,DIVISLAB.NS
2024-05-10,3794.75,3831.35009765625,3768.0,3793.5,3737.855224609375,276308.0,DIVISLAB.NS
2024-05-13,3776.10009765625,3933.199951171875,3724.0,3911.5,3854.124267578125,608329.0,DIVISLAB.NS
2024-05-14,3910.0,3955.0,3865.14990234375,3896.199951171875,3839.048828125,262796.0,DIVISLAB.NS
2024-05-15,3896.5,3949.949951171875,3867.550048828125,3892.550048828125,3835.4521484375,188401.0,DIVISLAB.NS
2024-05-16,3896.0,3945.0,3830.0,3931.14990234375,3873.486083984375,362920.0,DIVISLAB.NS
2024-05-17,3935.0,3954.699951171875,3895.60009765625,3910.75,3853.385009765625,267526.0,DIVISLAB.NS
2024-05-21,3861.699951171875,4038.89990234375,3850.0,4016.550048828125,3957.63330078125,472233.0,DIVISLAB.NS
2024-05-22,4051.0,4071.75,3986.699951171875,4058.550048828125,3999.01708984375,398441.0,DIVISLAB.NS
2024-05-23,4060.0,4127.5498046875,4027.39990234375,4113.0,4052.66845703125,693482.0,DIVISLAB.NS
2024-05-24,4113.0,4175.0,4105.5498046875,4122.39990234375,4061.93017578125,612183.0,DIVISLAB.NS
2024-05-27,4298.75,4359.0,4215.60009765625,4255.25,4192.83203125,2534740.0,DIVISLAB.NS
2024-05-28,4242.75,4401.60009765625,4238.4501953125,4392.10009765625,4327.6748046875,2151413.0,DIVISLAB.NS
2024-05-29,4360.0,4467.5,4355.5498046875,4448.0,4382.75439453125,1220726.0,DIVISLAB.NS
2024-05-30,4444.0498046875,4465.0,4390.0,4412.7998046875,4348.07080078125,768574.0,DIVISLAB.NS
2024-05-31,4427.4501953125,4455.85009765625,4290.14990234375,4307.2001953125,4244.02001953125,970571.0,DIVISLAB.NS
2024-06-03,4400.0,4435.5,4292.9501953125,4321.89990234375,4258.50390625,515368.0,DIVISLAB.NS
2024-06-04,4323.39990234375,4422.60009765625,4180.5,4324.14990234375,4260.72119140625,847809.0,DIVISLAB.NS
2024-06-05,4334.35009765625,4525.0,4306.75,4502.7001953125,4436.65234375,1077221.0,DIVISLAB.NS
2024-06-06,4500.0,4500.0,4366.60009765625,4448.89990234375,4383.64111328125,790310.0,DIVISLAB.NS
2024-06-07,4450.7998046875,4540.39990234375,4438.7998046875,4524.0498046875,4457.68896484375,432970.0,DIVISLAB.NS
2024-06-10,4524.0498046875,4579.60009765625,4515.0498046875,4536.25,4469.7099609375,462274.0,DIVISLAB.NS
2024-06-11,4560.0,4585.0,4462.2998046875,4475.4501953125,4409.8017578125,264078.0,DIVISLAB.NS
2024-06-12,4504.0,4515.0,4433.89990234375,4452.35009765625,4387.041015625,296209.0,DIVISLAB.NS
2024-06-13,4501.2998046875,4617.0,4496.85009765625,4593.5,4526.1201171875,1275865.0,DIVISLAB.NS
2024-06-14,4595.0,4627.9501953125,4559.10009765625,4588.60009765625,4521.29248046875,281968.0,DIVISLAB.NS
2024-06-18,4521.0,4583.89990234375,4521.0,4564.5,4497.5458984375,241254.0,DIVISLAB.NS
2024-06-19,4565.0,4581.2998046875,4466.0,4479.7001953125,4413.990234375,223028.0,DIVISLAB.NS
2024-06-20,4486.0,4522.25,4439.7001953125,4504.0498046875,4437.982421875,412934.0,DIVISLAB.NS
2024-06-21,4500.0,4575.9501953125,4489.75,4522.14990234375,4455.81689453125,583517.0,DIVISLAB.NS
2024-06-24,4512.60009765625,4555.4501953125,4488.5,4519.5498046875,4453.2548828125,188506.0,DIVISLAB.NS
2024-06-25,4515.0,4597.4501953125,4488.0498046875,4539.2998046875,4472.71533203125,353120.0,DIVISLAB.NS
2024-06-26,4546.4501953125,4568.89990234375,4512.5,4545.35009765625,4478.6767578125,203886.0,DIVISLAB.NS
2024-06-27,4545.35009765625,4556.0498046875,4500.10009765625,4522.35009765625,4456.0146484375,531345.0,DIVISLAB.NS
2024-06-28,4522.35009765625,4648.4501953125,4522.35009765625,4596.4501953125,4529.02734375,391476.0,DIVISLAB.NS
2024-07-01,4596.4501953125,4615.2001953125,4540.2001953125,4602.10009765625,4534.59423828125,507284.0,DIVISLAB.NS
2024-07-02,4607.7001953125,4620.85009765625,4565.25,4571.4501953125,4504.3935546875,258530.0,DIVISLAB.NS
2024-07-03,4576.9501953125,4595.0498046875,4505.0,4559.14990234375,4492.27392578125,573402.0,DIVISLAB.NS
2024-07-04,4559.14990234375,4577.39990234375,4521.7001953125,4544.0498046875,4477.3955078125,242990.0,DIVISLAB.NS
2024-07-05,4550.0,4670.0,4550.0,4629.7001953125,4561.78955078125,1285879.0,DIVISLAB.NS
2024-07-08,4629.39990234375,4649.64990234375,4445.0,4464.2001953125,4398.716796875,890261.0,DIVISLAB.NS
2024-07-09,4491.39990234375,4582.89990234375,4458.0,4551.9501953125,4485.18017578125,769145.0,DIVISLAB.NS
2024-07-10,4572.0,4651.85009765625,4536.7998046875,4636.9501953125,4568.93310546875,550188.0,DIVISLAB.NS
2024-07-11,4656.7001953125,4660.0,4565.0498046875,4582.5,4515.28173828125,559139.0,DIVISLAB.NS
2024-07-12,4590.0,4594.60009765625,4485.2998046875,4539.2998046875,4472.71533203125,661038.0,DIVISLAB.NS
2024-07-15,4542.0,4604.35009765625,4536.10009765625,4575.39990234375,4508.28564453125,616728.0,DIVISLAB.NS
2024-07-16,4575.39990234375,4598.9501953125,4551.7001953125,4570.7998046875,4503.75341796875,266585.0,DIVISLAB.NS
2024-07-18,4550.0,4603.10009765625,4515.75,4584.7998046875,4517.5478515625,432503.0,DIVISLAB.NS
2024-07-19,4580.0,4587.25,4496.4501953125,4519.7998046875,4453.5009765625,279117.0,DIVISLAB.NS
2024-07-22,4500.0,4577.35009765625,4441.35009765625,4534.7998046875,4468.28076171875,308095.0,DIVISLAB.NS
2024-07-23,4521.0,4541.0498046875,4395.2998046875,4527.0,4460.595703125,499837.0,DIVISLAB.NS
2024-07-24,4506.2001953125,4579.2998046875,4501.4501953125,4551.60009765625,4484.8349609375,392515.0,DIVISLAB.NS
2024-07-25,4530.0,4582.7001953125,4475.2998046875,4547.0,4480.30224609375,232749.0,DIVISLAB.NS
2024-07-26,4570.9501953125,4810.0,4563.85009765625,4790.60009765625,4720.3291015625,1262221.0,DIVISLAB.NS
2024-07-29,4804.0,4951.0,4771.7001953125,4923.85009765625,4851.625,886247.0,DIVISLAB.NS
2024-07-30,4923.85009765625,4945.0,4889.14990234375,4912.35009765625,4840.29296875,515488.0,DIVISLAB.NS
2024-07-31,4904.35009765625,4943.75,4800.2001953125,4923.2001953125,4850.984375,1167323.0,DIVISLAB.NS
2024-08-01,4930.0,5008.0,4900.0,4917.89990234375,4845.76220703125,622863.0,DIVISLAB.NS
2024-08-02,4861.7001953125,5010.0,4839.10009765625,4991.25,4948.22119140625,960970.0,DIVISLAB.NS
2024-08-05,4933.5498046875,4988.89990234375,4778.0,4826.9501953125,4785.33740234375,1449786.0,DIVISLAB.NS
2024-08-06,4830.0,4959.0,4815.0498046875,4827.5498046875,4785.931640625,403211.0,DIVISLAB.NS
2024-08-07,4841.0,4957.10009765625,4841.0,4946.5,4903.8564453125,590493.0,DIVISLAB.NS
2024-08-08,4920.10009765625,5024.85009765625,4823.0,4834.5,4792.822265625,722958.0,DIVISLAB.NS
2024-08-09,4904.7998046875,4904.7998046875,4816.0498046875,4829.9501953125,4788.3115234375,222355.0,DIVISLAB.NS
2024-08-12,4828.9501953125,4905.0,4777.5498046875,4891.0,4848.8349609375,431270.0,DIVISLAB.NS
2024-08-13,4900.0,4919.9501953125,4803.0498046875,4861.7998046875,4819.88671875,203334.0,DIVISLAB.NS
2024-08-14,4848.0,4848.0,4642.0498046875,4662.0,4621.80908203125,729449.0,DIVISLAB.NS
2024-08-16,4665.0,4709.7998046875,4623.2998046875,4633.89990234375,4593.95166015625,522991.0,DIVISLAB.NS
2024-08-19,4665.0,4689.9501953125,4615.5498046875,4669.89990234375,4629.64111328125,232374.0,DIVISLAB.NS
2024-08-20,4674.7998046875,4728.85009765625,4663.2998046875,4723.14990234375,4682.43212890625,255795.0,DIVISLAB.NS
2024-08-21,4736.0,4963.35009765625,4734.9501953125,4900.7998046875,4858.55029296875,1371112.0,DIVISLAB.NS
2024-08-22,4927.5,4929.9501953125,4869.0,4911.4501953125,4869.109375,480842.0,DIVISLAB.NS
2024-08-23,4927.0,4950.0,4828.9501953125,4855.9501953125,4814.08740234375,420463.0,DIVISLAB.NS
2024-08-26,4860.0,4934.0,4860.0,4926.25,4883.78125,288510.0,DIVISLAB.NS
2024-08-27,4908.0,4995.5,4875.0,4902.5,4860.236328125,400046.0,DIVISLAB.NS
2024-08-28,4882.10009765625,5096.0,4858.9501953125,5030.7001953125,4987.3310546875,963990.0,DIVISLAB.NS
2024-08-29,5049.89990234375,5077.35009765625,4990.0498046875,5012.5498046875,4969.3369140625,430810.0,DIVISLAB.NS
2024-08-30,5019.5,5132.5,5019.5,5093.89990234375,5049.98583984375,853203.0,DIVISLAB.NS
2024-09-02,5124.7998046875,5132.9501953125,5023.0498046875,5036.85009765625,4993.42822265625,196235.0,DIVISLAB.NS
2024-09-03,5036.85009765625,5098.4501953125,5036.5498046875,5066.0,5022.32666015625,288902.0,DIVISLAB.NS
2024-09-04,5060.5,5110.0,5015.25,5096.60009765625,5052.6630859375,313543.0,DIVISLAB.NS
2024-09-05,5100.0,5164.4501953125,5087.14990234375,5120.89990234375,5076.7529296875,491284.0,DIVISLAB.NS
2024-09-06,5127.0,5170.0,5062.35009765625,5137.7998046875,5093.50732421875,432124.0,DIVISLAB.NS
2024-09-09,5105.0,5194.2998046875,5082.2001953125,5173.5,5128.89990234375,354291.0,DIVISLAB.NS
2024-09-10,5200.9501953125,5447.35009765625,5198.0,5426.4501953125,5379.66943359375,1628691.0,DIVISLAB.NS
2024-09-11,5405.0,5469.89990234375,5380.0498046875,5439.2998046875,5392.408203125,595689.0,DIVISLAB.NS
2024-09-12,5450.0,5513.0,5396.2001953125,5482.7998046875,5435.533203125,763771.0,DIVISLAB.NS
2024-09-13,5465.0498046875,5531.75,5403.0498046875,5498.64990234375,5451.24658203125,401361.0,DIVISLAB.NS
2024-09-16,5495.0,5520.0,5471.7001953125,5479.35009765625,5432.11328125,238494.0,DIVISLAB.NS
2024-09-17,5479.0498046875,5560.0,5436.0,5452.2001953125,5405.197265625,529121.0,DIVISLAB.NS
2024-09-18,5451.9501953125,5482.7001953125,5392.0498046875,5469.14990234375,5422.00048828125,213575.0,DIVISLAB.NS
2024-09-19,5469.14990234375,5513.0,5419.0,5429.2001953125,5382.3955078125,341889.0,DIVISLAB.NS
2024-09-20,5456.2998046875,5505.0,5427.35009765625,5450.75,5403.75927734375,630993.0,DIVISLAB.NS
2024-09-23,5490.0,5582.9501953125,5364.5,5372.85009765625,5326.53125,588823.0,DIVISLAB.NS
2024-09-24,5375.0,5419.7001953125,5317.64990234375,5375.7998046875,5329.45556640625,515534.0,DIVISLAB.NS
2024-09-25,5375.7998046875,5448.5,5354.5,5394.2998046875,5347.7958984375,693122.0,DIVISLAB.NS
2024-09-26,5410.0,5418.60009765625,5292.25,5379.2998046875,5332.92578125,554676.0,DIVISLAB.NS
2024-09-27,5371.7001953125,5523.2998046875,5315.64990234375,5457.89990234375,5410.84814453125,6886792.0,DIVISLAB.NS
2024-09-30,5472.9501953125,5512.14990234375,5378.5498046875,5443.35009765625,5396.42333984375,820627.0,DIVISLAB.NS
2024-10-01,5440.5498046875,5464.0498046875,5362.75,5423.7998046875,5377.04150390625,686142.0,DIVISLAB.NS
2024-10-03,5400.0,5493.7001953125,5241.7001953125,5430.2998046875,5383.48583984375,602874.0,DIVISLAB.NS
2024-10-04,5408.0,5522.2001953125,5385.25,5425.5498046875,5378.7763671875,524300.0,DIVISLAB.NS
2024-10-07,5448.0,5521.0,5376.7001953125,5404.35009765625,5357.759765625,383652.0,DIVISLAB.NS
2024-10-08,5401.7001953125,5566.5,5398.64990234375,5547.0498046875,5499.22900390625,396786.0,DIVISLAB.NS
2024-10-09,5655.89990234375,6029.9501953125,5642.0498046875,5989.75,5938.11328125,3022787.0,DIVISLAB.NS
2024-10-10,5960.0,6022.0,5920.2998046875,5942.14990234375,5890.92333984375,640572.0,DIVISLAB.NS
2024-10-11,5975.0,6159.85009765625,5958.89990234375,6142.25,6089.29833984375,1089288.0,DIVISLAB.NS
2024-10-14,6140.0,6235.0,6118.0498046875,6214.85009765625,6161.2724609375,647056.0,DIVISLAB.NS
2024-10-15,6150.0,6275.85009765625,6020.35009765625,6106.7001953125,6054.05517578125,1370567.0,DIVISLAB.NS
2024-10-16,6101.7001953125,6142.75,6057.0,6123.64990234375,6070.85888671875,476603.0,DIVISLAB.NS
2024-10-17,6123.64990234375,6170.9501953125,6045.60009765625,6077.39990234375,6025.00732421875,290563.0,DIVISLAB.NS
2024-10-18,6077.4501953125,6091.89990234375,6004.64990234375,6022.25,5970.3330078125,334347.0,DIVISLAB.NS
2024-10-21,6029.9501953125,6108.39990234375,5909.35009765625,5925.0,5873.92138671875,566368.0,DIVISLAB.NS
2024-10-22,5920.0,5964.0,5805.0,5817.9501953125,5767.7939453125,569761.0,DIVISLAB.NS
2024-10-23,5804.39990234375,5858.39990234375,5717.25,5727.60009765625,5678.22314453125,327730.0,DIVISLAB.NS
2024-10-24,5761.0,5771.2998046875,5692.25,5736.64990234375,5687.19482421875,560790.0,DIVISLAB.NS
2024-10-25,5742.0,5834.9501953125,5742.0,5780.75,5730.9150390625,1007972.0,DIVISLAB.NS
2024-10-28,5764.89990234375,5850.0,5707.7998046875,5814.39990234375,5764.2744140625,391605.0,DIVISLAB.NS
2024-10-29,5800.0,5845.10009765625,5746.0,5803.35009765625,5753.31982421875,274283.0,DIVISLAB.NS
2024-10-30,5843.75,5933.9501953125,5797.0,5886.60009765625,5835.85205078125,500928.0,DIVISLAB.NS
2024-10-31,5937.5,5940.0,5858.64990234375,5889.64990234375,5838.8759765625,423706.0,DIVISLAB.NS
2024-11-01,5928.2001953125,5932.5498046875,5871.75,5903.5498046875,5852.65576171875,34122.0,DIVISLAB.NS
2024-11-04,5904.25,5941.2998046875,5841.7001953125,5901.75,5850.87158203125,357941.0,DIVISLAB.NS
2024-11-05,5900.0,5901.75,5678.35009765625,5811.25,5761.15185546875,397496.0,DIVISLAB.NS
2024-11-06,5810.0,6005.7001953125,5810.0,5954.14990234375,5902.81982421875,619492.0,DIVISLAB.NS
2024-11-07,6000.0,6050.0,5881.5498046875,5959.9501953125,5908.56982421875,789818.0,DIVISLAB.NS
2024-11-08,5980.0,6062.0,5880.0,5949.85009765625,5898.55712890625,447048.0,DIVISLAB.NS
2024-11-11,6155.0,6155.0,5782.2001953125,5899.9501953125,5849.08740234375,1339441.0,DIVISLAB.NS
2024-11-12,5915.0,5949.85009765625,5782.0498046875,5810.7001953125,5760.60693359375,433122.0,DIVISLAB.NS
2024-11-13,5809.60009765625,5831.7001953125,5710.5498046875,5770.10009765625,5720.35693359375,250370.0,DIVISLAB.NS
2024-11-14,5770.10009765625,5825.9501953125,5723.14990234375,5750.10009765625,5700.52880859375,220287.0,DIVISLAB.NS
2024-11-18,5700.0,5814.0498046875,5690.5,5766.64990234375,5716.9365234375,390727.0,DIVISLAB.NS
2024-11-19,5769.85009765625,5960.9501953125,5769.85009765625,5900.85009765625,5849.9794921875,427565.0,DIVISLAB.NS
2024-11-21,5880.10009765625,6004.5,5880.10009765625,5977.10009765625,5925.572265625,448388.0,DIVISLAB.NS
2024-11-22,5980.0,6056.9501953125,5980.0,5998.35009765625,5946.63916015625,309695.0,DIVISLAB.NS
2024-11-25,6029.9501953125,6185.0,6020.9501953125,6138.4501953125,6085.53125,839267.0,DIVISLAB.NS
2024-11-26,6149.14990234375,6159.0498046875,6006.10009765625,6072.5,6020.1494140625,218533.0,DIVISLAB.NS
2024-11-27,6072.5,6105.85009765625,5988.9501953125,5999.2001953125,5947.48193359375,149153.0,DIVISLAB.NS
2024-11-28,6022.7998046875,6022.7998046875,5902.10009765625,5951.7998046875,5900.48974609375,318089.0,DIVISLAB.NS
2024-11-29,6024.0498046875,6208.2998046875,6000.0,6172.7001953125,6119.48583984375,1027507.0,DIVISLAB.NS
2024-12-02,6185.0,6282.0,6169.5498046875,6255.35009765625,6201.42333984375,665882.0,DIVISLAB.NS
2024-12-03,6280.0,6285.4501953125,6194.2001953125,6210.5498046875,6157.00927734375,742965.0,DIVISLAB.NS
2024-12-04,6225.0,6268.25,6178.0498046875,6256.5,6202.56298828125,556873.0,DIVISLAB.NS
2024-12-05,6184.85009765625,6184.85009765625,5866.10009765625,6096.2001953125,6043.64501953125,1426021.0,DIVISLAB.NS
2024-12-06,6140.0,6192.9501953125,6105.10009765625,6130.75,6077.8974609375,704328.0,DIVISLAB.NS
2024-12-09,5999.9501953125,6041.5498046875,5937.64990234375,5959.64990234375,5908.2724609375,1123022.0,DIVISLAB.NS
2024-12-10,5989.4501953125,6032.7998046875,5871.0,5932.60009765625,5881.45556640625,393478.0,DIVISLAB.NS
2024-12-11,5956.0,5970.5,5904.0,5927.9501953125,5876.845703125,355231.0,DIVISLAB.NS
2024-12-12,5950.0,6055.0,5928.25,5951.7001953125,5900.39111328125,359123.0,DIVISLAB.NS
2024-12-13,5949.2998046875,5949.2998046875,5844.2001953125,5876.7001953125,5826.03759765625,445372.0,DIVISLAB.NS
2024-12-16,5883.5,5909.9501953125,5820.0,5856.4501953125,5805.96240234375,308602.0,DIVISLAB.NS
2024-12-17,5868.0,5935.0,5819.5498046875,5847.39990234375,5796.990234375,393644.0,DIVISLAB.NS
2024-12-18,5848.0,5904.7998046875,5839.4501953125,5849.75,5799.31982421875,280887.0,DIVISLAB.NS
2024-12-19,5847.35009765625,5869.0,5780.0,5820.75,5770.5703125,451008.0,DIVISLAB.NS
2024-12-20,5790.0,5957.25,5790.0,5846.75,5796.345703125,497158.0,DIVISLAB.NS
2024-12-23,5846.75,5935.0,5837.0,5849.4501953125,5799.0224609375,464380.0,DIVISLAB.NS
2024-12-24,5860.0,5933.0498046875,5739.4501953125,5782.35009765625,5732.5009765625,252658.0,DIVISLAB.NS
2024-12-26,5792.0,5922.0,5716.5,5886.75,5836.0009765625,183602.0,DIVISLAB.NS
2024-12-27,5900.0,5934.9501953125,5870.14990234375,5881.0498046875,5830.35009765625,186225.0,DIVISLAB.NS
2024-12-30,5881.0498046875,6138.85009765625,5880.0,6045.0,5992.88671875,1928937.0,DIVISLAB.NS
2024-12-31,6029.39990234375,6135.25,5975.64990234375,6098.7998046875,6046.22265625,610044.0,DIVISLAB.NS
2025-01-01,6090.0,6135.10009765625,6060.7001953125,6073.0,6020.6455078125,116675.0,DIVISLAB.NS
2025-01-02,6073.0,6154.75,6010.0,6144.75,6091.77685546875,180792.0,DIVISLAB.NS
2025-01-03,6159.0,6248.89990234375,6030.14990234375,6048.2998046875,5996.15771484375,427384.0,DIVISLAB.NS
2025-01-06,6068.2001953125,6068.2001953125,5841.0,5891.64990234375,5840.8583984375,334922.0,DIVISLAB.NS
2025-01-07,5910.0,5936.9501953125,5875.0,5907.9501953125,5857.0185546875,303309.0,DIVISLAB.NS
2025-01-08,5930.0,5965.85009765625,5822.2001953125,5868.39990234375,5817.80908203125,213589.0,DIVISLAB.NS
2025-01-09,5861.7001953125,5905.5498046875,5811.75,5824.5498046875,5774.3369140625,98271.0,DIVISLAB.NS
2025-01-10,5800.0,5840.0,5715.2001953125,5771.35009765625,5721.595703125,384413.0,DIVISLAB.NS
2025-01-13,5824.0,5887.5,5654.35009765625,5732.5,5683.0810546875,770897.0,DIVISLAB.NS
2025-01-14,5761.10009765625,6006.4501953125,5749.35009765625,5990.2998046875,5938.658203125,439344.0,DIVISLAB.NS
2025-01-15,6000.35009765625,6000.39990234375,5768.5,5876.85009765625,5826.1865234375,483267.0,DIVISLAB.NS
2025-01-16,5840.0,5952.7998046875,5755.7001953125,5916.0498046875,5865.04833984375,428736.0,DIVISLAB.NS
2025-01-17,5930.5,5938.85009765625,5871.7001953125,5916.0498046875,5865.04833984375,177031.0,DIVISLAB.NS
2025-01-20,5917.0,6028.0,5840.0498046875,6000.60009765625,5948.86962890625,309737.0,DIVISLAB.NS
2025-01-21,6011.7001953125,6068.0498046875,5806.2998046875,5818.89990234375,5768.73583984375,437884.0,DIVISLAB.NS
2025-01-22,5838.5498046875,5846.89990234375,5755.0,5812.5,5762.39111328125,513868.0,DIVISLAB.NS
2025-01-23,5780.39990234375,5905.0498046875,5780.39990234375,5850.9501953125,5800.509765625,449602.0,DIVISLAB.NS
2025-01-24,5850.0,5900.39990234375,5707.2998046875,5762.60009765625,5712.92138671875,387486.0,DIVISLAB.NS
2025-01-27,5725.5,5749.0,5546.0,5576.75,5528.673828125,243092.0,DIVISLAB.NS
2025-01-28,5580.39990234375,5585.0,5351.64990234375,5410.2001953125,5363.5595703125,588891.0,DIVISLAB.NS
2025-01-29,5374.10009765625,5648.0,5361.5,5620.14990234375,5571.69921875,241519.0,DIVISLAB.NS
2025-01-30,5621.10009765625,5791.60009765625,5601.7998046875,5735.89990234375,5686.451171875,234255.0,DIVISLAB.NS
2025-01-31,5717.5498046875,5750.9501953125,5548.89990234375,5577.7001953125,5529.61572265625,429090.0,DIVISLAB.NS
2025-02-01,5589.0,5653.85009765625,5510.0,5618.5498046875,5570.11328125,108307.0,DIVISLAB.NS
2025-02-03,5619.0,5955.10009765625,5471.0,5884.10009765625,5833.37353515625,1299208.0,DIVISLAB.NS
2025-02-04,6049.9501953125,6230.0,5972.7001953125,6096.25,6043.69482421875,1307734.0,DIVISLAB.NS
2025-02-05,6060.5498046875,6207.2001953125,6007.5,6123.5,6070.7099609375,389786.0,DIVISLAB.NS
2025-02-06,6148.2998046875,6205.89990234375,6098.0498046875,6119.7001953125,6066.94287109375,373619.0,DIVISLAB.NS
2025-02-07,6116.5498046875,6161.5,6080.5,6140.5498046875,6087.61279296875,153029.0,DIVISLAB.NS
2025-02-10,6142.0,6179.0,5921.64990234375,5938.7998046875,5887.60205078125,284788.0,DIVISLAB.NS
2025-02-11,5949.9501953125,5964.7998046875,5862.10009765625,5946.75,5895.48388671875,443166.0,DIVISLAB.NS
2025-02-12,5946.75,6000.0,5805.0,5969.85009765625,5918.38427734375,292103.0,DIVISLAB.NS
2025-02-13,5999.7001953125,6155.0,5984.75,6010.5,5958.68408203125,667461.0,DIVISLAB.NS
2025-02-14,6017.2998046875,6060.0,5766.0498046875,5843.75,5793.37158203125,294685.0,DIVISLAB.NS
2025-02-17,5832.0,5940.0,5760.25,5923.75,5872.681640625,207670.0,DIVISLAB.NS
2025-02-18,5950.0,5978.89990234375,5793.0,5839.7001953125,5789.35693359375,283564.0,DIVISLAB.NS
2025-02-19,5810.0,5956.25,5740.0,5934.89990234375,5883.73583984375,337225.0,DIVISLAB.NS
2025-02-20,5915.0,5987.9501953125,5892.2998046875,5978.2998046875,5926.76171875,292029.0,DIVISLAB.NS
2025-02-21,5960.0,5998.2998046875,5684.14990234375,5757.0498046875,5707.4189453125,1003530.0,DIVISLAB.NS
2025-02-24,5680.39990234375,5750.7001953125,5664.4501953125,5702.5498046875,5653.388671875,306309.0,DIVISLAB.NS
2025-02-25,5701.0,5774.2998046875,5664.7998046875,5726.39990234375,5677.033203125,188012.0,DIVISLAB.NS
2025-02-27,5726.39990234375,5785.0,5579.25,5615.7998046875,5567.38671875,257921.0,DIVISLAB.NS
2025-02-28,5600.0,5600.0,5364.85009765625,5480.25,5433.0048828125,564464.0,DIVISLAB.NS
2025-03-03,5480.25,5572.39990234375,5360.64990234375,5540.25,5492.48779296875,308548.0,DIVISLAB.NS
2025-03-04,5500.0,5556.9501953125,5457.85009765625,5517.7001953125,5470.1328125,142095.0,DIVISLAB.NS
2025-03-05,5460.0,5563.0498046875,5460.0,5516.5498046875,5468.9921875,392202.0,DIVISLAB.NS
2025-03-06,5549.9501953125,5645.9501953125,5549.9501953125,5568.7001953125,5520.69287109375,280218.0,DIVISLAB.NS
2025-03-07,5553.2998046875,5619.7998046875,5528.39990234375,5578.75,5530.65625,187672.0,DIVISLAB.NS
2025-03-10,5578.75,5631.64990234375,5486.85009765625,5514.25,5466.71240234375,281666.0,DIVISLAB.NS
2025-03-11,5454.0,5578.2001953125,5414.25,5546.25,5498.4365234375,211471.0,DIVISLAB.NS
2025-03-12,5525.0,5677.10009765625,5481.7001953125,5667.14990234375,5618.2939453125,345394.0,DIVISLAB.NS
2025-03-13,5695.5,5758.25,5604.0,5620.4501953125,5571.9970703125,219553.0,DIVISLAB.NS
2025-03-17,5620.4501953125,5695.0,5582.0498046875,5670.85009765625,5621.96240234375,133663.0,DIVISLAB.NS
2025-03-18,5670.85009765625,5670.85009765625,5670.85009765625,5670.85009765625,5621.96240234375,0.0,DIVISLAB.NS
2025-03-19,5780.0,5850.0,5742.0498046875,5818.10009765625,5767.94287109375,231264.0,DIVISLAB.NS
2025-03-20,5850.0,5865.7998046875,5805.0,5822.10009765625,5771.908203125,252148.0,DIVISLAB.NS
2025-03-21,5848.0,5855.5,5739.5498046875,5797.35009765625,5747.3720703125,537097.0,DIVISLAB.NS
2025-03-24,5795.89990234375,5935.0,5775.39990234375,5910.7001953125,5859.74462890625,322013.0,DIVISLAB.NS
2025-03-25,5940.25,5940.25,5815.4501953125,5840.64990234375,5790.29833984375,330676.0,DIVISLAB.NS
2025-03-26,5869.85009765625,5918.2001953125,5767.5498046875,5839.2001953125,5788.86083984375,238411.0,DIVISLAB.NS
2025-03-27,5838.0,5893.75,5727.2001953125,5872.64990234375,5822.0224609375,385946.0,DIVISLAB.NS
2025-03-28,5850.0,5885.0,5738.0,5775.4501953125,5725.66064453125,291524.0,DIVISLAB.NS
2025-04-01,5749.5,5818.5,5521.0,5549.7001953125,5501.85693359375,341053.0,DIVISLAB.NS
2025-04-02,5550.5498046875,5681.4501953125,5535.0,5666.0,5617.15380859375,316866.0,DIVISLAB.NS
2025-04-03,5889.9501953125,5970.0,5729.35009765625,5763.0,5713.31787109375,537669.0,DIVISLAB.NS
2025-04-04,5760.0,5762.64990234375,5384.9501953125,5482.85009765625,5435.5830078125,681423.0,DIVISLAB.NS
2025-04-07,4955.0,5358.85009765625,4955.0,5258.9501953125,5213.61328125,565168.0,DIVISLAB.NS
2025-04-08,5347.10009765625,5475.0,5303.0,5387.2998046875,5340.8564453125,369634.0,DIVISLAB.NS
2025-04-09,5300.0,5429.60009765625,5231.60009765625,5386.14990234375,5339.71630859375,458062.0,DIVISLAB.NS
2025-04-11,5550.0,5625.0,5386.14990234375,5589.2998046875,5541.11474609375,794543.0,DIVISLAB.NS
2025-04-15,5638.5,5767.5,5605.0,5734.5,5685.0634765625,586197.0,DIVISLAB.NS
2025-04-16,5715.0,5805.5,5685.0,5754.0,5704.3955078125,280947.0,DIVISLAB.NS
2025-04-17,5750.0,5798.0,5596.0,5640.0,5591.3779296875,531948.0,DIVISLAB.NS
2025-04-21,5850.0,5920.0,5799.0,5891.5,5840.7099609375,717346.0,DIVISLAB.NS
2025-04-22,5884.5,6018.5,5823.0,5911.5,5860.53759765625,666774.0,DIVISLAB.NS
2025-04-23,5927.0,5975.0,5891.5,5924.5,5873.42529296875,637067.0,DIVISLAB.NS
2025-04-24,5982.5,6308.5,5953.5,6215.5,6161.9169921875,2081063.0,DIVISLAB.NS
2025-04-25,6240.0,6285.0,5964.5,6012.5,5960.66650390625,964571.0,DIVISLAB.NS
2025-04-28,6015.0,6125.0,5992.0,6026.5,5974.54638671875,317230.0,DIVISLAB.NS
2025-04-29,6055.0,6130.0,5916.0,6108.0,6055.34375,640125.0,DIVISLAB.NS
2025-04-30,6115.5,6136.0,6015.5,6087.0,6034.5244140625,489551.0,DIVISLAB.NS
2025-05-02,6080.0,6153.0,6045.5,6079.5,6027.08935546875,957962.0,DIVISLAB.NS
2025-05-05,6205.5,6208.0,6096.0,6124.5,6071.701171875,399200.0,DIVISLAB.NS
2025-05-06,6110.0,6178.5,5970.0,6161.0,6107.88671875,344379.0,DIVISLAB.NS
2025-05-07,6085.0,6170.0,6059.5,6148.0,6094.9990234375,346799.0,DIVISLAB.NS
2025-05-08,6172.5,6184.0,5920.0,5960.5,5909.115234375,364862.0,DIVISLAB.NS
2025-05-09,5841.5,6055.5,5841.5,6025.5,5973.5546875,449984.0,DIVISLAB.NS
2025-05-12,6035.0,6044.0,5878.5,5942.0,5890.7744140625,705516.0,DIVISLAB.NS
2025-05-13,5955.5,6147.5,5955.0,6076.5,6024.11474609375,759310.0,DIVISLAB.NS
2025-05-14,6100.0,6282.5,6055.5,6215.5,6161.9169921875,576348.0,DIVISLAB.NS
2025-05-15,6198.5,6259.5,6163.5,6214.5,6160.92529296875,462230.0,DIVISLAB.NS
2025-05-16,6239.0,6323.0,6162.0,6279.5,6225.365234375,556329.0,DIVISLAB.NS
2025-05-19,6400.0,6705.0,6333.5,6580.0,6523.2744140625,2712326.0,DIVISLAB.NS
2025-05-20,6580.0,6595.0,6433.0,6452.5,6396.87353515625,448280.0,DIVISLAB.NS
2025-05-21,6454.0,6596.5,6454.0,6552.0,6495.515625,510445.0,DIVISLAB.NS
2025-05-22,6540.0,6570.0,6458.0,6538.0,6481.63623046875,326992.0,DIVISLAB.NS
2025-05-23,6560.0,6560.0,6457.0,6483.0,6427.11083984375,224119.0,DIVISLAB.NS
2025-05-26,6640.0,6764.0,6592.5,6737.0,6678.9208984375,1467231.0,DIVISLAB.NS
2025-05-27,6725.0,6760.5,6684.0,6698.0,6640.25732421875,294304.0,DIVISLAB.NS
2025-05-28,6730.0,6750.0,6620.0,6636.0,6578.79150390625,312692.0,DIVISLAB.NS
2025-05-29,6645.0,6670.5,6603.0,6631.5,6574.33056640625,364770.0,DIVISLAB.NS
2025-05-30,6601.5,6667.5,6541.0,6612.0,6554.99853515625,786589.0,DIVISLAB.NS
2025-06-02,6614.5,6631.0,6520.0,6539.0,6482.6279296875,283232.0,DIVISLAB.NS
2025-06-03,6544.0,6600.0,6514.5,6530.0,6473.705078125,398776.0,DIVISLAB.NS
2025-06-04,6550.0,6649.5,6530.0,6618.0,6560.947265625,407206.0,DIVISLAB.NS
2025-06-05,6628.0,6679.0,6608.0,6628.5,6571.3564453125,200706.0,DIVISLAB.NS
2025-06-06,6630.0,6630.0,6505.0,6544.5,6488.08056640625,361092.0,DIVISLAB.NS
2025-06-09,6557.5,6654.5,6547.5,6633.0,6575.8173828125,254156.0,DIVISLAB.NS
2025-06-10,6644.5,6697.0,6611.0,6674.0,6616.46435546875,288574.0,DIVISLAB.NS
2025-06-11,6680.0,6766.0,6680.0,6719.0,6661.076171875,539922.0,DIVISLAB.NS
2025-06-12,6719.0,6862.5,6706.0,6725.0,6667.0244140625,647651.0,DIVISLAB.NS
2025-06-13,6700.0,6720.5,6611.0,6667.0,6609.5244140625,431430.0,DIVISLAB.NS
2025-06-16,6632.0,6698.0,6615.0,6687.5,6629.84765625,166374.0,DIVISLAB.NS
2025-06-17,6690.0,6702.5,6490.5,6538.0,6481.63623046875,341004.0,DIVISLAB.NS
2025-06-18,6548.0,6649.0,6513.0,6549.0,6492.54150390625,447218.0,DIVISLAB.NS
2025-06-19,6545.0,6566.5,6480.0,6493.0,6437.0244140625,240502.0,DIVISLAB.NS
2025-06-20,6500.0,6602.5,6455.5,6592.0,6535.1708984375,560932.0,DIVISLAB.NS
2025-06-23,6570.0,6664.5,6560.0,6636.0,6578.79150390625,478962.0,DIVISLAB.NS
2025-06-24,6680.0,6680.0,6555.0,6565.5,6508.8994140625,270144.0,DIVISLAB.NS
2025-06-25,6585.0,6607.5,6520.0,6586.5,6529.71826171875,234226.0,DIVISLAB.NS
2025-06-26,6589.0,6628.0,6539.0,6616.0,6558.9638671875,404238.0,DIVISLAB.NS
2025-06-27,6551.0,6694.0,6551.0,6658.0,6600.60205078125,545217.0,DIVISLAB.NS
2025-06-30,6680.0,6829.0,6666.0,6809.5,6750.7958984375,599664.0,DIVISLAB.NS
2025-07-01,6828.5,6875.0,6696.0,6856.5,6797.39111328125,385716.0,DIVISLAB.NS
2025-07-02,6856.5,6885.5,6743.0,6859.5,6800.365234375,437491.0,DIVISLAB.NS
2025-07-03,6888.0,6940.0,6853.0,6876.0,6816.72314453125,302964.0,DIVISLAB.NS
2025-07-04,6880.0,6945.0,6870.0,6906.5,6846.95947265625,243498.0,DIVISLAB.NS
2025-07-07,6915.0,6931.0,6861.0,6888.5,6829.11474609375,85574.0,DIVISLAB.NS
2025-07-08,7002.0,7071.5,6911.0,6938.0,6878.18798828125,531444.0,DIVISLAB.NS
2025-07-09,6930.0,7009.5,6920.0,6983.5,6923.2958984375,382020.0,DIVISLAB.NS
2025-07-10,6960.0,6982.5,6830.0,6844.5,6785.494140625,183664.0,DIVISLAB.NS
2025-07-11,6830.0,6905.5,6825.0,6835.0,6776.076171875,224031.0,DIVISLAB.NS
2025-07-14,6650.0,6825.5,6545.0,6778.5,6720.0634765625,968781.0,DIVISLAB.NS
2025-07-15,6800.0,6818.5,6734.5,6790.0,6731.46435546875,132235.0,DIVISLAB.NS
2025-07-16,6790.0,6859.5,6751.0,6831.0,6772.1103515625,327289.0,DIVISLAB.NS
2025-07-17,6830.5,6881.0,6763.0,6790.5,6731.95947265625,291956.0,DIVISLAB.NS
2025-07-18,6780.0,6781.5,6682.5,6731.5,6673.46826171875,196816.0,DIVISLAB.NS
2025-07-21,6742.0,6746.0,6663.5,6688.0,6630.34375,152442.0,DIVISLAB.NS
2025-07-22,6685.0,6685.0,6579.5,6613.0,6555.990234375,272172.0,DIVISLAB.NS
2025-07-23,6641.0,6679.0,6616.0,6653.0,6595.6455078125,206835.0,DIVISLAB.NS
2025-07-24,6653.0,6683.5,6600.0,6618.5,6561.4423828125,183852.0,DIVISLAB.NS
2025-07-25,6598.0,6652.0,6569.0,6616.5,6589.32763671875,179064.0,DIVISLAB.NS
2025-07-28,6616.5,6713.5,6555.5,6584.0,6556.9609375,155158.0,DIVISLAB.NS
2025-07-29,6580.0,6688.0,6473.0,6676.5,6649.0810546875,207710.0,DIVISLAB.NS
2025-07-30,6643.5,6733.5,6601.5,6650.0,6622.68994140625,226974.0,DIVISLAB.NS
2025-07-31,6556.0,6662.5,6552.0,6595.5,6568.4140625,208301.0,DIVISLAB.NS
2025-08-01,6598.0,6598.0,6335.5,6361.5,6335.375,467222.0,DIVISLAB.NS
2025-08-04,6372.0,6513.5,6343.0,6489.5,6462.84912109375,351237.0,DIVISLAB.NS
2025-08-05,6489.5,6530.5,6363.5,6409.0,6382.6796875,377699.0,DIVISLAB.NS
2025-08-06,6410.5,6449.0,6054.5,6133.5,6108.31103515625,984259.0,DIVISLAB.NS
2025-08-07,6150.0,6174.5,5960.5,6131.5,6106.3193359375,1004420.0,DIVISLAB.NS
2025-08-08,6100.0,6118.0,5893.5,5914.5,5890.21044921875,541367.0,DIVISLAB.NS
2025-08-11,5891.0,6016.0,5856.5,5992.0,5967.39208984375,677693.0,DIVISLAB.NS
2025-08-12,5992.0,6015.0,5947.0,5961.0,5936.51953125,477759.0,DIVISLAB.NS
2025-08-13,5971.0,6150.0,5970.0,6100.5,6075.44677734375,394932.0,DIVISLAB.NS
2025-08-14,6155.0,6205.0,6091.0,6132.5,6107.3154296875,407062.0,DIVISLAB.NS
2025-08-18,6148.0,6211.5,6092.5,6164.5,6139.18408203125,362833.0,DIVISLAB.NS
2025-08-19,6165.0,6170.5,6075.0,6079.5,6054.53271484375,246497.0,DIVISLAB.NS
2025-08-20,6084.0,6096.0,5952.5,6005.0,5980.3388671875,544008.0,DIVISLAB.NS
2025-08-21,6005.0,6060.0,5988.0,6028.0,6003.24462890625,219909.0,DIVISLAB.NS
2025-08-22,6088.0,6188.0,6088.0,6151.5,6126.2373046875,681524.0,DIVISLAB.NS
2025-08-25,6255.0,6314.5,6204.0,6248.5,6222.8388671875,439686.0,DIVISLAB.NS
2025-08-26,6260.0,6260.0,6120.0,6190.5,6165.0771484375,546739.0,DIVISLAB.NS
2025-08-28,6275.0,6275.0,6108.5,6132.0,6106.8173828125,415482.0,DIVISLAB.NS
2025-08-29,6132.0,6177.5,6092.0,6131.5,6106.3193359375,283850.0,DIVISLAB.NS
2025-09-01,6131.5,6135.0,6064.0,6093.0,6067.9775390625,192062.0,DIVISLAB.NS
2025-09-02,6093.0,6148.5,6059.5,6120.5,6095.36474609375,307162.0,DIVISLAB.NS
2025-09-03,6145.0,6188.0,6097.0,6164.0,6138.68603515625,281110.0,DIVISLAB.NS
2025-09-04,6163.0,6197.5,6093.5,6133.5,6108.31103515625,294429.0,DIVISLAB.NS
2025-09-05,6133.5,6177.5,6002.5,6009.0,5984.322265625,213926.0,DIVISLAB.NS
2025-09-08,6029.0,6066.0,5940.0,6027.5,6002.74658203125,519368.0,DIVISLAB.NS
2025-09-09,6025.0,6050.0,5997.5,6002.5,5977.84912109375,254569.0,DIVISLAB.NS
2025-09-10,6015.0,6043.0,5896.5,6031.5,6006.72998046875,810989.0,DIVISLAB.NS
2025-09-11,6035.0,6075.0,5996.0,6015.5,5990.7958984375,258301.0,DIVISLAB.NS
2025-09-12,6025.0,6083.5,6004.0,6026.5,6001.75048828125,487571.0,DIVISLAB.NS
2025-09-15,6011.0,6065.5,5974.0,6057.0,6032.12548828125,152355.0,DIVISLAB.NS
2025-09-16,6125.0,6175.0,6060.5,6099.5,6074.45068359375,285215.0,DIVISLAB.NS
2025-09-17,6089.0,6138.5,6037.0,6051.5,6026.64794921875,413995.0,DIVISLAB.NS
2025-09-18,6052.0,6129.5,6042.0,6112.0,6086.8994140625,480382.0,DIVISLAB.NS
2025-09-19,6187.0,6280.0,6156.5,6200.0,6174.5380859375,734989.0,DIVISLAB.NS
2025-09-22,6200.0,6201.0,6081.0,6092.5,6067.4794921875,290634.0,DIVISLAB.NS
2025-09-23,6092.5,6128.0,6006.5,6051.0,6026.14990234375,264356.0,DIVISLAB.NS
2025-09-24,6037.0,6078.5,5965.0,5984.0,5959.42529296875,253046.0,DIVISLAB.NS
2025-09-25,5985.0,6011.0,5885.0,5897.0,5872.7822265625,210498.0,DIVISLAB.NS
2025-09-26,5824.0,5824.0,5656.5,5689.5,5666.134765625,672699.0,DIVISLAB.NS
2025-09-29,5717.0,5735.0,5636.5,5697.5,5674.1015625,467714.0,DIVISLAB.NS
2025-09-30,5713.5,5736.5,5665.0,5689.5,5666.134765625,281179.0,DIVISLAB.NS
2025-10-01,5692.5,5749.5,5675.0,5710.0,5686.55029296875,721666.0,DIVISLAB.NS
2025-10-03,5759.5,5932.0,5746.0,5866.0,5841.90966796875,655087.0,DIVISLAB.NS
2025-10-06,5885.0,5898.0,5802.5,5826.5,5802.57177734375,196219.0,DIVISLAB.NS
2025-10-07,5860.0,6120.0,5831.5,6104.5,6079.43017578125,1024126.0,DIVISLAB.NS
2025-10-08,6115.0,6267.5,6104.0,6120.5,6095.36474609375,874932.0,DIVISLAB.NS
2025-10-09,6149.0,6218.5,6123.5,6132.0,6106.8173828125,336390.0,DIVISLAB.NS
2025-10-10,6132.5,6507.5,6110.0,6474.5,6447.91064453125,1651908.0,DIVISLAB.NS
2025-10-13,6465.5,6620.0,6439.5,6556.0,6529.076171875,905107.0,DIVISLAB.NS
2025-10-14,6570.0,6585.0,6495.0,6561.0,6534.0556640625,321275.0,DIVISLAB.NS
2025-10-15,6580.0,6608.5,6527.0,6573.0,6546.00634765625,462127.0,DIVISLAB.NS
2025-10-16,6573.0,6632.5,6538.5,6600.5,6573.3935546875,335444.0,DIVISLAB.NS
2025-10-17,6580.0,6647.0,6556.5,6621.5,6594.30712890625,302575.0,DIVISLAB.NS
2025-10-20,6645.0,6669.0,6570.5,6604.0,6576.87890625,368513.0,DIVISLAB.NS
2025-10-21,6648.0,6657.0,6553.0,6587.0,6559.94873046875,32977.0,DIVISLAB.NS
2025-10-23,6600.0,6627.5,6548.5,6565.5,6538.537109375,286780.0,DIVISLAB.NS
2025-10-24,6564.0,6675.0,6535.0,6593.0,6565.92431640625,250640.0,DIVISLAB.NS
2025-10-27,6610.0,6610.0,6468.5,6490.0,6463.34716796875,342190.0,DIVISLAB.NS
2025-10-28,6495.0,6514.5,6383.0,6438.5,6412.05859375,305957.0,DIVISLAB.NS
2025-10-29,6450.0,6538.5,6450.0,6512.0,6485.2568359375,325673.0,DIVISLAB.NS
2025-10-30,6545.0,6695.0,6536.5,6655.0,6627.66943359375,537064.0,DIVISLAB.NS
2025-10-31,6642.0,6775.0,6608.5,6738.0,6710.32861328125,507645.0,DIVISLAB.NS
2025-11-03,6738.0,6861.5,6732.0,6804.0,6776.0576171875,499591.0,DIVISLAB.NS
2025-11-04,6803.0,6866.0,6757.0,6804.5,6776.5556640625,801413.0,DIVISLAB.NS
2025-11-06,6792.5,6904.5,6764.0,6883.5,6855.23095703125,721954.0,DIVISLAB.NS
2025-11-07,6874.5,6892.0,6601.5,6656.5,6629.16357421875,855609.0,DIVISLAB.NS
2025-11-10,6700.0,6748.0,6636.5,6691.5,6664.01953125,418569.0,DIVISLAB.NS
2025-11-11,6711.0,6725.0,6489.0,6539.5,6512.64404296875,388972.0,DIVISLAB.NS
2025-11-12,6570.5,6574.5,6481.0,6520.0,6493.22412109375,476290.0,DIVISLAB.NS
2025-11-13,6525.5,6645.0,6473.0,6593.5,6566.421875,397401.0,DIVISLAB.NS
2025-11-14,6584.0,6632.0,6481.0,6511.5,6484.7587890625,147365.0,DIVISLAB.NS
2025-11-17,6528.0,6559.0,6476.0,6518.5,6491.72998046875,242726.0,DIVISLAB.NS
2025-11-18,6485.0,6552.0,6456.0,6473.5,6446.9150390625,162830.0,DIVISLAB.NS
2025-11-19,6510.0,6512.0,6434.0,6454.0,6427.4951171875,128134.0,DIVISLAB.NS
2025-11-20,6495.0,6497.5,6433.0,6462.5,6435.9599609375,114162.0,DIVISLAB.NS
2025-11-21,6462.0,6462.0,6355.5,6373.0,6346.82763671875,130843.0,DIVISLAB.NS
2025-11-24,6364.0,6382.5,6322.0,6359.0,6332.88525390625,393803.0,DIVISLAB.NS
2025-11-25,6355.0,6443.0,6341.0,6412.0,6385.66748046875,179873.0,DIVISLAB.NS
2025-11-26,6417.5,6530.0,6411.5,6510.0,6483.26513671875,126970.0,DIVISLAB.NS
2025-11-27,6514.5,6542.0,6451.0,6490.5,6463.84521484375,95681.0,DIVISLAB.NS
2025-11-28,6500.0,6568.0,6434.5,6477.0,6450.400390625,250130.0,DIVISLAB.NS
2025-12-01,6500.5,6524.5,6404.5,6422.5,6396.12451171875,100192.0,DIVISLAB.NS
2025-12-02,6400.5,6453.5,6370.5,6417.5,6391.14501953125,151910.0,DIVISLAB.NS
2025-12-03,6419.5,6467.5,6342.5,6455.0,6428.49072265625,278865.0,DIVISLAB.NS
2025-12-04,6455.0,6492.5,6413.0,6469.0,6442.43359375,200558.0,DIVISLAB.NS
2025-12-05,6467.0,6486.5,6394.5,6473.5,6446.9150390625,148911.0,DIVISLAB.NS
2025-12-08,6486.0,6486.0,6269.5,6328.5,6302.51025390625,179082.0,DIVISLAB.NS
2025-12-09,6320.0,6341.5,6265.0,6294.0,6268.15185546875,236524.0,DIVISLAB.NS
2025-12-10,6294.0,6407.0,6279.5,6294.5,6268.64990234375,270852.0,DIVISLAB.NS
2025-12-11,6300.5,6498.0,6274.0,6430.0,6403.59375,264850.0,DIVISLAB.NS
2025-12-12,6430.0,6519.0,6410.0,6426.5,6400.10791015625,128635.0,DIVISLAB.NS
2025-12-15,6410.0,6416.0,6330.5,6347.5,6321.43212890625,131176.0,DIVISLAB.NS
2025-12-16,6348.0,6375.0,6283.0,6335.5,6309.4814453125,169831.0,DIVISLAB.NS
2025-12-17,6312.0,6374.5,6280.5,6293.0,6267.15625,194825.0,DIVISLAB.NS
2025-12-18,6300.0,6437.0,6281.0,6380.0,6353.798828125,396678.0,DIVISLAB.NS
2025-12-19,6410.0,6598.0,6408.5,6478.5,6451.89453125,785205.0,DIVISLAB.NS
2025-12-22,6500.0,6543.0,6450.5,6511.5,6484.7587890625,255434.0,DIVISLAB.NS
2025-12-23,6521.5,6552.0,6448.0,6476.5,6449.90234375,192477.0,DIVISLAB.NS
2025-12-24,6500.0,6580.0,6486.0,6496.5,6469.8203125,252785.0,DIVISLAB.NS
2025-12-26,6495.0,6547.0,6402.0,6427.5,6401.10400390625,252704.0,DIVISLAB.NS
2025-12-29,6450.0,6454.5,6371.0,6390.5,6364.255859375,244981.0,DIVISLAB.NS
2025-12-30,6410.0,6500.0,6285.0,6360.5,6334.37890625,1927570.0,DIVISLAB.NS
2025-12-31,6499.5,6499.5,6366.0,6392.5,6366.24755859375,273233.0,DIVISLAB.NS
2026-01-01,6398.0,6413.5,6300.0,6344.0,6317.94677734375,146473.0,DIVISLAB.NS
2026-01-02,6351.0,6398.0,6332.5,6392.5,6366.24755859375,108528.0,DIVISLAB.NS
2026-01-05,6400.0,6447.0,6345.0,6363.5,6337.36669921875,145454.0,DIVISLAB.NS
2026-01-06,6405.5,6660.0,6393.0,6642.5,6615.220703125,732441.0,DIVISLAB.NS
2026-01-07,6680.0,6731.5,6613.0,6642.5,6615.220703125,423884.0,DIVISLAB.NS
2026-01-08,6645.0,6700.0,6580.5,6600.5,6573.3935546875,331547.0,DIVISLAB.NS
2026-01-09,6600.0,6657.0,6529.5,6616.5,6589.32763671875,351042.0,DIVISLAB.NS
2026-01-12,6635.0,6635.5,6340.0,6485.5,6458.86572265625,665870.0,DIVISLAB.NS
2026-01-13,6461.0,6524.0,6372.0,6436.5,6410.06689453125,253726.0,DIVISLAB.NS
2026-01-14,6405.0,6462.0,6345.5,6355.5,6329.3994140625,524643.0,DIVISLAB.NS
2026-01-15,6355.5,6355.5,6355.5,6355.5,6329.3994140625,0.0,DIVISLAB.NS
2026-01-16,6355.5,6384.0,6227.5,6236.0,6210.39013671875,409423.0,DIVISLAB.NS
2026-01-19,6236.0,6257.5,6100.0,6140.0,6114.78466796875,351743.0,DIVISLAB.NS
2026-01-20,6142.5,6163.5,6000.0,6013.0,5988.30615234375,204440.0,DIVISLAB.NS
2026-01-21,6005.0,6092.5,5955.0,6010.0,5985.318359375,324388.0,DIVISLAB.NS
2026-01-22,6021.0,6135.0,6010.0,6071.0,6046.06787109375,372206.0,DIVISLAB.NS
2026-01-23,6099.5,6145.0,5987.0,6011.5,5986.81201171875,460503.0,DIVISLAB.NS
2026-01-27,6065.5,6087.5,6000.0,6056.0,6031.12939453125,367912.0,DIVISLAB.NS
2026-01-28,6100.0,6256.0,6062.0,6188.0,6162.58740234375,335259.0,DIVISLAB.NS
2026-01-29,6181.5,6222.0,5991.5,6041.0,6016.19091796875,405502.0,DIVISLAB.NS
2026-01-30,6041.0,6080.0,5974.5,6051.0,6026.14990234375,347165.0,DIVISLAB.NS
2026-02-02,6056.0,6056.5,5890.0,5952.5,5928.0546875,400656.0,DIVISLAB.NS
2026-02-03,6150.0,6304.5,6150.0,6209.0,6183.5009765625,454227.0,DIVISLAB.NS
2026-02-04,6225.0,6225.0,6021.5,6054.5,6029.6357421875,327213.0,DIVISLAB.NS
2026-02-05,6054.0,6173.0,5936.0,6141.5,6116.2783203125,370561.0,DIVISLAB.NS
2026-02-06,6081.5,6099.5,5939.0,6024.5,5999.7587890625,433945.0,DIVISLAB.NS
2026-02-09,6079.0,6150.0,6041.0,6113.5,6088.3935546875,219396.0,DIVISLAB.NS
2026-02-10,6153.0,6228.0,6151.0,6175.5,6150.138671875,237887.0,DIVISLAB.NS
2026-02-11,6194.0,6793.0,6126.0,6386.5,6360.27197265625,1263189.0,DIVISLAB.NS
2026-02-12,6448.0,6448.0,6131.5,6185.0,6159.599609375,1200795.0,DIVISLAB.NS
2026-02-13,6141.0,6200.0,6054.0,6168.5,6143.16748046875,299364.0,DIVISLAB.NS
2026-02-16,6105.5,6222.0,6008.5,6149.5,6124.24560546875,175634.0,DIVISLAB.NS
2026-02-17,6125.5,6230.0,6102.5,6187.5,6162.08935546875,151261.0,DIVISLAB.NS
2026-02-18,6165.0,6299.0,6165.0,6283.5,6257.6953125,438670.0,DIVISLAB.NS
2026-02-19,6255.0,6350.0,6251.0,6297.5,6271.6376953125,185828.0,DIVISLAB.NS
2026-02-20,6297.5,6320.0,6251.5,6291.0,6265.16455078125,338573.0,DIVISLAB.NS
2026-02-23,6337.0,6343.5,6245.5,6293.5,6267.654296875,97285.0,DIVISLAB.NS
2026-02-24,6255.0,6293.5,6226.5,6255.5,6229.81005859375,92139.0,DIVISLAB.NS
2026-02-25,6254.5,6418.0,6250.0,6395.5,6369.2353515625,348440.0,DIVISLAB.NS
2026-02-26,6442.0,6564.5,6376.0,6474.0,6447.41259765625,392374.0,DIVISLAB.NS
2026-02-27,6424.0,6475.0,6383.5,6408.5,6382.181640625,466870.0,DIVISLAB.NS
2026-03-02,6271.5,6419.0,6263.5,6403.5,6377.2021484375,300339.0,DIVISLAB.NS
2026-03-04,6340.0,6363.5,6238.5,6316.0,6290.0615234375,369392.0,DIVISLAB.NS
2026-03-05,6316.5,6395.0,6300.0,6364.5,6338.3623046875,291293.0,DIVISLAB.NS
2026-03-06,6340.0,6428.0,6315.0,6329.0,6303.00830078125,269349.0,DIVISLAB.NS
2026-03-09,6277.0,6364.0,6173.5,6330.0,6304.00439453125,260778.0,DIVISLAB.NS
2026-03-10,6364.5,6479.0,6354.0,6372.0,6345.83154296875,298252.0,DIVISLAB.NS
2026-03-11,6373.0,6450.0,6330.0,6352.5,6326.41162109375,254117.0,DIVISLAB.NS
2026-03-12,6330.0,6330.5,6221.0,6282.0,6256.201171875,153876.0,DIVISLAB.NS
2026-03-13,6275.0,6326.0,6055.0,6071.0,6046.06787109375,200936.0,DIVISLAB.NS
2026-03-16,6010.0,6130.0,5927.0,6071.0,6046.06787109375,282845.0,DIVISLAB.NS
2026-03-17,6074.0,6147.0,6051.5,6086.5,6061.50439453125,183604.0,DIVISLAB.NS
2026-03-18,6086.5,6183.0,6086.5,6140.0,6114.78466796875,180112.0,DIVISLAB.NS
2026-03-19,6100.0,6117.0,5955.0,5972.5,5947.97216796875,122495.0,DIVISLAB.NS
2026-03-20,6050.0,6180.0,6030.5,6100.0,6074.94873046875,283471.0,DIVISLAB.NS
2026-03-23,6036.5,6047.0,5982.0,6013.5,5988.80419921875,227221.0,DIVISLAB.NS
2026-03-24,6090.0,6092.0,5946.0,6026.0,6001.25244140625,228968.0,DIVISLAB.NS
2026-03-25,6026.0,6137.5,5996.5,6014.5,5989.7998046875,250204.0,DIVISLAB.NS
2026-03-27,6011.5,6060.0,5935.0,5997.5,5972.86962890625,540647.0,DIVISLAB.NS
2026-03-30,5960.0,5990.0,5901.5,5947.0,5922.5771484375,492229.0,DIVISLAB.NS
2026-04-01,6002.0,6123.0,5834.0,5906.5,5882.24365234375,546653.0,DIVISLAB.NS
2026-04-02,5851.0,5869.5,5647.5,5856.5,5832.44873046875,513534.0,DIVISLAB.NS
2026-04-06,5860.0,5903.5,5727.0,5821.0,5797.0947265625,346192.0,DIVISLAB.NS
2026-04-07,5788.0,5907.0,5708.0,5850.0,5825.9755859375,347412.0,DIVISLAB.NS
2026-04-08,5920.0,5984.5,5870.0,5882.0,5857.84423828125,302280.0,DIVISLAB.NS
2026-04-09,5852.0,5964.0,5852.0,5952.5,5928.0546875,237284.0,DIVISLAB.NS
2026-04-10,5931.0,6130.0,5931.0,6116.5,6091.380859375,334871.0,DIVISLAB.NS
2026-04-13,6009.0,6116.0,5970.0,6070.0,6045.07177734375,211392.0,DIVISLAB.NS
2026-04-15,6124.0,6184.0,6101.0,6177.5,6152.13037109375,251355.0,DIVISLAB.NS
2026-04-16,6200.0,6313.0,6180.0,6293.5,6267.654296875,350424.0,DIVISLAB.NS
2026-04-17,6305.5,6325.0,6212.0,6229.0,6203.4189453125,169295.0,DIVISLAB.NS
2026-04-20,6269.5,6298.0,6187.5,6280.0,6254.20947265625,208547.0,DIVISLAB.NS
2026-04-21,6282.0,6305.0,6238.5,6286.0,6260.18505859375,242433.0,DIVISLAB.NS
2026-04-22,6286.0,6323.5,6249.0,6285.5,6259.68701171875,226547.0,DIVISLAB.NS
2026-04-23,6265.0,6469.5,6250.5,6378.5,6352.30517578125,405157.0,DIVISLAB.NS
2026-04-24,6408.5,6442.5,6320.0,6361.5,6335.375,316970.0,DIVISLAB.NS
2026-04-27,6351.5,6507.5,6346.5,6477.0,6450.400390625,289657.0,DIVISLAB.NS
2026-04-28,6505.0,6505.0,6416.5,6432.5,6406.08349609375,271770.0,DIVISLAB.NS
2026-04-29,6470.0,6549.5,6454.0,6534.0,6507.16650390625,324770.0,DIVISLAB.NS
2026-04-30,6530.0,6547.0,6429.0,6502.5,6475.7958984375,379741.0,DIVISLAB.NS
2026-05-04,6508.0,6644.0,6483.5,6619.5,6592.3154296875,371945.0,DIVISLAB.NS
2026-05-05,6620.0,6675.0,6569.0,6651.0,6623.68603515625,195449.0,DIVISLAB.NS
2026-05-06,6690.0,6765.5,6615.5,6702.0,6674.4765625,314250.0,DIVISLAB.NS
2026-05-07,6705.0,6780.0,6683.0,6702.5,6674.974609375,330052.0,DIVISLAB.NS
2026-05-08,6700.0,6759.0,6675.0,6710.5,6682.94140625,155071.0,DIVISLAB.NS
2026-05-11,6700.0,6785.0,6650.0,6714.0,6686.42724609375,196830.0,DIVISLAB.NS
2026-05-12,6710.0,6745.0,6636.0,6644.0,6616.71484375,156166.0,DIVISLAB.NS
2026-05-13,6680.0,6870.0,6643.0,6796.0,6768.09033203125,513807.0,DIVISLAB.NS
2026-05-14,6830.0,6948.0,6817.0,6921.5,6893.0751953125,424282.0,DIVISLAB.NS
2026-05-15,6920.5,6968.0,6732.0,6760.5,6732.736328125,321270.0,DIVISLAB.NS
2026-05-18,6750.5,6868.0,6658.0,6835.0,6806.93017578125,340352.0,DIVISLAB.NS
2026-05-19,6850.0,6942.0,6835.5,6912.0,6883.6142578125,322081.0,DIVISLAB.NS
2026-05-20,6895.0,6960.0,6800.5,6893.0,6864.69189453125,957736.0,DIVISLAB.NS
2026-05-21,6905.0,6925.0,6829.0,6858.0,6829.8359375,151586.0,DIVISLAB.NS
2026-05-22,6858.0,6960.5,6790.0,6887.0,6858.716796875,354149.0,DIVISLAB.NS
2026-05-25,6750.0,6945.0,6690.0,6756.5,6728.75244140625,874049.0,DIVISLAB.NS
2026-05-26,6755.0,6805.0,6661.0,6753.0,6725.26708984375,309440.0,DIVISLAB.NS
2026-05-27,6785.0,6855.5,6726.0,6797.5,6769.58447265625,155051.0,DIVISLAB.NS
2026-05-28,6797.5,6797.5,6797.5,6797.5,6769.58447265625,0.0,DIVISLAB.NS
2026-05-29,6800.0,6849.0,6590.0,6667.0,6639.6201171875,612037.0,DIVISLAB.NS
2026-06-01,6690.0,6702.5,6535.5,6553.5,6526.58642578125,125379.0,DIVISLAB.NS
2026-06-02,6510.0,6552.0,6450.5,6533.0,6506.17041015625,362800.0,DIVISLAB.NS
2026-06-03,6520.0,6604.5,6460.0,6576.5,6549.49169921875,563313.0,DIVISLAB.NS
2026-06-04,6551.0,6700.0,6521.0,6596.5,6569.40966796875,347823.0,DIVISLAB.NS
2026-06-05,6636.5,6636.5,6567.0,6623.0,6595.80078125,200964.0,DIVISLAB.NS
2026-06-08,6571.0,6710.0,6506.0,6521.0,6494.2197265625,456406.0,DIVISLAB.NS
2026-06-09,6535.0,6790.0,6535.0,6753.0,6725.26708984375,912179.0,DIVISLAB.NS
2026-06-10,6750.0,6815.0,6610.0,6638.5,6611.2373046875,405743.0,DIVISLAB.NS
2026-06-11,6635.0,6720.0,6625.0,6655.5,6628.16748046875,228572.0,DIVISLAB.NS
2026-06-12,6719.5,6738.5,6622.0,6638.0,6610.7392578125,162810.0,DIVISLAB.NS
2026-06-15,6651.0,6676.5,6592.0,6608.5,6581.3603515625,196206.0,DIVISLAB.NS
2026-06-16,6620.0,6732.0,6571.0,6712.5,6684.93359375,329248.0,DIVISLAB.NS
2026-06-17,6730.0,6759.5,6641.0,6663.5,6636.134765625,256856.0,DIVISLAB.NS
2026-06-18,6661.5,6781.5,6636.0,6767.0,6739.20947265625,411896.0,DIVISLAB.NS
2026-06-19,6790.0,6795.0,6716.5,6743.0,6715.30810546875,372371.0,DIVISLAB.NS
2026-06-22,6755.0,6799.0,6714.0,6787.5,6759.62548828125,232409.0,DIVISLAB.NS
2026-06-23,6790.0,6887.5,6727.0,6747.0,6719.29150390625,295302.0,DIVISLAB.NS
2026-06-24,6750.0,6825.0,6725.0,6753.5,6725.76513671875,252591.0,DIVISLAB.NS
2026-06-25,6760.0,6761.5,6689.0,6713.5,6685.92919921875,222828.0,DIVISLAB.NS
2026-06-26,6713.5,6713.5,6713.5,6713.5,6685.92919921875,0.0,DIVISLAB.NS
2026-06-29,6700.0,6735.0,6535.5,6557.5,6530.56982421875,474515.0,DIVISLAB.NS
2026-06-30,6560.5,6646.5,6536.0,6579.0,6551.9814453125,577958.0,DIVISLAB.NS
2026-07-01,6599.0,6665.5,6530.5,6545.5,6518.619140625,323984.0,DIVISLAB.NS
2026-07-02,6600.0,6726.5,6545.0,6682.5,6655.056640625,344354.0,DIVISLAB.NS
2026-07-03,6685.5,6804.5,6685.5,6757.0,6729.25048828125,382822.0,DIVISLAB.NS
2026-07-06,6785.0,6890.0,6753.5,6857.5,6829.337890625,402108.0,DIVISLAB.NS
2026-07-07,6898.0,6959.0,6754.0,6771.5,6743.69091796875,448472.0,DIVISLAB.NS
2026-07-08,6784.0,6864.5,6693.0,6755.0,6727.2587890625,358137.0,DIVISLAB.NS
2026-07-09,6741.5,6945.0,6740.5,6813.0,6785.0205078125,356468.0,DIVISLAB.NS
2026-07-10,6870.0,6871.5,6775.0,6836.0,6807.92626953125,222860.0,DIVISLAB.NS
2026-07-13,6830.0,6958.0,6786.5,6938.5,6910.00537109375,274183.0,DIVISLAB.NS
2026-07-14,6960.0,7208.5,6909.0,7188.5,7158.978515625,1093244.0,DIVISLAB.NS
2026-07-15,7260.0,7330.0,7234.0,7273.0,7243.13134765625,726479.0,DIVISLAB.NS
2026-07-16,7320.0,7390.0,7274.0,7316.0,7285.955078125,668484.0,DIVISLAB.NS
2026-07-17,7316.0,7316.5,7200.0,7247.5,7217.736328125,455060.0,DIVISLAB.NS
2026-07-20,7260.0,7438.5,7237.5,7318.0,7287.94677734375,434480.0,DIVISLAB.NS
2026-07-21,7318.0,7344.0,7275.0,7330.0,7299.8974609375,179558.0,DIVISLAB.NS
2026-07-22,7330.0,7398.0,7219.5,7386.5,7356.16552734375,371324.0,DIVISLAB.NS
2026-07-23,7355.0,7379.5,7268.0,7305.0,7275.0,246545.0,DIVISLAB.NS
2026-07-24,7230.0,7280.0,7177.0,7248.5,7248.5,328948.0,DIVISLAB.NS
2026-07-27,7222.0,7459.0,7220.5,7414.0,7414.0,544701.0,DIVISLAB.NS
2026-07-28,7448.0,7479.0,7350.5,7425.0,7425.0,410385.0,DIVISLAB.NS
2026-07-29,7428.5,7818.5,7428.5,7784.5,7784.5,1158131.0,DIVISLAB.NS
2026-07-30,7885.5,7938.0,7795.0,7835.0,7835.0,651446.0,DIVISLAB.NS
2026-07-31,7873.0,8090.0,7870.5,8056.0,8056.0,793919.0,DIVISLAB.NS
2026-08-04,8451.0,8460.5,8243.0,8378.0,8378.0,970269.0,DIVISLAB.NS
