Date,Open,High,Low,Close,Adj Close,Volume,Symbol
2007-05-03,21.75,21.950000762939453,20.549999237060547,20.719999313354492,17.76496696472168,8052800,DAL
2007-05-04,21.25,21.350000381469727,20.700000762939453,20.979999542236328,17.98788833618164,5437300,DAL
2007-05-07,21.200000762939453,21.290000915527344,20.200000762939453,20.360000610351562,17.45630645751953,2646300,DAL
2007-05-08,20.0,20.0,19.299999237060547,19.6299991607666,16.830415725708008,4166100,DAL
2007-05-09,19.75,20.200000762939453,19.6299991607666,19.790000915527344,16.967605590820312,7541100,DAL
2007-05-10,19.790000915527344,19.989999771118164,19.549999237060547,19.700000762939453,16.890438079833984,3170600,DAL
2007-05-11,19.709999084472656,19.799999237060547,19.110000610351562,19.299999237060547,16.5474853515625,3539400,DAL
2007-05-14,19.149999618530273,19.389999389648438,18.75,18.889999389648438,16.19595718383789,1924800,DAL
2007-05-15,18.649999618530273,18.850000381469727,18.149999618530273,18.200000762939453,15.604365348815918,3438700,DAL
2007-05-16,18.059999465942383,18.479999542236328,18.020000457763672,18.34000015258789,15.72439956665039,2607600,DAL
2007-05-17,18.799999237060547,19.75,18.670000076293945,19.020000457763672,16.307418823242188,8979000,DAL
2007-05-18,19.469999313354492,19.489999771118164,18.540000915527344,19.309999465942383,16.556060791015625,6562200,DAL
2007-05-21,19.200000762939453,19.34000015258789,19.0,19.0,16.29026985168457,2077700,DAL
2007-05-22,19.100000381469727,19.530000686645508,19.0,19.479999542236328,16.701810836791992,4014700,DAL
2007-05-23,19.5,19.700000762939453,19.100000381469727,19.209999084472656,16.470321655273438,2387100,DAL
2007-05-24,19.209999084472656,19.329999923706055,18.850000381469727,19.020000457763672,16.307418823242188,2362000,DAL
2007-05-25,19.020000457763672,19.049999237060547,18.690000534057617,18.760000228881836,16.084501266479492,895000,DAL
2007-05-29,18.90999984741211,19.200000762939453,18.850000381469727,19.09000015258789,16.367431640625,2918800,DAL
2007-05-30,19.049999237060547,19.149999618530273,18.809999465942383,18.979999542236328,16.27311897277832,2829300,DAL
2007-05-31,19.149999618530273,19.280000686645508,19.030000686645508,19.049999237060547,16.333139419555664,3435200,DAL
2007-06-01,19.100000381469727,19.799999237060547,19.049999237060547,19.549999237060547,16.761831283569336,2299400,DAL
2007-06-04,18.700000762939453,19.049999237060547,18.690000534057617,18.84000015258789,16.153087615966797,5692700,DAL
2007-06-05,18.850000381469727,19.040000915527344,18.729999542236328,18.950000762939453,16.247407913208008,4510000,DAL
2007-06-06,18.700000762939453,18.93000030517578,18.649999618530273,18.93000030517578,16.230253219604492,2595300,DAL
2007-06-07,18.770000457763672,18.850000381469727,18.149999618530273,18.479999542236328,15.844437599182129,3062100,DAL
2007-06-08,18.200000762939453,18.829999923706055,18.200000762939453,18.829999923706055,16.144512176513672,2124100,DAL
2007-06-11,18.549999237060547,18.81999969482422,18.219999313354492,18.3799991607666,15.758698463439941,1870000,DAL
2007-06-12,18.149999618530273,18.709999084472656,18.020000457763672,18.399999618530273,15.77584457397461,8636200,DAL
2007-06-13,18.479999542236328,18.700000762939453,18.360000610351562,18.639999389648438,15.981619834899902,3110200,DAL
2007-06-14,18.5,19.010000228881836,18.43000030517578,18.899999618530273,16.204538345336914,8069700,DAL
2007-06-15,18.889999389648438,19.139999389648438,18.450000762939453,18.8799991607666,16.187387466430664,3418900,DAL
2007-06-18,18.649999618530273,18.899999618530273,18.5,18.540000915527344,15.8958740234375,1339900,DAL
2007-06-19,18.59000015258789,19.079999923706055,18.549999237060547,18.8700008392334,16.178810119628906,3113000,DAL
2007-06-20,19.0,19.489999771118164,18.81999969482422,19.360000610351562,16.598926544189453,4031500,DAL
2007-06-21,19.200000762939453,19.600000381469727,19.020000457763672,19.510000228881836,16.727535247802734,3985700,DAL
2007-06-22,19.5,19.850000381469727,19.3700008392334,19.75,16.933305740356445,11822000,DAL
2007-06-25,19.690000534057617,19.739999771118164,19.110000610351562,19.43000030517578,16.658939361572266,1974400,DAL
2007-06-26,19.5,19.65999984741211,19.270000457763672,19.489999771118164,16.710391998291016,2237000,DAL
2007-06-27,19.399999618530273,19.59000015258789,19.1299991607666,19.420000076293945,16.650367736816406,2216000,DAL
2007-06-28,19.75,19.889999389648438,19.6200008392334,19.670000076293945,16.864717483520508,2547200,DAL
2007-06-29,19.549999237060547,19.829999923706055,19.510000228881836,19.700000762939453,16.890438079833984,2022200,DAL
2007-07-02,19.56999969482422,19.760000228881836,19.530000686645508,19.579999923706055,16.787555694580078,1831600,DAL
2007-07-03,19.709999084472656,20.260000228881836,19.709999084472656,20.25,17.36199378967285,2960900,DAL
2007-07-05,20.010000228881836,20.729999542236328,19.920000076293945,20.520000457763672,17.593490600585938,2640100,DAL
2007-07-06,20.549999237060547,20.899999618530273,20.3799991607666,20.829999923706055,17.859285354614258,1966900,DAL
2007-07-09,20.940000534057617,21.389999389648438,20.860000610351562,21.329999923706055,18.287975311279297,2872800,DAL
2007-07-10,21.18000030517578,21.25,20.530000686645508,20.649999618530273,17.704954147338867,2367100,DAL
2007-07-11,20.18000030517578,20.59000015258789,20.0,20.1200008392334,17.250545501708984,2387700,DAL
2007-07-12,20.43000030517578,20.6299991607666,20.110000610351562,20.43000030517578,17.51632308959961,3455400,DAL
2007-07-13,20.350000381469727,20.540000915527344,20.079999923706055,20.5,17.57634925842285,1751700,DAL
2007-07-16,20.450000762939453,21.0,20.309999465942383,20.940000534057617,17.953590393066406,2891700,DAL
2007-07-17,21.0,21.25,20.780000686645508,21.190000534057617,18.167936325073242,4383100,DAL
2007-07-18,21.790000915527344,21.799999237060547,21.149999618530273,21.3700008392334,18.322269439697266,9011300,DAL
2007-07-19,21.479999542236328,21.799999237060547,21.399999618530273,21.510000228881836,18.44230079650879,8636500,DAL
2007-07-20,21.40999984741211,21.579999923706055,21.0,21.399999618530273,18.347991943359375,4248400,DAL
2007-07-23,21.399999618530273,21.5,21.010000228881836,21.110000610351562,18.09935188293457,4399000,DAL
2007-07-24,21.149999618530273,21.600000381469727,20.729999542236328,21.329999923706055,18.287975311279297,6101200,DAL
2007-07-25,21.299999237060547,21.309999465942383,20.450000762939453,20.780000686645508,17.816421508789062,2779100,DAL
2007-07-26,20.559999465942383,20.559999465942383,18.8700008392334,19.360000610351562,16.598926544189453,9754300,DAL
2007-07-27,19.709999084472656,19.719999313354492,18.3700008392334,18.59000015258789,15.93874454498291,4562800,DAL
2007-07-30,18.5,18.59000015258789,17.31999969482422,18.049999237060547,15.47575569152832,8926900,DAL
2007-07-31,18.280000686645508,18.540000915527344,17.719999313354492,17.81999969482422,15.278564453125,3582900,DAL
2007-08-01,18.0,18.649999618530273,17.18000030517578,18.350000381469727,15.732975006103516,7082200,DAL
2007-08-02,18.670000076293945,19.5,18.260000228881836,18.8799991607666,16.187387466430664,7427800,DAL
2007-08-03,18.8799991607666,19.170000076293945,18.190000534057617,18.700000762939453,16.033052444458008,3412800,DAL
2007-08-06,18.940000534057617,19.0,17.709999084472656,18.020000457763672,15.45003604888916,5659800,DAL
2007-08-07,17.850000381469727,18.770000457763672,17.850000381469727,18.450000762939453,15.818705558776855,2725000,DAL
2007-08-08,18.3799991607666,18.850000381469727,18.049999237060547,18.489999771118164,15.853009223937988,2724100,DAL
2007-08-09,18.040000915527344,18.1299991607666,17.649999618530273,17.8700008392334,15.321430206298828,3314300,DAL
2007-08-10,17.5,17.610000610351562,16.950000762939453,17.559999465942383,15.05564022064209,3903000,DAL
2007-08-13,17.649999618530273,18.049999237060547,17.18000030517578,17.290000915527344,14.82414436340332,2050800,DAL
2007-08-14,17.290000915527344,17.579999923706055,15.960000038146973,16.969999313354492,14.549784660339355,5720100,DAL
2007-08-15,16.850000381469727,16.950000762939453,15.020000457763672,15.75,13.503777503967285,3556000,DAL
2007-08-16,15.25,16.200000762939453,14.9399995803833,15.920000076293945,13.649531364440918,6312100,DAL
2007-08-17,16.549999237060547,16.600000381469727,15.020000457763672,16.0,13.718124389648438,4152000,DAL
2007-08-20,16.100000381469727,16.649999618530273,15.859999656677246,16.079999923706055,13.786714553833008,1933600,DAL
2007-08-21,16.010000228881836,17.829999923706055,15.949999809265137,17.709999084472656,15.184247970581055,5527200,DAL
2007-08-22,18.149999618530273,18.649999618530273,17.639999389648438,18.100000381469727,15.518628120422363,4715900,DAL
2007-08-23,18.0,18.149999618530273,17.549999237060547,18.0,15.432890892028809,2271300,DAL
2007-08-24,17.790000915527344,18.280000686645508,17.6200008392334,18.239999771118164,15.638663291931152,983600,DAL
2007-08-27,17.610000610351562,18.229999542236328,17.5,17.700000762939453,15.175676345825195,1321100,DAL
2007-08-28,17.549999237060547,17.68000030517578,17.229999542236328,17.350000381469727,14.875591278076172,1240500,DAL
2007-08-29,17.459999084472656,17.639999389648438,17.309999465942383,17.360000610351562,14.884161949157715,1092700,DAL
2007-08-30,17.049999237060547,17.299999237060547,16.81999969482422,16.979999542236328,14.558358192443848,1210500,DAL
2007-08-31,17.049999237060547,17.270000457763672,16.81999969482422,16.8799991607666,14.472616195678711,1239900,DAL
2007-09-04,17.040000915527344,17.68000030517578,16.969999313354492,17.530000686645508,15.029915809631348,1992800,DAL
2007-09-05,17.5,17.979999542236328,17.5,17.6200008392334,15.107077598571777,1847900,DAL
2007-09-06,17.75,18.299999237060547,17.260000228881836,18.06999969482422,15.492903709411621,2205500,DAL
2007-09-07,17.579999923706055,17.739999771118164,17.389999389648438,17.6200008392334,15.107077598571777,1533800,DAL
2007-09-10,17.729999542236328,17.989999771118164,17.260000228881836,17.440000534057617,14.952752113342285,2483400,DAL
2007-09-11,17.399999618530273,17.899999618530273,17.309999465942383,17.690000534057617,15.16710090637207,2066700,DAL
2007-09-12,17.649999618530273,17.649999618530273,17.059999465942383,17.149999618530273,14.70411491394043,2217800,DAL
2007-09-13,17.309999465942383,17.6200008392334,17.15999984741211,17.59000015258789,15.081361770629883,1365600,DAL
2007-09-14,17.34000015258789,17.700000762939453,17.270000457763672,17.649999618530273,15.132806777954102,873900,DAL
2007-09-17,17.56999969482422,17.670000076293945,17.110000610351562,17.149999618530273,14.70411491394043,939100,DAL
2007-09-18,17.350000381469727,17.559999465942383,16.8700008392334,17.450000762939453,14.96132755279541,1800800,DAL
2007-09-19,17.5,18.34000015258789,17.5,18.290000915527344,15.681530952453613,3484000,DAL
2007-09-20,18.170000076293945,18.18000030517578,17.639999389648438,17.719999313354492,15.192821502685547,1631700,DAL
2007-09-21,18.190000534057617,18.190000534057617,17.459999084472656,17.559999465942383,15.05564022064209,1767300,DAL
2007-09-24,17.520000457763672,17.56999969482422,16.010000228881836,16.030000686645508,13.743844032287598,5237600,DAL
2007-09-25,16.0,17.079999923706055,15.899999618530273,17.079999923706055,14.644094467163086,3470300,DAL
2007-09-26,17.149999618530273,17.950000762939453,16.950000762939453,17.8700008392334,15.321430206298828,4915600,DAL
2007-09-27,17.93000030517578,18.040000915527344,17.56999969482422,17.81999969482422,15.278564453125,1443000,DAL
2007-09-28,17.600000381469727,17.959999084472656,17.270000457763672,17.950000762939453,15.390021324157715,1505000,DAL
2007-10-01,18.0,18.329999923706055,17.809999465942383,18.219999313354492,15.621516227722168,2277700,DAL
2007-10-02,18.399999618530273,19.0,18.3700008392334,18.979999542236328,16.27311897277832,2982300,DAL
2007-10-03,19.030000686645508,19.290000915527344,18.510000228881836,19.280000686645508,16.530345916748047,3078200,DAL
2007-10-04,19.1200008392334,19.549999237060547,18.399999618530273,18.610000610351562,15.955889701843262,4998500,DAL
2007-10-05,18.6299991607666,19.700000762939453,18.6299991607666,19.190000534057617,16.453170776367188,3334700,DAL
2007-10-08,19.1200008392334,19.65999984741211,19.110000610351562,19.479999542236328,16.701810836791992,1546800,DAL
2007-10-09,19.420000076293945,19.780000686645508,19.209999084472656,19.59000015258789,16.796125411987305,1839200,DAL
2007-10-10,19.25,19.690000534057617,19.219999313354492,19.6299991607666,16.830415725708008,2415800,DAL
2007-10-11,19.639999389648438,19.68000030517578,19.239999771118164,19.389999389648438,16.62464714050293,2948600,DAL
2007-10-12,19.25,19.979999542236328,19.079999923706055,19.959999084472656,17.113357543945312,2331600,DAL
2007-10-15,19.780000686645508,20.0,19.170000076293945,20.0,17.14765167236328,3955300,DAL
2007-10-16,20.25,20.5,19.299999237060547,20.079999923706055,17.21624183654785,7945800,DAL
2007-10-17,20.360000610351562,20.559999465942383,20.030000686645508,20.399999618530273,17.490612030029297,5631600,DAL
2007-10-18,20.350000381469727,20.399999618530273,19.790000915527344,19.959999084472656,17.113357543945312,2480600,DAL
2007-10-19,20.040000915527344,20.040000915527344,19.489999771118164,19.5,16.718957901000977,2029600,DAL
2007-10-22,19.209999084472656,20.25,19.200000762939453,20.0,17.14765167236328,3344200,DAL
2007-10-23,20.18000030517578,21.0,20.100000381469727,20.81999969482422,17.8507080078125,5704400,DAL
2007-10-24,20.729999542236328,21.049999237060547,20.469999313354492,20.579999923706055,17.64493179321289,3971300,DAL
2007-10-25,20.399999618530273,20.75,19.850000381469727,20.059999465942383,17.199092864990234,2479300,DAL
2007-10-26,20.25,20.290000915527344,19.40999984741211,19.739999771118164,16.924734115600586,2171200,DAL
2007-10-29,19.59000015258789,20.360000610351562,19.5,19.850000381469727,17.0190486907959,1893500,DAL
2007-10-30,19.90999984741211,20.940000534057617,19.899999618530273,20.68000030517578,17.73067283630371,3845600,DAL
2007-10-31,20.020000457763672,20.850000381469727,19.940000534057617,20.799999237060547,17.833560943603516,4577700,DAL
2007-11-01,20.450000762939453,20.860000610351562,20.149999618530273,20.200000762939453,17.319128036499023,2519000,DAL
2007-11-02,20.219999313354492,20.290000915527344,19.68000030517578,19.93000030517578,17.087635040283203,1623200,DAL
2007-11-05,19.799999237060547,20.09000015258789,19.270000457763672,19.510000228881836,16.727535247802734,1633800,DAL
2007-11-06,19.5,19.850000381469727,18.1200008392334,18.510000228881836,15.87015438079834,3132100,DAL
2007-11-07,18.469999313354492,18.489999771118164,16.959999084472656,17.450000762939453,14.96132755279541,6915500,DAL
2007-11-08,17.450000762939453,17.530000686645508,16.200000762939453,17.0,14.575508117675781,7390600,DAL
2007-11-09,16.5,17.139999389648438,16.399999618530273,16.5,14.14681339263916,3750000,DAL
2007-11-12,16.8799991607666,17.959999084472656,16.770000457763672,17.8799991607666,15.330000877380371,4727700,DAL
2007-11-13,18.329999923706055,19.1200008392334,18.079999923706055,18.75,16.075925827026367,3435700,DAL
2007-11-14,18.700000762939453,21.100000381469727,17.8700008392334,19.520000457763672,16.736112594604492,17352700,DAL
2007-11-15,19.520000457763672,20.459999084472656,19.15999984741211,19.84000015258789,17.01047134399414,8292100,DAL
2007-11-16,19.90999984741211,20.489999771118164,19.260000228881836,19.969999313354492,17.121931076049805,6111800,DAL
2007-11-19,19.5,19.75,18.889999389648438,19.010000228881836,16.298851013183594,3604800,DAL
2007-11-20,18.729999542236328,18.850000381469727,17.030000686645508,17.450000762939453,14.96132755279541,5969900,DAL
2007-11-21,17.100000381469727,18.100000381469727,16.270000457763672,17.90999984741211,15.355725288391113,4742900,DAL
2007-11-23,18.25,18.559999465942383,18.040000915527344,18.149999618530273,15.561497688293457,1118600,DAL
2007-11-26,18.350000381469727,18.479999542236328,17.270000457763672,17.479999542236328,14.987053871154785,2520600,DAL
2007-11-27,18.200000762939453,18.389999389648438,17.25,17.559999465942383,15.05564022064209,2609200,DAL
2007-11-28,17.670000076293945,19.020000457763672,17.450000762939453,18.770000457763672,16.09307289123535,5421900,DAL
2007-11-29,18.690000534057617,19.170000076293945,18.1200008392334,18.6299991607666,15.973037719726562,3546800,DAL
2007-11-30,19.18000030517578,19.8700008392334,19.079999923706055,19.760000228881836,16.941875457763672,6946400,DAL
2007-12-03,19.75,20.0,18.940000534057617,19.579999923706055,16.787555694580078,2688900,DAL
2007-12-04,18.649999618530273,18.979999542236328,17.860000610351562,18.610000610351562,15.955889701843262,6339900,DAL
2007-12-05,18.649999618530273,18.770000457763672,18.219999313354492,18.299999237060547,15.690104484558105,2176400,DAL
2007-12-06,18.31999969482422,18.780000686645508,18.200000762939453,18.3799991607666,15.758698463439941,2877000,DAL
2007-12-07,18.5,19.450000762939453,18.5,18.700000762939453,16.033052444458008,4594500,DAL
2007-12-10,18.860000610351562,18.860000610351562,18.100000381469727,18.239999771118164,15.638663291931152,2739700,DAL
2007-12-11,18.34000015258789,18.34000015258789,16.959999084472656,17.030000686645508,14.601227760314941,3213700,DAL
2007-12-12,17.200000762939453,17.209999084472656,14.829999923706055,15.739999771118164,13.495203971862793,7499400,DAL
2007-12-13,15.550000190734863,16.450000762939453,14.9399995803833,15.350000381469727,13.1608247756958,6570400,DAL
2007-12-14,15.5600004196167,15.829999923706055,14.449999809265137,15.600000381469727,13.375170707702637,4805000,DAL
2007-12-17,15.609999656677246,15.630000114440918,14.5,14.529999732971191,12.457771301269531,4956000,DAL
2007-12-18,14.699999809265137,14.729999542236328,14.109999656677246,14.170000076293945,12.1491117477417,5104100,DAL
2007-12-19,14.279999732971191,14.880000114440918,14.039999961853027,14.739999771118164,12.637819290161133,2949400,DAL
2007-12-20,14.75,14.920000076293945,14.069999694824219,14.380000114440918,12.329164505004883,3701100,DAL
2007-12-21,14.369999885559082,15.180000305175781,14.119999885559082,15.079999923706055,12.929332733154297,3425500,DAL
2007-12-24,15.100000381469727,15.449999809265137,14.6899995803833,15.109999656677246,12.955053329467773,1342700,DAL
2007-12-26,15.010000228881836,15.010000228881836,14.470000267028809,14.779999732971191,12.672118186950684,1801100,DAL
2007-12-27,14.729999542236328,14.729999542236328,14.199999809265137,14.420000076293945,12.363460540771484,3084600,DAL
2007-12-28,14.460000038146973,14.850000381469727,14.279999732971191,14.600000381469727,12.517786979675293,2671400,DAL
2007-12-31,14.640000343322754,15.25,14.5,14.890000343322754,12.766427993774414,2783600,DAL
2008-01-02,14.729999542236328,14.789999961853027,13.579999923706055,13.789999961853027,11.823307991027832,6351800,DAL
2008-01-03,13.6899995803833,13.970000267028809,13.5,13.649999618530273,11.70327377319336,7725900,DAL
2008-01-04,13.390000343322754,13.619999885559082,12.65999984741211,13.369999885559082,11.463205337524414,7777400,DAL
2008-01-07,13.430000305175781,13.739999771118164,12.8100004196167,13.390000343322754,11.480355262756348,4133200,DAL
2008-01-08,13.300000190734863,13.550000190734863,11.5,11.770000457763672,10.091392517089844,9311200,DAL
2008-01-09,12.600000381469727,13.850000381469727,11.760000228881836,13.520000457763672,11.591812133789062,8358000,DAL
2008-01-10,14.0600004196167,16.93000030517578,13.800000190734863,15.979999542236328,13.70097541809082,17947800,DAL
2008-01-11,16.200000762939453,16.5,14.770000457763672,15.479999542236328,13.272281646728516,7343700,DAL
2008-01-14,15.699999809265137,15.850000381469727,14.949999809265137,15.300000190734863,13.117953300476074,3313800,DAL
2008-01-15,15.350000381469727,16.440000534057617,15.300000190734863,15.979999542236328,13.70097541809082,6826300,DAL
2008-01-16,16.0,16.219999313354492,14.829999923706055,16.0,13.718124389648438,6175000,DAL
2008-01-17,16.100000381469727,16.469999313354492,14.680000305175781,15.1899995803833,13.023640632629395,4649600,DAL
2008-01-18,15.579999923706055,15.640000343322754,14.869999885559082,15.140000343322754,12.98077392578125,2418300,DAL
2008-01-22,13.699999809265137,15.390000343322754,13.699999809265137,14.850000381469727,12.732132911682129,4542900,DAL
2008-01-23,14.210000038146973,16.239999771118164,14.0,15.979999542236328,13.70097541809082,3333000,DAL
2008-01-24,15.979999542236328,16.209999084472656,15.600000381469727,15.989999771118164,13.70954704284668,3163200,DAL
2008-01-25,16.0,16.5,15.5600004196167,16.209999084472656,13.898171424865723,3093400,DAL
2008-01-28,16.209999084472656,16.690000534057617,15.90999984741211,16.15999984741211,13.855301856994629,3912900,DAL
2008-01-29,16.15999984741211,16.549999237060547,15.829999923706055,16.010000228881836,13.72669792175293,4795200,DAL
2008-01-30,15.949999809265137,16.65999984741211,15.920000076293945,16.149999618530273,13.846728324890137,4750800,DAL
2008-01-31,15.899999618530273,17.0,15.899999618530273,16.81999969482422,14.421177864074707,3900100,DAL
2008-02-01,16.799999237060547,18.639999389648438,16.440000534057617,18.530000686645508,15.887299537658691,6948200,DAL
2008-02-04,18.440000534057617,18.790000915527344,17.100000381469727,17.25,14.789851188659668,5381900,DAL
2008-02-05,16.899999618530273,17.770000457763672,16.81999969482422,17.030000686645508,14.601227760314941,3938800,DAL
2008-02-06,16.5,18.559999465942383,16.5,17.950000762939453,15.390021324157715,7828300,DAL
2008-02-07,18.739999771118164,18.989999771118164,17.940000534057617,18.489999771118164,15.853009223937988,5527600,DAL
2008-02-08,18.030000686645508,18.5,17.989999771118164,18.190000534057617,15.595792770385742,5579200,DAL
2008-02-11,18.59000015258789,18.59000015258789,17.700000762939453,18.0,15.432890892028809,2770500,DAL
2008-02-12,18.0,18.1299991607666,17.059999465942383,17.530000686645508,15.029915809631348,3576100,DAL
2008-02-13,17.420000076293945,17.940000534057617,17.350000381469727,17.709999084472656,15.184247970581055,5251800,DAL
2008-02-14,17.899999618530273,17.899999618530273,16.809999465942383,17.049999237060547,14.61837387084961,4152400,DAL
2008-02-15,17.059999465942383,17.559999465942383,17.030000686645508,17.31999969482422,14.849868774414062,3059700,DAL
2008-02-19,17.6299991607666,17.6299991607666,16.489999771118164,16.770000457763672,14.37830638885498,4181100,DAL
2008-02-20,16.75,17.0,16.079999923706055,16.809999465942383,14.412605285644531,3164400,DAL
2008-02-21,16.989999771118164,17.149999618530273,15.8100004196167,16.209999084472656,13.898171424865723,2810000,DAL
2008-02-22,16.360000610351562,16.520000457763672,15.619999885559082,16.3700008392334,14.035356521606445,3048700,DAL
2008-02-25,16.399999618530273,16.540000915527344,15.399999618530273,16.149999618530273,13.846728324890137,3352300,DAL
2008-02-26,15.949999809265137,16.209999084472656,15.5,15.90999984741211,13.640958786010742,2247100,DAL
2008-02-27,15.359999656677246,15.520000457763672,14.75,15.0,12.860743522644043,5586300,DAL
2008-02-28,15.140000343322754,15.229999542236328,13.90999984741211,14.09000015258789,12.080519676208496,3728200,DAL
2008-02-29,14.319999694824219,14.319999694824219,13.239999771118164,13.350000381469727,11.446057319641113,4857100,DAL
2008-03-03,13.270000457763672,13.350000381469727,12.5,12.979999542236328,11.128828048706055,4713200,DAL
2008-03-04,12.850000381469727,13.529999732971191,12.510000228881836,13.140000343322754,11.266009330749512,3849400,DAL
2008-03-05,13.1899995803833,14.600000381469727,12.869999885559082,14.329999923706055,12.286293029785156,7429900,DAL
2008-03-06,14.149999618530273,14.449999809265137,13.34000015258789,13.5,11.574667930603027,2223100,DAL
2008-03-07,13.130000114440918,13.75,12.710000038146973,12.890000343322754,11.05166244506836,3572300,DAL
2008-03-10,12.920000076293945,13.260000228881836,11.949999809265137,11.979999542236328,10.27144718170166,2178400,DAL
2008-03-11,12.15999984741211,12.640000343322754,11.640000343322754,12.109999656677246,10.382903099060059,3518000,DAL
2008-03-12,11.579999923706055,11.800000190734863,10.050000190734863,10.130000114440918,8.685287475585938,8642300,DAL
2008-03-13,9.819999694824219,10.720000267028809,9.5600004196167,10.520000457763672,9.01966667175293,6963100,DAL
2008-03-14,10.930000305175781,11.010000228881836,9.380000114440918,9.600000381469727,8.230875015258789,6092600,DAL
2008-03-17,9.40999984741211,9.420000076293945,8.609999656677246,9.229999542236328,7.913644790649414,6345200,DAL
2008-03-18,9.010000228881836,10.850000381469727,8.899999618530273,10.09000015258789,8.650988578796387,7490500,DAL
2008-03-19,10.130000114440918,11.0600004196167,10.020000457763672,10.430000305175781,8.942500114440918,6991300,DAL
2008-03-20,10.670000076293945,10.670000076293945,9.920000076293945,10.0,8.57382583618164,8116500,DAL
2008-03-24,10.140000343322754,10.390000343322754,9.869999885559082,10.010000228881836,8.582399368286133,8519100,DAL
2008-03-25,10.109999656677246,10.289999961853027,9.899999618530273,9.970000267028809,8.54810619354248,4329900,DAL
2008-03-26,10.039999961853027,10.039999961853027,8.680000305175781,8.739999771118164,7.493526935577393,8665200,DAL
2008-03-27,8.84000015258789,8.84000015258789,8.34000015258789,8.350000381469727,7.159144878387451,10543800,DAL
2008-03-28,8.449999809265137,9.039999961853027,7.940000057220459,8.609999656677246,7.382066249847412,17147800,DAL
2008-03-31,8.670000076293945,8.789999961853027,8.149999618530273,8.600000381469727,7.373489856719971,17690900,DAL
2008-04-01,8.9399995803833,9.380000114440918,8.760000228881836,9.140000343322754,7.836479663848877,9635000,DAL
2008-04-02,9.010000228881836,9.1899995803833,8.699999809265137,8.800000190734863,7.5449676513671875,5335200,DAL
2008-04-03,8.770000457763672,8.949999809265137,8.520000457763672,8.8100004196167,7.553538799285889,3448100,DAL
2008-04-04,8.84000015258789,8.90999984741211,8.59000015258789,8.75,7.502098560333252,5451000,DAL
2008-04-07,9.100000381469727,9.399999618530273,8.789999961853027,9.289999961853027,7.965083599090576,5758800,DAL
2008-04-08,9.359999656677246,9.5,9.100000381469727,9.34000015258789,8.007951736450195,5180100,DAL
2008-04-09,9.380000114440918,9.579999923706055,8.430000305175781,8.90999984741211,7.6392822265625,8312300,DAL
2008-04-10,9.0600004196167,10.0,8.760000228881836,9.75,8.359478950500488,7788800,DAL
2008-04-11,10.279999732971191,10.550000190734863,9.899999618530273,10.010000228881836,8.582399368286133,10824400,DAL
2008-04-14,10.6899995803833,10.75,10.149999618530273,10.479999542236328,8.985370635986328,9120600,DAL
2008-04-15,10.75,10.890000343322754,8.84000015258789,9.15999984741211,7.853626251220703,32262700,DAL
2008-04-16,9.149999618530273,9.399999618530273,8.59000015258789,8.619999885559082,7.39063835144043,20470700,DAL
2008-04-17,8.640000343322754,8.779999732971191,8.399999618530273,8.550000190734863,7.330621719360352,6431600,DAL
2008-04-18,8.800000190734863,9.0600004196167,8.65999984741211,8.75,7.502098560333252,8146500,DAL
2008-04-21,8.609999656677246,8.729999542236328,8.119999885559082,8.199999809265137,7.030538558959961,6377300,DAL
2008-04-22,8.0,8.100000381469727,6.699999809265137,6.800000190734863,5.830202102661133,20105200,DAL
2008-04-23,6.929999828338623,7.190000057220459,6.5,6.559999942779541,5.624429225921631,21487200,DAL
2008-04-24,6.929999828338623,7.389999866485596,6.570000171661377,7.260000228881836,6.224597930908203,19369000,DAL
2008-04-25,7.110000133514404,7.300000190734863,6.710000038146973,7.010000228881836,6.010252952575684,11496500,DAL
2008-04-28,6.949999809265137,7.230000019073486,6.820000171661377,7.190000057220459,6.164582252502441,8425400,DAL
2008-04-29,7.349999904632568,8.239999771118164,7.349999904632568,8.239999771118164,7.0648345947265625,18722700,DAL
2008-04-30,8.220000267028809,8.670000076293945,8.039999961853027,8.510000228881836,7.296328067779541,15215200,DAL
2008-05-01,8.640000343322754,9.020000457763672,8.569999694824219,8.829999923706055,7.570688247680664,15114600,DAL
2008-05-02,8.90999984741211,8.9399995803833,8.149999618530273,8.5,7.287754058837891,8266300,DAL
2008-05-05,8.380000114440918,8.399999618530273,7.960000038146973,8.109999656677246,6.953373432159424,7458600,DAL
2008-05-06,7.920000076293945,7.949999809265137,7.650000095367432,7.869999885559082,6.7476019859313965,9182300,DAL
2008-05-07,7.900000095367432,8.100000381469727,7.53000020980835,7.670000076293945,6.576125621795654,7083500,DAL
2008-05-08,7.599999904632568,7.829999923706055,7.460000038146973,7.570000171661377,6.490386962890625,9057400,DAL
2008-05-09,7.309999942779541,7.929999828338623,7.269999980926514,7.650000095367432,6.558976650238037,11068700,DAL
2008-05-12,7.980000019073486,7.980000019073486,7.380000114440918,7.440000057220459,6.378928184509277,7737600,DAL
2008-05-13,7.590000152587891,7.619999885559082,7.25,7.389999866485596,6.336059093475342,7796800,DAL
2008-05-14,7.460000038146973,7.980000019073486,7.429999828338623,7.949999809265137,6.816192150115967,8243200,DAL
2008-05-15,7.849999904632568,8.180000305175781,7.599999904632568,7.849999904632568,6.730453014373779,7882100,DAL
2008-05-16,7.789999961853027,7.889999866485596,7.440000057220459,7.5,6.4303717613220215,8203200,DAL
2008-05-19,7.480000019073486,7.550000190734863,7.070000171661377,7.150000095367432,6.130286693572998,8380300,DAL
2008-05-20,7.099999904632568,7.099999904632568,6.679999828338623,6.900000095367432,5.915939807891846,7104600,DAL
2008-05-21,6.800000190734863,6.880000114440918,5.690000057220459,5.769999980926514,4.947096824645996,25114200,DAL
2008-05-22,6.010000228881836,6.170000076293945,5.739999771118164,5.769999980926514,4.947096824645996,13338600,DAL
2008-05-23,5.650000095367432,5.78000020980835,5.369999885559082,5.5,4.715604782104492,13950500,DAL
2008-05-27,5.710000038146973,6.0,5.53000020980835,5.920000076293945,5.0757060050964355,12920100,DAL
2008-05-28,6.21999979019165,6.349999904632568,5.570000171661377,5.650000095367432,4.844212055206299,12853600,DAL
2008-05-29,5.78000020980835,6.159999847412109,5.53000020980835,6.139999866485596,5.264329433441162,9499100,DAL
2008-05-30,6.170000076293945,6.230000019073486,5.849999904632568,6.150000095367432,5.2729034423828125,6889500,DAL
2008-06-02,6.25,6.25,5.75,5.849999904632568,5.015687465667725,9104100,DAL
2008-06-03,5.989999771118164,6.130000114440918,5.869999885559082,6.099999904632568,5.230035305023193,8720600,DAL
2008-06-04,6.110000133514404,6.329999923706055,6.0,6.099999904632568,5.230035305023193,14734700,DAL
2008-06-05,6.300000190734863,7.03000020980835,6.300000190734863,6.840000152587891,5.864497184753418,20509100,DAL
2008-06-06,6.380000114440918,6.670000076293945,6.139999866485596,6.300000190734863,5.401510238647461,16676600,DAL
2008-06-09,6.400000095367432,6.5,5.920000076293945,6.090000152587891,5.221460342407227,12055400,DAL
2008-06-10,5.929999828338623,6.239999771118164,5.829999923706055,5.929999828338623,5.084278583526611,10392200,DAL
2008-06-11,5.849999904632568,5.880000114440918,5.340000152587891,5.360000133514404,4.595571517944336,11500800,DAL
2008-06-12,5.579999923706055,5.710000038146973,4.800000190734863,5.139999866485596,4.406947135925293,19832000,DAL
2008-06-13,5.340000152587891,5.489999771118164,5.199999809265137,5.320000171661377,4.561276912689209,14150700,DAL
2008-06-16,5.190000057220459,5.659999847412109,5.059999942779541,5.559999942779541,4.767046928405762,13063300,DAL
2008-06-17,5.75,5.820000171661377,5.539999961853027,5.730000019073486,4.9128031730651855,8018400,DAL
2008-06-18,5.5,5.650000095367432,5.210000038146973,5.449999809265137,4.672735214233398,9909200,DAL
2008-06-19,5.46999979019165,6.380000114440918,5.440000057220459,6.380000114440918,5.470102787017822,13864700,DAL
2008-06-20,5.929999828338623,6.079999923706055,5.510000228881836,5.679999828338623,4.869933128356934,13350900,DAL
2008-06-23,5.889999866485596,5.889999866485596,4.949999809265137,5.0,4.28691291809082,18983300,DAL
2008-06-24,5.099999904632568,5.5,4.840000152587891,5.260000228881836,4.509833335876465,16049300,DAL
2008-06-25,5.480000019073486,5.760000228881836,5.269999980926514,5.309999942779541,4.552701950073242,14928600,DAL
2008-06-26,5.050000190734863,5.460000038146973,5.050000190734863,5.460000038146973,4.681310176849365,22894600,DAL
2008-06-27,5.309999942779541,5.539999961853027,5.21999979019165,5.519999980926514,4.732751369476318,14732700,DAL
2008-06-30,5.420000076293945,5.760000228881836,5.199999809265137,5.699999809265137,4.887082099914551,10611700,DAL
2008-07-01,5.46999979019165,5.670000076293945,5.210000038146973,5.53000020980835,4.741326808929443,12666300,DAL
2008-07-02,5.519999980926514,5.519999980926514,4.849999904632568,4.900000095367432,4.201174736022949,12043300,DAL
2008-07-03,5.0,5.210000038146973,4.710000038146973,4.949999809265137,4.244044780731201,6977600,DAL
2008-07-07,5.340000152587891,5.340000152587891,4.71999979019165,4.880000114440918,4.184028148651123,15207100,DAL
2008-07-08,5.159999847412109,5.900000095367432,5.059999942779541,5.840000152587891,5.007115364074707,15903400,DAL
2008-07-09,5.739999771118164,5.880000114440918,5.199999809265137,5.28000020980835,4.526979446411133,15418500,DAL
2008-07-10,5.21999979019165,5.550000190734863,4.960000038146973,5.190000057220459,4.4498162269592285,10383200,DAL
2008-07-11,4.900000095367432,5.230000019073486,4.590000152587891,4.929999828338623,4.226895332336426,14565500,DAL
2008-07-14,5.28000020980835,5.28000020980835,4.639999866485596,4.639999866485596,3.9782557487487793,8584200,DAL
2008-07-15,4.599999904632568,4.949999809265137,4.0,4.670000076293945,4.003975868225098,15186000,DAL
2008-07-16,4.760000228881836,6.110000133514404,4.75,5.909999847412109,5.067132472991943,34130000,DAL
2008-07-17,6.150000095367432,7.0,5.519999980926514,6.809999942779541,5.838778018951416,22248600,DAL
2008-07-18,6.760000228881836,7.25,6.46999979019165,6.929999828338623,5.941662311553955,14705200,DAL
2008-07-21,6.769999980926514,7.139999866485596,6.5,6.559999942779541,5.624429225921631,10032000,DAL
2008-07-22,6.78000020980835,7.900000095367432,6.75,7.710000038146973,6.6104207038879395,38305000,DAL
2008-07-23,8.100000381469727,8.789999961853027,7.409999847412109,8.600000381469727,7.373489856719971,34163200,DAL
2008-07-24,8.15999984741211,8.34000015258789,6.449999809265137,6.800000190734863,5.830202102661133,34379900,DAL
2008-07-25,7.25,7.730000019073486,7.039999961853027,7.340000152587891,6.293188571929932,22090100,DAL
2008-07-28,7.190000057220459,7.550000190734863,6.699999809265137,6.900000095367432,5.915939807891846,15768800,DAL
2008-07-29,7.289999961853027,7.96999979019165,7.039999961853027,7.909999847412109,6.78189754486084,21221100,DAL
2008-07-30,8.109999656677246,8.4399995803833,7.0,7.190000057220459,6.164582252502441,24472300,DAL
2008-07-31,7.099999904632568,7.800000190734863,7.019999980926514,7.539999961853027,6.464666366577148,15833300,DAL
2008-08-01,7.809999942779541,7.829999923706055,7.159999847412109,7.699999809265137,6.601846218109131,12986100,DAL
2008-08-04,7.800000190734863,8.420000076293945,7.409999847412109,8.119999885559082,6.961947917938232,18672100,DAL
2008-08-05,8.5600004196167,8.760000228881836,8.149999618530273,8.699999809265137,7.459230899810791,22999800,DAL
2008-08-06,8.59000015258789,8.8100004196167,8.010000228881836,8.729999542236328,7.484949588775635,18919900,DAL
2008-08-07,8.180000305175781,8.890000343322754,8.130000114440918,8.789999961853027,7.536393165588379,15805600,DAL
2008-08-08,9.050000190734863,9.399999618530273,9.0,9.119999885559082,7.819331645965576,19090200,DAL
2008-08-11,9.140000343322754,10.260000228881836,9.0,9.34000015258789,8.007951736450195,27981400,DAL
2008-08-12,9.350000381469727,10.029999732971191,9.170000076293945,9.239999771118164,7.9222187995910645,25886600,DAL
2008-08-13,9.119999885559082,9.170000076293945,8.210000038146973,8.34000015258789,7.150571346282959,19081900,DAL
2008-08-14,8.5600004196167,9.079999923706055,8.40999984741211,8.819999694824219,7.562117099761963,20255000,DAL
2008-08-15,9.270000457763672,9.6899995803833,9.079999923706055,9.40999984741211,8.067973136901855,15447700,DAL
2008-08-18,9.25,9.779999732971191,9.100000381469727,9.399999618530273,8.059395790100098,14029100,DAL
2008-08-19,9.40999984741211,9.520000457763672,8.4399995803833,8.569999694824219,7.347768306732178,13706100,DAL
2008-08-20,8.260000228881836,8.489999771118164,7.690000057220459,8.270000457763672,7.090557098388672,18496400,DAL
2008-08-21,7.559999942779541,7.949999809265137,7.420000076293945,7.900000095367432,6.773323059082031,14490100,DAL
2008-08-22,8.25,8.850000381469727,8.1899995803833,8.630000114440918,7.399214744567871,10831200,DAL
2008-08-25,8.510000228881836,8.920000076293945,8.3100004196167,8.369999885559082,7.176292896270752,12632700,DAL
2008-08-26,8.300000190734863,8.399999618530273,7.769999980926514,7.940000057220459,6.807618618011475,10027200,DAL
2008-08-27,7.599999904632568,7.849999904632568,6.920000076293945,7.320000171661377,6.276041507720947,27247800,DAL
2008-08-28,7.170000076293945,8.300000190734863,7.170000076293945,8.1899995803833,7.021963119506836,16625300,DAL
2008-08-29,7.880000114440918,8.300000190734863,7.710000038146973,8.130000114440918,6.970522880554199,10810100,DAL
2008-09-02,9.319999694824219,9.899999618530273,9.069999694824219,9.170000076293945,7.862199783325195,31725800,DAL
2008-09-03,9.369999885559082,9.739999771118164,8.970000267028809,9.109999656677246,7.810758113861084,18650100,DAL
2008-09-04,9.029999732971191,9.600000381469727,8.920000076293945,8.960000038146973,7.682147026062012,17969300,DAL
2008-09-05,8.84000015258789,9.329999923706055,8.8100004196167,8.8100004196167,7.553538799285889,15881000,DAL
2008-09-08,8.789999961853027,9.09000015258789,6.460000038146973,8.59000015258789,7.364919662475586,27723900,DAL
2008-09-09,8.989999771118164,9.09000015258789,8.210000038146973,8.229999542236328,7.056259632110596,16150100,DAL
2008-09-10,8.109999656677246,8.270000457763672,7.590000152587891,7.869999885559082,6.7476019859313965,15606000,DAL
2008-09-11,7.440000057220459,8.34000015258789,7.389999866485596,8.09000015258789,6.9362263679504395,14668000,DAL
2008-09-12,7.989999771118164,8.1899995803833,7.650000095367432,8.130000114440918,6.970522880554199,12438700,DAL
2008-09-15,8.350000381469727,8.520000457763672,7.96999979019165,8.050000190734863,6.9019317626953125,27615200,DAL
2008-09-16,8.239999771118164,10.100000381469727,8.220000267028809,9.9399995803833,8.522382736206055,47668700,DAL
2008-09-17,9.550000190734863,9.569999694824219,8.229999542236328,9.0,7.716445446014404,21188100,DAL
2008-09-18,8.5600004196167,9.5,8.369999885559082,9.449999809265137,8.102269172668457,23124200,DAL
2008-09-19,9.399999618530273,9.699999809265137,8.760000228881836,9.670000076293945,8.290891647338867,17084300,DAL
2008-09-22,9.350000381469727,9.430000305175781,8.079999923706055,8.699999809265137,7.459230899810791,21652700,DAL
2008-09-23,8.949999809265137,9.210000038146973,8.680000305175781,8.850000381469727,7.587838172912598,16010200,DAL
2008-09-24,8.699999809265137,8.770000457763672,8.029999732971191,8.029999732971191,6.884783744812012,15789300,DAL
2008-09-25,8.4399995803833,8.550000190734863,8.0600004196167,8.0600004196167,6.910504341125488,14759400,DAL
2008-09-26,8.0600004196167,8.510000228881836,7.840000152587891,7.949999809265137,6.816192150115967,12564900,DAL
2008-09-29,8.319999694824219,8.319999694824219,7.170000076293945,7.329999923706055,6.284615516662598,14016900,DAL
2008-09-30,7.5,7.710000038146973,6.760000228881836,7.449999809265137,6.3875017166137695,11559500,DAL
2008-10-01,7.639999866485596,8.880000114440918,7.449999809265137,8.550000190734863,7.330621719360352,17813100,DAL
2008-10-02,8.979999542236328,8.979999542236328,7.519999980926514,7.909999847412109,6.78189754486084,19925900,DAL
2008-10-03,8.460000038146973,8.460000038146973,7.519999980926514,7.860000133514404,6.7390265464782715,12244600,DAL
2008-10-06,7.739999771118164,7.800000190734863,6.75,7.239999771118164,6.207448959350586,14867000,DAL
2008-10-07,7.46999979019165,7.46999979019165,5.610000133514404,5.710000038146973,4.895654678344727,20630200,DAL
2008-10-08,5.559999942779541,6.050000190734863,5.099999904632568,5.639999866485596,4.83563756942749,14440400,DAL
2008-10-09,6.090000152587891,6.559999942779541,5.539999961853027,5.659999847412109,4.852786540985107,18419200,DAL
2008-10-10,5.610000133514404,6.039999961853027,5.28000020980835,6.03000020980835,5.170018196105957,23903100,DAL
2008-10-13,6.559999942779541,6.800000190734863,6.090000152587891,6.800000190734863,5.830202102661133,13758400,DAL
2008-10-14,7.130000114440918,7.420000076293945,6.630000114440918,7.349999904632568,6.301761627197266,16499100,DAL
2008-10-15,7.050000190734863,7.929999828338623,6.929999828338623,7.440000057220459,6.378928184509277,17699700,DAL
2008-10-16,7.630000114440918,8.890000343322754,7.449999809265137,8.84000015258789,7.579261302947998,24894700,DAL
2008-10-17,8.34000015258789,9.1899995803833,8.289999961853027,9.1899995803833,7.879349231719971,21158000,DAL
2008-10-20,8.899999618530273,9.40999984741211,8.59000015258789,9.40999984741211,8.067973136901855,14318600,DAL
2008-10-21,9.600000381469727,10.25,9.260000228881836,9.760000228881836,8.368056297302246,20725600,DAL
2008-10-22,9.90999984741211,10.65999984741211,8.600000381469727,9.930000305175781,8.513811111450195,23933600,DAL
2008-10-23,9.460000038146973,9.800000190734863,8.4399995803833,8.800000190734863,7.5449676513671875,14302200,DAL
2008-10-24,8.0,9.40999984741211,7.840000152587891,8.3100004196167,7.124850749969482,14406800,DAL
2008-10-27,8.5600004196167,8.84000015258789,7.510000228881836,7.659999847412109,6.567551136016846,17844900,DAL
2008-10-28,8.15999984741211,8.420000076293945,7.199999809265137,8.15999984741211,6.996242046356201,15803300,DAL
2008-10-29,8.039999961853027,8.470000267028809,7.75,7.989999771118164,6.85048770904541,21301800,DAL
2008-10-30,8.760000228881836,9.550000190734863,8.479999542236328,9.550000190734863,8.188003540039062,19420700,DAL
2008-10-31,9.859999656677246,11.899999618530273,9.399999618530273,10.979999542236328,9.4140625,36638200,DAL
2008-11-03,11.140000343322754,11.720000267028809,10.989999771118164,11.520000457763672,9.877046585083008,16670300,DAL
2008-11-04,11.079999923706055,12.0,10.029999732971191,11.279999732971191,9.67127513885498,24872000,DAL
2008-11-05,11.149999618530273,11.359999656677246,10.279999732971191,10.479999542236328,8.985370635986328,17223200,DAL
2008-11-06,10.25,10.609999656677246,9.399999618530273,9.520000457763672,8.16228199005127,13832700,DAL
2008-11-07,10.069999694824219,10.140000343322754,9.170000076293945,9.460000038146973,8.11083984375,10835100,DAL
2008-11-10,9.050000190734863,9.390000343322754,8.630000114440918,8.979999542236328,7.699295520782471,11513700,DAL
2008-11-11,9.069999694824219,9.199999809265137,8.59000015258789,8.84000015258789,7.579261302947998,8692300,DAL
2008-11-12,8.84000015258789,8.84000015258789,7.110000133514404,7.369999885559082,6.318909645080566,22729500,DAL
2008-11-13,7.260000228881836,8.170000076293945,7.190000057220459,8.170000076293945,7.004815578460693,15547200,DAL
2008-11-14,8.09000015258789,8.460000038146973,7.760000228881836,7.849999904632568,6.730453014373779,8104200,DAL
2008-11-17,7.800000190734863,8.180000305175781,7.480000019073486,7.869999885559082,6.7476019859313965,8422500,DAL
2008-11-18,8.0,8.489999771118164,7.610000133514404,7.880000114440918,6.756174564361572,10868300,DAL
2008-11-19,7.849999904632568,8.010000228881836,6.96999979019165,7.0,6.001678943634033,15044900,DAL
2008-11-20,6.869999885559082,7.619999885559082,6.5,7.019999980926514,6.018826484680176,13942200,DAL
2008-11-21,7.260000228881836,7.480000019073486,6.289999961853027,6.820000171661377,5.847350597381592,14946700,DAL
2008-11-24,6.900000095367432,7.480000019073486,6.570000171661377,7.349999904632568,6.301761627197266,11889700,DAL
2008-11-25,7.349999904632568,8.399999618530273,7.349999904632568,8.390000343322754,7.193439483642578,14679300,DAL
2008-11-26,8.0,8.649999618530273,7.75,8.420000076293945,7.2191643714904785,11546700,DAL
2008-11-28,8.210000038146973,8.859999656677246,8.020000457763672,8.8100004196167,7.553538799285889,4626500,DAL
2008-12-01,8.600000381469727,8.609999656677246,7.800000190734863,7.960000038146973,6.824765682220459,9192300,DAL
2008-12-02,8.100000381469727,8.59000015258789,7.960000038146973,8.470000267028809,7.262031555175781,9413600,DAL
2008-12-03,8.449999809265137,8.789999961853027,8.0,8.739999771118164,7.493526935577393,10961300,DAL
2008-12-04,8.779999732971191,9.329999923706055,8.449999809265137,8.880000114440918,7.613561153411865,12866300,DAL
2008-12-05,8.930000305175781,10.430000305175781,8.619999885559082,10.359999656677246,8.88248348236084,18310300,DAL
2008-12-08,10.779999732971191,11.130000114440918,9.90999984741211,11.020000457763672,9.448358535766602,20026700,DAL
2008-12-09,10.779999732971191,11.640000343322754,10.529999732971191,10.869999885559082,9.319746971130371,18926300,DAL
2008-12-10,10.729999542236328,11.25,10.729999542236328,11.0,9.431209564208984,10910500,DAL
2008-12-11,10.729999542236328,10.880000114440918,9.40999984741211,9.970000267028809,8.54810619354248,12290800,DAL
2008-12-12,9.479999542236328,10.59000015258789,9.399999618530273,10.5,9.002517700195312,7659500,DAL
2008-12-15,10.260000228881836,10.880000114440918,10.100000381469727,10.630000114440918,9.113978385925293,8593200,DAL
2008-12-16,10.850000381469727,11.399999618530273,10.5,11.180000305175781,9.585538864135742,11474000,DAL
2008-12-17,10.609999656677246,11.199999809265137,10.5,11.0,9.431209564208984,17388800,DAL
2008-12-18,11.15999984741211,11.5,10.760000228881836,11.010000228881836,9.439784049987793,19423500,DAL
2008-12-19,11.149999618530273,11.399999618530273,10.470000267028809,10.569999694824219,9.06253719329834,12998200,DAL
2008-12-22,10.5,10.520000457763672,9.960000038146973,10.25,8.788174629211426,12425500,DAL
2008-12-23,10.130000114440918,10.5600004196167,10.100000381469727,10.270000457763672,8.805320739746094,7654400,DAL
2008-12-24,10.380000114440918,10.800000190734863,10.140000343322754,10.470000267028809,8.976795196533203,4376700,DAL
2008-12-26,10.5,10.699999809265137,10.300000190734863,10.600000381469727,9.088254928588867,2711400,DAL
2008-12-29,10.239999771118164,10.890000343322754,10.220000267028809,10.779999732971191,9.242584228515625,6310100,DAL
2008-12-30,10.850000381469727,11.149999618530273,10.670000076293945,10.920000076293945,9.36262035369873,6092700,DAL
2008-12-31,10.970000267028809,11.5,10.779999732971191,11.460000038146973,9.825606346130371,9921800,DAL
2009-01-02,11.3100004196167,12.5600004196167,11.300000190734863,12.130000114440918,10.400050163269043,12131800,DAL
2009-01-05,11.850000381469727,12.109999656677246,11.579999923706055,11.949999809265137,10.245721817016602,7662200,DAL
2009-01-06,11.789999961853027,12.649999618530273,11.789999961853027,12.380000114440918,10.614396095275879,14419500,DAL
2009-01-07,12.130000114440918,12.420000076293945,11.529999732971191,11.880000114440918,10.185705184936523,12450000,DAL
2009-01-08,11.75,12.359999656677246,11.300000190734863,12.220000267028809,10.477216720581055,12583300,DAL
2009-01-09,12.1899995803833,12.1899995803833,11.600000381469727,11.760000228881836,10.082818031311035,9873200,DAL
2009-01-12,11.890000343322754,12.239999771118164,10.890000343322754,11.300000190734863,9.688424110412598,8979600,DAL
2009-01-13,11.109999656677246,11.329999923706055,10.800000190734863,11.109999656677246,9.525521278381348,9980300,DAL
2009-01-14,10.850000381469727,11.050000190734863,10.100000381469727,10.289999961853027,8.822465896606445,8518400,DAL
2009-01-15,10.430000305175781,11.600000381469727,10.149999618530273,10.970000267028809,9.405489921569824,14226500,DAL
2009-01-16,11.020000457763672,11.649999618530273,10.819999694824219,11.430000305175781,9.799885749816895,9946400,DAL
2009-01-20,11.399999618530273,11.859999656677246,10.979999542236328,11.039999961853027,9.465502738952637,11927500,DAL
2009-01-21,11.279999732971191,11.5,9.039999961853027,10.100000381469727,8.659564018249512,21666900,DAL
2009-01-22,10.0,10.729999542236328,9.760000228881836,10.579999923706055,9.071109771728516,14128100,DAL
2009-01-23,10.100000381469727,10.829999923706055,9.930000305175781,10.260000228881836,8.796745300292969,9394900,DAL
2009-01-26,10.600000381469727,10.600000381469727,9.75,9.930000305175781,8.513811111450195,7357800,DAL
2009-01-27,9.25,9.359999656677246,7.5,7.929999828338623,6.799044132232666,32765000,DAL
2009-01-28,8.34000015258789,8.84000015258789,8.210000038146973,8.739999771118164,7.493526935577393,13099200,DAL
2009-01-29,8.600000381469727,8.970000267028809,7.860000133514404,8.020000457763672,6.876210689544678,12747300,DAL
2009-01-30,8.15999984741211,8.270000457763672,6.739999771118164,6.900000095367432,5.915939807891846,24654100,DAL
2009-02-02,7.090000152587891,7.150000095367432,6.639999866485596,7.070000171661377,6.061695098876953,16042100,DAL
2009-02-03,7.25,7.260000228881836,6.650000095367432,6.900000095367432,5.915939807891846,12648100,DAL
2009-02-04,7.0,7.119999885559082,6.5,6.510000228881836,5.5815606117248535,11712200,DAL
2009-02-05,6.510000228881836,7.0,6.059999942779541,6.53000020980835,5.5987091064453125,16950300,DAL
2009-02-06,6.760000228881836,7.670000076293945,6.670000076293945,7.340000152587891,6.293188571929932,19547500,DAL
2009-02-09,7.429999828338623,7.5,7.159999847412109,7.300000190734863,6.2588934898376465,7765800,DAL
2009-02-10,7.130000114440918,7.5,6.800000190734863,6.840000152587891,5.864497184753418,12281000,DAL
2009-02-11,7.019999980926514,7.019999980926514,6.159999847412109,6.46999979019165,5.547265529632568,15873300,DAL
2009-02-12,6.639999866485596,6.989999771118164,6.519999980926514,6.96999979019165,5.975955963134766,9564400,DAL
2009-02-13,7.070000171661377,7.239999771118164,6.71999979019165,7.110000133514404,6.09598970413208,10952800,DAL
2009-02-17,6.809999942779541,6.829999923706055,6.329999923706055,6.349999904632568,5.444378852844238,9951600,DAL
2009-02-18,6.349999904632568,6.460000038146973,5.429999828338623,5.710000038146973,4.895654678344727,21440100,DAL
2009-02-19,5.889999866485596,6.099999904632568,5.659999847412109,5.730000019073486,4.9128031730651855,11394300,DAL
2009-02-20,5.699999809265137,5.739999771118164,4.860000133514404,5.559999942779541,4.767046928405762,19568100,DAL
2009-02-23,5.820000171661377,6.28000020980835,5.610000133514404,5.710000038146973,4.895654678344727,16385800,DAL
2009-02-24,5.980000019073486,6.039999961853027,5.519999980926514,5.949999809265137,5.101426124572754,10671100,DAL
2009-02-25,6.010000228881836,6.010000228881836,5.449999809265137,5.710000038146973,4.895654678344727,10602400,DAL
2009-02-26,5.849999904632568,6.0,5.380000114440918,5.690000057220459,4.878507614135742,13172200,DAL
2009-02-27,5.5,5.5,4.949999809265137,5.03000020980835,4.312636375427246,28606000,DAL
2009-03-02,4.849999904632568,4.949999809265137,4.53000020980835,4.590000152587891,3.935387372970581,11809100,DAL
2009-03-03,4.619999885559082,4.760000228881836,3.950000047683716,4.260000228881836,3.6524498462677,21878200,DAL
2009-03-04,4.400000095367432,4.989999771118164,4.320000171661377,4.460000038146973,3.823927164077759,15851200,DAL
2009-03-05,4.269999980926514,4.349999904632568,3.8499999046325684,3.930000066757202,3.3695132732391357,15275700,DAL
2009-03-06,3.9700000286102295,4.059999942779541,3.509999990463257,4.059999942779541,3.480973958969116,19134400,DAL
2009-03-09,3.9000000953674316,4.46999979019165,3.809999942779541,4.190000057220459,3.592432975769043,10657500,DAL
2009-03-10,4.400000095367432,4.75,4.130000114440918,4.739999771118164,4.063994884490967,22514300,DAL
2009-03-11,4.760000228881836,5.119999885559082,4.710000038146973,4.800000190734863,4.1154375076293945,12873000,DAL
2009-03-12,4.809999942779541,5.5,4.519999980926514,5.329999923706055,4.569851398468018,11557100,DAL
2009-03-13,5.440000057220459,6.099999904632568,5.429999828338623,5.820000171661377,4.9899678230285645,14573800,DAL
2009-03-16,6.059999942779541,6.260000228881836,5.46999979019165,5.539999961853027,4.749899387359619,13374600,DAL
2009-03-17,5.650000095367432,6.190000057220459,5.489999771118164,6.150000095367432,5.2729034423828125,9272000,DAL
2009-03-18,5.96999979019165,6.349999904632568,5.619999885559082,6.070000171661377,5.204312801361084,14077100,DAL
2009-03-19,6.019999980926514,6.070000171661377,5.289999961853027,5.369999885559082,4.604146480560303,13994700,DAL
2009-03-20,5.400000095367432,5.550000190734863,4.849999904632568,5.019999980926514,4.304060459136963,12608300,DAL
2009-03-23,5.199999809265137,5.449999809265137,4.900000095367432,5.440000057220459,4.6641621589660645,13453900,DAL
2009-03-24,5.260000228881836,5.659999847412109,5.039999961853027,5.449999809265137,4.672735214233398,11119700,DAL
2009-03-25,5.579999923706055,5.989999771118164,5.369999885559082,5.679999828338623,4.869933128356934,12549000,DAL
2009-03-26,5.800000190734863,6.449999809265137,5.71999979019165,6.28000020980835,5.384363651275635,13275300,DAL
2009-03-27,6.230000019073486,6.389999866485596,5.960000038146973,6.039999961853027,5.178591728210449,11567700,DAL
2009-03-30,5.869999885559082,5.869999885559082,5.289999961853027,5.400000095367432,4.629867076873779,10306000,DAL
2009-03-31,5.579999923706055,5.849999904632568,5.400000095367432,5.630000114440918,4.827065467834473,10703900,DAL
2009-04-01,5.519999980926514,5.949999809265137,5.360000133514404,5.909999847412109,5.067132472991943,10889900,DAL
2009-04-02,6.010000228881836,6.630000114440918,5.96999979019165,6.449999809265137,5.530118942260742,14053600,DAL
2009-04-03,6.539999961853027,6.78000020980835,6.300000190734863,6.639999866485596,5.693020820617676,10076300,DAL
2009-04-06,6.5,7.159999847412109,6.5,6.940000057220459,5.950235366821289,14306100,DAL
2009-04-07,6.829999923706055,6.989999771118164,6.5,6.659999847412109,5.710169315338135,9306700,DAL
2009-04-08,6.71999979019165,7.0,6.71999979019165,6.909999847412109,5.9245147705078125,8876700,DAL
2009-04-09,7.179999828338623,7.440000057220459,7.079999923706055,7.389999866485596,6.336059093475342,13980000,DAL
2009-04-13,7.269999980926514,7.539999961853027,7.159999847412109,7.510000228881836,6.438943862915039,10827900,DAL
2009-04-14,7.440000057220459,7.480000019073486,6.829999923706055,7.0,6.001678943634033,12096400,DAL
2009-04-15,6.869999885559082,7.480000019073486,6.599999904632568,7.28000020980835,6.24174690246582,22206200,DAL
2009-04-16,7.409999847412109,7.460000038146973,7.039999961853027,7.28000020980835,6.24174690246582,13652300,DAL
2009-04-17,7.21999979019165,7.409999847412109,7.150000095367432,7.320000171661377,6.276041507720947,7133100,DAL
2009-04-20,7.190000057220459,7.25,6.730000019073486,6.809999942779541,5.838778018951416,10625800,DAL
2009-04-21,6.920000076293945,8.149999618530273,6.800000190734863,8.109999656677246,6.953373432159424,19112200,DAL
2009-04-22,7.880000114440918,8.239999771118164,7.400000095367432,7.650000095367432,6.558976650238037,17275100,DAL
2009-04-23,7.800000190734863,8.270000457763672,7.679999828338623,8.0,6.859062194824219,16303100,DAL
2009-04-24,8.130000114440918,8.130000114440918,7.829999923706055,7.880000114440918,6.756174564361572,8995800,DAL
2009-04-27,6.820000171661377,7.0,6.150000095367432,6.75,5.787333965301514,31677000,DAL
2009-04-28,6.349999904632568,6.949999809265137,5.980000019073486,6.079999923706055,5.212886333465576,31823900,DAL
2009-04-29,6.360000133514404,6.5,6.150000095367432,6.21999979019165,5.332920074462891,26880100,DAL
2009-04-30,6.460000038146973,6.46999979019165,6.099999904632568,6.170000076293945,5.290051460266113,19076800,DAL
2009-05-01,6.28000020980835,6.550000190734863,6.25,6.420000076293945,5.504396915435791,11660600,DAL
2009-05-04,6.71999979019165,7.150000095367432,6.670000076293945,7.019999980926514,6.018826484680176,20046200,DAL
2009-05-05,7.150000095367432,7.550000190734863,7.03000020980835,7.53000020980835,6.456091403961182,20575100,DAL
2009-05-06,7.699999809265137,7.880000114440918,7.190000057220459,7.329999923706055,6.284615516662598,12900200,DAL
2009-05-07,7.510000228881836,7.510000228881836,6.739999771118164,6.980000019073486,5.984529495239258,13007100,DAL
2009-05-08,7.090000152587891,7.170000076293945,6.690000057220459,6.960000038146973,5.967383861541748,9451600,DAL
2009-05-11,6.769999980926514,7.139999866485596,6.630000114440918,6.909999847412109,5.9245147705078125,8079200,DAL
2009-05-12,6.940000057220459,7.059999942779541,6.460000038146973,6.630000114440918,5.684447765350342,9386700,DAL
2009-05-13,6.409999847412109,6.579999923706055,6.28000020980835,6.340000152587891,5.435805797576904,9330700,DAL
2009-05-14,6.300000190734863,6.78000020980835,6.139999866485596,6.369999885559082,5.461528778076172,14794800,DAL
2009-05-15,6.320000171661377,6.590000152587891,6.230000019073486,6.329999923706055,5.427231311798096,11900300,DAL
2009-05-18,6.46999979019165,6.78000020980835,6.309999942779541,6.78000020980835,5.81305456161499,7376700,DAL
2009-05-19,6.800000190734863,6.900000095367432,6.590000152587891,6.599999904632568,5.658723831176758,7495400,DAL
2009-05-20,6.920000076293945,6.960000038146973,6.420000076293945,6.46999979019165,5.547265529632568,9809700,DAL
2009-05-21,6.300000190734863,6.590000152587891,6.300000190734863,6.460000038146973,5.538691997528076,8256700,DAL
2009-05-22,6.380000114440918,6.53000020980835,6.139999866485596,6.21999979019165,5.332920074462891,9387900,DAL
2009-05-26,6.190000057220459,6.369999885559082,6.150000095367432,6.25,5.358641624450684,10211800,DAL
2009-05-27,6.28000020980835,6.360000133514404,5.480000019073486,5.559999942779541,4.767046928405762,27902500,DAL
2009-05-28,5.670000076293945,5.670000076293945,5.400000095367432,5.5,4.715604782104492,23461400,DAL
2009-05-29,5.5,5.809999942779541,5.429999828338623,5.809999942779541,4.981394290924072,40407700,DAL
2009-06-01,6.090000152587891,6.46999979019165,5.960000038146973,6.429999828338623,5.512969970703125,16400100,DAL
2009-06-02,6.630000114440918,7.090000152587891,6.5,6.880000114440918,5.898794651031494,15915700,DAL
2009-06-03,6.809999942779541,7.239999771118164,6.639999866485596,7.210000038146973,6.181730270385742,19371400,DAL
2009-06-04,7.139999866485596,7.199999809265137,6.909999847412109,7.139999866485596,6.121711730957031,13781800,DAL
2009-06-05,7.199999809265137,7.25,6.849999904632568,7.019999980926514,6.018826484680176,9799500,DAL
2009-06-08,6.78000020980835,6.940000057220459,6.590000152587891,6.71999979019165,5.761610984802246,8352500,DAL
2009-06-09,6.849999904632568,6.909999847412109,6.679999828338623,6.900000095367432,5.915939807891846,5867200,DAL
2009-06-10,6.840000152587891,6.900000095367432,6.380000114440918,6.550000190734863,5.615856647491455,16396400,DAL
2009-06-11,6.460000038146973,6.769999980926514,6.25,6.679999828338623,5.727316856384277,11698400,DAL
2009-06-12,6.679999828338623,6.739999771118164,6.369999885559082,6.400000095367432,5.48724889755249,11720900,DAL
2009-06-15,6.199999809265137,6.300000190734863,6.03000020980835,6.099999904632568,5.230035305023193,11147000,DAL
2009-06-16,6.25,6.449999809265137,6.0,6.159999847412109,5.281477928161621,10371800,DAL
2009-06-17,6.150000095367432,6.380000114440918,5.929999828338623,6.179999828338623,5.298624038696289,13028100,DAL
2009-06-18,6.28000020980835,6.28000020980835,5.900000095367432,5.980000019073486,5.127147674560547,7043000,DAL
2009-06-19,6.019999980926514,6.090000152587891,5.920000076293945,6.070000171661377,5.204312801361084,8133100,DAL
2009-06-22,6.010000228881836,6.050000190734863,5.590000152587891,5.650000095367432,4.844212055206299,7359000,DAL
2009-06-23,5.670000076293945,5.829999923706055,5.309999942779541,5.400000095367432,4.629867076873779,19412400,DAL
2009-06-24,5.5,5.659999847412109,5.400000095367432,5.53000020980835,4.741326808929443,12706600,DAL
2009-06-25,5.599999904632568,6.050000190734863,5.5,6.03000020980835,5.170018196105957,14931500,DAL
2009-06-26,6.019999980926514,6.090000152587891,5.639999866485596,5.699999809265137,4.887082099914551,21005800,DAL
2009-06-29,5.75,5.900000095367432,5.650000095367432,5.789999961853027,4.9642462730407715,7698200,DAL
2009-06-30,5.800000190734863,5.840000152587891,5.570000171661377,5.789999961853027,4.9642462730407715,11255500,DAL
2009-07-01,5.820000171661377,6.139999866485596,5.809999942779541,5.849999904632568,5.015687465667725,11359800,DAL
2009-07-02,5.949999809265137,6.0,5.849999904632568,5.880000114440918,5.041409015655518,12536600,DAL
2009-07-06,5.909999847412109,6.019999980926514,5.690000057220459,5.730000019073486,4.9128031730651855,9679100,DAL
2009-07-07,5.690000057220459,5.769999980926514,5.590000152587891,5.710000038146973,4.895654678344727,7472700,DAL
2009-07-08,5.78000020980835,5.900000095367432,5.559999942779541,5.679999828338623,4.869933128356934,9514000,DAL
2009-07-09,5.869999885559082,5.869999885559082,5.619999885559082,5.75,4.9299492835998535,6770600,DAL
2009-07-10,5.739999771118164,5.949999809265137,5.619999885559082,5.900000095367432,5.058558940887451,7030800,DAL
2009-07-13,5.989999771118164,6.050000190734863,5.699999809265137,5.96999979019165,5.118575096130371,11536700,DAL
2009-07-14,5.860000133514404,6.050000190734863,5.840000152587891,5.980000019073486,5.127147674560547,8551900,DAL
2009-07-15,6.099999904632568,6.260000228881836,5.949999809265137,6.159999847412109,5.281477928161621,15418600,DAL
2009-07-16,6.119999885559082,6.230000019073486,6.019999980926514,6.119999885559082,5.247182846069336,7825100,DAL
2009-07-17,6.139999866485596,6.210000038146973,6.010000228881836,6.079999923706055,5.212886333465576,6614100,DAL
2009-07-20,6.010000228881836,6.440000057220459,6.0,6.269999980926514,5.375789165496826,13048700,DAL
2009-07-21,6.349999904632568,6.369999885559082,5.710000038146973,6.059999942779541,5.195738792419434,12702100,DAL
2009-07-22,6.0,6.21999979019165,5.769999980926514,5.769999980926514,4.947096824645996,14066000,DAL
2009-07-23,5.869999885559082,6.099999904632568,5.579999923706055,6.059999942779541,5.195738792419434,19803800,DAL
2009-07-24,5.960000038146973,6.269999980926514,5.880000114440918,6.199999809265137,5.315773963928223,10841800,DAL
2009-07-27,6.139999866485596,6.429999828338623,6.139999866485596,6.199999809265137,5.315773963928223,9729900,DAL
2009-07-28,6.199999809265137,6.550000190734863,6.159999847412109,6.5,5.5729899406433105,10910700,DAL
2009-07-29,6.420000076293945,6.849999904632568,6.349999904632568,6.829999923706055,5.855923175811768,14453100,DAL
2009-07-30,6.800000190734863,6.949999809265137,6.690000057220459,6.860000133514404,5.8816447257995605,10067600,DAL
2009-07-31,6.849999904632568,6.949999809265137,6.789999961853027,6.929999828338623,5.941662311553955,6954200,DAL
2009-08-03,7.039999961853027,7.039999961853027,6.78000020980835,6.980000019073486,5.984529495239258,10444500,DAL
2009-08-04,6.889999866485596,7.400000095367432,6.849999904632568,7.170000076293945,6.147434234619141,15680400,DAL
2009-08-05,7.199999809265137,7.360000133514404,6.949999809265137,7.320000171661377,6.276041507720947,16199800,DAL
2009-08-06,7.230000019073486,7.400000095367432,7.199999809265137,7.289999961853027,6.250319480895996,11340700,DAL
2009-08-07,7.349999904632568,7.789999961853027,7.079999923706055,7.409999847412109,6.353206634521484,17177500,DAL
2009-08-10,7.420000076293945,7.420000076293945,7.0,7.079999923706055,6.070270538330078,13006100,DAL
2009-08-11,7.0,7.059999942779541,6.820000171661377,7.019999980926514,6.018826484680176,7973000,DAL
2009-08-12,6.900000095367432,7.340000152587891,6.829999923706055,7.199999809265137,6.173154830932617,9053400,DAL
2009-08-13,7.25,7.289999961853027,7.110000133514404,7.199999809265137,6.173154830932617,7270900,DAL
2009-08-14,7.139999866485596,7.190000057220459,6.929999828338623,7.019999980926514,6.018826484680176,6355900,DAL
2009-08-17,6.760000228881836,6.829999923706055,6.550000190734863,6.599999904632568,5.658723831176758,6153400,DAL
2009-08-18,6.71999979019165,6.789999961853027,6.650000095367432,6.75,5.787333965301514,4708300,DAL
2009-08-19,6.659999847412109,6.789999961853027,6.570000171661377,6.599999904632568,5.658723831176758,4675900,DAL
2009-08-20,6.650000095367432,6.96999979019165,6.650000095367432,6.800000190734863,5.830202102661133,5700000,DAL
2009-08-21,6.829999923706055,7.130000114440918,6.829999923706055,7.130000114440918,6.113139629364014,8120200,DAL
2009-08-24,7.139999866485596,7.5,7.019999980926514,7.090000152587891,6.078843116760254,10571200,DAL
2009-08-25,7.150000095367432,7.409999847412109,7.130000114440918,7.369999885559082,6.318909645080566,11041800,DAL
2009-08-26,7.369999885559082,7.690000057220459,7.269999980926514,7.460000038146973,6.396076679229736,12284200,DAL
2009-08-27,7.480000019073486,7.5,7.25,7.489999771118164,6.421795845031738,10430300,DAL
2009-08-28,7.510000228881836,7.639999866485596,7.300000190734863,7.340000152587891,6.293188571929932,7247800,DAL
2009-08-31,7.159999847412109,7.289999961853027,7.079999923706055,7.21999979019165,6.190303325653076,8286500,DAL
2009-09-01,7.119999885559082,7.21999979019165,6.75,6.900000095367432,5.915939807891846,16075800,DAL
2009-09-02,6.809999942779541,6.980000019073486,6.739999771118164,6.840000152587891,5.864497184753418,9498700,DAL
2009-09-03,6.880000114440918,7.269999980926514,6.860000133514404,7.159999847412109,6.138860702514648,10317300,DAL
2009-09-04,7.110000133514404,7.460000038146973,7.110000133514404,7.389999866485596,6.336059093475342,8522600,DAL
2009-09-08,7.400000095367432,7.5,7.25,7.300000190734863,6.2588934898376465,8509700,DAL
2009-09-09,7.269999980926514,7.5,7.170000076293945,7.329999923706055,6.284615516662598,9099800,DAL
2009-09-10,7.590000152587891,8.25,7.590000152587891,8.100000381469727,6.944799423217773,30430400,DAL
2009-09-11,8.109999656677246,8.520000457763672,7.980000019073486,8.0600004196167,6.910504341125488,15809300,DAL
2009-09-14,8.09000015258789,8.729999542236328,7.940000057220459,8.600000381469727,7.373489856719971,19562600,DAL
2009-09-15,8.630000114440918,9.380000114440918,8.630000114440918,9.149999618530273,7.845052242279053,27904000,DAL
2009-09-16,9.3100004196167,9.84000015258789,9.020000457763672,9.449999809265137,8.102269172668457,23538300,DAL
2009-09-17,9.65999984741211,9.779999732971191,8.9399995803833,9.15999984741211,7.853626251220703,20330000,DAL
2009-09-18,9.140000343322754,9.229999542236328,8.65999984741211,8.960000038146973,7.682147026062012,14600600,DAL
2009-09-21,8.75,9.699999809265137,8.710000038146973,9.649999618530273,8.27374267578125,17046300,DAL
2009-09-22,9.579999923706055,9.880000114440918,9.350000381469727,9.5,8.145134925842285,14670800,DAL
2009-09-23,9.569999694824219,9.569999694824219,8.850000381469727,9.09000015258789,7.793606758117676,13719600,DAL
2009-09-24,9.100000381469727,9.239999771118164,8.899999618530273,8.920000076293945,7.647854328155518,10580800,DAL
2009-09-25,9.039999961853027,9.34000015258789,8.979999542236328,9.050000190734863,7.759314060211182,11932500,DAL
2009-09-28,9.180000305175781,9.239999771118164,8.970000267028809,9.0,7.716445446014404,11278300,DAL
2009-09-29,9.140000343322754,9.300000190734863,9.0600004196167,9.199999809265137,7.887922286987305,11311500,DAL
2009-09-30,9.180000305175781,9.279999732971191,8.899999618530273,8.960000038146973,7.682147026062012,13142200,DAL
2009-10-01,8.949999809265137,8.949999809265137,8.09000015258789,8.140000343322754,6.979094505310059,13969800,DAL
2009-10-02,7.96999979019165,8.489999771118164,7.900000095367432,8.319999694824219,7.133424758911133,14677100,DAL
2009-10-05,8.359999656677246,8.6899995803833,8.319999694824219,8.4399995803833,7.2363080978393555,9839400,DAL
2009-10-06,8.649999618530273,8.8100004196167,8.3100004196167,8.449999809265137,7.2448835372924805,9347300,DAL
2009-10-07,8.489999771118164,8.529999732971191,8.260000228881836,8.279999732971191,7.099128723144531,7273000,DAL
2009-10-08,8.350000381469727,8.829999923706055,8.350000381469727,8.619999885559082,7.39063835144043,10533600,DAL
2009-10-09,8.640000343322754,8.850000381469727,8.520000457763672,8.670000076293945,7.433506965637207,6043600,DAL
2009-10-12,8.739999771118164,8.9399995803833,8.569999694824219,8.899999618530273,7.630704402923584,9939200,DAL
2009-10-13,8.899999618530273,8.979999542236328,8.729999542236328,8.899999618530273,7.630704402923584,8685200,DAL
2009-10-14,9.020000457763672,9.149999618530273,8.979999542236328,9.050000190734863,7.759314060211182,9047900,DAL
2009-10-15,9.0,9.1899995803833,8.880000114440918,9.069999694824219,7.776460647583008,16666500,DAL
2009-10-16,8.989999771118164,9.109999656677246,8.949999809265137,9.029999732971191,7.74216365814209,9034900,DAL
2009-10-19,8.949999809265137,9.050000190734863,8.819999694824219,8.989999771118164,7.707871437072754,14738100,DAL
2009-10-20,9.039999961853027,9.15999984741211,8.970000267028809,9.020000457763672,7.7335896492004395,10996900,DAL
2009-10-21,9.020000457763672,9.199999809265137,8.220000267028809,8.329999923706055,7.141997337341309,29808200,DAL
2009-10-22,8.59000015258789,8.65999984741211,7.730000019073486,8.319999694824219,7.133424758911133,23380000,DAL
2009-10-23,8.380000114440918,8.380000114440918,8.09000015258789,8.239999771118164,7.0648345947265625,11424700,DAL
2009-10-26,8.239999771118164,8.420000076293945,7.760000228881836,7.789999961853027,6.67901086807251,15043300,DAL
2009-10-27,7.940000057220459,7.940000057220459,7.559999942779541,7.639999866485596,6.550402641296387,12166400,DAL
2009-10-28,7.739999771118164,7.739999771118164,7.170000076293945,7.190000057220459,6.164582252502441,14951300,DAL
2009-10-29,7.320000171661377,7.619999885559082,7.269999980926514,7.360000133514404,6.310336112976074,9348900,DAL
2009-10-30,7.25,7.460000038146973,6.920000076293945,7.139999866485596,6.121711730957031,10238600,DAL
2009-11-02,7.139999866485596,7.300000190734863,6.78000020980835,6.949999809265137,5.958810329437256,11587900,DAL
2009-11-03,6.949999809265137,7.340000152587891,6.929999828338623,7.21999979019165,6.190303325653076,13076600,DAL
2009-11-04,7.320000171661377,7.690000057220459,7.150000095367432,7.159999847412109,6.138860702514648,9928800,DAL
2009-11-05,7.210000038146973,7.380000114440918,7.090000152587891,7.329999923706055,6.284615516662598,6557500,DAL
2009-11-06,7.289999961853027,7.949999809265137,7.289999961853027,7.789999961853027,6.67901086807251,9312600,DAL
2009-11-09,7.920000076293945,8.029999732971191,7.730000019073486,7.889999866485596,6.764749050140381,8623800,DAL
2009-11-10,7.900000095367432,7.900000095367432,7.679999828338623,7.730000019073486,6.627567768096924,6528600,DAL
2009-11-11,7.840000152587891,8.010000228881836,7.789999961853027,7.929999828338623,6.799044132232666,8015400,DAL
2009-11-12,7.900000095367432,8.15999984741211,7.789999961853027,7.800000190734863,6.687585353851318,8189400,DAL
2009-11-13,7.889999866485596,7.989999771118164,7.78000020980835,7.800000190734863,6.687585353851318,5500300,DAL
2009-11-16,7.909999847412109,8.130000114440918,7.880000114440918,7.989999771118164,6.85048770904541,8563300,DAL
2009-11-17,8.079999923706055,8.079999923706055,7.840000152587891,7.900000095367432,6.773323059082031,4053000,DAL
2009-11-18,7.940000057220459,7.980000019073486,7.670000076293945,7.760000228881836,6.653290748596191,5219500,DAL
2009-11-19,7.659999847412109,7.679999828338623,7.400000095367432,7.590000152587891,6.507534980773926,6059700,DAL
2009-11-20,7.579999923706055,7.690000057220459,7.460000038146973,7.619999885559082,6.533257484436035,7665900,DAL
2009-11-23,7.710000038146973,7.809999942779541,7.619999885559082,7.730000019073486,6.627567768096924,9051600,DAL
2009-11-24,7.699999809265137,7.809999942779541,7.5,7.659999847412109,6.567551136016846,8591600,DAL
2009-11-25,7.739999771118164,7.900000095367432,7.650000095367432,7.889999866485596,6.764749050140381,6441200,DAL
2009-11-27,7.659999847412109,7.929999828338623,7.489999771118164,7.909999847412109,6.78189754486084,3149200,DAL
2009-11-30,7.869999885559082,8.1899995803833,7.820000171661377,8.1899995803833,7.021963119506836,9449800,DAL
2009-12-01,8.3100004196167,8.649999618530273,8.199999809265137,8.619999885559082,7.39063835144043,12252400,DAL
2009-12-02,8.699999809265137,9.300000190734863,8.699999809265137,9.289999961853027,7.965083599090576,18165900,DAL
2009-12-03,9.25,9.380000114440918,9.020000457763672,9.380000114440918,8.042250633239746,11087700,DAL
2009-12-04,9.5,9.989999771118164,9.399999618530273,9.9399995803833,8.522382736206055,21419800,DAL
2009-12-07,9.65999984741211,10.319999694824219,9.430000305175781,10.15999984741211,8.711009979248047,20451300,DAL
2009-12-08,10.010000228881836,10.270000457763672,9.84000015258789,9.880000114440918,8.470937728881836,15393000,DAL
2009-12-09,9.84000015258789,10.0,9.640000343322754,9.869999885559082,8.462367057800293,9194100,DAL
2009-12-10,9.880000114440918,10.020000457763672,9.779999732971191,9.880000114440918,8.470937728881836,8632300,DAL
2009-12-11,9.930000305175781,11.449999809265137,9.930000305175781,11.25,9.645557403564453,43409100,DAL
2009-12-14,11.510000228881836,11.699999809265137,10.890000343322754,11.09000015258789,9.508371353149414,21146400,DAL
2009-12-15,10.75,11.140000343322754,10.609999656677246,10.949999809265137,9.38833999633789,14672100,DAL
2009-12-16,11.039999961853027,11.670000076293945,10.899999618530273,11.649999618530273,9.988508224487305,14941800,DAL
2009-12-17,11.539999961853027,11.989999771118164,11.380000114440918,11.600000381469727,9.945638656616211,12232500,DAL
2009-12-18,11.579999923706055,11.65999984741211,10.890000343322754,11.65999984741211,9.997082710266113,20701400,DAL
2009-12-21,11.199999809265137,11.65999984741211,11.199999809265137,11.390000343322754,9.765589714050293,13272600,DAL
2009-12-22,11.5,12.079999923706055,11.5,11.789999961853027,10.108541488647461,17657900,DAL
2009-12-23,11.760000228881836,11.960000038146973,11.449999809265137,11.8100004196167,10.125693321228027,8726100,DAL
2009-12-24,11.859999656677246,11.930000305175781,11.619999885559082,11.770000457763672,10.091392517089844,3451000,DAL
2009-12-28,11.4399995803833,11.520000457763672,11.109999656677246,11.289999961853027,9.679851531982422,13631500,DAL
2009-12-29,11.130000114440918,11.390000343322754,11.029999732971191,11.329999923706055,9.71414566040039,9232300,DAL
2009-12-30,11.260000228881836,11.399999618530273,11.050000190734863,11.369999885559082,9.748440742492676,8492500,DAL
2009-12-31,11.300000190734863,11.479999542236328,11.220000267028809,11.380000114440918,9.757015228271484,8734300,DAL
2010-01-04,11.220000267028809,11.430000305175781,10.949999809265137,11.220000267028809,9.619833946228027,14482500,DAL
2010-01-05,11.319999694824219,12.34000015258789,11.289999961853027,12.100000381469727,10.374327659606934,25066000,DAL
2010-01-06,11.989999771118164,12.239999771118164,11.850000381469727,12.109999656677246,10.382903099060059,14980700,DAL
2010-01-07,12.0600004196167,12.859999656677246,12.050000190734863,12.6899995803833,10.880187034606934,19814500,DAL
2010-01-08,12.619999885559082,12.850000381469727,12.050000190734863,12.470000267028809,10.691559791564941,24589200,DAL
2010-01-11,12.34000015258789,12.890000343322754,12.130000114440918,12.789999961853027,10.965923309326172,16220400,DAL
2010-01-12,12.670000076293945,12.90999984741211,12.3100004196167,12.539999961853027,10.751578330993652,12905500,DAL
2010-01-13,12.529999732971191,12.960000038146973,12.40999984741211,12.850000381469727,11.017369270324707,11763200,DAL
2010-01-14,12.720000267028809,13.3100004196167,12.6899995803833,13.170000076293945,11.291728019714355,12026800,DAL
2010-01-15,13.180000305175781,13.329999923706055,12.59000015258789,12.739999771118164,10.923057556152344,9127500,DAL
2010-01-19,12.800000190734863,13.289999961853027,12.789999961853027,13.029999732971191,11.171695709228516,9836500,DAL
2010-01-20,12.970000267028809,13.489999771118164,12.6899995803833,13.40999984741211,11.497501373291016,20133800,DAL
2010-01-21,13.5,13.6899995803833,13.149999618530273,13.4399995803833,11.523221969604492,24669200,DAL
2010-01-22,13.3100004196167,13.729999542236328,12.90999984741211,13.289999961853027,11.394617080688477,22279200,DAL
2010-01-25,13.380000114440918,13.640000343322754,12.949999809265137,13.329999923706055,11.428910255432129,19299600,DAL
2010-01-26,12.779999732971191,13.399999618530273,12.699999809265137,13.149999618530273,11.274580955505371,16290600,DAL
2010-01-27,13.010000228881836,13.4399995803833,12.819999694824219,13.15999984741211,11.283153533935547,24581400,DAL
2010-01-28,13.229999542236328,13.539999961853027,12.630000114440918,12.649999618530273,10.845891952514648,17086500,DAL
2010-01-29,12.800000190734863,13.15999984741211,12.1899995803833,12.229999542236328,10.485793113708496,19296900,DAL
2010-02-01,12.369999885559082,12.640000343322754,12.319999694824219,12.630000114440918,10.828743934631348,9733500,DAL
2010-02-02,12.800000190734863,13.069999694824219,12.65999984741211,12.899999618530273,11.060237884521484,12952100,DAL
2010-02-03,12.90999984741211,12.90999984741211,12.319999694824219,12.420000076293945,10.648694038391113,9609600,DAL
2010-02-04,11.789999961853027,12.029999732971191,11.319999694824219,11.460000038146973,9.825606346130371,17073600,DAL
2010-02-05,11.40999984741211,11.729999542236328,10.930000305175781,11.300000190734863,9.688424110412598,20004600,DAL
2010-02-08,11.3100004196167,11.600000381469727,11.140000343322754,11.25,9.645557403564453,9296400,DAL
2010-02-09,11.529999732971191,12.550000190734863,11.529999732971191,12.390000343322754,10.62297248840332,23978700,DAL
2010-02-10,12.270000457763672,12.329999923706055,11.489999771118164,11.579999923706055,9.928492546081543,19463200,DAL
2010-02-11,11.649999618530273,12.220000267028809,11.579999923706055,11.829999923706055,10.142839431762695,14521800,DAL
2010-02-12,11.6899995803833,12.270000457763672,11.569999694824219,12.25,10.502938270568848,12768600,DAL
2010-02-16,12.329999923706055,12.619999885559082,12.300000190734863,12.479999542236328,10.7001371383667,7985600,DAL
2010-02-17,12.329999923706055,12.800000190734863,12.329999923706055,12.729999542236328,10.914482116699219,10321500,DAL
2010-02-18,12.609999656677246,12.819999694824219,12.40999984741211,12.550000190734863,10.760153770446777,7197400,DAL
2010-02-19,12.479999542236328,12.739999771118164,12.479999542236328,12.6899995803833,10.880187034606934,4816200,DAL
2010-02-22,12.729999542236328,13.210000038146973,12.680000305175781,12.729999542236328,10.914482116699219,9824800,DAL
2010-02-23,12.729999542236328,12.930000305175781,12.479999542236328,12.640000343322754,10.83731746673584,5596600,DAL
2010-02-24,12.619999885559082,12.770000457763672,12.449999809265137,12.75,10.931628227233887,6896100,DAL
2010-02-25,12.579999923706055,12.739999771118164,12.359999656677246,12.65999984741211,10.854462623596191,6528800,DAL
2010-02-26,12.739999771118164,13.020000457763672,12.670000076293945,12.920000076293945,11.077383995056152,6592000,DAL
2010-03-01,12.930000305175781,13.5,12.930000305175781,13.170000076293945,11.291728019714355,8057800,DAL
2010-03-02,13.180000305175781,13.420000076293945,12.729999542236328,12.779999732971191,10.957352638244629,9626600,DAL
2010-03-03,12.829999923706055,13.069999694824219,12.729999542236328,12.930000305175781,11.085957527160645,5705700,DAL
2010-03-04,13.069999694824219,13.069999694824219,12.59000015258789,12.779999732971191,10.957352638244629,7559000,DAL
2010-03-05,12.84000015258789,12.9399995803833,12.609999656677246,12.699999809265137,10.888757705688477,7205000,DAL
2010-03-08,12.699999809265137,12.899999618530273,12.520000457763672,12.539999961853027,10.751578330993652,10698200,DAL
2010-03-09,12.680000305175781,13.270000457763672,12.619999885559082,12.8100004196167,10.983075141906738,17172100,DAL
2010-03-10,13.0,13.5600004196167,12.949999809265137,13.300000190734863,11.403189659118652,17016700,DAL
2010-03-11,13.180000305175781,13.279999732971191,12.859999656677246,12.989999771118164,11.137402534484863,10470400,DAL
2010-03-12,13.100000381469727,13.109999656677246,12.680000305175781,12.829999923706055,11.00021743774414,7359600,DAL
2010-03-15,12.84000015258789,12.84000015258789,12.510000228881836,12.65999984741211,10.854462623596191,13433400,DAL
2010-03-16,12.829999923706055,13.0,12.670000076293945,12.979999542236328,11.128828048706055,8101500,DAL
2010-03-17,12.920000076293945,13.050000190734863,12.760000228881836,12.9399995803833,11.094531059265137,8628800,DAL
2010-03-18,12.90999984741211,13.149999618530273,12.899999618530273,13.109999656677246,11.24028491973877,6619800,DAL
2010-03-19,12.569999694824219,13.09000015258789,12.5600004196167,12.569999694824219,10.777300834655762,9765000,DAL
2010-03-22,12.420000076293945,13.09000015258789,12.329999923706055,13.069999694824219,11.205991744995117,7552800,DAL
2010-03-23,13.069999694824219,13.4399995803833,12.8100004196167,13.430000305175781,11.514649391174316,9092700,DAL
2010-03-24,13.350000381469727,13.869999885559082,13.34000015258789,13.8100004196167,11.840457916259766,11060200,DAL
2010-03-25,13.880000114440918,14.449999809265137,13.850000381469727,14.199999809265137,12.174833297729492,17938500,DAL
2010-03-26,14.149999618530273,14.899999618530273,14.149999618530273,14.5,12.432051658630371,12418800,DAL
2010-03-29,14.569999694824219,14.760000228881836,14.489999771118164,14.649999618530273,12.560657501220703,12981500,DAL
2010-03-30,14.65999984741211,14.819999694824219,14.5,14.619999885559082,12.534934043884277,11130600,DAL
2010-03-31,14.479999542236328,14.699999809265137,14.390000343322754,14.59000015258789,12.509214401245117,6676200,DAL
2010-04-01,14.630000114440918,14.890000343322754,14.609999656677246,14.6899995803833,12.594950675964355,7045600,DAL
2010-04-05,14.6899995803833,14.779999732971191,14.25,14.420000076293945,12.363460540771484,12949300,DAL
2010-04-06,14.270000457763672,14.65999984741211,14.270000457763672,14.65999984741211,12.569231033325195,9131800,DAL
2010-04-07,14.550000190734863,14.649999618530273,14.0600004196167,14.170000076293945,12.1491117477417,16171400,DAL
2010-04-08,14.630000114440918,14.829999923706055,14.359999656677246,14.8100004196167,12.69783878326416,13900700,DAL
2010-04-09,14.760000228881836,14.859999656677246,14.489999771118164,14.579999923706055,12.500638961791992,11695600,DAL
2010-04-12,14.670000076293945,14.9399995803833,14.609999656677246,14.930000305175781,12.8007230758667,8403200,DAL
2010-04-13,14.84000015258789,14.920000076293945,14.300000190734863,14.369999885559082,12.320587158203125,9319100,DAL
2010-04-14,14.470000267028809,14.779999732971191,14.329999923706055,14.390000343322754,12.337735176086426,10568900,DAL
2010-04-15,14.399999618530273,14.5600004196167,14.010000228881836,14.390000343322754,12.337735176086426,14046900,DAL
2010-04-16,14.380000114440918,14.399999618530273,13.699999809265137,13.869999885559082,11.891901016235352,13023100,DAL
2010-04-19,13.779999732971191,14.199999809265137,13.170000076293945,13.180000305175781,11.300305366516113,18874700,DAL
2010-04-20,13.399999618530273,13.479999542236328,12.680000305175781,13.15999984741211,11.283153533935547,25945600,DAL
2010-04-21,13.369999885559082,13.369999885559082,12.350000381469727,12.569999694824219,10.777300834655762,25576200,DAL
2010-04-22,12.600000381469727,12.84000015258789,12.100000381469727,12.359999656677246,10.597248077392578,26749900,DAL
2010-04-23,12.470000267028809,13.220000267028809,12.449999809265137,13.010000228881836,11.154549598693848,20970900,DAL
2010-04-26,13.079999923706055,13.149999618530273,12.779999732971191,12.949999809265137,11.103106498718262,14005900,DAL
2010-04-27,12.880000114440918,12.989999771118164,12.199999809265137,12.220000267028809,10.477216720581055,13762800,DAL
2010-04-28,12.470000267028809,12.569999694824219,12.109999656677246,12.180000305175781,10.442920684814453,13210400,DAL
2010-04-29,12.359999656677246,12.510000228881836,11.949999809265137,12.109999656677246,10.382903099060059,13514300,DAL
2010-04-30,12.210000038146973,12.579999923706055,12.0,12.079999923706055,10.357183456420898,22022900,DAL
2010-05-03,12.300000190734863,12.739999771118164,12.15999984741211,12.59000015258789,10.79444694519043,12473500,DAL
2010-05-04,12.279999732971191,12.350000381469727,11.489999771118164,11.760000228881836,10.082818031311035,18811600,DAL
2010-05-05,11.510000228881836,12.420000076293945,11.300000190734863,12.329999923706055,10.571529388427734,24063000,DAL
2010-05-06,12.149999618530273,12.529999732971191,10.899999618530273,11.720000267028809,10.048523902893066,21529100,DAL
2010-05-07,11.729999542236328,12.3100004196167,11.399999618530273,11.699999809265137,10.03137493133545,22890900,DAL
2010-05-10,12.4399995803833,12.4399995803833,12.100000381469727,12.300000190734863,10.545806884765625,9885000,DAL
2010-05-11,12.170000076293945,12.510000228881836,11.920000076293945,12.399999618530273,10.631547927856445,13176200,DAL
2010-05-12,12.539999961853027,13.619999885559082,12.5,13.550000190734863,11.617533683776855,19995700,DAL
2010-05-13,13.5,13.970000267028809,13.180000305175781,13.25,11.360323905944824,10911900,DAL
2010-05-14,13.210000038146973,13.899999618530273,13.010000228881836,13.739999771118164,11.780437469482422,19889400,DAL
2010-05-17,13.760000228881836,14.0,13.300000190734863,13.9399995803833,11.951911926269531,10750400,DAL
2010-05-18,13.979999542236328,14.100000381469727,13.449999809265137,13.569999694824219,11.634683609008789,11284500,DAL
2010-05-19,13.399999618530273,13.850000381469727,13.199999809265137,13.630000114440918,11.686125755310059,10407300,DAL
2010-05-20,13.229999542236328,13.399999618530273,12.859999656677246,12.90999984741211,11.068811416625977,15818600,DAL
2010-05-21,12.680000305175781,13.539999961853027,12.649999618530273,13.34000015258789,11.437485694885254,11238500,DAL
2010-05-24,13.119999885559082,13.899999618530273,13.010000228881836,13.460000038146973,11.540371894836426,9253200,DAL
2010-05-25,13.0,13.920000076293945,13.0,13.84000015258789,11.866177558898926,12158200,DAL
2010-05-26,13.970000267028809,14.479999542236328,13.430000305175781,13.850000381469727,11.874749183654785,16419800,DAL
2010-05-27,14.09000015258789,14.260000228881836,13.84000015258789,13.949999809265137,11.960485458374023,12319900,DAL
2010-05-28,13.649999618530273,13.90999984741211,13.399999618530273,13.579999923706055,11.643259048461914,8475200,DAL
2010-06-01,13.3100004196167,13.880000114440918,13.239999771118164,13.539999961853027,11.60896110534668,11559500,DAL
2010-06-02,13.890000343322754,14.25,13.859999656677246,14.09000015258789,12.080519676208496,17184800,DAL
2010-06-03,14.180000305175781,14.5,14.039999961853027,14.279999732971191,12.243423461914062,10460200,DAL
2010-06-04,13.949999809265137,14.100000381469727,13.5,13.579999923706055,11.643259048461914,10129700,DAL
2010-06-07,13.680000305175781,13.880000114440918,13.109999656677246,13.130000114440918,11.257438659667969,8644600,DAL
2010-06-08,13.260000228881836,13.430000305175781,12.779999732971191,13.1899995803833,11.308876991271973,10711200,DAL
2010-06-09,13.25,13.729999542236328,13.25,13.359999656677246,11.454633712768555,8691600,DAL
2010-06-10,13.640000343322754,13.699999809265137,13.329999923706055,13.350000381469727,11.446057319641113,12495600,DAL
2010-06-11,13.210000038146973,13.59000015258789,13.079999923706055,13.449999809265137,11.5317964553833,9612100,DAL
2010-06-14,13.649999618530273,14.0600004196167,13.609999656677246,13.6899995803833,11.737565994262695,16056800,DAL
2010-06-15,13.890000343322754,14.15999984741211,13.75,13.989999771118164,11.994784355163574,12452700,DAL
2010-06-16,13.880000114440918,14.479999542236328,13.779999732971191,14.079999923706055,12.07194709777832,12239100,DAL
2010-06-17,14.15999984741211,14.399999618530273,13.949999809265137,14.1899995803833,12.166259765625,7956300,DAL
2010-06-18,14.180000305175781,14.199999809265137,13.4399995803833,13.710000038146973,11.754714965820312,13390000,DAL
2010-06-21,13.880000114440918,14.0,13.329999923706055,13.489999771118164,11.566091537475586,8075000,DAL
2010-06-22,13.489999771118164,13.609999656677246,12.619999885559082,12.670000076293945,10.863040924072266,11331000,DAL
2010-06-23,12.729999542236328,12.880000114440918,12.420000076293945,12.65999984741211,10.854462623596191,7757100,DAL
2010-06-24,12.520000457763672,12.739999771118164,12.289999961853027,12.3100004196167,10.554381370544434,7594100,DAL
2010-06-25,12.300000190734863,12.350000381469727,11.8100004196167,12.0,10.288595199584961,11967400,DAL
2010-06-28,12.09000015258789,12.319999694824219,11.930000305175781,12.039999961853027,10.322888374328613,7610400,DAL
2010-06-29,11.779999732971191,11.779999732971191,11.239999771118164,11.3100004196167,9.69699764251709,10400100,DAL
2010-06-30,11.369999885559082,12.25,11.300000190734863,11.75,10.074249267578125,16054200,DAL
2010-07-01,11.970000267028809,12.279999732971191,11.329999923706055,11.720000267028809,10.048523902893066,14191300,DAL
2010-07-02,11.640000343322754,11.819999694824219,10.710000038146973,11.029999732971191,9.456932067871094,18289100,DAL
2010-07-06,11.399999618530273,11.699999809265137,10.960000038146973,11.100000381469727,9.516945838928223,9754900,DAL
2010-07-07,11.279999732971191,11.739999771118164,10.930000305175781,11.710000038146973,10.03995132446289,10661800,DAL
2010-07-08,11.899999618530273,11.960000038146973,11.5,11.770000457763672,10.091392517089844,5722400,DAL
2010-07-09,11.779999732971191,11.899999618530273,11.510000228881836,11.649999618530273,9.988508224487305,6974700,DAL
2010-07-12,11.710000038146973,12.079999923706055,11.430000305175781,11.670000076293945,10.005656242370605,9615500,DAL
2010-07-13,11.899999618530273,12.270000457763672,11.899999618530273,12.109999656677246,10.382903099060059,10829200,DAL
2010-07-14,12.15999984741211,12.399999618530273,12.0,12.210000038146973,10.468642234802246,8406400,DAL
2010-07-15,12.260000228881836,12.319999694824219,11.800000190734863,12.010000228881836,10.297164916992188,8121800,DAL
2010-07-16,11.949999809265137,12.140000343322754,11.680000305175781,11.720000267028809,10.048523902893066,8205100,DAL
2010-07-19,11.430000305175781,11.699999809265137,10.399999618530273,11.380000114440918,9.757015228271484,29991000,DAL
2010-07-20,11.180000305175781,11.619999885559082,11.100000381469727,11.529999732971191,9.8856201171875,9408900,DAL
2010-07-21,11.539999961853027,11.760000228881836,10.850000381469727,10.899999618530273,9.345470428466797,15492500,DAL
2010-07-22,11.149999618530273,11.529999732971191,11.0600004196167,11.460000038146973,9.825606346130371,9812600,DAL
2010-07-23,11.430000305175781,11.569999694824219,11.25,11.449999809265137,9.81702995300293,6727200,DAL
2010-07-26,11.420000076293945,12.0,11.390000343322754,11.979999542236328,10.27144718170166,7334800,DAL
2010-07-27,12.149999618530273,12.239999771118164,11.6899995803833,11.710000038146973,10.03995132446289,6278500,DAL
2010-07-28,11.710000038146973,11.869999885559082,11.34000015258789,11.539999961853027,9.894193649291992,5144900,DAL
2010-07-29,11.640000343322754,11.800000190734863,11.319999694824219,11.6899995803833,10.02280330657959,5777000,DAL
2010-07-30,11.539999961853027,11.930000305175781,11.329999923706055,11.880000114440918,10.185705184936523,7858600,DAL
2010-08-02,12.079999923706055,12.800000190734863,11.930000305175781,12.609999656677246,10.811596870422363,13109600,DAL
2010-08-03,12.520000457763672,12.609999656677246,11.779999732971191,12.149999618530273,10.41719913482666,9692100,DAL
2010-08-04,12.260000228881836,12.390000343322754,11.680000305175781,11.859999656677246,10.168557167053223,8127200,DAL
2010-08-05,11.800000190734863,12.130000114440918,11.720000267028809,11.800000190734863,10.117117881774902,8084800,DAL
2010-08-06,11.600000381469727,11.949999809265137,11.569999694824219,11.8100004196167,10.125693321228027,6764200,DAL
2010-08-09,11.930000305175781,12.239999771118164,11.770000457763672,12.1899995803833,10.451494216918945,6923900,DAL
2010-08-10,12.09000015258789,12.09000015258789,11.65999984741211,11.800000190734863,10.117117881774902,6206500,DAL
2010-08-11,11.680000305175781,11.699999809265137,11.210000038146973,11.359999656677246,9.739866256713867,6684400,DAL
2010-08-12,11.149999618530273,11.609999656677246,11.050000190734863,11.479999542236328,9.842753410339355,5839300,DAL
2010-08-13,11.380000114440918,11.640000343322754,11.220000267028809,11.550000190734863,9.90277099609375,5167200,DAL
2010-08-16,11.529999732971191,11.649999618530273,11.329999923706055,11.479999542236328,9.842753410339355,4548300,DAL
2010-08-17,11.579999923706055,11.649999618530273,11.270000457763672,11.359999656677246,9.739866256713867,9363100,DAL
2010-08-18,11.399999618530273,11.470000267028809,11.270000457763672,11.359999656677246,9.739866256713867,5054400,DAL
2010-08-19,11.279999732971191,11.40999984741211,10.34000015258789,10.779999732971191,9.242584228515625,24099900,DAL
2010-08-20,10.680000305175781,10.739999771118164,10.369999885559082,10.529999732971191,9.028242111206055,7988600,DAL
2010-08-23,10.539999961853027,10.880000114440918,10.390000343322754,10.470000267028809,8.976795196533203,6190600,DAL
2010-08-24,10.130000114440918,10.220000267028809,9.770000457763672,9.960000038146973,8.539529800415039,15559800,DAL
2010-08-25,9.739999771118164,10.0600004196167,9.600000381469727,10.029999732971191,8.599546432495117,11440000,DAL
2010-08-26,10.119999885559082,10.319999694824219,9.970000267028809,10.039999961853027,8.608120918273926,7133800,DAL
2010-08-27,10.0600004196167,10.670000076293945,9.850000381469727,10.460000038146973,8.968220710754395,10308000,DAL
2010-08-30,10.380000114440918,10.779999732971191,10.34000015258789,10.369999885559082,8.891058921813965,6209000,DAL
2010-08-31,10.279999732971191,10.510000228881836,10.210000038146973,10.460000038146973,8.968220710754395,5834800,DAL
2010-09-01,10.829999923706055,10.859999656677246,10.529999732971191,10.680000305175781,9.15684700012207,7972200,DAL
2010-09-02,10.729999542236328,11.020000457763672,10.65999984741211,10.84000015258789,9.294026374816895,7181200,DAL
2010-09-03,11.069999694824219,11.25,10.9399995803833,11.050000190734863,9.474077224731445,7834700,DAL
2010-09-07,10.949999809265137,11.020000457763672,10.609999656677246,10.670000076293945,9.148273468017578,8304200,DAL
2010-09-08,10.65999984741211,10.869999885559082,10.399999618530273,10.6899995803833,9.165421485900879,6849500,DAL
2010-09-09,10.859999656677246,10.859999656677246,10.449999809265137,10.630000114440918,9.113978385925293,5883400,DAL
2010-09-10,10.670000076293945,10.819999694824219,10.460000038146973,10.539999961853027,9.036813735961914,5673200,DAL
2010-09-13,10.640000343322754,10.850000381469727,10.579999923706055,10.649999618530273,9.131125450134277,5359500,DAL
2010-09-14,10.609999656677246,11.449999809265137,10.539999961853027,11.180000305175781,9.585538864135742,13273000,DAL
2010-09-15,11.220000267028809,11.529999732971191,11.220000267028809,11.5,9.859898567199707,8238400,DAL
2010-09-16,11.430000305175781,11.680000305175781,11.25,11.579999923706055,9.928492546081543,8944400,DAL
2010-09-17,11.649999618530273,11.670000076293945,11.130000114440918,11.180000305175781,9.585538864135742,8566400,DAL
2010-09-20,11.3100004196167,11.649999618530273,11.210000038146973,11.550000190734863,9.90277099609375,6180100,DAL
2010-09-21,11.630000114440918,12.0,11.59000015258789,11.949999809265137,10.245721817016602,9052900,DAL
2010-09-22,11.819999694824219,11.899999618530273,11.34000015258789,11.420000076293945,9.791309356689453,8765000,DAL
2010-09-23,11.199999809265137,11.5600004196167,11.15999984741211,11.319999694824219,9.705573081970215,5163100,DAL
2010-09-24,11.520000457763672,11.710000038146973,11.420000076293945,11.699999809265137,10.03137493133545,7840700,DAL
2010-09-27,11.6899995803833,11.829999923706055,11.289999961853027,11.390000343322754,9.765589714050293,9240500,DAL
2010-09-28,11.34000015258789,11.600000381469727,11.270000457763672,11.59000015258789,9.937066078186035,7828900,DAL
2010-09-29,11.470000267028809,11.630000114440918,11.350000381469727,11.59000015258789,9.937066078186035,6901300,DAL
2010-09-30,11.609999656677246,11.6899995803833,11.390000343322754,11.640000343322754,9.979935646057129,8396100,DAL
2010-10-01,11.75,12.010000228881836,11.710000038146973,12.010000228881836,10.297164916992188,9094900,DAL
2010-10-04,11.699999809265137,12.010000228881836,11.449999809265137,11.510000228881836,9.868474006652832,7916400,DAL
2010-10-05,11.569999694824219,11.869999885559082,11.449999809265137,11.829999923706055,10.142839431762695,12624100,DAL
2010-10-06,11.869999885559082,12.050000190734863,11.5600004196167,11.779999732971191,10.09996509552002,10124100,DAL
2010-10-07,11.800000190734863,11.819999694824219,11.609999656677246,11.770000457763672,10.091392517089844,7162500,DAL
2010-10-08,11.710000038146973,11.789999961853027,11.350000381469727,11.399999618530273,9.774164199829102,13098100,DAL
2010-10-11,11.4399995803833,11.550000190734863,11.140000343322754,11.239999771118164,9.636981964111328,8441200,DAL
2010-10-12,11.170000076293945,11.569999694824219,10.960000038146973,11.420000076293945,9.791309356689453,12218700,DAL
2010-10-13,11.489999771118164,11.729999542236328,11.229999542236328,11.579999923706055,9.928492546081543,9462200,DAL
2010-10-14,11.600000381469727,11.619999885559082,11.380000114440918,11.449999809265137,9.81702995300293,7282400,DAL
2010-10-15,11.5,11.600000381469727,11.3100004196167,11.380000114440918,9.757015228271484,6667900,DAL
2010-10-18,11.430000305175781,11.510000228881836,11.119999885559082,11.510000228881836,9.868474006652832,7043400,DAL
2010-10-19,11.329999923706055,11.720000267028809,11.300000190734863,11.699999809265137,10.03137493133545,12510300,DAL
2010-10-20,12.470000267028809,13.170000076293945,12.329999923706055,12.970000267028809,11.12025260925293,30285400,DAL
2010-10-21,13.029999732971191,13.539999961853027,12.899999618530273,13.529999732971191,11.600386619567871,20095600,DAL
2010-10-22,13.449999809265137,13.470000267028809,13.0600004196167,13.180000305175781,11.300305366516113,7956400,DAL
2010-10-25,13.350000381469727,13.649999618530273,13.210000038146973,13.470000267028809,11.548944473266602,8404500,DAL
2010-10-26,13.319999694824219,13.640000343322754,13.130000114440918,13.329999923706055,11.428910255432129,8190200,DAL
2010-10-27,13.170000076293945,13.800000190734863,13.15999984741211,13.779999732971191,11.814732551574707,9277000,DAL
2010-10-28,13.800000190734863,14.100000381469727,13.770000457763672,13.880000114440918,11.900470733642578,11263500,DAL
2010-10-29,13.869999885559082,13.930000305175781,13.460000038146973,13.890000343322754,11.909046173095703,11073200,DAL
2010-11-01,13.899999618530273,13.970000267028809,13.449999809265137,13.720000267028809,11.763289451599121,7474200,DAL
2010-11-02,13.859999656677246,13.920000076293945,13.600000381469727,13.850000381469727,11.874749183654785,6661300,DAL
2010-11-03,13.890000343322754,14.479999542236328,13.630000114440918,14.1899995803833,12.166259765625,13846300,DAL
2010-11-04,14.3100004196167,14.350000381469727,13.880000114440918,14.180000305175781,12.157686233520508,12042500,DAL
2010-11-05,14.210000038146973,14.539999961853027,14.149999618530273,14.260000228881836,12.226279258728027,6893000,DAL
2010-11-08,14.130000114440918,14.270000457763672,13.859999656677246,14.09000015258789,12.080519676208496,7809500,DAL
2010-11-09,14.140000343322754,14.199999809265137,13.8100004196167,13.859999656677246,11.88332462310791,8341100,DAL
2010-11-10,13.859999656677246,14.069999694824219,13.539999961853027,13.539999961853027,11.60896110534668,8911000,DAL
2010-11-11,13.380000114440918,13.8100004196167,13.25,13.539999961853027,11.60896110534668,10201800,DAL
2010-11-12,13.420000076293945,13.649999618530273,13.399999618530273,13.460000038146973,11.540371894836426,5516200,DAL
2010-11-15,13.34000015258789,13.470000267028809,13.130000114440918,13.199999809265137,11.317447662353516,10599300,DAL
2010-11-16,13.100000381469727,13.449999809265137,12.930000305175781,13.149999618530273,11.274580955505371,9095100,DAL
2010-11-17,13.050000190734863,13.369999885559082,12.869999885559082,13.210000038146973,11.326024055480957,10050200,DAL
2010-11-18,13.329999923706055,13.869999885559082,13.329999923706055,13.770000457763672,11.806159019470215,10132800,DAL
2010-11-19,13.699999809265137,13.90999984741211,13.449999809265137,13.760000228881836,11.797589302062988,7462700,DAL
2010-11-22,13.699999809265137,13.84000015258789,13.479999542236328,13.760000228881836,11.797589302062988,7653800,DAL
2010-11-23,13.579999923706055,13.729999542236328,13.390000343322754,13.710000038146973,11.754714965820312,12173300,DAL
2010-11-24,13.739999771118164,14.34000015258789,13.59000015258789,14.329999923706055,12.286293029785156,10658700,DAL
2010-11-26,14.170000076293945,14.380000114440918,14.119999885559082,14.229999542236328,12.200557708740234,4033900,DAL
2010-11-29,14.130000114440918,14.260000228881836,13.9399995803833,14.149999618530273,12.131965637207031,9593900,DAL
2010-11-30,14.119999885559082,14.140000343322754,13.670000076293945,13.680000305175781,11.728994369506836,27737100,DAL
2010-12-01,13.960000038146973,14.100000381469727,13.75,13.880000114440918,11.900470733642578,9654800,DAL
2010-12-02,13.770000457763672,13.930000305175781,13.380000114440918,13.510000228881836,11.583240509033203,11955500,DAL
2010-12-03,13.399999618530273,13.819999694824219,13.390000343322754,13.630000114440918,11.686125755310059,9256600,DAL
2010-12-06,13.59000015258789,13.75,13.3100004196167,13.479999542236328,11.557518005371094,9590000,DAL
2010-12-07,13.59000015258789,13.630000114440918,13.010000228881836,13.119999885559082,11.248858451843262,13197600,DAL
2010-12-08,13.029999732971191,13.130000114440918,12.8100004196167,13.100000381469727,11.23171329498291,9767700,DAL
2010-12-09,13.170000076293945,13.5,12.920000076293945,13.3100004196167,11.411763191223145,12208400,DAL
2010-12-10,13.289999961853027,13.359999656677246,13.020000457763672,13.020000457763672,11.163121223449707,8749700,DAL
2010-12-13,13.079999923706055,13.210000038146973,12.899999618530273,13.079999923706055,11.21456241607666,10138200,DAL
2010-12-14,13.020000457763672,13.270000457763672,12.949999809265137,13.069999694824219,11.205991744995117,7993000,DAL
2010-12-15,12.979999542236328,13.119999885559082,12.5600004196167,12.640000343322754,10.83731746673584,13393200,DAL
2010-12-16,12.670000076293945,12.899999618530273,12.569999694824219,12.569999694824219,10.777300834655762,12697900,DAL
2010-12-17,12.569999694824219,12.670000076293945,12.350000381469727,12.460000038146973,10.682987213134766,9038700,DAL
2010-12-20,12.520000457763672,12.649999618530273,12.329999923706055,12.529999732971191,10.743001937866211,5587700,DAL
2010-12-21,12.539999961853027,12.850000381469727,12.449999809265137,12.649999618530273,10.845891952514648,7408300,DAL
2010-12-22,12.609999656677246,12.65999984741211,12.229999542236328,12.430000305175781,10.657267570495605,12164600,DAL
2010-12-23,12.449999809265137,12.449999809265137,12.149999618530273,12.229999542236328,10.485793113708496,6568900,DAL
2010-12-27,12.289999961853027,12.670000076293945,12.210000038146973,12.449999809265137,10.67441463470459,7330900,DAL
2010-12-28,12.40999984741211,12.670000076293945,12.40999984741211,12.479999542236328,10.7001371383667,5098800,DAL
2010-12-29,12.470000267028809,12.729999542236328,12.4399995803833,12.65999984741211,10.854462623596191,5223100,DAL
2010-12-30,12.65999984741211,12.760000228881836,12.420000076293945,12.489999771118164,10.708710670471191,6807300,DAL
2010-12-31,12.449999809265137,12.630000114440918,12.420000076293945,12.600000381469727,10.803020477294922,4262400,DAL
2011-01-03,12.6899995803833,12.850000381469727,12.470000267028809,12.579999923706055,10.785873413085938,15060100,DAL
2011-01-04,12.579999923706055,12.789999961853027,12.369999885559082,12.529999732971191,10.743001937866211,19143500,DAL
2011-01-05,12.649999618530273,13.210000038146973,12.579999923706055,12.979999542236328,11.128828048706055,23780500,DAL
2011-01-06,12.930000305175781,13.109999656677246,12.729999542236328,12.90999984741211,11.068811416625977,13100900,DAL
2011-01-07,12.890000343322754,13.0600004196167,12.800000190734863,13.0,11.145979881286621,12458400,DAL
2011-01-10,12.979999542236328,12.979999542236328,12.5600004196167,12.600000381469727,10.803020477294922,10294200,DAL
2011-01-11,12.699999809265137,12.699999809265137,12.319999694824219,12.350000381469727,10.588674545288086,7395400,DAL
2011-01-12,12.520000457763672,12.550000190734863,12.319999694824219,12.510000228881836,10.725857734680176,6715400,DAL
2011-01-13,12.579999923706055,12.680000305175781,12.279999732971191,12.609999656677246,10.811596870422363,8514800,DAL
2011-01-14,12.510000228881836,12.8100004196167,12.5,12.75,10.931628227233887,11113000,DAL
2011-01-18,12.489999771118164,12.550000190734863,11.699999809265137,11.699999809265137,10.03137493133545,24240100,DAL
2011-01-19,11.859999656677246,11.949999809265137,11.350000381469727,11.449999809265137,9.81702995300293,21069900,DAL
2011-01-20,11.369999885559082,11.609999656677246,11.109999656677246,11.609999656677246,9.954212188720703,21903600,DAL
2011-01-21,11.710000038146973,11.779999732971191,11.390000343322754,11.539999961853027,9.894193649291992,15559900,DAL
2011-01-24,11.630000114440918,12.069999694824219,11.609999656677246,12.020000457763672,10.305741310119629,22252200,DAL
2011-01-25,11.930000305175781,12.020000457763672,11.489999771118164,11.630000114440918,9.971358299255371,18292600,DAL
2011-01-26,11.800000190734863,12.010000228881836,11.729999542236328,11.979999542236328,10.27144718170166,24451000,DAL
2011-01-27,11.949999809265137,12.34000015258789,11.899999618530273,12.300000190734863,10.545806884765625,18365800,DAL
2011-01-28,12.229999542236328,12.289999961853027,11.59000015258789,11.829999923706055,10.142839431762695,16905000,DAL
2011-01-31,12.09000015258789,12.119999885559082,11.670000076293945,11.670000076293945,10.005656242370605,13665000,DAL
2011-02-01,11.75,11.880000114440918,11.649999618530273,11.789999961853027,10.108541488647461,10836000,DAL
2011-02-02,11.670000076293945,11.729999542236328,11.319999694824219,11.350000381469727,9.731292724609375,14214300,DAL
2011-02-03,11.40999984741211,11.859999656677246,11.390000343322754,11.529999732971191,9.8856201171875,15575000,DAL
2011-02-04,11.529999732971191,11.5600004196167,11.350000381469727,11.399999618530273,9.774164199829102,14999500,DAL
2011-02-07,11.489999771118164,11.699999809265137,11.449999809265137,11.550000190734863,9.90277099609375,13949600,DAL
2011-02-08,11.609999656677246,11.989999771118164,11.59000015258789,11.859999656677246,10.168557167053223,15172000,DAL
2011-02-09,11.880000114440918,11.90999984741211,11.739999771118164,11.739999771118164,10.065672874450684,28676400,DAL
2011-02-10,11.609999656677246,11.779999732971191,11.529999732971191,11.6899995803833,10.02280330657959,15732700,DAL
2011-02-11,11.649999618530273,12.029999732971191,11.609999656677246,11.899999618530273,10.202852249145508,16926800,DAL
2011-02-14,11.899999618530273,12.010000228881836,11.630000114440918,11.819999694824219,10.134264945983887,12949100,DAL
2011-02-15,11.779999732971191,11.989999771118164,11.65999984741211,11.899999618530273,10.202852249145508,11202400,DAL
2011-02-16,11.949999809265137,12.130000114440918,11.710000038146973,11.819999694824219,10.134264945983887,12390100,DAL
2011-02-17,11.850000381469727,11.869999885559082,11.600000381469727,11.649999618530273,9.988508224487305,12979000,DAL
2011-02-18,11.739999771118164,11.739999771118164,11.399999618530273,11.5,9.859898567199707,13203300,DAL
2011-02-22,10.989999771118164,10.989999771118164,10.449999809265137,10.739999771118164,9.208292961120605,34083100,DAL
2011-02-23,10.630000114440918,11.079999923706055,10.369999885559082,11.020000457763672,9.448358535766602,35794200,DAL
2011-02-24,10.789999961853027,11.3100004196167,10.670000076293945,11.130000114440918,9.542667388916016,25498500,DAL
2011-02-25,11.25,11.289999961853027,11.0,11.119999885559082,9.534093856811523,16741600,DAL
2011-02-28,11.029999732971191,11.319999694824219,11.010000228881836,11.239999771118164,9.636981964111328,20998700,DAL
2011-03-01,11.260000228881836,11.260000228881836,10.600000381469727,10.609999656677246,9.096831321716309,16176000,DAL
2011-03-02,10.630000114440918,10.800000190734863,10.119999885559082,10.149999618530273,8.702434539794922,23831900,DAL
2011-03-03,10.4399995803833,10.579999923706055,10.079999923706055,10.260000228881836,8.796745300292969,34584500,DAL
2011-03-04,10.279999732971191,10.279999732971191,9.869999885559082,9.90999984741211,8.496664047241211,17888700,DAL
2011-03-07,10.010000228881836,10.210000038146973,9.90999984741211,10.09000015258789,8.650988578796387,23553500,DAL
2011-03-08,10.170000076293945,11.170000076293945,10.119999885559082,11.069999694824219,9.491227149963379,32077000,DAL
2011-03-09,10.739999771118164,10.920000076293945,10.640000343322754,10.880000114440918,9.328324317932129,14066700,DAL
2011-03-10,10.859999656677246,11.460000038146973,10.680000305175781,11.180000305175781,9.585538864135742,28579300,DAL
2011-03-11,11.279999732971191,11.640000343322754,11.149999618530273,11.229999542236328,9.628409385681152,19396900,DAL
2011-03-14,11.180000305175781,11.25,10.819999694824219,10.970000267028809,9.405489921569824,11344400,DAL
2011-03-15,10.510000228881836,10.9399995803833,10.449999809265137,10.6899995803833,9.165421485900879,14991100,DAL
2011-03-16,10.699999809265137,10.75,10.140000343322754,10.199999809265137,8.745306015014648,18074700,DAL
2011-03-17,10.380000114440918,10.5,9.829999923706055,9.859999656677246,8.453790664672852,24147900,DAL
2011-03-18,10.180000305175781,10.390000343322754,10.079999923706055,10.239999771118164,8.7795991897583,23324800,DAL
2011-03-21,10.220000267028809,10.350000381469727,10.0,10.170000076293945,8.719582557678223,16684200,DAL
2011-03-22,10.279999732971191,10.319999694824219,9.920000076293945,10.0,8.57382583618164,19680100,DAL
2011-03-23,9.930000305175781,10.100000381469727,9.729999542236328,9.90999984741211,8.496664047241211,18303400,DAL
2011-03-24,9.920000076293945,10.079999923706055,9.859999656677246,10.010000228881836,8.582399368286133,20215600,DAL
2011-03-25,10.079999923706055,10.140000343322754,9.800000190734863,9.800000190734863,8.402349472045898,19484500,DAL
2011-03-28,9.960000038146973,10.020000457763672,9.829999923706055,9.90999984741211,8.496664047241211,14556400,DAL
2011-03-29,9.960000038146973,10.0,9.75,9.789999961853027,8.393777847290039,13127900,DAL
2011-03-30,9.859999656677246,10.0600004196167,9.8100004196167,9.9399995803833,8.522382736206055,16671800,DAL
2011-03-31,9.84000015258789,9.979999542236328,9.710000038146973,9.800000190734863,8.402349472045898,11487500,DAL
2011-04-01,9.890000343322754,9.9399995803833,9.770000457763672,9.819999694824219,8.4194974899292,9176700,DAL
2011-04-04,9.789999961853027,9.880000114440918,9.699999809265137,9.829999923706055,8.42807388305664,8698400,DAL
2011-04-05,9.789999961853027,9.819999694824219,9.6899995803833,9.699999809265137,8.316612243652344,13820500,DAL
2011-04-06,9.789999961853027,9.789999961853027,9.3100004196167,9.59000015258789,8.222298622131348,20997600,DAL
2011-04-07,9.59000015258789,9.609999656677246,9.329999923706055,9.40999984741211,8.067973136901855,13453400,DAL
2011-04-08,9.369999885559082,9.380000114440918,8.930000305175781,9.039999961853027,7.750741004943848,23145000,DAL
2011-04-11,9.0,9.520000457763672,8.989999771118164,9.430000305175781,8.08511734008789,24897700,DAL
2011-04-12,9.380000114440918,10.130000114440918,9.380000114440918,9.899999618530273,8.488089561462402,41929600,DAL
2011-04-13,9.90999984741211,9.989999771118164,9.510000228881836,9.579999923706055,8.213726997375488,16160700,DAL
2011-04-14,9.5600004196167,9.609999656677246,9.220000267028809,9.350000381469727,8.016526222229004,10837100,DAL
2011-04-15,9.34000015258789,9.449999809265137,9.130000114440918,9.25,7.930789947509766,15754300,DAL
2011-04-18,9.270000457763672,9.420000076293945,9.010000228881836,9.140000343322754,7.836479663848877,23191400,DAL
2011-04-19,9.1899995803833,9.239999771118164,9.029999732971191,9.130000114440918,7.827904224395752,10729500,DAL
2011-04-20,9.119999885559082,9.1899995803833,8.90999984741211,9.069999694824219,7.776460647583008,21788700,DAL
2011-04-21,9.020000457763672,9.180000305175781,9.0,9.050000190734863,7.759314060211182,9601900,DAL
2011-04-25,9.029999732971191,9.239999771118164,9.0,9.0,7.716445446014404,12798000,DAL
2011-04-26,9.270000457763672,10.0600004196167,9.210000038146973,9.989999771118164,8.565254211425781,42708800,DAL
2011-04-27,9.8100004196167,10.1899995803833,9.800000190734863,10.050000190734863,8.61669635772705,20141900,DAL
2011-04-28,10.039999961853027,10.130000114440918,9.8100004196167,10.069999694824219,8.633843421936035,12692700,DAL
2011-04-29,9.920000076293945,10.699999809265137,9.869999885559082,10.380000114440918,8.899632453918457,22643800,DAL
2011-05-02,10.65999984741211,10.800000190734863,10.300000190734863,10.460000038146973,8.968220710754395,13659400,DAL
2011-05-03,10.300000190734863,10.619999885559082,10.300000190734863,10.520000457763672,9.01966667175293,12300200,DAL
2011-05-04,10.529999732971191,10.710000038146973,10.199999809265137,10.470000267028809,8.976795196533203,14880200,DAL
2011-05-05,10.5600004196167,11.449999809265137,10.550000190734863,11.220000267028809,9.619833946228027,27716600,DAL
2011-05-06,11.3100004196167,11.350000381469727,10.850000381469727,11.210000038146973,9.611260414123535,17845700,DAL
2011-05-09,10.84000015258789,11.130000114440918,10.779999732971191,10.8100004196167,9.268306732177734,9825400,DAL
2011-05-10,10.930000305175781,11.079999923706055,10.760000228881836,10.800000190734863,9.259734153747559,11151800,DAL
2011-05-11,10.8100004196167,11.100000381469727,10.630000114440918,11.0600004196167,9.482653617858887,14412000,DAL
2011-05-12,11.119999885559082,11.170000076293945,10.739999771118164,10.869999885559082,9.319746971130371,9424800,DAL
2011-05-13,10.779999732971191,10.829999923706055,10.539999961853027,10.649999618530273,9.131125450134277,8481400,DAL
2011-05-16,10.760000228881836,11.119999885559082,10.729999542236328,11.0,9.431209564208984,12249700,DAL
2011-05-17,10.899999618530273,11.199999809265137,10.899999618530273,11.010000228881836,9.439784049987793,12000700,DAL
2011-05-18,10.970000267028809,10.989999771118164,10.6899995803833,10.930000305175781,9.371192932128906,14215100,DAL
2011-05-19,10.989999771118164,11.5,10.84000015258789,11.380000114440918,9.757015228271484,19203000,DAL
2011-05-20,11.270000457763672,11.600000381469727,11.149999618530273,11.510000228881836,9.868474006652832,16707900,DAL
2011-05-23,11.34000015258789,11.529999732971191,11.220000267028809,11.229999542236328,9.628409385681152,11458700,DAL
2011-05-24,11.199999809265137,11.260000228881836,10.920000076293945,11.09000015258789,9.508371353149414,11729700,DAL
2011-05-25,11.039999961853027,11.270000457763672,10.470000267028809,10.489999771118164,8.99394416809082,21536800,DAL
2011-05-26,10.489999771118164,10.520000457763672,10.119999885559082,10.180000305175781,8.728153228759766,32679600,DAL
2011-05-27,10.180000305175781,10.270000457763672,9.960000038146973,10.0,8.57382583618164,25949600,DAL
2011-05-31,10.039999961853027,10.140000343322754,9.90999984741211,10.079999923706055,8.64241886138916,13701400,DAL
2011-06-01,10.079999923706055,10.180000305175781,9.579999923706055,9.680000305175781,8.299463272094727,19373900,DAL
2011-06-02,9.729999542236328,9.920000076293945,9.579999923706055,9.619999885559082,8.248024940490723,18965700,DAL
2011-06-03,9.529999732971191,9.779999732971191,9.510000228881836,9.619999885559082,8.248024940490723,13708100,DAL
2011-06-06,9.539999961853027,9.619999885559082,9.25,9.329999923706055,7.999381065368652,14622000,DAL
2011-06-07,9.460000038146973,9.529999732971191,9.1899995803833,9.260000228881836,7.939364910125732,12390100,DAL
2011-06-08,9.260000228881836,9.600000381469727,9.119999885559082,9.140000343322754,7.836479663848877,11940400,DAL
2011-06-09,9.1899995803833,9.399999618530273,9.109999656677246,9.180000305175781,7.870774745941162,10648400,DAL
2011-06-10,9.25,9.390000343322754,9.1899995803833,9.220000267028809,7.90507173538208,9087500,DAL
2011-06-13,9.359999656677246,9.539999961853027,9.239999771118164,9.260000228881836,7.939364910125732,7324900,DAL
2011-06-14,9.399999618530273,9.579999923706055,9.380000114440918,9.5,8.145134925842285,13880900,DAL
2011-06-15,9.40999984741211,9.460000038146973,9.100000381469727,9.329999923706055,7.999381065368652,15364400,DAL
2011-06-16,9.329999923706055,9.579999923706055,9.260000228881836,9.399999618530273,8.059395790100098,9785400,DAL
2011-06-17,9.5600004196167,9.739999771118164,9.479999542236328,9.579999923706055,8.213726997375488,9424600,DAL
2011-06-20,9.619999885559082,9.75,9.529999732971191,9.6899995803833,8.308035850524902,8154900,DAL
2011-06-21,9.680000305175781,9.899999618530273,9.5600004196167,9.8100004196167,8.410927772521973,10605900,DAL
2011-06-22,9.779999732971191,9.930000305175781,9.59000015258789,9.59000015258789,8.222298622131348,9758800,DAL
2011-06-23,9.869999885559082,10.130000114440918,9.710000038146973,9.9399995803833,8.522382736206055,20251200,DAL
2011-06-24,9.640000343322754,9.649999618530273,9.25,9.430000305175781,8.08511734008789,21424600,DAL
2011-06-27,9.510000228881836,9.699999809265137,9.329999923706055,9.65999984741211,8.282320022583008,10334000,DAL
2011-06-28,9.670000076293945,9.75,9.329999923706055,9.390000343322754,8.050823211669922,12640400,DAL
2011-06-29,9.34000015258789,9.4399995803833,9.149999618530273,9.199999809265137,7.887922286987305,14839200,DAL
2011-06-30,9.270000457763672,9.359999656677246,9.15999984741211,9.170000076293945,7.862199783325195,20603300,DAL
2011-07-01,9.239999771118164,9.380000114440918,9.170000076293945,9.289999961853027,7.965083599090576,14412300,DAL
2011-07-05,9.369999885559082,9.40999984741211,9.109999656677246,9.119999885559082,7.819331645965576,10995200,DAL
2011-07-06,9.119999885559082,9.199999809265137,9.010000228881836,9.130000114440918,7.827904224395752,14801100,DAL
2011-07-07,9.1899995803833,9.40999984741211,9.050000190734863,9.40999984741211,8.067973136901855,12604500,DAL
2011-07-08,9.1899995803833,9.390000343322754,9.170000076293945,9.350000381469727,8.016526222229004,9610200,DAL
2011-07-11,9.210000038146973,9.260000228881836,8.979999542236328,9.0,7.716445446014404,10281000,DAL
2011-07-12,8.970000267028809,9.020000457763672,8.5600004196167,8.609999656677246,7.382066249847412,30189600,DAL
2011-07-13,8.789999961853027,8.819999694824219,8.619999885559082,8.699999809265137,7.459230899810791,15208200,DAL
2011-07-14,8.739999771118164,8.739999771118164,8.5,8.510000228881836,7.296328067779541,10182100,DAL
2011-07-15,8.65999984741211,8.670000076293945,8.3100004196167,8.40999984741211,7.2105889320373535,12181300,DAL
2011-07-18,8.279999732971191,8.390000343322754,7.900000095367432,8.0600004196167,6.910504341125488,24686900,DAL
2011-07-19,8.140000343322754,8.289999961853027,7.920000076293945,8.260000228881836,7.081980228424072,17366300,DAL
2011-07-20,8.350000381469727,8.380000114440918,8.079999923706055,8.140000343322754,6.979094505310059,6007800,DAL
2011-07-21,8.270000457763672,8.300000190734863,8.020000457763672,8.170000076293945,7.004815578460693,10000300,DAL
2011-07-22,8.220000267028809,8.25,8.029999732971191,8.100000381469727,6.944799423217773,8025800,DAL
2011-07-25,8.050000190734863,8.09000015258789,7.78000020980835,7.860000133514404,6.7390265464782715,17931700,DAL
2011-07-26,7.889999866485596,8.149999618530273,7.849999904632568,8.020000457763672,6.876210689544678,22110100,DAL
2011-07-27,7.809999942779541,7.889999866485596,7.28000020980835,7.610000133514404,6.52468204498291,41433000,DAL
2011-07-28,7.730000019073486,7.820000171661377,7.559999942779541,7.630000114440918,6.541830539703369,16710100,DAL
2011-07-29,7.53000020980835,7.940000057220459,7.420000076293945,7.889999866485596,6.764749050140381,13439200,DAL
2011-08-01,8.199999809265137,8.239999771118164,7.670000076293945,7.800000190734863,6.687585353851318,14368800,DAL
2011-08-02,7.849999904632568,7.849999904632568,7.400000095367432,7.429999828338623,6.370351791381836,17884500,DAL
2011-08-03,7.539999961853027,7.590000152587891,7.090000152587891,7.550000190734863,6.473239421844482,32955700,DAL
2011-08-04,7.53000020980835,7.659999847412109,6.980000019073486,7.019999980926514,6.018826484680176,22335000,DAL
2011-08-05,7.28000020980835,7.28000020980835,6.579999923706055,6.96999979019165,5.975955963134766,29538700,DAL
2011-08-08,6.440000057220459,6.900000095367432,6.409999847412109,6.619999885559082,5.67587423324585,26006400,DAL
2011-08-09,6.909999847412109,7.110000133514404,6.599999904632568,7.079999923706055,6.070270538330078,18504700,DAL
2011-08-10,6.840000152587891,6.889999866485596,6.599999904632568,6.679999828338623,5.727316856384277,14141100,DAL
2011-08-11,6.78000020980835,7.050000190734863,6.650000095367432,6.96999979019165,5.975955963134766,12644800,DAL
2011-08-12,7.150000095367432,7.25,6.869999885559082,6.96999979019165,5.975955963134766,11327000,DAL
2011-08-15,7.050000190734863,7.409999847412109,7.010000228881836,7.320000171661377,6.276041507720947,13434500,DAL
2011-08-16,7.269999980926514,7.909999847412109,7.21999979019165,7.659999847412109,6.567551136016846,23754400,DAL
2011-08-17,7.639999866485596,7.840000152587891,7.539999961853027,7.800000190734863,6.687585353851318,14279600,DAL
2011-08-18,7.46999979019165,7.489999771118164,7.210000038146973,7.389999866485596,6.336059093475342,16193100,DAL
2011-08-19,7.239999771118164,7.739999771118164,7.179999828338623,7.210000038146973,6.181730270385742,13253800,DAL
2011-08-22,7.519999980926514,7.650000095367432,7.170000076293945,7.21999979019165,6.190303325653076,21189100,DAL
2011-08-23,7.300000190734863,7.329999923706055,7.050000190734863,7.260000228881836,6.224597930908203,13576700,DAL
2011-08-24,7.199999809265137,7.329999923706055,7.059999942779541,7.25,6.2160258293151855,10507700,DAL
2011-08-25,7.099999904632568,7.289999961853027,6.710000038146973,6.829999923706055,5.855923175811768,24540600,DAL
2011-08-26,6.71999979019165,7.150000095367432,6.699999809265137,7.119999885559082,6.104565143585205,13300600,DAL
2011-08-29,7.190000057220459,7.510000228881836,7.190000057220459,7.5,6.4303717613220215,9652300,DAL
2011-08-30,7.449999809265137,7.75,7.380000114440918,7.610000133514404,6.52468204498291,9547600,DAL
2011-08-31,7.71999979019165,7.809999942779541,7.46999979019165,7.53000020980835,6.456091403961182,14169800,DAL
2011-09-01,7.550000190734863,7.659999847412109,7.420000076293945,7.420000076293945,6.361780643463135,13388100,DAL
2011-09-02,7.260000228881836,7.480000019073486,7.199999809265137,7.269999980926514,6.233170986175537,7748700,DAL
2011-09-06,7.079999923706055,7.239999771118164,7.059999942779541,7.130000114440918,6.113139629364014,8010600,DAL
2011-09-07,7.210000038146973,7.480000019073486,7.159999847412109,7.46999979019165,6.40464973449707,6746500,DAL
2011-09-08,7.369999885559082,7.489999771118164,7.25,7.309999942779541,6.267467021942139,5642300,DAL
2011-09-09,7.260000228881836,7.510000228881836,7.119999885559082,7.179999828338623,6.156007289886475,6394500,DAL
2011-09-12,7.159999847412109,7.400000095367432,7.090000152587891,7.380000114440918,6.327486515045166,9878900,DAL
2011-09-13,7.380000114440918,8.100000381469727,7.25,7.989999771118164,6.85048770904541,22862900,DAL
2011-09-14,8.170000076293945,8.550000190734863,8.039999961853027,8.390000343322754,7.193439483642578,21972200,DAL
2011-09-15,8.470000267028809,8.539999961853027,8.319999694824219,8.460000038146973,7.253457069396973,14276900,DAL
2011-09-16,8.40999984741211,8.569999694824219,8.380000114440918,8.399999618530273,7.2020134925842285,8792200,DAL
2011-09-19,8.140000343322754,8.399999618530273,8.079999923706055,8.3100004196167,7.124850749969482,7291100,DAL
2011-09-20,8.399999618530273,8.489999771118164,8.279999732971191,8.369999885559082,7.176292896270752,7574800,DAL
2011-09-21,8.359999656677246,8.5,7.980000019073486,8.0,6.859062194824219,9239100,DAL
2011-09-22,7.730000019073486,7.96999979019165,7.519999980926514,7.579999923706055,6.498960494995117,18378800,DAL
2011-09-23,7.519999980926514,8.239999771118164,7.510000228881836,8.170000076293945,7.004815578460693,19052200,DAL
2011-09-26,8.239999771118164,8.40999984741211,8.050000190734863,8.300000190734863,7.116276741027832,12215400,DAL
2011-09-27,8.470000267028809,8.489999771118164,8.100000381469727,8.140000343322754,6.979094505310059,9701400,DAL
2011-09-28,8.050000190734863,8.229999542236328,7.96999979019165,8.109999656677246,6.953373432159424,9365400,DAL
2011-09-29,8.239999771118164,8.289999961853027,7.849999904632568,7.949999809265137,6.816192150115967,9619500,DAL
2011-09-30,7.860000133514404,7.869999885559082,7.46999979019165,7.5,6.4303717613220215,14810400,DAL
2011-10-03,7.389999866485596,7.449999809265137,6.639999866485596,6.650000095367432,5.701594829559326,34613200,DAL
2011-10-04,6.829999923706055,7.289999961853027,6.679999828338623,7.289999961853027,6.250319480895996,22000000,DAL
2011-10-05,7.309999942779541,7.53000020980835,7.179999828338623,7.429999828338623,6.370351791381836,12280400,DAL
2011-10-06,7.510000228881836,7.829999923706055,7.380000114440918,7.78000020980835,6.670436859130859,11214600,DAL
2011-10-07,7.900000095367432,8.069999694824219,7.690000057220459,7.800000190734863,6.687585353851318,13825500,DAL
2011-10-10,7.920000076293945,8.109999656677246,7.889999866485596,8.050000190734863,6.9019317626953125,12199000,DAL
2011-10-11,7.96999979019165,8.359999656677246,7.96999979019165,8.210000038146973,7.0391130447387695,12251700,DAL
2011-10-12,8.210000038146973,8.550000190734863,8.199999809265137,8.420000076293945,7.2191643714904785,11724900,DAL
2011-10-13,8.319999694824219,8.739999771118164,8.220000267028809,8.680000305175781,7.442080974578857,14798700,DAL
2011-10-14,8.75,8.800000190734863,8.449999809265137,8.569999694824219,7.347768306732178,9250200,DAL
2011-10-17,8.649999618530273,8.739999771118164,8.289999961853027,8.399999618530273,7.2020134925842285,9431700,DAL
2011-10-18,8.390000343322754,8.800000190734863,8.34000015258789,8.710000038146973,7.467802047729492,11463300,DAL
2011-10-19,8.649999618530273,8.710000038146973,8.359999656677246,8.5,7.287754058837891,8098000,DAL
2011-10-20,8.460000038146973,8.699999809265137,8.359999656677246,8.699999809265137,7.459230899810791,8126900,DAL
2011-10-21,8.760000228881836,8.800000190734863,8.420000076293945,8.65999984741211,7.424934387207031,9328800,DAL
2011-10-24,8.699999809265137,8.979999542236328,8.600000381469727,8.899999618530273,7.630704402923584,9921000,DAL
2011-10-25,8.649999618530273,8.680000305175781,8.3100004196167,8.4399995803833,7.2363080978393555,19332600,DAL
2011-10-26,8.619999885559082,8.649999618530273,8.369999885559082,8.5600004196167,7.339195728302002,11869200,DAL
2011-10-27,8.800000190734863,8.850000381469727,8.489999771118164,8.640000343322754,7.407786846160889,11819700,DAL
2011-10-28,8.550000190734863,8.630000114440918,8.449999809265137,8.510000228881836,7.296328067779541,7706900,DAL
2011-10-31,8.40999984741211,8.529999732971191,8.359999656677246,8.520000457763672,7.3048996925354,7863300,DAL
2011-11-01,8.199999809265137,8.430000305175781,8.109999656677246,8.329999923706055,7.141997337341309,20844200,DAL
2011-11-02,8.399999618530273,8.5,8.199999809265137,8.25,7.07340669631958,11882800,DAL
2011-11-03,8.40999984741211,8.40999984741211,8.010000228881836,8.300000190734863,7.116276741027832,13038200,DAL
2011-11-04,8.279999732971191,8.369999885559082,8.149999618530273,8.350000381469727,7.159144878387451,9418500,DAL
2011-11-07,8.369999885559082,8.430000305175781,8.1899995803833,8.3100004196167,7.124850749969482,7735900,DAL
2011-11-08,8.289999961853027,8.359999656677246,8.020000457763672,8.199999809265137,7.030538558959961,14866000,DAL
2011-11-09,8.039999961853027,8.149999618530273,7.949999809265137,8.0,6.859062194824219,9113300,DAL
2011-11-10,8.020000457763672,8.09000015258789,7.5,7.619999885559082,6.533257484436035,15540200,DAL
2011-11-11,7.75,8.010000228881836,7.650000095367432,7.949999809265137,6.816192150115967,9485300,DAL
2011-11-14,8.020000457763672,8.359999656677246,7.980000019073486,8.0600004196167,6.910504341125488,15831500,DAL
2011-11-15,8.0600004196167,8.09000015258789,7.869999885559082,8.0,6.859062194824219,12773800,DAL
2011-11-16,7.929999828338623,7.949999809265137,7.570000171661377,7.579999923706055,6.498960494995117,9692800,DAL
2011-11-17,7.590000152587891,7.659999847412109,7.150000095367432,7.28000020980835,6.24174690246582,14791000,DAL
2011-11-18,7.329999923706055,7.369999885559082,7.260000228881836,7.360000133514404,6.310336112976074,11443400,DAL
2011-11-21,7.199999809265137,7.28000020980835,7.079999923706055,7.210000038146973,6.181730270385742,7395800,DAL
2011-11-22,7.260000228881836,7.400000095367432,7.179999828338623,7.28000020980835,6.24174690246582,10112500,DAL
2011-11-23,7.199999809265137,7.349999904632568,7.119999885559082,7.119999885559082,6.104565143585205,12493000,DAL
2011-11-25,7.079999923706055,7.300000190734863,7.079999923706055,7.119999885559082,6.104565143585205,2949900,DAL
2011-11-28,7.400000095367432,7.510000228881836,7.300000190734863,7.429999828338623,6.370351791381836,8346300,DAL
2011-11-29,7.5,7.900000095367432,7.480000019073486,7.800000190734863,6.687585353851318,17632000,DAL
2011-11-30,7.579999923706055,8.210000038146973,7.510000228881836,8.119999885559082,6.961947917938232,28064300,DAL
2011-12-01,8.039999961853027,8.619999885559082,8.029999732971191,8.520000457763672,7.3048996925354,15642600,DAL
2011-12-02,8.569999694824219,8.649999618530273,8.350000381469727,8.40999984741211,7.2105889320373535,12820600,DAL
2011-12-05,8.5600004196167,8.720000267028809,8.510000228881836,8.609999656677246,7.382066249847412,13640600,DAL
2011-12-06,8.550000190734863,8.670000076293945,8.399999618530273,8.470000267028809,7.262031555175781,11847700,DAL
2011-12-07,8.390000343322754,8.649999618530273,8.359999656677246,8.5600004196167,7.339195728302002,10077200,DAL
2011-12-08,8.420000076293945,8.600000381469727,8.09000015258789,8.180000305175781,7.01339054107666,10778900,DAL
2011-12-09,8.25,8.649999618530273,8.229999542236328,8.5,7.287754058837891,9216400,DAL
2011-12-12,8.350000381469727,8.649999618530273,8.300000190734863,8.5,7.287754058837891,8173700,DAL
2011-12-13,8.529999732971191,8.569999694824219,7.929999828338623,7.989999771118164,6.85048770904541,11750000,DAL
2011-12-14,8.199999809265137,8.350000381469727,8.010000228881836,8.149999618530273,6.987668514251709,15140400,DAL
2011-12-15,8.350000381469727,8.84000015258789,8.289999961853027,8.59000015258789,7.364919662475586,22844700,DAL
2011-12-16,8.699999809265137,9.130000114440918,8.699999809265137,9.020000457763672,7.7335896492004395,22224500,DAL
2011-12-19,9.050000190734863,9.100000381469727,8.460000038146973,8.510000228881836,7.296328067779541,13485600,DAL
2011-12-20,8.630000114440918,8.729999542236328,8.550000190734863,8.630000114440918,7.399214744567871,7492300,DAL
2011-12-21,8.539999961853027,8.8100004196167,8.430000305175781,8.470000267028809,7.262031555175781,9603300,DAL
2011-12-22,8.609999656677246,8.609999656677246,8.319999694824219,8.359999656677246,7.167718887329102,8449600,DAL
2011-12-23,8.279999732971191,8.329999923706055,8.0600004196167,8.329999923706055,7.141997337341309,10046700,DAL
2011-12-27,8.260000228881836,8.399999618530273,8.079999923706055,8.180000305175781,7.01339054107666,5595900,DAL
2011-12-28,8.15999984741211,8.199999809265137,8.020000457763672,8.119999885559082,6.961947917938232,5651700,DAL
2011-12-29,8.069999694824219,8.210000038146973,8.050000190734863,8.09000015258789,6.9362263679504395,4602800,DAL
2011-12-30,8.09000015258789,8.15999984741211,8.010000228881836,8.09000015258789,6.9362263679504395,3678600,DAL
2012-01-03,8.229999542236328,8.300000190734863,8.020000457763672,8.039999961853027,6.893357276916504,7093200,DAL
2012-01-04,8.029999732971191,8.140000343322754,7.829999923706055,8.010000228881836,6.867635726928711,7412900,DAL
2012-01-05,8.029999732971191,8.350000381469727,7.869999885559082,8.329999923706055,7.141997337341309,10509800,DAL
2012-01-06,8.260000228881836,8.430000305175781,8.239999771118164,8.319999694824219,7.133424758911133,6683300,DAL
2012-01-09,8.34000015258789,8.5,8.260000228881836,8.279999732971191,7.099128723144531,9015700,DAL
2012-01-10,8.350000381469727,8.390000343322754,8.130000114440918,8.270000457763672,7.090557098388672,6933800,DAL
2012-01-11,8.34000015258789,8.619999885559082,8.220000267028809,8.609999656677246,7.382066249847412,6801100,DAL
2012-01-12,8.600000381469727,8.979999542236328,8.470000267028809,8.869999885559082,7.604984283447266,12891800,DAL
2012-01-13,8.699999809265137,9.010000228881836,8.619999885559082,8.850000381469727,7.587838172912598,10127900,DAL
2012-01-17,8.869999885559082,8.90999984741211,8.65999984741211,8.729999542236328,7.484949588775635,6881500,DAL
2012-01-18,8.789999961853027,9.119999885559082,8.630000114440918,8.920000076293945,7.647854328155518,14086800,DAL
2012-01-19,8.9399995803833,9.470000267028809,8.920000076293945,9.329999923706055,7.999381065368652,14325100,DAL
2012-01-20,9.300000190734863,9.5,9.25,9.40999984741211,8.067973136901855,7844600,DAL
2012-01-23,9.420000076293945,9.5600004196167,9.289999961853027,9.289999961853027,7.965083599090576,15346500,DAL
2012-01-24,9.289999961853027,9.489999771118164,9.1899995803833,9.380000114440918,8.042250633239746,12709100,DAL
2012-01-25,9.920000076293945,10.300000190734863,9.920000076293945,9.960000038146973,8.539529800415039,41332200,DAL
2012-01-26,10.279999732971191,10.550000190734863,10.109999656677246,10.170000076293945,8.719582557678223,31724900,DAL
2012-01-27,10.079999923706055,10.579999923706055,10.010000228881836,10.390000343322754,8.908210754394531,12840700,DAL
2012-01-30,10.420000076293945,10.880000114440918,10.270000457763672,10.770000457763672,9.23401165008545,15348800,DAL
2012-01-31,10.770000457763672,10.800000190734863,10.300000190734863,10.550000190734863,9.045385360717773,14524000,DAL
2012-02-01,10.680000305175781,11.010000228881836,10.609999656677246,10.899999618530273,9.345470428466797,11502100,DAL
2012-02-02,10.899999618530273,11.170000076293945,10.819999694824219,11.100000381469727,9.516945838928223,10674900,DAL
2012-02-03,11.25,11.579999923706055,11.25,11.300000190734863,9.688424110412598,15182000,DAL
2012-02-06,11.260000228881836,11.279999732971191,10.920000076293945,10.989999771118164,9.422636985778809,9530600,DAL
2012-02-07,11.029999732971191,11.239999771118164,10.930000305175781,10.970000267028809,9.405489921569824,8105500,DAL
2012-02-08,10.90999984741211,11.039999961853027,10.699999809265137,10.989999771118164,9.422636985778809,7824800,DAL
2012-02-09,11.0,11.149999618530273,10.779999732971191,11.119999885559082,9.534093856811523,8789600,DAL
2012-02-10,10.930000305175781,11.149999618530273,10.8100004196167,10.890000343322754,9.336897850036621,8179100,DAL
2012-02-13,10.9399995803833,11.239999771118164,10.90999984741211,11.149999618530273,9.559820175170898,7591600,DAL
2012-02-14,11.100000381469727,11.149999618530273,10.819999694824219,10.9399995803833,9.379766464233398,9437400,DAL
2012-02-15,10.9399995803833,11.079999923706055,10.739999771118164,10.829999923706055,9.285455703735352,8594100,DAL
2012-02-16,10.800000190734863,10.989999771118164,10.670000076293945,10.930000305175781,9.371192932128906,10332600,DAL
2012-02-17,11.0,11.050000190734863,10.680000305175781,10.829999923706055,9.285455703735352,7612000,DAL
2012-02-21,10.829999923706055,10.829999923706055,9.569999694824219,10.050000190734863,8.61669635772705,26706000,DAL
2012-02-22,10.0,10.210000038146973,9.930000305175781,9.930000305175781,8.513811111450195,9361000,DAL
2012-02-23,10.020000457763672,10.039999961853027,9.569999694824219,9.6899995803833,8.308035850524902,10959500,DAL
2012-02-24,9.739999771118164,9.859999656677246,9.489999771118164,9.529999732971191,8.17085075378418,9416100,DAL
2012-02-27,9.569999694824219,9.739999771118164,9.399999618530273,9.65999984741211,8.282320022583008,10316600,DAL
2012-02-28,9.670000076293945,9.920000076293945,9.600000381469727,9.899999618530273,8.488089561462402,12150400,DAL
2012-02-29,9.850000381469727,10.069999694824219,9.75,9.8100004196167,8.410927772521973,9454600,DAL
2012-03-01,9.800000190734863,9.930000305175781,9.59000015258789,9.640000343322754,8.265172958374023,10799300,DAL
2012-03-02,9.670000076293945,10.09000015258789,9.619999885559082,9.770000457763672,8.376629829406738,15245600,DAL
2012-03-05,9.710000038146973,9.75,9.40999984741211,9.670000076293945,8.290891647338867,12015200,DAL
2012-03-06,9.529999732971191,9.819999694824219,9.289999961853027,9.359999656677246,8.025099754333496,10179200,DAL
2012-03-07,9.390000343322754,9.600000381469727,9.34000015258789,9.369999885559082,8.03367805480957,7012500,DAL
2012-03-08,9.3100004196167,9.5600004196167,9.239999771118164,9.470000267028809,8.119414329528809,10089500,DAL
2012-03-09,9.600000381469727,9.600000381469727,9.34000015258789,9.369999885559082,8.03367805480957,10153900,DAL
2012-03-12,9.399999618530273,9.529999732971191,9.1899995803833,9.1899995803833,7.879349231719971,11235700,DAL
2012-03-13,9.380000114440918,9.399999618530273,9.140000343322754,9.3100004196167,7.982232093811035,16418800,DAL
2012-03-14,9.300000190734863,9.3100004196167,9.069999694824219,9.300000190734863,7.973655700683594,12680700,DAL
2012-03-15,9.289999961853027,9.829999923706055,9.25,9.630000114440918,8.256597518920898,22472900,DAL
2012-03-16,9.65999984741211,9.6899995803833,9.210000038146973,9.210000038146973,7.8964924812316895,14737100,DAL
2012-03-19,9.25,9.40999984741211,9.170000076293945,9.3100004196167,7.982232093811035,9817500,DAL
2012-03-20,9.359999656677246,9.630000114440918,9.239999771118164,9.529999732971191,8.17085075378418,9882800,DAL
2012-03-21,9.579999923706055,9.930000305175781,9.449999809265137,9.739999771118164,8.350905418395996,21023800,DAL
2012-03-22,9.729999542236328,9.960000038146973,9.460000038146973,9.529999732971191,8.17085075378418,14986700,DAL
2012-03-23,9.510000228881836,9.6899995803833,9.449999809265137,9.619999885559082,8.248024940490723,9249700,DAL
2012-03-26,9.680000305175781,9.899999618530273,9.529999732971191,9.880000114440918,8.470937728881836,10079500,DAL
2012-03-27,9.850000381469727,9.920000076293945,9.720000267028809,9.8100004196167,8.410927772521973,8508500,DAL
2012-03-28,9.869999885559082,10.279999732971191,9.859999656677246,10.0,8.57382583618164,17276600,DAL
2012-03-29,10.010000228881836,10.109999656677246,9.760000228881836,10.069999694824219,8.633843421936035,11634700,DAL
2012-03-30,10.020000457763672,10.020000457763672,9.729999542236328,9.920000076293945,8.50523567199707,11853600,DAL
2012-04-02,9.880000114440918,10.079999923706055,9.800000190734863,10.010000228881836,8.582399368286133,10551700,DAL
2012-04-03,10.079999923706055,10.579999923706055,10.069999694824219,10.319999694824219,8.848186492919922,16724700,DAL
2012-04-04,10.25,10.619999885559082,10.199999809265137,10.479999542236328,8.985370635986328,12339800,DAL
2012-04-05,10.399999618530273,10.640000343322754,10.289999961853027,10.369999885559082,8.891058921813965,8456300,DAL
2012-04-09,10.300000190734863,10.399999618530273,10.149999618530273,10.289999961853027,8.822465896606445,5835400,DAL
2012-04-10,10.260000228881836,10.359999656677246,9.779999732971191,9.8100004196167,8.410927772521973,9603000,DAL
2012-04-11,9.9399995803833,10.079999923706055,9.84000015258789,9.90999984741211,8.496664047241211,6920800,DAL
2012-04-12,9.979999542236328,10.489999771118164,9.979999542236328,10.260000228881836,8.796745300292969,10834900,DAL
2012-04-13,10.210000038146973,10.260000228881836,10.079999923706055,10.130000114440918,8.685287475585938,7007000,DAL
2012-04-16,10.149999618530273,10.460000038146973,10.079999923706055,10.25,8.788174629211426,15157900,DAL
2012-04-17,10.350000381469727,10.479999542236328,10.1899995803833,10.4399995803833,8.951074600219727,12285200,DAL
2012-04-18,10.420000076293945,10.609999656677246,10.390000343322754,10.529999732971191,9.028242111206055,10180200,DAL
2012-04-19,10.5600004196167,11.029999732971191,10.380000114440918,10.819999694824219,9.276881217956543,22660200,DAL
2012-04-20,10.850000381469727,10.9399995803833,10.5600004196167,10.75,9.216864585876465,12197600,DAL
2012-04-23,10.529999732971191,10.619999885559082,10.300000190734863,10.390000343322754,8.908210754394531,9612100,DAL
2012-04-24,10.399999618530273,10.619999885559082,10.390000343322754,10.479999542236328,8.985370635986328,9782600,DAL
2012-04-25,10.460000038146973,10.720000267028809,10.25,10.479999542236328,8.985370635986328,12228400,DAL
2012-04-26,10.520000457763672,10.640000343322754,10.25,10.399999618530273,8.916780471801758,8304000,DAL
2012-04-27,10.390000343322754,10.850000381469727,10.300000190734863,10.819999694824219,9.276881217956543,10975200,DAL
2012-04-30,10.770000457763672,11.119999885559082,10.720000267028809,10.960000038146973,9.396913528442383,13160200,DAL
2012-05-01,11.140000343322754,11.34000015258789,10.979999542236328,11.050000190734863,9.474077224731445,13729900,DAL
2012-05-02,10.970000267028809,11.039999961853027,10.760000228881836,10.869999885559082,9.319746971130371,7707300,DAL
2012-05-03,10.8100004196167,11.130000114440918,10.8100004196167,10.960000038146973,9.396913528442383,8483900,DAL
2012-05-04,11.050000190734863,11.199999809265137,10.899999618530273,11.0,9.431209564208984,15183900,DAL
2012-05-07,11.0,11.25,10.949999809265137,11.170000076293945,9.5769624710083,11680500,DAL
2012-05-08,11.100000381469727,11.229999542236328,10.989999771118164,11.170000076293945,9.5769624710083,11789400,DAL
2012-05-09,11.069999694824219,11.09000015258789,10.84000015258789,10.90999984741211,9.354043006896973,11634200,DAL
2012-05-10,11.0,11.149999618530273,10.949999809265137,11.029999732971191,9.456932067871094,8887400,DAL
2012-05-11,10.970000267028809,11.420000076293945,10.949999809265137,11.369999885559082,9.748440742492676,7838200,DAL
2012-05-14,11.380000114440918,11.579999923706055,11.3100004196167,11.430000305175781,9.799885749816895,15907800,DAL
2012-05-15,11.399999618530273,11.449999809265137,11.100000381469727,11.170000076293945,9.5769624710083,9694200,DAL
2012-05-16,11.229999542236328,11.510000228881836,11.229999542236328,11.390000343322754,9.765589714050293,9472000,DAL
2012-05-17,11.34000015258789,11.350000381469727,10.319999694824219,10.40999984741211,8.92535400390625,20742400,DAL
2012-05-18,10.430000305175781,10.4399995803833,10.029999732971191,10.140000343322754,8.693860054016113,18994600,DAL
2012-05-21,10.149999618530273,10.619999885559082,10.149999618530273,10.579999923706055,9.071109771728516,14203200,DAL
2012-05-22,10.680000305175781,10.800000190734863,10.470000267028809,10.539999961853027,9.036813735961914,12860300,DAL
2012-05-23,10.520000457763672,10.75,10.25,10.739999771118164,9.208292961120605,9144000,DAL
2012-05-24,10.899999618530273,11.539999961853027,10.880000114440918,11.270000457763672,9.66270637512207,19379500,DAL
2012-05-25,11.3100004196167,11.550000190734863,11.220000267028809,11.369999885559082,9.748440742492676,11596300,DAL
2012-05-29,11.489999771118164,11.829999923706055,11.369999885559082,11.800000190734863,10.117117881774902,18680200,DAL
2012-05-30,11.699999809265137,12.0,11.630000114440918,11.75,10.074249267578125,13803100,DAL
2012-05-31,11.850000381469727,12.25,11.609999656677246,12.100000381469727,10.374327659606934,20830500,DAL
2012-06-01,12.020000457763672,12.039999961853027,11.430000305175781,11.510000228881836,9.868474006652832,17554100,DAL
2012-06-04,11.369999885559082,11.380000114440918,10.109999656677246,10.180000305175781,8.728153228759766,29678300,DAL
2012-06-05,10.350000381469727,10.630000114440918,10.34000015258789,10.579999923706055,9.071109771728516,11215400,DAL
2012-06-06,10.699999809265137,10.789999961853027,10.449999809265137,10.609999656677246,9.096831321716309,14791800,DAL
2012-06-07,10.680000305175781,10.869999885559082,10.279999732971191,10.279999732971191,8.813894271850586,15796300,DAL
2012-06-08,10.0600004196167,10.510000228881836,9.890000343322754,10.380000114440918,8.899632453918457,20033400,DAL
2012-06-11,10.579999923706055,10.59000015258789,10.149999618530273,10.170000076293945,8.719582557678223,11489900,DAL
2012-06-12,10.239999771118164,10.4399995803833,10.0,10.039999961853027,8.608120918273926,12803400,DAL
2012-06-13,10.15999984741211,10.550000190734863,10.0,10.289999961853027,8.822465896606445,16726400,DAL
2012-06-14,10.300000190734863,10.699999809265137,10.260000228881836,10.449999809265137,8.959649085998535,8616600,DAL
2012-06-15,10.369999885559082,10.470000267028809,10.069999694824219,10.260000228881836,8.796745300292969,8161600,DAL
2012-06-18,10.25,10.630000114440918,10.15999984741211,10.630000114440918,9.113978385925293,9463800,DAL
2012-06-19,10.600000381469727,10.960000038146973,10.579999923706055,10.90999984741211,9.354043006896973,8012700,DAL
2012-06-20,10.84000015258789,11.210000038146973,10.720000267028809,11.210000038146973,9.611260414123535,13200100,DAL
2012-06-21,11.210000038146973,11.329999923706055,10.979999542236328,11.229999542236328,9.628409385681152,17544300,DAL
2012-06-22,11.180000305175781,11.319999694824219,10.970000267028809,11.039999961853027,9.465502738952637,8435000,DAL
2012-06-25,11.0,11.039999961853027,10.430000305175781,10.520000457763672,9.01966667175293,12840500,DAL
2012-06-26,10.470000267028809,11.229999542236328,10.40999984741211,11.140000343322754,9.551243782043457,21807000,DAL
2012-06-27,11.100000381469727,11.380000114440918,10.829999923706055,11.069999694824219,9.491227149963379,12157400,DAL
2012-06-28,11.100000381469727,11.180000305175781,10.720000267028809,11.15999984741211,9.568390846252441,9647500,DAL
2012-06-29,11.210000038146973,11.270000457763672,10.920000076293945,10.949999809265137,9.38833999633789,11398200,DAL
2012-07-02,11.109999656677246,11.25,10.949999809265137,11.119999885559082,9.534093856811523,7967100,DAL
2012-07-03,11.050000190734863,11.050000190734863,10.699999809265137,10.760000228881836,9.225438117980957,6082600,DAL
2012-07-05,10.710000038146973,10.789999961853027,10.539999961853027,10.630000114440918,9.113978385925293,8504000,DAL
2012-07-06,10.630000114440918,11.0600004196167,10.569999694824219,11.0,9.431209564208984,9499300,DAL
2012-07-09,11.069999694824219,11.119999885559082,10.770000457763672,10.90999984741211,9.354043006896973,7082200,DAL
2012-07-10,10.899999618530273,10.960000038146973,10.5,10.720000267028809,9.191143035888672,13815500,DAL
2012-07-11,10.739999771118164,11.149999618530273,10.720000267028809,11.09000015258789,9.508371353149414,11355600,DAL
2012-07-12,10.729999542236328,10.989999771118164,10.680000305175781,10.75,9.216864585876465,9789900,DAL
2012-07-13,10.760000228881836,10.880000114440918,10.699999809265137,10.819999694824219,9.276881217956543,5318900,DAL
2012-07-16,10.859999656677246,11.109999656677246,10.75,10.970000267028809,9.405489921569824,7189800,DAL
2012-07-17,11.100000381469727,11.100000381469727,10.720000267028809,10.800000190734863,9.259734153747559,10406800,DAL
2012-07-18,10.819999694824219,10.859999656677246,10.170000076293945,10.229999542236328,8.771026611328125,19709300,DAL
2012-07-19,10.390000343322754,10.479999542236328,9.9399995803833,10.0,8.57382583618164,15720100,DAL
2012-07-20,9.979999542236328,10.170000076293945,9.850000381469727,9.9399995803833,8.522382736206055,12053500,DAL
2012-07-23,9.84000015258789,9.859999656677246,9.550000190734863,9.65999984741211,8.282320022583008,12583800,DAL
2012-07-24,9.720000267028809,9.800000190734863,9.210000038146973,9.329999923706055,7.999381065368652,14537700,DAL
2012-07-25,9.630000114440918,9.829999923706055,9.079999923706055,9.470000267028809,8.119414329528809,24152400,DAL
2012-07-26,9.579999923706055,9.579999923706055,9.199999809265137,9.40999984741211,8.067973136901855,19560100,DAL
2012-07-27,9.470000267028809,9.550000190734863,9.279999732971191,9.420000076293945,8.076543807983398,14923500,DAL
2012-07-30,9.399999618530273,9.569999694824219,9.220000267028809,9.470000267028809,8.119414329528809,17242600,DAL
2012-07-31,9.470000267028809,9.770000457763672,9.359999656677246,9.649999618530273,8.27374267578125,18124100,DAL
2012-08-01,9.489999771118164,9.619999885559082,9.399999618530273,9.479999542236328,8.127989768981934,15043400,DAL
2012-08-02,9.380000114440918,9.470000267028809,9.140000343322754,9.229999542236328,7.913644790649414,14795700,DAL
2012-08-03,9.300000190734863,9.399999618530273,9.170000076293945,9.289999961853027,7.965083599090576,7073700,DAL
2012-08-06,9.3100004196167,9.430000305175781,9.260000228881836,9.369999885559082,8.03367805480957,8104000,DAL
2012-08-07,9.350000381469727,9.4399995803833,9.220000267028809,9.319999694824219,7.990809917449951,12499800,DAL
2012-08-08,9.369999885559082,9.5600004196167,9.25,9.390000343322754,8.050823211669922,12932000,DAL
2012-08-09,9.350000381469727,9.380000114440918,9.039999961853027,9.069999694824219,7.776460647583008,13486900,DAL
2012-08-10,9.109999656677246,9.1899995803833,8.970000267028809,9.0600004196167,7.767886161804199,7633300,DAL
2012-08-13,9.0600004196167,9.279999732971191,8.989999771118164,9.260000228881836,7.939364910125732,8650300,DAL
2012-08-14,9.260000228881836,9.470000267028809,9.210000038146973,9.279999732971191,7.956511497497559,10919600,DAL
2012-08-15,9.220000267028809,9.300000190734863,9.170000076293945,9.260000228881836,7.939364910125732,7577200,DAL
2012-08-16,9.270000457763672,9.329999923706055,9.020000457763672,9.029999732971191,7.74216365814209,9995300,DAL
2012-08-17,9.109999656677246,9.180000305175781,9.039999961853027,9.130000114440918,7.827904224395752,12886100,DAL
2012-08-20,9.100000381469727,9.5,9.100000381469727,9.460000038146973,8.11083984375,14686500,DAL
2012-08-21,9.529999732971191,9.930000305175781,9.479999542236328,9.710000038146973,8.325183868408203,24099900,DAL
2012-08-22,9.640000343322754,9.699999809265137,9.390000343322754,9.529999732971191,8.17085075378418,10371400,DAL
2012-08-23,9.5,9.569999694824219,9.069999694824219,9.149999618530273,7.845052242279053,11852000,DAL
2012-08-24,9.199999809265137,9.220000267028809,9.09000015258789,9.109999656677246,7.810758113861084,7277200,DAL
2012-08-27,9.140000343322754,9.210000038146973,9.050000190734863,9.0600004196167,7.767886161804199,6968300,DAL
2012-08-28,9.029999732971191,9.039999961853027,8.670000076293945,8.699999809265137,7.459230899810791,20934300,DAL
2012-08-29,8.729999542236328,8.75,8.460000038146973,8.609999656677246,7.382066249847412,15102100,DAL
2012-08-30,8.630000114440918,8.649999618530273,8.510000228881836,8.550000190734863,7.330621719360352,13066400,DAL
2012-08-31,8.75,8.829999923706055,8.649999618530273,8.649999618530273,7.416360378265381,11402000,DAL
2012-09-04,8.65999984741211,8.699999809265137,8.420000076293945,8.5600004196167,7.339195728302002,12021100,DAL
2012-09-05,8.619999885559082,8.970000267028809,8.600000381469727,8.880000114440918,7.613561153411865,12740500,DAL
2012-09-06,8.9399995803833,9.3100004196167,8.920000076293945,9.199999809265137,7.887922286987305,14112100,DAL
2012-09-07,9.260000228881836,9.489999771118164,9.199999809265137,9.279999732971191,7.956511497497559,13606400,DAL
2012-09-10,9.279999732971191,9.699999809265137,9.260000228881836,9.380000114440918,8.042250633239746,10470700,DAL
2012-09-11,9.300000190734863,9.470000267028809,9.210000038146973,9.279999732971191,7.956511497497559,6210500,DAL
2012-09-12,9.279999732971191,9.550000190734863,9.270000457763672,9.5,8.145134925842285,10244900,DAL
2012-09-13,9.479999542236328,9.520000457763672,9.3100004196167,9.449999809265137,8.102269172668457,7533300,DAL
2012-09-14,9.430000305175781,9.449999809265137,9.229999542236328,9.270000457763672,7.94793701171875,9551000,DAL
2012-09-17,9.25,9.319999694824219,9.039999961853027,9.229999542236328,7.913644790649414,11245300,DAL
2012-09-18,9.15999984741211,9.279999732971191,8.9399995803833,8.960000038146973,7.682147026062012,12421300,DAL
2012-09-19,9.119999885559082,9.420000076293945,9.079999923706055,9.369999885559082,8.03367805480957,19155500,DAL
2012-09-20,9.279999732971191,9.329999923706055,9.119999885559082,9.149999618530273,7.845052242279053,7380000,DAL
2012-09-21,9.180000305175781,9.25,9.039999961853027,9.069999694824219,7.776460647583008,10426200,DAL
2012-09-24,9.020000457763672,9.25,8.890000343322754,9.130000114440918,7.827904224395752,8190600,DAL
2012-09-25,9.130000114440918,9.199999809265137,9.0,9.020000457763672,7.7335896492004395,13833700,DAL
2012-09-26,8.960000038146973,9.210000038146973,8.949999809265137,9.15999984741211,7.853626251220703,5420900,DAL
2012-09-27,9.140000343322754,9.300000190734863,9.039999961853027,9.229999542236328,7.913644790649414,8492400,DAL
2012-09-28,9.140000343322754,9.199999809265137,9.039999961853027,9.15999984741211,7.853626251220703,7016300,DAL
2012-10-01,9.119999885559082,9.65999984741211,9.109999656677246,9.470000267028809,8.119414329528809,15083700,DAL
2012-10-02,9.399999618530273,9.800000190734863,9.350000381469727,9.770000457763672,8.376629829406738,15425300,DAL
2012-10-03,9.869999885559082,10.270000457763672,9.75,10.15999984741211,8.711009979248047,17180400,DAL
2012-10-04,10.210000038146973,10.210000038146973,9.899999618530273,10.140000343322754,8.693860054016113,11015700,DAL
2012-10-05,10.25,10.479999542236328,10.130000114440918,10.279999732971191,8.813894271850586,7120200,DAL
2012-10-08,10.279999732971191,10.489999771118164,10.09000015258789,10.130000114440918,8.685287475585938,7033400,DAL
2012-10-09,10.140000343322754,10.1899995803833,9.84000015258789,9.890000343322754,8.479517936706543,9063400,DAL
2012-10-10,9.899999618530273,9.970000267028809,9.75,9.84000015258789,8.436646461486816,8140100,DAL
2012-10-11,9.880000114440918,9.899999618530273,9.720000267028809,9.75,8.359478950500488,7802900,DAL
2012-10-12,9.84000015258789,10.109999656677246,9.770000457763672,10.020000457763672,8.59097671508789,11387000,DAL
2012-10-15,10.079999923706055,10.199999809265137,10.010000228881836,10.109999656677246,8.668139457702637,7159900,DAL
2012-10-16,10.09000015258789,10.149999618530273,9.930000305175781,9.989999771118164,8.565254211425781,11032000,DAL
2012-10-17,9.970000267028809,10.300000190734863,9.930000305175781,10.1899995803833,8.736729621887207,9621300,DAL
2012-10-18,10.199999809265137,10.399999618530273,10.199999809265137,10.210000038146973,8.753877639770508,8861600,DAL
2012-10-19,10.180000305175781,10.210000038146973,9.949999809265137,10.0,8.57382583618164,7182800,DAL
2012-10-22,10.0,10.199999809265137,9.899999618530273,10.140000343322754,8.693860054016113,7317200,DAL
2012-10-23,10.140000343322754,10.25,9.90999984741211,10.149999618530273,8.702434539794922,11526200,DAL
2012-10-24,10.079999923706055,10.279999732971191,9.8100004196167,10.039999961853027,8.608120918273926,14129700,DAL
2012-10-25,10.050000190734863,10.100000381469727,9.550000190734863,9.640000343322754,8.265172958374023,11605300,DAL
2012-10-26,9.699999809265137,9.770000457763672,9.489999771118164,9.640000343322754,8.265172958374023,9458300,DAL
2012-10-31,9.529999732971191,9.819999694824219,9.5,9.630000114440918,8.256597518920898,8323100,DAL
2012-11-01,9.640000343322754,9.779999732971191,9.630000114440918,9.699999809265137,8.316612243652344,6025800,DAL
2012-11-02,9.770000457763672,9.789999961853027,9.539999961853027,9.699999809265137,8.316612243652344,7063300,DAL
2012-11-05,9.640000343322754,9.829999923706055,9.600000381469727,9.770000457763672,8.376629829406738,6273400,DAL
2012-11-06,9.760000228881836,10.039999961853027,9.710000038146973,10.039999961853027,8.608120918273926,6963400,DAL
2012-11-07,9.979999542236328,10.020000457763672,9.619999885559082,9.9399995803833,8.522382736206055,11258200,DAL
2012-11-08,9.869999885559082,10.300000190734863,9.829999923706055,10.289999961853027,8.822465896606445,11436300,DAL
2012-11-09,10.1899995803833,10.489999771118164,10.09000015258789,10.1899995803833,8.736729621887207,10308400,DAL
2012-11-12,10.229999542236328,10.4399995803833,10.069999694824219,10.300000190734863,8.83104133605957,7384800,DAL
2012-11-13,10.1899995803833,10.5,10.180000305175781,10.210000038146973,8.753877639770508,8238400,DAL
2012-11-14,10.229999542236328,10.420000076293945,9.479999542236328,9.5600004196167,8.19658088684082,16717900,DAL
2012-11-15,9.550000190734863,9.8100004196167,9.460000038146973,9.489999771118164,8.13655948638916,13064400,DAL
2012-11-16,9.489999771118164,9.539999961853027,9.210000038146973,9.329999923706055,7.999381065368652,9599900,DAL
2012-11-19,9.460000038146973,9.5600004196167,9.319999694824219,9.550000190734863,8.188003540039062,6730300,DAL
2012-11-20,9.600000381469727,9.859999656677246,9.40999984741211,9.680000305175781,8.299463272094727,6981800,DAL
2012-11-21,9.6899995803833,9.729999542236328,9.489999771118164,9.720000267028809,8.333758354187012,9163100,DAL
2012-11-23,9.739999771118164,9.859999656677246,9.699999809265137,9.84000015258789,8.436646461486816,2652600,DAL
2012-11-26,9.779999732971191,9.9399995803833,9.569999694824219,9.800000190734863,8.402349472045898,6888900,DAL
2012-11-27,9.760000228881836,9.970000267028809,9.739999771118164,9.819999694824219,8.4194974899292,7973400,DAL
2012-11-28,9.779999732971191,10.149999618530273,9.75,10.0,8.57382583618164,11320000,DAL
2012-11-29,10.069999694824219,10.119999885559082,9.859999656677246,10.050000190734863,8.61669635772705,10219500,DAL
2012-11-30,9.979999542236328,10.050000190734863,9.850000381469727,10.0,8.57382583618164,9740500,DAL
2012-12-03,9.989999771118164,10.010000228881836,9.600000381469727,9.619999885559082,8.248024940490723,9804900,DAL
2012-12-04,9.859999656677246,9.960000038146973,9.5,9.729999542236328,8.342334747314453,9928900,DAL
2012-12-05,9.8100004196167,9.819999694824219,9.5600004196167,9.710000038146973,8.325183868408203,9922200,DAL
2012-12-06,9.760000228881836,10.029999732971191,9.729999542236328,10.020000457763672,8.59097671508789,11550100,DAL
2012-12-07,9.949999809265137,10.239999771118164,9.880000114440918,10.109999656677246,8.668139457702637,10243300,DAL
2012-12-10,10.109999656677246,10.199999809265137,9.949999809265137,10.140000343322754,8.693860054016113,8756700,DAL
2012-12-11,10.260000228881836,10.9399995803833,10.1899995803833,10.65999984741211,9.139702796936035,28373100,DAL
2012-12-12,10.619999885559082,11.100000381469727,10.470000267028809,10.720000267028809,9.191143035888672,19529800,DAL
2012-12-13,10.869999885559082,11.300000190734863,10.800000190734863,11.289999961853027,9.679851531982422,20240700,DAL
2012-12-14,11.270000457763672,11.430000305175781,11.119999885559082,11.220000267028809,9.619833946228027,12007100,DAL
2012-12-17,11.479999542236328,11.75,11.15999984741211,11.229999542236328,9.628409385681152,19546900,DAL
2012-12-18,11.260000228881836,11.609999656677246,11.199999809265137,11.529999732971191,9.8856201171875,14538500,DAL
2012-12-19,11.539999961853027,11.9399995803833,11.489999771118164,11.829999923706055,10.142839431762695,25298300,DAL
2012-12-20,11.8100004196167,11.979999542236328,11.649999618530273,11.9399995803833,10.237150192260742,13366300,DAL
2012-12-21,11.739999771118164,11.90999984741211,11.680000305175781,11.859999656677246,10.168557167053223,12579200,DAL
2012-12-24,11.800000190734863,11.970000267028809,11.649999618530273,11.779999732971191,10.09996509552002,4118800,DAL
2012-12-26,11.680000305175781,11.890000343322754,11.630000114440918,11.649999618530273,9.988508224487305,5844700,DAL
2012-12-27,11.609999656677246,11.760000228881836,11.430000305175781,11.569999694824219,9.919918060302734,6388400,DAL
2012-12-28,11.539999961853027,11.680000305175781,11.460000038146973,11.5,9.859898567199707,6935700,DAL
2012-12-31,11.569999694824219,12.050000190734863,11.550000190734863,11.869999885559082,10.17713451385498,11658400,DAL
2013-01-02,12.069999694824219,12.279999732971191,11.970000267028809,12.229999542236328,10.485793113708496,10628500,DAL
2013-01-03,12.140000343322754,12.609999656677246,12.119999885559082,12.579999923706055,10.785873413085938,16272400,DAL
2013-01-04,12.5600004196167,13.079999923706055,12.550000190734863,12.979999542236328,11.128828048706055,17125600,DAL
2013-01-07,13.140000343322754,13.380000114440918,12.890000343322754,12.989999771118164,11.137402534484863,23137100,DAL
2013-01-08,13.050000190734863,13.260000228881836,12.869999885559082,12.979999542236328,11.128828048706055,16685700,DAL
2013-01-09,13.0,13.15999984741211,12.890000343322754,13.109999656677246,11.24028491973877,10251700,DAL
2013-01-10,13.449999809265137,13.649999618530273,13.170000076293945,13.300000190734863,11.403189659118652,27721200,DAL
2013-01-11,13.329999923706055,13.40999984741211,13.09000015258789,13.350000381469727,11.446057319641113,14934900,DAL
2013-01-14,13.300000190734863,13.489999771118164,13.170000076293945,13.4399995803833,11.523221969604492,7996300,DAL
2013-01-15,13.25,13.739999771118164,13.210000038146973,13.630000114440918,11.686125755310059,17041000,DAL
2013-01-16,13.550000190734863,14.109999656677246,13.520000457763672,13.920000076293945,11.934767723083496,20083000,DAL
2013-01-17,13.949999809265137,14.0,13.720000267028809,13.829999923706055,11.85760498046875,9910600,DAL
2013-01-18,13.850000381469727,13.90999984741211,13.600000381469727,13.609999656677246,11.668978691101074,11337100,DAL
2013-01-22,13.640000343322754,14.149999618530273,13.460000038146973,14.010000228881836,12.011934280395508,16829300,DAL
2013-01-23,14.050000190734863,14.149999618530273,13.739999771118164,13.779999732971191,11.814732551574707,20839900,DAL
2013-01-24,13.829999923706055,14.170000076293945,13.710000038146973,13.930000305175781,11.943339347839355,14578900,DAL
2013-01-25,13.9399995803833,14.180000305175781,13.819999694824219,14.170000076293945,12.1491117477417,10746000,DAL
2013-01-28,14.15999984741211,14.199999809265137,13.899999618530273,13.9399995803833,11.951911926269531,9593800,DAL
2013-01-29,13.890000343322754,13.930000305175781,13.609999656677246,13.680000305175781,11.728994369506836,16123200,DAL
2013-01-30,13.720000267028809,13.920000076293945,13.680000305175781,13.84000015258789,11.866177558898926,8168500,DAL
2013-01-31,13.770000457763672,13.920000076293945,13.720000267028809,13.890000343322754,11.909046173095703,6967400,DAL
2013-02-01,13.970000267028809,14.09000015258789,13.739999771118164,13.819999694824219,11.849029541015625,10069500,DAL
2013-02-04,13.640000343322754,13.949999809265137,13.4399995803833,13.859999656677246,11.88332462310791,10041800,DAL
2013-02-05,13.829999923706055,14.100000381469727,13.800000190734863,13.930000305175781,11.943339347839355,19010700,DAL
2013-02-06,13.90999984741211,14.489999771118164,13.90999984741211,14.470000267028809,12.406329154968262,16494800,DAL
2013-02-07,14.489999771118164,14.890000343322754,14.460000038146973,14.859999656677246,12.740703582763672,16685200,DAL
2013-02-08,14.770000457763672,14.880000114440918,14.520000457763672,14.619999885559082,12.534934043884277,9197200,DAL
2013-02-11,14.65999984741211,14.899999618530273,14.609999656677246,14.6899995803833,12.594950675964355,7583800,DAL
2013-02-12,14.640000343322754,14.789999961853027,14.460000038146973,14.5,12.432051658630371,7146700,DAL
2013-02-13,14.569999694824219,14.800000190734863,14.5,14.779999732971191,12.672118186950684,7230400,DAL
2013-02-14,14.600000381469727,14.680000305175781,14.020000457763672,14.239999771118164,12.20913028717041,17917800,DAL
2013-02-15,14.369999885559082,14.5600004196167,14.3100004196167,14.449999809265137,12.389182090759277,14248600,DAL
2013-02-19,14.399999618530273,14.619999885559082,14.199999809265137,14.300000190734863,12.260573387145996,12245700,DAL
2013-02-20,14.289999961853027,14.319999694824219,13.779999732971191,13.819999694824219,11.849029541015625,13822800,DAL
2013-02-21,13.960000038146973,13.989999771118164,13.15999984741211,13.5600004196167,11.62610912322998,21229600,DAL
2013-02-22,13.5600004196167,13.770000457763672,13.390000343322754,13.75,11.789013862609863,8462800,DAL
2013-02-25,13.84000015258789,14.34000015258789,13.819999694824219,14.020000457763672,12.020505905151367,16933300,DAL
2013-02-26,13.9399995803833,14.0,13.600000381469727,13.899999618530273,11.917620658874512,11452000,DAL
2013-02-27,13.890000343322754,14.350000381469727,13.850000381469727,14.270000457763672,12.234848976135254,7947600,DAL
2013-02-28,14.34000015258789,14.420000076293945,14.229999542236328,14.270000457763672,12.234848976135254,7523500,DAL
2013-03-01,14.260000228881836,15.079999923706055,14.260000228881836,14.819999694824219,12.706413269042969,16031300,DAL
2013-03-04,14.75,15.890000343322754,14.609999656677246,15.649999618530273,13.418039321899414,25397700,DAL
2013-03-05,15.710000038146973,15.930000305175781,15.670000076293945,15.859999656677246,13.598088264465332,12270800,DAL
2013-03-06,16.0,16.06999969482422,15.470000267028809,15.670000076293945,13.435186386108398,12824800,DAL
2013-03-07,15.699999809265137,15.930000305175781,15.59000015258789,15.899999618530273,13.632384300231934,6443600,DAL
2013-03-08,16.139999389648438,16.399999618530273,15.8100004196167,16.239999771118164,13.923895835876465,18025800,DAL
2013-03-11,16.049999237060547,16.420000076293945,15.770000457763672,16.229999542236328,13.915323257446289,11617300,DAL
2013-03-12,16.200000762939453,16.299999237060547,15.970000267028809,16.030000686645508,13.743844032287598,9592100,DAL
2013-03-13,15.949999809265137,16.40999984741211,15.949999809265137,16.360000610351562,14.02678108215332,11475800,DAL
2013-03-14,16.34000015258789,16.479999542236328,16.170000076293945,16.280000686645508,13.958189010620117,9249800,DAL
2013-03-15,16.149999618530273,16.229999542236328,15.819999694824219,16.0,13.718124389648438,15200400,DAL
2013-03-18,15.829999923706055,16.3799991607666,15.760000228881836,16.270000457763672,13.949616432189941,8001000,DAL
2013-03-19,16.420000076293945,16.729999542236328,16.299999237060547,16.540000915527344,14.181114196777344,9146200,DAL
2013-03-20,16.709999084472656,17.09000015258789,16.579999923706055,17.06999969482422,14.63552474975586,13076400,DAL
2013-03-21,16.940000534057617,17.25,16.829999923706055,16.84000015258789,14.438328742980957,10723800,DAL
2013-03-22,17.030000686645508,17.040000915527344,16.59000015258789,16.709999084472656,14.326862335205078,10148700,DAL
2013-03-25,16.780000686645508,16.8799991607666,16.219999313354492,16.309999465942383,13.98391342163086,11366000,DAL
2013-03-26,16.5,16.690000534057617,16.290000915527344,16.549999237060547,14.189681053161621,10003800,DAL
2013-03-27,16.3700008392334,16.760000228881836,16.290000915527344,16.59000015258789,14.223978042602539,7921800,DAL
2013-03-28,16.690000534057617,16.940000534057617,16.469999313354492,16.510000228881836,14.155386924743652,10119400,DAL
2013-04-01,16.43000030517578,16.940000534057617,16.25,16.25,13.932470321655273,10897400,DAL
2013-04-02,15.399999618530273,15.579999923706055,14.770000457763672,14.9399995803833,12.80929946899414,41032200,DAL
2013-04-03,14.979999542236328,15.140000343322754,14.260000228881836,14.5600004196167,12.48349380493164,26394900,DAL
2013-04-04,14.420000076293945,14.850000381469727,14.40999984741211,14.75,12.64639663696289,16159800,DAL
2013-04-05,14.039999961853027,14.619999885559082,13.9399995803833,14.390000343322754,12.337735176086426,38513400,DAL
2013-04-08,14.600000381469727,14.979999542236328,14.399999618530273,14.930000305175781,12.8007230758667,12334100,DAL
2013-04-09,15.170000076293945,15.239999771118164,14.75,14.800000190734863,12.689264297485352,14994800,DAL
2013-04-10,14.920000076293945,15.319999694824219,14.869999885559082,15.25,13.07508659362793,11900400,DAL
2013-04-11,15.25,15.739999771118164,15.25,15.550000190734863,13.332301139831543,11817700,DAL
2013-04-12,15.489999771118164,15.90999984741211,15.390000343322754,15.479999542236328,13.272281646728516,8501600,DAL
2013-04-15,15.579999923706055,15.6899995803833,14.710000038146973,14.90999984741211,12.783577919006348,15407200,DAL
2013-04-16,15.399999618530273,15.890000343322754,15.270000457763672,15.869999885559082,13.606663703918457,11532500,DAL
2013-04-17,15.6899995803833,15.699999809265137,15.199999809265137,15.529999732971191,13.31515121459961,22305600,DAL
2013-04-18,15.529999732971191,15.529999732971191,15.069999694824219,15.149999618530273,12.98934555053711,14419200,DAL
2013-04-19,15.220000267028809,15.470000267028809,14.850000381469727,15.260000228881836,13.083661079406738,9027300,DAL
2013-04-22,15.329999923706055,15.699999809265137,14.90999984741211,15.140000343322754,12.98077392578125,17120100,DAL
2013-04-23,14.930000305175781,16.75,14.84000015258789,16.719999313354492,14.335437774658203,28073700,DAL
2013-04-24,16.6200008392334,16.75,16.31999969482422,16.469999313354492,14.121089935302734,11143400,DAL
2013-04-25,16.510000228881836,16.899999618530273,16.280000686645508,16.290000915527344,13.966767311096191,20782200,DAL
2013-04-26,16.350000381469727,16.8700008392334,16.18000030517578,16.809999465942383,14.412605285644531,11495100,DAL
2013-04-29,16.739999771118164,17.100000381469727,16.68000030517578,16.950000762939453,14.532637596130371,10950900,DAL
2013-04-30,16.93000030517578,17.329999923706055,16.75,17.139999389648438,14.695536613464355,12023700,DAL
2013-05-01,17.260000228881836,17.549999237060547,16.68000030517578,16.84000015258789,14.438328742980957,13514600,DAL
2013-05-02,16.8700008392334,17.540000915527344,16.690000534057617,17.489999771118164,14.995622634887695,16788000,DAL
2013-05-03,17.719999313354492,18.309999465942383,17.68000030517578,17.959999084472656,15.398591041564941,17308400,DAL
2013-05-06,17.989999771118164,18.239999771118164,17.770000457763672,18.059999465942383,15.48432731628418,7968700,DAL
2013-05-07,18.059999465942383,18.149999618530273,17.899999618530273,18.079999923706055,15.501482009887695,7301400,DAL
2013-05-08,18.25,18.84000015258789,18.25,18.65999984741211,15.998762130737305,26633800,DAL
2013-05-09,18.729999542236328,18.8799991607666,17.6299991607666,17.700000762939453,15.175676345825195,23003700,DAL
2013-05-10,17.81999969482422,18.239999771118164,17.719999313354492,18.1299991607666,15.54434585571289,11567200,DAL
2013-05-13,18.079999923706055,18.18000030517578,17.780000686645508,17.889999389648438,15.338571548461914,8181700,DAL
2013-05-14,18.0,18.270000457763672,17.950000762939453,18.25,15.647232055664062,8452500,DAL
2013-05-15,18.299999237060547,19.43000030517578,18.25,18.959999084472656,16.255979537963867,21079200,DAL
2013-05-16,18.950000762939453,19.299999237060547,18.6200008392334,18.639999389648438,15.981619834899902,10451100,DAL
2013-05-17,18.729999542236328,18.950000762939453,18.440000534057617,18.540000915527344,15.8958740234375,10414800,DAL
2013-05-20,18.579999923706055,18.8700008392334,18.219999313354492,18.360000610351562,15.741549491882324,8101600,DAL
2013-05-21,18.360000610351562,18.450000762939453,17.899999618530273,18.1299991607666,15.54434585571289,9161500,DAL
2013-05-22,18.200000762939453,18.510000228881836,18.100000381469727,18.18000030517578,15.587213516235352,10284700,DAL
2013-05-23,17.850000381469727,18.549999237060547,17.68000030517578,18.489999771118164,15.853009223937988,9341900,DAL
2013-05-24,18.209999084472656,18.93000030517578,18.209999084472656,18.93000030517578,16.230253219604492,11080300,DAL
2013-05-28,19.1200008392334,19.25,18.479999542236328,18.719999313354492,16.050199508666992,9908300,DAL
2013-05-29,18.530000686645508,18.6200008392334,17.75,18.079999923706055,15.501482009887695,13292700,DAL
2013-05-30,18.219999313354492,18.399999618530273,18.06999969482422,18.100000381469727,15.518628120422363,5579200,DAL
2013-05-31,18.100000381469727,18.420000076293945,17.969999313354492,18.010000228881836,15.441463470458984,7024200,DAL
2013-06-03,18.1200008392334,18.3700008392334,17.549999237060547,17.809999465942383,15.26998233795166,9934100,DAL
2013-06-04,17.969999313354492,18.65999984741211,17.799999237060547,18.09000015258789,15.510053634643555,12083100,DAL
2013-06-05,17.989999771118164,18.100000381469727,17.350000381469727,17.559999465942383,15.05564022064209,10279700,DAL
2013-06-06,17.5,17.790000915527344,16.940000534057617,17.489999771118164,14.995622634887695,12921100,DAL
2013-06-07,17.75,18.3799991607666,17.649999618530273,18.3799991607666,15.758698463439941,10492900,DAL
2013-06-10,18.469999313354492,18.690000534057617,18.209999084472656,18.59000015258789,15.93874454498291,7801700,DAL
2013-06-11,18.270000457763672,18.729999542236328,18.059999465942383,18.520000457763672,15.878729820251465,8208200,DAL
2013-06-12,18.68000030517578,18.799999237060547,18.010000228881836,18.06999969482422,15.492903709411621,6379400,DAL
2013-06-13,18.09000015258789,18.799999237060547,17.90999984741211,18.709999084472656,16.041629791259766,12372400,DAL
2013-06-14,18.6299991607666,18.959999084472656,18.530000686645508,18.850000381469727,16.161666870117188,10445000,DAL
2013-06-17,18.969999313354492,19.049999237060547,18.59000015258789,18.81999969482422,16.13594627380371,8832100,DAL
2013-06-18,18.799999237060547,19.049999237060547,18.639999389648438,18.969999313354492,16.26455307006836,5265200,DAL
2013-06-19,18.989999771118164,19.040000915527344,18.690000534057617,18.690000534057617,16.02448272705078,4749700,DAL
2013-06-20,18.469999313354492,18.75,18.229999542236328,18.40999984741211,15.784420013427734,11287500,DAL
2013-06-21,18.540000915527344,18.65999984741211,17.81999969482422,18.280000686645508,15.672959327697754,10310600,DAL
2013-06-24,18.09000015258789,18.09000015258789,17.290000915527344,17.360000610351562,14.884161949157715,12095600,DAL
2013-06-25,17.56999969482422,18.229999542236328,17.56999969482422,18.149999618530273,15.561497688293457,9019300,DAL
2013-06-26,18.25,18.43000030517578,18.09000015258789,18.40999984741211,15.784420013427734,4871800,DAL
2013-06-27,18.479999542236328,18.700000762939453,18.25,18.690000534057617,16.02448272705078,4852600,DAL
2013-06-28,18.610000610351562,18.8700008392334,18.510000228881836,18.709999084472656,16.041629791259766,7486400,DAL
2013-07-01,18.799999237060547,19.729999542236328,18.799999237060547,19.360000610351562,16.598926544189453,13262600,DAL
2013-07-02,19.360000610351562,19.420000076293945,18.65999984741211,18.989999771118164,16.281700134277344,8702000,DAL
2013-07-03,18.729999542236328,18.899999618530273,18.299999237060547,18.40999984741211,15.784420013427734,6578000,DAL
2013-07-05,18.84000015258789,19.18000030517578,18.709999084472656,19.0,16.29026985168457,6658800,DAL
2013-07-08,19.149999618530273,19.25,18.950000762939453,19.030000686645508,16.31599235534668,4717900,DAL
2013-07-09,19.170000076293945,19.56999969482422,19.079999923706055,19.329999923706055,16.573213577270508,6139200,DAL
2013-07-10,19.360000610351562,19.639999389648438,18.520000457763672,18.700000762939453,16.033052444458008,15637600,DAL
2013-07-11,19.059999465942383,19.110000610351562,18.450000762939453,18.860000610351562,16.17023468017578,9921800,DAL
2013-07-12,18.8799991607666,19.389999389648438,18.790000915527344,19.290000915527344,16.53891944885254,8801100,DAL
2013-07-15,19.450000762939453,19.68000030517578,19.219999313354492,19.440000534057617,16.667516708374023,6599600,DAL
2013-07-16,19.5,19.59000015258789,19.200000762939453,19.290000915527344,16.53891944885254,5463500,DAL
2013-07-17,19.309999465942383,20.190000534057617,19.309999465942383,19.920000076293945,17.079059600830078,11346200,DAL
2013-07-18,20.0,20.700000762939453,20.0,20.559999465942383,17.627788543701172,15283100,DAL
2013-07-19,20.280000686645508,20.420000076293945,20.030000686645508,20.290000915527344,17.39629364013672,7419200,DAL
2013-07-22,20.209999084472656,20.389999389648438,20.079999923706055,20.3700008392334,17.464889526367188,4967700,DAL
2013-07-23,20.459999084472656,20.549999237060547,20.059999465942383,20.450000762939453,17.53348159790039,8767800,DAL
2013-07-24,21.079999923706055,21.639999389648438,20.719999313354492,20.799999237060547,17.833560943603516,17975400,DAL
2013-07-25,20.969999313354492,21.5,20.760000228881836,21.479999542236328,18.41658592224121,12557300,DAL
2013-07-26,21.270000457763672,21.989999771118164,21.149999618530273,21.899999618530273,18.77667999267578,8877900,DAL
2013-07-29,21.81999969482422,22.010000228881836,21.219999313354492,21.31999969482422,18.27940559387207,7833700,DAL
2013-07-30,21.479999542236328,21.5,20.979999542236328,21.190000534057617,18.167936325073242,7459800,DAL
2013-07-31,21.329999923706055,21.440000534057617,21.1299991607666,21.229999542236328,18.202228546142578,5684600,DAL
2013-08-01,21.530000686645508,22.049999237060547,21.399999618530273,22.049999237060547,18.905288696289062,9941900,DAL
2013-08-02,21.969999313354492,22.020000457763672,21.739999771118164,21.950000762939453,18.819551467895508,6716700,DAL
2013-08-05,21.850000381469727,21.959999084472656,21.56999969482422,21.709999084472656,18.613780975341797,4653900,DAL
2013-08-06,21.709999084472656,21.75,20.969999313354492,20.979999542236328,17.98788833618164,6922300,DAL
2013-08-07,20.950000762939453,21.09000015258789,20.510000228881836,20.979999542236328,18.03948211669922,5775400,DAL
2013-08-08,21.239999771118164,21.350000381469727,20.979999542236328,21.059999465942383,18.10826873779297,6645500,DAL
2013-08-09,21.09000015258789,21.100000381469727,20.540000915527344,20.56999969482422,17.686946868896484,6656700,DAL
2013-08-12,20.510000228881836,21.09000015258789,20.450000762939453,21.040000915527344,18.0910701751709,8250000,DAL
2013-08-13,21.139999389648438,21.309999465942383,18.530000686645508,19.549999237060547,16.809907913208008,71984800,DAL
2013-08-14,19.299999237060547,19.43000030517578,18.75,19.040000915527344,16.371389389038086,30584800,DAL
2013-08-15,19.079999923706055,19.75,18.950000762939453,19.530000686645508,16.792709350585938,17556800,DAL
2013-08-16,19.600000381469727,20.18000030517578,19.530000686645508,19.829999923706055,17.05066680908203,11501700,DAL
2013-08-19,19.770000457763672,19.790000915527344,19.010000228881836,19.1299991607666,16.448780059814453,8353200,DAL
2013-08-20,19.309999465942383,19.479999542236328,18.979999542236328,19.190000534057617,16.5003604888916,13639200,DAL
2013-08-21,19.270000457763672,19.770000457763672,19.170000076293945,19.559999465942383,16.818500518798828,12699800,DAL
2013-08-22,19.690000534057617,20.399999618530273,19.690000534057617,20.25,17.411802291870117,13194900,DAL
2013-08-23,20.280000686645508,20.440000534057617,20.049999237060547,20.1200008392334,17.300018310546875,6310900,DAL
2013-08-26,20.139999389648438,20.549999237060547,19.850000381469727,20.270000457763672,17.428998947143555,10372200,DAL
2013-08-27,19.6200008392334,19.65999984741211,18.850000381469727,19.110000610351562,16.43157958984375,19939000,DAL
2013-08-28,19.079999923706055,19.219999313354492,18.920000076293945,19.1299991607666,16.448780059814453,10242800,DAL
2013-08-29,19.6200008392334,20.0,19.329999923706055,19.639999389648438,16.887287139892578,12982100,DAL
2013-08-30,19.700000762939453,20.149999618530273,19.579999923706055,19.729999542236328,16.964683532714844,12920000,DAL
2013-09-03,20.049999237060547,20.450000762939453,19.56999969482422,19.84000015258789,17.059263229370117,16288300,DAL
2013-09-04,20.170000076293945,20.440000534057617,20.0,20.309999465942383,17.4633846282959,12499200,DAL
2013-09-05,20.329999923706055,20.739999771118164,20.200000762939453,20.25,17.411802291870117,9206400,DAL
2013-09-06,20.510000228881836,20.610000610351562,19.75,19.889999389648438,17.102249145507812,12276100,DAL
2013-09-09,20.850000381469727,21.790000915527344,20.760000228881836,21.760000228881836,18.71015739440918,48677200,DAL
2013-09-10,22.110000610351562,23.1299991607666,21.969999313354492,22.6299991607666,19.458221435546875,206372300,DAL
2013-09-11,22.43000030517578,22.709999084472656,22.299999237060547,22.420000076293945,19.277652740478516,27856100,DAL
2013-09-12,22.329999923706055,22.440000534057617,22.079999923706055,22.170000076293945,19.06268882751465,26098900,DAL
2013-09-13,22.200000762939453,22.59000015258789,22.149999618530273,22.469999313354492,19.320640563964844,15015300,DAL
2013-09-16,22.979999542236328,23.56999969482422,22.780000686645508,23.149999618530273,19.90534210205078,21517800,DAL
2013-09-17,23.65999984741211,23.709999084472656,23.06999969482422,23.31999969482422,20.05150604248047,14278100,DAL
2013-09-18,23.0,23.549999237060547,22.90999984741211,23.309999465942383,20.04290771484375,17592100,DAL
2013-09-19,23.31999969482422,23.59000015258789,23.079999923706055,23.450000762939453,20.163293838500977,9416200,DAL
2013-09-20,23.579999923706055,23.719999313354492,23.25,23.299999237060547,20.03431510925293,14547300,DAL
2013-09-23,23.309999465942383,23.510000228881836,23.139999389648438,23.31999969482422,20.05150604248047,9871500,DAL
2013-09-24,23.25,24.100000381469727,23.25,23.760000228881836,20.429841995239258,11199300,DAL
2013-09-25,23.799999237060547,23.84000015258789,23.200000762939453,23.809999465942383,20.47283172607422,11788300,DAL
2013-09-26,23.790000915527344,24.020000457763672,23.639999389648438,24.010000228881836,20.644798278808594,12969100,DAL
2013-09-27,23.3799991607666,23.950000762939453,23.100000381469727,23.56999969482422,20.266468048095703,16040400,DAL
2013-09-30,23.15999984741211,23.690000534057617,22.709999084472656,23.59000015258789,20.283666610717773,10827400,DAL
2013-10-01,23.68000030517578,24.219999313354492,23.6299991607666,24.209999084472656,20.816770553588867,15105900,DAL
2013-10-02,24.549999237060547,24.770000457763672,24.110000610351562,24.25,20.851163864135742,21639200,DAL
2013-10-03,24.489999771118164,24.700000762939453,23.899999618530273,24.540000915527344,21.100526809692383,16929500,DAL
2013-10-04,24.690000534057617,25.43000030517578,24.549999237060547,25.190000534057617,21.659414291381836,17398300,DAL
2013-10-07,24.950000762939453,25.09000015258789,24.809999465942383,24.850000381469727,21.3670711517334,8462700,DAL
2013-10-08,24.760000228881836,24.81999969482422,24.049999237060547,24.229999542236328,20.833969116210938,12505800,DAL
2013-10-09,24.290000915527344,24.549999237060547,23.719999313354492,24.25,20.851163864135742,10944400,DAL
2013-10-10,24.639999389648438,24.940000534057617,24.3799991607666,24.510000228881836,21.07472038269043,12480400,DAL
2013-10-11,24.579999923706055,24.790000915527344,24.170000076293945,24.399999618530273,20.980140686035156,12404400,DAL
2013-10-14,24.200000762939453,24.350000381469727,23.770000457763672,24.110000610351562,20.73078155517578,18373500,DAL
2013-10-15,24.100000381469727,24.270000457763672,23.829999923706055,24.020000457763672,20.653396606445312,11664000,DAL
2013-10-16,24.18000030517578,24.510000228881836,23.8799991607666,24.420000076293945,20.997331619262695,10759400,DAL
2013-10-17,24.3799991607666,24.899999618530273,24.3799991607666,24.790000915527344,21.315473556518555,12646400,DAL
2013-10-18,24.969999313354492,25.18000030517578,24.81999969482422,25.010000228881836,21.504640579223633,11466700,DAL
2013-10-21,25.200000762939453,25.229999542236328,24.459999084472656,24.690000534057617,21.229490280151367,12851900,DAL
2013-10-22,25.559999465942383,26.239999771118164,25.260000228881836,25.489999771118164,21.917367935180664,22623200,DAL
2013-10-23,25.440000534057617,25.950000762939453,25.290000915527344,25.610000610351562,22.020549774169922,12626900,DAL
2013-10-24,25.850000381469727,26.469999313354492,25.670000076293945,26.31999969482422,22.631032943725586,18251900,DAL
2013-10-25,26.299999237060547,26.68000030517578,26.049999237060547,26.309999465942383,22.622432708740234,13052800,DAL
2013-10-28,26.420000076293945,26.440000534057617,25.979999542236328,26.139999389648438,22.47626304626465,9529800,DAL
2013-10-29,26.34000015258789,26.690000534057617,26.239999771118164,26.350000381469727,22.656829833984375,9611200,DAL
2013-10-30,26.59000015258789,26.719999313354492,26.0,26.479999542236328,22.768617630004883,12238300,DAL
2013-10-31,26.469999313354492,26.6200008392334,26.260000228881836,26.3799991607666,22.682626724243164,10144300,DAL
2013-11-01,26.459999084472656,26.940000534057617,26.049999237060547,26.700000762939453,22.957778930664062,13682300,DAL
2013-11-04,27.1299991607666,27.790000915527344,27.010000228881836,27.440000534057617,23.647193908691406,17463300,DAL
2013-11-05,27.700000762939453,27.709999084472656,27.1200008392334,27.459999084472656,23.6644344329834,13766200,DAL
2013-11-06,27.65999984741211,27.700000762939453,26.770000457763672,26.8799991607666,23.16459846496582,13371800,DAL
2013-11-07,27.010000228881836,27.389999389648438,26.600000381469727,26.68000030517578,22.992246627807617,13309400,DAL
2013-11-08,26.639999389648438,27.6299991607666,26.6200008392334,26.889999389648438,23.1732234954834,17707900,DAL
2013-11-11,27.190000534057617,27.559999465942383,27.1299991607666,27.469999313354492,23.673051834106445,7869200,DAL
2013-11-12,27.440000534057617,28.469999313354492,27.43000030517578,28.1200008392334,24.23320960998535,29670200,DAL
2013-11-13,28.110000610351562,28.219999313354492,27.579999923706055,27.790000915527344,23.948816299438477,11977300,DAL
2013-11-14,27.889999389648438,28.190000534057617,27.68000030517578,27.940000534057617,24.078088760375977,10551900,DAL
2013-11-15,28.010000228881836,28.190000534057617,27.790000915527344,28.1200008392334,24.23320960998535,10508100,DAL
2013-11-18,28.270000457763672,28.700000762939453,28.049999237060547,28.1200008392334,24.23320960998535,13631800,DAL
2013-11-19,28.15999984741211,28.75,27.829999923706055,27.850000381469727,24.000530242919922,13900000,DAL
2013-11-20,27.989999771118164,28.079999923706055,27.420000076293945,27.709999084472656,23.879878997802734,12442400,DAL
2013-11-21,27.850000381469727,28.1299991607666,27.719999313354492,28.040000915527344,24.16426658630371,8489000,DAL
2013-11-22,28.25,28.899999618530273,28.25,28.600000381469727,24.646860122680664,14684400,DAL
2013-11-25,29.0,29.389999389648438,28.719999313354492,29.170000076293945,25.138076782226562,14535700,DAL
2013-11-26,29.18000030517578,29.239999771118164,28.739999771118164,29.040000915527344,25.026042938232422,10968300,DAL
2013-11-27,29.170000076293945,29.420000076293945,29.0,29.34000015258789,25.284574508666992,9180300,DAL
2013-11-29,29.420000076293945,29.440000534057617,28.860000610351562,28.979999542236328,24.974336624145508,5589100,DAL
2013-12-02,29.0,29.420000076293945,28.90999984741211,29.0,24.991565704345703,8905300,DAL
2013-12-03,28.950000762939453,28.969999313354492,27.84000015258789,28.049999237060547,24.172882080078125,17541900,DAL
2013-12-04,27.989999771118164,28.010000228881836,27.299999237060547,27.610000610351562,23.7936954498291,15919100,DAL
2013-12-05,27.6299991607666,28.010000228881836,27.6200008392334,27.940000534057617,24.078088760375977,13599600,DAL
2013-12-06,28.3700008392334,28.68000030517578,28.110000610351562,28.229999542236328,24.328006744384766,11333300,DAL
2013-12-09,28.260000228881836,28.950000762939453,28.200000762939453,28.8799991607666,24.888158798217773,11504500,DAL
2013-12-10,28.829999923706055,29.1200008392334,28.56999969482422,28.770000457763672,24.793365478515625,10638500,DAL
2013-12-11,28.850000381469727,29.049999237060547,27.649999618530273,27.65999984741211,23.836790084838867,16735900,DAL
2013-12-12,27.770000457763672,28.420000076293945,27.75,28.209999084472656,24.310768127441406,11555900,DAL
2013-12-13,28.399999618530273,28.780000686645508,28.25,28.3700008392334,24.448654174804688,11055000,DAL
2013-12-16,28.670000076293945,28.770000457763672,27.81999969482422,27.920000076293945,24.060848236083984,11246400,DAL
2013-12-17,27.950000762939453,27.959999084472656,26.899999618530273,26.940000534057617,23.216304779052734,17570900,DAL
2013-12-18,26.860000610351562,27.229999542236328,26.399999618530273,27.110000610351562,23.362810134887695,16441500,DAL
2013-12-19,27.389999389648438,27.719999313354492,27.309999465942383,27.510000228881836,23.7075252532959,11138500,DAL
2013-12-20,27.559999465942383,27.90999984741211,27.31999969482422,27.549999237060547,23.741992950439453,18881100,DAL
2013-12-23,27.770000457763672,27.889999389648438,27.459999084472656,27.56999969482422,23.759233474731445,7464900,DAL
2013-12-24,27.510000228881836,27.920000076293945,27.510000228881836,27.84000015258789,23.991905212402344,4899200,DAL
2013-12-26,27.860000610351562,27.979999542236328,27.59000015258789,27.8799991607666,24.026382446289062,6127500,DAL
2013-12-27,27.860000610351562,27.889999389648438,26.860000610351562,27.030000686645508,23.293867111206055,9960200,DAL
2013-12-30,26.940000534057617,27.3799991607666,26.889999389648438,27.190000534057617,23.431747436523438,7570900,DAL
2013-12-31,27.229999542236328,27.649999618530273,27.200000762939453,27.469999313354492,23.673051834106445,9152400,DAL
2014-01-02,27.260000228881836,28.049999237060547,27.260000228881836,27.700000762939453,23.871261596679688,11703400,DAL
2014-01-03,28.3700008392334,29.360000610351562,28.239999771118164,29.229999542236328,25.18977928161621,19087100,DAL
2014-01-06,29.43000030517578,29.799999237060547,29.049999237060547,29.290000915527344,25.24148178100586,15782700,DAL
2014-01-07,29.440000534057617,29.65999984741211,28.59000015258789,28.780000686645508,24.801984786987305,13041100,DAL
2014-01-08,28.770000457763672,30.100000381469727,28.610000610351562,29.799999237060547,25.68099021911621,17910500,DAL
2014-01-09,30.540000915527344,31.579999923706055,30.399999618530273,31.059999465942383,26.76683235168457,18690400,DAL
2014-01-10,31.190000534057617,31.479999542236328,30.65999984741211,31.469999313354492,27.12016487121582,13196400,DAL
2014-01-13,31.770000457763672,31.780000686645508,30.8700008392334,30.920000076293945,26.64618492126465,15114200,DAL
2014-01-14,31.079999923706055,32.06999969482422,31.020000457763672,32.0099983215332,27.585521697998047,14279900,DAL
2014-01-15,32.29999923706055,32.29999923706055,31.079999923706055,31.5,27.146018981933594,18087100,DAL
2014-01-16,31.459999084472656,31.729999542236328,31.329999923706055,31.579999923706055,27.2149600982666,7461700,DAL
2014-01-17,31.270000457763672,31.389999389648438,30.8799991607666,31.06999969482422,26.775453567504883,15822000,DAL
2014-01-21,32.38999938964844,32.650001525878906,31.649999618530273,32.08000183105469,27.64585304260254,17955300,DAL
2014-01-22,32.380001068115234,32.91999816894531,32.279998779296875,32.84000015258789,28.300800323486328,11534900,DAL
2014-01-23,32.54999923706055,32.689998626708984,32.099998474121094,32.5,28.007793426513672,13397300,DAL
2014-01-24,32.029998779296875,32.310001373291016,30.959999084472656,31.110000610351562,26.80992317199707,14874200,DAL
2014-01-27,31.219999313354492,31.59000015258789,29.65999984741211,30.59000015258789,26.361806869506836,19140400,DAL
2014-01-28,30.579999923706055,31.510000228881836,30.540000915527344,30.899999618530273,26.628948211669922,11917500,DAL
2014-01-29,30.440000534057617,31.290000915527344,29.780000686645508,29.920000076293945,25.784408569335938,16374700,DAL
2014-01-30,30.450000762939453,30.8700008392334,30.280000686645508,30.579999923706055,26.353179931640625,10021000,DAL
2014-01-31,30.190000534057617,30.84000015258789,30.0,30.610000610351562,26.379032135009766,11438800,DAL
2014-02-03,30.639999389648438,30.799999237060547,29.219999313354492,29.3799991607666,25.319046020507812,16778900,DAL
2014-02-04,30.0,30.030000686645508,29.260000228881836,29.940000534057617,25.80164337158203,14439900,DAL
2014-02-05,29.65999984741211,30.100000381469727,29.1200008392334,30.020000457763672,25.87059211730957,13892600,DAL
2014-02-06,30.010000228881836,31.34000015258789,29.809999465942383,30.889999389648438,26.620332717895508,9460400,DAL
2014-02-07,31.329999923706055,31.850000381469727,31.079999923706055,31.649999618530273,27.275287628173828,12866200,DAL
2014-02-10,31.75,31.799999237060547,30.93000030517578,31.209999084472656,26.896102905273438,10751100,DAL
2014-02-11,31.299999237060547,31.440000534057617,30.6200008392334,31.40999984741211,27.068452835083008,12510900,DAL
2014-02-12,31.510000228881836,31.510000228881836,30.780000686645508,31.1299991607666,26.82716178894043,9535200,DAL
2014-02-13,30.790000915527344,31.5,30.43000030517578,31.350000381469727,27.016748428344727,8717700,DAL
2014-02-14,31.190000534057617,31.6200008392334,30.940000534057617,31.34000015258789,27.008129119873047,7007600,DAL
2014-02-18,31.360000610351562,31.59000015258789,30.920000076293945,30.920000076293945,26.64618492126465,10427800,DAL
2014-02-19,30.81999969482422,31.040000915527344,30.440000534057617,30.56999969482422,26.395788192749023,10555900,DAL
2014-02-20,30.579999923706055,31.889999389648438,30.549999237060547,31.84000015258789,27.49237632751465,12151100,DAL
2014-02-21,31.8799991607666,32.189998626708984,31.709999084472656,31.760000228881836,27.423295974731445,9632100,DAL
2014-02-24,31.920000076293945,32.72999954223633,31.84000015258789,32.45000076293945,28.019073486328125,11241100,DAL
2014-02-25,32.619998931884766,33.5,32.619998931884766,33.2400016784668,28.701210021972656,15329800,DAL
2014-02-26,33.459999084472656,33.75,33.09000015258789,33.5099983215332,28.934337615966797,11732700,DAL
2014-02-27,33.38999938964844,33.95000076293945,33.279998779296875,33.31999969482422,28.770282745361328,10851800,DAL
2014-02-28,32.93000030517578,33.45000076293945,32.65999984741211,33.209999084472656,28.675302505493164,10860700,DAL
2014-03-03,32.38999938964844,32.72999954223633,31.899999618530273,32.59000015258789,28.13995933532715,14410000,DAL
2014-03-04,33.5,34.720001220703125,33.4900016784668,34.45000076293945,29.74599266052246,13583500,DAL
2014-03-05,34.849998474121094,35.150001525878906,34.61000061035156,34.720001220703125,29.979122161865234,11323000,DAL
2014-03-06,35.060001373291016,35.58000183105469,35.029998779296875,35.369998931884766,30.540363311767578,12030900,DAL
2014-03-07,35.720001220703125,35.849998474121094,34.79999923706055,35.36000061035156,30.531728744506836,11828800,DAL
2014-03-10,35.34000015258789,35.81999969482422,34.709999084472656,35.16999816894531,30.36766242980957,10695400,DAL
2014-03-11,35.060001373291016,35.45000076293945,34.77000045776367,34.91999816894531,30.151819229125977,9975900,DAL
2014-03-12,34.599998474121094,34.84000015258789,34.209999084472656,34.5,29.789161682128906,9953500,DAL
2014-03-13,34.7599983215332,34.779998779296875,33.290000915527344,33.58000183105469,28.994779586791992,13340700,DAL
2014-03-14,33.4900016784668,34.630001068115234,33.25,34.119998931884766,29.461050033569336,11883800,DAL
2014-03-17,34.58000183105469,34.58000183105469,33.75,34.20000076293945,29.530126571655273,9175600,DAL
2014-03-18,34.4900016784668,34.58000183105469,34.04999923706055,34.06999969482422,29.41787338256836,8857900,DAL
2014-03-19,34.099998474121094,34.31999969482422,33.33000183105469,33.72999954223633,29.124298095703125,9846200,DAL
2014-03-20,33.79999923706055,33.90999984741211,33.29999923706055,33.63999938964844,29.046581268310547,7001400,DAL
2014-03-21,34.06999969482422,34.06999969482422,32.72999954223633,32.72999954223633,28.26084327697754,22078800,DAL
2014-03-24,33.11000061035156,33.529998779296875,32.52000045776367,33.31999969482422,28.770282745361328,11289700,DAL
2014-03-25,33.459999084472656,34.5099983215332,33.459999084472656,34.43000030517578,29.728721618652344,11544300,DAL
2014-03-26,34.5,34.54999923706055,33.90999984741211,33.959999084472656,29.322891235351562,12058800,DAL
2014-03-27,33.900001525878906,34.290000915527344,32.970001220703125,34.130001068115234,29.469676971435547,11952200,DAL
2014-03-28,34.13999938964844,34.689998626708984,33.5099983215332,33.529998779296875,28.951608657836914,10434900,DAL
2014-03-31,33.75,34.90999984741211,33.75,34.650001525878906,29.918682098388672,10215900,DAL
2014-04-01,34.93000030517578,35.779998779296875,34.91999816894531,35.75,30.868473052978516,11630500,DAL
2014-04-02,35.90999984741211,36.52000045776367,35.529998779296875,35.70000076293945,30.825298309326172,12018200,DAL
2014-04-03,35.72999954223633,36.06999969482422,34.970001220703125,35.369998931884766,30.540363311767578,8904100,DAL
2014-04-04,35.689998626708984,35.70000076293945,34.47999954223633,34.61000061035156,29.884151458740234,9353600,DAL
2014-04-07,34.5099983215332,35.369998931884766,33.689998626708984,33.9900016784668,29.348793029785156,13775500,DAL
2014-04-08,33.900001525878906,34.279998779296875,32.40999984741211,33.5099983215332,28.934337615966797,16158400,DAL
2014-04-09,33.72999954223633,34.81999969482422,33.43000030517578,34.72999954223633,29.98775291442871,9554000,DAL
2014-04-10,35.099998474121094,35.13999938964844,33.0,33.0099983215332,28.50261116027832,14715400,DAL
2014-04-11,32.880001068115234,33.849998474121094,32.27000045776367,32.52000045776367,28.079519271850586,12681600,DAL
2014-04-14,32.86000061035156,33.0,31.1299991607666,31.729999542236328,27.39739418029785,15615700,DAL
2014-04-15,31.799999237060547,32.43000030517578,30.540000915527344,31.90999984741211,27.552812576293945,19269200,DAL
2014-04-16,32.220001220703125,33.72999954223633,32.16999816894531,33.619998931884766,29.029319763183594,14163400,DAL
2014-04-17,33.61000061035156,33.880001068115234,32.880001068115234,33.7599983215332,29.150203704833984,13151800,DAL
2014-04-21,33.58000183105469,34.08000183105469,33.25,33.939998626708984,29.305620193481445,8893100,DAL
2014-04-22,34.18000030517578,35.25,34.16999816894531,34.95000076293945,30.17770767211914,14105200,DAL
2014-04-23,36.869998931884766,37.40999984741211,36.0,37.09000015258789,32.025508880615234,22024400,DAL
2014-04-24,37.150001525878906,37.470001220703125,36.33000183105469,36.72999954223633,31.714664459228516,16534100,DAL
2014-04-25,36.5,36.61000061035156,35.779998779296875,36.06999969482422,31.144779205322266,10323800,DAL
2014-04-28,36.20000076293945,36.66999816894531,35.130001068115234,35.84000015258789,30.946184158325195,12646300,DAL
2014-04-29,36.02000045776367,36.75,35.869998931884766,36.7400016784668,31.723295211791992,10035400,DAL
2014-04-30,36.810001373291016,37.18000030517578,36.29999923706055,36.83000183105469,31.801015853881836,11962800,DAL
2014-05-01,37.0,37.529998779296875,36.970001220703125,37.119998931884766,32.05140686035156,11867300,DAL
2014-05-02,37.11000061035156,37.470001220703125,36.560001373291016,37.22999954223633,32.14639663696289,9365600,DAL
2014-05-05,37.0099983215332,37.70000076293945,36.630001068115234,37.54999923706055,32.42269515991211,8766600,DAL
2014-05-06,38.45000076293945,38.81999969482422,37.459999084472656,37.689998626708984,32.543575286865234,13277500,DAL
2014-05-07,37.810001373291016,38.2599983215332,37.310001373291016,38.2400016784668,33.071128845214844,10513500,DAL
2014-05-08,38.06999969482422,38.58000183105469,37.5,37.70000076293945,32.60411834716797,11164100,DAL
2014-05-09,37.81999969482422,37.81999969482422,36.95000076293945,37.66999816894531,32.57817459106445,9852300,DAL
2014-05-12,37.77000045776367,38.689998626708984,37.7400016784668,38.650001525878906,33.42570877075195,8269600,DAL
2014-05-13,38.52000045776367,39.11000061035156,38.369998931884766,38.779998779296875,33.53813552856445,6636500,DAL
2014-05-14,38.63999938964844,38.86000061035156,38.189998626708984,38.439998626708984,33.24407958984375,8417700,DAL
2014-05-15,38.08000183105469,38.36000061035156,37.33000183105469,38.130001068115234,32.97599792480469,11211400,DAL
2014-05-16,38.040000915527344,38.189998626708984,37.40999984741211,37.86000061035156,32.74248504638672,9214000,DAL
2014-05-19,37.68000030517578,38.720001220703125,37.599998474121094,38.38999938964844,33.200836181640625,6850400,DAL
2014-05-20,38.400001525878906,38.45000076293945,37.470001220703125,37.83000183105469,32.716556549072266,9062800,DAL
2014-05-21,38.0099983215332,38.470001220703125,37.970001220703125,38.34000015258789,33.1576042175293,6500300,DAL
2014-05-22,38.369998931884766,38.849998474121094,38.290000915527344,38.630001068115234,33.40840148925781,6668400,DAL
2014-05-23,38.77000045776367,39.54999923706055,38.650001525878906,39.15999984741211,33.86677551269531,7091300,DAL
2014-05-27,39.560001373291016,39.599998474121094,39.31999969482422,39.459999084472656,34.12620544433594,7278500,DAL
2014-05-28,39.52000045776367,40.689998626708984,39.4900016784668,40.27000045776367,34.82672882080078,9579300,DAL
2014-05-29,40.31999969482422,40.650001525878906,39.63999938964844,40.13999938964844,34.71430206298828,9408900,DAL
2014-05-30,40.13999938964844,40.540000915527344,39.66999816894531,39.90999984741211,34.515380859375,7947700,DAL
2014-06-02,40.13999938964844,40.95000076293945,39.7599983215332,40.77000045776367,35.259151458740234,10306700,DAL
2014-06-03,40.84000015258789,41.38999938964844,40.66999816894531,41.150001525878906,35.58777618408203,11273200,DAL
2014-06-04,41.290000915527344,42.349998474121094,40.77000045776367,42.16999816894531,36.469905853271484,13825900,DAL
2014-06-05,42.470001220703125,42.65999984741211,41.47999954223633,41.5,35.890472412109375,15651100,DAL
2014-06-06,41.77000045776367,42.27000045776367,41.72999954223633,42.22999954223633,36.52179718017578,8466700,DAL
2014-06-09,42.349998474121094,42.470001220703125,41.58000183105469,41.869998931884766,36.210445404052734,9511500,DAL
2014-06-10,41.86000061035156,42.02000045776367,41.2599983215332,41.91999816894531,36.253684997558594,7033800,DAL
2014-06-11,41.0,41.08000183105469,39.880001068115234,40.709999084472656,35.2072639465332,23352200,DAL
2014-06-12,39.81999969482422,39.849998474121094,38.099998474121094,38.5,33.295982360839844,36333100,DAL
2014-06-13,38.5099983215332,39.630001068115234,38.47999954223633,39.2400016784668,33.93595886230469,19864000,DAL
2014-06-16,38.599998474121094,39.13999938964844,38.25,38.84000015258789,33.59001541137695,14132500,DAL
2014-06-17,39.130001068115234,39.779998779296875,39.029998779296875,39.4900016784668,34.15216827392578,11030800,DAL
2014-06-18,39.400001525878906,39.81999969482422,39.0099983215332,39.75,34.377017974853516,10161400,DAL
2014-06-19,39.83000183105469,40.34000015258789,39.41999816894531,39.619998931884766,34.26458740234375,10209500,DAL
2014-06-20,39.75,39.970001220703125,39.40999984741211,39.56999969482422,34.22134017944336,11776100,DAL
2014-06-23,39.40999984741211,39.66999816894531,38.56999969482422,39.06999969482422,33.78892517089844,13342100,DAL
2014-06-24,38.88999938964844,39.369998931884766,38.54999923706055,38.56999969482422,33.35650634765625,8813100,DAL
2014-06-25,38.5099983215332,39.5,38.040000915527344,39.349998474121094,34.031089782714844,8944000,DAL
2014-06-26,39.279998779296875,39.52000045776367,38.849998474121094,39.29999923706055,33.98784637451172,10651000,DAL
2014-06-27,39.2599983215332,39.40999984741211,38.93000030517578,39.33000183105469,34.013790130615234,17022700,DAL
2014-06-30,39.18000030517578,39.33000183105469,38.599998474121094,38.720001220703125,33.48624038696289,11834400,DAL
2014-07-01,39.0,40.40999984741211,38.900001525878906,40.310001373291016,34.861328125,13673700,DAL
2014-07-02,38.959999084472656,39.0,38.029998779296875,38.2400016784668,33.071128845214844,29005300,DAL
2014-07-03,38.349998474121094,38.959999084472656,38.290000915527344,38.599998474121094,33.38246154785156,8751600,DAL
2014-07-07,38.43000030517578,38.5,36.709999084472656,36.900001525878906,31.912250518798828,19850000,DAL
2014-07-08,35.599998474121094,36.7400016784668,34.77000045776367,36.439998626708984,31.514423370361328,43293800,DAL
2014-07-09,37.56999969482422,37.83000183105469,36.58000183105469,36.959999084472656,31.964143753051758,15679900,DAL
2014-07-10,36.20000076293945,37.689998626708984,36.08000183105469,37.45000076293945,32.387908935546875,16116000,DAL
2014-07-11,37.599998474121094,37.880001068115234,37.06999969482422,37.22999954223633,32.19765090942383,11699500,DAL
2014-07-14,37.58000183105469,37.75,37.29999923706055,37.380001068115234,32.3273811340332,8388500,DAL
2014-07-15,37.59000015258789,38.20000076293945,37.52000045776367,38.029998779296875,32.88951110839844,12018900,DAL
2014-07-16,38.33000183105469,38.40999984741211,37.72999954223633,37.869998931884766,32.751136779785156,9148100,DAL
2014-07-17,37.599998474121094,37.95000076293945,36.439998626708984,36.56999969482422,31.626853942871094,16479000,DAL
2014-07-18,36.95000076293945,37.66999816894531,36.86000061035156,37.18000030517578,32.15439987182617,10546500,DAL
2014-07-21,37.02000045776367,37.220001220703125,36.59000015258789,37.150001525878906,32.128448486328125,6598100,DAL
2014-07-22,37.439998626708984,37.88999938964844,37.369998931884766,37.68000030517578,32.586814880371094,10255600,DAL
2014-07-23,37.779998779296875,39.29999923706055,37.7599983215332,39.150001525878906,33.858116149902344,18509000,DAL
2014-07-24,39.4900016784668,39.75,37.939998626708984,38.06999969482422,32.92409896850586,14606000,DAL
2014-07-25,38.09000015258789,38.91999816894531,37.90999984741211,38.060001373291016,32.91545486450195,10057700,DAL
2014-07-28,38.369998931884766,38.529998779296875,37.81999969482422,38.189998626708984,33.02788162231445,10621800,DAL
2014-07-29,38.25,38.619998931884766,37.63999938964844,37.68000030517578,32.586814880371094,11423000,DAL
2014-07-30,37.81999969482422,38.130001068115234,37.5,37.84000015258789,32.725196838378906,10040400,DAL
2014-07-31,37.439998626708984,37.959999084472656,36.83000183105469,37.459999084472656,32.39655303955078,10679600,DAL
2014-08-01,37.380001068115234,37.75,36.900001525878906,37.58000183105469,32.500343322753906,10073500,DAL
2014-08-04,37.63999938964844,38.0,36.45000076293945,37.279998779296875,32.240882873535156,11250600,DAL
2014-08-05,37.0099983215332,37.220001220703125,35.869998931884766,36.22999954223633,31.33281898498535,16393800,DAL
2014-08-06,35.77000045776367,36.33000183105469,35.349998474121094,36.02000045776367,31.22877311706543,12689800,DAL
2014-08-07,36.36000061035156,36.720001220703125,35.220001220703125,35.61000061035156,30.873323440551758,11838000,DAL
2014-08-08,35.5099983215332,36.279998779296875,34.59000015258789,36.2400016784668,31.419509887695312,13959300,DAL
2014-08-11,37.0,37.25,36.33000183105469,36.689998626708984,31.809654235839844,10172900,DAL
2014-08-12,36.7400016784668,36.81999969482422,36.22999954223633,36.5099983215332,31.653596878051758,6490000,DAL
2014-08-13,36.689998626708984,37.5,36.56999969482422,37.27000045776367,32.31250762939453,7328900,DAL
2014-08-14,37.38999938964844,38.41999816894531,36.2400016784668,38.400001525878906,33.292205810546875,9026000,DAL
2014-08-15,38.52000045776367,38.630001068115234,37.810001373291016,38.529998779296875,33.404903411865234,10294100,DAL
2014-08-18,38.91999816894531,39.779998779296875,38.810001373291016,39.5099983215332,34.254554748535156,9095000,DAL
2014-08-19,39.72999954223633,39.900001525878906,39.34000015258789,39.540000915527344,34.28056335449219,7092700,DAL
2014-08-20,39.619998931884766,40.619998931884766,39.599998474121094,40.52000045776367,35.130210876464844,9484200,DAL
2014-08-21,40.61000061035156,40.77000045776367,39.880001068115234,39.90999984741211,34.60133743286133,8285700,DAL
2014-08-22,39.95000076293945,40.599998474121094,39.90999984741211,40.40999984741211,35.03483581542969,6735700,DAL
2014-08-25,40.709999084472656,40.77000045776367,40.22999954223633,40.52000045776367,35.130210876464844,5645700,DAL
2014-08-26,40.54999923706055,40.70000076293945,39.880001068115234,39.900001525878906,34.592681884765625,7258900,DAL
2014-08-27,40.04999923706055,40.33000183105469,39.849998474121094,40.15999984741211,34.818084716796875,7529000,DAL
2014-08-28,39.90999984741211,40.130001068115234,39.54999923706055,39.88999938964844,34.58401870727539,5722800,DAL
2014-08-29,40.0,40.04999923706055,39.29999923706055,39.58000183105469,34.315242767333984,6721900,DAL
2014-09-02,39.79999923706055,40.970001220703125,39.75,40.93000030517578,35.48565673828125,11664100,DAL
2014-09-03,39.4900016784668,39.79999923706055,38.369998931884766,38.81999969482422,33.65633010864258,24332900,DAL
2014-09-04,39.220001220703125,39.5,38.81999969482422,39.290000915527344,34.06381607055664,12810300,DAL
2014-09-05,39.279998779296875,39.61000061035156,38.720001220703125,39.220001220703125,34.00312805175781,10321800,DAL
2014-09-08,39.41999816894531,39.79999923706055,39.02000045776367,39.040000915527344,33.847068786621094,9095800,DAL
2014-09-09,38.83000183105469,39.43000030517578,38.290000915527344,38.81999969482422,33.65633010864258,9508600,DAL
2014-09-10,38.959999084472656,39.54999923706055,38.70000076293945,39.54999923706055,34.289222717285156,9198600,DAL
2014-09-11,39.70000076293945,39.9900016784668,39.150001525878906,39.560001373291016,34.29791259765625,9353400,DAL
2014-09-12,39.43000030517578,39.959999084472656,39.29999923706055,39.689998626708984,34.41060256958008,8266700,DAL
2014-09-15,39.63999938964844,39.849998474121094,39.150001525878906,39.20000076293945,33.985782623291016,6750500,DAL
2014-09-16,39.13999938964844,39.599998474121094,38.599998474121094,39.52000045776367,34.26322937011719,7581500,DAL
2014-09-17,39.52000045776367,39.90999984741211,38.7599983215332,38.939998626708984,33.7603645324707,10551900,DAL
2014-09-18,39.11000061035156,39.54999923706055,39.0,39.439998626708984,34.1938591003418,6511400,DAL
2014-09-19,39.619998931884766,39.68000030517578,38.63999938964844,38.63999938964844,33.500267028808594,10491000,DAL
2014-09-22,38.63999938964844,38.779998779296875,37.849998474121094,37.95000076293945,32.90205383300781,8181900,DAL
2014-09-23,37.720001220703125,38.189998626708984,37.06999969482422,37.70000076293945,32.685306549072266,11913900,DAL
2014-09-24,37.779998779296875,38.02000045776367,37.459999084472656,37.65999984741211,32.650630950927734,11253000,DAL
2014-09-25,37.40999984741211,37.4900016784668,36.439998626708984,36.65999984741211,31.783647537231445,14536800,DAL
2014-09-26,36.400001525878906,36.72999954223633,36.130001068115234,36.52000045776367,31.66227149963379,15665300,DAL
2014-09-29,36.040000915527344,36.349998474121094,35.7400016784668,36.0,31.2114315032959,9684100,DAL
2014-09-30,36.0099983215332,36.529998779296875,35.18000030517578,36.150001525878906,31.34148597717285,15101800,DAL
2014-10-01,35.349998474121094,35.38999938964844,34.290000915527344,34.900001525878906,30.25775718688965,24756500,DAL
2014-10-02,35.33000183105469,35.9900016784668,34.41999816894531,35.279998779296875,30.587207794189453,19361100,DAL
2014-10-03,35.970001220703125,37.13999938964844,35.959999084472656,36.95000076293945,32.03507995605469,15957100,DAL
2014-10-06,37.31999969482422,37.31999969482422,36.06999969482422,36.11000061035156,31.306798934936523,11973500,DAL
2014-10-07,35.650001525878906,35.81999969482422,35.029998779296875,35.27000045776367,30.578536987304688,16028000,DAL
2014-10-08,35.68000030517578,35.7400016784668,33.91999816894531,34.810001373291016,30.179723739624023,25258700,DAL
2014-10-09,35.5099983215332,35.939998626708984,33.61000061035156,33.709999084472656,29.226051330566406,28211700,DAL
2014-10-10,33.810001373291016,34.119998931884766,32.709999084472656,32.90999984741211,28.532451629638672,24808300,DAL
2014-10-13,33.29999923706055,33.310001373291016,30.1200008392334,30.899999618530273,26.789810180664062,41248000,DAL
2014-10-14,31.709999084472656,33.27000045776367,31.280000686645508,32.790000915527344,28.428422927856445,27229100,DAL
2014-10-15,31.079999923706055,33.5,30.43000030517578,32.380001068115234,28.07295036315918,37245100,DAL
2014-10-16,31.299999237060547,34.119998931884766,31.25,33.31999969482422,28.887922286987305,29696600,DAL
2014-10-17,34.56999969482422,35.13999938964844,34.150001525878906,34.38999938964844,29.815589904785156,21497300,DAL
2014-10-20,35.5099983215332,36.130001068115234,35.0099983215332,36.040000915527344,31.246110916137695,19943900,DAL
2014-10-21,36.77000045776367,37.59000015258789,36.70000076293945,37.47999954223633,32.49458312988281,21351600,DAL
2014-10-22,37.65999984741211,37.86000061035156,37.25,37.29999923706055,32.3385124206543,16448900,DAL
2014-10-23,37.619998931884766,38.959999084472656,37.45000076293945,37.91999816894531,32.87604522705078,25662000,DAL
2014-10-24,37.9900016784668,39.4900016784668,37.959999084472656,39.439998626708984,34.1938591003418,19537200,DAL
2014-10-27,39.380001068115234,40.099998474121094,39.20000076293945,39.75,34.462623596191406,18958800,DAL
2014-10-28,40.06999969482422,40.150001525878906,39.470001220703125,39.84000015258789,34.54065704345703,13212200,DAL
2014-10-29,39.720001220703125,39.83000183105469,38.849998474121094,39.58000183105469,34.315242767333984,13198100,DAL
2014-10-30,39.63999938964844,39.81999969482422,38.83000183105469,39.13999938964844,33.93376159667969,14630500,DAL
2014-10-31,39.93000030517578,40.400001525878906,39.540000915527344,40.22999954223633,34.8787727355957,14619000,DAL
2014-11-03,40.279998779296875,40.7400016784668,40.22999954223633,40.61000061035156,35.20822525024414,10764800,DAL
2014-11-04,41.5,42.86000061035156,41.5,42.31999969482422,36.69078063964844,19149900,DAL
2014-11-05,42.779998779296875,42.779998779296875,41.47999954223633,41.869998931884766,36.37799835205078,13025000,DAL
2014-11-06,42.119998931884766,43.61000061035156,42.08000183105469,42.900001525878906,37.272891998291016,16694400,DAL
2014-11-07,42.95000076293945,43.0,42.41999816894531,42.689998626708984,37.09043502807617,10192800,DAL
2014-11-10,42.290000915527344,43.400001525878906,42.0099983215332,43.369998931884766,37.681243896484375,11142000,DAL
2014-11-11,43.56999969482422,44.279998779296875,43.5099983215332,43.84000015258789,38.08959197998047,11653700,DAL
2014-11-12,43.400001525878906,43.790000915527344,42.900001525878906,43.400001525878906,37.70730972290039,9505800,DAL
2014-11-13,43.58000183105469,44.40999984741211,43.459999084472656,44.08000183105469,38.298118591308594,11268900,DAL
2014-11-14,43.939998626708984,44.13999938964844,43.54999923706055,43.75,38.01139831542969,7982200,DAL
2014-11-17,43.65999984741211,44.189998626708984,43.380001068115234,43.43000030517578,37.73336410522461,7967400,DAL
2014-11-18,43.529998779296875,45.209999084472656,43.529998779296875,44.790000915527344,38.91498565673828,12945300,DAL
2014-11-19,44.33000183105469,44.95000076293945,43.86000061035156,44.45000076293945,38.61957550048828,9762100,DAL
2014-11-20,44.0,44.63999938964844,43.70000076293945,43.959999084472656,38.193851470947266,9076900,DAL
2014-11-21,44.16999816894531,44.290000915527344,42.90999984741211,43.09000015258789,37.437965393066406,14747000,DAL
2014-11-24,43.470001220703125,44.06999969482422,43.150001525878906,43.5099983215332,37.80287551879883,10597800,DAL
2014-11-25,43.56999969482422,44.33000183105469,43.310001373291016,44.08000183105469,38.298118591308594,11304900,DAL
2014-11-26,44.22999954223633,44.41999816894531,44.040000915527344,44.2400016784668,38.437129974365234,8587400,DAL
2014-11-28,46.38999938964844,47.189998626708984,46.08000183105469,46.66999816894531,40.54838562011719,16204600,DAL
2014-12-01,46.54999923706055,46.72999954223633,44.849998474121094,45.619998931884766,39.636104583740234,14652000,DAL
2014-12-02,44.93000030517578,46.279998779296875,44.04999923706055,44.66999816894531,38.81072235107422,18329400,DAL
2014-12-03,45.13999938964844,45.5,43.900001525878906,44.75,38.88022994995117,11034800,DAL
2014-12-04,46.06999969482422,46.939998626708984,45.54999923706055,46.41999816894531,40.3311767578125,14723100,DAL
2014-12-05,46.86000061035156,47.630001068115234,46.779998779296875,47.279998779296875,41.07837677001953,15045100,DAL
2014-12-08,47.060001373291016,47.66999816894531,46.709999084472656,47.34000015258789,41.1305046081543,14718700,DAL
2014-12-09,45.939998626708984,46.36000061035156,45.209999084472656,46.33000183105469,40.25299835205078,14027400,DAL
2014-12-10,46.88999938964844,47.34000015258789,46.06999969482422,46.220001220703125,40.157405853271484,15790800,DAL
2014-12-11,46.650001525878906,48.54999923706055,46.650001525878906,48.33000183105469,41.99065399169922,19911400,DAL
2014-12-12,49.619998931884766,49.619998931884766,47.650001525878906,47.68000030517578,41.425907135009766,15141600,DAL
2014-12-15,47.72999954223633,48.27000045776367,46.709999084472656,47.79999923706055,41.5301628112793,12391100,DAL
2014-12-16,47.900001525878906,48.0,45.34000015258789,45.380001068115234,39.42759704589844,19653600,DAL
2014-12-17,45.52000045776367,46.40999984741211,44.29999923706055,46.16999816894531,40.11396408081055,17268400,DAL
2014-12-18,46.400001525878906,46.95000076293945,45.68000030517578,46.77000045776367,40.63527297973633,12578400,DAL
2014-12-19,46.470001220703125,47.75,46.45000076293945,47.380001068115234,41.16526412963867,13059600,DAL
2014-12-22,47.779998779296875,48.68000030517578,47.29999923706055,47.40999984741211,41.19131088256836,8206700,DAL
2014-12-23,47.720001220703125,47.77000045776367,46.38999938964844,47.130001068115234,40.94804763793945,6606300,DAL
2014-12-24,47.470001220703125,48.15999984741211,47.27000045776367,48.04999923706055,41.74738311767578,4296200,DAL
2014-12-26,48.13999938964844,48.599998474121094,47.84000015258789,48.38999938964844,42.04277801513672,5303100,DAL
2014-12-29,48.0099983215332,48.869998931884766,47.43000030517578,48.779998779296875,42.381614685058594,6656700,DAL
2014-12-30,48.7400016784668,49.43000030517578,48.619998931884766,49.22999954223633,42.77260971069336,7318900,DAL
2014-12-31,49.58000183105469,50.15999984741211,49.099998474121094,49.189998626708984,42.737850189208984,7772200,DAL
2015-01-02,49.91999816894531,50.0099983215332,48.709999084472656,49.18000030517578,42.72915267944336,8637300,DAL
2015-01-05,49.459999084472656,49.47999954223633,47.810001373291016,48.36000061035156,42.01671600341797,10556500,DAL
2015-01-06,48.54999923706055,48.7400016784668,46.25,47.220001220703125,41.02625274658203,12880400,DAL
2015-01-07,47.47999954223633,47.59000015258789,46.5099983215332,46.970001220703125,40.80904006958008,10516200,DAL
2015-01-08,47.47999954223633,48.31999969482422,47.2599983215332,48.189998626708984,41.8690071105957,10499300,DAL
2015-01-09,48.33000183105469,48.5,46.790000915527344,46.880001068115234,40.7308464050293,8860800,DAL
2015-01-12,46.720001220703125,46.970001220703125,45.54999923706055,46.060001373291016,40.018409729003906,11573400,DAL
2015-01-13,46.68000030517578,47.75,45.959999084472656,46.61000061035156,40.49626159667969,12499100,DAL
2015-01-14,45.84000015258789,46.15999984741211,44.470001220703125,45.310001373291016,39.36677932739258,13115700,DAL
2015-01-15,45.09000015258789,45.7599983215332,44.90999984741211,45.04999923706055,39.14087677001953,8532400,DAL
2015-01-16,45.0,45.900001525878906,44.61000061035156,45.84000015258789,39.82726287841797,13020100,DAL
2015-01-20,47.0099983215332,49.290000915527344,46.90999984741211,49.16999816894531,42.720462799072266,21172700,DAL
2015-01-21,48.77000045776367,49.599998474121094,48.20000076293945,49.18000030517578,42.72915267944336,14918700,DAL
2015-01-22,49.93000030517578,50.810001373291016,49.18000030517578,50.70000076293945,44.04978942871094,16033200,DAL
2015-01-23,50.349998474121094,51.060001373291016,50.060001373291016,50.560001373291016,43.928157806396484,8613600,DAL
2015-01-26,50.22999954223633,50.83000183105469,49.95000076293945,50.150001525878906,43.571922302246094,9386200,DAL
2015-01-27,49.290000915527344,49.900001525878906,48.90999984741211,49.18000030517578,42.72915267944336,9786600,DAL
2015-01-28,49.5,49.90999984741211,48.279998779296875,48.459999084472656,42.10358810424805,9575400,DAL
2015-01-29,48.66999816894531,50.349998474121094,48.20000076293945,50.209999084472656,43.62405014038086,9764600,DAL
2015-01-30,49.33000183105469,49.79999923706055,47.0099983215332,47.310001373291016,41.10444641113281,17133900,DAL
2015-02-02,47.099998474121094,47.15999984741211,44.810001373291016,46.5099983215332,40.40937423706055,20909800,DAL
2015-02-03,45.0,46.22999954223633,44.93000030517578,46.0099983215332,39.97496032714844,17599000,DAL
2015-02-04,46.54999923706055,47.45000076293945,46.43000030517578,46.959999084472656,40.80034637451172,12204300,DAL
2015-02-05,46.93000030517578,46.97999954223633,45.27000045776367,46.13999938964844,40.087913513183594,11306700,DAL
2015-02-06,45.970001220703125,46.68000030517578,45.290000915527344,45.5099983215332,39.54054260253906,10884000,DAL
2015-02-09,44.5,44.880001068115234,43.709999084472656,44.45000076293945,38.61957550048828,14027000,DAL
2015-02-10,45.130001068115234,45.7400016784668,44.7400016784668,45.31999969482422,39.37546157836914,11276400,DAL
2015-02-11,45.720001220703125,45.93000030517578,44.79999923706055,44.97999954223633,39.08005905151367,9619100,DAL
2015-02-12,44.349998474121094,44.900001525878906,43.72999954223633,44.810001373291016,38.93235778808594,15764800,DAL
2015-02-13,44.08000183105469,44.529998779296875,43.349998474121094,44.5,38.66304016113281,16355700,DAL
2015-02-17,44.779998779296875,45.31999969482422,44.619998931884766,44.7599983215332,38.888912200927734,12153500,DAL
2015-02-18,45.150001525878906,45.45000076293945,44.650001525878906,45.27000045776367,39.411258697509766,9889600,DAL
2015-02-19,46.86000061035156,47.38999938964844,45.84000015258789,45.91999816894531,39.97713851928711,14676200,DAL
2015-02-20,45.72999954223633,47.47999954223633,45.5099983215332,47.439998626708984,41.3004264831543,13624800,DAL
2015-02-23,47.970001220703125,48.27000045776367,46.86000061035156,47.189998626708984,41.08279037475586,12104600,DAL
2015-02-24,46.900001525878906,48.27000045776367,46.400001525878906,48.029998779296875,41.8140754699707,12044300,DAL
2015-02-25,47.93000030517578,48.0099983215332,46.599998474121094,46.84000015258789,40.7780876159668,10815800,DAL
2015-02-26,47.20000076293945,47.380001068115234,45.56999969482422,45.91999816894531,39.97713851928711,14477500,DAL
2015-02-27,45.79999923706055,45.869998931884766,44.5,44.52000045776367,38.75833511352539,15235200,DAL
2015-03-02,44.52000045776367,45.5099983215332,44.52000045776367,45.38999938964844,39.51572799682617,11247500,DAL
2015-03-03,44.58000183105469,45.810001373291016,44.27000045776367,45.779998779296875,39.85525894165039,12972500,DAL
2015-03-04,45.36000061035156,45.5,44.79999923706055,45.150001525878906,39.30680465698242,10364100,DAL
2015-03-05,45.470001220703125,45.470001220703125,44.04999923706055,44.38999938964844,38.645164489746094,12145300,DAL
2015-03-06,44.310001373291016,44.720001220703125,43.630001068115234,43.779998779296875,38.11410140991211,7527200,DAL
2015-03-09,43.869998931884766,44.720001220703125,43.79999923706055,44.56999969482422,38.80186080932617,8415200,DAL
2015-03-10,44.36000061035156,44.38999938964844,43.27000045776367,43.41999816894531,37.80067825317383,9909400,DAL
2015-03-11,43.459999084472656,44.38999938964844,43.439998626708984,44.02000045776367,38.323036193847656,8603500,DAL
2015-03-12,44.130001068115234,45.400001525878906,44.06999969482422,45.33000183105469,39.46350860595703,9284900,DAL
2015-03-13,45.45000076293945,46.369998931884766,45.33000183105469,45.5,39.611507415771484,10039200,DAL
2015-03-16,46.150001525878906,46.4900016784668,45.959999084472656,46.15999984741211,40.18607711791992,8517000,DAL
2015-03-17,46.5,46.95000076293945,46.20000076293945,46.650001525878906,40.6126708984375,11583500,DAL
2015-03-18,46.75,46.779998779296875,45.40999984741211,45.810001373291016,39.88139343261719,19021400,DAL
2015-03-19,46.36000061035156,47.349998474121094,46.349998474121094,47.2599983215332,41.14373779296875,16818100,DAL
2015-03-20,46.810001373291016,47.630001068115234,46.810001373291016,47.41999816894531,41.28301239013672,21270700,DAL
2015-03-23,47.41999816894531,47.59000015258789,46.560001373291016,46.58000183105469,40.551734924316406,10793900,DAL
2015-03-24,46.34000015258789,46.43000030517578,46.02000045776367,46.029998779296875,40.072906494140625,9517400,DAL
2015-03-25,45.90999984741211,45.970001220703125,44.380001068115234,44.52000045776367,38.75833511352539,10383800,DAL
2015-03-26,43.13999938964844,44.349998474121094,42.599998474121094,44.09000015258789,38.38397979736328,15909700,DAL
2015-03-27,44.380001068115234,45.220001220703125,44.31999969482422,44.880001068115234,39.07175064086914,7983200,DAL
2015-03-30,45.34000015258789,45.900001525878906,45.34000015258789,45.560001373291016,39.66374206542969,8325800,DAL
2015-03-31,45.58000183105469,45.619998931884766,44.65999984741211,44.959999084472656,39.141380310058594,9679100,DAL
2015-04-01,43.66999816894531,43.9900016784668,42.91999816894531,43.2599983215332,37.66139602661133,19301700,DAL
2015-04-02,42.90999984741211,43.369998931884766,42.25,42.25,36.7821044921875,15554800,DAL
2015-04-06,41.40999984741211,41.90999984741211,41.02000045776367,41.7599983215332,36.35551834106445,18500400,DAL
2015-04-07,42.0,42.45000076293945,41.61000061035156,41.63999938964844,36.25105667114258,9166300,DAL
2015-04-08,41.939998626708984,43.29999923706055,41.90999984741211,43.290000915527344,37.6875114440918,14039100,DAL
2015-04-09,43.41999816894531,43.970001220703125,42.7599983215332,43.13999938964844,37.55693435668945,9704800,DAL
2015-04-10,43.119998931884766,43.529998779296875,43.040000915527344,43.22999954223633,37.63527297973633,8160300,DAL
2015-04-13,43.08000183105469,43.869998931884766,42.9900016784668,43.06999969482422,37.49598693847656,10223200,DAL
2015-04-14,43.060001373291016,43.189998626708984,42.45000076293945,43.08000183105469,37.50469207763672,10244200,DAL
2015-04-15,44.47999954223633,45.34000015258789,43.79999923706055,44.20000076293945,38.479740142822266,22814900,DAL
2015-04-16,44.20000076293945,45.400001525878906,44.15999984741211,44.9900016784668,39.16751480102539,13257600,DAL
2015-04-17,44.720001220703125,45.22999954223633,44.58000183105469,44.7599983215332,38.9672737121582,9581400,DAL
2015-04-20,45.13999938964844,45.81999969482422,44.7599983215332,45.72999954223633,39.81173324584961,8819100,DAL
2015-04-21,45.900001525878906,46.38999938964844,45.560001373291016,46.22999954223633,40.24702835083008,9400600,DAL
2015-04-22,46.349998474121094,46.619998931884766,45.66999816894531,46.529998779296875,40.50819778442383,9691300,DAL
2015-04-23,46.27000045776367,46.93000030517578,46.119998931884766,46.43000030517578,40.421146392822266,10077000,DAL
2015-04-24,46.77000045776367,47.380001068115234,46.68000030517578,46.97999954223633,40.89997100830078,10280600,DAL
2015-04-27,47.040000915527344,47.099998474121094,46.33000183105469,46.45000076293945,40.43855667114258,10000200,DAL
2015-04-28,46.290000915527344,46.45000076293945,45.15999984741211,46.20000076293945,40.220916748046875,8684600,DAL
2015-04-29,45.84000015258789,46.0,44.2599983215332,45.029998779296875,39.202335357666016,11460600,DAL
2015-04-30,44.7599983215332,45.720001220703125,44.36000061035156,44.63999938964844,38.86280822753906,9256600,DAL
2015-05-01,44.810001373291016,46.029998779296875,44.68000030517578,45.65999984741211,39.75079345703125,11469900,DAL
2015-05-04,45.90999984741211,46.5,45.119998931884766,45.290000915527344,39.42868423461914,9653100,DAL
2015-05-05,44.380001068115234,45.0,43.880001068115234,43.900001525878906,38.218570709228516,11350400,DAL
2015-05-06,43.540000915527344,44.2599983215332,42.84000015258789,44.060001373291016,38.43667221069336,12783300,DAL
2015-05-07,44.27000045776367,45.970001220703125,44.27000045776367,45.36000061035156,39.57075500488281,15678600,DAL
2015-05-08,45.599998474121094,46.43000030517578,45.599998474121094,46.16999816894531,40.277366638183594,9936500,DAL
2015-05-11,46.040000915527344,47.34000015258789,45.900001525878906,46.810001373291016,40.835689544677734,12461400,DAL
2015-05-12,46.31999969482422,46.400001525878906,45.95000076293945,46.099998474121094,40.21629333496094,7549200,DAL
2015-05-13,47.38999938964844,47.97999954223633,46.45000076293945,46.779998779296875,40.80952453613281,16830900,DAL
2015-05-14,47.34000015258789,47.779998779296875,46.869998931884766,47.400001525878906,41.35038375854492,8820200,DAL
2015-05-15,47.83000183105469,47.939998626708984,46.970001220703125,47.0,41.001434326171875,9614900,DAL
2015-05-18,46.9900016784668,47.59000015258789,46.869998931884766,47.369998931884766,41.324195861816406,7940000,DAL
2015-05-19,47.70000076293945,47.869998931884766,46.11000061035156,46.209999084472656,40.312252044677734,12749000,DAL
2015-05-20,45.86000061035156,45.93000030517578,43.15999984741211,43.619998931884766,38.052818298339844,37638100,DAL
2015-05-21,43.5,44.150001525878906,42.689998626708984,43.75,38.16622543334961,16267300,DAL
2015-05-22,43.97999954223633,44.0,43.130001068115234,43.18000030517578,37.66897964477539,10619900,DAL
2015-05-26,43.41999816894531,43.470001220703125,41.720001220703125,41.849998474121094,36.50871658325195,18594400,DAL
2015-05-27,42.029998779296875,43.119998931884766,42.029998779296875,42.529998779296875,37.1019401550293,12382900,DAL
2015-05-28,42.63999938964844,43.130001068115234,42.16999816894531,42.25,36.857669830322266,10886600,DAL
2015-05-29,42.189998626708984,43.189998626708984,41.88999938964844,42.91999816894531,37.442161560058594,12538000,DAL
2015-06-01,43.209999084472656,44.790000915527344,42.939998626708984,44.349998474121094,38.68964767456055,17682300,DAL
2015-06-02,42.9900016784668,43.619998931884766,42.869998931884766,43.209999084472656,37.69513702392578,18431500,DAL
2015-06-03,43.52000045776367,43.77000045776367,42.95000076293945,43.2400016784668,37.72132110595703,9886600,DAL
2015-06-04,43.400001525878906,44.11000061035156,42.439998626708984,42.91999816894531,37.442161560058594,13390400,DAL
2015-06-05,42.83000183105469,43.150001525878906,42.279998779296875,42.900001525878906,37.424713134765625,9897200,DAL
2015-06-08,42.369998931884766,42.619998931884766,40.650001525878906,40.75,35.549110412597656,18359700,DAL
2015-06-09,40.099998474121094,41.150001525878906,38.970001220703125,40.720001220703125,35.52295684814453,29310500,DAL
2015-06-10,40.619998931884766,41.560001373291016,40.34000015258789,41.060001373291016,35.81954574584961,11590200,DAL
2015-06-11,41.33000183105469,41.790000915527344,40.7400016784668,40.79999923706055,35.59272766113281,9259100,DAL
2015-06-12,40.7400016784668,41.560001373291016,40.58000183105469,41.13999938964844,35.889339447021484,7838300,DAL
2015-06-15,40.91999816894531,41.20000076293945,40.529998779296875,40.70000076293945,35.5054931640625,9649400,DAL
2015-06-16,40.650001525878906,41.0099983215332,40.040000915527344,40.56999969482422,35.392093658447266,8314900,DAL
2015-06-17,40.41999816894531,41.08000183105469,40.22999954223633,40.79999923706055,35.59272766113281,7057900,DAL
2015-06-18,40.66999816894531,41.43000030517578,40.459999084472656,41.349998474121094,36.072540283203125,7198400,DAL
2015-06-19,41.9900016784668,42.810001373291016,41.83000183105469,41.9900016784668,36.630859375,11189300,DAL
2015-06-22,42.720001220703125,43.08000183105469,42.36000061035156,42.93000030517578,37.450889587402344,10407000,DAL
2015-06-23,43.380001068115234,43.709999084472656,43.0,43.099998474121094,37.59918975830078,7789400,DAL
2015-06-24,42.970001220703125,43.130001068115234,42.5,42.65999984741211,37.2153434753418,7413400,DAL
2015-06-25,42.97999954223633,43.380001068115234,42.56999969482422,42.599998474121094,37.163002014160156,6208700,DAL
2015-06-26,42.779998779296875,42.900001525878906,42.060001373291016,42.349998474121094,36.94490051269531,15144800,DAL
2015-06-29,41.77000045776367,42.45000076293945,41.08000183105469,41.119998931884766,35.87189865112305,7881500,DAL
2015-06-30,41.68000030517578,41.83000183105469,41.029998779296875,41.08000183105469,35.83699417114258,10416400,DAL
2015-07-01,41.75,41.810001373291016,38.810001373291016,40.27000045776367,35.13037872314453,30993500,DAL
2015-07-02,40.22999954223633,41.029998779296875,39.75,40.0,34.89484405517578,11310800,DAL
2015-07-06,39.880001068115234,40.790000915527344,39.880001068115234,40.47999954223633,35.313575744628906,9714600,DAL
2015-07-07,40.66999816894531,41.29999923706055,39.959999084472656,41.18000030517578,35.924232482910156,9136400,DAL
2015-07-08,40.459999084472656,40.880001068115234,40.0099983215332,40.16999816894531,35.04313278198242,8642700,DAL
2015-07-09,40.58000183105469,41.09000015258789,40.4900016784668,40.54999923706055,35.374637603759766,8541600,DAL
2015-07-10,41.45000076293945,42.720001220703125,41.310001373291016,42.459999084472656,37.040863037109375,13746100,DAL
2015-07-13,43.209999084472656,43.52000045776367,43.0,43.369998931884766,37.83473205566406,10131500,DAL
2015-07-14,42.95000076293945,43.959999084472656,42.61000061035156,43.65999984741211,38.08771514892578,13648600,DAL
2015-07-15,42.59000015258789,44.43000030517578,42.400001525878906,43.9900016784668,38.3756103515625,23558400,DAL
2015-07-16,44.5,44.869998931884766,44.189998626708984,44.470001220703125,38.794334411621094,12804800,DAL
2015-07-17,44.650001525878906,45.099998474121094,44.380001068115234,44.939998626708984,39.204349517822266,9625000,DAL
2015-07-20,45.099998474121094,45.099998474121094,43.959999084472656,44.09000015258789,38.46284103393555,7746100,DAL
2015-07-21,44.08000183105469,44.72999954223633,44.08000183105469,44.650001525878906,38.95137023925781,6166500,DAL
2015-07-22,44.5099983215332,45.41999816894531,44.459999084472656,45.220001220703125,39.4486198425293,8995500,DAL
2015-07-23,46.29999923706055,46.63999938964844,45.04999923706055,45.15999984741211,39.39626693725586,11449800,DAL
2015-07-24,45.61000061035156,45.63999938964844,43.7599983215332,44.099998474121094,38.4715690612793,8550100,DAL
2015-07-27,43.599998474121094,44.18000030517578,43.04999923706055,43.93000030517578,38.32325744628906,7301600,DAL
2015-07-28,43.93000030517578,44.95000076293945,43.900001525878906,44.90999984741211,39.178184509277344,7624700,DAL
2015-07-29,44.810001373291016,45.33000183105469,43.849998474121094,44.18000030517578,38.54134750366211,10355300,DAL
2015-07-30,44.15999984741211,44.369998931884766,43.63999938964844,44.029998779296875,38.41049575805664,5297100,DAL
2015-07-31,44.150001525878906,44.400001525878906,43.880001068115234,44.34000015258789,38.680931091308594,5973700,DAL
2015-08-03,44.68000030517578,45.849998474121094,44.56999969482422,45.72999954223633,39.893524169921875,12159300,DAL
2015-08-04,46.31999969482422,47.099998474121094,45.779998779296875,46.349998474121094,40.434391021728516,11268300,DAL
2015-08-05,46.36000061035156,46.529998779296875,46.130001068115234,46.29999923706055,40.50876235961914,5838700,DAL
2015-08-06,46.47999954223633,46.790000915527344,45.7599983215332,46.040000915527344,40.281280517578125,6525100,DAL
2015-08-07,45.84000015258789,46.47999954223633,45.7599983215332,46.349998474121094,40.552513122558594,6825100,DAL
2015-08-10,46.72999954223633,47.189998626708984,46.209999084472656,46.31999969482422,40.526268005371094,6325400,DAL
2015-08-11,46.290000915527344,47.47999954223633,46.130001068115234,47.099998474121094,41.20869445800781,9734300,DAL
2015-08-12,46.79999923706055,46.810001373291016,44.77000045776367,46.599998474121094,40.771236419677734,11334000,DAL
2015-08-13,46.88999938964844,47.869998931884766,46.470001220703125,47.45000076293945,41.514923095703125,9953500,DAL
2015-08-14,47.36000061035156,47.959999084472656,47.279998779296875,47.630001068115234,41.67240905761719,6117400,DAL
2015-08-17,47.77000045776367,48.25,47.31999969482422,47.9900016784668,41.98737716674805,8136600,DAL
2015-08-18,48.08000183105469,48.29999923706055,46.91999816894531,47.36000061035156,41.43617630004883,8076100,DAL
2015-08-19,47.36000061035156,47.59000015258789,46.61000061035156,47.08000183105469,41.191192626953125,9389300,DAL
2015-08-20,46.54999923706055,47.08000183105469,45.66999816894531,45.709999084472656,39.99256134033203,9484800,DAL
2015-08-21,45.5,45.58000183105469,43.59000015258789,43.599998474121094,38.1464729309082,14908800,DAL
2015-08-24,39.5,44.15999984741211,34.61000061035156,42.150001525878906,36.87785339355469,15222400,DAL
2015-08-25,43.84000015258789,43.84000015258789,41.369998931884766,41.369998931884766,36.19540023803711,10465900,DAL
2015-08-26,42.61000061035156,43.880001068115234,41.4900016784668,43.70000076293945,38.23395919799805,14221500,DAL
2015-08-27,44.189998626708984,44.349998474121094,42.77000045776367,43.86000061035156,38.373958587646484,12853000,DAL
2015-08-28,43.939998626708984,44.29999923706055,43.40999984741211,43.939998626708984,38.443939208984375,9205800,DAL
2015-08-31,43.970001220703125,44.599998474121094,43.540000915527344,43.779998779296875,38.3039665222168,8387000,DAL
2015-09-01,43.95000076293945,44.459999084472656,43.29999923706055,43.77000045776367,38.29520797729492,11269300,DAL
2015-09-02,44.650001525878906,46.0,44.349998474121094,45.9900016784668,40.23753356933594,15227900,DAL
2015-09-03,46.060001373291016,46.54999923706055,44.90999984741211,45.060001373291016,39.423851013183594,10909000,DAL
2015-09-04,44.54999923706055,45.9900016784668,44.310001373291016,45.400001525878906,39.721336364746094,8955300,DAL
2015-09-08,46.220001220703125,46.650001525878906,45.959999084472656,46.59000015258789,40.76249313354492,8177800,DAL
2015-09-09,46.939998626708984,47.189998626708984,45.900001525878906,46.0099983215332,40.255035400390625,9614000,DAL
2015-09-10,46.290000915527344,47.0,46.119998931884766,46.4900016784668,40.67499923706055,8754700,DAL
2015-09-11,46.5,47.04999923706055,46.27000045776367,46.91999816894531,41.05121612548828,7030100,DAL
2015-09-14,46.970001220703125,47.290000915527344,46.599998474121094,46.88999938964844,41.024967193603516,5253000,DAL
2015-09-15,47.0,47.119998931884766,46.310001373291016,46.88999938964844,41.024967193603516,8804600,DAL
2015-09-16,46.83000183105469,47.40999984741211,46.529998779296875,47.09000015258789,41.199954986572266,7903500,DAL
2015-09-17,47.310001373291016,48.18000030517578,46.880001068115234,47.4900016784668,41.549922943115234,11128000,DAL
2015-09-18,47.08000183105469,47.189998626708984,46.54999923706055,46.66999816894531,40.832481384277344,11862900,DAL
2015-09-21,46.77000045776367,47.66999816894531,46.689998626708984,47.25,41.339942932128906,7670500,DAL
2015-09-22,46.900001525878906,47.16999816894531,45.959999084472656,46.459999084472656,40.64875030517578,8329500,DAL
2015-09-23,46.5,46.880001068115234,45.93000030517578,46.59000015258789,40.76249313354492,4872500,DAL
2015-09-24,46.33000183105469,46.380001068115234,45.060001373291016,45.90999984741211,40.16753387451172,8871600,DAL
2015-09-25,46.52000045776367,46.84000015258789,45.59000015258789,46.040000915527344,40.281280517578125,6882900,DAL
2015-09-28,45.869998931884766,45.939998626708984,44.36000061035156,44.65999984741211,39.073890686035156,7367300,DAL
2015-09-29,44.5099983215332,44.93000030517578,43.56999969482422,44.040000915527344,38.53144073486328,7508800,DAL
2015-09-30,44.720001220703125,45.040000915527344,43.86000061035156,44.869998931884766,39.25762939453125,9525700,DAL
2015-10-01,44.709999084472656,45.5,44.13999938964844,45.40999984741211,39.73008728027344,8096500,DAL
2015-10-02,44.939998626708984,44.939998626708984,43.349998474121094,44.869998931884766,39.25762939453125,10918900,DAL
2015-10-05,45.220001220703125,47.040000915527344,45.040000915527344,46.959999084472656,41.08620071411133,8629300,DAL
2015-10-06,46.72999954223633,47.2400016784668,45.0,45.09000015258789,39.45011901855469,9081000,DAL
2015-10-07,45.20000076293945,46.0,44.470001220703125,45.9900016784668,40.23753356933594,11737900,DAL
2015-10-08,45.79999923706055,46.06999969482422,45.16999816894531,45.959999084472656,40.21128845214844,8905400,DAL
2015-10-09,46.290000915527344,47.33000183105469,46.15999984741211,47.209999084472656,41.304931640625,10715300,DAL
2015-10-12,47.52000045776367,48.5,47.52000045776367,48.5,42.43358612060547,10647300,DAL
2015-10-13,48.099998474121094,49.11000061035156,47.720001220703125,47.72999954223633,41.759891510009766,13839900,DAL
2015-10-14,48.58000183105469,49.47999954223633,47.93000030517578,48.59000015258789,42.51232147216797,15052900,DAL
2015-10-15,48.95000076293945,49.31999969482422,48.36000061035156,48.93000030517578,42.80979919433594,8423700,DAL
2015-10-16,48.7400016784668,49.130001068115234,48.08000183105469,49.119998931884766,42.97603988647461,14240400,DAL
2015-10-19,49.209999084472656,50.58000183105469,49.130001068115234,50.27000045776367,43.98219680786133,11037800,DAL
2015-10-20,50.31999969482422,50.77000045776367,49.79999923706055,50.150001525878906,43.8772087097168,8745500,DAL
2015-10-21,49.79999923706055,50.59000015258789,49.34000015258789,49.439998626708984,43.25601577758789,7607300,DAL
2015-10-22,50.13999938964844,50.939998626708984,49.349998474121094,50.810001373291016,44.45464324951172,9528500,DAL
2015-10-23,51.22999954223633,51.65999984741211,50.5,51.0,44.62088394165039,11458600,DAL
2015-10-26,50.88999938964844,51.470001220703125,50.31999969482422,51.31999969482422,44.900856018066406,5579300,DAL
2015-10-27,51.0,51.47999954223633,50.38999938964844,50.869998931884766,44.507137298583984,7910200,DAL
2015-10-28,51.130001068115234,51.130001068115234,49.540000915527344,50.13999938964844,43.86844253540039,7435100,DAL
2015-10-29,50.040000915527344,50.650001525878906,49.61000061035156,50.5,44.18342590332031,5632800,DAL
2015-10-30,50.5,51.45000076293945,50.290000915527344,50.84000015258789,44.48089599609375,7052500,DAL
2015-11-02,50.900001525878906,51.27000045776367,50.66999816894531,50.70000076293945,44.35840606689453,8548100,DAL
2015-11-03,51.650001525878906,52.0,50.849998474121094,51.0,44.62088394165039,10988100,DAL
2015-11-04,51.2599983215332,51.2599983215332,50.470001220703125,50.65999984741211,44.44104766845703,7353500,DAL
2015-11-05,50.83000183105469,51.150001525878906,50.31999969482422,50.540000915527344,44.335777282714844,5736700,DAL
2015-11-06,50.529998779296875,51.47999954223633,50.45000076293945,51.20000076293945,44.914756774902344,6376100,DAL
2015-11-09,50.93000030517578,50.95000076293945,50.22999954223633,50.630001068115234,44.41473388671875,5559100,DAL
2015-11-10,50.599998474121094,51.0,49.54999923706055,50.29999923706055,44.12523651123047,7348900,DAL
2015-11-11,50.4900016784668,50.72999954223633,49.959999084472656,49.97999954223633,43.84452438354492,6116400,DAL
2015-11-12,49.9900016784668,50.43000030517578,49.900001525878906,49.97999954223633,43.84452438354492,9350200,DAL
2015-11-13,49.81999969482422,50.08000183105469,48.75,48.9900016784668,42.97605514526367,9207300,DAL
2015-11-16,47.86000061035156,48.150001525878906,47.0099983215332,47.93000030517578,42.04618453979492,12339200,DAL
2015-11-17,48.060001373291016,49.060001373291016,47.720001220703125,47.77000045776367,41.90581512451172,10417300,DAL
2015-11-18,47.83000183105469,47.9900016784668,46.650001525878906,47.75,41.88827133178711,10952800,DAL
2015-11-19,48.20000076293945,48.7599983215332,48.02000045776367,48.5099983215332,42.55496597290039,7857100,DAL
2015-11-20,48.470001220703125,48.869998931884766,48.43000030517578,48.7599983215332,42.7742919921875,6878200,DAL
2015-11-23,49.0,49.189998626708984,48.400001525878906,48.7400016784668,42.756752014160156,6261100,DAL
2015-11-24,47.36000061035156,48.0,46.66999816894531,47.2400016784668,41.440879821777344,11111000,DAL
2015-11-25,47.45000076293945,47.619998931884766,46.369998931884766,46.869998931884766,41.11630630493164,7731700,DAL
2015-11-27,46.9900016784668,47.5,46.779998779296875,47.13999938964844,41.353153228759766,2597700,DAL
2015-11-30,47.209999084472656,47.439998626708984,46.439998626708984,46.459999084472656,40.75663375854492,8731300,DAL
2015-12-01,46.810001373291016,47.70000076293945,46.58000183105469,47.66999816894531,41.818092346191406,6335800,DAL
2015-12-02,49.16999816894531,49.33000183105469,48.18000030517578,48.33000183105469,42.397071838378906,12810600,DAL
2015-12-03,48.41999816894531,48.9900016784668,47.849998474121094,48.220001220703125,42.30058288574219,11634400,DAL
2015-12-04,49.0,49.79999923706055,48.66999816894531,49.779998779296875,43.6690673828125,12775600,DAL
2015-12-07,50.27000045776367,51.81999969482422,50.189998626708984,51.779998779296875,45.423553466796875,13829500,DAL
2015-12-08,51.33000183105469,51.81999969482422,49.88999938964844,50.27000045776367,44.09892654418945,13469200,DAL
2015-12-09,50.02000045776367,50.7400016784668,49.13999938964844,49.5099983215332,43.432220458984375,8144700,DAL
2015-12-10,49.709999084472656,51.91999816894531,49.540000915527344,51.279998779296875,44.98493576049805,10089600,DAL
2015-12-11,50.369998931884766,50.650001525878906,49.220001220703125,49.279998779296875,43.2304573059082,8651600,DAL
2015-12-14,49.52000045776367,50.40999984741211,48.7599983215332,50.18000030517578,44.01996612548828,10006400,DAL
2015-12-15,50.66999816894531,51.40999984741211,50.06999969482422,51.150001525878906,44.870887756347656,8084800,DAL
2015-12-16,51.400001525878906,52.290000915527344,50.849998474121094,52.119998931884766,45.72182083129883,9172900,DAL
2015-12-17,51.97999954223633,52.77000045776367,51.02000045776367,51.029998779296875,44.7656364440918,10024900,DAL
2015-12-18,51.040000915527344,51.95000076293945,49.959999084472656,49.959999084472656,43.82697677612305,15753500,DAL
2015-12-21,50.459999084472656,51.5,50.41999816894531,51.459999084472656,45.14283752441406,8822100,DAL
2015-12-22,51.650001525878906,51.95000076293945,51.15999984741211,51.75,45.39723205566406,6745600,DAL
2015-12-23,51.7400016784668,51.869998931884766,50.90999984741211,51.7400016784668,45.388484954833984,5843600,DAL
2015-12-24,51.709999084472656,52.650001525878906,51.689998626708984,52.2599983215332,45.84463119506836,3834200,DAL
2015-12-28,52.40999984741211,52.720001220703125,51.31999969482422,51.95000076293945,45.572689056396484,5295300,DAL
2015-12-29,51.93000030517578,52.40999984741211,51.88999938964844,52.16999816894531,45.765689849853516,4300100,DAL
2015-12-30,52.22999954223633,52.29999923706055,51.06999969482422,51.16999816894531,44.88844680786133,5060000,DAL
2015-12-31,51.0,51.08000183105469,50.349998474121094,50.689998626708984,44.46737289428711,5911400,DAL
2016-01-04,49.41999816894531,49.41999816894531,48.29999923706055,48.65999984741211,42.686553955078125,12323200,DAL
2016-01-05,49.310001373291016,49.75,47.040000915527344,48.56999969482422,42.60761642456055,14557200,DAL
2016-01-06,47.790000915527344,49.29999923706055,47.630001068115234,48.93000030517578,42.92341995239258,10375900,DAL
2016-01-07,48.38999938964844,48.68000030517578,46.7400016784668,47.0,41.2303466796875,11301100,DAL
2016-01-08,47.47999954223633,48.95000076293945,46.4900016784668,46.61000061035156,40.88822555541992,10850300,DAL
2016-01-11,46.9900016784668,47.290000915527344,45.56999969482422,46.7400016784668,41.00225830078125,12096400,DAL
2016-01-12,47.06999969482422,47.47999954223633,45.81999969482422,46.959999084472656,41.195247650146484,12163400,DAL
2016-01-13,47.5,47.5,44.540000915527344,44.939998626708984,39.42322540283203,10964500,DAL
2016-01-14,45.029998779296875,45.75,44.02000045776367,45.34000015258789,39.77412796020508,11555000,DAL
2016-01-15,43.880001068115234,45.36000061035156,43.45000076293945,44.5,39.03725051879883,16408600,DAL
2016-01-19,45.79999923706055,46.75,45.189998626708984,45.959999084472656,40.31801223754883,16014700,DAL
2016-01-20,46.09000015258789,46.7599983215332,42.540000915527344,45.689998626708984,40.081153869628906,21927500,DAL
2016-01-21,46.650001525878906,47.119998931884766,45.369998931884766,46.52000045776367,40.80927276611328,12817400,DAL
2016-01-22,47.09000015258789,47.4900016784668,46.529998779296875,46.7599983215332,41.019798278808594,9419500,DAL
2016-01-25,47.59000015258789,47.619998931884766,45.849998474121094,45.939998626708984,40.30046844482422,8602600,DAL
2016-01-26,46.4900016784668,46.900001525878906,45.630001068115234,46.11000061035156,40.4495964050293,8685100,DAL
2016-01-27,46.36000061035156,47.0,44.619998931884766,44.720001220703125,39.230224609375,10669700,DAL
2016-01-28,44.84000015258789,45.0,42.52000045776367,43.20000076293945,37.89682388305664,13996900,DAL
2016-01-29,43.13999938964844,44.34000015258789,42.41999816894531,44.290000915527344,38.85301971435547,12820100,DAL
2016-02-01,44.72999954223633,45.58000183105469,44.0099983215332,45.209999084472656,39.66008758544922,8618200,DAL
2016-02-02,45.189998626708984,45.52000045776367,43.31999969482422,43.61000061035156,38.25648880004883,8994000,DAL
2016-02-03,43.970001220703125,44.150001525878906,42.11000061035156,43.79999923706055,38.42317199707031,10049100,DAL
2016-02-04,43.779998779296875,44.369998931884766,43.36000061035156,44.040000915527344,38.633705139160156,9444000,DAL
2016-02-05,44.13999938964844,44.54999923706055,41.66999816894531,42.0099983215332,36.85291290283203,14206000,DAL
2016-02-08,41.310001373291016,41.599998474121094,40.04999923706055,40.77000045776367,35.765132904052734,15450900,DAL
2016-02-09,40.349998474121094,42.4900016784668,40.029998779296875,41.97999954223633,36.826595306396484,12082600,DAL
2016-02-10,42.630001068115234,43.779998779296875,42.470001220703125,43.27000045776367,37.9582405090332,11356200,DAL
2016-02-11,42.619998931884766,43.52000045776367,42.13999938964844,42.70000076293945,37.45820999145508,10019500,DAL
2016-02-12,43.0,43.13999938964844,42.13999938964844,42.9900016784668,37.832218170166016,7552700,DAL
2016-02-16,43.4900016784668,44.66999816894531,43.09000015258789,44.58000183105469,39.23145294189453,8128800,DAL
2016-02-17,44.97999954223633,46.27000045776367,44.95000076293945,46.099998474121094,40.5690803527832,10338400,DAL
2016-02-18,46.400001525878906,46.68000030517578,45.97999954223633,46.459999084472656,40.88590621948242,10946800,DAL
2016-02-19,46.459999084472656,47.150001525878906,46.2400016784668,46.720001220703125,41.11471939086914,10578700,DAL
2016-02-22,46.720001220703125,48.90999984741211,46.720001220703125,48.81999969482422,42.962764739990234,12748800,DAL
2016-02-23,48.470001220703125,49.45000076293945,48.45000076293945,48.95000076293945,43.07716369628906,9411500,DAL
2016-02-24,48.45000076293945,49.04999923706055,47.790000915527344,48.939998626708984,43.068359375,9236800,DAL
2016-02-25,49.08000183105469,49.45000076293945,48.66999816894531,49.20000076293945,43.29716873168945,7524800,DAL
2016-02-26,49.349998474121094,49.45000076293945,47.70000076293945,47.86000061035156,42.117919921875,12282800,DAL
2016-02-29,47.75,48.79999923706055,47.400001525878906,48.2400016784668,42.45234298706055,8030000,DAL
2016-03-01,48.72999954223633,49.25,48.41999816894531,48.900001525878906,43.03316879272461,8000600,DAL
2016-03-02,48.099998474121094,48.58000183105469,47.61000061035156,48.54999923706055,42.725154876708984,8938300,DAL
2016-03-03,48.59000015258789,49.0099983215332,48.349998474121094,48.790000915527344,42.93635940551758,8853700,DAL
2016-03-04,49.060001373291016,49.099998474121094,48.470001220703125,48.66999816894531,42.83074951171875,8516400,DAL
2016-03-07,48.2400016784668,48.47999954223633,47.849998474121094,48.38999938964844,42.58434295654297,8291900,DAL
2016-03-08,46.709999084472656,47.099998474121094,46.0099983215332,46.220001220703125,40.6746826171875,13690500,DAL
2016-03-09,46.310001373291016,46.939998626708984,46.220001220703125,46.7400016784668,41.13230514526367,8448900,DAL
2016-03-10,47.0,47.4900016784668,46.279998779296875,47.0,41.361114501953125,8293400,DAL
2016-03-11,47.470001220703125,48.06999969482422,47.279998779296875,47.689998626708984,41.96833038330078,6661600,DAL
2016-03-14,47.5,48.2400016784668,47.31999969482422,47.88999938964844,42.14433670043945,5798900,DAL
2016-03-15,47.81999969482422,47.939998626708984,47.43000030517578,47.7599983215332,42.029930114746094,4751900,DAL
2016-03-16,47.470001220703125,48.79999923706055,47.369998931884766,48.77000045776367,42.918758392333984,6376600,DAL
2016-03-17,48.58000183105469,48.779998779296875,48.060001373291016,48.619998931884766,42.786739349365234,6578000,DAL
2016-03-18,48.66999816894531,50.29999923706055,48.58000183105469,50.04999923706055,44.0451774597168,12485200,DAL
2016-03-21,50.040000915527344,50.5,49.939998626708984,50.119998931884766,44.10677719116211,7284700,DAL
2016-03-22,48.709999084472656,49.7400016784668,48.20000076293945,49.38999938964844,43.46437072753906,13352500,DAL
2016-03-23,49.59000015258789,49.72999954223633,48.599998474121094,48.90999984741211,43.04195785522461,8783100,DAL
2016-03-24,48.47999954223633,48.560001373291016,47.36000061035156,47.84000015258789,42.10033416748047,9139000,DAL
2016-03-28,47.900001525878906,48.5099983215332,47.77000045776367,48.20000076293945,42.41713333129883,5887600,DAL
2016-03-29,48.099998474121094,49.18000030517578,48.029998779296875,49.130001068115234,43.235557556152344,7302100,DAL
2016-03-30,49.540000915527344,50.08000183105469,49.290000915527344,49.33000183105469,43.41157913208008,5779300,DAL
2016-03-31,49.369998931884766,49.7400016784668,48.65999984741211,48.68000030517578,42.83955001831055,6550500,DAL
2016-04-01,47.5,47.56999969482422,46.7400016784668,47.0099983215332,41.36991500854492,13932200,DAL
2016-04-04,47.11000061035156,48.31999969482422,46.7599983215332,47.150001525878906,41.49311828613281,7863200,DAL
2016-04-05,46.970001220703125,47.810001373291016,46.720001220703125,47.15999984741211,41.501914978027344,6506900,DAL
2016-04-06,47.220001220703125,47.31999969482422,46.849998474121094,47.20000076293945,41.53711700439453,5542600,DAL
2016-04-07,47.0,47.189998626708984,45.40999984741211,45.79999923706055,40.30508804321289,10434300,DAL
2016-04-08,46.099998474121094,46.619998931884766,45.65999984741211,46.290000915527344,40.73629379272461,5845000,DAL
2016-04-11,46.869998931884766,47.79999923706055,46.5,46.54999923706055,40.96510314941406,8880400,DAL
2016-04-12,46.83000183105469,47.2599983215332,46.52000045776367,46.630001068115234,41.03550720214844,8254600,DAL
2016-04-13,47.150001525878906,48.130001068115234,46.86000061035156,48.040000915527344,42.276344299316406,10882500,DAL
2016-04-14,48.95000076293945,49.79999923706055,48.27000045776367,48.4900016784668,42.6723518371582,15906500,DAL
2016-04-15,48.7400016784668,48.810001373291016,47.150001525878906,47.5,41.801124572753906,11822200,DAL
2016-04-18,47.650001525878906,47.650001525878906,46.209999084472656,46.54999923706055,40.96510314941406,11664700,DAL
2016-04-19,46.689998626708984,47.41999816894531,46.599998474121094,46.869998931884766,41.24671173095703,8759000,DAL
2016-04-20,46.900001525878906,47.529998779296875,46.58000183105469,46.599998474121094,41.00910186767578,8397200,DAL
2016-04-21,46.279998779296875,46.310001373291016,44.7400016784668,44.970001220703125,39.57466506958008,15330300,DAL
2016-04-22,43.43000030517578,44.66999816894531,43.15999984741211,44.619998931884766,39.26664733886719,14258600,DAL
2016-04-25,44.52000045776367,44.880001068115234,43.790000915527344,43.93000030517578,38.65945053100586,8774300,DAL
2016-04-26,44.150001525878906,44.52000045776367,43.060001373291016,43.59000015258789,38.3602409362793,11545700,DAL
2016-04-27,43.75,44.2400016784668,43.279998779296875,43.689998626708984,38.44822692871094,9097500,DAL
2016-04-28,43.439998626708984,43.79999923706055,42.7599983215332,42.86000061035156,37.71780776977539,10229800,DAL
2016-04-29,42.54999923706055,42.709999084472656,41.220001220703125,41.66999816894531,36.67058563232422,16658500,DAL
2016-05-02,42.11000061035156,42.4900016784668,41.79999923706055,42.16999816894531,37.110595703125,10701800,DAL
2016-05-03,42.91999816894531,43.20000076293945,41.83000183105469,42.91999816894531,37.77061080932617,14319500,DAL
2016-05-04,42.369998931884766,42.560001373291016,41.16999816894531,41.43000030517578,36.459373474121094,14925300,DAL
2016-05-05,41.59000015258789,42.27000045776367,41.45000076293945,41.75,36.74098587036133,10271100,DAL
2016-05-06,41.61000061035156,42.2599983215332,40.95000076293945,42.040000915527344,36.99620056152344,10777200,DAL
2016-05-09,42.11000061035156,42.84000015258789,41.9900016784668,42.400001525878906,37.43321228027344,10512100,DAL
2016-05-10,42.4900016784668,43.040000915527344,42.40999984741211,42.95000076293945,37.918785095214844,9299300,DAL
2016-05-11,42.689998626708984,43.310001373291016,42.290000915527344,42.29999923706055,37.34493637084961,9037700,DAL
2016-05-12,42.439998626708984,42.470001220703125,40.63999938964844,41.06999969482422,36.259002685546875,13454000,DAL
2016-05-13,40.75,42.18000030517578,40.75,41.599998474121094,36.7269172668457,10758600,DAL
2016-05-16,42.54999923706055,43.15999984741211,42.04999923706055,43.0,37.96292495727539,12303100,DAL
2016-05-17,42.790000915527344,44.400001525878906,42.75,43.66999816894531,38.554447174072266,16203000,DAL
2016-05-18,43.45000076293945,44.65999984741211,43.45000076293945,43.86000061035156,38.72219467163086,10382900,DAL
2016-05-19,43.27000045776367,43.880001068115234,42.54999923706055,43.099998474121094,38.051212310791016,8860800,DAL
2016-05-20,43.41999816894531,43.81999969482422,42.970001220703125,43.099998474121094,38.051212310791016,5964600,DAL
2016-05-23,43.0,43.599998474121094,42.90999984741211,42.95000076293945,37.918785095214844,5227000,DAL
2016-05-24,43.099998474121094,43.77000045776367,43.04999923706055,43.630001068115234,38.51911926269531,9359900,DAL
2016-05-25,43.68000030517578,44.11000061035156,43.380001068115234,43.5,38.40434646606445,7600800,DAL
2016-05-26,43.470001220703125,43.599998474121094,42.400001525878906,42.7599983215332,37.751033782958984,8512400,DAL
2016-05-27,42.83000183105469,43.439998626708984,42.810001373291016,43.119998931884766,38.06886672973633,5509400,DAL
2016-05-31,43.25,43.5099983215332,42.650001525878906,43.459999084472656,38.36903762817383,9315100,DAL
2016-06-01,43.459999084472656,43.709999084472656,43.06999969482422,43.5099983215332,38.413169860839844,7047600,DAL
2016-06-02,42.77000045776367,43.459999084472656,42.400001525878906,42.45000076293945,37.47733688354492,10103500,DAL
2016-06-03,42.220001220703125,42.400001525878906,41.25,41.56999969482422,36.700443267822266,15958000,DAL
2016-06-06,41.540000915527344,41.599998474121094,41.0,41.279998779296875,36.44439697265625,11538400,DAL
2016-06-07,41.349998474121094,42.810001373291016,41.0,42.099998474121094,37.16835021972656,11445900,DAL
2016-06-08,42.20000076293945,42.45000076293945,41.099998474121094,41.849998474121094,36.9476318359375,13861700,DAL
2016-06-09,41.75,42.58000183105469,41.52000045776367,42.400001525878906,37.43321228027344,7618100,DAL
2016-06-10,42.060001373291016,42.290000915527344,41.40999984741211,42.040000915527344,37.115379333496094,6787900,DAL
2016-06-13,41.59000015258789,41.70000076293945,40.529998779296875,40.56999969482422,35.81757736206055,9946500,DAL
2016-06-14,40.40999984741211,40.560001373291016,38.63999938964844,39.11000061035156,34.528602600097656,15065800,DAL
2016-06-15,39.369998931884766,39.779998779296875,38.83000183105469,38.88999938964844,34.334373474121094,11044000,DAL
2016-06-16,38.369998931884766,38.56999969482422,37.84000015258789,38.02000045776367,33.5662956237793,13086600,DAL
2016-06-17,37.939998626708984,38.2400016784668,37.68000030517578,38.0099983215332,33.55745315551758,11157800,DAL
2016-06-20,38.43000030517578,38.72999954223633,38.0,38.09000015258789,33.62807846069336,9921200,DAL
2016-06-21,38.66999816894531,39.0,38.04999923706055,38.66999816894531,34.14014434814453,11997900,DAL
2016-06-22,38.56999969482422,39.15999984741211,38.5,38.54999923706055,34.03420639038086,7029400,DAL
2016-06-23,39.0,39.06999969482422,37.72999954223633,38.310001373291016,33.82231903076172,10956200,DAL
2016-06-24,36.09000015258789,37.08000183105469,35.16999816894531,35.18000030517578,31.058977127075195,26090700,DAL
2016-06-27,34.84000015258789,34.939998626708984,32.599998474121094,33.36000061035156,29.452167510986328,28380600,DAL
2016-06-28,34.27000045776367,34.66999816894531,33.599998474121094,34.66999816894531,30.608701705932617,19678200,DAL
2016-06-29,35.400001525878906,36.380001068115234,34.90999984741211,36.2400016784668,31.994800567626953,15059700,DAL
2016-06-30,36.2599983215332,36.43000030517578,35.72999954223633,36.43000030517578,32.16254806518555,12413700,DAL
2016-07-01,36.40999984741211,37.0,36.310001373291016,36.77000045776367,32.46271514892578,9408400,DAL
2016-07-05,36.0,36.2400016784668,34.779998779296875,35.619998931884766,31.447423934936523,14239500,DAL
2016-07-06,34.959999084472656,35.61000061035156,34.08000183105469,35.58000183105469,31.412118911743164,14540000,DAL
2016-07-07,35.540000915527344,36.47999954223633,35.5,36.369998931884766,32.10956573486328,8775800,DAL
2016-07-08,36.900001525878906,37.75,36.86000061035156,37.369998931884766,32.992431640625,12621000,DAL
2016-07-11,37.66999816894531,38.45000076293945,37.599998474121094,38.119998931884766,33.654571533203125,11994100,DAL
2016-07-12,39.20000076293945,40.40999984741211,39.130001068115234,40.209999084472656,35.49974822998047,19533000,DAL
2016-07-13,40.5,40.599998474121094,39.41999816894531,39.560001373291016,34.92589569091797,13885600,DAL
2016-07-14,40.33000183105469,41.349998474121094,40.15999984741211,40.97999954223633,36.17954635620117,18543000,DAL
2016-07-15,40.459999084472656,40.540000915527344,39.709999084472656,39.97999954223633,35.29669189453125,15192400,DAL
2016-07-18,40.16999816894531,40.52000045776367,40.060001373291016,40.099998474121094,35.402645111083984,8285500,DAL
2016-07-19,39.880001068115234,40.58000183105469,39.5,40.529998779296875,35.78226852416992,9297000,DAL
2016-07-20,40.689998626708984,41.220001220703125,39.939998626708984,40.209999084472656,35.49974822998047,9541900,DAL
2016-07-21,39.11000061035156,39.2599983215332,38.27000045776367,38.52000045776367,34.007713317871094,17399700,DAL
2016-07-22,39.06999969482422,39.189998626708984,38.43000030517578,38.959999084472656,34.39616775512695,9579300,DAL
2016-07-25,39.16999816894531,39.2599983215332,38.54999923706055,38.959999084472656,34.39616775512695,7160500,DAL
2016-07-26,38.970001220703125,39.33000183105469,38.61000061035156,39.029998779296875,34.45797348022461,9038700,DAL
2016-07-27,38.880001068115234,38.91999816894531,38.5,38.540000915527344,34.02537155151367,8671900,DAL
2016-07-28,38.5,39.540000915527344,38.25,39.36000061035156,34.74932098388672,7354100,DAL
2016-07-29,39.369998931884766,39.900001525878906,38.7400016784668,38.75,34.210784912109375,10468200,DAL
2016-08-01,38.91999816894531,39.5099983215332,38.779998779296875,39.47999954223633,34.855262756347656,8965300,DAL
2016-08-02,38.81999969482422,38.849998474121094,36.290000915527344,36.38999938964844,32.127220153808594,19993500,DAL
2016-08-03,36.380001068115234,36.869998931884766,36.16999816894531,36.47999954223633,32.2066764831543,10994100,DAL
2016-08-04,36.52000045776367,36.68000030517578,36.02000045776367,36.540000915527344,32.25965118408203,8825300,DAL
2016-08-05,36.97999954223633,37.72999954223633,36.86000061035156,37.66999816894531,33.257286071777344,8097500,DAL
2016-08-08,37.459999084472656,38.2400016784668,37.36000061035156,37.439998626708984,33.054237365722656,10029100,DAL
2016-08-09,37.75,38.060001373291016,37.13999938964844,37.150001525878906,32.798194885253906,8392000,DAL
2016-08-10,37.0,37.119998931884766,36.2400016784668,36.47999954223633,32.383644104003906,9604700,DAL
2016-08-11,36.58000183105469,37.04999923706055,36.279998779296875,36.70000076293945,32.57894515991211,7537900,DAL
2016-08-12,36.68000030517578,36.7400016784668,36.2599983215332,36.349998474121094,32.26823425292969,7700600,DAL
2016-08-15,36.349998474121094,37.04999923706055,35.84000015258789,36.91999816894531,32.77423095703125,10784600,DAL
2016-08-16,36.810001373291016,37.310001373291016,36.790000915527344,36.939998626708984,32.7919807434082,9253500,DAL
2016-08-17,37.029998779296875,37.529998779296875,36.709999084472656,37.5099983215332,33.2979736328125,10427900,DAL
2016-08-18,37.369998931884766,37.43000030517578,36.849998474121094,37.06999969482422,32.90739440917969,12103300,DAL
2016-08-19,36.810001373291016,36.97999954223633,36.369998931884766,36.77000045776367,32.64106369018555,7579600,DAL
2016-08-22,36.529998779296875,36.7400016784668,36.06999969482422,36.61000061035156,32.499046325683594,11186100,DAL
2016-08-23,36.779998779296875,37.130001068115234,36.619998931884766,36.689998626708984,32.57005310058594,7588400,DAL
2016-08-24,36.630001068115234,37.04999923706055,36.470001220703125,36.77000045776367,32.64106369018555,7548000,DAL
2016-08-25,36.63999938964844,36.810001373291016,36.439998626708984,36.470001220703125,32.37476348876953,6540000,DAL
2016-08-26,36.5099983215332,36.63999938964844,35.900001525878906,36.09000015258789,32.03742980957031,7882000,DAL
2016-08-29,36.27000045776367,36.599998474121094,36.2599983215332,36.54999923706055,32.445770263671875,5674600,DAL
2016-08-30,36.54999923706055,37.599998474121094,36.380001068115234,37.15999984741211,32.987274169921875,9950600,DAL
2016-08-31,37.31999969482422,37.31999969482422,36.02000045776367,36.75,32.623321533203125,13838000,DAL
2016-09-01,37.0,37.150001525878906,36.31999969482422,36.81999969482422,32.68545913696289,7127400,DAL
2016-09-02,36.66999816894531,37.4900016784668,36.66999816894531,37.16999816894531,32.99616622924805,10201900,DAL
2016-09-06,37.22999954223633,37.290000915527344,36.650001525878906,36.81999969482422,32.68545913696289,8041600,DAL
2016-09-07,37.45000076293945,39.18000030517578,37.40999984741211,38.900001525878906,34.531898498535156,16662100,DAL
2016-09-08,38.86000061035156,39.29999923706055,38.599998474121094,39.290000915527344,34.87809753417969,10542100,DAL
2016-09-09,39.09000015258789,39.38999938964844,37.75,37.75,33.51103591918945,11696700,DAL
2016-09-12,37.2400016784668,38.59000015258789,36.880001068115234,38.439998626708984,34.1235466003418,8572700,DAL
2016-09-13,38.20000076293945,38.5099983215332,37.38999938964844,37.529998779296875,33.315738677978516,10203900,DAL
2016-09-14,37.43000030517578,37.88999938964844,36.93000030517578,37.119998931884766,32.9517707824707,9468400,DAL
2016-09-15,37.09000015258789,37.619998931884766,36.81999969482422,37.290000915527344,33.102684020996094,9159400,DAL
2016-09-16,37.02000045776367,37.15999984741211,36.59000015258789,36.77000045776367,32.64106369018555,11257500,DAL
2016-09-19,36.90999984741211,37.7400016784668,36.849998474121094,37.56999969482422,33.35124588012695,8768200,DAL
2016-09-20,37.599998474121094,38.11000061035156,37.40999984741211,37.630001068115234,33.404510498046875,7551400,DAL
2016-09-21,37.790000915527344,38.29999923706055,37.47999954223633,38.04999923706055,33.777339935302734,8529600,DAL
2016-09-22,38.15999984741211,38.959999084472656,38.150001525878906,38.5,34.176815032958984,10917000,DAL
2016-09-23,38.18000030517578,38.93000030517578,38.18000030517578,38.779998779296875,34.425376892089844,6841200,DAL
2016-09-26,38.52000045776367,38.75,37.90999984741211,38.040000915527344,33.76845932006836,7854400,DAL
2016-09-27,38.0,39.25,37.97999954223633,39.209999084472656,34.807090759277344,9596600,DAL
2016-09-28,39.29999923706055,40.22999954223633,39.11000061035156,39.22999954223633,34.82484436035156,10552400,DAL
2016-09-29,39.060001373291016,39.68000030517578,39.02000045776367,39.029998779296875,34.64729690551758,7181000,DAL
2016-09-30,39.150001525878906,39.599998474121094,38.93000030517578,39.36000061035156,34.940242767333984,8889300,DAL
2016-10-03,39.25,40.04999923706055,39.209999084472656,39.97999954223633,35.49062728881836,11629700,DAL
2016-10-04,41.25,41.380001068115234,40.099998474121094,40.150001525878906,35.641536712646484,12479200,DAL
2016-10-05,40.15999984741211,40.47999954223633,40.04999923706055,40.31999969482422,35.792442321777344,7408700,DAL
2016-10-06,40.2599983215332,40.380001068115234,39.75,39.939998626708984,35.455116271972656,9184300,DAL
2016-10-07,39.869998931884766,39.93000030517578,38.79999923706055,38.95000076293945,34.5762825012207,10707000,DAL
2016-10-10,39.209999084472656,39.95000076293945,39.189998626708984,39.77000045776367,35.30420684814453,7994100,DAL
2016-10-11,40.25,40.2599983215332,38.790000915527344,38.939998626708984,34.56740951538086,12166600,DAL
2016-10-12,39.0099983215332,39.5,38.560001373291016,39.27000045776367,34.8603515625,11127500,DAL
2016-10-13,38.529998779296875,40.880001068115234,37.90999984741211,40.0099983215332,35.51725387573242,24274100,DAL
2016-10-14,40.45000076293945,40.75,39.81999969482422,40.040000915527344,35.54387664794922,12133300,DAL
2016-10-17,39.7400016784668,40.4900016784668,39.2599983215332,39.349998474121094,34.93136215209961,10535100,DAL
2016-10-18,39.38999938964844,40.27000045776367,39.04999923706055,39.459999084472656,35.02900695800781,13433800,DAL
2016-10-19,39.54999923706055,40.91999816894531,39.189998626708984,40.900001525878906,36.30731964111328,13814400,DAL
2016-10-20,40.81999969482422,41.540000915527344,40.72999954223633,41.459999084472656,36.8044319152832,14613500,DAL
2016-10-21,41.08000183105469,41.310001373291016,40.65999984741211,41.16999816894531,36.547000885009766,9050900,DAL
2016-10-24,41.38999938964844,41.75,41.150001525878906,41.369998931884766,36.72452926635742,8714100,DAL
2016-10-25,41.20000076293945,41.88999938964844,40.95000076293945,41.209999084472656,36.58250427246094,8696400,DAL
2016-10-26,40.150001525878906,42.40999984741211,40.04999923706055,41.400001525878906,36.75117111206055,14175900,DAL
2016-10-27,41.619998931884766,42.25,40.91999816894531,41.470001220703125,36.81330871582031,9546700,DAL
2016-10-28,41.38999938964844,41.880001068115234,41.0,41.34000015258789,36.697898864746094,8474700,DAL
2016-10-31,41.720001220703125,41.81999969482422,41.130001068115234,41.77000045776367,37.079620361328125,8697100,DAL
2016-11-01,41.84000015258789,42.47999954223633,41.54999923706055,41.880001068115234,37.177276611328125,10889300,DAL
2016-11-02,41.84000015258789,42.369998931884766,41.720001220703125,41.93000030517578,37.22166061401367,10361500,DAL
2016-11-03,42.060001373291016,42.56999969482422,41.77000045776367,41.91999816894531,37.212772369384766,8142800,DAL
2016-11-04,41.810001373291016,43.2400016784668,41.75,42.880001068115234,38.06498718261719,10813000,DAL
2016-11-07,43.400001525878906,44.61000061035156,43.029998779296875,44.209999084472656,39.245635986328125,11534700,DAL
2016-11-08,43.630001068115234,44.63999938964844,43.130001068115234,44.529998779296875,39.712039947509766,9732800,DAL
2016-11-09,43.70000076293945,45.4900016784668,43.56999969482422,45.25,40.35414505004883,13290300,DAL
2016-11-10,45.41999816894531,46.130001068115234,44.970001220703125,45.95000076293945,40.97840881347656,20759900,DAL
2016-11-11,45.75,46.95000076293945,45.27000045776367,46.380001068115234,41.36187744140625,10272900,DAL
2016-11-14,46.619998931884766,47.47999954223633,46.61000061035156,47.470001220703125,42.333946228027344,11932500,DAL
2016-11-15,49.02000045776367,49.2400016784668,47.0,47.650001525878906,42.494483947753906,14153200,DAL
2016-11-16,47.59000015258789,47.7400016784668,47.15999984741211,47.380001068115234,42.253692626953125,6886400,DAL
2016-11-17,47.40999984741211,48.529998779296875,47.209999084472656,48.5099983215332,43.26142120361328,8569700,DAL
2016-11-18,48.79999923706055,48.97999954223633,48.25,48.900001525878906,43.60923385620117,8250900,DAL
2016-11-21,48.97999954223633,49.16999816894531,48.5099983215332,48.61000061035156,43.35061264038086,8665000,DAL
2016-11-22,48.84000015258789,49.29999923706055,48.75,48.900001525878906,43.60923385620117,8941800,DAL
2016-11-23,48.790000915527344,49.290000915527344,48.630001068115234,49.209999084472656,43.88569259643555,4723700,DAL
2016-11-25,49.16999816894531,49.40999984741211,48.88999938964844,49.2400016784668,43.912452697753906,2241400,DAL
2016-11-28,49.08000183105469,49.349998474121094,48.47999954223633,48.4900016784668,43.243587493896484,9227900,DAL
2016-11-29,48.529998779296875,49.04999923706055,48.22999954223633,48.59000015258789,43.332767486572266,7057000,DAL
2016-11-30,47.54999923706055,48.75,46.849998474121094,48.18000030517578,42.96712112426758,9245300,DAL
2016-12-01,47.959999084472656,48.939998626708984,47.599998474121094,47.77000045776367,42.60149002075195,9802400,DAL
2016-12-02,48.31999969482422,48.939998626708984,47.88999938964844,48.310001373291016,43.083065032958984,8869900,DAL
2016-12-05,48.5099983215332,48.810001373291016,47.59000015258789,47.81999969482422,42.64607620239258,9240200,DAL
2016-12-06,48.209999084472656,49.4900016784668,48.11000061035156,49.43000030517578,44.08188247680664,9142600,DAL
2016-12-07,49.439998626708984,51.33000183105469,49.18000030517578,51.099998474121094,45.571197509765625,10667600,DAL
2016-12-08,51.099998474121094,51.91999816894531,50.540000915527344,51.349998474121094,45.79414749145508,9489100,DAL
2016-12-09,52.0,52.7599983215332,51.2599983215332,51.779998779296875,46.17762756347656,8526700,DAL
2016-12-12,51.029998779296875,51.34000015258789,49.93000030517578,49.970001220703125,44.56346130371094,8648700,DAL
2016-12-13,50.02000045776367,50.70000076293945,49.619998931884766,49.65999984741211,44.287010192871094,8855500,DAL
2016-12-14,49.86000061035156,50.58000183105469,49.58000183105469,49.81999969482422,44.429691314697266,9555000,DAL
2016-12-15,50.47999954223633,51.7400016784668,50.43000030517578,50.5,45.036109924316406,10302100,DAL
2016-12-16,51.02000045776367,51.5,50.09000015258789,50.15999984741211,44.732906341552734,10039600,DAL
2016-12-19,50.220001220703125,50.7400016784668,50.189998626708984,50.41999816894531,44.96477127075195,4998300,DAL
2016-12-20,50.43000030517578,51.150001525878906,50.41999816894531,50.7599983215332,45.26797866821289,6176300,DAL
2016-12-21,50.68000030517578,51.150001525878906,50.45000076293945,50.91999816894531,45.410667419433594,4077700,DAL
2016-12-22,50.77000045776367,50.849998474121094,49.65999984741211,49.79999923706055,44.41185760498047,5407300,DAL
2016-12-23,49.939998626708984,50.13999938964844,49.779998779296875,49.88999938964844,44.49210739135742,4046300,DAL
2016-12-27,49.95000076293945,50.61000061035156,49.93000030517578,50.36000061035156,44.911258697509766,3365600,DAL
2016-12-28,50.349998474121094,50.459999084472656,49.45000076293945,49.5099983215332,44.153228759765625,4520200,DAL
2016-12-29,49.540000915527344,49.849998474121094,49.209999084472656,49.310001373291016,43.97487258911133,3348300,DAL
2016-12-30,49.34000015258789,49.560001373291016,48.869998931884766,49.189998626708984,43.86784744262695,4532400,DAL
2017-01-03,49.369998931884766,50.13999938964844,49.16999816894531,49.47999954223633,44.1264762878418,5423200,DAL
2017-01-04,50.09000015258789,50.93000030517578,49.9900016784668,50.70000076293945,45.21448516845703,7898600,DAL
2017-01-05,50.40999984741211,50.689998626708984,49.5,49.72999954223633,44.34942626953125,5806200,DAL
2017-01-06,49.790000915527344,50.29999923706055,49.220001220703125,49.68000030517578,44.30484390258789,6922700,DAL
2017-01-09,49.459999084472656,50.16999816894531,49.41999816894531,49.689998626708984,44.31374740600586,5332900,DAL
2017-01-10,49.93000030517578,51.349998474121094,49.86000061035156,50.93000030517578,45.41959762573242,8440500,DAL
2017-01-11,51.459999084472656,51.7400016784668,50.650001525878906,51.439998626708984,45.87441635131836,10001600,DAL
2017-01-12,51.29999923706055,52.0,49.66999816894531,50.88999938964844,45.38391876220703,14284800,DAL
2017-01-13,50.790000915527344,51.63999938964844,50.779998779296875,51.22999954223633,45.687137603759766,7380600,DAL
2017-01-17,50.9900016784668,51.220001220703125,50.189998626708984,50.33000183105469,44.88450241088867,7477500,DAL
2017-01-18,50.13999938964844,50.79999923706055,49.790000915527344,50.29999923706055,44.857765197753906,7076500,DAL
2017-01-19,50.279998779296875,50.5,49.619998931884766,49.70000076293945,44.32267761230469,7012700,DAL
2017-01-20,49.77000045776367,50.540000915527344,49.709999084472656,50.5,45.036109924316406,7722400,DAL
2017-01-23,50.279998779296875,50.43000030517578,48.77000045776367,48.77000045776367,43.49330139160156,8753100,DAL
2017-01-24,48.90999984741211,49.7599983215332,48.81999969482422,49.439998626708984,44.09080505371094,6398100,DAL
2017-01-25,49.9900016784668,50.43000030517578,49.810001373291016,50.189998626708984,44.75966262817383,8096300,DAL
2017-01-26,50.689998626708984,51.540000915527344,50.560001373291016,50.900001525878906,45.39284133911133,8905600,DAL
2017-01-27,51.0,51.119998931884766,49.56999969482422,49.70000076293945,44.32267761230469,6852000,DAL
2017-01-30,48.95000076293945,48.95000076293945,47.540000915527344,47.66999816894531,42.5123176574707,12745600,DAL
2017-01-31,47.790000915527344,47.83000183105469,46.56999969482422,47.2400016784668,42.12883758544922,12533800,DAL
2017-02-01,47.47999954223633,47.77000045776367,47.040000915527344,47.2599983215332,42.146671295166016,8377500,DAL
2017-02-02,46.59000015258789,47.65999984741211,46.47999954223633,47.380001068115234,42.253692626953125,8795700,DAL
2017-02-03,47.52000045776367,48.0,47.40999984741211,47.810001373291016,42.63716506958008,5632300,DAL
2017-02-06,48.189998626708984,48.68000030517578,47.93000030517578,48.2599983215332,43.03846740722656,7169200,DAL
2017-02-07,48.439998626708984,48.939998626708984,48.08000183105469,48.150001525878906,42.94038009643555,7262900,DAL
2017-02-08,48.2599983215332,48.29999923706055,47.72999954223633,48.099998474121094,42.89577865600586,5342600,DAL
2017-02-09,48.099998474121094,49.54999923706055,48.099998474121094,49.33000183105469,43.992706298828125,7274700,DAL
2017-02-10,49.54999923706055,49.56999969482422,49.02000045776367,49.2599983215332,43.930274963378906,5322600,DAL
2017-02-13,49.369998931884766,50.41999816894531,49.279998779296875,50.060001373291016,44.643733978271484,6565900,DAL
2017-02-14,49.81999969482422,49.9900016784668,49.099998474121094,49.86000061035156,44.46535873413086,7024600,DAL
2017-02-15,50.95000076293945,51.959999084472656,50.529998779296875,51.16999816894531,45.63362503051758,12705000,DAL
2017-02-16,51.15999984741211,51.16999816894531,50.59000015258789,50.83000183105469,45.330413818359375,6626700,DAL
2017-02-17,50.59000015258789,51.22999954223633,50.189998626708984,51.22999954223633,45.687137603759766,5428000,DAL
2017-02-21,51.29999923706055,51.529998779296875,50.970001220703125,51.209999084472656,45.6693000793457,6406500,DAL
2017-02-22,51.0,51.13999938964844,50.47999954223633,50.93000030517578,45.6003532409668,4345100,DAL
2017-02-23,51.119998931884766,51.4900016784668,50.189998626708984,50.47999954223633,45.19744873046875,6470900,DAL
2017-02-24,50.380001068115234,50.52000045776367,49.880001068115234,50.459999084472656,45.17953109741211,8154700,DAL
2017-02-27,50.33000183105469,50.459999084472656,49.83000183105469,50.439998626708984,45.1616325378418,7574200,DAL
2017-02-28,50.5,50.599998474121094,49.86000061035156,49.93000030517578,44.70500183105469,6950200,DAL
2017-03-01,50.40999984741211,51.869998931884766,50.349998474121094,51.029998779296875,45.68989181518555,14144700,DAL
2017-03-02,50.0,50.689998626708984,49.810001373291016,49.959999084472656,44.731849670410156,12527200,DAL
2017-03-03,50.0099983215332,50.63999938964844,49.720001220703125,50.130001068115234,44.884071350097656,11170800,DAL
2017-03-06,49.5,49.849998474121094,48.209999084472656,48.849998474121094,43.73802185058594,11368700,DAL
2017-03-07,48.52000045776367,48.66999816894531,47.56999969482422,47.63999938964844,42.654632568359375,10266200,DAL
2017-03-08,47.68000030517578,47.970001220703125,47.52000045776367,47.66999816894531,42.68150329589844,7165900,DAL
2017-03-09,47.689998626708984,48.349998474121094,46.959999084472656,47.25,42.30546188354492,8790500,DAL
2017-03-10,47.310001373291016,47.97999954223633,47.209999084472656,47.90999984741211,42.896385192871094,6263100,DAL
2017-03-13,47.900001525878906,48.220001220703125,47.16999816894531,47.349998474121094,42.39499282836914,6995300,DAL
2017-03-14,47.02000045776367,47.06999969482422,46.119998931884766,46.279998779296875,41.43695831298828,14313200,DAL
2017-03-15,45.93000030517578,47.4900016784668,45.22999954223633,47.189998626708984,42.25173568725586,17933000,DAL
2017-03-16,47.619998931884766,47.70000076293945,47.02000045776367,47.40999984741211,42.448707580566406,7899000,DAL
2017-03-17,47.619998931884766,47.650001525878906,46.5099983215332,46.5099983215332,41.64289474487305,12295000,DAL
2017-03-20,47.22999954223633,47.22999954223633,46.54999923706055,46.849998474121094,41.94731521606445,5867100,DAL
2017-03-21,47.06999969482422,47.18000030517578,45.43000030517578,45.52000045776367,40.75649642944336,10366200,DAL
2017-03-22,45.25,45.84000015258789,44.470001220703125,45.7400016784668,40.95347213745117,12064000,DAL
2017-03-23,45.869998931884766,46.220001220703125,45.470001220703125,45.91999816894531,41.1146354675293,5589200,DAL
2017-03-24,46.099998474121094,46.310001373291016,45.599998474121094,46.0,41.1862678527832,6290300,DAL
2017-03-27,45.369998931884766,46.2599983215332,45.08000183105469,46.099998474121094,41.275794982910156,9023000,DAL
2017-03-28,46.099998474121094,46.79999923706055,45.7599983215332,46.529998779296875,41.66080093383789,7321200,DAL
2017-03-29,46.41999816894531,46.650001525878906,45.72999954223633,45.95000076293945,41.14149856567383,6321100,DAL
2017-03-30,46.02000045776367,46.47999954223633,45.90999984741211,46.27000045776367,41.428009033203125,4909100,DAL
2017-03-31,46.119998931884766,46.290000915527344,45.88999938964844,45.959999084472656,41.15044021606445,7052700,DAL
2017-04-03,45.959999084472656,46.34000015258789,45.56999969482422,46.31999969482422,41.4727783203125,7398100,DAL
2017-04-04,45.84000015258789,46.04999923706055,45.0,45.11000061035156,40.389400482177734,8765500,DAL
2017-04-05,45.43000030517578,46.099998474121094,45.040000915527344,45.08000183105469,40.362545013427734,8313400,DAL
2017-04-06,45.119998931884766,45.65999984741211,44.869998931884766,45.2599983215332,40.52370071411133,6080400,DAL
2017-04-07,45.220001220703125,45.40999984741211,44.75,45.16999816894531,40.4431266784668,9007300,DAL
2017-04-10,45.06999969482422,45.22999954223633,44.599998474121094,44.970001220703125,40.26404571533203,9945400,DAL
2017-04-11,45.0,45.31999969482422,44.4900016784668,45.290000915527344,40.55055236816406,10506800,DAL
2017-04-12,46.970001220703125,47.16999816894531,45.0,45.04999923706055,40.33567810058594,14332800,DAL
2017-04-13,44.88999938964844,45.0,43.810001373291016,44.029998779296875,39.42242431640625,14894000,DAL
2017-04-17,44.130001068115234,44.45000076293945,44.0,44.349998474121094,39.70892333984375,7140300,DAL
2017-04-18,44.20000076293945,44.779998779296875,43.970001220703125,44.40999984741211,39.76266098022461,7973800,DAL
2017-04-19,44.810001373291016,45.599998474121094,44.70000076293945,45.08000183105469,40.362545013427734,8488200,DAL
2017-04-20,45.40999984741211,46.16999816894531,45.25,45.93000030517578,41.12358856201172,7679200,DAL
2017-04-21,45.849998474121094,46.040000915527344,45.29999923706055,45.529998779296875,40.76544189453125,6396000,DAL
2017-04-24,46.5,46.93000030517578,46.06999969482422,46.810001373291016,41.91150665283203,12522600,DAL
2017-04-25,47.13999938964844,47.54999923706055,46.70000076293945,46.72999954223633,41.83988571166992,7873900,DAL
2017-04-26,46.72999954223633,47.060001373291016,46.34000015258789,46.369998931884766,41.517547607421875,7610700,DAL
2017-04-27,45.68000030517578,45.86000061035156,44.86000061035156,45.7400016784668,40.95347213745117,12388000,DAL
2017-04-28,45.900001525878906,46.040000915527344,45.290000915527344,45.439998626708984,40.68486022949219,6600000,DAL
2017-05-01,45.59000015258789,46.0,45.400001525878906,45.400001525878906,40.6490478515625,6378900,DAL
2017-05-02,45.66999816894531,47.93000030517578,45.5099983215332,47.83000183105469,42.824764251708984,12931000,DAL
2017-05-03,47.65999984741211,48.4900016784668,47.540000915527344,48.310001373291016,43.25453567504883,9912400,DAL
2017-05-04,48.459999084472656,48.79999923706055,48.20000076293945,48.63999938964844,43.549991607666016,7467400,DAL
2017-05-05,48.630001068115234,49.029998779296875,48.25,48.70000076293945,43.60371780395508,5275200,DAL
2017-05-08,48.72999954223633,49.09000015258789,48.400001525878906,48.52000045776367,43.44254684448242,8671600,DAL
2017-05-09,49.0,49.939998626708984,48.880001068115234,49.560001373291016,44.373722076416016,8759600,DAL
2017-05-10,49.349998474121094,49.9900016784668,49.20000076293945,49.970001220703125,44.740821838378906,7548700,DAL
2017-05-11,50.0099983215332,50.18000030517578,48.90999984741211,49.689998626708984,44.49011993408203,8817400,DAL
2017-05-12,49.4900016784668,49.56999969482422,48.900001525878906,48.9900016784668,43.86337661743164,7180500,DAL
2017-05-15,49.119998931884766,49.709999084472656,49.0,49.5099983215332,44.32894515991211,5539300,DAL
2017-05-16,49.619998931884766,49.63999938964844,48.779998779296875,49.5099983215332,44.32894515991211,6422800,DAL
2017-05-17,49.310001373291016,49.310001373291016,47.66999816894531,47.7400016784668,42.92015838623047,8274500,DAL
2017-05-18,47.63999938964844,48.290000915527344,47.54999923706055,47.65999984741211,42.84823989868164,5071000,DAL
2017-05-19,47.849998474121094,48.63999938964844,47.810001373291016,48.20000076293945,43.333709716796875,6137000,DAL
2017-05-22,48.369998931884766,48.720001220703125,48.34000015258789,48.4900016784668,43.59444808959961,6548300,DAL
2017-05-23,48.560001373291016,48.83000183105469,48.310001373291016,48.59000015258789,43.68434524536133,5592300,DAL
2017-05-24,48.66999816894531,48.970001220703125,48.47999954223633,48.869998931884766,43.93607711791992,5139600,DAL
2017-05-25,48.9900016784668,50.43000030517578,48.959999084472656,50.400001525878906,45.31160354614258,7421000,DAL
2017-05-26,50.310001373291016,50.95000076293945,50.310001373291016,50.79999923706055,45.67121505737305,5778500,DAL
2017-05-30,50.59000015258789,50.59000015258789,49.040000915527344,49.060001373291016,44.10689926147461,10523500,DAL
2017-05-31,49.189998626708984,49.349998474121094,48.52000045776367,49.130001068115234,44.169830322265625,8088900,DAL
2017-06-01,49.31999969482422,50.06999969482422,49.29999923706055,49.849998474121094,44.817134857177734,7431600,DAL
2017-06-02,50.54999923706055,51.880001068115234,50.5,51.189998626708984,46.021846771240234,11872100,DAL
2017-06-05,50.9900016784668,51.4900016784668,50.56999969482422,51.38999938964844,46.201656341552734,9018000,DAL
2017-06-06,51.150001525878906,51.689998626708984,51.04999923706055,51.22999954223633,46.05780792236328,6826300,DAL
2017-06-07,51.0099983215332,52.5,50.650001525878906,52.27000045776367,46.99281692504883,10888400,DAL
2017-06-08,52.27000045776367,53.45000076293945,52.20000076293945,52.84000015258789,47.50526428222656,9057200,DAL
2017-06-09,52.900001525878906,53.56999969482422,52.65999984741211,53.0099983215332,47.65809631347656,9709000,DAL
2017-06-12,52.95000076293945,52.970001220703125,51.369998931884766,52.25,46.97483444213867,9751100,DAL
2017-06-13,52.2599983215332,52.84000015258789,51.459999084472656,51.869998931884766,46.63319778442383,8280600,DAL
2017-06-14,52.0099983215332,52.20000076293945,51.540000915527344,51.90999984741211,46.669158935546875,6019000,DAL
2017-06-15,51.630001068115234,51.84000015258789,50.91999816894531,51.560001373291016,46.354496002197266,6871200,DAL
2017-06-16,51.54999923706055,52.0,51.25,52.0,46.75006866455078,6254500,DAL
2017-06-19,52.099998474121094,52.630001068115234,51.939998626708984,52.5099983215332,47.20857620239258,7674700,DAL
2017-06-20,52.68000030517578,52.79999923706055,51.65999984741211,51.7599983215332,46.53430938720703,7050100,DAL
2017-06-21,52.04999923706055,52.58000183105469,51.75,52.27000045776367,46.99281692504883,5135100,DAL
2017-06-22,52.9900016784668,53.20000076293945,52.16999816894531,52.810001373291016,47.47828674316406,7240900,DAL
2017-06-23,52.79999923706055,53.16999816894531,52.619998931884766,52.91999816894531,47.57718276977539,15792900,DAL
2017-06-26,53.02000045776367,53.790000915527344,52.70000076293945,52.869998931884766,47.5322380065918,6127500,DAL
2017-06-27,52.86000061035156,53.209999084472656,52.599998474121094,52.84000015258789,47.50526428222656,5921800,DAL
2017-06-28,53.25,54.20000076293945,53.25,53.84000015258789,48.4043083190918,6745200,DAL
2017-06-29,54.11000061035156,54.529998779296875,53.68000030517578,53.869998931884766,48.431270599365234,7188300,DAL
2017-06-30,54.0,54.279998779296875,53.72999954223633,53.7400016784668,48.31439971923828,5012800,DAL
2017-07-03,54.2599983215332,54.709999084472656,53.7400016784668,54.060001373291016,48.602088928222656,3532100,DAL
2017-07-05,54.150001525878906,54.61000061035156,53.7400016784668,54.33000183105469,48.84483337402344,5793000,DAL
2017-07-06,54.18000030517578,54.84000015258789,53.88999938964844,54.369998931884766,48.880794525146484,6221400,DAL
2017-07-07,54.54999923706055,55.5,54.279998779296875,55.459999084472656,49.86074447631836,7493300,DAL
2017-07-10,55.040000915527344,55.75,54.63999938964844,54.810001373291016,49.27637481689453,7971800,DAL
2017-07-11,54.81999969482422,55.040000915527344,54.18000030517578,54.279998779296875,48.79988098144531,5442100,DAL
2017-07-12,54.79999923706055,55.59000015258789,54.75,55.47999954223633,49.87873458862305,12101600,DAL
2017-07-13,54.54999923706055,55.029998779296875,53.81999969482422,54.5,48.9976692199707,13257400,DAL
2017-07-14,54.5,55.38999938964844,54.400001525878906,55.130001068115234,49.564064025878906,9228700,DAL
2017-07-17,55.20000076293945,55.290000915527344,54.61000061035156,54.63999938964844,49.12354278564453,5387400,DAL
2017-07-18,54.5,54.5,53.880001068115234,53.959999084472656,48.5121955871582,6421200,DAL
2017-07-19,53.77000045776367,54.34000015258789,53.099998474121094,53.790000915527344,48.35935592651367,10733000,DAL
2017-07-20,53.790000915527344,53.90999984741211,52.7599983215332,52.83000183105469,47.496273040771484,8418300,DAL
2017-07-21,52.54999923706055,52.70000076293945,52.06999969482422,52.2599983215332,46.98381805419922,6847600,DAL
2017-07-24,52.15999984741211,52.40999984741211,51.41999816894531,51.529998779296875,46.32752227783203,8208700,DAL
2017-07-25,51.91999816894531,52.209999084472656,51.08000183105469,51.13999938964844,45.97690200805664,5815200,DAL
2017-07-26,51.150001525878906,51.27000045776367,50.630001068115234,51.130001068115234,45.96790313720703,8065100,DAL
2017-07-27,50.400001525878906,50.97999954223633,49.529998779296875,50.08000183105469,45.02391815185547,12402000,DAL
2017-07-28,49.9900016784668,50.380001068115234,49.400001525878906,50.33000183105469,45.2486686706543,8652600,DAL
2017-07-31,50.470001220703125,50.70000076293945,49.2599983215332,49.36000061035156,44.376609802246094,9575700,DAL
2017-08-01,49.779998779296875,50.20000076293945,49.2599983215332,50.06999969482422,45.01492691040039,7849800,DAL
2017-08-02,50.0099983215332,50.29999923706055,49.47999954223633,50.0099983215332,44.96097946166992,5215100,DAL
2017-08-03,50.119998931884766,50.7400016784668,49.93000030517578,50.56999969482422,45.464447021484375,5250300,DAL
2017-08-04,50.7400016784668,50.79999923706055,50.34000015258789,50.61000061035156,45.500396728515625,4426500,DAL
2017-08-07,51.20000076293945,51.54999923706055,50.689998626708984,50.75,45.62627029418945,6241700,DAL
2017-08-08,50.75,51.040000915527344,50.22999954223633,50.310001373291016,45.2307014465332,5847200,DAL
2017-08-09,50.0,50.099998474121094,49.5,49.66999816894531,44.65530776977539,6692200,DAL
2017-08-10,49.56999969482422,49.650001525878906,48.97999954223633,49.040000915527344,44.08891296386719,8925200,DAL
2017-08-11,48.95000076293945,49.58000183105469,48.459999084472656,49.47999954223633,44.4844970703125,6318900,DAL
2017-08-14,49.9900016784668,50.2400016784668,49.65999984741211,50.06999969482422,45.01492691040039,4666000,DAL
2017-08-15,50.25,50.33000183105469,49.86000061035156,49.91999816894531,44.880062103271484,4067600,DAL
2017-08-16,50.2400016784668,50.5,50.06999969482422,50.130001068115234,45.06886291503906,3696000,DAL
2017-08-17,50.02000045776367,50.150001525878906,47.5,47.529998779296875,42.731361389160156,12043200,DAL
2017-08-18,47.720001220703125,48.119998931884766,47.29999923706055,47.529998779296875,42.731361389160156,8395100,DAL
2017-08-21,47.4900016784668,47.900001525878906,47.349998474121094,47.810001373291016,43.26069259643555,4650400,DAL
2017-08-22,47.91999816894531,48.06999969482422,47.09000015258789,47.150001525878906,42.66349411010742,6762800,DAL
2017-08-23,46.959999084472656,47.0,45.790000915527344,46.18000030517578,41.785797119140625,10997800,DAL
2017-08-24,46.47999954223633,46.5,45.0,45.209999084472656,40.908084869384766,13780200,DAL
2017-08-25,45.43000030517578,47.060001373291016,45.349998474121094,46.68000030517578,42.238224029541016,13938800,DAL
2017-08-28,46.83000183105469,47.209999084472656,46.650001525878906,46.95000076293945,42.48253631591797,7816400,DAL
2017-08-29,46.13999938964844,46.79999923706055,45.86000061035156,46.619998931884766,42.18393325805664,5648800,DAL
2017-08-30,46.459999084472656,47.0,46.099998474121094,46.83000183105469,42.37395095825195,5960200,DAL
2017-08-31,47.0,47.34000015258789,46.84000015258789,47.189998626708984,42.69968795776367,5937200,DAL
2017-09-01,47.41999816894531,47.849998474121094,47.290000915527344,47.52000045776367,42.998287200927734,6099600,DAL
2017-09-05,46.77000045776367,47.27000045776367,45.7400016784668,45.84000015258789,41.47815704345703,11344700,DAL
2017-09-06,45.220001220703125,47.45000076293945,44.59000015258789,47.38999938964844,42.88066864013672,18675300,DAL
2017-09-07,47.29999923706055,47.79999923706055,46.970001220703125,47.119998931884766,42.6363525390625,7329100,DAL
2017-09-08,46.97999954223633,47.77000045776367,46.88999938964844,47.45000076293945,42.9349479675293,6110700,DAL
2017-09-11,47.95000076293945,49.209999084472656,47.939998626708984,48.81999969482422,44.17460632324219,12512600,DAL
2017-09-12,48.939998626708984,49.15999984741211,48.540000915527344,49.040000915527344,44.3736572265625,5813300,DAL
2017-09-13,48.959999084472656,49.130001068115234,48.63999938964844,48.97999954223633,44.31937026977539,6255100,DAL
2017-09-14,48.900001525878906,48.91999816894531,48.13999938964844,48.27000045776367,43.67692184448242,6283900,DAL
2017-09-15,48.04999923706055,48.45000076293945,47.849998474121094,48.25,43.65882873535156,17746200,DAL
2017-09-18,48.33000183105469,48.45000076293945,47.77000045776367,47.959999084472656,43.39642333984375,6011400,DAL
2017-09-19,48.0099983215332,48.97999954223633,47.75,47.900001525878906,43.34213638305664,6782300,DAL
2017-09-20,48.0,48.599998474121094,47.779998779296875,48.040000915527344,43.468807220458984,5535000,DAL
2017-09-21,48.0,48.349998474121094,47.41999816894531,48.15999984741211,43.57738494873047,6235600,DAL
2017-09-22,48.2599983215332,48.65999984741211,48.099998474121094,48.470001220703125,43.85789108276367,4601600,DAL
2017-09-25,48.41999816894531,48.65999984741211,47.81999969482422,48.31999969482422,43.72216796875,6603400,DAL
2017-09-26,48.459999084472656,49.04999923706055,48.27000045776367,48.5,43.885032653808594,5232000,DAL
2017-09-27,48.900001525878906,49.279998779296875,47.119998931884766,47.720001220703125,43.179264068603516,11658300,DAL
2017-09-28,47.459999084472656,48.720001220703125,47.459999084472656,48.310001373291016,43.7131233215332,8309100,DAL
2017-09-29,48.400001525878906,48.650001525878906,48.0,48.220001220703125,43.631690979003906,5533100,DAL
2017-10-02,48.349998474121094,48.52000045776367,47.900001525878906,48.06999969482422,43.49595260620117,8604800,DAL
2017-10-03,48.150001525878906,51.369998931884766,48.150001525878906,51.25,46.37336349487305,16065400,DAL
2017-10-04,51.220001220703125,52.06999969482422,50.97999954223633,51.560001373291016,46.653873443603516,8265100,DAL
2017-10-05,51.5099983215332,51.77000045776367,51.2599983215332,51.68000030517578,46.76245880126953,5276300,DAL
2017-10-06,51.400001525878906,52.52000045776367,51.400001525878906,52.0099983215332,47.0610466003418,6735400,DAL
2017-10-09,52.06999969482422,52.43000030517578,51.439998626708984,51.7400016784668,46.816741943359375,4624800,DAL
2017-10-10,52.72999954223633,53.709999084472656,52.470001220703125,52.70000076293945,47.685386657714844,11332100,DAL
2017-10-11,53.380001068115234,53.970001220703125,52.5,53.06999969482422,48.02019119262695,11817800,DAL
2017-10-12,53.099998474121094,53.189998626708984,52.540000915527344,53.11000061035156,48.0563850402832,5819300,DAL
2017-10-13,53.11000061035156,54.040000915527344,53.02000045776367,53.959999084472656,48.82551193237305,7242800,DAL
2017-10-16,53.779998779296875,53.849998474121094,53.279998779296875,53.619998931884766,48.51784896850586,4810900,DAL
2017-10-17,53.5099983215332,54.060001373291016,52.65999984741211,52.7599983215332,47.73967742919922,6547600,DAL
2017-10-18,52.849998474121094,53.119998931884766,52.66999816894531,52.86000061035156,47.83016586303711,5402400,DAL
2017-10-19,52.56999969482422,52.79999923706055,51.369998931884766,52.27000045776367,47.29631423950195,9567800,DAL
2017-10-20,52.619998931884766,53.279998779296875,52.529998779296875,53.27000045776367,48.20115661621094,6707800,DAL
2017-10-23,53.29999923706055,53.36000061035156,52.22999954223633,52.279998779296875,47.305355072021484,4095100,DAL
2017-10-24,52.5,53.380001068115234,52.029998779296875,53.18000030517578,48.119720458984375,5306700,DAL
2017-10-25,53.2599983215332,53.29999923706055,52.130001068115234,52.2400016784668,47.26915740966797,6043500,DAL
2017-10-26,52.869998931884766,53.619998931884766,50.7400016784668,50.93000030517578,46.08380889892578,10913600,DAL
2017-10-27,50.91999816894531,51.2400016784668,49.95000076293945,50.560001373291016,45.7490119934082,7574000,DAL
2017-10-30,50.220001220703125,50.66999816894531,50.0099983215332,50.33000183105469,45.5409049987793,3960500,DAL
2017-10-31,50.29999923706055,50.560001373291016,49.95000076293945,50.029998779296875,45.26945495605469,4755400,DAL
2017-11-01,50.189998626708984,50.93000030517578,49.95000076293945,50.349998474121094,45.558998107910156,5833700,DAL
2017-11-02,50.47999954223633,50.4900016784668,49.63999938964844,50.34000015258789,45.54995346069336,6437200,DAL
2017-11-03,50.4900016784668,50.689998626708984,49.880001068115234,50.400001525878906,45.604244232177734,4145000,DAL
2017-11-06,50.400001525878906,51.16999816894531,50.279998779296875,50.56999969482422,45.75807189941406,6259900,DAL
2017-11-07,50.56999969482422,50.619998931884766,49.7599983215332,49.90999984741211,45.16087341308594,4427000,DAL
2017-11-08,49.75,50.400001525878906,49.459999084472656,50.060001373291016,45.29659652709961,3511700,DAL
2017-11-09,49.70000076293945,49.9900016784668,49.11000061035156,49.189998626708984,44.50938415527344,5594200,DAL
2017-11-10,49.189998626708984,49.369998931884766,48.83000183105469,48.88999938964844,44.2379264831543,7048500,DAL
2017-11-13,48.599998474121094,48.900001525878906,48.33000183105469,48.86000061035156,44.21078109741211,5182500,DAL
2017-11-14,48.81999969482422,48.9900016784668,48.560001373291016,48.900001525878906,44.24699020385742,4855600,DAL
2017-11-15,48.65999984741211,49.540000915527344,48.34000015258789,49.33000183105469,44.63605880737305,6561300,DAL
2017-11-16,49.459999084472656,50.650001525878906,49.41999816894531,50.45000076293945,45.93349075317383,6969900,DAL
2017-11-17,50.04999923706055,50.189998626708984,49.529998779296875,49.81999969482422,45.35988998413086,5005600,DAL
2017-11-20,49.84000015258789,49.900001525878906,49.119998931884766,49.790000915527344,45.33258056640625,4254700,DAL
2017-11-21,50.0,50.68000030517578,49.7400016784668,50.66999816894531,46.1337890625,4833900,DAL
2017-11-22,50.540000915527344,50.83000183105469,50.27000045776367,50.40999984741211,45.89706802368164,4160200,DAL
2017-11-24,50.47999954223633,50.47999954223633,49.97999954223633,50.11000061035156,45.623931884765625,1841200,DAL
2017-11-27,50.04999923706055,50.15999984741211,49.400001525878906,49.59000015258789,45.15048599243164,5032300,DAL
2017-11-28,49.310001373291016,50.68000030517578,49.08000183105469,50.58000183105469,46.051856994628906,8571700,DAL
2017-11-29,50.83000183105469,52.75,50.70000076293945,52.099998474121094,47.43577194213867,10936400,DAL
2017-11-30,52.5,53.5,52.27000045776367,52.91999816894531,48.1823616027832,9432600,DAL
2017-12-01,52.54999923706055,53.58000183105469,51.7599983215332,52.060001373291016,47.39935302734375,8852400,DAL
2017-12-04,53.27000045776367,54.130001068115234,52.5,52.90999984741211,48.173255920410156,8867100,DAL
2017-12-05,52.84000015258789,53.16999816894531,52.310001373291016,52.38999938964844,47.699806213378906,5536800,DAL
2017-12-06,52.209999084472656,52.779998779296875,52.09000015258789,52.29999923706055,47.61786651611328,4190400,DAL
2017-12-07,52.0,53.40999984741211,51.91999816894531,53.40999984741211,48.62849426269531,7115200,DAL
2017-12-08,53.95000076293945,54.619998931884766,53.369998931884766,53.459999084472656,48.67401885986328,6642700,DAL
2017-12-11,53.720001220703125,54.86000061035156,53.5,54.369998931884766,49.5025520324707,7356000,DAL
2017-12-12,54.470001220703125,54.790000915527344,53.540000915527344,53.619998931884766,48.819698333740234,6030500,DAL
2017-12-13,53.810001373291016,53.970001220703125,53.130001068115234,53.630001068115234,48.82881164550781,6289300,DAL
2017-12-14,54.880001068115234,55.599998474121094,53.91999816894531,55.25,50.303768157958984,13621800,DAL
2017-12-15,55.38999938964844,56.4900016784668,55.36000061035156,56.099998474121094,51.077667236328125,14378900,DAL
2017-12-18,56.52000045776367,56.77000045776367,55.88999938964844,56.06999969482422,51.05037307739258,8709800,DAL
2017-12-19,56.20000076293945,56.380001068115234,55.4900016784668,55.75,50.75900650024414,6444100,DAL
2017-12-20,56.0,56.61000061035156,55.68000030517578,56.220001220703125,51.186927795410156,7234700,DAL
2017-12-21,56.4900016784668,56.84000015258789,55.900001525878906,56.029998779296875,51.01393508911133,8245100,DAL
2017-12-22,56.16999816894531,56.22999954223633,55.869998931884766,56.029998779296875,51.01393508911133,3891800,DAL
2017-12-26,55.900001525878906,56.779998779296875,55.88999938964844,56.43000030517578,51.37813186645508,3276700,DAL
2017-12-27,56.369998931884766,56.4900016784668,55.91999816894531,56.119998931884766,51.095882415771484,3766400,DAL
2017-12-28,56.18000030517578,56.5099983215332,55.9900016784668,56.349998474121094,51.3052978515625,3651800,DAL
2017-12-29,56.529998779296875,56.689998626708984,55.9900016784668,56.0,50.986637115478516,3120200,DAL
2018-01-02,56.290000915527344,56.7400016784668,55.869998931884766,56.7400016784668,51.66038131713867,5297600,DAL
2018-01-03,56.470001220703125,56.599998474121094,55.06999969482422,55.689998626708984,50.704376220703125,9332000,DAL
2018-01-04,55.72999954223633,55.86000061035156,54.93000030517578,55.689998626708984,50.704376220703125,9026100,DAL
2018-01-05,55.720001220703125,56.04999923706055,55.400001525878906,55.970001220703125,50.95932388305664,5191300,DAL
2018-01-08,55.91999816894531,56.029998779296875,54.5,54.68000030517578,49.78479766845703,9654700,DAL
2018-01-09,54.79999923706055,55.220001220703125,53.880001068115234,54.16999816894531,49.320457458496094,10374700,DAL
2018-01-10,54.7400016784668,55.95000076293945,54.720001220703125,55.86000061035156,50.85917282104492,12318300,DAL
2018-01-11,57.099998474121094,59.20000076293945,56.2599983215332,58.52000045776367,53.28103256225586,25935300,DAL
2018-01-12,59.11000061035156,60.5,58.90999984741211,59.83000183105469,54.4737548828125,12268400,DAL
2018-01-16,60.20000076293945,60.790000915527344,58.900001525878906,59.349998474121094,54.036720275878906,12082900,DAL
2018-01-17,59.630001068115234,60.15999984741211,59.470001220703125,59.720001220703125,54.373592376708984,6088100,DAL
2018-01-18,59.79999923706055,60.04999923706055,59.22999954223633,59.45000076293945,54.12776184082031,5846600,DAL
2018-01-19,59.689998626708984,60.02000045776367,59.08000183105469,60.0099983215332,54.637638092041016,6192400,DAL
2018-01-22,59.900001525878906,60.15999984741211,59.38999938964844,60.130001068115234,54.74688720703125,7055600,DAL
2018-01-23,60.099998474121094,60.279998779296875,59.40999984741211,59.93000030517578,54.56479263305664,7427100,DAL
2018-01-24,56.439998626708984,57.13999938964844,55.560001373291016,56.79999923706055,51.71500778198242,21197900,DAL
2018-01-25,57.0,57.13999938964844,54.4900016784668,54.810001373291016,49.903167724609375,18385800,DAL
2018-01-26,55.310001373291016,55.900001525878906,54.83000183105469,55.2599983215332,50.31287384033203,9431500,DAL
2018-01-29,55.0,56.20000076293945,55.0,55.7599983215332,50.76811599731445,8781700,DAL
2018-01-30,55.599998474121094,56.540000915527344,55.41999816894531,56.119998931884766,51.095882415771484,7026800,DAL
2018-01-31,56.29999923706055,57.27000045776367,56.2400016784668,56.77000045776367,51.68769073486328,8609600,DAL
2018-02-01,56.5099983215332,57.18000030517578,56.0,56.41999816894531,51.3690299987793,5492900,DAL
2018-02-02,56.08000183105469,56.27000045776367,54.540000915527344,54.619998931884766,49.730167388916016,8963000,DAL
2018-02-05,54.0,54.720001220703125,52.5,52.52000045776367,47.818172454833984,9476700,DAL
2018-02-06,51.869998931884766,53.5,51.2599983215332,53.099998474121094,48.346248626708984,12240800,DAL
2018-02-07,52.83000183105469,54.45000076293945,52.79999923706055,53.849998474121094,49.029109954833984,8995400,DAL
2018-02-08,53.849998474121094,53.900001525878906,51.209999084472656,51.22999954223633,46.64366149902344,12197900,DAL
2018-02-09,51.95000076293945,52.0,48.52000045776367,50.459999084472656,45.94259262084961,19053400,DAL
2018-02-12,51.220001220703125,52.4900016784668,50.720001220703125,52.04999923706055,47.39024353027344,10610200,DAL
2018-02-13,51.86000061035156,52.290000915527344,51.36000061035156,52.16999816894531,47.49951171875,8220600,DAL
2018-02-14,51.88999938964844,52.58000183105469,51.75,52.20000076293945,47.52682113647461,7797900,DAL
2018-02-15,52.56999969482422,53.15999984741211,51.97999954223633,52.95000076293945,48.20967102050781,4877800,DAL
2018-02-16,52.869998931884766,53.52000045776367,52.77000045776367,52.849998474121094,48.11863327026367,5556500,DAL
2018-02-20,52.529998779296875,53.209999084472656,52.29999923706055,52.470001220703125,47.77265548706055,6719400,DAL
2018-02-21,52.66999816894531,54.38999938964844,52.58000183105469,53.15999984741211,48.40087890625,7604700,DAL
2018-02-22,53.2599983215332,53.45000076293945,52.45000076293945,52.54999923706055,48.121578216552734,4899800,DAL
2018-02-23,52.79999923706055,53.47999954223633,52.630001068115234,53.459999084472656,48.95489501953125,4270200,DAL
2018-02-26,54.61000061035156,54.79999923706055,53.75,54.689998626708984,50.081233978271484,7397700,DAL
2018-02-27,54.59000015258789,55.0099983215332,53.529998779296875,53.619998931884766,49.10140609741211,5979200,DAL
2018-02-28,53.869998931884766,54.5,53.36000061035156,53.900001525878906,49.35783004760742,6328200,DAL
2018-03-01,53.869998931884766,54.959999084472656,53.0099983215332,53.349998474121094,48.85416030883789,7876800,DAL
2018-03-02,52.779998779296875,53.43000030517578,51.810001373291016,53.2599983215332,48.771751403808594,6860500,DAL
2018-03-05,52.90999984741211,54.09000015258789,52.58000183105469,53.790000915527344,49.25708770751953,5964000,DAL
2018-03-06,53.91999816894531,54.11000061035156,53.47999954223633,53.84000015258789,49.30287170410156,4690900,DAL
2018-03-07,53.36000061035156,53.65999984741211,53.130001068115234,53.529998779296875,49.01900100708008,4554400,DAL
2018-03-08,53.959999084472656,55.0099983215332,53.86000061035156,54.63999938964844,50.035457611083984,6740700,DAL
2018-03-09,54.939998626708984,56.09000015258789,54.58000183105469,56.09000015258789,51.3632698059082,6975900,DAL
2018-03-12,56.25,56.47999954223633,55.56999969482422,56.15999984741211,51.4273681640625,6337600,DAL
2018-03-13,56.36000061035156,57.0099983215332,55.459999084472656,56.59000015258789,51.82113265991211,9137400,DAL
2018-03-14,56.619998931884766,57.2599983215332,56.0099983215332,56.150001525878906,51.418209075927734,7157000,DAL
2018-03-15,56.470001220703125,56.54999923706055,55.810001373291016,56.34000015258789,51.592193603515625,4266300,DAL
2018-03-16,56.459999084472656,57.310001373291016,56.43000030517578,56.689998626708984,51.912689208984375,6546600,DAL
2018-03-19,56.540000915527344,56.72999954223633,55.529998779296875,55.959999084472656,51.24421691894531,6121000,DAL
2018-03-20,56.15999984741211,56.720001220703125,55.95000076293945,56.5,51.738712310791016,4363500,DAL
2018-03-21,55.4900016784668,56.36000061035156,54.75,55.95000076293945,51.23506164550781,9313900,DAL
2018-03-22,55.5,56.0,54.630001068115234,54.66999816894531,50.06293487548828,6631400,DAL
2018-03-23,54.779998779296875,55.209999084472656,53.84000015258789,53.900001525878906,49.35783004760742,7321400,DAL
2018-03-26,54.56999969482422,55.279998779296875,54.06999969482422,55.060001373291016,50.42005920410156,5808800,DAL
2018-03-27,55.310001373291016,55.47999954223633,53.959999084472656,54.2599983215332,49.68748474121094,6699600,DAL
2018-03-28,54.470001220703125,54.869998931884766,53.720001220703125,53.93000030517578,49.385292053222656,7473500,DAL
2018-03-29,54.02000045776367,55.220001220703125,53.75,54.810001373291016,50.191131591796875,5960300,DAL
2018-04-02,54.59000015258789,54.630001068115234,50.95000076293945,51.95000076293945,47.57215118408203,10228200,DAL
2018-04-03,52.4900016784668,53.77000045776367,52.27000045776367,53.720001220703125,49.1929931640625,6776300,DAL
2018-04-04,52.790000915527344,53.97999954223633,52.599998474121094,53.86000061035156,49.32118225097656,6378300,DAL
2018-04-05,54.310001373291016,54.47999954223633,53.70000076293945,54.209999084472656,49.64168930053711,4417800,DAL
2018-04-06,53.849998474121094,54.29999923706055,52.5099983215332,53.04999923706055,48.57943344116211,6918700,DAL
2018-04-09,53.36000061035156,53.70000076293945,52.47999954223633,52.560001373291016,48.1307487487793,6179300,DAL
2018-04-10,53.349998474121094,53.380001068115234,51.43000030517578,52.36000061035156,47.947593688964844,12220000,DAL
2018-04-11,52.0,52.540000915527344,51.36000061035156,51.470001220703125,47.132591247558594,7799600,DAL
2018-04-12,52.599998474121094,53.63999938964844,51.95000076293945,52.97999954223633,48.51533889770508,12713600,DAL
2018-04-13,53.619998931884766,54.439998626708984,52.5,52.91999816894531,48.46040725708008,9925900,DAL
2018-04-16,53.27000045776367,54.83000183105469,53.27000045776367,54.29999923706055,49.7241096496582,9490400,DAL
2018-04-17,55.0,55.20000076293945,54.029998779296875,54.54999923706055,49.95303726196289,7380400,DAL
2018-04-18,55.0099983215332,56.02000045776367,54.720001220703125,55.209999084472656,50.55741500854492,7504900,DAL
2018-04-19,55.040000915527344,55.22999954223633,54.560001373291016,55.06999969482422,50.42921829223633,5217500,DAL
2018-04-20,55.22999954223633,55.81999969482422,55.15999984741211,55.400001525878906,50.731414794921875,7445700,DAL
2018-04-23,55.77000045776367,55.79999923706055,54.16999816894531,54.61000061035156,50.00798034667969,5360400,DAL
2018-04-24,54.77000045776367,55.29999923706055,53.11000061035156,53.810001373291016,49.275394439697266,7655000,DAL
2018-04-25,53.939998626708984,54.959999084472656,53.209999084472656,54.650001525878906,50.04461669921875,7219800,DAL
2018-04-26,53.900001525878906,54.040000915527344,52.779998779296875,53.130001068115234,48.652706146240234,12130500,DAL
2018-04-27,53.27000045776367,53.70000076293945,53.09000015258789,53.5,48.99153137207031,5699000,DAL
2018-04-30,53.54999923706055,53.779998779296875,52.220001220703125,52.220001220703125,47.81938552856445,8200000,DAL
2018-05-01,52.27000045776367,52.849998474121094,51.849998474121094,52.7400016784668,48.29557800292969,6799500,DAL
2018-05-02,52.810001373291016,53.16999816894531,52.279998779296875,52.36000061035156,47.947593688964844,5142800,DAL
2018-05-03,52.02000045776367,52.119998931884766,51.09000015258789,51.790000915527344,47.42563247680664,7083100,DAL
2018-05-04,51.58000183105469,52.4900016784668,51.58000183105469,52.34000015258789,47.92927169799805,4535200,DAL
2018-05-07,52.400001525878906,52.400001525878906,51.470001220703125,51.900001525878906,47.526363372802734,6055800,DAL
2018-05-08,52.060001373291016,53.060001373291016,51.95000076293945,52.369998931884766,47.956748962402344,6361100,DAL
2018-05-09,52.16999816894531,52.279998779296875,51.459999084472656,51.619998931884766,47.26995086669922,8403900,DAL
2018-05-10,51.54999923706055,52.31999969482422,51.31999969482422,52.060001373291016,47.95622253417969,7590700,DAL
2018-05-11,52.0,53.08000183105469,51.880001068115234,52.900001525878906,48.730018615722656,7810800,DAL
2018-05-14,52.900001525878906,53.2599983215332,51.849998474121094,52.09000015258789,47.98387145996094,10466400,DAL
2018-05-15,51.970001220703125,52.720001220703125,51.7599983215332,52.369998931884766,48.241790771484375,6572800,DAL
2018-05-16,52.40999984741211,53.9900016784668,52.40999984741211,53.47999954223633,49.264286041259766,6997400,DAL
2018-05-17,53.41999816894531,53.970001220703125,53.0,53.099998474121094,48.914241790771484,6069600,DAL
2018-05-18,53.0099983215332,53.22999954223633,52.810001373291016,52.95000076293945,48.77607345581055,5819000,DAL
2018-05-21,53.27000045776367,54.349998474121094,53.2400016784668,53.97999954223633,49.724884033203125,5413600,DAL
2018-05-22,54.380001068115234,54.9900016784668,53.41999816894531,53.52000045776367,49.301143646240234,4943600,DAL
2018-05-23,53.209999084472656,53.459999084472656,52.97999954223633,53.400001525878906,49.19059753417969,3692000,DAL
2018-05-24,53.529998779296875,54.56999969482422,53.529998779296875,54.400001525878906,50.111778259277344,5251200,DAL
2018-05-25,54.650001525878906,56.119998931884766,54.619998931884766,55.869998931884766,51.465885162353516,7597300,DAL
2018-05-29,55.38999938964844,55.599998474121094,53.81999969482422,54.22999954223633,49.955169677734375,6544600,DAL
2018-05-30,54.4900016784668,54.709999084472656,53.66999816894531,54.310001373291016,50.02886199951172,4149700,DAL
2018-05-31,54.41999816894531,54.84000015258789,53.939998626708984,54.04999923706055,49.789363861083984,5365500,DAL
2018-06-01,54.41999816894531,54.72999954223633,54.06999969482422,54.41999816894531,50.130191802978516,4317800,DAL
2018-06-04,54.779998779296875,55.43000030517578,54.45000076293945,55.189998626708984,50.83949279785156,4472400,DAL
2018-06-05,54.959999084472656,55.0,54.290000915527344,54.66999816894531,50.36048889160156,4968300,DAL
2018-06-06,53.20000076293945,54.310001373291016,52.630001068115234,54.16999816894531,49.89990234375,10825300,DAL
2018-06-07,53.90999984741211,54.06999969482422,52.88999938964844,53.459999084472656,49.24586486816406,6858000,DAL
2018-06-08,53.060001373291016,54.13999938964844,53.060001373291016,54.09000015258789,49.82619857788086,5858500,DAL
2018-06-11,54.36000061035156,55.84000015258789,54.2400016784668,54.88999938964844,50.563140869140625,6800800,DAL
2018-06-12,54.84000015258789,54.84000015258789,53.97999954223633,54.54999923706055,50.24993896484375,5253700,DAL
2018-06-13,54.630001068115234,55.06999969482422,54.380001068115234,54.650001525878906,50.34206771850586,4384900,DAL
2018-06-14,54.779998779296875,55.5,54.61000061035156,54.900001525878906,50.57236099243164,5456100,DAL
2018-06-15,54.650001525878906,55.18000030517578,54.119998931884766,55.18000030517578,50.830284118652344,8125300,DAL
2018-06-18,54.72999954223633,55.060001373291016,54.29999923706055,54.79999923706055,50.48024368286133,5836500,DAL
2018-06-19,54.33000183105469,54.439998626708984,53.31999969482422,53.779998779296875,49.54064178466797,5830800,DAL
2018-06-20,54.0,54.59000015258789,53.709999084472656,53.84000015258789,49.595916748046875,4541300,DAL
2018-06-21,53.79999923706055,54.310001373291016,53.400001525878906,53.72999954223633,49.49458694458008,4806800,DAL
2018-06-22,53.5,53.9900016784668,52.41999816894531,52.720001220703125,48.56419372558594,10311600,DAL
2018-06-25,52.279998779296875,52.599998474121094,50.720001220703125,51.310001373291016,47.26534652709961,7547800,DAL
2018-06-26,51.529998779296875,51.619998931884766,50.90999984741211,51.06999969482422,47.04427719116211,4810300,DAL
2018-06-27,51.029998779296875,51.18000030517578,49.70000076293945,49.88999938964844,45.95728302001953,9035800,DAL
2018-06-28,49.81999969482422,50.0099983215332,49.04999923706055,49.79999923706055,45.8743782043457,6871800,DAL
2018-06-29,49.810001373291016,50.31999969482422,49.5099983215332,49.540000915527344,45.6348762512207,6703900,DAL
2018-07-02,49.25,50.16999816894531,48.90999984741211,49.91999816894531,45.98490905761719,8300000,DAL
2018-07-03,49.25,49.529998779296875,48.619998931884766,48.779998779296875,44.93478012084961,6449500,DAL
2018-07-05,49.099998474121094,49.279998779296875,48.52000045776367,49.2599983215332,45.3769416809082,6335900,DAL
2018-07-06,49.34000015258789,49.779998779296875,49.08000183105469,49.58000183105469,45.671722412109375,4903000,DAL
2018-07-09,49.58000183105469,50.779998779296875,49.29999923706055,50.5099983215332,46.52840042114258,7895600,DAL
2018-07-10,50.599998474121094,50.65999984741211,49.61000061035156,50.599998474121094,46.61131286621094,7366600,DAL
2018-07-11,50.13999938964844,50.13999938964844,48.810001373291016,49.84000015258789,45.91122055053711,10426500,DAL
2018-07-12,50.900001525878906,51.279998779296875,49.119998931884766,50.72999954223633,46.73106002807617,12625600,DAL
2018-07-13,50.5,50.9900016784668,50.33000183105469,50.77000045776367,46.76791763305664,6835900,DAL
2018-07-16,50.900001525878906,50.90999984741211,50.09000015258789,50.66999816894531,46.6757926940918,8603200,DAL
2018-07-17,50.599998474121094,51.56999969482422,50.599998474121094,51.13999938964844,47.10874938964844,5299000,DAL
2018-07-18,52.439998626708984,53.54999923706055,52.380001068115234,52.79999923706055,48.63789367675781,10212300,DAL
2018-07-19,52.86000061035156,53.2400016784668,52.43000030517578,53.0,48.822120666503906,6391400,DAL
2018-07-20,52.65999984741211,52.88999938964844,51.970001220703125,51.9900016784668,47.891754150390625,6697500,DAL
2018-07-23,51.79999923706055,52.380001068115234,51.33000183105469,52.2400016784668,48.122032165527344,4509200,DAL
2018-07-24,52.380001068115234,52.560001373291016,51.56999969482422,51.68000030517578,47.60618209838867,4652700,DAL
2018-07-25,51.2599983215332,51.720001220703125,51.2599983215332,51.65999984741211,47.912235260009766,4727600,DAL
2018-07-26,51.65999984741211,54.2400016784668,51.5099983215332,53.97999954223633,50.06393814086914,10322100,DAL
2018-07-27,53.95000076293945,54.77000045776367,53.91999816894531,54.459999084472656,50.50910949707031,6561000,DAL
2018-07-30,54.31999969482422,54.880001068115234,53.75,53.790000915527344,49.88771057128906,5676700,DAL
2018-07-31,53.93000030517578,55.04999923706055,53.810001373291016,54.41999816894531,50.47201156616211,6048100,DAL
2018-08-01,54.790000915527344,54.869998931884766,53.38999938964844,53.59000015258789,49.70222473144531,4203400,DAL
2018-08-02,53.209999084472656,54.099998474121094,52.939998626708984,53.90999984741211,49.9990119934082,4483600,DAL
2018-08-03,54.15999984741211,54.439998626708984,54.0099983215332,54.2599983215332,50.32362365722656,3147300,DAL
2018-08-06,54.099998474121094,54.529998779296875,53.84000015258789,54.41999816894531,50.47201156616211,3122300,DAL
2018-08-07,54.599998474121094,55.09000015258789,54.52000045776367,54.70000076293945,50.7317008972168,4425300,DAL
2018-08-08,54.869998931884766,55.54999923706055,54.849998474121094,55.22999954223633,51.22324752807617,3562200,DAL
2018-08-09,55.209999084472656,55.720001220703125,55.130001068115234,55.34000015258789,51.32527160644531,2890400,DAL
2018-08-10,54.779998779296875,54.83000183105469,53.849998474121094,54.709999084472656,50.740962982177734,4204400,DAL
2018-08-13,54.880001068115234,54.880001068115234,53.7599983215332,54.220001220703125,50.28651809692383,3896600,DAL
2018-08-14,54.2599983215332,55.060001373291016,54.2599983215332,54.7599983215332,50.7873420715332,3459900,DAL
2018-08-15,54.79999923706055,55.54999923706055,54.36000061035156,55.22999954223633,51.22324752807617,4896500,DAL
2018-08-16,55.33000183105469,55.79999923706055,55.220001220703125,55.45000076293945,51.42728805541992,3366100,DAL
2018-08-17,55.4900016784668,55.9900016784668,55.310001373291016,55.650001525878906,51.61277389526367,3266500,DAL
2018-08-20,55.970001220703125,57.70000076293945,55.86000061035156,57.41999816894531,53.254371643066406,7005800,DAL
2018-08-21,57.529998779296875,58.029998779296875,57.439998626708984,57.599998474121094,53.42130661010742,4732300,DAL
2018-08-22,57.5,57.5,56.779998779296875,56.90999984741211,52.7813720703125,4246100,DAL
2018-08-23,56.810001373291016,57.31999969482422,56.720001220703125,56.939998626708984,52.809200286865234,3051900,DAL
2018-08-24,56.779998779296875,57.380001068115234,56.54999923706055,57.18000030517578,53.03178405761719,3149600,DAL
2018-08-27,57.470001220703125,57.93000030517578,57.27000045776367,57.75,53.5604362487793,4278900,DAL
2018-08-28,57.95000076293945,58.869998931884766,57.810001373291016,58.790000915527344,54.524986267089844,7035300,DAL
2018-08-29,58.79999923706055,58.869998931884766,58.40999984741211,58.52000045776367,54.274574279785156,4543300,DAL
2018-08-30,58.33000183105469,58.689998626708984,58.18000030517578,58.439998626708984,54.20037078857422,3020300,DAL
2018-08-31,58.439998626708984,58.779998779296875,58.34000015258789,58.47999954223633,54.23747634887695,6076700,DAL
2018-09-04,58.5,59.18000030517578,58.439998626708984,58.880001068115234,54.608455657958984,5017400,DAL
2018-09-05,59.0,59.599998474121094,56.95000076293945,57.209999084472656,53.05961227416992,9495500,DAL
2018-09-06,57.209999084472656,57.52000045776367,56.18000030517578,56.439998626708984,52.345458984375,7618100,DAL
2018-09-07,56.08000183105469,57.68000030517578,55.689998626708984,56.86000061035156,52.73499298095703,6307600,DAL
2018-09-10,57.04999923706055,57.7400016784668,56.81999969482422,57.560001373291016,53.38420867919922,3894900,DAL
2018-09-11,57.33000183105469,58.459999084472656,57.15999984741211,58.27000045776367,54.0427131652832,4717500,DAL
2018-09-12,58.34000015258789,58.380001068115234,57.15999984741211,57.38999938964844,53.22654342651367,5116100,DAL
2018-09-13,57.38999938964844,58.25,57.38999938964844,57.81999969482422,53.6253547668457,3568400,DAL
2018-09-14,57.7599983215332,58.33000183105469,57.630001068115234,57.93000030517578,53.72736740112305,3449300,DAL
2018-09-17,57.790000915527344,58.36000061035156,57.790000915527344,57.959999084472656,53.755191802978516,3944600,DAL
2018-09-18,57.869998931884766,58.29999923706055,56.91999816894531,57.83000183105469,53.63462448120117,3746900,DAL
2018-09-19,57.86000061035156,58.27000045776367,57.75,57.900001525878906,53.69954299926758,3423000,DAL
2018-09-20,58.20000076293945,58.459999084472656,57.900001525878906,58.130001068115234,53.91286087036133,3448100,DAL
2018-09-21,58.439998626708984,60.22999954223633,58.38999938964844,59.61000061035156,55.285499572753906,11936300,DAL
2018-09-24,59.15999984741211,59.15999984741211,57.130001068115234,57.40999984741211,53.245094299316406,6640000,DAL
2018-09-25,57.439998626708984,57.54999923706055,56.40999984741211,57.099998474121094,52.957584381103516,4635500,DAL
2018-09-26,57.400001525878906,57.95000076293945,57.18000030517578,57.5099983215332,53.33783721923828,5306700,DAL
2018-09-27,57.81999969482422,58.58000183105469,57.81999969482422,58.0,53.79228973388672,3897600,DAL
2018-09-28,58.0,58.27000045776367,57.540000915527344,57.83000183105469,53.63462448120117,4642500,DAL
2018-10-01,57.9900016784668,58.13999938964844,56.31999969482422,56.599998474121094,52.49385452270508,5839900,DAL
2018-10-02,55.439998626708984,55.599998474121094,54.209999084472656,54.689998626708984,50.72243118286133,8604600,DAL
2018-10-03,54.9900016784668,55.20000076293945,54.25,54.31999969482422,50.37928009033203,6966700,DAL
2018-10-04,54.25,54.43000030517578,53.040000915527344,53.560001373291016,49.674400329589844,7681100,DAL
2018-10-05,53.7400016784668,53.86000061035156,52.540000915527344,52.70000076293945,48.87678909301758,5621700,DAL
2018-10-08,52.369998931884766,52.709999084472656,51.61000061035156,52.13999938964844,48.35741424560547,5495700,DAL
2018-10-09,52.529998779296875,52.93000030517578,50.7599983215332,50.86000061035156,47.17027282714844,8284700,DAL
2018-10-10,50.72999954223633,50.83000183105469,49.68000030517578,49.709999084472656,46.10371398925781,13082900,DAL
2018-10-11,51.5,52.599998474121094,50.66999816894531,51.47999954223633,47.74530029296875,15887500,DAL
2018-10-12,52.560001373291016,52.709999084472656,51.36000061035156,52.04999923706055,48.2739372253418,9677300,DAL
2018-10-15,52.0,52.5,51.7599983215332,51.84000015258789,48.079185485839844,6494400,DAL
2018-10-16,52.060001373291016,53.220001220703125,52.02000045776367,53.11000061035156,49.25704574584961,6684000,DAL
2018-10-17,54.93000030517578,55.279998779296875,53.70000076293945,54.29999923706055,50.36071014404297,9184200,DAL
2018-10-18,54.290000915527344,54.29999923706055,52.959999084472656,53.130001068115234,49.27559280395508,5871200,DAL
2018-10-19,53.130001068115234,53.58000183105469,52.7599983215332,53.38999938964844,49.51673126220703,4989800,DAL
2018-10-22,53.540000915527344,54.43000030517578,53.29999923706055,54.2400016784668,50.30507278442383,6174200,DAL
2018-10-23,53.29999923706055,53.650001525878906,52.029998779296875,53.45000076293945,49.57238006591797,7679800,DAL
2018-10-24,53.5,53.599998474121094,51.369998931884766,51.5099983215332,47.77312088012695,6759100,DAL
2018-10-25,51.40999984741211,53.959999084472656,51.36000061035156,53.709999084472656,49.81351852416992,9174400,DAL
2018-10-26,53.310001373291016,54.189998626708984,52.13999938964844,53.279998779296875,49.41471481323242,9573000,DAL
2018-10-29,54.150001525878906,54.77000045776367,52.560001373291016,53.41999816894531,49.54456329345703,10819700,DAL
2018-10-30,53.38999938964844,55.220001220703125,53.380001068115234,55.119998931884766,51.12123107910156,7526200,DAL
2018-10-31,55.61000061035156,56.130001068115234,54.68000030517578,54.72999954223633,50.759521484375,8699500,DAL
2018-11-01,54.93000030517578,56.22999954223633,54.790000915527344,56.040000915527344,51.9744873046875,6401100,DAL
2018-11-02,56.5,57.029998779296875,55.63999938964844,56.119998931884766,52.04868698120117,6488600,DAL
2018-11-05,56.02000045776367,56.380001068115234,55.54999923706055,56.04999923706055,51.9837646484375,5206000,DAL
2018-11-06,55.709999084472656,55.869998931884766,54.75,55.470001220703125,51.76911544799805,5983100,DAL
2018-11-07,55.810001373291016,57.25,55.63999938964844,56.790000915527344,53.001041412353516,7204600,DAL
2018-11-08,56.59000015258789,56.959999084472656,55.880001068115234,56.72999954223633,52.945045471191406,4150400,DAL
2018-11-09,56.83000183105469,57.209999084472656,56.380001068115234,56.650001525878906,52.87037658691406,6061600,DAL
2018-11-12,56.599998474121094,57.189998626708984,56.20000076293945,56.70000076293945,52.91704559326172,4553900,DAL
2018-11-13,57.130001068115234,57.91999816894531,56.790000915527344,56.81999969482422,53.0290412902832,6004400,DAL
2018-11-14,56.93000030517578,57.560001373291016,56.209999084472656,56.43000030517578,52.66505432128906,5543300,DAL
2018-11-15,56.15999984741211,56.2599983215332,55.0,56.099998474121094,52.3570671081543,6969000,DAL
2018-11-16,55.810001373291016,56.02000045776367,54.900001525878906,55.900001525878906,52.1704216003418,6719500,DAL
2018-11-19,56.0,56.59000015258789,55.7599983215332,56.189998626708984,52.441070556640625,5640400,DAL
2018-11-20,55.599998474121094,56.470001220703125,55.279998779296875,55.40999984741211,51.71311569213867,5623600,DAL
2018-11-21,55.810001373291016,57.31999969482422,55.66999816894531,55.970001220703125,52.235748291015625,6509100,DAL
2018-11-23,56.4900016784668,57.689998626708984,56.27000045776367,57.15999984741211,53.34635543823242,3778200,DAL
2018-11-26,57.52000045776367,57.79999923706055,56.560001373291016,56.709999084472656,52.926387786865234,5927100,DAL
2018-11-27,57.310001373291016,59.0,57.279998779296875,58.310001373291016,54.419620513916016,8879800,DAL
2018-11-28,58.369998931884766,58.93000030517578,57.709999084472656,58.869998931884766,54.9422607421875,6204000,DAL
2018-11-29,58.5,59.43000030517578,58.349998474121094,58.86000061035156,54.93293380737305,6793700,DAL
2018-11-30,59.2599983215332,61.31999969482422,59.16999816894531,60.709999084472656,56.65950393676758,10846900,DAL
2018-12-03,61.0,61.06999969482422,59.810001373291016,60.119998931884766,56.10886764526367,6759400,DAL
2018-12-04,57.97999954223633,59.189998626708984,56.33000183105469,56.939998626708984,53.14103317260742,14429000,DAL
2018-12-06,56.630001068115234,58.22999954223633,56.5099983215332,58.08000183105469,54.20497512817383,9052500,DAL
2018-12-07,57.61000061035156,58.08000183105469,55.5,56.06999969482422,52.329071044921875,8193600,DAL
2018-12-10,56.22999954223633,56.650001525878906,55.310001373291016,56.31999969482422,52.56239318847656,5698400,DAL
2018-12-11,56.689998626708984,56.959999084472656,55.630001068115234,55.88999938964844,52.16108703613281,7319200,DAL
2018-12-12,56.459999084472656,56.970001220703125,56.0,56.27000045776367,52.51572799682617,6175700,DAL
2018-12-13,56.22999954223633,56.45000076293945,53.349998474121094,53.54999923706055,49.977210998535156,10174900,DAL
2018-12-14,52.900001525878906,54.72999954223633,52.849998474121094,53.5099983215332,49.93988037109375,5551600,DAL
2018-12-17,53.369998931884766,53.369998931884766,52.119998931884766,52.38999938964844,48.89460372924805,5792700,DAL
2018-12-18,53.43000030517578,53.599998474121094,52.65999984741211,52.95000076293945,49.41724395751953,6099500,DAL
2018-12-19,53.20000076293945,53.34000015258789,51.40999984741211,51.93000030517578,48.46529769897461,8003600,DAL
2018-12-20,51.529998779296875,52.060001373291016,50.02000045776367,50.90999984741211,47.51333999633789,8428800,DAL
2018-12-21,50.5099983215332,51.279998779296875,49.290000915527344,49.45000076293945,46.150753021240234,11680200,DAL
2018-12-24,49.25,49.45000076293945,47.900001525878906,47.959999084472656,44.76016616821289,5381300,DAL
2018-12-26,48.400001525878906,50.459999084472656,47.90999984741211,50.40999984741211,47.04671096801758,7452700,DAL
2018-12-27,50.029998779296875,50.5,48.31999969482422,50.5,47.13069534301758,7136300,DAL
2018-12-28,50.529998779296875,51.099998474121094,49.709999084472656,50.18000030517578,46.83205795288086,5854800,DAL
2018-12-31,50.290000915527344,50.65999984741211,49.560001373291016,49.900001525878906,46.57072830200195,6231700,DAL
2019-01-02,49.25,50.15999984741211,48.880001068115234,50.09000015258789,46.7480583190918,5270700,DAL
2019-01-03,48.5099983215332,48.939998626708984,45.08000183105469,45.61000061035156,42.566951751708984,18694100,DAL
2019-01-04,46.369998931884766,48.83000183105469,46.2400016784668,47.790000915527344,44.60151290893555,11037000,DAL
2019-01-07,48.0,48.439998626708984,47.130001068115234,47.849998474121094,44.657501220703125,9375500,DAL
2019-01-08,48.47999954223633,48.66999816894531,46.95000076293945,47.470001220703125,44.302852630615234,8231400,DAL
2019-01-09,47.099998474121094,48.720001220703125,46.91999816894531,48.470001220703125,45.236141204833984,8095300,DAL
2019-01-10,46.68000030517578,48.90999984741211,45.81999969482422,48.72999954223633,45.478797912597656,11880200,DAL
2019-01-11,48.220001220703125,48.66999816894531,47.59000015258789,48.560001373291016,45.32014083862305,6577900,DAL
2019-01-14,47.56999969482422,47.900001525878906,46.400001525878906,47.75,44.564178466796875,10095100,DAL
2019-01-15,47.970001220703125,49.290000915527344,46.849998474121094,47.83000183105469,44.63883590698242,11569500,DAL
2019-01-16,48.88999938964844,49.18000030517578,47.40999984741211,47.5,44.33085250854492,9823000,DAL
2019-01-17,47.439998626708984,48.56999969482422,47.31999969482422,48.220001220703125,45.002811431884766,7312700,DAL
2019-01-18,48.63999938964844,48.70000076293945,47.939998626708984,48.11000061035156,44.90015411376953,7850200,DAL
2019-01-22,48.04999923706055,48.04999923706055,46.84000015258789,47.099998474121094,43.957542419433594,8144400,DAL
2019-01-23,47.290000915527344,47.79999923706055,46.939998626708984,47.29999923706055,44.14419174194336,8099900,DAL
2019-01-24,48.2599983215332,48.54999923706055,47.16999816894531,47.52000045776367,44.34952163696289,9057200,DAL
2019-01-25,47.650001525878906,48.150001525878906,46.900001525878906,47.689998626708984,44.508174896240234,11839200,DAL
2019-01-28,47.43000030517578,48.439998626708984,47.33000183105469,48.0099983215332,44.80682373046875,8212100,DAL
2019-01-29,48.40999984741211,48.4900016784668,47.869998931884766,48.220001220703125,45.002811431884766,7476500,DAL
2019-01-30,48.380001068115234,50.45000076293945,48.36000061035156,50.27000045776367,46.916046142578125,13005200,DAL
2019-01-31,50.06999969482422,50.40999984741211,49.09000015258789,49.43000030517578,46.13209533691406,8287100,DAL
2019-02-01,49.630001068115234,50.4900016784668,49.56999969482422,49.91999816894531,46.58938980102539,6172900,DAL
2019-02-04,49.9900016784668,50.400001525878906,49.560001373291016,50.34000015258789,46.98137664794922,5356200,DAL
2019-02-05,50.369998931884766,51.060001373291016,50.02000045776367,50.540000915527344,47.168025970458984,8727600,DAL
2019-02-06,50.16999816894531,50.779998779296875,49.86000061035156,50.52000045776367,47.149356842041016,6228100,DAL
2019-02-07,50.34000015258789,50.66999816894531,49.970001220703125,50.40999984741211,47.04671096801758,5673900,DAL
2019-02-08,50.06999969482422,50.529998779296875,49.91999816894531,50.470001220703125,47.102699279785156,4456600,DAL
2019-02-11,50.61000061035156,51.029998779296875,50.599998474121094,50.61000061035156,47.23335266113281,6963900,DAL
2019-02-12,50.86000061035156,51.06999969482422,49.880001068115234,49.88999938964844,46.56139373779297,8301700,DAL
2019-02-13,50.04999923706055,50.72999954223633,49.88999938964844,50.40999984741211,47.04671096801758,5754900,DAL
2019-02-14,50.06999969482422,50.72999954223633,49.959999084472656,50.47999954223633,47.11203384399414,5780000,DAL
2019-02-15,50.88999938964844,51.470001220703125,50.56999969482422,51.08000183105469,47.6720085144043,6492000,DAL
2019-02-19,51.0,52.220001220703125,51.0,51.81999969482422,48.362632751464844,7904800,DAL
2019-02-20,51.18000030517578,51.63999938964844,50.56999969482422,51.2400016784668,47.821327209472656,7497300,DAL
2019-02-21,51.20000076293945,51.86000061035156,51.099998474121094,51.47999954223633,48.045310974121094,6615000,DAL
2019-02-22,51.599998474121094,51.959999084472656,51.2400016784668,51.52000045776367,48.082645416259766,5413200,DAL
2019-02-25,51.810001373291016,51.869998931884766,51.27000045776367,51.40999984741211,47.979984283447266,6180400,DAL
2019-02-26,51.400001525878906,51.959999084472656,51.08000183105469,51.119998931884766,47.7093391418457,6826800,DAL
2019-02-27,50.970001220703125,51.029998779296875,49.95000076293945,50.43000030517578,47.06536865234375,9041600,DAL
2019-02-28,50.09000015258789,50.16999816894531,49.540000915527344,49.58000183105469,46.595462799072266,9483800,DAL
2019-03-01,49.369998931884766,49.72999954223633,48.220001220703125,48.959999084472656,46.01277542114258,11393900,DAL
2019-03-04,49.040000915527344,49.56999969482422,48.43000030517578,48.790000915527344,45.85301971435547,10194100,DAL
2019-03-05,50.029998779296875,50.4900016784668,49.40999984741211,49.720001220703125,46.72704315185547,9800700,DAL
2019-03-06,49.810001373291016,50.279998779296875,49.439998626708984,49.709999084472656,46.717628479003906,8702600,DAL
2019-03-07,49.5099983215332,49.79999923706055,48.7599983215332,49.59000015258789,46.60486602783203,8183600,DAL
2019-03-08,49.25,49.599998474121094,48.91999816894531,49.59000015258789,46.60486602783203,8570100,DAL
2019-03-11,49.79999923706055,51.290000915527344,49.77000045776367,51.119998931884766,48.04277038574219,8868100,DAL
2019-03-12,51.189998626708984,51.31999969482422,50.02000045776367,50.66999816894531,47.619850158691406,8073900,DAL
2019-03-13,50.97999954223633,51.09000015258789,50.08000183105469,51.02000045776367,47.94878387451172,10536300,DAL
2019-03-14,51.380001068115234,52.08000183105469,50.84000015258789,50.939998626708984,47.87359619140625,8048800,DAL
2019-03-15,51.290000915527344,51.470001220703125,50.97999954223633,51.189998626708984,48.10855484008789,8192400,DAL
2019-03-18,51.06999969482422,51.25,50.529998779296875,50.7400016784668,47.685638427734375,6415200,DAL
2019-03-19,50.9900016784668,51.38999938964844,50.81999969482422,50.959999084472656,47.892398834228516,5606600,DAL
2019-03-20,50.88999938964844,50.88999938964844,49.77000045776367,49.869998931884766,46.868011474609375,7753000,DAL
2019-03-21,49.709999084472656,50.61000061035156,49.70000076293945,50.29999923706055,47.27212142944336,5128700,DAL
2019-03-22,50.040000915527344,50.2400016784668,49.52000045776367,49.7599983215332,46.76462936401367,5896200,DAL
2019-03-25,49.599998474121094,50.040000915527344,48.970001220703125,49.029998779296875,46.07856369018555,6454000,DAL
2019-03-26,49.36000061035156,49.630001068115234,48.68000030517578,49.09000015258789,46.13496017456055,5321500,DAL
2019-03-27,49.04999923706055,50.529998779296875,48.97999954223633,49.970001220703125,46.96199417114258,7907200,DAL
2019-03-28,50.11000061035156,50.650001525878906,49.900001525878906,50.31999969482422,47.290916442871094,6600100,DAL
2019-03-29,50.72999954223633,51.75,50.380001068115234,51.650001525878906,48.540863037109375,9162100,DAL
2019-04-01,51.81999969482422,52.33000183105469,51.52000045776367,52.18000030517578,49.03895950317383,8501400,DAL
2019-04-02,54.529998779296875,55.939998626708984,53.91999816894531,55.33000183105469,51.99934005737305,15920700,DAL
2019-04-03,55.959999084472656,57.56999969482422,55.810001373291016,57.0,53.56881332397461,13277600,DAL
2019-04-04,57.459999084472656,57.66999816894531,56.369998931884766,57.220001220703125,53.77557373046875,8998000,DAL
2019-04-05,57.439998626708984,58.20000076293945,57.33000183105469,57.72999954223633,54.2548713684082,6918300,DAL
2019-04-08,57.5,57.900001525878906,56.90999984741211,57.709999084472656,54.2360725402832,7921600,DAL
2019-04-09,57.20000076293945,57.439998626708984,56.779998779296875,56.95000076293945,53.521827697753906,9581600,DAL
2019-04-10,58.970001220703125,58.970001220703125,56.77000045776367,57.86000061035156,54.377044677734375,14398200,DAL
2019-04-11,57.95000076293945,58.84000015258789,57.81999969482422,58.38999938964844,54.87514114379883,8452400,DAL
2019-04-12,58.83000183105469,58.84000015258789,57.54999923706055,58.04999923706055,54.555606842041016,7693900,DAL
2019-04-15,58.0,58.4900016784668,57.369998931884766,57.45000076293945,53.991722106933594,5327000,DAL
2019-04-16,57.65999984741211,58.119998931884766,57.650001525878906,58.11000061035156,54.61199951171875,3970200,DAL
2019-04-17,58.849998474121094,58.9900016784668,58.09000015258789,58.43000030517578,54.9127311706543,4987600,DAL
2019-04-18,58.5,58.58000183105469,58.02000045776367,58.16999816894531,54.66838073730469,4108100,DAL
2019-04-22,57.790000915527344,57.970001220703125,57.279998779296875,57.75,54.273658752441406,4043900,DAL
2019-04-23,57.65999984741211,58.40999984741211,57.65999984741211,58.2400016784668,54.734169006347656,4593000,DAL
2019-04-24,58.2400016784668,58.529998779296875,57.79999923706055,57.849998474121094,54.367637634277344,3275200,DAL
2019-04-25,57.84000015258789,58.47999954223633,56.380001068115234,56.709999084472656,53.2962760925293,5557400,DAL
2019-04-26,56.560001373291016,57.470001220703125,56.47999954223633,57.11000061035156,53.67219543457031,3714100,DAL
2019-04-29,57.2400016784668,57.900001525878906,57.04999923706055,57.72999954223633,54.2548713684082,3215500,DAL
2019-04-30,57.81999969482422,58.56999969482422,57.7599983215332,58.290000915527344,54.781158447265625,4030300,DAL
2019-05-01,58.20000076293945,58.5099983215332,57.11000061035156,57.18000030517578,54.062591552734375,5629800,DAL
2019-05-02,57.31999969482422,58.08000183105469,57.25,57.65999984741211,54.516422271728516,3426100,DAL
2019-05-03,57.72999954223633,58.13999938964844,57.52000045776367,57.79999923706055,54.64878463745117,4673000,DAL
2019-05-06,56.97999954223633,57.970001220703125,56.7400016784668,57.72999954223633,54.582603454589844,4105400,DAL
2019-05-07,57.25,57.5,56.33000183105469,57.16999816894531,54.053131103515625,4784800,DAL
2019-05-08,56.77000045776367,57.08000183105469,56.18000030517578,56.45000076293945,53.37239456176758,3641400,DAL
2019-05-09,56.13999938964844,56.72999954223633,55.689998626708984,56.59000015258789,53.504756927490234,5003500,DAL
2019-05-10,56.25,56.869998931884766,55.060001373291016,56.619998931884766,53.53312301635742,3737800,DAL
2019-05-13,55.439998626708984,55.52000045776367,54.06999969482422,54.79999923706055,51.81234359741211,5223700,DAL
2019-05-14,54.900001525878906,55.630001068115234,54.75,55.25,52.23781967163086,2463400,DAL
2019-05-15,54.58000183105469,55.369998931884766,54.09000015258789,55.04999923706055,52.04872131347656,2998900,DAL
2019-05-16,55.13999938964844,55.959999084472656,55.13999938964844,55.380001068115234,52.36073303222656,2731400,DAL
2019-05-17,54.7599983215332,55.540000915527344,54.4900016784668,54.88999938964844,51.89744186401367,3969900,DAL
2019-05-20,54.0,54.66999816894531,53.75,54.279998779296875,51.32069396972656,3722800,DAL
2019-05-21,54.68000030517578,55.029998779296875,54.59000015258789,54.83000183105469,51.84071350097656,2816800,DAL
2019-05-22,54.4900016784668,54.84000015258789,53.88999938964844,54.060001373291016,51.112693786621094,3616700,DAL
2019-05-23,53.650001525878906,54.95000076293945,53.2400016784668,54.0,51.05595779418945,5278900,DAL
2019-05-24,54.41999816894531,54.619998931884766,53.709999084472656,54.119998931884766,51.16942596435547,2502800,DAL
2019-05-28,54.13999938964844,54.630001068115234,53.869998931884766,53.880001068115234,50.942508697509766,3454100,DAL
2019-05-29,53.75,53.75,52.810001373291016,53.209999084472656,50.30904006958008,3929600,DAL
2019-05-30,53.380001068115234,53.79999923706055,52.869998931884766,53.029998779296875,50.13884735107422,3775200,DAL
2019-05-31,52.470001220703125,52.79999923706055,51.310001373291016,51.5,48.6922607421875,5615100,DAL
2019-06-03,51.47999954223633,52.70000076293945,51.40999984741211,52.099998474121094,49.259552001953125,7244600,DAL
2019-06-04,52.849998474121094,54.369998931884766,52.81999969482422,54.310001373291016,51.349063873291016,7619300,DAL
2019-06-05,54.849998474121094,55.22999954223633,54.2400016784668,54.939998626708984,51.9447135925293,6379100,DAL
2019-06-06,55.060001373291016,55.220001220703125,54.36000061035156,54.689998626708984,51.708351135253906,6192000,DAL
2019-06-07,54.91999816894531,55.849998474121094,54.91999816894531,55.06999969482422,52.067630767822266,4234800,DAL
2019-06-10,55.5,55.900001525878906,54.650001525878906,54.72999954223633,51.74616622924805,3312900,DAL
2019-06-11,55.02000045776367,55.310001373291016,54.47999954223633,54.880001068115234,51.88798904418945,2833700,DAL
2019-06-12,55.04999923706055,55.47999954223633,54.900001525878906,55.45000076293945,52.42691421508789,3856200,DAL
2019-06-13,55.689998626708984,57.2400016784668,55.66999816894531,56.52000045776367,53.43857192993164,6300400,DAL
2019-06-14,56.56999969482422,56.630001068115234,55.779998779296875,55.9900016784668,52.93747329711914,4382500,DAL
2019-06-17,55.779998779296875,55.939998626708984,55.2599983215332,55.66999816894531,52.634918212890625,4057300,DAL
2019-06-18,55.95000076293945,56.52000045776367,55.459999084472656,56.029998779296875,52.97529220581055,3642500,DAL
2019-06-19,56.279998779296875,56.560001373291016,55.95000076293945,56.36000061035156,53.28730010986328,3196800,DAL
2019-06-20,56.849998474121094,56.880001068115234,55.33000183105469,55.970001220703125,52.91856384277344,5055700,DAL
2019-06-21,56.0,56.86000061035156,55.560001373291016,55.9900016784668,52.93747329711914,8573500,DAL
2019-06-24,56.099998474121094,56.22999954223633,55.66999816894531,56.06999969482422,53.01310348510742,2896000,DAL
2019-06-25,56.04999923706055,56.720001220703125,55.86000061035156,55.91999816894531,52.87128448486328,3579600,DAL
2019-06-26,56.06999969482422,56.810001373291016,55.84000015258789,56.380001068115234,53.30621337890625,4437700,DAL
2019-06-27,56.75,57.41999816894531,56.5,56.81999969482422,53.722225189208984,4375400,DAL
2019-06-28,56.88999938964844,57.41999816894531,56.70000076293945,56.75,53.65603256225586,8034800,DAL
2019-07-01,57.29999923706055,57.900001525878906,57.25,57.790000915527344,54.63932800292969,5009000,DAL
2019-07-02,58.599998474121094,59.220001220703125,58.09000015258789,58.540000915527344,55.34843444824219,6837100,DAL
2019-07-03,59.0,59.619998931884766,58.88999938964844,59.150001525878906,55.925193786621094,3303900,DAL
2019-07-05,59.150001525878906,59.38999938964844,57.849998474121094,58.70000076293945,55.499725341796875,5896900,DAL
2019-07-08,58.900001525878906,59.66999816894531,58.84000015258789,59.369998931884766,56.133201599121094,7800600,DAL
2019-07-09,59.56999969482422,59.9900016784668,58.560001373291016,58.959999084472656,55.74555206298828,7870200,DAL
2019-07-10,59.34000015258789,59.66999816894531,58.7599983215332,59.470001220703125,56.22774124145508,7781300,DAL
2019-07-11,60.25,60.790000915527344,59.470001220703125,60.15999984741211,56.880126953125,12695600,DAL
2019-07-12,60.22999954223633,62.2400016784668,60.02000045776367,61.650001525878906,58.28889846801758,10045700,DAL
2019-07-15,61.56999969482422,62.40999984741211,61.310001373291016,61.70000076293945,58.33616638183594,5889000,DAL
2019-07-16,61.880001068115234,63.2599983215332,61.720001220703125,63.15999984741211,59.71657180786133,10319700,DAL
2019-07-17,63.22999954223633,63.27000045776367,62.189998626708984,62.25,58.856178283691406,7532000,DAL
2019-07-18,61.77000045776367,62.65999984741211,61.63999938964844,62.65999984741211,59.24382781982422,4482200,DAL
2019-07-19,62.86000061035156,63.09000015258789,60.86000061035156,60.90999984741211,57.589229583740234,7902700,DAL
2019-07-22,61.45000076293945,61.630001068115234,61.060001373291016,61.290000915527344,57.94852066040039,4786300,DAL
2019-07-23,61.45000076293945,63.11000061035156,61.27000045776367,63.09000015258789,59.65038299560547,7452200,DAL
2019-07-24,62.38999938964844,63.439998626708984,62.380001068115234,63.15999984741211,60.10047149658203,5718800,DAL
2019-07-25,62.77000045776367,63.130001068115234,61.84000015258789,62.22999954223633,59.21552276611328,5351700,DAL
2019-07-26,62.25,62.65999984741211,61.90999984741211,62.15999984741211,59.14890670776367,3857900,DAL
2019-07-29,61.97999954223633,62.720001220703125,61.849998474121094,62.459999084472656,59.434383392333984,4972200,DAL
2019-07-30,62.310001373291016,62.68000030517578,62.09000015258789,62.630001068115234,59.59614181518555,2910000,DAL
2019-07-31,62.5,62.529998779296875,60.68000030517578,61.040000915527344,58.08316421508789,7229600,DAL
2019-08-01,61.310001373291016,61.77000045776367,59.77000045776367,60.31999969482422,57.398040771484375,5838000,DAL
2019-08-02,59.900001525878906,60.529998779296875,59.47999954223633,60.130001068115234,57.21725082397461,3739500,DAL
2019-08-05,59.369998931884766,59.38999938964844,57.029998779296875,57.81999969482422,55.01914596557617,8855700,DAL
2019-08-06,58.4900016784668,58.900001525878906,58.09000015258789,58.790000915527344,55.942161560058594,4704500,DAL
2019-08-07,58.02000045776367,59.54999923706055,57.43000030517578,59.2400016784668,56.370365142822266,7648800,DAL
2019-08-08,59.93000030517578,60.45000076293945,59.400001525878906,60.029998779296875,57.12208557128906,5414000,DAL
2019-08-09,59.689998626708984,60.15999984741211,59.06999969482422,59.529998779296875,56.646305084228516,5606400,DAL
2019-08-12,59.06999969482422,59.29999923706055,58.27000045776367,58.65999984741211,55.818458557128906,4788300,DAL
2019-08-13,58.20000076293945,59.91999816894531,58.16999816894531,58.84000015258789,55.989742279052734,6156200,DAL
2019-08-14,57.91999816894531,58.060001373291016,56.70000076293945,57.22999954223633,54.457725524902344,7662800,DAL
2019-08-15,57.470001220703125,57.70000076293945,56.779998779296875,57.11000061035156,54.343544006347656,4360400,DAL
2019-08-16,57.43000030517578,58.36000061035156,57.220001220703125,58.040000915527344,55.228492736816406,4226100,DAL
2019-08-19,58.68000030517578,59.0,58.13999938964844,58.189998626708984,55.3712272644043,3503500,DAL
2019-08-20,58.02000045776367,58.16999816894531,57.59000015258789,57.68000030517578,54.885929107666016,2513700,DAL
2019-08-21,58.25,58.56999969482422,57.849998474121094,58.0099983215332,55.1999397277832,3014900,DAL
2019-08-22,58.130001068115234,58.279998779296875,57.470001220703125,57.959999084472656,55.15235900878906,3436400,DAL
2019-08-23,57.81999969482422,58.06999969482422,55.84000015258789,56.20000076293945,53.477622985839844,5921400,DAL
2019-08-26,56.7599983215332,56.869998931884766,55.95000076293945,56.279998779296875,53.553741455078125,3414500,DAL
2019-08-27,56.630001068115234,56.68000030517578,55.56999969482422,56.13999938964844,53.420528411865234,7702800,DAL
2019-08-28,55.84000015258789,57.16999816894531,55.79999923706055,56.68000030517578,53.934364318847656,5264100,DAL
2019-08-29,57.119998931884766,58.130001068115234,57.060001373291016,57.880001068115234,55.07624053955078,4101400,DAL
2019-08-30,58.150001525878906,58.86000061035156,57.59000015258789,57.86000061035156,55.057212829589844,4268300,DAL
2019-09-03,57.439998626708984,57.90999984741211,56.650001525878906,57.290000915527344,54.51482009887695,6601700,DAL
2019-09-04,57.619998931884766,58.040000915527344,56.7400016784668,57.22999954223633,54.457725524902344,4939600,DAL
2019-09-05,57.65999984741211,58.939998626708984,57.54999923706055,58.189998626708984,55.3712272644043,4461600,DAL
2019-09-06,58.70000076293945,58.959999084472656,57.88999938964844,57.97999954223633,55.17139434814453,5741100,DAL
2019-09-09,57.97999954223633,58.45000076293945,57.560001373291016,58.11000061035156,55.29510498046875,5740500,DAL
2019-09-10,58.08000183105469,58.720001220703125,57.79999923706055,58.63999938964844,55.79942321777344,4409600,DAL
2019-09-11,58.619998931884766,59.18000030517578,58.13999938964844,58.779998779296875,55.93263626098633,4163700,DAL
2019-09-12,58.779998779296875,59.88999938964844,58.779998779296875,59.439998626708984,56.56067657470703,5188700,DAL
2019-09-13,60.0,60.58000183105469,59.61000061035156,60.0099983215332,57.10305404663086,7548400,DAL
2019-09-16,58.029998779296875,59.130001068115234,57.25,59.06999969482422,56.208595275878906,9556400,DAL
2019-09-17,58.310001373291016,59.77000045776367,58.15999984741211,59.369998931884766,56.49406433105469,8176700,DAL
2019-09-18,59.45000076293945,59.5,58.66999816894531,59.310001373291016,56.43696975708008,4075600,DAL
2019-09-19,59.25,59.25,58.310001373291016,58.689998626708984,55.84699630737305,3569900,DAL
2019-09-20,58.79999923706055,59.18000030517578,58.4900016784668,58.630001068115234,55.7899169921875,6139400,DAL
2019-09-23,58.310001373291016,58.65999984741211,57.84000015258789,58.02000045776367,55.20945739746094,4387100,DAL
2019-09-24,58.619998931884766,58.90999984741211,57.560001373291016,58.0,55.190425872802734,5047700,DAL
2019-09-25,58.040000915527344,58.4900016784668,57.68000030517578,58.310001373291016,55.48541259765625,3193100,DAL
2019-09-26,58.11000061035156,58.810001373291016,57.93000030517578,58.779998779296875,55.93263626098633,3795400,DAL
2019-09-27,58.970001220703125,59.380001068115234,58.15999984741211,58.279998779296875,55.45686721801758,4395800,DAL
2019-09-30,58.5099983215332,58.689998626708984,57.52000045776367,57.599998474121094,54.80979919433594,5208200,DAL
2019-10-01,58.04999923706055,58.68000030517578,56.650001525878906,57.0099983215332,54.248382568359375,7102200,DAL
2019-10-02,55.7400016784668,55.75,52.869998931884766,54.349998474121094,51.71723175048828,13770400,DAL
2019-10-03,53.119998931884766,53.86000061035156,51.810001373291016,52.83000183105469,50.27086639404297,14346800,DAL
2019-10-04,52.849998474121094,53.959999084472656,52.68000030517578,53.810001373291016,51.20339584350586,6620900,DAL
2019-10-07,53.75,54.11000061035156,53.2400016784668,53.36000061035156,50.77519607543945,8659800,DAL
2019-10-08,53.02000045776367,54.099998474121094,52.88999938964844,53.20000076293945,50.62294387817383,8039400,DAL
2019-10-09,54.0099983215332,54.400001525878906,53.59000015258789,53.91999816894531,51.308067321777344,7615300,DAL
2019-10-10,51.95000076293945,53.2599983215332,51.06999969482422,53.099998474121094,50.52779006958008,22703500,DAL
2019-10-11,53.5,53.77000045776367,52.63999938964844,52.95000076293945,50.38505935668945,10935000,DAL
2019-10-14,52.04999923706055,53.20000076293945,51.970001220703125,52.9900016784668,50.423118591308594,6631900,DAL
2019-10-15,53.209999084472656,53.9900016784668,53.0099983215332,53.63999938964844,51.041629791259766,8413300,DAL
2019-10-16,53.75,54.130001068115234,53.06999969482422,53.16999816894531,50.59439468383789,5532800,DAL
2019-10-17,53.52000045776367,53.7599983215332,53.25,53.369998931884766,50.78470993041992,4402000,DAL
2019-10-18,53.189998626708984,53.9900016784668,53.18000030517578,53.83000183105469,51.22242736816406,6966400,DAL
2019-10-21,54.189998626708984,54.97999954223633,54.099998474121094,54.58000183105469,51.93609619140625,6699600,DAL
2019-10-22,54.689998626708984,54.959999084472656,54.060001373291016,54.650001525878906,52.002708435058594,5646900,DAL
2019-10-23,54.04999923706055,54.2400016784668,53.599998474121094,53.810001373291016,51.58378601074219,4876100,DAL
2019-10-24,54.29999923706055,54.65999984741211,53.47999954223633,53.790000915527344,51.564613342285156,4825300,DAL
2019-10-25,53.61000061035156,54.7400016784668,53.599998474121094,54.599998474121094,52.341102600097656,4412800,DAL
2019-10-28,54.720001220703125,55.33000183105469,54.720001220703125,55.16999816894531,52.88751983642578,3966400,DAL
2019-10-29,55.13999938964844,55.869998931884766,55.11000061035156,55.380001068115234,53.088836669921875,4480100,DAL
2019-10-30,55.36000061035156,55.40999984741211,54.810001373291016,55.31999969482422,53.031314849853516,3814100,DAL
2019-10-31,55.02000045776367,55.20000076293945,54.40999984741211,55.08000183105469,52.801246643066406,7024000,DAL
2019-11-01,55.54999923706055,56.06999969482422,55.22999954223633,56.02000045776367,53.70235061645508,5389600,DAL
2019-11-04,56.75,56.970001220703125,56.41999816894531,56.880001068115234,54.52677917480469,6164400,DAL
2019-11-05,57.279998779296875,58.13999938964844,57.04999923706055,57.5099983215332,55.13071060180664,6915300,DAL
2019-11-06,57.5,57.599998474121094,57.040000915527344,57.58000183105469,55.19780731201172,5120300,DAL
2019-11-07,57.91999816894531,58.43000030517578,57.58000183105469,57.65999984741211,55.274505615234375,7754400,DAL
2019-11-08,57.47999954223633,57.65999984741211,57.029998779296875,57.58000183105469,55.19780731201172,4821000,DAL
2019-11-11,57.2599983215332,57.52000045776367,57.09000015258789,57.209999084472656,54.843116760253906,3811600,DAL
2019-11-12,57.59000015258789,57.689998626708984,57.040000915527344,57.220001220703125,54.85271072387695,4424700,DAL
2019-11-13,56.7400016784668,56.880001068115234,56.29999923706055,56.5,54.1624870300293,4110600,DAL
2019-11-14,56.27000045776367,56.75,56.06999969482422,56.54999923706055,54.210426330566406,3763900,DAL
2019-11-15,56.88999938964844,57.22999954223633,56.81999969482422,56.849998474121094,54.49801254272461,4350100,DAL
2019-11-18,56.779998779296875,57.09000015258789,56.4900016784668,57.08000183105469,54.718502044677734,3788400,DAL
2019-11-19,57.349998474121094,57.4900016784668,56.70000076293945,57.06999969482422,54.70891189575195,4704900,DAL
2019-11-20,56.79999923706055,56.849998474121094,55.279998779296875,55.66999816894531,53.36683654785156,7383600,DAL
2019-11-21,55.7400016784668,55.9900016784668,55.2599983215332,55.310001373291016,53.0217170715332,5021300,DAL
2019-11-22,55.56999969482422,56.130001068115234,55.119998931884766,56.11000061035156,53.788631439208984,9648200,DAL
2019-11-25,56.38999938964844,56.689998626708984,55.689998626708984,56.349998474121094,54.018699645996094,6822400,DAL
2019-11-26,56.31999969482422,57.47999954223633,56.25,57.459999084472656,55.08277893066406,4888100,DAL
2019-11-27,57.529998779296875,57.58000183105469,56.68000030517578,57.06999969482422,54.70891189575195,4062500,DAL
2019-11-29,57.150001525878906,57.849998474121094,57.0099983215332,57.310001373291016,54.93898391723633,2653600,DAL
2019-12-02,57.25,57.650001525878906,56.720001220703125,56.75,54.40214538574219,5628200,DAL
2019-12-03,55.88999938964844,56.0,54.540000915527344,55.619998931884766,53.318904876708984,6871700,DAL
2019-12-04,55.95000076293945,56.56999969482422,55.7599983215332,56.060001373291016,53.74069595336914,4760100,DAL
2019-12-05,56.38999938964844,56.40999984741211,55.70000076293945,55.880001068115234,53.568145751953125,3899900,DAL
2019-12-06,56.439998626708984,56.599998474121094,56.119998931884766,56.13999938964844,53.81739044189453,4568200,DAL
2019-12-09,55.9900016784668,56.150001525878906,55.650001525878906,55.79999923706055,53.491455078125,4057000,DAL
2019-12-10,55.79999923706055,56.369998931884766,55.43000030517578,55.529998779296875,53.23261642456055,4871900,DAL
2019-12-11,55.400001525878906,55.52000045776367,54.95000076293945,55.08000183105469,52.801246643066406,5544300,DAL
2019-12-12,55.90999984741211,57.4900016784668,55.61000061035156,56.689998626708984,54.344627380371094,8868000,DAL
2019-12-13,56.790000915527344,57.290000915527344,56.43000030517578,56.72999954223633,54.38298034667969,4440400,DAL
2019-12-16,57.16999816894531,58.4900016784668,57.150001525878906,58.41999816894531,56.0030632019043,7460700,DAL
2019-12-17,58.41999816894531,59.29999923706055,58.33000183105469,58.689998626708984,56.26188278198242,6663200,DAL
2019-12-18,59.4900016784668,59.63999938964844,58.45000076293945,58.58000183105469,56.15644454956055,5026900,DAL
2019-12-19,58.619998931884766,59.2400016784668,58.41999816894531,59.13999938964844,56.69327163696289,4455700,DAL
2019-12-20,59.54999923706055,59.58000183105469,58.91999816894531,58.970001220703125,56.530311584472656,6025700,DAL
2019-12-23,59.16999816894531,59.91999816894531,59.029998779296875,59.439998626708984,56.980865478515625,3648100,DAL
2019-12-24,59.65999984741211,59.720001220703125,59.15999984741211,59.38999938964844,56.93293762207031,1076000,DAL
2019-12-26,59.47999954223633,59.720001220703125,59.2599983215332,59.560001373291016,57.09589385986328,2464400,DAL
2019-12-27,59.630001068115234,59.650001525878906,58.790000915527344,59.08000183105469,56.63575744628906,3538600,DAL
2019-12-30,59.25,59.29999923706055,58.2400016784668,58.65999984741211,56.23313522338867,3779300,DAL
2019-12-31,58.4900016784668,58.72999954223633,58.34000015258789,58.47999954223633,56.06058883666992,2917300,DAL
2020-01-02,58.93000030517578,59.38999938964844,58.45000076293945,59.040000915527344,56.597415924072266,4459200,DAL
2020-01-03,57.5,58.119998931884766,56.90999984741211,58.060001373291016,55.657958984375,9078100,DAL
2020-01-06,56.9900016784668,57.7599983215332,56.65999984741211,57.65999984741211,55.274505615234375,5504300,DAL
2020-01-07,57.90999984741211,58.06999969482422,57.470001220703125,57.61000061035156,55.2265739440918,5563000,DAL
2020-01-08,57.75,59.400001525878906,57.72999954223633,58.849998474121094,56.41527557373047,8519000,DAL
2020-01-09,59.2599983215332,59.470001220703125,58.58000183105469,58.959999084472656,56.52072525024414,5336700,DAL
2020-01-10,59.25,59.4900016784668,58.619998931884766,59.2400016784668,56.78913879394531,8279700,DAL
2020-01-13,59.029998779296875,59.70000076293945,59.029998779296875,59.4900016784668,57.02878952026367,8414200,DAL
2020-01-14,62.040000915527344,62.25,60.86000061035156,61.45000076293945,58.90770721435547,16454100,DAL
2020-01-15,61.540000915527344,61.939998626708984,61.029998779296875,61.619998931884766,59.07067108154297,7953400,DAL
2020-01-16,62.060001373291016,62.47999954223633,61.630001068115234,61.880001068115234,59.31991195678711,4950300,DAL
2020-01-17,62.130001068115234,62.47999954223633,61.869998931884766,62.029998779296875,59.46370315551758,5770000,DAL
2020-01-21,61.25,61.61000061035156,58.43000030517578,60.34000015258789,57.843631744384766,16592000,DAL
2020-01-22,60.630001068115234,60.720001220703125,59.560001373291016,59.63999938964844,57.17258834838867,7096400,DAL
2020-01-23,59.189998626708984,60.380001068115234,58.189998626708984,60.27000045776367,57.77652359008789,7774500,DAL
2020-01-24,60.099998474121094,60.209999084472656,57.84000015258789,58.810001373291016,56.376922607421875,10989500,DAL
2020-01-27,56.4900016784668,57.18000030517578,55.619998931884766,56.83000183105469,54.478843688964844,13090200,DAL
2020-01-28,57.54999923706055,57.970001220703125,56.75,57.47999954223633,55.101951599121094,6343700,DAL
2020-01-29,57.63999938964844,57.79999923706055,56.56999969482422,56.650001525878906,54.30628967285156,5662000,DAL
2020-01-30,55.650001525878906,57.18000030517578,55.650001525878906,57.099998474121094,54.7376708984375,5980700,DAL
2020-01-31,56.70000076293945,57.08000183105469,55.43000030517578,55.7400016784668,53.433937072753906,9320800,DAL
2020-02-03,56.20000076293945,57.25,56.0,56.040000915527344,53.721527099609375,7497600,DAL
2020-02-04,57.20000076293945,58.400001525878906,57.150001525878906,57.93000030517578,55.5333366394043,6880800,DAL
2020-02-05,58.970001220703125,59.29999923706055,58.599998474121094,58.88999938964844,56.45361328125,6067000,DAL
2020-02-06,59.79999923706055,60.029998779296875,58.02000045776367,58.18000030517578,55.77299118041992,5210200,DAL
2020-02-07,57.959999084472656,58.25,57.52000045776367,57.91999816894531,55.52375030517578,3836800,DAL
2020-02-10,57.540000915527344,58.119998931884766,57.43000030517578,57.709999084472656,55.32243347167969,4541100,DAL
2020-02-11,58.099998474121094,59.099998474121094,57.970001220703125,58.65999984741211,56.23313522338867,4566500,DAL
2020-02-12,59.290000915527344,59.91999816894531,59.18000030517578,59.470001220703125,57.00961685180664,5227500,DAL
2020-02-13,58.75,59.209999084472656,58.349998474121094,59.130001068115234,56.68368911743164,4353100,DAL
2020-02-14,59.2400016784668,59.470001220703125,58.58000183105469,58.900001525878906,56.46320343017578,3810100,DAL
2020-02-18,58.869998931884766,59.470001220703125,58.40999984741211,58.720001220703125,56.290645599365234,5690600,DAL
2020-02-19,58.4900016784668,58.58000183105469,58.029998779296875,58.5099983215332,56.47694396972656,4399900,DAL
2020-02-20,58.20000076293945,58.9900016784668,58.119998931884766,58.380001068115234,56.351463317871094,5239400,DAL
2020-02-21,57.959999084472656,58.02000045776367,56.869998931884766,57.869998931884766,55.85917663574219,6295600,DAL
2020-02-24,54.83000183105469,55.380001068115234,53.34000015258789,54.22999954223633,52.34565734863281,17983100,DAL
2020-02-25,54.540000915527344,54.709999084472656,50.75,50.88999938964844,49.121707916259766,15836500,DAL
2020-02-26,51.439998626708984,51.77000045776367,49.0,49.59000015258789,47.86688232421875,15985900,DAL
2020-02-27,46.720001220703125,50.97999954223633,45.029998779296875,48.189998626708984,46.51552963256836,21949100,DAL
2020-02-28,46.02000045776367,47.790000915527344,45.13999938964844,46.130001068115234,44.52710723876953,19851300,DAL
2020-03-02,46.220001220703125,47.25,44.33000183105469,47.15999984741211,45.521324157714844,20098700,DAL
2020-03-03,49.810001373291016,49.970001220703125,46.040000915527344,46.18000030517578,44.575374603271484,26344100,DAL
2020-03-04,47.5,48.63999938964844,46.02000045776367,48.5,46.814762115478516,20381800,DAL
2020-03-05,46.5,46.56999969482422,44.41999816894531,45.0099983215332,43.446022033691406,22918800,DAL
2020-03-06,43.470001220703125,46.93000030517578,42.869998931884766,45.88999938964844,44.29545211791992,25809300,DAL
2020-03-09,43.040000915527344,45.0099983215332,42.43000030517578,43.52000045776367,42.0078010559082,25784700,DAL
2020-03-10,45.56999969482422,45.880001068115234,41.459999084472656,45.470001220703125,43.89004898071289,28693300,DAL
2020-03-11,44.0,44.34000015258789,41.72999954223633,42.66999816894531,41.187339782714844,23542000,DAL
2020-03-12,37.470001220703125,38.779998779296875,33.459999084472656,33.709999084472656,32.538665771484375,36331900,DAL
2020-03-13,38.540000915527344,38.7400016784668,34.790000915527344,38.36000061035156,37.027099609375,33052500,DAL
2020-03-16,32.79999923706055,38.08000183105469,31.229999542236328,35.810001373291016,34.56570053100586,35535400,DAL
2020-03-17,36.22999954223633,37.189998626708984,30.600000381469727,31.739999771118164,30.637123107910156,33097500,DAL
2020-03-18,29.790000915527344,29.790000915527344,19.100000381469727,23.489999771118164,22.673786163330078,64242500,DAL
2020-03-19,23.360000610351562,24.149999618530273,20.0,21.510000228881836,20.762588500976562,44623400,DAL
2020-03-20,23.170000076293945,26.850000381469727,21.260000228881836,21.350000381469727,20.6081485748291,55062900,DAL
2020-03-23,22.170000076293945,22.829999923706055,20.600000381469727,22.219999313354492,21.44791603088379,44426400,DAL
2020-03-24,26.260000228881836,28.979999542236328,24.520000457763672,26.889999389648438,25.955646514892578,65730300,DAL
2020-03-25,31.489999771118164,33.279998779296875,27.399999618530273,31.100000381469727,30.019363403320312,70733900,DAL
2020-03-26,32.61000061035156,35.88999938964844,30.420000076293945,31.700000762939453,30.598514556884766,57779500,DAL
2020-03-27,30.719999313354492,31.31999969482422,29.020000457763672,29.549999237060547,28.523216247558594,34960700,DAL
2020-03-30,28.489999771118164,29.290000915527344,26.0,28.670000076293945,27.673795700073242,29527500,DAL
2020-03-31,29.350000381469727,30.530000686645508,28.420000076293945,28.530000686645508,27.538665771484375,25002300,DAL
2020-04-01,26.59000015258789,26.59000015258789,23.690000534057617,23.8700008392334,23.04058265686035,56133000,DAL
2020-04-02,23.920000076293945,24.649999618530273,22.510000228881836,22.68000030517578,21.89193344116211,39407400,DAL
2020-04-03,23.030000686645508,23.649999618530273,21.75,22.479999542236328,21.698884963989258,48967800,DAL
2020-04-06,22.309999465942383,23.5,20.760000228881836,22.31999969482422,21.54444122314453,95093000,DAL
2020-04-07,25.209999084472656,25.850000381469727,21.899999618530273,22.25,21.47687530517578,98907200,DAL
2020-04-08,23.09000015258789,23.639999389648438,22.530000686645508,23.229999542236328,22.422821044921875,67565200,DAL
2020-04-09,25.399999618530273,25.530000686645508,23.350000381469727,24.389999389648438,23.54251480102539,91692900,DAL
2020-04-13,24.979999542236328,25.059999465942383,22.079999923706055,23.25,22.442129135131836,76173000,DAL
2020-04-14,23.989999771118164,25.290000915527344,23.829999923706055,24.540000915527344,23.68730354309082,60843600,DAL
2020-04-15,24.90999984741211,25.5,23.309999465942383,24.350000381469727,23.503910064697266,88092500,DAL
2020-04-16,23.760000228881836,23.799999237060547,22.6299991607666,22.780000686645508,21.98845863342285,57610200,DAL
2020-04-17,24.149999618530273,24.610000610351562,23.59000015258789,24.270000457763672,23.426687240600586,52594500,DAL
2020-04-20,23.440000534057617,24.1200008392334,22.90999984741211,23.639999389648438,22.81857681274414,42950800,DAL
2020-04-21,23.020000457763672,23.770000457763672,22.799999237060547,23.100000381469727,22.297344207763672,38616700,DAL
2020-04-22,23.8799991607666,23.940000534057617,21.6299991607666,22.469999313354492,21.689233779907227,70143800,DAL
2020-04-23,22.649999618530273,22.959999084472656,22.40999984741211,22.479999542236328,21.698884963989258,43581800,DAL
2020-04-24,22.530000686645508,22.68000030517578,21.75,22.40999984741211,21.631315231323242,43694600,DAL
2020-04-27,22.829999923706055,23.440000534057617,22.0,22.15999984741211,21.390003204345703,50561700,DAL
2020-04-28,23.0,24.899999618530273,22.649999618530273,24.34000015258789,23.49425506591797,83972100,DAL
2020-04-29,25.690000534057617,27.600000381469727,25.5,27.31999969482422,26.37070655822754,81614900,DAL
2020-04-30,26.700000762939453,27.229999542236328,25.5,25.90999984741211,25.00969696044922,63570700,DAL
2020-05-01,24.950000762939453,25.399999618530273,23.719999313354492,24.1200008392334,23.28189468383789,45146100,DAL
2020-05-04,21.190000534057617,22.790000915527344,20.5,22.56999969482422,21.78575325012207,91387100,DAL
2020-05-05,23.020000457763672,23.5,21.510000228881836,21.709999084472656,20.955636978149414,51178700,DAL
2020-05-06,21.760000228881836,22.100000381469727,20.75,21.0,20.270307540893555,52949200,DAL
2020-05-07,21.06999969482422,22.5,21.020000457763672,21.68000030517578,20.926681518554688,48328200,DAL
2020-05-08,22.360000610351562,22.920000076293945,22.049999237060547,22.719999313354492,21.930543899536133,43175900,DAL
2020-05-11,22.100000381469727,22.510000228881836,21.549999237060547,22.010000228881836,21.245214462280273,39151900,DAL
2020-05-12,22.100000381469727,22.399999618530273,21.030000686645508,21.030000686645508,20.299264907836914,37466300,DAL
2020-05-13,20.969999313354492,20.969999313354492,19.09000015258789,19.40999984741211,18.735553741455078,72264900,DAL
2020-05-14,18.799999237060547,19.540000915527344,17.510000228881836,19.3799991607666,18.70659828186035,88506300,DAL
2020-05-15,18.969999313354492,19.649999618530273,18.6200008392334,19.190000534057617,18.523202896118164,46861800,DAL
2020-05-18,20.90999984741211,21.940000534057617,20.549999237060547,21.860000610351562,21.10042953491211,74367700,DAL
2020-05-19,22.56999969482422,22.56999969482422,21.31999969482422,21.760000228881836,21.0039005279541,70906400,DAL
2020-05-20,22.34000015258789,23.100000381469727,22.139999389648438,22.719999313354492,21.930543899536133,50857000,DAL
2020-05-21,22.770000457763672,23.68000030517578,22.670000076293945,23.15999984741211,22.355257034301758,46567200,DAL
2020-05-22,23.239999771118164,23.399999618530273,22.229999542236328,22.690000534057617,21.901586532592773,37139300,DAL
2020-05-26,24.479999542236328,25.8700008392334,24.280000686645508,25.649999618530273,24.75873565673828,78557100,DAL
2020-05-27,27.670000076293945,27.850000381469727,24.729999542236328,26.31999969482422,25.405452728271484,92712000,DAL
2020-05-28,26.25,26.360000610351562,24.950000762939453,25.65999984741211,24.76838493347168,53868100,DAL
2020-05-29,24.6200008392334,25.610000610351562,24.3700008392334,25.209999084472656,24.33402442932129,50424400,DAL
2020-06-01,25.329999923706055,26.760000228881836,25.079999923706055,26.170000076293945,25.260665893554688,46510800,DAL
2020-06-02,26.68000030517578,26.979999542236328,25.940000534057617,26.40999984741211,25.492324829101562,43200400,DAL
2020-06-03,27.010000228881836,28.600000381469727,26.700000762939453,28.469999313354492,27.480745315551758,65011100,DAL
2020-06-04,30.270000457763672,32.810001373291016,29.219999313354492,32.380001068115234,31.2548885345459,134626500,DAL
2020-06-05,37.20000076293945,37.2400016784668,33.45000076293945,34.15999984741211,32.973026275634766,130685400,DAL
2020-06-08,36.630001068115234,37.08000183105469,35.380001068115234,36.970001220703125,35.68539810180664,82137300,DAL
2020-06-09,34.5,34.72999954223633,32.650001525878906,34.16999816894531,32.982688903808594,60254500,DAL
2020-06-10,32.2400016784668,32.9900016784668,29.760000228881836,31.639999389648438,30.540597915649414,90379400,DAL
2020-06-11,26.649999618530273,29.56999969482422,26.600000381469727,27.200000762939453,26.254880905151367,88001500,DAL
2020-06-12,29.889999389648438,30.739999771118164,28.75,30.43000030517578,29.37264060974121,68352400,DAL
2020-06-15,28.299999237060547,30.969999313354492,28.0,30.459999084472656,29.40159797668457,64288700,DAL
2020-06-16,32.630001068115234,33.02000045776367,30.610000610351562,31.299999237060547,30.21240997314453,63426700,DAL
2020-06-17,30.84000015258789,31.15999984741211,30.079999923706055,30.719999313354492,29.65256690979004,37722100,DAL
2020-06-18,29.8799991607666,31.149999618530273,29.600000381469727,30.790000915527344,29.720136642456055,40662600,DAL
2020-06-19,31.510000228881836,31.520000457763672,29.020000457763672,29.510000228881836,28.484609603881836,48103900,DAL
2020-06-22,29.030000686645508,29.84000015258789,28.559999465942383,29.309999465942383,28.29155731201172,42192700,DAL
2020-06-23,29.530000686645508,29.649999618530273,28.729999542236328,29.639999389648438,28.610092163085938,33475000,DAL
2020-06-24,28.75,28.989999771118164,26.93000030517578,27.34000015258789,26.3900146484375,45272500,DAL
2020-06-25,26.520000457763672,28.15999984741211,26.270000457763672,28.010000228881836,27.036733627319336,37309400,DAL
2020-06-26,28.020000457763672,28.100000381469727,26.239999771118164,26.90999984741211,25.97494888305664,45683400,DAL
2020-06-29,27.200000762939453,28.81999969482422,26.579999923706055,28.610000610351562,27.61588478088379,38727300,DAL
2020-06-30,28.350000381469727,28.65999984741211,27.600000381469727,28.049999237060547,27.075342178344727,27054800,DAL
2020-07-01,29.020000457763672,29.850000381469727,27.489999771118164,27.700000762939453,26.73750114440918,39305300,DAL
2020-07-02,28.540000915527344,28.729999542236328,27.600000381469727,27.719999313354492,26.756807327270508,29240100,DAL
2020-07-06,28.239999771118164,28.6299991607666,27.280000686645508,28.440000534057617,27.4517879486084,27345200,DAL
2020-07-07,27.860000610351562,27.950000762939453,26.860000610351562,27.010000228881836,26.07147979736328,24598100,DAL
2020-07-08,26.649999618530273,27.280000686645508,26.200000762939453,27.010000228881836,26.07147979736328,27214100,DAL
2020-07-09,26.790000915527344,26.920000076293945,25.219999313354492,25.649999618530273,24.75873565673828,31219800,DAL
2020-07-10,25.299999237060547,27.260000228881836,25.149999618530273,27.09000015258789,26.14870262145996,31349400,DAL
2020-07-13,27.229999542236328,27.6200008392334,26.309999465942383,26.81999969482422,25.888078689575195,34133100,DAL
2020-07-14,25.639999389648438,26.75,25.459999084472656,26.110000610351562,25.202754974365234,42273300,DAL
2020-07-15,27.5,28.8799991607666,26.920000076293945,28.600000381469727,27.60622787475586,47726600,DAL
2020-07-16,27.559999465942383,27.950000762939453,27.040000915527344,27.260000228881836,26.312793731689453,25914200,DAL
2020-07-17,27.329999923706055,27.729999542236328,26.940000534057617,27.049999237060547,26.110090255737305,20920100,DAL
2020-07-20,27.0,27.420000076293945,26.030000686645508,26.219999313354492,25.30892562866211,21574500,DAL
2020-07-21,26.5,26.950000762939453,26.350000381469727,26.43000030517578,25.51163101196289,20930300,DAL
2020-07-22,26.229999542236328,26.81999969482422,26.110000610351562,26.25,25.337886810302734,16710800,DAL
2020-07-23,26.0,27.700000762939453,25.780000686645508,26.780000686645508,25.849470138549805,28110700,DAL
2020-07-24,26.479999542236328,26.639999389648438,25.8799991607666,25.959999084472656,25.057960510253906,16774900,DAL
2020-07-27,25.950000762939453,26.15999984741211,25.3700008392334,25.5,24.61394500732422,18849800,DAL
2020-07-28,25.350000381469727,26.299999237060547,25.34000015258789,25.940000534057617,25.03865623474121,18615600,DAL
2020-07-29,26.020000457763672,26.190000534057617,25.3799991607666,25.719999313354492,24.826303482055664,14459700,DAL
2020-07-30,25.25,25.3799991607666,24.81999969482422,24.940000534057617,24.073402404785156,16844000,DAL
2020-07-31,24.799999237060547,25.010000228881836,24.43000030517578,24.969999313354492,24.10236167907715,17106500,DAL
2020-08-03,24.850000381469727,25.479999542236328,24.3799991607666,25.200000762939453,24.324373245239258,16590400,DAL
2020-08-04,25.450000762939453,26.219999313354492,25.309999465942383,25.670000076293945,24.77803611755371,17233600,DAL
2020-08-05,26.219999313354492,27.040000915527344,25.75,26.469999313354492,25.550241470336914,27782100,DAL
2020-08-06,26.899999618530273,27.299999237060547,26.1299991607666,27.079999923706055,26.13904571533203,30682500,DAL
2020-08-07,26.700000762939453,27.200000762939453,26.469999313354492,27.18000030517578,26.235572814941406,15254500,DAL
2020-08-10,27.459999084472656,29.40999984741211,27.3799991607666,29.34000015258789,28.320518493652344,34084900,DAL
2020-08-11,30.790000915527344,30.81999969482422,29.43000030517578,29.639999389648438,28.610092163085938,37293000,DAL
2020-08-12,30.040000915527344,30.280000686645508,28.360000610351562,29.09000015258789,28.079206466674805,26590000,DAL
2020-08-13,28.600000381469727,29.579999923706055,28.489999771118164,28.700000762939453,27.702756881713867,15767700,DAL
2020-08-14,28.299999237060547,29.190000534057617,28.149999618530273,28.950000762939453,27.944068908691406,13107800,DAL
2020-08-17,29.040000915527344,29.040000915527344,27.760000228881836,28.020000457763672,27.046384811401367,14569000,DAL
2020-08-18,28.0,28.280000686645508,27.3700008392334,27.6299991607666,26.669937133789062,14222500,DAL
2020-08-19,27.75,29.1200008392334,27.559999465942383,27.670000076293945,26.708547592163086,21082100,DAL
2020-08-20,27.520000457763672,27.790000915527344,27.020000457763672,27.6200008392334,26.6602840423584,14010200,DAL
2020-08-21,27.559999465942383,27.860000610351562,27.170000076293945,27.270000457763672,26.32244300842285,10897500,DAL
2020-08-24,27.65999984741211,29.799999237060547,27.540000915527344,29.799999237060547,28.764530181884766,34251000,DAL
2020-08-25,30.0,30.280000686645508,29.329999923706055,30.100000381469727,29.05411148071289,31001900,DAL
2020-08-26,30.010000228881836,30.219999313354492,29.6200008392334,29.950000762939453,28.909320831298828,18877300,DAL
2020-08-27,30.809999465942383,32.209999084472656,30.6200008392334,30.81999969482422,29.749094009399414,31795200,DAL
2020-08-28,31.25,31.989999771118164,30.729999542236328,31.989999771118164,30.878435134887695,20469700,DAL
2020-08-31,31.809999465942383,32.0099983215332,30.799999237060547,30.850000381469727,29.778047561645508,18262700,DAL
2020-09-01,30.020000457763672,31.610000610351562,29.75,30.709999084472656,29.642913818359375,20041500,DAL
2020-09-02,30.399999618530273,31.299999237060547,30.139999389648438,31.139999389648438,30.057971954345703,16307700,DAL
2020-09-03,31.6299991607666,32.529998779296875,30.469999313354492,31.219999313354492,30.13519287109375,29474900,DAL
2020-09-04,31.790000915527344,32.369998931884766,30.610000610351562,31.770000457763672,30.66608238220215,25878700,DAL
2020-09-08,31.399999618530273,33.099998474121094,31.34000015258789,32.540000915527344,31.409326553344727,28129400,DAL
2020-09-09,32.16999816894531,32.439998626708984,31.31999969482422,31.760000228881836,30.656429290771484,19362700,DAL
2020-09-10,32.18000030517578,32.709999084472656,31.670000076293945,31.790000915527344,30.68538475036621,17711300,DAL
2020-09-11,31.809999465942383,32.130001068115234,31.34000015258789,31.700000762939453,30.598514556884766,14344100,DAL
2020-09-14,32.290000915527344,32.900001525878906,32.0099983215332,32.81999969482422,31.679594039916992,16333000,DAL
2020-09-15,33.20000076293945,34.47999954223633,33.099998474121094,33.5099983215332,32.34561538696289,22656400,DAL
2020-09-16,33.79999923706055,34.9900016784668,33.189998626708984,34.56999969482422,33.36878967285156,26009000,DAL
2020-09-17,33.970001220703125,35.06999969482422,33.63999938964844,33.959999084472656,32.77997970581055,26014800,DAL
2020-09-18,33.220001220703125,34.02000045776367,32.58000183105469,32.84000015258789,31.698902130126953,35079200,DAL
2020-09-21,31.15999984741211,31.200000762939453,29.420000076293945,29.81999969482422,28.783838272094727,34449900,DAL
2020-09-22,29.809999465942383,30.540000915527344,29.719999313354492,30.219999313354492,29.169939041137695,18035300,DAL
2020-09-23,30.440000534057617,31.030000686645508,29.489999771118164,29.559999465942383,28.532869338989258,17358100,DAL
2020-09-24,29.1200008392334,29.510000228881836,27.920000076293945,29.010000228881836,28.001983642578125,22257800,DAL
2020-09-25,28.81999969482422,29.790000915527344,28.780000686645508,29.780000686645508,28.74523162841797,21831500,DAL
2020-09-28,30.600000381469727,31.959999084472656,30.139999389648438,31.34000015258789,30.251020431518555,22098400,DAL
2020-09-29,31.100000381469727,31.110000610351562,30.299999237060547,30.610000610351562,29.54638671875,14785600,DAL
2020-09-30,30.989999771118164,31.850000381469727,30.479999542236328,30.579999923706055,29.51742935180664,16664100,DAL
2020-10-01,30.989999771118164,31.360000610351562,30.579999923706055,31.100000381469727,30.019363403320312,12501900,DAL
2020-10-02,29.75,32.29999923706055,29.610000610351562,31.75,30.64677619934082,27126000,DAL
2020-10-05,32.349998474121094,32.43000030517578,31.520000457763672,32.0,30.88808822631836,14807100,DAL
2020-10-06,32.630001068115234,32.720001220703125,30.90999984741211,31.059999465942383,29.98075294494629,20317100,DAL
2020-10-07,32.220001220703125,32.36000061035156,31.639999389648438,32.150001525878906,31.032875061035156,15416600,DAL
2020-10-08,32.689998626708984,33.0,31.920000076293945,32.68000030517578,31.54446029663086,18123800,DAL
2020-10-09,32.709999084472656,33.27000045776367,32.290000915527344,32.810001373291016,31.669944763183594,16730600,DAL
2020-10-12,32.68000030517578,32.810001373291016,32.29999923706055,32.63999938964844,31.5058536529541,12065800,DAL
2020-10-13,31.899999618530273,32.38999938964844,31.479999542236328,31.770000457763672,30.66608238220215,22421200,DAL
2020-10-14,31.770000457763672,32.31999969482422,31.649999618530273,31.760000228881836,30.656429290771484,16497900,DAL
2020-10-15,31.3799991607666,31.459999084472656,30.690000534057617,31.34000015258789,30.251020431518555,11922300,DAL
2020-10-16,31.399999618530273,31.760000228881836,31.239999771118164,31.469999313354492,30.37650489807129,11143600,DAL
2020-10-19,31.700000762939453,32.27000045776367,31.309999465942383,31.5,30.40546226501465,14588700,DAL
2020-10-20,31.969999313354492,32.40999984741211,31.59000015258789,31.979999542236328,30.868785858154297,14244300,DAL
2020-10-21,31.889999389648438,31.940000534057617,31.3700008392334,31.5,30.40546226501465,11292300,DAL
2020-10-22,31.8700008392334,33.810001373291016,31.719999313354492,33.720001220703125,32.5483283996582,25713700,DAL
2020-10-23,33.52000045776367,34.040000915527344,32.900001525878906,34.0,32.8185920715332,15247300,DAL
2020-10-26,33.5,33.5,31.530000686645508,31.93000030517578,30.820526123046875,16558300,DAL
2020-10-27,31.75,32.060001373291016,30.690000534057617,30.709999084472656,29.642913818359375,13442000,DAL
2020-10-28,29.760000228881836,30.149999618530273,28.739999771118164,29.649999618530273,28.61974334716797,22720900,DAL
2020-10-29,29.459999084472656,30.90999984741211,29.34000015258789,30.760000228881836,29.691173553466797,16962300,DAL
2020-10-30,30.520000457763672,30.989999771118164,29.989999771118164,30.639999389648438,29.575345993041992,15229400,DAL
2020-11-02,30.6200008392334,30.6299991607666,29.670000076293945,30.219999313354492,29.169939041137695,14200900,DAL
2020-11-03,30.940000534057617,31.360000610351562,30.639999389648438,30.899999618530273,29.826313018798828,14257900,DAL
2020-11-04,30.90999984741211,31.309999465942383,30.110000610351562,30.43000030517578,29.37264060974121,12348500,DAL
2020-11-05,30.850000381469727,32.2599983215332,30.799999237060547,31.979999542236328,30.868785858154297,13145100,DAL
2020-11-06,31.670000076293945,31.84000015258789,31.030000686645508,31.420000076293945,30.328243255615234,11821100,DAL
2020-11-09,37.400001525878906,38.689998626708984,34.68000030517578,36.77000045776367,35.49235534667969,58086400,DAL
2020-11-10,36.099998474121094,37.16999816894531,35.689998626708984,37.040000915527344,35.75296401977539,28449400,DAL
2020-11-11,36.63999938964844,36.790000915527344,34.72999954223633,35.02000045776367,33.80315017700195,20970400,DAL
2020-11-12,34.09000015258789,35.54999923706055,34.02000045776367,34.380001068115234,33.185386657714844,21676300,DAL
2020-11-13,34.95000076293945,36.66999816894531,34.849998474121094,36.459999084472656,35.19312286376953,20832400,DAL
2020-11-16,38.43000030517578,38.650001525878906,37.2400016784668,38.0,36.67961120605469,25376600,DAL
2020-11-17,37.400001525878906,38.04999923706055,36.65999984741211,37.599998474121094,36.29350662231445,16952700,DAL
2020-11-18,38.09000015258789,39.29999923706055,37.88999938964844,37.90999984741211,36.59273147583008,21199200,DAL
2020-11-19,37.59000015258789,38.130001068115234,37.47999954223633,37.90999984741211,36.59273147583008,13981600,DAL
2020-11-20,37.9900016784668,38.09000015258789,36.970001220703125,37.130001068115234,35.83983612060547,12490500,DAL
2020-11-23,37.79999923706055,38.849998474121094,37.43000030517578,38.790000915527344,37.442161560058594,14802900,DAL
2020-11-24,40.04999923706055,41.290000915527344,39.40999984741211,41.2599983215332,39.82632827758789,23818000,DAL
2020-11-25,40.79999923706055,41.4900016784668,40.04999923706055,41.290000915527344,39.85528564453125,14588900,DAL
2020-11-27,41.790000915527344,42.189998626708984,40.779998779296875,41.060001373291016,39.633277893066406,10516600,DAL
2020-11-30,40.529998779296875,41.04999923706055,39.349998474121094,40.25,38.8514289855957,16732600,DAL
2020-12-01,40.790000915527344,41.060001373291016,39.91999816894531,39.959999084472656,38.571502685546875,13184200,DAL
2020-12-02,39.810001373291016,41.279998779296875,39.060001373291016,41.06999969482422,39.64293670654297,12937300,DAL
2020-12-03,41.70000076293945,43.7599983215332,41.560001373291016,42.95000076293945,41.45760726928711,24526800,DAL
2020-12-04,43.20000076293945,43.4900016784668,42.06999969482422,42.36000061035156,40.88810729980469,18453400,DAL
2020-12-07,42.400001525878906,42.83000183105469,41.7400016784668,42.349998474121094,40.87845993041992,13169100,DAL
2020-12-08,41.95000076293945,42.880001068115234,41.77000045776367,42.40999984741211,40.936363220214844,11530300,DAL
2020-12-09,43.04999923706055,43.47999954223633,41.33000183105469,42.11000061035156,40.64680099487305,16348300,DAL
2020-12-10,41.15999984741211,42.75,41.06999969482422,42.619998931884766,41.13907241821289,10680700,DAL
2020-12-11,42.0099983215332,42.43000030517578,41.13999938964844,41.7400016784668,40.28964614868164,12223100,DAL
2020-12-14,42.25,42.380001068115234,40.66999816894531,40.689998626708984,39.276126861572266,12445200,DAL
2020-12-15,41.20000076293945,41.93000030517578,40.15999984741211,41.849998474121094,40.39582824707031,11433200,DAL
2020-12-16,41.75,41.810001373291016,40.65999984741211,41.08000183105469,39.652587890625,11010600,DAL
2020-12-17,41.29999923706055,41.41999816894531,40.61000061035156,41.11000061035156,39.68153762817383,9656700,DAL
2020-12-18,40.880001068115234,41.029998779296875,40.279998779296875,40.68000030517578,39.2664794921875,14312400,DAL
2020-12-21,39.560001373291016,40.349998474121094,39.15999984741211,40.13999938964844,38.7452507019043,16976800,DAL
2020-12-22,40.43000030517578,40.4900016784668,38.84000015258789,38.939998626708984,37.586944580078125,13461200,DAL
2020-12-23,39.29999923706055,40.470001220703125,39.18000030517578,40.2400016784668,38.841773986816406,12659700,DAL
2020-12-24,40.41999816894531,40.439998626708984,39.599998474121094,39.72999954223633,38.34950256347656,5176400,DAL
2020-12-28,40.27000045776367,40.779998779296875,40.0099983215332,40.150001525878906,38.75489807128906,10654400,DAL
2020-12-29,40.84000015258789,40.84000015258789,39.900001525878906,40.029998779296875,38.639068603515625,8142800,DAL
2020-12-30,40.0,40.90999984741211,39.88999938964844,40.560001373291016,39.15065383911133,8504600,DAL
2020-12-31,40.29999923706055,40.7400016784668,39.7599983215332,40.209999084472656,38.81281280517578,8705700,DAL
2021-01-04,40.16999816894531,40.34000015258789,38.33000183105469,38.72999954223633,37.384239196777344,15123400,DAL
2021-01-05,38.4900016784668,40.09000015258789,38.45000076293945,39.54999923706055,38.17574691772461,12317200,DAL
2021-01-06,39.63999938964844,40.900001525878906,39.540000915527344,40.380001068115234,38.976905822753906,12881100,DAL
2021-01-07,40.45000076293945,40.95000076293945,40.209999084472656,40.22999954223633,38.832122802734375,9136300,DAL
2021-01-08,40.40999984741211,40.689998626708984,39.77000045776367,40.02000045776367,38.62941360473633,9497500,DAL
2021-01-11,39.08000183105469,39.9900016784668,38.900001525878906,39.40999984741211,38.04061508178711,11748800,DAL
2021-01-12,39.689998626708984,40.40999984741211,39.15999984741211,40.29999923706055,38.899688720703125,9725000,DAL
2021-01-13,40.0099983215332,40.7400016784668,39.630001068115234,40.45000076293945,39.04447555541992,10852500,DAL
2021-01-14,41.209999084472656,42.63999938964844,41.119998931884766,41.470001220703125,40.02903366088867,17658300,DAL
2021-01-15,41.66999816894531,41.66999816894531,39.959999084472656,39.97999954223633,38.59080505371094,15465500,DAL
2021-01-19,40.310001373291016,40.650001525878906,39.79999923706055,40.310001373291016,38.909339904785156,11530700,DAL
2021-01-20,40.689998626708984,41.77000045776367,40.5,41.619998931884766,40.173824310302734,11335700,DAL
2021-01-21,41.310001373291016,41.43000030517578,40.16999816894531,40.66999816894531,39.256839752197266,11134200,DAL
2021-01-22,40.0,40.27000045776367,39.810001373291016,40.0,38.610111236572266,11310100,DAL
2021-01-25,39.630001068115234,39.75,38.41999816894531,38.900001525878906,37.5483283996582,15964900,DAL
2021-01-26,39.2599983215332,39.63999938964844,38.97999954223633,39.31999969482422,37.95374298095703,10599400,DAL
2021-01-27,38.630001068115234,39.22999954223633,38.15999984741211,38.52000045776367,37.181541442871094,16953400,DAL
2021-01-28,39.54999923706055,40.369998931884766,38.9900016784668,40.08000183105469,38.68733215332031,21654000,DAL
2021-01-29,39.27000045776367,39.83000183105469,37.7400016784668,37.959999084472656,36.640987396240234,17989700,DAL
2021-02-01,38.349998474121094,38.439998626708984,37.41999816894531,37.81999969482422,36.50586700439453,10332900,DAL
2021-02-02,38.54999923706055,38.880001068115234,37.9900016784668,38.79999923706055,37.45180892944336,11854300,DAL
2021-02-03,38.869998931884766,39.900001525878906,38.70000076293945,39.779998779296875,38.39775466918945,12416000,DAL
2021-02-04,39.95000076293945,41.06999969482422,39.939998626708984,40.93000030517578,39.50779724121094,11431800,DAL
2021-02-05,41.380001068115234,41.400001525878906,40.75,41.150001525878906,39.72015380859375,10111900,DAL
2021-02-08,41.54999923706055,43.459999084472656,41.36000061035156,43.2400016784668,41.73753356933594,18296300,DAL
2021-02-09,42.959999084472656,42.959999084472656,41.810001373291016,42.5099983215332,41.032894134521484,10432100,DAL
2021-02-10,42.84000015258789,43.220001220703125,42.15999984741211,42.900001525878906,41.409339904785156,12011100,DAL
2021-02-11,42.70000076293945,43.13999938964844,42.0,42.720001220703125,41.235595703125,8549200,DAL
2021-02-12,42.5099983215332,43.939998626708984,42.40999984741211,43.290000915527344,41.785797119140625,11490100,DAL
2021-02-16,43.9900016784668,44.810001373291016,43.779998779296875,44.650001525878906,43.09854507446289,13775500,DAL
2021-02-17,44.279998779296875,44.5,43.540000915527344,44.38999938964844,42.847572326660156,10934400,DAL
2021-02-18,43.79999923706055,44.54999923706055,43.369998931884766,44.380001068115234,42.837921142578125,8747800,DAL
2021-02-19,44.619998931884766,46.220001220703125,44.54999923706055,45.66999816894531,44.08309555053711,14587700,DAL
2021-02-22,46.75,48.93000030517578,46.470001220703125,47.7400016784668,46.0811653137207,21573500,DAL
2021-02-23,48.130001068115234,48.880001068115234,45.70000076293945,48.34000015258789,46.66032028198242,19193800,DAL
2021-02-24,48.93000030517578,50.20000076293945,48.619998931884766,49.599998474121094,47.87653732299805,17020900,DAL
2021-02-25,49.970001220703125,50.0,47.22999954223633,48.25,46.573448181152344,15729800,DAL
2021-02-26,47.70000076293945,49.13999938964844,47.279998779296875,47.939998626708984,46.27421951293945,14828000,DAL
2021-03-01,49.470001220703125,49.959999084472656,48.060001373291016,48.060001373291016,46.39004898071289,13812900,DAL
2021-03-02,48.099998474121094,48.68000030517578,47.380001068115234,48.22999954223633,46.554141998291016,11566800,DAL
2021-03-03,48.619998931884766,49.09000015258789,48.13999938964844,48.349998474121094,46.66997146606445,13642700,DAL
2021-03-04,48.31999969482422,48.40999984741211,45.31999969482422,46.959999084472656,45.328269958496094,18062500,DAL
2021-03-05,46.90999984741211,47.0,43.0099983215332,46.209999084472656,44.60433578491211,20611800,DAL
2021-03-08,46.93000030517578,48.220001220703125,46.70000076293945,47.880001068115234,46.216304779052734,17273000,DAL
2021-03-09,47.959999084472656,48.08000183105469,46.34000015258789,47.619998931884766,45.965335845947266,11710100,DAL
2021-03-10,47.650001525878906,48.58000183105469,47.15999984741211,47.79999923706055,46.13908386230469,10719300,DAL
2021-03-11,48.209999084472656,48.959999084472656,47.58000183105469,48.31999969482422,46.641014099121094,11318600,DAL
2021-03-12,48.349998474121094,49.86000061035156,48.08000183105469,49.83000183105469,48.09855270385742,15891800,DAL
2021-03-15,50.86000061035156,52.279998779296875,50.75,50.9900016784668,49.218238830566406,19673700,DAL
2021-03-16,51.040000915527344,51.13999938964844,49.029998779296875,49.38999938964844,47.673831939697266,14281500,DAL
2021-03-17,49.029998779296875,50.63999938964844,49.0099983215332,50.439998626708984,48.68735122680664,13694400,DAL
2021-03-18,50.08000183105469,50.97999954223633,48.93000030517578,49.18000030517578,47.471134185791016,13410100,DAL
2021-03-19,49.040000915527344,49.209999084472656,47.83000183105469,49.0,47.29738998413086,12123600,DAL
2021-03-22,48.529998779296875,48.619998931884766,47.75,47.970001220703125,46.30317306518555,10911100,DAL
2021-03-23,47.02000045776367,47.83000183105469,45.45000076293945,45.63999938964844,44.05413055419922,13616800,DAL
2021-03-24,46.540000915527344,47.400001525878906,45.560001373291016,45.61000061035156,44.02518081665039,12120800,DAL
2021-03-25,44.790000915527344,47.220001220703125,44.52000045776367,47.0099983215332,45.376529693603516,14469100,DAL
2021-03-26,47.5,47.939998626708984,46.560001373291016,47.65999984741211,46.003944396972656,12361400,DAL
2021-03-29,47.65999984741211,48.099998474121094,46.709999084472656,47.31999969482422,45.67576599121094,9824200,DAL
2021-03-30,47.70000076293945,49.040000915527344,47.41999816894531,48.900001525878906,47.200862884521484,10787500,DAL
2021-03-31,48.79999923706055,49.02000045776367,48.11000061035156,48.279998779296875,46.6024055480957,9469200,DAL
2021-04-01,48.59000015258789,49.209999084472656,48.279998779296875,48.83000183105469,47.133296966552734,9570000,DAL
2021-04-05,49.58000183105469,50.97999954223633,49.470001220703125,50.25,48.50395202636719,14599900,DAL
2021-04-06,50.70000076293945,51.810001373291016,50.540000915527344,51.650001525878906,49.85530090332031,14652500,DAL
2021-04-07,51.79999923706055,51.81999969482422,50.029998779296875,50.20000076293945,48.455692291259766,12244300,DAL
2021-04-08,49.75,50.209999084472656,49.13999938964844,49.810001373291016,48.07923889160156,13546900,DAL
2021-04-09,49.810001373291016,49.810001373291016,48.83000183105469,49.27000045776367,47.55799865722656,9785400,DAL
2021-04-12,49.060001373291016,49.13999938964844,48.16999816894531,48.81999969482422,47.12363815307617,11070300,DAL
2021-04-13,47.45000076293945,48.5,46.56999969482422,48.2599983215332,46.58309555053711,18287600,DAL
2021-04-14,49.06999969482422,49.5,47.91999816894531,48.16999816894531,46.4962272644043,12520400,DAL
2021-04-15,48.86000061035156,49.04999923706055,46.150001525878906,46.81999969482422,45.193138122558594,22267900,DAL
2021-04-16,47.0,47.43000030517578,46.34000015258789,46.63999938964844,45.01939010620117,12236400,DAL
2021-04-19,46.43000030517578,46.470001220703125,45.630001068115234,46.150001525878906,44.54642105102539,9579400,DAL
2021-04-20,45.5,45.52000045776367,43.7599983215332,44.45000076293945,42.90549087524414,15627800,DAL
2021-04-21,44.0,45.7400016784668,43.34000015258789,45.70000076293945,44.112056732177734,16267100,DAL
2021-04-22,46.060001373291016,46.33000183105469,44.630001068115234,44.650001525878906,43.09854507446289,17303200,DAL
2021-04-23,44.810001373291016,45.939998626708984,44.45000076293945,45.79999923706055,44.20857238769531,9162700,DAL
2021-04-26,46.5,47.099998474121094,46.119998931884766,46.61000061035156,44.99043273925781,11260000,DAL
2021-04-27,46.65999984741211,46.7400016784668,46.09000015258789,46.34000015258789,44.72981262207031,8151600,DAL
2021-04-28,46.25,46.75,46.09000015258789,46.439998626708984,44.82634353637695,7209200,DAL
2021-04-29,46.90999984741211,47.0099983215332,46.060001373291016,46.380001068115234,44.76842498779297,8222300,DAL
2021-04-30,46.029998779296875,47.08000183105469,45.900001525878906,46.91999816894531,45.2896614074707,9175200,DAL
2021-05-03,47.189998626708984,47.22999954223633,46.08000183105469,46.56999969482422,44.951820373535156,9382600,DAL
2021-05-04,46.25,46.40999984741211,44.08000183105469,44.65999984741211,43.108184814453125,14790400,DAL
2021-05-05,44.70000076293945,45.810001373291016,44.560001373291016,45.20000076293945,43.62942886352539,10700100,DAL
2021-05-06,45.15999984741211,45.5099983215332,44.15999984741211,44.93000030517578,43.36880874633789,9665700,DAL
2021-05-07,44.869998931884766,46.349998474121094,44.77000045776367,46.11000061035156,44.507808685302734,11195100,DAL
2021-05-10,46.29999923706055,46.77000045776367,45.40999984741211,45.43000030517578,43.85143280029297,9054200,DAL
2021-05-11,44.25,45.04999923706055,43.61000061035156,44.52000045776367,42.97304916381836,14139100,DAL
2021-05-12,44.13999938964844,44.7400016784668,42.939998626708984,43.029998779296875,41.53483200073242,12187300,DAL
2021-05-13,43.400001525878906,44.29999923706055,42.939998626708984,43.970001220703125,42.442169189453125,11778100,DAL
2021-05-14,44.939998626708984,46.439998626708984,44.810001373291016,46.310001373291016,44.70085525512695,11537500,DAL
2021-05-17,46.0,46.83000183105469,45.2599983215332,46.75,45.12557601928711,11077700,DAL
2021-05-18,46.95000076293945,47.79999923706055,46.38999938964844,46.72999954223633,45.106266021728516,10684000,DAL
2021-05-19,45.90999984741211,46.290000915527344,45.130001068115234,46.13999938964844,44.53676223754883,11545800,DAL
2021-05-20,46.349998474121094,46.369998931884766,44.90999984741211,45.40999984741211,43.83212661743164,12341700,DAL
2021-05-21,45.70000076293945,46.0,45.11000061035156,45.209999084472656,43.639076232910156,9894400,DAL
2021-05-24,45.56999969482422,46.279998779296875,45.0099983215332,46.16999816894531,44.56571960449219,8409100,DAL
2021-05-25,47.40999984741211,48.15999984741211,46.5099983215332,46.66999816894531,45.04833984375,14657000,DAL
2021-05-26,47.04999923706055,47.56999969482422,46.810001373291016,47.4900016784668,45.8398551940918,9746200,DAL
2021-05-27,48.0,48.20000076293945,47.25,48.04999923706055,46.38039779663086,8680700,DAL
2021-05-28,48.04999923706055,48.060001373291016,47.25,47.68000030517578,46.023258209228516,8370300,DAL
2021-06-01,48.130001068115234,48.540000915527344,47.43000030517578,47.70000076293945,46.04256057739258,11986200,DAL
2021-06-02,48.0,48.279998779296875,47.41999816894531,47.77000045776367,46.110130310058594,9108600,DAL
2021-06-03,47.36000061035156,47.380001068115234,46.06999969482422,46.130001068115234,44.52710723876953,11555600,DAL
2021-06-04,46.540000915527344,46.72999954223633,45.68000030517578,45.97999954223633,44.38232421875,7699400,DAL
2021-06-07,45.9900016784668,46.380001068115234,45.88999938964844,46.08000183105469,44.47885513305664,6120200,DAL
2021-06-08,47.2599983215332,47.380001068115234,46.380001068115234,47.040000915527344,45.40549850463867,10714100,DAL
2021-06-09,47.349998474121094,47.400001525878906,46.47999954223633,46.52000045776367,44.903564453125,6741200,DAL
2021-06-10,47.20000076293945,47.439998626708984,45.9900016784668,46.279998779296875,44.671897888183594,9780800,DAL
2021-06-11,46.06999969482422,46.630001068115234,46.0,46.5,44.88425827026367,8216100,DAL
2021-06-14,46.33000183105469,46.790000915527344,45.720001220703125,45.900001525878906,44.30510330200195,11184200,DAL
2021-06-15,45.90999984741211,46.279998779296875,45.310001373291016,45.529998779296875,43.94795227050781,7898500,DAL
2021-06-16,45.56999969482422,45.9900016784668,45.130001068115234,45.52000045776367,43.93831253051758,8565500,DAL
2021-06-17,45.529998779296875,46.04999923706055,44.25,44.56999969482422,43.02131652832031,10144600,DAL
2021-06-18,44.439998626708984,45.380001068115234,43.95000076293945,44.959999084472656,43.397769927978516,15219300,DAL
2021-06-21,45.040000915527344,45.779998779296875,44.81999969482422,45.77000045776367,44.179622650146484,9861400,DAL
2021-06-22,45.77000045776367,45.790000915527344,44.869998931884766,45.369998931884766,43.793514251708984,8499800,DAL
2021-06-23,45.36000061035156,45.61000061035156,45.0099983215332,45.27000045776367,43.69699478149414,7406100,DAL
2021-06-24,45.56999969482422,45.63999938964844,44.59000015258789,44.90999984741211,43.34950256347656,9300300,DAL
2021-06-25,44.91999816894531,44.97999954223633,44.2599983215332,44.43000030517578,42.88618087768555,23930400,DAL
2021-06-28,44.099998474121094,44.099998474121094,42.58000183105469,43.119998931884766,41.6217041015625,17441500,DAL
2021-06-29,43.0,43.47999954223633,42.810001373291016,42.869998931884766,41.38038635253906,9477800,DAL
2021-06-30,42.83000183105469,43.59000015258789,42.810001373291016,43.2599983215332,41.7568359375,7845500,DAL
2021-07-01,43.5,44.41999816894531,43.5,44.22999954223633,42.693138122558594,9873800,DAL
2021-07-02,44.09000015258789,44.29999923706055,43.720001220703125,44.150001525878906,42.61591339111328,5759900,DAL
2021-07-06,44.310001373291016,44.540000915527344,43.0,43.2400016784668,41.73753356933594,7881000,DAL
2021-07-07,42.95000076293945,43.470001220703125,41.95000076293945,42.540000915527344,41.06185531616211,11858300,DAL
2021-07-08,41.720001220703125,42.79999923706055,41.119998931884766,42.06999969482422,40.608184814453125,10363900,DAL
2021-07-09,42.470001220703125,43.20000076293945,42.29999923706055,42.91999816894531,41.428646087646484,7707100,DAL
2021-07-12,42.369998931884766,43.380001068115234,42.029998779296875,42.849998474121094,41.361080169677734,10626000,DAL
2021-07-13,42.29999923706055,42.54999923706055,41.189998626708984,41.33000183105469,39.89389419555664,14610400,DAL
2021-07-14,41.529998779296875,42.20000076293945,40.119998931884766,40.68000030517578,39.2664794921875,31085700,DAL
2021-07-15,41.189998626708984,42.27000045776367,40.68000030517578,41.349998474121094,39.91320037841797,20896300,DAL
2021-07-16,41.83000183105469,42.04999923706055,39.84000015258789,40.060001373291016,38.668025970458984,16726600,DAL
2021-07-19,38.27000045776367,39.0,37.560001373291016,38.560001373291016,37.22015380859375,27073800,DAL
2021-07-20,38.630001068115234,40.81999969482422,38.43000030517578,40.65999984741211,39.2471809387207,17690600,DAL
2021-07-21,41.0099983215332,42.20000076293945,41.0,41.61000061035156,40.16416549682617,19145300,DAL
2021-07-22,41.34000015258789,41.560001373291016,40.40999984741211,41.060001373291016,39.633277893066406,10850600,DAL
2021-07-23,41.31999969482422,41.630001068115234,40.31999969482422,40.40999984741211,39.005863189697266,10101600,DAL
2021-07-26,40.34000015258789,41.70000076293945,40.310001373291016,41.66999816894531,40.222084045410156,10014900,DAL
2021-07-27,41.36000061035156,41.4900016784668,40.5,40.959999084472656,39.53675079345703,10508200,DAL
2021-07-28,41.369998931884766,41.650001525878906,40.630001068115234,41.29999923706055,39.86494827270508,7538600,DAL
2021-07-29,41.439998626708984,41.630001068115234,40.95000076293945,41.22999954223633,39.7973747253418,8357400,DAL
2021-07-30,40.650001525878906,41.060001373291016,39.75,39.900001525878906,38.51358413696289,12202300,DAL
2021-08-02,40.040000915527344,40.970001220703125,39.400001525878906,39.45000076293945,38.07921600341797,11084800,DAL
2021-08-03,39.5,39.849998474121094,38.54999923706055,39.77000045776367,38.38810348510742,14670600,DAL
2021-08-04,39.150001525878906,39.47999954223633,37.900001525878906,38.349998474121094,37.01744079589844,23023700,DAL
2021-08-05,38.4900016784668,40.15999984741211,38.470001220703125,39.9900016784668,38.600460052490234,15652400,DAL
2021-08-06,40.540000915527344,40.68000030517578,39.47999954223633,40.31999969482422,38.91899490356445,11716100,DAL
2021-08-09,40.02000045776367,40.02000045776367,38.75,39.290000915527344,37.92478561401367,10985000,DAL
2021-08-10,39.349998474121094,41.029998779296875,39.209999084472656,40.459999084472656,39.05412673950195,13745300,DAL
2021-08-11,40.0,41.29999923706055,39.68000030517578,41.29999923706055,39.86494827270508,12452000,DAL
2021-08-12,41.0,41.130001068115234,40.04999923706055,40.529998779296875,39.1216926574707,9802100,DAL
2021-08-13,40.310001373291016,40.56999969482422,39.790000915527344,39.900001525878906,38.51358413696289,7211800,DAL
2021-08-16,39.45000076293945,40.02000045776367,38.880001068115234,39.93000030517578,38.54254150390625,10923400,DAL
2021-08-17,39.25,39.459999084472656,38.279998779296875,38.779998779296875,37.432498931884766,11442000,DAL
2021-08-18,38.689998626708984,39.470001220703125,38.400001525878906,38.650001525878906,37.307029724121094,8612300,DAL
2021-08-19,38.43000030517578,38.529998779296875,37.310001373291016,37.93000030517578,36.61204147338867,12294000,DAL
2021-08-20,37.9900016784668,38.25,37.75,38.119998931884766,36.79543685913086,8213100,DAL
2021-08-23,38.790000915527344,39.33000183105469,38.630001068115234,39.209999084472656,37.84756088256836,8584700,DAL
2021-08-24,39.86000061035156,40.869998931884766,39.81999969482422,40.529998779296875,39.1216926574707,10805000,DAL
2021-08-25,40.59000015258789,41.439998626708984,40.15999984741211,41.29999923706055,39.86494827270508,12455900,DAL
2021-08-26,41.11000061035156,41.47999954223633,40.279998779296875,40.77000045776367,39.353363037109375,10032900,DAL
2021-08-27,40.849998474121094,41.75,40.81999969482422,41.52000045776367,40.07729721069336,7936100,DAL
2021-08-30,41.75,41.79999923706055,39.880001068115234,39.90999984741211,38.52324295043945,11882100,DAL
2021-08-31,39.72999954223633,40.59000015258789,39.619998931884766,40.439998626708984,39.034820556640625,8627200,DAL
2021-09-01,40.56999969482422,40.58000183105469,39.880001068115234,40.400001525878906,38.9962158203125,8434600,DAL
2021-09-02,40.45000076293945,41.060001373291016,39.86000061035156,40.81999969482422,39.40161895751953,9345500,DAL
2021-09-03,40.79999923706055,41.189998626708984,40.150001525878906,40.25,38.8514289855957,6644300,DAL
2021-09-07,40.18000030517578,40.52000045776367,39.84000015258789,40.349998474121094,38.94794464111328,8233900,DAL
2021-09-08,40.400001525878906,40.91999816894531,39.599998474121094,39.650001525878906,38.272274017333984,7156100,DAL
2021-09-09,39.619998931884766,41.77000045776367,39.45000076293945,41.09000015258789,39.66223907470703,15509400,DAL
2021-09-10,41.04999923706055,41.130001068115234,39.349998474121094,39.36000061035156,37.992347717285156,12501200,DAL
2021-09-13,39.70000076293945,40.18000030517578,38.79999923706055,40.18000030517578,38.78386306762695,11556300,DAL
2021-09-14,39.84000015258789,40.18000030517578,39.220001220703125,39.439998626708984,38.0695686340332,8837700,DAL
2021-09-15,39.25,39.70000076293945,38.81999969482422,39.63999938964844,38.26262283325195,8175800,DAL
2021-09-16,39.869998931884766,40.66999816894531,39.68000030517578,40.220001220703125,38.82247543334961,9485200,DAL
2021-09-17,40.54999923706055,40.9900016784668,39.790000915527344,40.11000061035156,38.71628952026367,11011500,DAL
2021-09-20,40.54999923706055,40.84000015258789,39.41999816894531,40.779998779296875,39.36301040649414,16633900,DAL
2021-09-21,41.04999923706055,41.7400016784668,40.13999938964844,40.36000061035156,38.95760726928711,11837600,DAL
2021-09-22,40.68000030517578,41.95000076293945,40.68000030517578,41.59000015258789,40.14485168457031,11599300,DAL
2021-09-23,41.900001525878906,42.77000045776367,41.720001220703125,42.59000015258789,41.11011505126953,12651000,DAL
2021-09-24,42.84000015258789,43.7400016784668,42.66999816894531,43.529998779296875,42.01744842529297,13478500,DAL
2021-09-27,43.900001525878906,45.060001373291016,43.75,43.779998779296875,42.25876998901367,14467500,DAL
2021-09-28,43.65999984741211,44.209999084472656,43.310001373291016,43.439998626708984,41.93058395385742,9434700,DAL
2021-09-29,43.689998626708984,43.9900016784668,42.75,43.36000061035156,41.853363037109375,9141100,DAL
2021-09-30,43.060001373291016,43.08000183105469,42.369998931884766,42.61000061035156,41.12942123413086,9789200,DAL
2021-10-01,43.95000076293945,45.650001525878906,43.88999938964844,45.380001068115234,43.80317306518555,19205700,DAL
2021-10-04,45.790000915527344,46.0,44.810001373291016,44.959999084472656,43.397769927978516,13342500,DAL
2021-10-05,44.9900016784668,45.560001373291016,44.459999084472656,44.7400016784668,43.18540954589844,9596000,DAL
2021-10-06,43.709999084472656,44.13999938964844,43.220001220703125,44.02000045776367,42.49042892456055,10145800,DAL
2021-10-07,44.52000045776367,44.58000183105469,43.52000045776367,43.68000030517578,42.1622428894043,8881200,DAL
2021-10-08,43.790000915527344,43.79999923706055,43.09000015258789,43.380001068115234,41.8726692199707,7340600,DAL
2021-10-11,42.9900016784668,43.939998626708984,42.720001220703125,43.189998626708984,41.689273834228516,9085700,DAL
2021-10-12,43.040000915527344,43.810001373291016,42.77000045776367,43.540000915527344,42.02710723876953,10515200,DAL
2021-10-13,42.7400016784668,42.7400016784668,40.88999938964844,41.029998779296875,39.60432052612305,28236900,DAL
2021-10-14,41.18000030517578,41.4900016784668,40.880001068115234,41.20000076293945,39.7684211730957,16285400,DAL
2021-10-15,41.88999938964844,42.27000045776367,40.95000076293945,40.9900016784668,39.56571960449219,13860300,DAL
2021-10-18,40.66999816894531,41.40999984741211,40.52000045776367,41.0099983215332,39.58501434326172,10140200,DAL
2021-10-19,41.029998779296875,41.06999969482422,40.34000015258789,40.45000076293945,39.04447555541992,11314400,DAL
2021-10-20,40.150001525878906,41.06999969482422,39.90999984741211,40.29999923706055,38.899688720703125,15162600,DAL
2021-10-21,40.5,40.75,40.02000045776367,40.400001525878906,38.9962158203125,10694400,DAL
2021-10-22,40.0099983215332,40.38999938964844,39.650001525878906,39.7400016784668,38.359153747558594,9461900,DAL
2021-10-25,39.79999923706055,39.90999984741211,39.369998931884766,39.5099983215332,38.13713836669922,9090500,DAL
2021-10-26,39.90999984741211,40.290000915527344,39.459999084472656,39.709999084472656,38.3301887512207,8951200,DAL
2021-10-27,39.84000015258789,39.93000030517578,39.02000045776367,39.06999969482422,37.712425231933594,8341800,DAL
2021-10-28,39.13999938964844,39.369998931884766,38.83000183105469,39.150001525878906,37.78964614868164,7416000,DAL
2021-10-29,39.060001373291016,39.5,38.810001373291016,39.130001068115234,37.77033996582031,9343800,DAL
2021-11-01,39.150001525878906,40.45000076293945,38.90999984741211,40.41999816894531,39.01552200317383,11401300,DAL
2021-11-02,40.2400016784668,40.5,39.83000183105469,40.38999938964844,38.98655700683594,7611200,DAL
2021-11-03,40.290000915527344,41.349998474121094,40.029998779296875,41.2400016784668,39.807029724121094,10010600,DAL
2021-11-04,41.459999084472656,41.4900016784668,40.58000183105469,40.9900016784668,39.56571960449219,9990300,DAL
2021-11-05,43.540000915527344,44.41999816894531,43.2599983215332,44.290000915527344,42.75104522705078,23651200,DAL
2021-11-08,45.0,45.52000045776367,44.5,44.650001525878906,43.09854507446289,15006700,DAL
2021-11-09,44.43000030517578,44.56999969482422,43.720001220703125,44.529998779296875,42.98270797729492,9359100,DAL
2021-11-10,43.79999923706055,44.470001220703125,43.529998779296875,43.709999084472656,42.191200256347656,8698700,DAL
2021-11-11,43.779998779296875,44.2400016784668,43.45000076293945,43.45000076293945,41.94023895263672,6370700,DAL
2021-11-12,43.5,43.529998779296875,41.869998931884766,42.220001220703125,40.75297546386719,10038900,DAL
2021-11-15,42.63999938964844,42.939998626708984,42.13999938964844,42.380001068115234,40.907413482666016,6938400,DAL
2021-11-16,42.099998474121094,42.189998626708984,40.900001525878906,41.040000915527344,39.61397171020508,11055500,DAL
2021-11-17,40.97999954223633,41.25,40.29999923706055,40.709999084472656,39.295448303222656,9025300,DAL
2021-11-18,40.75,40.77000045776367,39.439998626708984,40.119998931884766,38.72593688964844,11615800,DAL
2021-11-19,39.77000045776367,39.93000030517578,38.88999938964844,39.689998626708984,38.31088638305664,15033400,DAL
2021-11-22,39.880001068115234,40.189998626708984,39.220001220703125,39.77000045776367,38.38810348510742,11991400,DAL
2021-11-23,40.34000015258789,40.58000183105469,39.25,39.529998779296875,38.156436920166016,11074300,DAL
2021-11-24,39.18000030517578,40.06999969482422,38.91999816894531,39.689998626708984,38.31088638305664,7580500,DAL
2021-11-26,36.75,36.95000076293945,34.599998474121094,36.380001068115234,35.11589813232422,38052100,DAL
2021-11-29,37.02000045776367,37.349998474121094,35.970001220703125,36.2400016784668,34.980770111083984,21269600,DAL
2021-11-30,35.72999954223633,36.290000915527344,35.220001220703125,36.20000076293945,34.94215393066406,20442900,DAL
2021-12-01,36.869998931884766,37.34000015258789,33.400001525878906,33.529998779296875,32.36492919921875,34616800,DAL
2021-12-02,34.40999984741211,36.66999816894531,33.7599983215332,36.63999938964844,35.36686325073242,36044800,DAL
2021-12-03,36.47999954223633,37.68000030517578,35.349998474121094,35.97999954223633,34.729793548583984,25510200,DAL
2021-12-06,37.25,39.33000183105469,37.0099983215332,38.13999938964844,36.81474304199219,23060500,DAL
2021-12-07,38.599998474121094,39.130001068115234,37.77000045776367,38.040000915527344,36.71821975708008,14593500,DAL
2021-12-08,38.5,39.88999938964844,38.029998779296875,38.880001068115234,37.52902603149414,16355500,DAL
2021-12-09,38.220001220703125,38.849998474121094,38.0,38.5,37.1622314453125,10427800,DAL
2021-12-10,38.41999816894531,38.459999084472656,37.59000015258789,38.18000030517578,36.85334777832031,12028500,DAL
2021-12-13,37.36000061035156,37.619998931884766,36.41999816894531,36.869998931884766,35.5888786315918,12244800,DAL
2021-12-14,36.54999923706055,37.529998779296875,36.41999816894531,36.529998779296875,35.26067352294922,12638700,DAL
2021-12-15,36.529998779296875,36.79999923706055,35.540000915527344,36.61000061035156,35.3379020690918,13179900,DAL
2021-12-16,37.59000015258789,37.689998626708984,35.65999984741211,35.79999923706055,34.556053161621094,19944400,DAL
2021-12-17,36.040000915527344,37.2400016784668,35.59000015258789,36.560001373291016,35.289642333984375,18115500,DAL
2021-12-20,35.54999923706055,37.25,35.38999938964844,36.369998931884766,35.10624313354492,17475600,DAL
2021-12-21,36.83000183105469,38.81999969482422,36.7599983215332,38.52000045776367,37.181541442871094,17209900,DAL
2021-12-22,38.4900016784668,39.470001220703125,38.16999816894531,39.130001068115234,37.77033996582031,11719500,DAL
2021-12-23,39.720001220703125,39.88999938964844,38.9900016784668,39.29999923706055,37.9344367980957,8478100,DAL
2021-12-27,38.2599983215332,39.18000030517578,37.86000061035156,39.0,37.64485168457031,10897600,DAL
2021-12-28,38.779998779296875,39.83000183105469,38.52000045776367,39.630001068115234,38.25296401977539,9974200,DAL
2021-12-29,39.33000183105469,39.4900016784668,38.9900016784668,39.15999984741211,37.7993049621582,7311800,DAL
2021-12-30,39.060001373291016,39.7400016784668,39.02000045776367,39.040000915527344,37.683467864990234,8055600,DAL
2021-12-31,39.04999923706055,39.459999084472656,38.91999816894531,39.08000183105469,37.72208023071289,7166700,DAL
2022-01-03,39.790000915527344,41.029998779296875,39.63999938964844,40.290000915527344,38.890037536621094,12529800,DAL
2022-01-04,40.970001220703125,41.279998779296875,40.33000183105469,40.59000015258789,39.17961502075195,12076300,DAL
2022-01-05,40.97999954223633,41.279998779296875,40.150001525878906,40.279998779296875,38.88037872314453,11214700,DAL
2022-01-06,40.81999969482422,41.11000061035156,39.7400016784668,40.11000061035156,38.71628952026367,9304100,DAL
2022-01-07,40.720001220703125,41.970001220703125,40.439998626708984,41.5099983215332,40.06764221191406,13941600,DAL
2022-01-10,41.59000015258789,41.79999923706055,40.189998626708984,40.630001068115234,39.218223571777344,13086400,DAL
2022-01-11,40.58000183105469,41.529998779296875,40.439998626708984,41.22999954223633,39.7973747253418,11415300,DAL
2022-01-12,41.25,41.59000015258789,40.560001373291016,40.61000061035156,39.19891357421875,12522300,DAL
2022-01-13,41.08000183105469,42.540000915527344,40.45000076293945,41.470001220703125,40.02903366088867,23251900,DAL
2022-01-14,40.790000915527344,40.86000061035156,39.54999923706055,40.310001373291016,38.909339904785156,17141100,DAL
2022-01-18,39.900001525878906,40.439998626708984,39.439998626708984,39.540000915527344,38.16609573364258,15088100,DAL
2022-01-19,39.5,39.79999923706055,38.72999954223633,38.81999969482422,37.471107482910156,10958600,DAL
2022-01-20,39.04999923706055,40.15999984741211,38.7599983215332,38.84000015258789,37.490421295166016,12935700,DAL
2022-01-21,38.83000183105469,38.83000183105469,37.36000061035156,37.86000061035156,36.544464111328125,17872100,DAL
2022-01-24,36.95000076293945,37.93000030517578,35.880001068115234,37.90999984741211,36.59273147583008,19890100,DAL
2022-01-25,37.5,38.869998931884766,37.29999923706055,38.720001220703125,37.37459182739258,14674100,DAL
2022-01-26,39.310001373291016,39.959999084472656,38.34000015258789,38.7599983215332,37.4131965637207,12451700,DAL
2022-01-27,39.2400016784668,40.029998779296875,38.029998779296875,38.34000015258789,37.00779724121094,12297400,DAL
2022-01-28,38.11000061035156,38.38999938964844,36.77000045776367,38.279998779296875,36.94987869262695,12889100,DAL
2022-01-31,37.81999969482422,39.720001220703125,37.65999984741211,39.689998626708984,38.31088638305664,10657300,DAL
2022-02-01,39.79999923706055,40.56999969482422,39.56999969482422,40.4900016784668,39.08308792114258,9668800,DAL
2022-02-02,40.130001068115234,40.959999084472656,39.72999954223633,40.52000045776367,39.11204528808594,10249800,DAL
2022-02-03,40.0,40.599998474121094,39.68000030517578,39.72999954223633,38.34950256347656,9922000,DAL
2022-02-04,39.59000015258789,40.09000015258789,39.09000015258789,39.849998474121094,38.4653205871582,9481900,DAL
2022-02-07,40.470001220703125,41.290000915527344,40.41999816894531,40.939998626708984,39.5174446105957,11417500,DAL
2022-02-08,41.36000061035156,42.720001220703125,41.0,42.61000061035156,41.12942123413086,14194800,DAL
2022-02-09,42.91999816894531,44.5099983215332,42.849998474121094,43.880001068115234,42.355289459228516,18904000,DAL
2022-02-10,43.43000030517578,44.72999954223633,43.310001373291016,43.900001525878906,42.37459945678711,13210100,DAL
2022-02-11,43.900001525878906,44.79999923706055,41.91999816894531,42.33000183105469,40.859161376953125,19893400,DAL
2022-02-14,42.380001068115234,43.25,41.709999084472656,41.970001220703125,40.51165771484375,11581600,DAL
2022-02-15,43.459999084472656,44.75,43.33000183105469,44.4900016784668,42.94409942626953,15528800,DAL
2022-02-16,44.099998474121094,45.13999938964844,43.97999954223633,44.40999984741211,42.86687088012695,14029100,DAL
2022-02-17,43.77000045776367,44.130001068115234,42.95000076293945,43.310001373291016,41.80509567260742,9463700,DAL
2022-02-18,43.099998474121094,43.68000030517578,42.70000076293945,42.84000015258789,41.3514289855957,11574900,DAL
2022-02-22,41.689998626708984,42.84000015258789,41.439998626708984,41.88999938964844,40.43444061279297,13329600,DAL
2022-02-23,42.29999923706055,42.38999938964844,40.11000061035156,40.189998626708984,38.79350662231445,12322200,DAL
2022-02-24,37.599998474121094,40.4900016784668,37.470001220703125,40.33000183105469,38.92864990234375,22659700,DAL
2022-02-25,40.7599983215332,42.0,40.63999938964844,41.540000915527344,40.09660339355469,15398700,DAL
2022-02-28,40.33000183105469,40.36000061035156,39.02000045776367,39.91999816894531,38.53289031982422,22808100,DAL
2022-03-01,39.5,39.59000015258789,37.380001068115234,37.63999938964844,36.332115173339844,21467500,DAL
2022-03-02,38.29999923706055,38.779998779296875,37.849998474121094,38.040000915527344,36.71821975708008,15773500,DAL
2022-03-03,38.4900016784668,38.7400016784668,36.380001068115234,36.560001373291016,35.289642333984375,17589100,DAL
2022-03-04,35.5099983215332,35.869998931884766,34.16999816894531,34.52000045776367,33.320533752441406,23278800,DAL
2022-03-07,34.0,34.20000076293945,29.979999542236328,30.110000610351562,29.063762664794922,34889300,DAL
2022-03-08,30.719999313354492,32.7400016784668,29.75,31.219999313354492,30.13519287109375,29492100,DAL
2022-03-09,32.93000030517578,33.779998779296875,32.560001373291016,32.7599983215332,31.62168312072754,25808000,DAL
2022-03-10,32.119998931884766,33.40999984741211,31.520000457763672,32.54999923706055,31.418977737426758,17588900,DAL
2022-03-11,33.310001373291016,33.400001525878906,32.0099983215332,32.06999969482422,30.955657958984375,16978700,DAL
2022-03-14,32.0,33.20000076293945,31.649999618530273,32.06999969482422,30.955657958984375,17253800,DAL
2022-03-15,34.7400016784668,35.470001220703125,33.9900016784668,34.86000061035156,33.648712158203125,27330200,DAL
2022-03-16,35.5099983215332,36.95000076293945,35.439998626708984,36.93000030517578,35.646785736083984,23558200,DAL
2022-03-17,35.709999084472656,37.150001525878906,35.369998931884766,37.150001525878906,35.85914611816406,17062300,DAL
2022-03-18,36.790000915527344,37.91999816894531,36.380001068115234,37.68000030517578,36.3707275390625,18429600,DAL
2022-03-21,37.130001068115234,37.22999954223633,35.880001068115234,36.09000015258789,34.835975646972656,18386400,DAL
2022-03-22,36.45000076293945,37.2400016784668,36.33000183105469,36.97999954223633,35.695045471191406,13587700,DAL
2022-03-23,36.720001220703125,36.790000915527344,36.06999969482422,36.220001220703125,34.96146011352539,12069300,DAL
2022-03-24,36.38999938964844,37.27000045776367,35.959999084472656,37.2599983215332,35.9653205871582,11302400,DAL
2022-03-25,37.290000915527344,38.2400016784668,37.2400016784668,37.90999984741211,36.59273147583008,11313100,DAL
2022-03-28,38.41999816894531,38.61000061035156,37.439998626708984,38.34000015258789,37.00779724121094,11430600,DAL
2022-03-29,39.650001525878906,40.2599983215332,39.130001068115234,39.52000045776367,38.14679718017578,15372200,DAL
2022-03-30,39.099998474121094,39.529998779296875,38.90999984741211,39.33000183105469,37.9633903503418,9363500,DAL
2022-03-31,39.400001525878906,40.099998474121094,39.2400016784668,39.56999969482422,38.19505310058594,9930100,DAL
2022-04-01,39.66999816894531,39.900001525878906,39.0099983215332,39.310001373291016,37.944091796875,8606300,DAL
2022-04-04,39.220001220703125,39.619998931884766,38.709999084472656,39.400001525878906,38.030967712402344,9482700,DAL
2022-04-05,39.5099983215332,39.869998931884766,38.56999969482422,39.029998779296875,37.6738166809082,12713400,DAL
2022-04-06,38.0099983215332,38.060001373291016,36.720001220703125,37.59000015258789,36.28385925292969,16995200,DAL
2022-04-07,37.369998931884766,37.5,36.16999816894531,37.130001068115234,35.83983612060547,11688800,DAL
2022-04-08,36.97999954223633,37.34000015258789,36.5099983215332,36.7400016784668,35.4633903503418,8615600,DAL
2022-04-11,36.70000076293945,38.560001373291016,36.529998779296875,38.209999084472656,36.882301330566406,14142900,DAL
2022-04-12,38.36000061035156,38.95000076293945,37.77000045776367,38.619998931884766,37.27806854248047,15762600,DAL
2022-04-13,40.209999084472656,41.099998474121094,39.810001373291016,41.02000045776367,39.59466552734375,33528700,DAL
2022-04-14,41.970001220703125,42.869998931884766,41.33000183105469,42.36000061035156,40.88810729980469,29128900,DAL
2022-04-18,42.08000183105469,43.06999969482422,41.849998474121094,42.130001068115234,40.66610336303711,17011900,DAL
2022-04-19,42.810001373291016,43.77000045776367,42.720001220703125,43.040000915527344,41.54447937011719,18453000,DAL
2022-04-20,43.279998779296875,44.2400016784668,43.189998626708984,43.540000915527344,42.02710723876953,17466800,DAL
2022-04-21,44.810001373291016,46.27000045776367,44.540000915527344,44.72999954223633,43.175758361816406,31849600,DAL
2022-04-22,45.0099983215332,45.349998474121094,43.54999923706055,43.689998626708984,42.17189407348633,15557200,DAL
2022-04-25,43.400001525878906,43.54999923706055,42.22999954223633,43.27000045776367,41.76649475097656,15156900,DAL
2022-04-26,42.83000183105469,43.04999923706055,41.54999923706055,41.900001525878906,40.444091796875,14561200,DAL
2022-04-27,42.18000030517578,43.439998626708984,41.7599983215332,43.11000061035156,41.61204528808594,13640400,DAL
2022-04-28,43.5099983215332,44.41999816894531,42.88999938964844,44.33000183105469,42.78965759277344,11953000,DAL
2022-04-29,44.16999816894531,44.75,42.81999969482422,43.029998779296875,41.53483200073242,13460500,DAL
2022-05-02,42.95000076293945,43.400001525878906,41.56999969482422,42.66999816894531,41.187339782714844,13417100,DAL
2022-05-03,42.63999938964844,43.689998626708984,42.209999084472656,43.349998474121094,41.84370803833008,10401900,DAL
2022-05-04,42.7599983215332,43.970001220703125,42.34000015258789,43.849998474121094,42.32633590698242,13381200,DAL
2022-05-05,43.150001525878906,43.7400016784668,41.79999923706055,42.130001068115234,40.66610336303711,11983100,DAL
2022-05-06,41.970001220703125,41.970001220703125,40.400001525878906,41.0,39.57536697387695,12996000,DAL
2022-05-09,40.290000915527344,40.45000076293945,38.02000045776367,38.25,36.92091751098633,18582900,DAL
2022-05-10,38.86000061035156,39.33000183105469,37.849998474121094,38.68000030517578,37.33597946166992,13950000,DAL
2022-05-11,38.66999816894531,39.91999816894531,37.709999084472656,37.88999938964844,36.573429107666016,14402400,DAL
2022-05-12,37.310001373291016,37.7599983215332,35.70000076293945,36.66999816894531,35.39582443237305,17218100,DAL
2022-05-13,37.4900016784668,38.45000076293945,37.45000076293945,38.33000183105469,36.998138427734375,11594800,DAL
2022-05-16,38.31999969482422,39.0,38.11000061035156,38.16999816894531,36.84369659423828,11062500,DAL
2022-05-17,39.849998474121094,40.81999969482422,39.209999084472656,40.720001220703125,39.30509567260742,13594300,DAL
2022-05-18,40.310001373291016,40.83000183105469,39.0099983215332,39.310001373291016,37.944091796875,11216900,DAL
2022-05-19,38.75,39.91999816894531,38.650001525878906,39.2400016784668,37.87652587890625,9564300,DAL
2022-05-20,39.900001525878906,40.04999923706055,37.63999938964844,38.63999938964844,37.297367095947266,10687600,DAL
2022-05-23,39.380001068115234,39.9900016784668,38.720001220703125,39.52000045776367,38.14679718017578,9005200,DAL
2022-05-24,38.81999969482422,38.95000076293945,36.779998779296875,37.220001220703125,35.92671203613281,10856500,DAL
2022-05-25,37.08000183105469,38.689998626708984,37.029998779296875,38.599998474121094,37.258758544921875,10436800,DAL
2022-05-26,39.130001068115234,41.2400016784668,39.0,40.83000183105469,39.411277770996094,15248300,DAL
2022-05-27,41.0,42.22999954223633,41.0,42.22999954223633,40.76262664794922,10730600,DAL
2022-05-31,40.709999084472656,42.45000076293945,40.58000183105469,41.689998626708984,40.24138641357422,14691200,DAL
2022-06-01,42.130001068115234,42.29999923706055,39.22999954223633,39.540000915527344,38.16609573364258,17573200,DAL
2022-06-02,39.400001525878906,40.290000915527344,39.220001220703125,39.9900016784668,38.600460052490234,13761600,DAL
2022-06-03,39.20000076293945,39.41999816894531,38.060001373291016,38.540000915527344,37.200843811035156,14804300,DAL
2022-06-06,39.0,39.290000915527344,38.310001373291016,39.0,37.64485168457031,12330400,DAL
2022-06-07,38.369998931884766,39.790000915527344,38.25,39.7400016784668,38.359153747558594,9604700,DAL
2022-06-08,38.84000015258789,39.529998779296875,38.16999816894531,38.220001220703125,36.8919677734375,9643000,DAL
2022-06-09,38.099998474121094,38.209999084472656,36.709999084472656,36.75,35.47303771972656,11976600,DAL
2022-06-10,36.0,37.099998474121094,35.0,35.119998931884766,33.89967727661133,19434400,DAL
2022-06-13,34.0,34.099998474121094,32.0099983215332,32.209999084472656,31.09079360961914,20879100,DAL
2022-06-14,32.599998474121094,32.77000045776367,30.860000610351562,31.3799991607666,30.289630889892578,20521200,DAL
2022-06-15,32.02000045776367,32.7400016784668,31.350000381469727,31.959999084472656,30.84947967529297,20995200,DAL
2022-06-16,30.670000076293945,30.8799991607666,29.209999084472656,29.579999923706055,28.55217742919922,20696200,DAL
2022-06-17,29.719999313354492,30.479999542236328,28.760000228881836,30.260000228881836,29.208547592163086,28391100,DAL
2022-06-21,30.799999237060547,30.959999084472656,29.760000228881836,30.049999237060547,29.00584602355957,15125900,DAL
2022-06-22,29.920000076293945,30.489999771118164,29.600000381469727,30.0,28.95758628845215,16042000,DAL
2022-06-23,29.889999389648438,30.1200008392334,28.790000915527344,29.559999465942383,28.532869338989258,15793200,DAL
2022-06-24,29.520000457763672,31.290000915527344,29.520000457763672,31.200000762939453,30.115888595581055,16949600,DAL
2022-06-27,31.329999923706055,31.399999618530273,30.34000015258789,30.440000534057617,29.382295608520508,12782900,DAL
2022-06-28,31.0,32.2400016784668,30.280000686645508,30.329999923706055,29.2761173248291,14358200,DAL
2022-06-29,29.969999313354492,30.010000228881836,29.209999084472656,29.639999389648438,28.610092163085938,13101500,DAL
2022-06-30,28.920000076293945,29.219999313354492,28.100000381469727,28.969999313354492,27.963375091552734,16394800,DAL
2022-07-01,29.229999542236328,29.729999542236328,28.670000076293945,29.520000457763672,28.494264602661133,11374200,DAL
2022-07-05,28.6200008392334,29.829999923706055,28.139999389648438,29.81999969482422,28.783838272094727,15811300,DAL
2022-07-06,29.559999465942383,30.200000762939453,29.18000030517578,29.530000686645508,28.503917694091797,10289600,DAL
2022-07-07,29.8799991607666,30.200000762939453,29.43000030517578,29.90999984741211,28.870710372924805,9484100,DAL
2022-07-08,29.93000030517578,30.43000030517578,29.489999771118164,29.719999313354492,28.687314987182617,9632300,DAL
2022-07-11,29.56999969482422,30.010000228881836,29.170000076293945,29.290000915527344,28.27225685119629,12059500,DAL
2022-07-12,29.40999984741211,31.540000915527344,29.270000457763672,31.09000015258789,30.00971031188965,22841200,DAL
2022-07-13,28.950000762939453,29.75,28.350000381469727,29.700000762939453,28.66800880432129,38475800,DAL
2022-07-14,29.309999465942383,30.399999618530273,29.100000381469727,29.770000457763672,28.735578536987305,18983900,DAL
2022-07-15,30.149999618530273,30.440000534057617,29.540000915527344,30.09000015258789,29.04446029663086,13055100,DAL
2022-07-18,31.200000762939453,31.989999771118164,31.059999465942383,31.139999389648438,30.057971954345703,19675900,DAL
2022-07-19,31.809999465942383,32.72999954223633,31.809999465942383,32.599998474121094,31.467241287231445,15847500,DAL
2022-07-20,32.56999969482422,33.08000183105469,32.13999938964844,32.849998474121094,31.70854949951172,12200800,DAL
2022-07-21,31.8799991607666,32.150001525878906,31.290000915527344,31.959999084472656,30.84947967529297,15522200,DAL
2022-07-22,32.29999923706055,32.47999954223633,31.290000915527344,31.350000381469727,30.26067543029785,11256400,DAL
2022-07-25,31.329999923706055,31.510000228881836,30.719999313354492,31.40999984741211,30.318586349487305,9314600,DAL
2022-07-26,30.950000762939453,31.209999084472656,30.56999969482422,30.639999389648438,29.575345993041992,8764800,DAL
2022-07-27,31.299999237060547,31.649999618530273,30.739999771118164,31.5,30.40546226501465,10281300,DAL
2022-07-28,31.280000686645508,31.719999313354492,30.59000015258789,31.700000762939453,30.598514556884766,10672100,DAL
2022-07-29,31.59000015258789,32.029998779296875,31.440000534057617,31.799999237060547,30.695037841796875,8355200,DAL
2022-08-01,31.780000686645508,32.29999923706055,31.25,32.22999954223633,31.110095977783203,10517300,DAL
2022-08-02,31.729999542236328,32.43000030517578,31.290000915527344,31.81999969482422,30.714344024658203,10132600,DAL
2022-08-03,32.20000076293945,33.31999969482422,32.08000183105469,33.25,32.09465789794922,11895100,DAL
2022-08-04,33.209999084472656,33.599998474121094,32.91999816894531,33.33000183105469,32.171875,7573300,DAL
2022-08-05,32.900001525878906,33.400001525878906,32.779998779296875,32.939998626708984,31.795425415039062,7722900,DAL
2022-08-08,33.290000915527344,34.11000061035156,33.279998779296875,33.75,32.5772819519043,9526900,DAL
2022-08-09,33.5,33.599998474121094,32.72999954223633,33.209999084472656,32.0560417175293,7179800,DAL
2022-08-10,34.189998626708984,34.529998779296875,33.88999938964844,33.93000030517578,32.75102615356445,10465700,DAL
2022-08-11,34.5,34.790000915527344,33.849998474121094,33.959999084472656,32.77997970581055,7598700,DAL
2022-08-12,34.380001068115234,34.599998474121094,34.08000183105469,34.5,33.30121994018555,7142000,DAL
2022-08-15,34.59000015258789,35.47999954223633,34.47999954223633,35.0,33.783851623535156,9042000,DAL
2022-08-16,35.08000183105469,35.790000915527344,34.709999084472656,35.34000015258789,34.112037658691406,8757400,DAL
2022-08-17,34.77000045776367,34.91999816894531,34.060001373291016,34.540000915527344,33.33983612060547,7976000,DAL
2022-08-18,34.529998779296875,34.61000061035156,34.029998779296875,34.4900016784668,33.291568756103516,5687500,DAL
2022-08-19,33.880001068115234,34.060001373291016,33.060001373291016,33.25,32.09465789794922,9874900,DAL
2022-08-22,32.5,32.5,31.850000381469727,32.380001068115234,31.2548885345459,9246500,DAL
2022-08-23,32.38999938964844,33.02000045776367,32.27000045776367,32.869998931884766,31.727853775024414,7974300,DAL
2022-08-24,32.880001068115234,33.40999984741211,32.66999816894531,33.310001373291016,32.15258026123047,5742000,DAL
2022-08-25,33.58000183105469,34.15999984741211,33.52000045776367,33.9900016784668,32.80894470214844,6785000,DAL
2022-08-26,33.95000076293945,34.2599983215332,32.650001525878906,32.68000030517578,31.54446029663086,6917100,DAL
2022-08-29,32.20000076293945,32.349998474121094,31.850000381469727,32.029998779296875,30.91704750061035,8758400,DAL
2022-08-30,32.25,32.45000076293945,31.469999313354492,31.719999313354492,30.617820739746094,7506400,DAL
2022-08-31,31.969999313354492,32.02000045776367,31.059999465942383,31.06999969482422,29.990406036376953,7450000,DAL
2022-09-01,30.649999618530273,31.139999389648438,29.940000534057617,31.09000015258789,30.00971031188965,8572700,DAL
2022-09-02,31.440000534057617,31.829999923706055,30.700000762939453,30.940000534057617,29.86492347717285,8629600,DAL
2022-09-06,31.34000015258789,31.649999618530273,30.65999984741211,31.190000534057617,30.106237411499023,7630800,DAL
2022-09-07,31.290000915527344,32.34000015258789,31.270000457763672,32.22999954223633,31.110095977783203,9035900,DAL
2022-09-08,31.719999313354492,32.4900016784668,31.549999237060547,32.119998931884766,31.003921508789062,11085400,DAL
2022-09-09,32.43000030517578,32.7599983215332,32.2400016784668,32.65999984741211,31.52515411376953,10958900,DAL
2022-09-12,33.0,33.45000076293945,32.720001220703125,33.150001525878906,31.998132705688477,8295100,DAL
2022-09-13,32.029998779296875,32.369998931884766,31.59000015258789,31.739999771118164,30.637123107910156,9508100,DAL
2022-09-14,31.59000015258789,32.689998626708984,30.81999969482422,32.65999984741211,31.52515411376953,11048000,DAL
2022-09-15,32.470001220703125,33.7400016784668,32.45000076293945,33.279998779296875,32.12361526489258,11539700,DAL
2022-09-16,32.720001220703125,32.81999969482422,31.790000915527344,32.11000061035156,30.994266510009766,13830200,DAL
2022-09-19,31.940000534057617,33.11000061035156,31.829999923706055,32.939998626708984,31.795425415039062,8929700,DAL
2022-09-20,32.86000061035156,33.27000045776367,32.2599983215332,32.75,31.612028121948242,7618900,DAL
2022-09-21,32.400001525878906,32.459999084472656,31.079999923706055,31.15999984741211,30.077274322509766,13704400,DAL
2022-09-22,31.1200008392334,31.200000762939453,29.729999542236328,29.959999084472656,28.91897201538086,11105300,DAL
2022-09-23,29.389999389648438,29.579999923706055,28.479999542236328,29.020000457763672,28.011638641357422,12887500,DAL
2022-09-26,28.940000534057617,29.1299991607666,28.020000457763672,28.020000457763672,27.046384811401367,12130600,DAL
2022-09-27,28.610000610351562,28.93000030517578,27.799999237060547,28.5,27.50970458984375,13177600,DAL
2022-09-28,28.5,29.639999389648438,28.260000228881836,29.489999771118164,28.465307235717773,10325700,DAL
2022-09-29,28.8700008392334,28.93000030517578,28.079999923706055,28.440000534057617,27.4517879486084,11040300,DAL
2022-09-30,28.1200008392334,28.59000015258789,27.889999389648438,28.059999465942383,27.084991455078125,9632400,DAL
2022-10-03,27.979999542236328,28.5,27.200000762939453,28.260000228881836,27.278043746948242,11053600,DAL
2022-10-04,29.25,30.81999969482422,29.25,30.75,29.6815242767334,16308100,DAL
2022-10-05,30.0,30.75,29.799999237060547,30.520000457763672,29.459516525268555,8523000,DAL
2022-10-06,30.290000915527344,30.920000076293945,30.149999618530273,30.6200008392334,29.55604362487793,10688100,DAL
2022-10-07,30.200000762939453,30.219999313354492,29.059999465942383,29.389999389648438,28.3687744140625,11051700,DAL
2022-10-10,29.40999984741211,29.719999313354492,28.979999542236328,29.420000076293945,28.397735595703125,10400100,DAL
2022-10-11,30.59000015258789,30.760000228881836,28.3700008392334,28.84000015258789,27.837894439697266,17037900,DAL
2022-10-12,28.520000457763672,29.440000534057617,28.209999084472656,29.209999084472656,28.19503402709961,11868600,DAL
2022-10-13,29.329999923706055,31.020000457763672,28.520000457763672,30.3799991607666,29.324377059936523,27099400,DAL
2022-10-14,31.59000015258789,31.920000076293945,30.860000610351562,31.079999923706055,30.000059127807617,22499400,DAL
2022-10-17,31.979999542236328,32.119998931884766,30.719999313354492,31.1299991607666,30.048320770263672,15306200,DAL
2022-10-18,31.959999084472656,32.189998626708984,31.34000015258789,32.16999816894531,31.052181243896484,13590500,DAL
2022-10-19,32.58000183105469,32.939998626708984,32.08000183105469,32.52000045776367,31.39002227783203,14208800,DAL
2022-10-20,32.400001525878906,33.099998474121094,32.11000061035156,32.150001525878906,31.032875061035156,14786500,DAL
2022-10-21,32.060001373291016,32.810001373291016,31.770000457763672,32.58000183105469,31.447940826416016,11173100,DAL
2022-10-24,32.849998474121094,33.41999816894531,32.58000183105469,33.27000045776367,32.11396789550781,10388300,DAL
2022-10-25,33.08000183105469,33.9900016784668,32.91999816894531,33.900001525878906,32.722068786621094,7755600,DAL
2022-10-26,33.70000076293945,34.599998474121094,33.70000076293945,33.900001525878906,32.722068786621094,9418900,DAL
2022-10-27,34.400001525878906,35.08000183105469,34.040000915527344,34.09000015258789,32.90546798706055,8440400,DAL
2022-10-28,34.06999969482422,34.75,33.70000076293945,34.66999816894531,33.46531295776367,7315400,DAL
2022-10-31,34.66999816894531,34.93000030517578,33.88999938964844,33.93000030517578,32.75102615356445,10301300,DAL
2022-11-01,34.33000183105469,34.43000030517578,33.529998779296875,33.630001068115234,32.461456298828125,9195500,DAL
2022-11-02,33.20000076293945,33.380001068115234,32.029998779296875,32.060001373291016,30.946006774902344,13959700,DAL
2022-11-03,31.540000915527344,32.38999938964844,30.979999542236328,31.969999313354492,30.859132766723633,10291100,DAL
2022-11-04,32.70000076293945,33.220001220703125,32.15999984741211,32.7599983215332,31.62168312072754,9712000,DAL
2022-11-07,33.369998931884766,33.63999938964844,32.56999969482422,33.36000061035156,32.20083236694336,6998500,DAL
2022-11-08,33.41999816894531,33.900001525878906,33.099998474121094,33.59000015258789,32.42284393310547,7679400,DAL
2022-11-09,33.27000045776367,34.029998779296875,33.150001525878906,33.459999084472656,32.29735565185547,7765400,DAL
2022-11-10,34.529998779296875,35.83000183105469,34.310001373291016,35.4900016784668,34.25682067871094,11959400,DAL
2022-11-11,35.689998626708984,36.0,35.2599983215332,35.439998626708984,34.20855712890625,9130000,DAL
2022-11-14,34.75,35.4900016784668,34.599998474121094,34.689998626708984,33.484615325927734,8299600,DAL
2022-11-15,35.27000045776367,35.58000183105469,34.459999084472656,34.900001525878906,33.68732833862305,8391700,DAL
2022-11-16,34.41999816894531,34.650001525878906,33.88999938964844,34.119998931884766,32.93442153930664,7329200,DAL
2022-11-17,33.439998626708984,34.130001068115234,33.29999923706055,34.060001373291016,32.87651443481445,5522200,DAL
2022-11-18,35.0,35.380001068115234,34.16999816894531,34.470001220703125,33.27225875854492,6364200,DAL
2022-11-21,34.29999923706055,34.689998626708984,34.04999923706055,34.22999954223633,33.04060363769531,5733000,DAL
2022-11-22,34.369998931884766,34.5099983215332,33.75,34.22999954223633,33.04060363769531,4823800,DAL
2022-11-23,34.36000061035156,34.86000061035156,34.20000076293945,34.4900016784668,33.291568756103516,5420600,DAL
2022-11-25,34.5,35.38999938964844,34.36000061035156,35.099998474121094,33.880367279052734,4352600,DAL
2022-11-28,34.70000076293945,34.91999816894531,33.869998931884766,33.869998931884766,32.693115234375,6061200,DAL
2022-11-29,34.02000045776367,34.72999954223633,33.880001068115234,34.61000061035156,33.40739440917969,6778200,DAL
2022-11-30,34.5099983215332,35.380001068115234,34.209999084472656,35.369998931884766,34.1409912109375,7404100,DAL
2022-12-01,35.45000076293945,35.7400016784668,35.099998474121094,35.380001068115234,34.1506462097168,6371600,DAL
2022-12-02,35.0,35.720001220703125,34.880001068115234,35.709999084472656,34.469173431396484,6566300,DAL
2022-12-05,35.72999954223633,36.880001068115234,35.68000030517578,35.790000915527344,34.54640579223633,12131800,DAL
2022-12-06,35.900001525878906,36.2400016784668,35.20000076293945,35.90999984741211,34.6622314453125,8832900,DAL
2022-12-07,35.63999938964844,35.650001525878906,34.29999923706055,34.33000183105469,33.13713073730469,10996500,DAL
2022-12-08,34.56999969482422,34.7400016784668,33.29999923706055,33.529998779296875,32.36492919921875,8918400,DAL
2022-12-09,33.310001373291016,33.81999969482422,33.15999984741211,33.79999923706055,32.62553787231445,5989400,DAL
2022-12-12,33.689998626708984,34.790000915527344,33.599998474121094,34.77000045776367,33.56184768676758,7163700,DAL
2022-12-13,35.52000045776367,35.720001220703125,32.810001373291016,33.380001068115234,32.22014236450195,15029400,DAL
2022-12-14,34.650001525878906,34.779998779296875,33.72999954223633,34.310001373291016,33.11781692504883,23497700,DAL
2022-12-15,33.650001525878906,34.060001373291016,32.83000183105469,33.25,32.09465789794922,11682500,DAL
2022-12-16,33.25,33.7400016784668,32.619998931884766,33.11000061035156,31.959524154663086,12861400,DAL
2022-12-19,33.310001373291016,33.689998626708984,32.849998474121094,32.91999816894531,31.776121139526367,8440100,DAL
2022-12-20,32.86000061035156,33.279998779296875,32.75,32.900001525878906,31.756816864013672,5995900,DAL
2022-12-21,33.2400016784668,33.9900016784668,33.20000076293945,33.66999816894531,32.50005340576172,8164600,DAL
2022-12-22,33.599998474121094,33.630001068115234,32.290000915527344,32.91999816894531,31.776121139526367,6806000,DAL
2022-12-23,32.83000183105469,33.16999816894531,32.369998931884766,33.15999984741211,32.00777816772461,5955600,DAL
2022-12-27,32.86000061035156,33.33000183105469,32.59000015258789,32.900001525878906,31.756816864013672,7613000,DAL
2022-12-28,32.84000015258789,33.02000045776367,31.920000076293945,31.989999771118164,30.878435134887695,7687300,DAL
2022-12-29,31.950000762939453,32.7599983215332,31.81999969482422,32.72999954223633,31.592721939086914,7388000,DAL
2022-12-30,32.439998626708984,33.04999923706055,32.349998474121094,32.86000061035156,31.718210220336914,6957600,DAL
2023-01-03,33.25,33.54999923706055,32.34000015258789,32.61000061035156,31.47690200805664,8640200,DAL
2023-01-04,32.95000076293945,34.470001220703125,32.939998626708984,34.38999938964844,33.19504165649414,11318800,DAL
2023-01-05,34.689998626708984,35.56999969482422,34.52000045776367,35.22999954223633,34.005855560302734,11332500,DAL
2023-01-06,35.189998626708984,36.06999969482422,35.099998474121094,36.029998779296875,34.77805709838867,11110400,DAL
2023-01-09,36.540000915527344,37.41999816894531,36.349998474121094,36.77000045776367,35.49235534667969,11251300,DAL
2023-01-10,36.66999816894531,38.16999816894531,36.65999984741211,38.09000015258789,36.766475677490234,10283500,DAL
2023-01-11,37.91999816894531,38.70000076293945,37.81999969482422,38.18000030517578,36.85334777832031,14336700,DAL
2023-01-12,38.84000015258789,39.619998931884766,38.31999969482422,39.599998474121094,38.2240104675293,20052100,DAL
2023-01-13,36.54999923706055,38.290000915527344,36.52000045776367,38.20000076293945,36.87265396118164,29120400,DAL
2023-01-17,38.20000076293945,38.36000061035156,37.560001373291016,38.2599983215332,36.93057632446289,17803900,DAL
2023-01-18,39.06999969482422,39.31999969482422,38.310001373291016,38.380001068115234,37.04640579223633,18661200,DAL
2023-01-19,37.849998474121094,38.439998626708984,37.029998779296875,38.349998474121094,37.01744079589844,17006100,DAL
2023-01-20,38.52000045776367,39.20000076293945,38.34000015258789,39.029998779296875,37.6738166809082,11998700,DAL
2023-01-23,39.20000076293945,39.310001373291016,38.72999954223633,39.08000183105469,37.72208023071289,12459300,DAL
2023-01-24,39.25,39.459999084472656,38.45000076293945,38.79999923706055,37.45180892944336,7679600,DAL
2023-01-25,38.72999954223633,39.5,38.619998931884766,39.380001068115234,38.01165771484375,10181800,DAL
2023-01-26,39.41999816894531,39.5099983215332,38.619998931884766,39.220001220703125,37.85721206665039,7618400,DAL
2023-01-27,39.0,39.220001220703125,38.70000076293945,38.72999954223633,37.384239196777344,7298400,DAL
2023-01-30,38.43000030517578,39.38999938964844,38.2599983215332,38.400001525878906,37.06570816040039,8982000,DAL
2023-01-31,38.810001373291016,39.11000061035156,38.369998931884766,39.099998474121094,37.74138259887695,7919200,DAL
2023-02-01,38.84000015258789,40.08000183105469,38.599998474121094,39.88999938964844,38.503936767578125,10781400,DAL
2023-02-02,40.209999084472656,40.34000015258789,39.5099983215332,39.900001525878906,38.51358413696289,10322700,DAL
2023-02-03,39.29999923706055,40.0099983215332,39.290000915527344,39.58000183105469,38.204708099365234,8279400,DAL
2023-02-06,39.27000045776367,39.84000015258789,39.08000183105469,39.63999938964844,38.26262283325195,6453800,DAL
2023-02-07,39.5,39.77000045776367,38.66999816894531,39.59000015258789,38.21436309814453,7994700,DAL
2023-02-08,40.0,40.310001373291016,39.15999984741211,39.439998626708984,38.0695686340332,8942300,DAL
2023-02-09,39.720001220703125,39.970001220703125,38.880001068115234,39.0099983215332,37.654510498046875,5840000,DAL
2023-02-10,38.5,38.540000915527344,37.81999969482422,38.16999816894531,36.84369659423828,8190200,DAL
2023-02-13,38.150001525878906,38.7400016784668,37.97999954223633,38.599998474121094,37.258758544921875,7842200,DAL
2023-02-14,38.529998779296875,39.25,38.25,39.099998474121094,37.74138259887695,7286000,DAL
2023-02-15,38.66999816894531,39.2599983215332,38.61000061035156,39.02000045776367,37.664161682128906,4151600,DAL
2023-02-16,38.619998931884766,38.790000915527344,38.220001220703125,38.279998779296875,36.94987869262695,6273300,DAL
2023-02-17,38.16999816894531,38.43000030517578,37.66999816894531,38.36000061035156,37.027099609375,5961400,DAL
2023-02-21,37.900001525878906,38.09000015258789,36.81999969482422,37.099998474121094,35.81087875366211,7276600,DAL
2023-02-22,37.0,37.459999084472656,36.84000015258789,37.0099983215332,35.724002838134766,6220000,DAL
2023-02-23,37.630001068115234,38.13999938964844,37.15999984741211,37.529998779296875,36.22593307495117,7620100,DAL
2023-02-24,36.79999923706055,37.400001525878906,36.65999984741211,37.36000061035156,36.06184387207031,5482500,DAL
2023-02-27,37.810001373291016,38.209999084472656,37.560001373291016,37.84000015258789,36.52517318725586,7961500,DAL
2023-02-28,37.63999938964844,38.72999954223633,37.63999938964844,38.34000015258789,37.00779724121094,8203600,DAL
2023-03-01,38.34000015258789,38.66999816894531,38.0099983215332,38.5099983215332,37.17188262939453,5983200,DAL
2023-03-02,38.11000061035156,38.54999923706055,37.849998474121094,38.41999816894531,37.08500671386719,5295200,DAL
2023-03-03,38.9900016784668,39.2400016784668,38.58000183105469,38.849998474121094,37.50007247924805,7160300,DAL
2023-03-06,38.9900016784668,39.27000045776367,38.36000061035156,38.459999084472656,37.123626708984375,5238300,DAL
2023-03-07,38.90999984741211,39.77000045776367,38.70000076293945,39.06999969482422,37.712425231933594,11338800,DAL
2023-03-08,39.209999084472656,39.7400016784668,39.16999816894531,39.72999954223633,38.34950256347656,7836500,DAL
2023-03-09,39.7400016784668,40.29999923706055,38.31999969482422,38.4900016784668,37.152587890625,9930000,DAL
2023-03-10,38.91999816894531,38.91999816894531,36.58000183105469,37.25,35.95566940307617,12931100,DAL
2023-03-13,36.40999984741211,36.560001373291016,35.38999938964844,35.68000030517578,34.440223693847656,14734000,DAL
2023-03-14,36.380001068115234,36.4900016784668,35.099998474121094,35.470001220703125,34.23751449584961,14902900,DAL
2023-03-15,34.369998931884766,34.5,32.58000183105469,33.22999954223633,32.075347900390625,18703300,DAL
2023-03-16,33.119998931884766,33.88999938964844,32.630001068115234,33.709999084472656,32.538665771484375,13436300,DAL
2023-03-17,33.2599983215332,33.349998474121094,32.5099983215332,32.959999084472656,31.81473159790039,12989700,DAL
2023-03-20,33.08000183105469,33.52000045776367,32.91999816894531,33.13999938964844,31.988479614257812,9241000,DAL
2023-03-21,33.720001220703125,34.13999938964844,33.650001525878906,33.88999938964844,32.7124137878418,8366000,DAL
2023-03-22,33.88999938964844,34.02000045776367,32.72999954223633,32.77000045776367,31.631338119506836,10330400,DAL
2023-03-23,33.0,33.349998474121094,31.809999465942383,32.13999938964844,31.023225784301758,10506900,DAL
2023-03-24,31.739999771118164,31.860000610351562,31.040000915527344,31.59000015258789,30.492338180541992,12647300,DAL
2023-03-27,32.18000030517578,32.29999923706055,31.739999771118164,32.130001068115234,31.013574600219727,7194500,DAL
2023-03-28,32.0,32.529998779296875,31.969999313354492,32.470001220703125,31.34175682067871,6752000,DAL
2023-03-29,32.83000183105469,33.41999816894531,32.52000045776367,33.31999969482422,32.16222381591797,9977900,DAL
2023-03-30,33.709999084472656,34.290000915527344,33.709999084472656,34.11000061035156,32.92477035522461,10614900,DAL
2023-03-31,34.5,34.939998626708984,34.369998931884766,34.91999816894531,33.70662307739258,9177200,DAL
2023-04-03,34.47999954223633,34.849998474121094,34.15999984741211,34.38999938964844,33.19504165649414,9275500,DAL
2023-04-04,34.56999969482422,34.70000076293945,33.5,33.91999816894531,32.741371154785156,8551700,DAL
2023-04-05,33.560001373291016,33.630001068115234,32.849998474121094,33.459999084472656,32.29735565185547,8679600,DAL
2023-04-06,33.58000183105469,33.81999969482422,33.220001220703125,33.689998626708984,32.51936721801758,6291800,DAL
2023-04-10,33.689998626708984,34.15999984741211,33.619998931884766,33.970001220703125,32.789634704589844,8534800,DAL
2023-04-11,33.970001220703125,34.779998779296875,33.939998626708984,34.58000183105469,33.37844467163086,9801200,DAL
2023-04-12,34.31999969482422,34.470001220703125,33.13999938964844,33.7400016784668,32.56763458251953,21581700,DAL
2023-04-13,34.04999923706055,34.11000061035156,32.439998626708984,33.369998931884766,32.21048355102539,37172700,DAL
2023-04-14,33.709999084472656,34.0,33.02000045776367,33.77000045776367,32.59659194946289,15803000,DAL
2023-04-17,33.810001373291016,34.61000061035156,33.66999816894531,34.59000015258789,33.388092041015625,12113600,DAL
2023-04-18,34.939998626708984,35.470001220703125,34.540000915527344,35.36000061035156,34.1313362121582,13113100,DAL
2023-04-19,35.150001525878906,36.189998626708984,35.119998931884766,35.93000030517578,34.68152618408203,11774200,DAL
2023-04-20,35.59000015258789,35.650001525878906,34.59000015258789,34.63999938964844,33.43635940551758,11195600,DAL
2023-04-21,34.68000030517578,34.689998626708984,33.86000061035156,34.33000183105469,33.13713073730469,9579200,DAL
2023-04-24,34.41999816894531,34.470001220703125,33.459999084472656,34.119998931884766,32.93442153930664,8452700,DAL
2023-04-25,33.900001525878906,33.9900016784668,33.09000015258789,33.11000061035156,31.959524154663086,9119000,DAL
2023-04-26,33.18000030517578,33.470001220703125,32.689998626708984,32.75,31.612028121948242,9237500,DAL
2023-04-27,33.04999923706055,33.45000076293945,32.72999954223633,33.33000183105469,32.171875,9561500,DAL
2023-04-28,33.45000076293945,34.38999938964844,33.2400016784668,34.310001373291016,33.11781692504883,11108900,DAL
2023-05-01,34.43000030517578,35.15999984741211,34.18000030517578,34.720001220703125,33.51357650756836,9901400,DAL
2023-05-02,34.5,34.66999816894531,33.88999938964844,34.529998779296875,33.33017349243164,10014900,DAL
2023-05-03,34.529998779296875,34.810001373291016,34.04999923706055,34.130001068115234,32.94407653808594,11166100,DAL
2023-05-04,33.95000076293945,33.97999954223633,32.68000030517578,33.08000183105469,31.93056297302246,11694300,DAL
2023-05-05,33.439998626708984,34.189998626708984,33.31999969482422,33.939998626708984,32.760684967041016,8697900,DAL
2023-05-08,34.2400016784668,34.43000030517578,33.72999954223633,34.20000076293945,33.01164627075195,8726300,DAL
2023-05-09,33.939998626708984,34.41999816894531,33.70000076293945,34.20000076293945,33.01164627075195,5845700,DAL
2023-05-10,34.650001525878906,34.72999954223633,33.11000061035156,33.79999923706055,32.62553787231445,9025300,DAL
2023-05-11,33.54999923706055,33.63999938964844,33.0099983215332,33.220001220703125,32.06570053100586,7620000,DAL
2023-05-12,33.380001068115234,33.54999923706055,32.849998474121094,33.22999954223633,32.075347900390625,8934300,DAL
2023-05-15,33.349998474121094,33.72999954223633,33.060001373291016,33.720001220703125,32.5483283996582,7586600,DAL
2023-05-16,33.650001525878906,34.2400016784668,33.36000061035156,33.81999969482422,32.64484786987305,8646700,DAL
2023-05-17,34.29999923706055,36.18000030517578,34.220001220703125,35.93000030517578,34.68152618408203,16957300,DAL
2023-05-18,35.88999938964844,36.119998931884766,35.540000915527344,35.88999938964844,34.642921447753906,9786300,DAL
2023-05-19,35.93000030517578,36.0,35.0099983215332,35.59000015258789,34.35334396362305,8999000,DAL
2023-05-22,36.06999969482422,36.34000015258789,35.209999084472656,35.459999084472656,34.22785949707031,9021000,DAL
2023-05-23,35.7400016784668,36.63999938964844,35.310001373291016,35.90999984741211,34.6622314453125,10602100,DAL
2023-05-24,35.560001373291016,35.7400016784668,34.5099983215332,34.93000030517578,33.71628189086914,8803900,DAL
2023-05-25,35.099998474121094,35.81999969482422,35.029998779296875,35.75,34.50779342651367,6880100,DAL
2023-05-26,35.75,36.25,35.709999084472656,35.88999938964844,34.642921447753906,6703600,DAL
2023-05-30,36.290000915527344,36.93000030517578,36.099998474121094,36.279998779296875,35.019371032714844,8652600,DAL
2023-05-31,36.869998931884766,36.91999816894531,35.880001068115234,36.33000183105469,35.0676383972168,9972100,DAL
2023-06-01,36.41999816894531,36.810001373291016,36.0,36.380001068115234,35.11589813232422,7769000,DAL
2023-06-02,36.90999984741211,37.63999938964844,36.630001068115234,37.0099983215332,35.724002838134766,8931000,DAL
2023-06-05,37.08000183105469,37.220001220703125,36.54999923706055,37.099998474121094,35.81087875366211,8285200,DAL
2023-06-06,36.650001525878906,37.66999816894531,36.61000061035156,37.63999938964844,36.332115173339844,5744700,DAL
2023-06-07,37.84000015258789,38.2599983215332,37.599998474121094,38.22999954223633,36.901615142822266,10268900,DAL
2023-06-08,38.2400016784668,39.209999084472656,38.2400016784668,39.11000061035156,37.751033782958984,14879500,DAL
2023-06-09,39.119998931884766,39.900001525878906,39.08000183105469,39.279998779296875,37.91513442993164,14940000,DAL
2023-06-12,39.58000183105469,40.220001220703125,39.540000915527344,40.20000076293945,38.803165435791016,10953500,DAL
2023-06-13,40.38999938964844,41.650001525878906,40.20000076293945,41.560001373291016,40.11590576171875,14333300,DAL
2023-06-14,41.709999084472656,42.22999954223633,41.47999954223633,42.189998626708984,40.7240104675293,13048900,DAL
2023-06-15,41.7400016784668,43.02000045776367,41.650001525878906,42.880001068115234,41.39004135131836,14463100,DAL
2023-06-16,42.86000061035156,43.15999984741211,42.54999923706055,42.790000915527344,41.303165435791016,12219200,DAL
2023-06-20,42.41999816894531,42.63999938964844,42.130001068115234,42.47999954223633,41.00394058227539,12208700,DAL
2023-06-21,42.4900016784668,43.040000915527344,42.36000061035156,42.790000915527344,41.303165435791016,9063100,DAL
2023-06-22,42.61000061035156,43.099998474121094,42.47999954223633,42.939998626708984,41.44794464111328,7195500,DAL
2023-06-23,42.25,43.0,42.09000015258789,42.86000061035156,41.370731353759766,19597400,DAL
2023-06-26,42.849998474121094,43.58000183105469,42.65999984741211,43.13999938964844,41.64101028442383,10820000,DAL
2023-06-27,43.68000030517578,46.27000045776367,43.369998931884766,46.09000015258789,44.48849868774414,25947100,DAL
2023-06-28,46.27000045776367,46.90999984741211,46.04999923706055,46.709999084472656,45.08695983886719,17184100,DAL
2023-06-29,46.75,47.40999984741211,46.220001220703125,46.310001373291016,44.70085525512695,15246600,DAL
2023-06-30,46.650001525878906,47.72999954223633,46.4900016784668,47.540000915527344,45.888118743896484,13335700,DAL
2023-07-03,47.439998626708984,48.16999816894531,47.439998626708984,47.959999084472656,46.293521881103516,6305700,DAL
2023-07-05,47.720001220703125,48.81999969482422,47.65999984741211,48.52000045776367,46.83407211303711,10488400,DAL
2023-07-06,47.9900016784668,48.45000076293945,47.2400016784668,47.33000183105469,45.6854133605957,15081900,DAL
2023-07-07,47.4900016784668,48.38999938964844,47.150001525878906,47.880001068115234,46.216304779052734,14600600,DAL
2023-07-10,47.83000183105469,48.61000061035156,47.65999984741211,48.459999084472656,46.77614974975586,10141000,DAL
2023-07-11,48.58000183105469,48.790000915527344,48.0099983215332,48.65999984741211,46.969207763671875,9937300,DAL
2023-07-12,48.70000076293945,49.040000915527344,47.880001068115234,47.95000076293945,46.283878326416016,15383400,DAL
2023-07-13,49.75,49.810001373291016,47.22999954223633,47.709999084472656,46.05221176147461,32909200,DAL
2023-07-14,47.779998779296875,47.81999969482422,45.939998626708984,46.4900016784668,44.9688606262207,18178700,DAL
2023-07-17,46.4900016784668,47.189998626708984,46.31999969482422,46.79999923706055,45.268714904785156,9712500,DAL
2023-07-18,46.810001373291016,48.38999938964844,46.720001220703125,48.369998931884766,46.78733825683594,11640400,DAL
2023-07-19,48.11000061035156,48.619998931884766,47.900001525878906,48.54999923706055,46.96145248413086,9050800,DAL
2023-07-20,48.130001068115234,48.79999923706055,47.70000076293945,48.689998626708984,47.09687042236328,10591000,DAL
2023-07-21,48.900001525878906,49.099998474121094,48.290000915527344,48.54999923706055,46.96145248413086,8909700,DAL
2023-07-24,48.11000061035156,48.25,47.33000183105469,47.47999954223633,45.92646789550781,9434100,DAL
2023-07-25,46.65999984741211,46.790000915527344,45.45000076293945,46.439998626708984,44.92049026489258,13411000,DAL
2023-07-26,46.439998626708984,46.779998779296875,45.970001220703125,46.43000030517578,44.91082000732422,8056600,DAL
2023-07-27,46.029998779296875,46.15999984741211,45.38999938964844,45.75,44.253074645996094,8835300,DAL
2023-07-28,46.060001373291016,46.150001525878906,45.4900016784668,45.720001220703125,44.22405242919922,8272200,DAL
2023-07-31,45.810001373291016,46.33000183105469,45.720001220703125,46.2599983215332,44.74638366699219,7190000,DAL
2023-08-01,45.7400016784668,45.75,44.2599983215332,45.400001525878906,43.91451644897461,9002800,DAL
2023-08-02,44.90999984741211,45.08000183105469,44.630001068115234,44.79999923706055,43.33414840698242,7641900,DAL
2023-08-03,44.31999969482422,44.63999938964844,44.02000045776367,44.189998626708984,42.74411392211914,7096100,DAL
2023-08-04,44.470001220703125,44.810001373291016,44.209999084472656,44.59000015258789,43.13102340698242,7244100,DAL
2023-08-07,44.689998626708984,45.41999816894531,44.4900016784668,45.2400016784668,43.75975799560547,5994000,DAL
2023-08-08,44.619998931884766,45.939998626708984,44.599998474121094,45.790000915527344,44.29176330566406,5892100,DAL
2023-08-09,45.7400016784668,46.09000015258789,44.75,45.029998779296875,43.55662536621094,6073200,DAL
2023-08-10,45.43000030517578,45.709999084472656,44.4900016784668,44.86000061035156,43.39219665527344,6926200,DAL
2023-08-11,44.599998474121094,44.689998626708984,44.099998474121094,44.16999816894531,42.72476577758789,5489100,DAL
2023-08-14,44.0,44.34000015258789,43.70000076293945,44.22999954223633,42.78280258178711,6363300,DAL
2023-08-15,43.880001068115234,44.060001373291016,42.959999084472656,43.02000045776367,41.61240005493164,7020200,DAL
2023-08-16,43.040000915527344,43.75,42.560001373291016,42.66999816894531,41.273841857910156,5617100,DAL
2023-08-17,42.66999816894531,42.75,41.720001220703125,41.779998779296875,40.4129638671875,6408100,DAL
2023-08-18,41.34000015258789,41.630001068115234,41.099998474121094,41.4900016784668,40.13245391845703,6282000,DAL
2023-08-21,41.689998626708984,41.86000061035156,41.22999954223633,41.7400016784668,40.37427520751953,4164700,DAL
2023-08-22,42.02000045776367,42.15999984741211,41.22999954223633,41.61000061035156,40.2485237121582,4249200,DAL
2023-08-23,41.61000061035156,42.400001525878906,41.2599983215332,42.20000076293945,40.8192253112793,7094300,DAL
2023-08-24,42.0,42.47999954223633,41.709999084472656,41.900001525878906,40.5290412902832,5478200,DAL
2023-08-25,42.099998474121094,42.15999984741211,41.13999938964844,41.70000076293945,40.335575103759766,5804500,DAL
2023-08-28,41.72999954223633,42.439998626708984,41.72999954223633,42.40999984741211,41.02235794067383,4454500,DAL
2023-08-29,42.369998931884766,44.060001373291016,42.2400016784668,43.77000045776367,42.337852478027344,8969800,DAL
2023-08-30,43.779998779296875,43.849998474121094,43.220001220703125,43.22999954223633,41.81552505493164,5511900,DAL
2023-08-31,43.540000915527344,43.58000183105469,42.43000030517578,42.880001068115234,41.476985931396484,6506500,DAL
2023-09-01,43.099998474121094,43.189998626708984,42.34000015258789,42.86000061035156,41.4576301574707,5200300,DAL
2023-09-05,42.47999954223633,42.5099983215332,41.310001373291016,41.7599983215332,40.393619537353516,8261200,DAL
2023-09-06,41.4900016784668,42.709999084472656,41.4900016784668,41.709999084472656,40.345252990722656,7535200,DAL
2023-09-07,41.5,41.66999816894531,40.970001220703125,41.130001068115234,39.78423309326172,7242800,DAL
2023-09-08,41.150001525878906,41.5,40.75,40.81999969482422,39.484375,8049900,DAL
2023-09-11,41.099998474121094,41.189998626708984,40.72999954223633,40.84000015258789,39.50372314453125,6422500,DAL
2023-09-12,40.90999984741211,41.25,40.599998474121094,40.689998626708984,39.3586311340332,6840000,DAL
2023-09-13,39.5,40.099998474121094,39.279998779296875,39.54999923706055,38.25593948364258,11263000,DAL
2023-09-14,40.20000076293945,40.279998779296875,38.93000030517578,39.33000183105469,38.043128967285156,13190400,DAL
2023-09-15,39.29999923706055,40.11000061035156,39.11000061035156,39.900001525878906,38.594482421875,9842300,DAL
2023-09-18,39.58000183105469,39.83000183105469,38.72999954223633,38.88999938964844,37.61752700805664,8517700,DAL
2023-09-19,38.869998931884766,39.52000045776367,38.63999938964844,39.45000076293945,38.159210205078125,8175500,DAL
2023-09-20,39.77000045776367,39.869998931884766,38.77000045776367,38.880001068115234,37.60785675048828,7000200,DAL
2023-09-21,38.58000183105469,38.93000030517578,38.209999084472656,38.29999923706055,37.04682922363281,7938900,DAL
2023-09-22,38.380001068115234,38.41999816894531,37.52000045776367,37.66999816894531,36.43744659423828,7754200,DAL
2023-09-25,37.400001525878906,37.72999954223633,37.099998474121094,37.560001373291016,36.3310432434082,7346900,DAL
2023-09-26,37.20000076293945,37.70000076293945,36.720001220703125,36.77000045776367,35.566890716552734,8988900,DAL
2023-09-27,36.77000045776367,37.150001525878906,36.529998779296875,36.65999984741211,35.46049118041992,7996900,DAL
2023-09-28,36.70000076293945,37.470001220703125,36.40999984741211,36.95000076293945,35.74100875854492,8247600,DAL
2023-09-29,37.25,37.47999954223633,36.7400016784668,37.0,35.789363861083984,7990300,DAL
2023-10-02,36.970001220703125,37.20000076293945,36.29999923706055,36.45000076293945,35.25736618041992,5799800,DAL
2023-10-03,36.13999938964844,36.290000915527344,35.130001068115234,35.2400016784668,34.08694839477539,9406100,DAL
2023-10-04,35.470001220703125,36.2599983215332,35.36000061035156,36.060001373291016,34.880126953125,9430500,DAL
2023-10-05,36.470001220703125,36.650001525878906,36.0099983215332,36.439998626708984,35.247684478759766,8342200,DAL
2023-10-06,36.33000183105469,37.33000183105469,36.2599983215332,37.0,35.789363861083984,9785200,DAL
2023-10-09,35.709999084472656,35.790000915527344,34.689998626708984,35.279998779296875,34.125648498535156,14475900,DAL
2023-10-10,35.7400016784668,36.66999816894531,35.709999084472656,35.83000183105469,34.657657623291016,12365700,DAL
2023-10-11,35.7599983215332,36.619998931884766,35.34000015258789,35.97999954223633,34.900146484375,14319300,DAL
2023-10-12,37.0099983215332,37.06999969482422,34.91999816894531,35.150001525878906,34.09505844116211,29838600,DAL
2023-10-13,34.779998779296875,35.43000030517578,33.95000076293945,34.099998474121094,33.076568603515625,14423600,DAL
2023-10-16,34.11000061035156,34.75,33.88999938964844,34.41999816894531,33.386962890625,10136900,DAL
2023-10-17,34.33000183105469,35.189998626708984,34.27000045776367,34.68000030517578,33.63916778564453,10331900,DAL
2023-10-18,34.099998474121094,34.099998474121094,33.02000045776367,33.13999938964844,32.145381927490234,14724500,DAL
2023-10-19,33.209999084472656,33.619998931884766,32.65999984741211,32.709999084472656,31.728282928466797,13407100,DAL
2023-10-20,32.59000015258789,32.720001220703125,32.189998626708984,32.22999954223633,31.2626953125,8364900,DAL
2023-10-23,32.0,32.59000015258789,31.780000686645508,32.040000915527344,31.07839584350586,12427600,DAL
2023-10-24,32.099998474121094,32.45000076293945,31.889999389648438,32.02000045776367,31.05900001525879,8662800,DAL
2023-10-25,31.860000610351562,31.93000030517578,31.329999923706055,31.40999984741211,30.467308044433594,11186400,DAL
2023-10-26,31.479999542236328,32.0,31.18000030517578,31.600000381469727,30.651599884033203,10230800,DAL
2023-10-27,31.760000228881836,31.799999237060547,30.600000381469727,30.649999618530273,29.730112075805664,10826500,DAL
2023-10-30,30.850000381469727,31.399999618530273,30.850000381469727,31.229999542236328,30.292705535888672,10783100,DAL
2023-10-31,31.139999389648438,31.31999969482422,30.760000228881836,31.25,30.312101364135742,9104300,DAL
2023-11-01,31.389999389648438,31.600000381469727,30.84000015258789,31.110000610351562,30.176305770874023,9336700,DAL
2023-11-02,31.65999984741211,32.09000015258789,31.56999969482422,32.02000045776367,31.05900001525879,9711700,DAL
2023-11-03,32.560001373291016,33.529998779296875,32.5099983215332,33.349998474121094,32.349082946777344,12310200,DAL
2023-11-06,33.630001068115234,33.72999954223633,32.459999084472656,32.91999816894531,31.931978225708008,8225800,DAL
2023-11-07,33.0099983215332,33.52000045776367,32.61000061035156,33.439998626708984,32.436370849609375,10497700,DAL
2023-11-08,33.75,34.709999084472656,33.720001220703125,34.16999816894531,33.14446258544922,14144100,DAL
2023-11-09,34.41999816894531,34.630001068115234,33.310001373291016,33.47999954223633,32.47517776489258,8513100,DAL
2023-11-10,33.599998474121094,34.130001068115234,33.439998626708984,34.060001373291016,33.03776931762695,7536700,DAL
2023-11-13,33.790000915527344,34.38999938964844,33.689998626708984,34.16999816894531,33.14446258544922,7144400,DAL
2023-11-14,35.119998931884766,35.4900016784668,34.869998931884766,35.2400016784668,34.182350158691406,10993800,DAL
2023-11-15,35.5099983215332,36.459999084472656,35.5,35.7599983215332,34.68674087524414,10580600,DAL
2023-11-16,35.689998626708984,36.189998626708984,35.279998779296875,35.5099983215332,34.44425582885742,7756300,DAL
2023-11-17,35.779998779296875,36.09000015258789,35.52000045776367,36.060001373291016,34.97774887084961,8447200,DAL
2023-11-20,35.95000076293945,36.599998474121094,35.720001220703125,36.5,35.404541015625,7784200,DAL
2023-11-21,36.279998779296875,36.349998474121094,35.70000076293945,35.880001068115234,34.80314636230469,7345000,DAL
2023-11-22,36.79999923706055,37.040000915527344,35.779998779296875,35.95000076293945,34.871055603027344,12367700,DAL
2023-11-24,36.15999984741211,36.33000183105469,35.95000076293945,36.099998474121094,35.016544342041016,4392600,DAL
2023-11-27,35.88999938964844,36.0,35.66999816894531,35.84000015258789,34.764347076416016,7147100,DAL
2023-11-28,35.90999984741211,36.130001068115234,35.459999084472656,36.040000915527344,34.95834732055664,7810200,DAL
2023-11-29,36.36000061035156,36.91999816894531,36.34000015258789,36.63999938964844,35.54033279418945,9311600,DAL
2023-11-30,36.709999084472656,37.22999954223633,36.189998626708984,36.93000030517578,35.82163619995117,11392800,DAL
2023-12-01,36.97999954223633,38.119998931884766,36.970001220703125,38.04999923706055,36.90802001953125,11014200,DAL
2023-12-04,38.0,38.65999984741211,37.709999084472656,38.15999984741211,37.01471710205078,9760000,DAL
2023-12-05,37.7599983215332,37.93000030517578,37.369998931884766,37.61000061035156,36.48122024536133,7828100,DAL
2023-12-06,38.2400016784668,39.52000045776367,38.130001068115234,38.939998626708984,37.77130889892578,12499700,DAL
2023-12-07,39.45000076293945,40.52000045776367,39.40999984741211,40.34000015258789,39.12929153442383,12122600,DAL
2023-12-08,40.2599983215332,40.7400016784668,39.86000061035156,40.349998474121094,39.13898468017578,8728400,DAL
2023-12-11,40.40999984741211,40.630001068115234,40.11000061035156,40.5099983215332,39.294189453125,7295400,DAL
2023-12-12,40.52000045776367,41.459999084472656,40.52000045776367,41.2400016784668,40.002281188964844,8448900,DAL
2023-12-13,40.869998931884766,41.36000061035156,40.119998931884766,41.189998626708984,39.95377731323242,12821300,DAL
2023-12-14,41.529998779296875,42.70000076293945,41.4900016784668,42.439998626708984,41.166263580322266,14530800,DAL
2023-12-15,42.59000015258789,42.59000015258789,41.97999954223633,42.34000015258789,41.06926345825195,12907200,DAL
2023-12-18,42.0,42.18000030517578,41.099998474121094,41.18000030517578,39.94408416748047,8624000,DAL
2023-12-19,41.41999816894531,41.709999084472656,41.060001373291016,41.150001525878906,39.914981842041016,7560000,DAL
2023-12-20,40.77000045776367,41.43000030517578,40.27000045776367,40.34000015258789,39.12929153442383,9695100,DAL
2023-12-21,40.86000061035156,41.599998474121094,40.77000045776367,41.119998931884766,39.88587188720703,7709400,DAL
2023-12-22,41.060001373291016,41.279998779296875,40.88999938964844,41.130001068115234,39.89557647705078,6839000,DAL
2023-12-26,41.0099983215332,41.130001068115234,40.75,40.7599983215332,39.53668212890625,4722900,DAL
2023-12-27,40.720001220703125,40.880001068115234,40.400001525878906,40.59000015258789,39.37179183959961,4486400,DAL
2023-12-28,40.5,40.720001220703125,40.45000076293945,40.630001068115234,39.41058349609375,4558100,DAL
2023-12-29,40.529998779296875,40.65999984741211,39.97999954223633,40.22999954223633,39.0225830078125,8624200,DAL
2024-01-02,39.970001220703125,40.939998626708984,39.56999969482422,40.45000076293945,39.235984802246094,9483800,DAL
2024-01-03,39.65999984741211,39.79999923706055,38.66999816894531,38.7400016784668,37.57731246948242,11846200,DAL
2024-01-04,38.7400016784668,39.68000030517578,38.65999984741211,39.20000076293945,38.02350997924805,8355800,DAL
2024-01-05,39.150001525878906,40.7400016784668,39.060001373291016,40.540000915527344,39.32329559326172,11060000,DAL
2024-01-08,41.22999954223633,42.099998474121094,41.11000061035156,41.630001068115234,40.38058090209961,11967400,DAL
2024-01-09,41.400001525878906,42.38999938964844,41.290000915527344,42.31999969482422,41.049861907958984,11894000,DAL
2024-01-10,42.22999954223633,42.52000045776367,41.97999954223633,42.11000061035156,40.846168518066406,10255600,DAL
2024-01-11,41.849998474121094,42.369998931884766,41.47999954223633,42.2599983215332,40.99167251586914,10485200,DAL
2024-01-12,40.150001525878906,40.7599983215332,38.380001068115234,38.470001220703125,37.31541061401367,42272200,DAL
2024-01-16,38.13999938964844,38.189998626708984,36.34000015258789,37.470001220703125,36.34542465209961,27511600,DAL
2024-01-17,37.29999923706055,37.970001220703125,36.9900016784668,37.13999938964844,36.025325775146484,11165800,DAL
2024-01-18,37.29999923706055,38.279998779296875,37.150001525878906,38.09000015258789,36.94681930541992,13540800,DAL
2024-01-19,38.18000030517578,38.25,36.689998626708984,37.279998779296875,36.161128997802734,19117400,DAL
2024-01-22,37.65999984741211,38.18000030517578,36.97999954223633,36.97999954223633,35.87012481689453,11661700,DAL
2024-01-23,38.060001373291016,38.970001220703125,37.66999816894531,38.0099983215332,36.86921691894531,15332500,DAL
2024-01-24,38.400001525878906,38.70000076293945,38.029998779296875,38.189998626708984,37.043819427490234,9694900,DAL
2024-01-25,39.04999923706055,40.310001373291016,39.0099983215332,40.18000030517578,38.97409439086914,19386400,DAL
2024-01-26,40.2599983215332,40.56999969482422,39.59000015258789,39.630001068115234,38.44060516357422,8126600,DAL
2024-01-29,39.619998931884766,40.16999816894531,39.34000015258789,40.09000015258789,38.88679122924805,7247500,DAL
2024-01-30,39.59000015258789,40.029998779296875,39.40999984741211,39.52000045776367,38.33390808105469,6610800,DAL
2024-01-31,39.38999938964844,39.75,38.880001068115234,39.13999938964844,37.96530532836914,8183300,DAL
2024-02-01,39.40999984741211,39.810001373291016,38.599998474121094,39.7599983215332,38.56669235229492,9865500,DAL
2024-02-02,39.45000076293945,40.130001068115234,39.15999984741211,39.97999954223633,38.780094146728516,7513500,DAL
2024-02-05,39.439998626708984,39.54999923706055,38.959999084472656,39.2400016784668,38.06230926513672,7931900,DAL
2024-02-06,39.2599983215332,40.279998779296875,39.040000915527344,40.18000030517578,38.97409439086914,7579200,DAL
2024-02-07,40.310001373291016,40.41999816894531,39.790000915527344,40.209999084472656,39.00319290161133,6544000,DAL
2024-02-08,40.29999923706055,40.4900016784668,39.54999923706055,40.349998474121094,39.13898468017578,7611500,DAL
2024-02-09,40.52000045776367,40.869998931884766,39.959999084472656,40.5099983215332,39.294189453125,7769400,DAL
2024-02-12,40.31999969482422,40.939998626708984,40.279998779296875,40.58000183105469,39.36208724975586,6677300,DAL
2024-02-13,39.84000015258789,40.099998474121094,39.36000061035156,40.0099983215332,38.8091926574707,8855300,DAL
2024-02-14,40.380001068115234,41.130001068115234,39.95000076293945,40.84000015258789,39.614280700683594,8961800,DAL
2024-02-15,41.189998626708984,41.41999816894531,40.79999923706055,41.0,39.76948165893555,7291500,DAL
2024-02-16,40.54999923706055,40.630001068115234,39.97999954223633,40.119998931884766,38.9158935546875,7674100,DAL
2024-02-20,39.970001220703125,40.88999938964844,39.84000015258789,40.599998474121094,39.38148498535156,8190900,DAL
2024-02-21,40.5,40.97999954223633,40.119998931884766,40.7599983215332,39.53668212890625,5903000,DAL
2024-02-22,41.0,42.38999938964844,40.939998626708984,42.119998931884766,40.85586929321289,12389000,DAL
2024-02-23,41.970001220703125,42.0099983215332,41.439998626708984,41.720001220703125,40.56418228149414,9103400,DAL
2024-02-26,41.7599983215332,42.189998626708984,41.630001068115234,41.790000915527344,40.632240295410156,7783300,DAL
2024-02-27,42.06999969482422,42.2599983215332,41.7599983215332,41.97999954223633,40.81697463989258,7119400,DAL
2024-02-28,41.52000045776367,42.119998931884766,41.5,42.0099983215332,40.84614181518555,7376400,DAL
2024-02-29,42.16999816894531,42.70000076293945,41.9900016784668,42.27000045776367,41.098941802978516,10294100,DAL
2024-03-01,42.20000076293945,42.33000183105469,41.529998779296875,42.15999984741211,40.99199295043945,5332300,DAL
2024-03-04,41.88999938964844,42.459999084472656,41.209999084472656,41.56999969482422,40.4183349609375,8206500,DAL
2024-03-05,41.25,41.869998931884766,41.16999816894531,41.79999923706055,40.64196014404297,7123200,DAL
2024-03-06,41.97999954223633,42.2599983215332,41.72999954223633,42.02000045776367,40.85587692260742,6435500,DAL
2024-03-07,42.20000076293945,43.2400016784668,42.13999938964844,42.779998779296875,41.594810485839844,9519200,DAL
2024-03-08,42.83000183105469,43.27000045776367,42.09000015258789,42.2400016784668,41.06977844238281,8222400,DAL
2024-03-11,42.060001373291016,42.70000076293945,41.95000076293945,42.68000030517578,41.49758529663086,8031400,DAL
2024-03-12,42.25,42.7599983215332,41.61000061035156,42.7599983215332,41.57536315917969,15141900,DAL
2024-03-13,42.68000030517578,44.470001220703125,42.630001068115234,43.90999984741211,42.69350814819336,12386600,DAL
2024-03-14,43.810001373291016,43.90999984741211,42.77000045776367,43.060001373291016,41.86705017089844,9658300,DAL
2024-03-15,42.97999954223633,43.4900016784668,42.959999084472656,43.119998931884766,41.92539596557617,8026800,DAL
2024-03-18,43.33000183105469,43.650001525878906,42.619998931884766,43.439998626708984,42.23651885986328,8313200,DAL
2024-03-19,43.369998931884766,43.790000915527344,43.220001220703125,43.7400016784668,42.52821731567383,5358600,DAL
2024-03-20,43.959999084472656,45.45000076293945,43.619998931884766,45.380001068115234,44.12278366088867,9632600,DAL
2024-03-21,45.5,46.04999923706055,45.209999084472656,46.0,44.72560501098633,9868900,DAL
2024-03-22,46.0,46.150001525878906,45.58000183105469,45.59000015258789,44.326969146728516,6666100,DAL
2024-03-25,45.47999954223633,45.59000015258789,44.56999969482422,45.41999816894531,44.16167449951172,8827000,DAL
2024-03-26,45.58000183105469,46.119998931884766,45.439998626708984,45.93000030517578,44.657554626464844,7468400,DAL
2024-03-27,46.209999084472656,47.5,46.04999923706055,47.310001373291016,45.99931716918945,10201400,DAL
2024-03-28,47.29999923706055,48.060001373291016,47.25,47.869998931884766,46.543800354003906,13599400,DAL
2024-04-01,48.5,49.20000076293945,48.209999084472656,48.220001220703125,46.88410186767578,13772800,DAL
2024-04-02,47.31999969482422,47.43000030517578,46.400001525878906,46.900001525878906,45.600677490234375,9990900,DAL
2024-04-03,46.790000915527344,47.470001220703125,46.5,46.56999969482422,45.27981948852539,11209100,DAL
2024-04-04,47.220001220703125,48.06999969482422,45.65999984741211,45.880001068115234,44.60893630981445,10628300,DAL
2024-04-05,45.9900016784668,46.459999084472656,45.45000076293945,46.060001373291016,44.78394317626953,7632900,DAL
2024-04-08,46.31999969482422,47.38999938964844,46.29999923706055,47.0099983215332,45.70761489868164,9977500,DAL
2024-04-09,47.150001525878906,47.4900016784668,46.43000030517578,47.31999969482422,46.009037017822266,13330700,DAL
2024-04-10,47.849998474121094,49.2400016784668,45.720001220703125,46.2400016784668,44.958961486816406,34952500,DAL
2024-04-11,46.7400016784668,47.880001068115234,46.58000183105469,47.630001068115234,46.31044387817383,14073300,DAL
2024-04-12,46.790000915527344,46.95000076293945,46.09000015258789,46.86000061035156,45.56177520751953,16612000,DAL
2024-04-15,47.27000045776367,47.81999969482422,46.290000915527344,46.650001525878906,45.35759735107422,12122000,DAL
2024-04-16,46.599998474121094,46.77000045776367,45.63999938964844,46.54999923706055,45.26036834716797,11692900,DAL
2024-04-17,47.720001220703125,48.189998626708984,47.150001525878906,47.880001068115234,46.553524017333984,13841600,DAL
2024-04-18,48.0,49.209999084472656,47.810001373291016,47.849998474121094,46.52435302734375,12255100,DAL
2024-04-19,47.79999923706055,48.75,47.5,47.56999969482422,46.25211715698242,9271700,DAL
2024-04-22,47.79999923706055,49.18000030517578,47.79999923706055,49.02000045776367,47.66194152832031,10442100,DAL
2024-04-23,48.41999816894531,49.619998931884766,48.20000076293945,49.22999954223633,47.866119384765625,10669300,DAL
2024-04-24,49.20000076293945,49.27000045776367,47.7400016784668,47.939998626708984,46.61186218261719,10329500,DAL
2024-04-25,47.290000915527344,49.939998626708984,46.869998931884766,49.880001068115234,48.498111724853516,12946800,DAL
2024-04-26,49.7599983215332,50.2400016784668,49.18000030517578,49.91999816894531,48.537010192871094,9983000,DAL
2024-04-29,49.83000183105469,50.7400016784668,49.75,50.45000076293945,49.05232620239258,9601300,DAL
2024-04-30,49.84000015258789,50.72999954223633,49.77000045776367,50.06999969482422,48.68285369873047,11063500,DAL
2024-05-01,50.040000915527344,50.5,49.279998779296875,50.02000045776367,48.63423538208008,10368700,DAL
2024-05-02,50.59000015258789,51.189998626708984,50.2400016784668,51.029998779296875,49.616249084472656,8196100,DAL
2024-05-03,51.36000061035156,51.650001525878906,50.81999969482422,51.54999923706055,50.12184524536133,9165900,DAL
2024-05-06,51.959999084472656,53.0,51.68000030517578,52.93000030517578,51.46361541748047,8541200,DAL
2024-05-07,52.13999938964844,52.529998779296875,52.0099983215332,52.20000076293945,50.75383758544922,6583900,DAL
2024-05-08,52.15999984741211,52.75,51.959999084472656,52.279998779296875,50.83162307739258,5125500,DAL
2024-05-09,52.130001068115234,52.900001525878906,52.02000045776367,52.75,51.28860092163086,4601700,DAL
2024-05-10,52.95000076293945,53.150001525878906,52.15999984741211,52.599998474121094,51.14276123046875,6118900,DAL
2024-05-13,52.959999084472656,53.86000061035156,52.79999923706055,52.9900016784668,51.620094299316406,7137400,DAL
2024-05-14,53.43000030517578,53.5099983215332,52.939998626708984,53.060001373291016,51.68827819824219,5549600,DAL
2024-05-15,53.31999969482422,53.529998779296875,53.0,53.2599983215332,51.883113861083984,5655300,DAL
2024-05-16,53.33000183105469,53.47999954223633,52.470001220703125,52.5099983215332,51.15250015258789,4801100,DAL
2024-05-17,52.529998779296875,53.209999084472656,52.43000030517578,52.70000076293945,51.337589263916016,4535300,DAL
2024-05-20,52.56999969482422,53.2400016784668,52.54999923706055,52.9900016784668,51.620094299316406,4470500,DAL
2024-05-21,52.709999084472656,52.880001068115234,52.02000045776367,52.22999954223633,50.87974548339844,6094900,DAL
2024-05-22,52.209999084472656,52.400001525878906,51.13999938964844,51.58000183105469,50.246543884277344,6309900,DAL
2024-05-23,51.650001525878906,51.720001220703125,50.52000045776367,51.20000076293945,49.876365661621094,6112500,DAL
2024-05-24,51.45000076293945,51.880001068115234,51.11000061035156,51.84000015258789,50.49982452392578,5197700,DAL
2024-05-28,51.709999084472656,51.7599983215332,50.20000076293945,50.279998779296875,48.98015594482422,6060800,DAL
2024-05-29,48.93000030517578,50.0,48.279998779296875,49.900001525878906,48.60997772216797,10796100,DAL
2024-05-30,50.0,50.150001525878906,49.38999938964844,50.11000061035156,48.81454086303711,4909200,DAL
2024-05-31,50.400001525878906,51.08000183105469,50.220001220703125,51.02000045776367,49.701019287109375,7780900,DAL
2024-06-03,51.45000076293945,51.63999938964844,50.459999084472656,50.790000915527344,49.476959228515625,5403300,DAL
2024-06-04,50.599998474121094,51.38999938964844,49.29999923706055,49.86000061035156,48.571006774902344,7232200,DAL
2024-06-05,50.0,51.70000076293945,49.79999923706055,50.81999969482422,49.50619125366211,10234100,DAL
2024-06-06,51.0,51.65999984741211,50.29999923706055,50.43000030517578,49.12627029418945,5228700,DAL
2024-06-07,50.0,50.709999084472656,49.9900016784668,50.439998626708984,49.13602066040039,4743500,DAL
2024-06-10,50.29999923706055,50.869998931884766,50.0099983215332,50.5,49.194461822509766,3734400,DAL
2024-06-11,50.130001068115234,50.189998626708984,49.04999923706055,49.290000915527344,48.0157470703125,7120800,DAL
2024-06-12,49.95000076293945,51.189998626708984,49.79999923706055,50.619998931884766,49.31135940551758,6810000,DAL
2024-06-13,50.40999984741211,50.5,49.349998474121094,50.16999816894531,48.872989654541016,5250400,DAL
2024-06-14,49.52000045776367,49.630001068115234,47.41999816894531,48.720001220703125,47.460479736328125,12323500,DAL
2024-06-17,48.61000061035156,49.779998779296875,48.5,49.709999084472656,48.42489242553711,5288500,DAL
2024-06-18,49.58000183105469,49.91999816894531,49.18000030517578,49.58000183105469,48.29825210571289,5026600,DAL
2024-06-20,49.36000061035156,49.75,49.279998779296875,49.61000061035156,48.32747268676758,5303100,DAL
2024-06-21,49.560001373291016,49.599998474121094,48.720001220703125,49.380001068115234,48.103416442871094,9374800,DAL
2024-06-24,49.41999816894531,50.369998931884766,49.34000015258789,49.400001525878906,48.122901916503906,6695400,DAL
2024-06-25,49.54999923706055,49.849998474121094,48.68000030517578,48.810001373291016,47.548152923583984,7726200,DAL
2024-06-26,47.900001525878906,48.470001220703125,47.150001525878906,48.18000030517578,46.934444427490234,10964200,DAL
2024-06-27,48.150001525878906,48.63999938964844,47.869998931884766,48.599998474121094,47.34358215332031,6504900,DAL
2024-06-28,48.41999816894531,48.5,47.029998779296875,47.439998626708984,46.213565826416016,11892900,DAL
2024-07-01,47.810001373291016,47.900001525878906,46.7400016784668,46.91999816894531,45.70701599121094,9064600,DAL
2024-07-02,47.0,47.290000915527344,46.52000045776367,46.709999084472656,45.502445220947266,6361900,DAL
2024-07-03,47.150001525878906,47.470001220703125,46.90999984741211,47.38999938964844,46.16486358642578,3543200,DAL
2024-07-05,47.150001525878906,47.150001525878906,45.959999084472656,46.02000045776367,44.83028030395508,9605500,DAL
2024-07-08,46.81999969482422,47.29999923706055,46.279998779296875,46.349998474121094,45.15174865722656,7404000,DAL
2024-07-09,46.369998931884766,47.61000061035156,46.2599983215332,46.88999938964844,45.67778396606445,9369500,DAL
2024-07-10,47.130001068115234,47.290000915527344,46.47999954223633,46.86000061035156,45.6485710144043,11416100,DAL
2024-07-11,43.0099983215332,45.029998779296875,42.16999816894531,44.9900016784668,43.826904296875,33857200,DAL
2024-07-12,44.459999084472656,44.880001068115234,43.54999923706055,43.619998931884766,42.49232482910156,16717000,DAL
2024-07-15,43.61000061035156,43.619998931884766,42.720001220703125,43.0,41.88835144042969,12563800,DAL
2024-07-16,43.2400016784668,46.04999923706055,43.15999984741211,46.02000045776367,44.83028030395508,15554000,DAL
2024-07-17,45.33000183105469,46.029998779296875,45.29999923706055,45.7599983215332,44.576995849609375,7160500,DAL
2024-07-18,45.75,46.79999923706055,44.59000015258789,44.91999816894531,43.75872039794922,10441500,DAL
2024-07-19,44.7400016784668,45.86000061035156,44.04999923706055,45.439998626708984,44.26527404785156,8789800,DAL
2024-07-22,44.650001525878906,44.91999816894531,43.54999923706055,43.83000183105469,42.696895599365234,14486000,DAL
2024-07-23,43.84000015258789,44.040000915527344,43.2400016784668,43.61000061035156,42.48258590698242,10772600,DAL
2024-07-24,43.47999954223633,43.900001525878906,42.810001373291016,42.939998626708984,41.82990646362305,7120100,DAL
2024-07-25,42.7400016784668,44.0,42.5099983215332,43.470001220703125,42.34621047973633,9293100,DAL
2024-07-26,43.970001220703125,44.279998779296875,43.36000061035156,44.130001068115234,42.989139556884766,8721400,DAL
2024-07-29,44.130001068115234,44.18000030517578,43.16999816894531,43.18000030517578,42.06370162963867,7832300,DAL
2024-07-30,43.400001525878906,44.09000015258789,43.09000015258789,43.22999954223633,42.25920867919922,6087700,DAL
2024-07-31,43.25,43.939998626708984,42.86000061035156,43.02000045776367,42.053924560546875,7718200,DAL
2024-08-01,43.31999969482422,43.380001068115234,40.970001220703125,41.5,40.56805419921875,9729500,DAL
2024-08-02,40.65999984741211,40.689998626708984,39.59000015258789,39.83000183105469,38.935569763183594,9378300,DAL
2024-08-05,37.5099983215332,38.72999954223633,37.29999923706055,37.93000030517578,37.07822799682617,19882800,DAL
2024-08-06,38.22999954223633,38.90999984741211,37.630001068115234,38.220001220703125,37.36170959472656,7541400,DAL
2024-08-07,38.7400016784668,38.83000183105469,37.290000915527344,37.31999969482422,36.481929779052734,10595700,DAL
2024-08-08,37.79999923706055,39.709999084472656,37.7599983215332,39.61000061035156,38.72050476074219,9297300,DAL
2024-08-09,39.52000045776367,39.75,38.86000061035156,39.29999923706055,38.41746520996094,8279500,DAL
2024-08-12,39.0,39.209999084472656,38.810001373291016,39.060001373291016,38.18285369873047,10284000,DAL
2024-08-13,39.33000183105469,39.70000076293945,39.099998474121094,39.5,38.61297607421875,7616400,DAL
2024-08-14,39.7400016784668,39.869998931884766,38.650001525878906,38.689998626708984,37.821163177490234,5936300,DAL
2024-08-15,39.33000183105469,40.58000183105469,39.27000045776367,40.18000030517578,39.27770233154297,9742600,DAL
2024-08-16,40.099998474121094,40.279998779296875,39.790000915527344,40.150001525878906,39.24837875366211,4633800,DAL
2024-08-19,40.22999954223633,40.599998474121094,40.0099983215332,40.470001220703125,39.56118392944336,5246900,DAL
2024-08-20,40.5,40.54999923706055,40.060001373291016,40.119998931884766,39.219051361083984,4108400,DAL
2024-08-21,40.33000183105469,40.439998626708984,39.90999984741211,40.18000030517578,39.27770233154297,6508200,DAL
2024-08-22,40.25,40.7400016784668,40.06999969482422,40.13999938964844,39.23859786987305,4620900,DAL
2024-08-23,40.439998626708984,41.439998626708984,40.09000015258789,41.380001068115234,40.45075225830078,6033500,DAL
2024-08-26,41.619998931884766,41.95000076293945,40.810001373291016,40.97999954223633,40.05973434448242,6110900,DAL
2024-08-27,41.060001373291016,41.130001068115234,40.4900016784668,40.810001373291016,39.893558502197266,5348200,DAL
2024-08-28,40.779998779296875,40.939998626708984,40.13999938964844,40.43000030517578,39.52208709716797,7586900,DAL
2024-08-29,40.650001525878906,41.880001068115234,40.63999938964844,41.560001373291016,40.6267204284668,8824200,DAL
2024-08-30,41.90999984741211,42.61000061035156,41.810001373291016,42.4900016784668,41.53582763671875,8652000,DAL
2024-09-03,42.099998474121094,42.7400016784668,42.04999923706055,42.369998931884766,41.418521881103516,7690200,DAL
2024-09-04,42.279998779296875,42.869998931884766,42.15999984741211,42.369998931884766,41.418521881103516,7096300,DAL
2024-09-05,42.81999969482422,43.88999938964844,42.06999969482422,42.16999816894531,41.2230110168457,18941400,DAL
2024-09-06,42.13999938964844,43.040000915527344,41.47999954223633,42.029998779296875,41.08615493774414,8498200,DAL
2024-09-09,42.560001373291016,44.06999969482422,42.560001373291016,43.68000030517578,42.6991081237793,12176000,DAL
2024-09-10,43.91999816894531,44.0,42.790000915527344,43.400001525878906,42.42539596557617,7184800,DAL
2024-09-11,43.5099983215332,44.34000015258789,43.029998779296875,44.279998779296875,43.28562927246094,6984900,DAL
2024-09-12,46.279998779296875,46.54999923706055,42.86000061035156,44.27000045776367,43.27585983276367,13654900,DAL
2024-09-13,44.91999816894531,45.66999816894531,44.849998474121094,45.18000030517578,44.16542053222656,9391400,DAL
2024-09-16,45.060001373291016,45.900001525878906,45.060001373291016,45.31999969482422,44.30227279663086,7171400,DAL
2024-09-17,45.959999084472656,47.43000030517578,45.810001373291016,46.68000030517578,45.631736755371094,8579600,DAL
2024-09-18,46.810001373291016,47.970001220703125,46.45000076293945,46.91999816894531,45.8663444519043,7584000,DAL
2024-09-19,47.689998626708984,47.79999923706055,46.869998931884766,47.130001068115234,46.07162857055664,6676800,DAL
2024-09-20,47.060001373291016,47.15999984741211,46.52000045776367,46.939998626708984,45.885894775390625,9728200,DAL
2024-09-23,46.869998931884766,47.43000030517578,46.5,47.15999984741211,46.100955963134766,5449600,DAL
2024-09-24,47.369998931884766,47.88999938964844,46.869998931884766,47.79999923706055,46.72658157348633,6652700,DAL
2024-09-25,47.97999954223633,49.189998626708984,47.959999084472656,48.75,47.655250549316406,9203400,DAL
2024-09-26,50.0,51.9900016784668,49.65999984741211,51.810001373291016,50.64653015136719,17920400,DAL
2024-09-27,52.02000045776367,52.45000076293945,51.209999084472656,51.540000915527344,50.38259506225586,10931300,DAL
2024-09-30,51.459999084472656,51.61000061035156,50.27000045776367,50.790000915527344,49.64943313598633,8083200,DAL
2024-10-01,50.79999923706055,50.97999954223633,49.08000183105469,49.959999084472656,48.838077545166016,10546000,DAL
2024-10-02,49.380001068115234,49.380001068115234,48.20000076293945,48.400001525878906,47.3131103515625,8142000,DAL
2024-10-03,48.41999816894531,48.5,46.900001525878906,47.459999084472656,46.39421463012695,9561800,DAL
2024-10-04,49.06999969482422,49.650001525878906,48.349998474121094,49.279998779296875,48.1733512878418,8574400,DAL
2024-10-07,49.06999969482422,49.68000030517578,48.90999984741211,49.470001220703125,48.35908508300781,7103400,DAL
2024-10-08,49.93000030517578,51.20000076293945,49.900001525878906,50.619998931884766,49.483253479003906,8425800,DAL
2024-10-09,50.79999923706055,51.880001068115234,50.619998931884766,50.97999954223633,49.835166931152344,9670500,DAL
2024-10-10,50.5099983215332,51.5,49.290000915527344,50.290000915527344,49.30574417114258,16893700,DAL
2024-10-11,49.970001220703125,51.52000045776367,49.439998626708984,51.33000183105469,50.32538986206055,8037200,DAL
2024-10-14,51.349998474121094,53.369998931884766,51.06999969482422,53.18000030517578,52.139183044433594,9581400,DAL
2024-10-15,53.84000015258789,54.290000915527344,52.54999923706055,52.72999954223633,51.69798278808594,9175400,DAL
2024-10-16,53.25,56.47999954223633,53.20000076293945,56.310001373291016,55.20792007446289,18957900,DAL
2024-10-17,55.5,56.04999923706055,55.060001373291016,55.2599983215332,54.178470611572266,8349900,DAL
2024-10-18,55.54999923706055,56.2400016784668,54.86000061035156,55.79999923706055,54.70790100097656,8222100,DAL
2024-10-21,54.68000030517578,55.209999084472656,54.45000076293945,55.099998474121094,54.02159881591797,6869400,DAL
2024-10-22,55.08000183105469,55.220001220703125,54.16999816894531,54.79999923706055,53.727474212646484,5701400,DAL
2024-10-23,54.38999938964844,55.09000015258789,54.2400016784668,54.650001525878906,53.580413818359375,6624000,DAL
2024-10-24,55.279998779296875,55.7599983215332,54.119998931884766,54.77000045776367,53.69805908203125,5724600,DAL
2024-10-25,55.0,55.27000045776367,53.869998931884766,54.119998931884766,53.06077575683594,5982900,DAL
2024-10-28,55.5,56.63999938964844,55.36000061035156,55.380001068115234,54.29612350463867,10898800,DAL
2024-10-29,54.70000076293945,57.369998931884766,54.599998474121094,57.34000015258789,56.21775817871094,9524100,DAL
2024-10-30,57.119998931884766,59.06999969482422,57.119998931884766,58.459999084472656,57.31583786010742,11089000,DAL
2024-10-31,58.29999923706055,59.09000015258789,57.099998474121094,57.220001220703125,56.1001091003418,7749400,DAL
2024-11-01,57.4900016784668,59.189998626708984,57.4900016784668,58.38999938964844,57.24720764160156,9588400,DAL
2024-11-04,57.81999969482422,58.119998931884766,56.810001373291016,56.88999938964844,55.77656173706055,7959800,DAL
2024-11-05,57.09000015258789,58.630001068115234,57.08000183105469,58.290000915527344,57.149169921875,5390600,DAL
2024-11-06,60.5,62.65999984741211,60.33000183105469,62.31999969482422,61.10029220581055,16683600,DAL
2024-11-07,61.650001525878906,62.470001220703125,60.40999984741211,60.43000030517578,59.24728775024414,7400000,DAL
2024-11-08,60.90999984741211,61.709999084472656,60.5,61.04999923706055,59.85515213012695,4646000,DAL
2024-11-11,61.08000183105469,63.84000015258789,60.83000183105469,63.560001373291016,62.3160285949707,8087400,DAL
2024-11-12,63.20000076293945,64.11000061035156,62.810001373291016,64.05000305175781,62.79643630981445,6598700,DAL
2024-11-13,64.26000213623047,65.73999786376953,64.01000213623047,64.45999908447266,63.198402404785156,8528900,DAL
2024-11-14,65.0199966430664,66.25,64.62000274658203,64.8499984741211,63.58077621459961,7311800,DAL
2024-11-15,65.44000244140625,65.83999633789062,63.86000061035156,64.06999969482422,62.8160400390625,9852600,DAL
2024-11-18,64.08000183105469,64.08000183105469,62.380001068115234,63.2400016784668,62.002288818359375,6628900,DAL
2024-11-19,61.689998626708984,65.16000366210938,61.290000915527344,64.75,63.48272705078125,9800400,DAL
2024-11-20,64.0999984741211,65.05000305175781,61.65999984741211,63.63999938964844,62.39445877075195,10922900,DAL
2024-11-21,64.69999694824219,65.05000305175781,63.290000915527344,63.34000015258789,62.1003303527832,9931500,DAL
2024-11-22,63.45000076293945,63.619998931884766,62.900001525878906,63.34000015258789,62.1003303527832,6625400,DAL
2024-11-25,64.33000183105469,65.18000030517578,63.970001220703125,64.48999786376953,63.227821350097656,7901300,DAL
2024-11-26,64.86000061035156,65.94000244140625,63.9900016784668,64.13999938964844,62.88467025756836,5499600,DAL
2024-11-27,64.06999969482422,64.4000015258789,63.22999954223633,63.619998931884766,62.37485122680664,5557400,DAL
2024-11-29,63.650001525878906,64.08000183105469,63.560001373291016,63.81999969482422,62.57093811035156,3111400,DAL
2024-12-02,64.0,64.2300033569336,63.15999984741211,63.40999984741211,62.16896057128906,6299600,DAL
2024-12-03,63.40999984741211,63.529998779296875,62.06999969482422,62.56999969482422,61.345401763916016,5337600,DAL
2024-12-04,62.91999816894531,64.2699966430664,62.77000045776367,64.26000213623047,63.00232696533203,5301200,DAL
2024-12-05,66.63999938964844,67.5,65.3499984741211,65.7699966430664,64.4827651977539,9380100,DAL
2024-12-06,66.9800033569336,67.11000061035156,64.16999816894531,64.52999877929688,63.26704025268555,8635300,DAL
2024-12-09,64.47000122070312,64.86000061035156,62.20000076293945,62.2599983215332,61.041465759277344,6331700,DAL
2024-12-10,63.68000030517578,64.25,62.34000015258789,62.77000045776367,61.54148864746094,6552600,DAL
2024-12-11,62.97999954223633,63.97999954223633,62.66999816894531,63.47999954223633,62.23759078979492,7100300,DAL
2024-12-12,63.599998474121094,63.790000915527344,61.38999938964844,61.630001068115234,60.423797607421875,8166400,DAL
2024-12-13,62.290000915527344,62.290000915527344,60.939998626708984,61.52000045776367,60.31595230102539,5835600,DAL
2024-12-16,61.41999816894531,61.810001373291016,60.540000915527344,61.04999923706055,59.85515213012695,6105200,DAL
2024-12-17,60.84000015258789,61.290000915527344,60.45000076293945,60.810001373291016,59.61984634399414,5537800,DAL
2024-12-18,60.97999954223633,61.97999954223633,58.310001373291016,58.880001068115234,57.727622985839844,8171800,DAL
2024-12-19,59.689998626708984,60.61000061035156,58.869998931884766,60.380001068115234,59.198265075683594,9403300,DAL
2024-12-20,59.83000183105469,61.84000015258789,59.83000183105469,60.93000030517578,59.73750305175781,13918600,DAL
2024-12-23,60.599998474121094,61.560001373291016,59.88999938964844,61.52000045776367,60.31595230102539,7196400,DAL
2024-12-24,61.40999984741211,62.95000076293945,61.27000045776367,62.560001373291016,61.33559799194336,3218400,DAL
2024-12-26,62.0,62.849998474121094,61.709999084472656,62.400001525878906,61.17872619628906,4478100,DAL
2024-12-27,61.9900016784668,62.38999938964844,61.04999923706055,61.2599983215332,60.06103515625,7175400,DAL
2024-12-30,60.16999816894531,61.18000030517578,59.36000061035156,60.720001220703125,59.53160858154297,5153300,DAL
2024-12-31,60.560001373291016,61.11000061035156,60.09000015258789,60.5,59.31591796875,4326500,DAL
2025-01-02,60.27000045776367,60.77000045776367,58.599998474121094,59.06999969482422,57.913902282714844,8639300,DAL
2025-01-03,59.02000045776367,59.099998474121094,56.72999954223633,59.0,57.845279693603516,9207000,DAL
2025-01-06,60.29999923706055,60.95000076293945,59.61000061035156,60.040000915527344,58.86491394042969,9652900,DAL
2025-01-07,60.29999923706055,61.58000183105469,59.95000076293945,61.18000030517578,59.98260498046875,9074200,DAL
2025-01-08,60.95000076293945,61.86000061035156,59.88999938964844,61.41999816894531,60.2179069519043,9062400,DAL
2025-01-10,64.98999786376953,68.98999786376953,64.51000213623047,66.94999694824219,65.63967895507812,27227200,DAL
2025-01-13,66.30999755859375,66.41000366210938,63.33000183105469,65.0999984741211,63.82587814331055,12375500,DAL
2025-01-14,66.5,66.72000122070312,65.3499984741211,66.29000091552734,64.99259185791016,6989800,DAL
2025-01-15,67.12999725341797,67.27999877929688,65.11000061035156,65.5,64.21806335449219,8808600,DAL
2025-01-16,65.44000244140625,66.43000030517578,64.83999633789062,66.18000030517578,64.88475036621094,6427000,DAL
2025-01-17,66.69999694824219,67.0,65.63999938964844,65.81999969482422,64.53179168701172,5978000,DAL
2025-01-21,66.76000213623047,68.51000213623047,66.76000213623047,68.33999633789062,67.0024642944336,11875200,DAL
2025-01-22,69.7699966430664,69.9800033569336,67.19999694824219,67.77999877929688,66.45343017578125,11612600,DAL
2025-01-23,68.19000244140625,68.66000366210938,67.19000244140625,67.44999694824219,66.12989044189453,8116300,DAL
2025-01-24,67.37999725341797,67.94999694824219,66.69000244140625,67.18000030517578,65.86518096923828,5186700,DAL
2025-01-27,66.33000183105469,68.27999877929688,66.05000305175781,67.7699966430664,66.4436264038086,4157600,DAL
2025-01-28,67.62999725341797,67.72000122070312,66.2699966430664,67.6500015258789,66.32597351074219,5175900,DAL
2025-01-29,68.30999755859375,68.52999877929688,67.58000183105469,68.43000030517578,67.09071350097656,4841300,DAL
2025-01-30,68.0,69.0999984741211,67.80000305175781,68.56999969482422,67.22796630859375,6381000,DAL
2025-01-31,68.80999755859375,69.22000122070312,67.19999694824219,67.2699966430664,65.95340728759766,4482900,DAL
2025-02-03,65.13999938964844,67.05000305175781,64.97000122070312,66.4800033569336,65.17887878417969,5711800,DAL
2025-02-04,67.30000305175781,69.12000274658203,66.54000091552734,69.05999755859375,67.7083740234375,7789200,DAL
2025-02-05,68.69999694824219,69.44999694824219,68.0199966430664,69.05999755859375,67.7083740234375,5467300,DAL
2025-02-06,69.1500015258789,69.36000061035156,67.26000213623047,67.91999816894531,66.59068298339844,6000400,DAL
2025-02-07,68.19000244140625,68.75,67.47000122070312,68.13999938964844,66.80638885498047,5313900,DAL
2025-02-10,67.8499984741211,67.91000366210938,65.83999633789062,66.19000244140625,64.89456176757812,6825700,DAL
2025-02-11,65.66000366210938,65.9000015258789,64.08000183105469,64.75,63.48272705078125,7899000,DAL
2025-02-12,64.94000244140625,66.41999816894531,64.61000061035156,66.33000183105469,65.03181457519531,7642300,DAL
2025-02-13,66.4800033569336,66.81999969482422,61.209999084472656,64.05999755859375,62.80623245239258,12609600,DAL
2025-02-14,64.3499984741211,65.52999877929688,63.900001525878906,65.38999938964844,64.1102066040039,6049800,DAL
2025-02-18,64.77999877929688,66.12999725341797,64.0199966430664,64.33999633789062,63.080753326416016,6876200,DAL
2025-02-19,63.95000076293945,65.9000015258789,63.81999969482422,65.04000091552734,63.767059326171875,7614200,DAL
2025-02-20,65.0999984741211,65.48999786376953,62.5099983215332,63.75,62.5023078918457,8671600,DAL
2025-02-21,63.95000076293945,64.30999755859375,59.619998931884766,60.0,58.82570266723633,12798800,DAL
2025-02-24,61.33000183105469,62.290000915527344,60.2400016784668,61.4900016784668,60.28654098510742,11226700,DAL
2025-02-25,61.54999923706055,62.220001220703125,59.81999969482422,61.790000915527344,60.58066940307617,9713100,DAL
2025-02-26,62.20000076293945,63.439998626708984,61.630001068115234,61.70000076293945,60.492427825927734,5474300,DAL
2025-02-27,61.86000061035156,62.11000061035156,59.43000030517578,59.75,58.72335433959961,7326200,DAL
2025-02-28,59.79999923706055,60.59000015258789,59.04999923706055,60.119998931884766,59.08699417114258,8627800,DAL
2025-03-03,60.11000061035156,60.630001068115234,57.630001068115234,58.45000076293945,57.44569396972656,7966100,DAL
2025-03-04,56.65999984741211,56.880001068115234,53.83000183105469,54.689998626708984,53.75029754638672,17873700,DAL
2025-03-05,55.06999969482422,57.099998474121094,54.59000015258789,56.77000045776367,55.79456329345703,8741500,DAL
2025-03-06,55.7400016784668,56.939998626708984,54.54999923706055,54.959999084472656,54.01565170288086,10669300,DAL
2025-03-07,54.0099983215332,54.34000015258789,51.130001068115234,53.279998779296875,52.364524841308594,15670600,DAL
2025-03-10,51.630001068115234,51.630001068115234,48.400001525878906,50.33000183105469,49.465213775634766,20260900,DAL
2025-03-11,48.41999816894531,49.279998779296875,45.83000183105469,46.68000030517578,45.8779296875,31482500,DAL
2025-03-12,46.939998626708984,47.400001525878906,44.130001068115234,45.29999923706055,44.52163314819336,16767700,DAL
2025-03-13,45.349998474121094,46.119998931884766,42.84000015258789,43.91999816894531,43.165348052978516,16240600,DAL
2025-03-14,44.779998779296875,46.7599983215332,44.18000030517578,46.75,45.94672393798828,16680800,DAL
2025-03-17,45.79999923706055,47.040000915527344,45.70000076293945,46.88999938964844,46.08431625366211,12570500,DAL
2025-03-18,46.040000915527344,46.439998626708984,44.939998626708984,45.91999816894531,45.1309814453125,13907000,DAL
2025-03-19,46.0099983215332,47.970001220703125,46.0,47.75,46.929542541503906,11359500,DAL
2025-03-20,46.720001220703125,47.439998626708984,46.58000183105469,46.95000076293945,46.143287658691406,6816800,DAL
2025-03-21,46.0,46.959999084472656,45.36000061035156,46.77000045776367,45.96638488769531,17062800,DAL
2025-03-24,47.75,49.369998931884766,47.70000076293945,48.880001068115234,48.04012680053711,9852900,DAL
2025-03-25,49.599998474121094,49.9900016784668,48.40999984741211,48.66999816894531,47.83373260498047,8227000,DAL
2025-03-26,48.900001525878906,49.279998779296875,47.5099983215332,48.06999969482422,47.24404525756836,6853200,DAL
2025-03-27,47.52000045776367,48.0,45.97999954223633,46.150001525878906,45.357032775878906,11157800,DAL
2025-03-28,46.0,46.02000045776367,43.599998474121094,43.84000015258789,43.08671951293945,15135100,DAL
2025-03-31,42.0,44.0099983215332,40.779998779296875,43.599998474121094,42.85084915161133,18053300,DAL
2025-04-01,42.33000183105469,42.56999969482422,40.849998474121094,42.41999816894531,41.69112014770508,13980800,DAL
2025-04-02,41.439998626708984,43.560001373291016,41.38999938964844,43.369998931884766,42.62480163574219,10066500,DAL
2025-04-03,40.56999969482422,40.68000030517578,38.650001525878906,38.709999084472656,38.04487228393555,18127900,DAL
2025-04-04,37.279998779296875,37.79999923706055,34.7400016784668,37.25,36.609954833984375,22165500,DAL
2025-04-07,35.68000030517578,39.939998626708984,35.130001068115234,37.290000915527344,36.64927291870117,20498800,DAL
2025-04-08,38.869998931884766,39.2599983215332,35.459999084472656,35.880001068115234,35.26349639892578,24697300,DAL
2025-04-09,36.90999984741211,44.9900016784668,36.560001373291016,44.27000045776367,43.509342193603516,41445600,DAL
2025-04-10,42.220001220703125,42.81999969482422,38.65999984741211,39.36000061035156,38.68370056152344,20053100,DAL
2025-04-11,39.25,40.970001220703125,38.88999938964844,40.880001068115234,40.17758560180664,13717000,DAL
2025-04-14,41.58000183105469,41.58000183105469,39.470001220703125,40.29999923706055,39.6075553894043,12505800,DAL
2025-04-15,40.20000076293945,41.58000183105469,40.150001525878906,40.83000183105469,40.12844467163086,10499600,DAL
2025-04-16,41.720001220703125,42.11000061035156,39.90999984741211,40.59000015258789,39.8925666809082,15131900,DAL
2025-04-17,40.689998626708984,41.209999084472656,40.209999084472656,40.849998474121094,40.14809799194336,8116000,DAL
2025-04-21,40.15999984741211,40.18000030517578,38.79999923706055,39.470001220703125,38.791812896728516,9066300,DAL
2025-04-22,40.119998931884766,40.54999923706055,39.59000015258789,40.34000015258789,39.6468620300293,8513000,DAL
2025-04-23,43.0,43.869998931884766,41.130001068115234,41.400001525878906,40.68865203857422,11848800,DAL
2025-04-24,40.79999923706055,42.36000061035156,40.599998474121094,42.02000045776367,41.29799270629883,8777700,DAL
2025-04-25,41.599998474121094,41.9900016784668,41.0099983215332,41.58000183105469,40.865562438964844,7197200,DAL
2025-04-28,41.779998779296875,42.79999923706055,41.56999969482422,41.959999084472656,41.23902893066406,8372900,DAL
2025-04-29,41.630001068115234,42.45000076293945,41.40999984741211,42.08000183105469,41.35696792602539,6327800,DAL
2025-04-30,40.810001373291016,41.84000015258789,39.939998626708984,41.630001068115234,40.914703369140625,10589000,DAL
2025-05-01,42.20000076293945,42.43000030517578,41.439998626708984,41.5,40.786930084228516,8142800,DAL
2025-05-02,43.0,44.720001220703125,42.939998626708984,44.20000076293945,43.44054412841797,13943400,DAL
2025-05-05,43.75,46.06999969482422,43.56999969482422,45.5099983215332,44.72802734375,18733400,DAL
2025-05-06,44.2400016784668,45.33000183105469,44.099998474121094,44.810001373291016,44.04005432128906,8826600,DAL
2025-05-07,45.130001068115234,45.790000915527344,44.779998779296875,45.29999923706055,44.52163314819336,8676000,DAL
2025-05-08,46.45000076293945,48.7599983215332,45.880001068115234,48.540000915527344,47.705970764160156,17708300,DAL
2025-05-09,48.83000183105469,49.369998931884766,47.720001220703125,48.34000015258789,47.50940704345703,13494800,DAL
2025-05-12,52.02000045776367,53.560001373291016,50.36000061035156,51.13999938964844,50.26129150390625,18926000,DAL
2025-05-13,51.18000030517578,53.400001525878906,51.02000045776367,52.9900016784668,52.23271942138672,14097900,DAL
2025-05-14,52.52000045776367,53.150001525878906,50.540000915527344,50.58000183105469,49.857154846191406,13883300,DAL
2025-05-15,50.52000045776367,50.66999816894531,49.560001373291016,50.279998779296875,49.56144714355469,8102700,DAL
2025-05-16,50.119998931884766,51.27000045776367,50.040000915527344,50.91999816894531,50.192291259765625,8326000,DAL
2025-05-19,50.93000030517578,51.63999938964844,50.150001525878906,51.189998626708984,50.45843505859375,8092200,DAL
2025-05-20,50.97999954223633,51.369998931884766,49.81999969482422,49.97999954223633,49.26573181152344,9055300,DAL
2025-05-21,49.279998779296875,49.54999923706055,48.08000183105469,48.27000045776367,47.58016586303711,8021500,DAL
2025-05-22,48.349998474121094,48.939998626708984,47.91999816894531,48.5,47.806884765625,9957800,DAL
2025-05-23,47.08000183105469,48.189998626708984,46.880001068115234,47.91999816894531,47.235164642333984,7811900,DAL
2025-05-27,48.7599983215332,50.130001068115234,48.529998779296875,49.400001525878906,48.69402313232422,11316100,DAL
2025-05-28,49.27000045776367,49.52000045776367,48.41999816894531,48.599998474121094,47.90544891357422,7390500,DAL
2025-05-29,49.16999816894531,49.380001068115234,48.20000076293945,48.5,47.806884765625,9060900,DAL
2025-05-30,48.2400016784668,48.709999084472656,47.84000015258789,48.38999938964844,47.69845199584961,9190700,DAL
2025-06-02,48.09000015258789,48.86000061035156,47.4900016784668,48.5,47.806884765625,8117500,DAL
2025-06-03,48.58000183105469,49.310001373291016,48.08000183105469,48.83000183105469,48.13216781616211,9400100,DAL
2025-06-04,48.720001220703125,49.720001220703125,48.61000061035156,48.97999954223633,48.28002166748047,8231200,DAL
2025-06-05,48.689998626708984,49.58000183105469,48.47999954223633,48.84000015258789,48.142024993896484,7398200,DAL
2025-06-06,49.79999923706055,51.04999923706055,49.790000915527344,50.95000076293945,50.22187042236328,7449500,DAL
2025-06-09,51.29999923706055,51.939998626708984,51.0099983215332,51.20000076293945,50.468292236328125,6378900,DAL
2025-06-10,51.20000076293945,52.08000183105469,50.79999923706055,51.68000030517578,50.94143295288086,5877900,DAL
2025-06-11,51.869998931884766,52.0,48.61000061035156,49.16999816894531,48.46730041503906,10205400,DAL
2025-06-12,48.4900016784668,48.939998626708984,47.880001068115234,48.880001068115234,48.18144607543945,7655000,DAL
2025-06-13,46.20000076293945,48.20000076293945,45.86000061035156,47.040000915527344,46.36774826049805,12952600,DAL
2025-06-16,47.72999954223633,49.599998474121094,47.400001525878906,49.459999084472656,48.75315856933594,10242300,DAL
2025-06-17,48.5,48.939998626708984,47.04999923706055,47.31999969482422,46.643741607666016,9221600,DAL
2025-06-18,47.099998474121094,48.459999084472656,47.060001373291016,47.560001373291016,46.88031768798828,7391800,DAL
2025-06-20,47.81999969482422,48.189998626708984,47.119998931884766,47.20000076293945,46.52546310424805,10796100,DAL
2025-06-23,46.79999923706055,48.439998626708984,45.279998779296875,48.25,47.56045913696289,16437900,DAL
2025-06-24,49.5,50.290000915527344,49.09000015258789,49.560001373291016,48.85173034667969,11886500,DAL
2025-06-25,49.650001525878906,49.720001220703125,48.119998931884766,48.310001373291016,47.619598388671875,7885300,DAL
2025-06-26,48.540000915527344,49.25,48.189998626708984,48.970001220703125,48.27016067504883,8286300,DAL
2025-06-27,49.2400016784668,49.97999954223633,48.70000076293945,49.59000015258789,48.88130569458008,10177200,DAL
2025-06-30,49.81999969482422,50.0,48.619998931884766,49.18000030517578,48.47716522216797,12531200,DAL
2025-07-01,49.099998474121094,49.41999816894531,48.560001373291016,49.0,48.299739837646484,10037600,DAL
2025-07-02,49.18000030517578,50.150001525878906,48.2400016784668,50.130001068115234,49.4135856628418,9833400,DAL
2025-07-03,50.5,51.38999938964844,50.349998474121094,50.86000061035156,50.133155822753906,6123400,DAL
2025-07-07,50.65999984741211,51.70000076293945,49.189998626708984,50.0,49.28544616699219,12227000,DAL
2025-07-08,50.779998779296875,51.83000183105469,50.41999816894531,50.52000045776367,49.798011779785156,10734500,DAL
2025-07-09,51.27000045776367,51.52000045776367,49.83000183105469,50.70000076293945,49.975440979003906,12870400,DAL
2025-07-10,56.20000076293945,57.81999969482422,54.79999923706055,56.779998779296875,55.96854782104492,46966400,DAL
2025-07-11,56.22999954223633,56.79999923706055,54.65999984741211,56.650001525878906,55.84040832519531,17788900,DAL
2025-07-14,56.779998779296875,58.29999923706055,56.15999984741211,58.11000061035156,57.279544830322266,13722100,DAL
2025-07-15,57.9900016784668,58.18000030517578,55.4900016784668,55.709999084472656,54.91384506225586,13709600,DAL
2025-07-16,56.5,56.540000915527344,54.88999938964844,55.560001373291016,54.765987396240234,9066800,DAL
2025-07-17,56.209999084472656,57.369998931884766,55.630001068115234,56.34000015258789,55.53483963012695,13199000,DAL
2025-07-18,56.36000061035156,56.58000183105469,55.060001373291016,56.290000915527344,55.48555374145508,8978400,DAL
2025-07-21,56.380001068115234,56.61000061035156,55.849998474121094,56.040000915527344,55.23912811279297,6074500,DAL
2025-07-22,55.9900016784668,56.16999816894531,54.939998626708984,55.66999816894531,54.87440872192383,7547700,DAL
2025-07-23,56.349998474121094,56.900001525878906,55.95000076293945,55.97999954223633,55.17998123168945,6782300,DAL
2025-07-24,55.45000076293945,56.599998474121094,54.43000030517578,54.709999084472656,53.928131103515625,10696500,DAL
2025-07-25,54.79999923706055,55.0,54.2400016784668,54.86000061035156,54.075984954833984,6819900,DAL
2025-07-28,54.9900016784668,55.689998626708984,54.650001525878906,55.61000061035156,54.815269470214844,6545600,DAL
2025-07-29,55.970001220703125,55.970001220703125,54.220001220703125,54.5,53.721134185791016,5916300,DAL
2025-07-30,54.20000076293945,54.47999954223633,53.2599983215332,53.599998474121094,52.8339958190918,7354800,DAL
2025-07-31,53.45000076293945,53.72999954223633,52.81999969482422,53.209999084472656,52.634178161621094,6538100,DAL
2025-08-01,51.93000030517578,51.93000030517578,50.45000076293945,51.150001525878906,50.59647750854492,9535100,DAL
2025-08-04,51.459999084472656,52.59000015258789,51.22999954223633,52.52000045776367,51.9516487121582,7476400,DAL
2025-08-05,52.790000915527344,52.959999084472656,51.52000045776367,52.869998931884766,52.29785919189453,5846500,DAL
2025-08-06,53.0,54.34000015258789,52.95000076293945,54.119998931884766,53.534332275390625,8476700,DAL
2025-08-07,54.45000076293945,54.459999084472656,53.099998474121094,53.630001068115234,53.04963302612305,4976500,DAL
2025-08-08,54.130001068115234,54.29999923706055,52.880001068115234,53.63999938964844,53.05952453613281,6638000,DAL
2025-08-11,53.25,54.40999984741211,53.119998931884766,53.5,52.92103958129883,4821600,DAL
2025-08-12,54.720001220703125,58.56999969482422,54.68000030517578,58.439998626708984,57.807579040527344,15727800,DAL
2025-08-13,58.220001220703125,59.52000045776367,57.5099983215332,59.41999816894531,58.776973724365234,9103700,DAL
2025-08-14,58.849998474121094,59.060001373291016,58.20000076293945,58.959999084472656,58.32195281982422,4300300,DAL
2025-08-15,59.45000076293945,60.4900016784668,59.060001373291016,60.2400016784668,59.58810806274414,9825500,DAL
2025-08-18,59.970001220703125,61.31999969482422,59.59000015258789,61.09000015258789,60.42890548706055,6504200,DAL
2025-08-19,61.150001525878906,61.7400016784668,60.36000061035156,60.5,59.84529113769531,5734000,DAL
2025-08-20,59.849998474121094,60.310001373291016,58.31999969482422,59.04999923706055,58.410980224609375,6517000,DAL
2025-08-21,58.97999954223633,59.04999923706055,57.59000015258789,57.84000015258789,57.214080810546875,5175100,DAL
2025-08-22,58.25,61.95000076293945,58.11000061035156,61.689998626708984,61.02240753173828,10312400,DAL
2025-08-25,61.099998474121094,61.119998931884766,59.9900016784668,60.40999984741211,59.75626754760742,6191900,DAL
2025-08-26,60.41999816894531,61.83000183105469,60.209999084472656,61.150001525878906,60.48825454711914,5618800,DAL
2025-08-27,61.09000015258789,62.06999969482422,60.849998474121094,61.2599983215332,60.59706115722656,4693100,DAL
2025-08-28,61.689998626708984,62.459999084472656,60.86000061035156,61.970001220703125,61.299381256103516,5825000,DAL
2025-08-29,61.90999984741211,62.529998779296875,61.27000045776367,61.779998779296875,61.11143493652344,4856300,DAL
2025-09-02,60.540000915527344,61.34000015258789,59.970001220703125,61.130001068115234,60.468475341796875,6925300,DAL
2025-09-03,61.43000030517578,63.90999984741211,61.119998931884766,61.27000045776367,60.606956481933594,7237400,DAL
2025-09-04,61.34000015258789,62.68000030517578,60.369998931884766,60.54999923706055,59.894752502441406,7023800,DAL
2025-09-05,60.86000061035156,62.38999938964844,60.439998626708984,61.18000030517578,60.5179328918457,6398500,DAL
2025-09-08,61.0,61.86000061035156,60.5,61.7599983215332,61.091651916503906,7579200,DAL
2025-09-09,61.599998474121094,61.790000915527344,60.02000045776367,60.68000030517578,60.02334213256836,6424300,DAL
2025-09-10,60.560001373291016,61.93000030517578,60.29999923706055,61.38999938964844,60.72565841674805,5199500,DAL
2025-09-11,61.810001373291016,62.0,58.36000061035156,60.439998626708984,59.78593826293945,18816800,DAL
2025-09-12,60.81999969482422,60.91999816894531,59.84000015258789,59.869998931884766,59.22210693359375,6771000,DAL
2025-09-15,59.880001068115234,59.880001068115234,58.150001525878906,58.41999816894531,57.78779983520508,9773300,DAL
2025-09-16,58.47999954223633,58.63999938964844,57.04999923706055,57.86000061035156,57.23386001586914,10140900,DAL
2025-09-17,58.43000030517578,60.13999938964844,58.15999984741211,58.81999969482422,58.183467864990234,8361000,DAL
2025-09-18,59.439998626708984,59.849998474121094,58.970001220703125,59.470001220703125,58.826438903808594,5574400,DAL
2025-09-19,59.79999923706055,59.93000030517578,58.47999954223633,59.7599983215332,59.11329650878906,15278900,DAL
2025-09-22,59.45000076293945,59.619998931884766,57.72999954223633,58.88999938964844,58.25271224975586,7157800,DAL
2025-09-23,59.0,59.7400016784668,58.70000076293945,58.75,58.114227294921875,4527500,DAL
2025-09-24,59.02000045776367,59.09000015258789,57.56999969482422,57.709999084472656,57.08548355102539,5372600,DAL
2025-09-25,57.25,57.560001373291016,56.349998474121094,56.7400016784668,56.125980377197266,6781400,DAL
2025-09-26,57.380001068115234,57.93000030517578,56.84000015258789,57.20000076293945,56.58100509643555,6634400,DAL
2025-09-29,58.029998779296875,58.34000015258789,56.66999816894531,57.65999984741211,57.03601837158203,7822100,DAL
2025-09-30,57.63999938964844,58.150001525878906,55.720001220703125,56.75,56.135868072509766,8263400,DAL
2025-10-01,57.56999969482422,57.81999969482422,55.9900016784668,56.11000061035156,55.50279998779297,7005400,DAL
2025-10-02,56.63999938964844,57.56999969482422,55.79999923706055,57.08000183105469,56.462303161621094,7619700,DAL
2025-10-03,57.68000030517578,57.9900016784668,57.25,57.2599983215332,56.640350341796875,6390300,DAL
2025-10-06,57.68000030517578,58.529998779296875,56.68000030517578,58.2599983215332,57.6295280456543,7821500,DAL
2025-10-07,58.31999969482422,58.459999084472656,56.27000045776367,56.630001068115234,56.017173767089844,10623500,DAL
2025-10-08,56.9900016784668,57.61000061035156,56.29999923706055,57.119998931884766,56.50186538696289,12402700,DAL
2025-10-09,61.900001525878906,62.27000045776367,58.900001525878906,59.56999969482422,58.925357818603516,29289500,DAL
2025-10-10,59.93000030517578,60.970001220703125,57.45000076293945,57.47999954223633,56.85797119140625,14375100,DAL
2025-10-13,58.22999954223633,59.939998626708984,57.470001220703125,58.720001220703125,58.084556579589844,9448600,DAL
2025-10-14,57.79999923706055,61.79999923706055,57.68000030517578,61.27000045776367,60.606956481933594,10945000,DAL
2025-10-15,61.65999984741211,62.06999969482422,61.04999923706055,61.70000076293945,61.03230285644531,8882200,DAL
2025-10-16,61.630001068115234,62.02000045776367,59.16999816894531,60.400001525878906,59.928977966308594,12415900,DAL
2025-10-17,60.34000015258789,60.84000015258789,59.40999984741211,59.63999938964844,59.17490005493164,6230900,DAL
2025-10-20,60.08000183105469,62.22999954223633,59.209999084472656,61.75,61.26844787597656,6512100,DAL
2025-10-21,61.459999084472656,62.90999984741211,61.18000030517578,62.31999969482422,61.83400344848633,7041200,DAL
2025-10-22,62.0,62.54999923706055,59.97999954223633,60.0,59.53209686279297,7235700,DAL
2025-10-23,60.5,60.709999084472656,58.2599983215332,58.77000045776367,58.31168746948242,7687600,DAL
2025-10-24,59.869998931884766,61.81999969482422,59.380001068115234,60.95000076293945,60.47468948364258,8857500,DAL
2025-10-27,61.369998931884766,61.70000076293945,60.18000030517578,60.45000076293945,59.97858810424805,5658100,DAL
2025-10-28,60.34000015258789,60.41999816894531,57.7400016784668,57.86000061035156,57.408782958984375,8516600,DAL
2025-10-29,57.900001525878906,59.5,57.63999938964844,58.7599983215332,58.301761627197266,8625000,DAL
2025-10-30,58.209999084472656,58.720001220703125,56.9900016784668,57.119998931884766,56.67455291748047,7191600,DAL
2025-10-31,57.29999923706055,57.56999969482422,56.75,57.380001068115234,56.93252944946289,7677500,DAL
2025-11-03,57.290000915527344,58.83000183105469,56.86000061035156,58.5,58.04379653930664,7598000,DAL
2025-11-04,57.400001525878906,57.459999084472656,55.029998779296875,55.650001525878906,55.21601867675781,11622700,DAL
2025-11-05,56.29999923706055,59.0,56.029998779296875,58.540000915527344,58.08348083496094,8311000,DAL
2025-11-06,57.900001525878906,58.869998931884766,57.15999984741211,57.810001373291016,57.35917663574219,6605400,DAL
2025-11-07,56.86000061035156,60.16999816894531,56.22999954223633,58.880001068115234,58.42082977294922,8748700,DAL
2025-11-10,59.900001525878906,60.61000061035156,58.029998779296875,58.560001373291016,58.10332489013672,7918200,DAL
2025-11-11,58.45000076293945,58.880001068115234,57.349998474121094,57.7400016784668,57.28972244262695,5693800,DAL
2025-11-12,58.25,60.65999984741211,58.11000061035156,60.47999954223633,60.00835037231445,9805400,DAL
2025-11-13,60.369998931884766,61.41999816894531,59.459999084472656,59.90999984741211,59.44279861450195,8536100,DAL
2025-11-14,58.279998779296875,59.38999938964844,58.02000045776367,58.40999984741211,57.95449447631836,5320800,DAL
2025-11-17,58.150001525878906,58.31999969482422,55.41999816894531,55.7599983215332,55.325157165527344,8424500,DAL
2025-11-18,55.41999816894531,57.43000030517578,55.27000045776367,57.130001068115234,56.684478759765625,6441800,DAL
2025-11-19,57.790000915527344,58.209999084472656,56.369998931884766,56.869998931884766,56.4265022277832,5538400,DAL
2025-11-20,57.720001220703125,58.2400016784668,55.689998626708984,55.970001220703125,55.53352355957031,6229000,DAL
2025-11-21,56.86000061035156,59.5099983215332,56.599998474121094,58.56999969482422,58.113243103027344,9568000,DAL
2025-11-24,59.06999969482422,60.7400016784668,58.20000076293945,60.66999816894531,60.19686508178711,9994900,DAL
2025-11-25,60.5099983215332,62.81999969482422,60.5099983215332,62.150001525878906,61.66532897949219,7753400,DAL
2025-11-26,62.38999938964844,64.80999755859375,62.099998474121094,64.2699966430664,63.768795013427734,8122000,DAL
2025-11-28,64.56999969482422,64.97000122070312,64.0999984741211,64.0999984741211,63.600120544433594,3476200,DAL
2025-12-01,63.38999938964844,64.97000122070312,63.0,64.1500015258789,63.64973068237305,7252600,DAL
2025-12-02,64.4000015258789,65.7300033569336,63.81999969482422,65.13999938964844,64.63201141357422,7337600,DAL
2025-12-03,65.12000274658203,67.62000274658203,65.12000274658203,67.48999786376953,66.96368408203125,10140600,DAL
2025-12-04,67.5999984741211,68.05999755859375,66.87000274658203,67.23999786376953,66.71562957763672,9455900,DAL
2025-12-05,66.75,67.75,66.30000305175781,67.0999984741211,66.57672119140625,7895600,DAL
2025-12-08,67.68000030517578,67.75,66.05000305175781,67.22000122070312,66.69579315185547,9235500,DAL
2025-12-09,66.70999908447266,68.27999877929688,66.30000305175781,67.41000366210938,66.88431549072266,7340400,DAL
2025-12-10,67.69000244140625,69.94999694824219,67.26000213623047,69.93000030517578,69.38465118408203,11823200,DAL
2025-12-11,69.43000030517578,70.72000122070312,69.19000244140625,70.55999755859375,70.0097427368164,9134700,DAL
2025-12-12,70.94999694824219,71.58999633789062,69.62000274658203,69.80999755859375,69.26559448242188,7937900,DAL
2025-12-15,70.76000213623047,71.63999938964844,70.13999938964844,71.2699966430664,70.71420288085938,7993300,DAL
2025-12-16,71.4800033569336,72.33999633789062,70.0999984741211,71.13999938964844,70.5852279663086,10443600,DAL
2025-12-17,70.94000244140625,71.94999694824219,69.51000213623047,69.72000122070312,69.17630004882812,7222300,DAL
2025-12-18,70.81999969482422,70.98999786376953,70.0,70.1500015258789,69.60293579101562,5988000,DAL
2025-12-19,70.23999786376953,71.25,70.0199966430664,71.05999755859375,70.5058364868164,16154200,DAL
2025-12-22,71.5,72.12000274658203,71.16999816894531,72.05999755859375,71.49803924560547,5141600,DAL
2025-12-23,71.79000091552734,71.9000015258789,70.33999633789062,70.5,69.95021057128906,6050300,DAL
2025-12-24,70.51000213623047,71.19000244140625,70.27999877929688,70.95999908447266,70.40663146972656,1821800,DAL
2025-12-26,70.83000183105469,71.20999908447266,70.41000366210938,70.8499984741211,70.2974853515625,2892400,DAL
2025-12-29,70.11000061035156,70.56999969482422,68.79000091552734,69.52999877929688,68.9877700805664,5262500,DAL
2025-12-30,69.48999786376953,69.8499984741211,69.0999984741211,69.33999633789062,68.79925537109375,3807600,DAL
2025-12-31,69.41000366210938,69.69999694824219,68.91000366210938,69.4000015258789,68.85879516601562,3233400,DAL
2026-01-02,69.8499984741211,70.0,68.5,69.05999755859375,68.52143096923828,5115400,DAL
2026-01-05,69.41999816894531,72.8499984741211,69.33000183105469,71.81999969482422,71.25991821289062,9263200,DAL
2026-01-06,71.9800033569336,73.16000366210938,71.12999725341797,72.22000122070312,71.65679931640625,7717900,DAL
2026-01-07,72.73999786376953,73.06999969482422,71.52999877929688,71.6500015258789,71.09123992919922,6399700,DAL
2026-01-08,71.44999694824219,72.33000183105469,71.23999786376953,71.29000091552734,70.73404693603516,4981800,DAL
2026-01-09,71.88999938964844,72.94999694824219,71.16000366210938,72.30999755859375,71.74609375,7971400,DAL
2026-01-12,70.80000305175781,71.37999725341797,69.61000061035156,71.02999877929688,70.47608184814453,10736400,DAL
2026-01-13,68.0999984741211,71.37000274658203,68.0999984741211,69.33000183105469,68.7893295288086,18342700,DAL
2026-01-14,69.38999938964844,70.76000213623047,67.55000305175781,68.48999786376953,67.95588684082031,9529700,DAL
2026-01-15,69.1500015258789,71.37999725341797,69.05999755859375,71.33999633789062,70.78366088867188,8223800,DAL
2026-01-16,71.37000274658203,71.66999816894531,70.06999969482422,70.43000030517578,69.8807601928711,7580100,DAL
2026-01-20,68.77999877929688,69.45999908447266,66.8499984741211,67.45999908447266,66.93391418457031,7740400,DAL
2026-01-21,68.44999694824219,69.94000244140625,68.16000366210938,68.94999694824219,68.41229248046875,9791200,DAL
2026-01-22,69.77999877929688,71.33000183105469,68.37999725341797,68.94999694824219,68.41229248046875,6874500,DAL
2026-01-23,68.2699966430664,68.4800033569336,67.4800033569336,67.95999908447266,67.43002319335938,6400300,DAL
2026-01-26,67.72000122070312,68.12000274658203,67.0,67.5,66.9736099243164,6981900,DAL
2026-01-27,68.12999725341797,68.30000305175781,65.55000305175781,66.13999938964844,65.62420654296875,8097200,DAL
2026-01-28,67.01000213623047,67.20999908447266,65.68000030517578,65.83000183105469,65.31663513183594,6165800,DAL
2026-01-29,65.80999755859375,66.56999969482422,64.47000122070312,66.54000091552734,66.0210952758789,9613500,DAL
2026-01-30,66.19999694824219,66.94000244140625,65.16999816894531,65.88999938964844,65.37615966796875,6680600,DAL
2026-02-02,66.75,69.5,66.08000183105469,69.08000183105469,68.5412826538086,10090600,DAL
2026-02-03,69.8499984741211,71.4800033569336,69.52999877929688,70.44000244140625,69.89067840576172,10014800,DAL
2026-02-04,70.58999633789062,71.94000244140625,68.4000015258789,70.86000061035156,70.30740356445312,9912000,DAL
2026-02-05,70.41000366210938,71.0,69.20999908447266,69.77999877929688,69.23583221435547,5655000,DAL
2026-02-06,70.4800033569336,75.66000366210938,70.26000213623047,75.3499984741211,74.76238250732422,13466800,DAL
2026-02-09,75.19999694824219,75.72000122070312,74.5,75.0,74.41512298583984,7613200,DAL
2026-02-10,74.62999725341797,75.4800033569336,74.44000244140625,74.45999908447266,73.87932586669922,6635000,DAL
2026-02-11,75.08999633789062,76.38999938964844,70.87000274658203,71.41999816894531,70.863037109375,9527800,DAL
2026-02-12,72.0,72.61000061035156,67.7300033569336,69.5,68.95801544189453,9989100,DAL
2026-02-13,69.79000091552734,70.54000091552734,68.33999633789062,69.0,68.4619140625,7381300,DAL
2026-02-17,69.5,71.4000015258789,69.44999694824219,70.8499984741211,70.2974853515625,6936100,DAL
2026-02-18,69.18000030517578,71.72000122070312,68.0,71.11000061035156,70.55545043945312,7742200,DAL
2026-02-19,69.94999694824219,69.98999786376953,67.23999786376953,67.44000244140625,66.91407775878906,8628200,DAL
2026-02-20,67.30999755859375,69.91999816894531,66.8499984741211,69.44000244140625,68.89847564697266,7665200,DAL
2026-02-23,68.5999984741211,69.72000122070312,66.30000305175781,66.87999725341797,66.35843658447266,8154600,DAL
2026-02-24,67.0,70.05999755859375,66.80999755859375,69.2300033569336,68.69012451171875,9027600,DAL
2026-02-25,70.0,70.0999984741211,68.61000061035156,69.37999725341797,68.83894348144531,4899500,DAL
2026-02-26,70.18000030517578,71.55999755859375,69.61000061035156,70.51000213623047,70.15022277832031,7271100,DAL
2026-02-27,67.75,67.75,65.36000061035156,65.69999694824219,65.36476135253906,12371500,DAL
2026-03-02,62.93000030517578,64.80000305175781,61.599998474121094,64.25,63.92216110229492,11728000,DAL
2026-03-03,62.4900016784668,65.6500015258789,61.150001525878906,64.5999984741211,64.27037811279297,11508500,DAL
2026-03-04,64.87000274658203,65.9000015258789,63.720001220703125,63.83000183105469,63.50430679321289,9415200,DAL
2026-03-05,62.0,62.40999984741211,59.16999816894531,61.310001373291016,60.99716567993164,20671100,DAL
2026-03-06,59.31999969482422,59.970001220703125,58.470001220703125,59.0099983215332,58.70889663696289,23029000,DAL
2026-03-09,57.560001373291016,60.63999938964844,55.279998779296875,60.58000183105469,60.27088928222656,28401600,DAL
2026-03-10,60.04999923706055,61.54999923706055,58.470001220703125,59.27000045776367,58.96757125854492,24287100,DAL
2026-03-11,59.529998779296875,59.709999084472656,57.63999938964844,59.13999938964844,58.838233947753906,13719700,DAL
2026-03-12,57.369998931884766,58.470001220703125,57.25,57.939998626708984,57.64435577392578,15013600,DAL
2026-03-13,58.59000015258789,59.04999923706055,57.70000076293945,58.779998779296875,58.48006820678711,12554000,DAL
2026-03-16,59.369998931884766,61.11000061035156,59.13999938964844,60.84000015258789,60.52956008911133,14465500,DAL
2026-03-17,63.459999084472656,65.31999969482422,62.849998474121094,64.83000183105469,64.49920654296875,24657100,DAL
2026-03-18,64.25,65.02999877929688,63.630001068115234,63.810001373291016,63.48440933227539,11810200,DAL
2026-03-19,62.779998779296875,65.72000122070312,62.779998779296875,65.01000213623047,64.67828369140625,12368100,DAL
2026-03-20,64.75,64.91000366210938,62.68000030517578,63.439998626708984,63.116294860839844,17890100,DAL
2026-03-23,66.5199966430664,66.7300033569336,65.01000213623047,65.12999725341797,64.79766845703125,18189300,DAL
2026-03-24,64.0,66.97000122070312,63.540000915527344,66.6500015258789,66.3099136352539,14678300,DAL
2026-03-25,67.01000213623047,68.5999984741211,67.01000213623047,67.98999786376953,67.64307403564453,13239800,DAL
2026-03-26,67.37999725341797,68.02999877929688,66.5199966430664,66.86000061035156,66.51884460449219,11104600,DAL
2026-03-27,66.02999877929688,66.66000366210938,64.47000122070312,64.83000183105469,64.49920654296875,11844400,DAL
2026-03-30,64.45999908447266,65.05999755859375,62.95000076293945,63.189998626708984,62.86756896972656,14631800,DAL
2026-03-31,63.95000076293945,67.38999938964844,63.869998931884766,66.4800033569336,66.14078521728516,17749200,DAL
2026-04-01,67.01000213623047,68.31999969482422,66.9000015258789,67.5999984741211,67.25506591796875,12564300,DAL
2026-04-02,64.9000015258789,67.38999938964844,64.16999816894531,66.76000213623047,66.41934967041016,11240500,DAL
2026-04-06,66.55999755859375,67.81999969482422,65.94000244140625,66.77999877929688,66.43924713134766,8207800,DAL
2026-04-07,65.95999908447266,66.58999633789062,65.05000305175781,65.62000274658203,65.2851791381836,16273700,DAL
2026-04-08,73.0,74.19000244140625,68.08000183105469,68.08000183105469,67.73262023925781,20679500,DAL
2026-04-09,67.63999938964844,69.13999938964844,66.20999908447266,67.83000183105469,67.48389434814453,11636400,DAL
2026-04-10,68.1500015258789,68.62999725341797,67.37999725341797,67.81999969482422,67.47394561767578,8040800,DAL
2026-04-13,66.9000015258789,67.16000366210938,65.76000213623047,67.05000305175781,66.70787811279297,8593800,DAL
2026-04-14,68.5999984741211,72.18000030517578,68.08000183105469,71.69999694824219,71.33414459228516,16227100,DAL
2026-04-15,71.55999755859375,73.4000015258789,70.87000274658203,71.98999786376953,71.62266540527344,12333500,DAL
2026-04-16,71.87000274658203,72.93000030517578,69.66999816894531,69.88999938964844,69.53337860107422,8826100,DAL
2026-04-17,74.41999816894531,75.0199966430664,71.31999969482422,71.72000122070312,71.35404205322266,12765600,DAL
2026-04-20,71.05000305175781,72.25,70.58999633789062,71.20999908447266,70.84664916992188,7616700,DAL
2026-04-21,70.5,71.77999877929688,69.58999633789062,70.22000122070312,69.8616943359375,9904800,DAL
2026-04-22,70.48999786376953,70.80000305175781,68.08000183105469,68.41000366210938,68.0609359741211,7763600,DAL
2026-04-23,68.4800033569336,70.27999877929688,67.45999908447266,68.37000274658203,68.0211410522461,8670600,DAL
2026-04-24,68.7699966430664,69.58000183105469,67.98999786376953,68.44999694824219,68.1007308959961,5999500,DAL
2026-04-27,68.75,69.6500015258789,68.19999694824219,68.19999694824219,67.85200500488281,6457200,DAL
2026-04-28,67.7699966430664,68.38999938964844,66.83999633789062,67.22000122070312,66.87700653076172,7020800,DAL
2026-04-29,66.69999694824219,67.19999694824219,65.81999969482422,66.2699966430664,65.93185424804688,8098700,DAL
2026-04-30,67.30000305175781,68.33000183105469,67.05000305175781,67.98999786376953,67.64307403564453,6294400,DAL
2026-05-01,68.30000305175781,70.75,67.5999984741211,68.9800033569336,68.6280288696289,9132000,DAL
2026-05-04,68.66999816894531,70.38999938964844,67.87000274658203,68.5,68.15047454833984,8584400,DAL
2026-05-05,68.93000030517578,71.33000183105469,68.91000366210938,70.86000061035156,70.4984359741211,8247000,DAL
2026-05-06,74.37999725341797,74.75,72.7300033569336,73.33999633789062,72.96577453613281,9503800,DAL
2026-05-07,74.23999786376953,74.97000122070312,72.30000305175781,73.11000061035156,72.73694610595703,8301300,DAL
2026-05-08,73.43000030517578,73.93000030517578,72.69999694824219,73.33000183105469,72.95582580566406,5073200,DAL
2026-05-11,73.05000305175781,73.08000183105469,71.08999633789062,71.19999694824219,70.8366928100586,6681700,DAL
2026-05-12,70.51000213623047,71.0,70.01000213623047,70.70999908447266,70.34919738769531,5532700,DAL
2026-05-13,70.48999786376953,71.33000183105469,70.12000274658203,71.05000305175781,70.68746948242188,4530500,DAL
2026-05-14,72.0,72.54000091552734,71.01000213623047,71.55000305175781,71.37377166748047,5877500,DAL
2026-05-15,70.52999877929688,70.9800033569336,69.55999755859375,70.2300033569336,70.05702209472656,7336100,DAL
2026-05-18,71.05999755859375,72.52999877929688,69.4800033569336,70.23999786376953,70.0669937133789,6781900,DAL
2026-05-19,69.22000122070312,69.22000122070312,67.76000213623047,67.76000213623047,67.59310913085938,5735900,DAL
2026-05-20,68.6500015258789,74.94999694824219,68.16000366210938,74.12000274658203,73.93743896484375,11954600,DAL
2026-05-21,72.9000015258789,75.69999694824219,72.61000061035156,75.6500015258789,75.46366882324219,8298200,DAL
2026-05-22,76.02999877929688,77.0999984741211,75.51000213623047,76.13999938964844,75.95246124267578,6437100,DAL
2026-05-26,78.19999694824219,79.58999633789062,78.01000213623047,79.38999938964844,79.1944580078125,9492400,DAL
2026-05-27,80.75,83.76000213623047,80.75,81.80000305175781,81.59852600097656,11966100,DAL
2026-05-28,80.9000015258789,83.0,80.33999633789062,82.48999786376953,82.28681945800781,7700700,DAL
2026-05-29,82.94000244140625,83.83000183105469,82.36000061035156,82.4800033569336,82.27684783935547,8224600,DAL
2026-06-01,81.06999969482422,81.83999633789062,79.30000305175781,81.47000122070312,81.26934051513672,7337000,DAL
2026-06-02,81.3499984741211,81.93000030517578,79.61000061035156,80.0199966430664,79.82290649414062,5198800,DAL
2026-06-03,79.69999694824219,79.94000244140625,78.5999984741211,78.77999877929688,78.5859603881836,5275000,DAL
2026-06-04,80.27999877929688,80.44000244140625,78.8499984741211,79.51000213623047,79.31416320800781,4843400,DAL
2026-06-05,79.05999755859375,80.05000305175781,78.54000091552734,79.41999816894531,79.22438049316406,5067600,DAL
2026-06-08,79.5199966430664,80.01000213623047,78.19999694824219,78.20999908447266,78.01736450195312,4692700,DAL
2026-06-09,79.86000061035156,81.80000305175781,78.11000061035156,81.16999816894531,80.9700698852539,7695300,DAL
2026-06-10,79.30999755859375,79.7699966430664,76.43000030517578,76.47000122070312,76.28165435791016,6647300,DAL
2026-06-11,76.51000213623047,81.9800033569336,76.4000015258789,81.83000183105469,81.62844848632812,7975700,DAL
2026-06-12,83.16000366210938,83.44000244140625,80.93000030517578,83.05999755859375,82.85541534423828,6867900,DAL
2026-06-15,86.05000305175781,87.38999938964844,83.88999938964844,84.06999969482422,83.86293029785156,9785300,DAL
2026-06-16,85.0999984741211,85.7300033569336,82.93000030517578,83.13999938964844,82.93521881103516,10288300,DAL
2026-06-17,83.37999725341797,84.05000305175781,81.9000015258789,82.25,82.04741668701172,10340400,DAL
2026-06-18,84.12999725341797,85.04000091552734,83.66999816894531,84.18000030517578,83.97266387939453,14843800,DAL
2026-06-22,84.5,86.62999725341797,84.19000244140625,85.91999816894531,85.7083740234375,7497300,DAL
2026-06-23,84.52999877929688,86.97000122070312,84.25,86.72000122070312,86.50640869140625,6895000,DAL
2026-06-24,88.43000030517578,90.70999908447266,87.63999938964844,90.6500015258789,90.42672729492188,9590600,DAL
2026-06-25,91.45999908447266,95.13999938964844,91.05000305175781,92.11000061035156,91.88313293457031,11815600,DAL
2026-06-26,92.25,93.06999969482422,91.94000244140625,92.56999969482422,92.34199523925781,11457300,DAL
2026-06-29,91.83999633789062,93.2699966430664,91.6500015258789,93.16999816894531,92.94051361083984,6427700,DAL
2026-06-30,93.08000183105469,94.9800033569336,92.38999938964844,93.66000366210938,93.42931365966797,7617400,DAL
2026-07-01,94.47000122070312,94.58999633789062,92.94999694824219,93.05999755859375,92.8307876586914,6114700,DAL
2026-07-02,94.91999816894531,95.68000030517578,91.9800033569336,92.75,92.52155303955078,6074000,DAL
2026-07-06,93.29000091552734,95.52999877929688,91.12999725341797,91.68000030517578,91.45418548583984,6342200,DAL
2026-07-07,91.4800033569336,92.19999694824219,88.16999816894531,88.62999725341797,88.41169738769531,8338700,DAL
2026-07-08,86.79000091552734,87.54000091552734,85.27999877929688,87.29000091552734,87.07500457763672,8721300,DAL
2026-07-09,87.98999786376953,89.58999633789062,87.72000122070312,89.0,89.0,9522200,DAL
2026-07-10,87.94000244140625,89.19999694824219,85.3499984741211,87.38999938964844,87.38999938964844,10939200,DAL
2026-07-13,87.93000030517578,88.08000183105469,85.5,86.19000244140625,86.19000244140625,8573900,DAL
2026-07-14,87.01000213623047,87.08000183105469,84.83000183105469,85.51000213623047,85.51000213623047,6732300,DAL
2026-07-15,86.16000366210938,86.44000244140625,85.30999755859375,85.95999908447266,85.95999908447266,6791100,DAL
2026-07-16,85.30000305175781,87.19000244140625,85.02999877929688,86.69999694824219,86.69999694824219,5884000,DAL
2026-07-17,84.77999877929688,86.0199966430664,83.55999755859375,84.16999816894531,84.16999816894531,6462900,DAL
2026-07-20,84.79000091552734,85.5,83.81999969482422,84.54000091552734,84.54000091552734,6578700,DAL
2026-07-21,85.0,85.33000183105469,83.80999755859375,84.62999725341797,84.62999725341797,4030500,DAL
2026-07-22,83.5199966430664,84.5999984741211,82.9000015258789,83.5199966430664,83.5199966430664,5144800,DAL
2026-07-23,81.05999755859375,82.0999984741211,80.63999938964844,81.97000122070312,81.97000122070312,8061800,DAL
2026-07-24,82.66000366210938,86.01000213623047,82.44000244140625,85.05999755859375,85.05999755859375,5461200,DAL
2026-07-27,86.87000274658203,88.56999969482422,85.73999786376953,86.66999816894531,86.66999816894531,7591100,DAL
2026-07-28,86.91000366210938,89.69000244140625,86.2300033569336,89.37000274658203,89.37000274658203,7214700,DAL
2026-07-29,87.12999725341797,88.51000213623047,86.12000274658203,86.25,86.25,5459800,DAL
2026-07-30,87.83000183105469,89.26000213623047,86.19999694824219,88.58999633789062,88.58999633789062,5717300,DAL
2026-07-31,88.0199966430664,88.58000183105469,87.31999969482422,87.44000244140625,87.44000244140625,4772500,DAL
2026-08-03,89.19999694824219,91.93000030517578,89.19999694824219,91.58999633789062,91.58999633789062,5477100,DAL
