Date,Open,High,Low,Close,Adj Close,Volume,Symbol
2006-08-04,81.62999725341797,83.54000091552734,81.62999725341797,83.54000091552734,46.76921463012695,4263100,LMT
2006-08-07,81.5999984741211,82.25,80.0199966430664,81.19999694824219,45.45914077758789,3243800,LMT
2006-08-08,81.68000030517578,83.05000305175781,81.37999725341797,83.02999877929688,46.48369216918945,3813200,LMT
2006-08-09,83.02999877929688,83.97000122070312,81.20999908447266,81.36000061035156,45.548736572265625,2981400,LMT
2006-08-10,81.5,82.5999984741211,81.22000122070312,82.4000015258789,46.1309814453125,2728900,LMT
2006-08-11,82.5,82.55000305175781,81.5,81.81999969482422,45.806278228759766,1372300,LMT
2006-08-14,82.7300033569336,83.44999694824219,82.2300033569336,83.05000305175781,46.49488830566406,1876500,LMT
2006-08-15,83.3499984741211,83.58000183105469,82.97000122070312,83.26000213623047,46.6124382019043,1843600,LMT
2006-08-16,83.68000030517578,83.87999725341797,83.4000015258789,83.87000274658203,46.953948974609375,2515600,LMT
2006-08-17,83.87000274658203,83.94000244140625,83.4800033569336,83.58000183105469,46.79159927368164,2286600,LMT
2006-08-18,83.33000183105469,83.94000244140625,83.33000183105469,83.55000305175781,46.77479553222656,1384300,LMT
2006-08-21,83.55000305175781,83.83999633789062,82.91999816894531,83.62000274658203,46.813987731933594,1023200,LMT
2006-08-22,83.8499984741211,83.94000244140625,82.97000122070312,83.04000091552734,46.4892578125,1605700,LMT
2006-08-23,83.19000244140625,84.31999969482422,83.04000091552734,84.31999969482422,47.20588302612305,1760800,LMT
2006-08-24,84.30000305175781,84.41999816894531,83.44000244140625,83.44999694824219,46.71882247924805,2213600,LMT
2006-08-25,83.30000305175781,83.4000015258789,82.62000274658203,83.08000183105469,46.51167678833008,2068600,LMT
2006-08-28,83.0,83.94000244140625,83.0,83.91999816894531,46.98192596435547,1638900,LMT
2006-08-29,83.87000274658203,83.98999786376953,83.08000183105469,83.08000183105469,46.51167678833008,2042700,LMT
2006-08-30,82.11000061035156,82.27999877929688,81.41000366210938,82.26000213623047,46.219486236572266,3650600,LMT
2006-08-31,81.8499984741211,83.19999694824219,81.66000366210938,82.5999984741211,46.41054153442383,3710200,LMT
2006-09-01,83.56999969482422,84.29000091552734,82.8499984741211,83.68000030517578,47.017372131347656,3842200,LMT
2006-09-05,83.80000305175781,84.3499984741211,83.29000091552734,83.69999694824219,47.02857971191406,2040500,LMT
2006-09-06,83.69999694824219,83.7699966430664,83.01000213623047,83.25,46.7757682800293,1984500,LMT
2006-09-07,83.3499984741211,83.75,83.02999877929688,83.5,46.91621780395508,1775000,LMT
2006-09-08,83.5999984741211,83.93000030517578,83.41999816894531,83.41999816894531,46.87125778198242,1525600,LMT
2006-09-11,83.0999984741211,83.76000213623047,82.55000305175781,82.76000213623047,46.50044250488281,2295900,LMT
2006-09-12,82.75,82.80999755859375,81.16000366210938,81.69999694824219,45.90486145019531,3758700,LMT
2006-09-13,81.66999816894531,82.33999633789062,80.77999877929688,82.23999786376953,46.20825958251953,2229800,LMT
2006-09-14,82.25,83.27999877929688,82.04000091552734,82.76000213623047,46.50044250488281,1494800,LMT
2006-09-15,83.05000305175781,83.5,82.79000091552734,83.0,46.635284423828125,2511300,LMT
2006-09-18,83.25,83.25,81.83999633789062,81.8499984741211,45.98912048339844,2450700,LMT
2006-09-19,81.58999633789062,82.4000015258789,81.43000030517578,82.2300033569336,46.20265197753906,1679900,LMT
2006-09-20,82.6500015258789,83.30000305175781,82.62000274658203,82.8499984741211,46.551002502441406,1447800,LMT
2006-09-21,82.8499984741211,83.27999877929688,82.22000122070312,82.5199966430664,46.36557388305664,2045700,LMT
2006-09-22,82.7300033569336,83.26000213623047,82.51000213623047,82.8499984741211,46.551002502441406,1176200,LMT
2006-09-25,82.93000030517578,85.0999984741211,82.91000366210938,84.9000015258789,47.702850341796875,2509700,LMT
2006-09-26,85.1500015258789,86.1500015258789,85.08999633789062,85.44000244140625,48.00625991821289,2650700,LMT
2006-09-27,85.3499984741211,86.08999633789062,84.95999908447266,85.13999938964844,47.83768081665039,1876900,LMT
2006-09-28,85.4000015258789,85.7300033569336,84.83999633789062,85.5999984741211,48.09615707397461,1324500,LMT
2006-09-29,86.44999694824219,86.44999694824219,85.68000030517578,86.05999755859375,48.354610443115234,1655700,LMT
2006-10-02,86.4000015258789,87.38999938964844,86.31999969482422,86.94999694824219,48.85468292236328,1775000,LMT
2006-10-03,86.95999908447266,87.94000244140625,86.61000061035156,86.80000305175781,48.77040481567383,1722400,LMT
2006-10-04,86.80000305175781,87.87999725341797,86.66000366210938,87.87999725341797,49.37720489501953,1422400,LMT
2006-10-05,87.87999725341797,87.94000244140625,86.66999816894531,87.76000213623047,49.309791564941406,1915200,LMT
2006-10-06,87.19999694824219,87.52999877929688,86.33000183105469,87.37999725341797,49.09627914428711,1411400,LMT
2006-10-09,87.5,88.70999908447266,87.3499984741211,88.58000183105469,49.7705192565918,1831400,LMT
2006-10-10,88.3499984741211,88.94000244140625,88.06999969482422,88.69999694824219,49.83794021606445,2350000,LMT
2006-10-11,88.69000244140625,88.69000244140625,87.12000274658203,87.80000305175781,49.332271575927734,1891400,LMT
2006-10-12,88.47000122070312,88.68000030517578,88.04000091552734,88.55999755859375,49.759281158447266,2119100,LMT
2006-10-13,88.62999725341797,88.75,88.06999969482422,88.5999984741211,49.781761169433594,1372400,LMT
2006-10-16,88.44000244140625,88.94999694824219,88.12000274658203,88.5999984741211,49.781761169433594,1432400,LMT
2006-10-17,88.5999984741211,88.5999984741211,87.27999877929688,87.55000305175781,49.191795349121094,1483700,LMT
2006-10-18,87.94999694824219,88.4000015258789,87.55999755859375,88.08999633789062,49.49519729614258,1310400,LMT
2006-10-19,88.08999633789062,88.73999786376953,87.45999908447266,87.94000244140625,49.41093063354492,1530900,LMT
2006-10-20,88.11000061035156,88.13999938964844,86.37000274658203,87.0,48.882755279541016,2060900,LMT
2006-10-23,87.0,88.29000091552734,87.0,88.19000244140625,49.55140686035156,1941500,LMT
2006-10-24,89.1500015258789,89.88999938964844,88.01000213623047,89.11000061035156,50.06833267211914,2703300,LMT
2006-10-25,88.5,88.51000213623047,85.86000061035156,86.66999816894531,48.697330474853516,2929700,LMT
2006-10-26,86.4000015258789,86.5,82.69999694824219,85.01000213623047,47.76466751098633,5269800,LMT
2006-10-27,84.5,84.98999786376953,83.73999786376953,84.61000061035156,47.53989028930664,2310600,LMT
2006-10-30,85.8499984741211,87.33999633789062,85.7699966430664,87.02999877929688,48.89961242675781,2672200,LMT
2006-10-31,87.05000305175781,87.13999938964844,86.44999694824219,86.93000030517578,48.84342575073242,1774600,LMT
2006-11-01,87.1500015258789,87.94000244140625,86.9000015258789,87.30999755859375,49.05693054199219,3049400,LMT
2006-11-02,88.0999984741211,88.0999984741211,86.58999633789062,87.05999755859375,48.91647720336914,2002000,LMT
2006-11-03,87.0,87.2699966430664,86.30000305175781,87.0,48.882755279541016,1606200,LMT
2006-11-06,87.33000183105469,88.18000030517578,87.05999755859375,87.69000244140625,49.27046585083008,2948000,LMT
2006-11-07,87.5999984741211,88.11000061035156,87.2699966430664,87.48999786376953,49.15809631347656,1736000,LMT
2006-11-08,86.83000183105469,87.01000213623047,85.18000030517578,86.44999694824219,48.57373809814453,4738600,LMT
2006-11-09,86.44999694824219,86.75,85.16999816894531,85.37000274658203,47.96691131591797,2872800,LMT
2006-11-10,85.12000274658203,86.27999877929688,84.88999938964844,85.75,48.1804313659668,2237200,LMT
2006-11-13,85.51000213623047,87.36000061035156,85.51000213623047,86.86000061035156,48.80410385131836,2726200,LMT
2006-11-14,87.0,88.04000091552734,86.76000213623047,88.04000091552734,49.467124938964844,2219200,LMT
2006-11-15,88.0,88.95999908447266,87.94000244140625,88.54000091552734,49.748043060302734,1805500,LMT
2006-11-16,88.47000122070312,89.7300033569336,88.4000015258789,89.4800033569336,50.276214599609375,1372000,LMT
2006-11-17,89.27999877929688,89.58000183105469,88.93000030517578,89.1500015258789,50.09078598022461,1066100,LMT
2006-11-20,89.97000122070312,89.97000122070312,88.80999755859375,89.2699966430664,50.15822219848633,1447000,LMT
2006-11-21,89.27999877929688,90.05000305175781,88.97000122070312,90.05000305175781,50.59648132324219,1880900,LMT
2006-11-22,90.05000305175781,90.47000122070312,89.0999984741211,89.48999786376953,50.28181838989258,1188700,LMT
2006-11-24,89.3499984741211,89.68000030517578,89.1500015258789,89.33000183105469,50.19194030761719,321900,LMT
2006-11-27,88.94999694824219,89.08999633789062,87.63999938964844,87.81999969482422,49.343502044677734,1349600,LMT
2006-11-28,87.9000015258789,89.75,87.80000305175781,89.6500015258789,50.37171173095703,1743400,LMT
2006-11-29,89.5999984741211,90.79000091552734,89.23999786376953,90.62000274658203,51.11629867553711,1647000,LMT
2006-11-30,91.13999938964844,91.13999938964844,89.20999908447266,90.44999694824219,51.02040481567383,1588700,LMT
2006-12-01,90.55000305175781,90.93000030517578,90.0,90.3499984741211,50.963985443115234,1763300,LMT
2006-12-04,90.1500015258789,92.16000366210938,90.12999725341797,92.13999938964844,51.973690032958984,1391700,LMT
2006-12-05,92.29000091552734,92.68000030517578,91.48999786376953,92.41000366210938,52.12599182128906,2142500,LMT
2006-12-06,92.19000244140625,92.80999755859375,91.81999969482422,92.27999877929688,52.052635192871094,1310500,LMT
2006-12-07,92.58000183105469,92.66999816894531,91.33000183105469,91.63999938964844,51.691646575927734,1037900,LMT
2006-12-08,91.45999908447266,91.83999633789062,90.88999938964844,91.81999969482422,51.7932014465332,1088700,LMT
2006-12-11,91.44999694824219,91.66999816894531,91.05999755859375,91.33000183105469,51.516788482666016,937200,LMT
2006-12-12,91.19999694824219,91.36000061035156,90.61000061035156,90.91999816894531,51.285526275634766,1583200,LMT
2006-12-13,91.18000030517578,91.37000274658203,89.94000244140625,89.94000244140625,50.73273849487305,1753300,LMT
2006-12-14,90.72000122070312,90.87000274658203,89.94999694824219,90.25,50.90760803222656,1646100,LMT
2006-12-15,90.2300033569336,90.36000061035156,89.91000366210938,90.04000091552734,50.7891731262207,2301500,LMT
2006-12-18,90.0199966430664,90.52999877929688,89.8499984741211,90.18000030517578,50.86811065673828,1317100,LMT
2006-12-19,90.05000305175781,92.02999877929688,90.0,91.8499984741211,51.81013870239258,1288500,LMT
2006-12-20,91.5999984741211,92.0999984741211,91.43000030517578,91.5999984741211,51.669090270996094,1531000,LMT
2006-12-21,92.1500015258789,92.5,91.43000030517578,91.94000244140625,51.86088180541992,1372800,LMT
2006-12-22,92.36000061035156,92.44000244140625,91.1500015258789,91.69999694824219,51.725494384765625,770800,LMT
2006-12-26,92.13999938964844,92.55000305175781,91.7699966430664,92.3499984741211,52.09212112426758,849300,LMT
2006-12-27,92.73999786376953,92.94999694824219,92.44999694824219,92.94999694824219,52.43058776855469,756300,LMT
2006-12-28,92.80999755859375,93.23999786376953,92.19000244140625,92.30999755859375,52.0695915222168,741900,LMT
2006-12-29,92.08999633789062,92.68000030517578,91.94999694824219,92.06999969482422,51.9342041015625,911100,LMT
2007-01-03,91.5999984741211,92.51000213623047,91.51000213623047,91.93000030517578,51.85525894165039,1753900,LMT
2007-01-04,92.05000305175781,92.2300033569336,91.08000183105469,91.69000244140625,51.71987533569336,1942900,LMT
2007-01-05,91.69000244140625,92.56999969482422,91.37000274658203,92.0199966430664,51.90598678588867,1954600,LMT
2007-01-08,91.55000305175781,94.19999694824219,91.54000091552734,93.69000244140625,52.84799575805664,2002400,LMT
2007-01-09,94.02999877929688,94.66999816894531,93.25,93.5999984741211,52.79722213745117,1501600,LMT
2007-01-10,93.30000305175781,94.8499984741211,92.86000061035156,94.58000183105469,53.35004425048828,1305100,LMT
2007-01-11,94.55000305175781,95.76000213623047,94.12000274658203,95.66000366210938,53.95924377441406,1949700,LMT
2007-01-12,95.41000366210938,96.68000030517578,95.31999969482422,96.30999755859375,54.32587432861328,1760500,LMT
2007-01-16,96.05000305175781,97.4800033569336,96.02999877929688,97.0,54.71509552001953,1551800,LMT
2007-01-17,97.25,97.41999816894531,96.06999969482422,96.5,54.433067321777344,2229900,LMT
2007-01-18,96.12000274658203,97.37999725341797,96.12000274658203,96.80000305175781,54.602272033691406,1562600,LMT
2007-01-19,96.97000122070312,97.75,96.29000091552734,97.2699966430664,54.867374420166016,1578400,LMT
2007-01-22,97.27999877929688,97.29000091552734,95.5999984741211,96.7699966430664,54.5853385925293,3031700,LMT
2007-01-23,96.69999694824219,98.75,96.5,98.73999786376953,55.696529388427734,3159400,LMT
2007-01-24,98.19999694824219,98.20999908447266,96.5,97.13999938964844,54.79405212402344,3100300,LMT
2007-01-25,98.5,98.75,97.44000244140625,97.44000244140625,54.963260650634766,2715700,LMT
2007-01-26,98.75,98.75,96.20999908447266,96.66999816894531,54.52896499633789,2306300,LMT
2007-01-29,96.33000183105469,96.62000274658203,95.94999694824219,96.05999755859375,54.18489074707031,3140600,LMT
2007-01-30,96.0,96.36000061035156,95.81999969482422,96.23999786376953,54.28639221191406,1851000,LMT
2007-01-31,96.19999694824219,97.30000305175781,96.16000366210938,97.19000244140625,54.822269439697266,1893500,LMT
2007-02-01,96.9000015258789,98.52999877929688,96.72000122070312,98.45999908447266,55.538639068603516,2281900,LMT
2007-02-02,97.8499984741211,99.0,97.58000183105469,98.45999908447266,55.538639068603516,2322000,LMT
2007-02-05,98.0,99.37999725341797,97.86000061035156,99.08000183105469,55.88836669921875,1763800,LMT
2007-02-06,99.38999938964844,101.31999969482422,99.19000244140625,101.29000091552734,57.13497543334961,3627000,LMT
2007-02-07,100.91999816894531,101.83999633789062,100.66999816894531,101.5199966430664,57.264713287353516,2205500,LMT
2007-02-08,101.5199966430664,101.77999877929688,100.66000366210938,100.87999725341797,56.903663635253906,1300000,LMT
2007-02-09,100.76000213623047,101.58999633789062,100.72000122070312,101.16000366210938,57.061641693115234,1075700,LMT
2007-02-12,101.16000366210938,101.93000030517578,101.12999725341797,101.62999725341797,57.32674026489258,1690800,LMT
2007-02-13,101.63999938964844,102.61000061035156,101.5199966430664,102.26000213623047,57.68210983276367,1632200,LMT
2007-02-14,102.37999725341797,102.80999755859375,102.0,102.31999969482422,57.715938568115234,1010100,LMT
2007-02-15,102.13999938964844,103.45999908447266,102.04000091552734,103.33999633789062,58.29130172729492,1233800,LMT
2007-02-16,102.66000366210938,103.26000213623047,101.58000183105469,101.94999694824219,57.50723648071289,1854700,LMT
2007-02-20,101.69999694824219,102.79000091552734,101.44999694824219,102.79000091552734,57.981075286865234,2235300,LMT
2007-02-21,102.76000213623047,103.41999816894531,102.2699966430664,102.55000305175781,57.845726013183594,1242900,LMT
2007-02-22,103.23999786376953,103.5,101.12000274658203,101.55000305175781,57.2816162109375,3377500,LMT
2007-02-23,101.58999633789062,102.31999969482422,101.12999725341797,102.11000061035156,57.597503662109375,1630900,LMT
2007-02-26,102.06999969482422,102.33999633789062,101.0,101.47000122070312,57.23648452758789,1383700,LMT
2007-02-27,101.16000366210938,101.33999633789062,96.33000183105469,97.56999969482422,55.22711181640625,2717300,LMT
2007-02-28,96.75,98.83999633789062,95.83999633789062,97.26000213623047,55.05164337158203,3070100,LMT
2007-03-01,96.25,98.08999633789062,92.68000030517578,97.81999969482422,55.36862564086914,2382400,LMT
2007-03-02,97.66000366210938,97.94000244140625,95.44000244140625,95.44000244140625,54.0214729309082,2296700,LMT
2007-03-05,94.95999908447266,97.54000091552734,94.80000305175781,96.5,54.621463775634766,2866100,LMT
2007-03-06,96.88999938964844,97.5199966430664,96.3499984741211,96.9000015258789,54.847877502441406,1898900,LMT
2007-03-07,96.86000061035156,97.0999984741211,96.30999755859375,96.54000091552734,54.64411544799805,1256100,LMT
2007-03-08,97.4000015258789,97.9800033569336,96.72000122070312,97.18000030517578,55.006351470947266,1324700,LMT
2007-03-09,97.55999755859375,97.83000183105469,96.5999984741211,96.88999938964844,54.842201232910156,1176400,LMT
2007-03-12,96.6500015258789,100.0199966430664,96.6500015258789,100.0,56.60254669189453,2120300,LMT
2007-03-13,99.5199966430664,99.73999786376953,96.87000274658203,96.87000274658203,54.83090591430664,2067900,LMT
2007-03-14,97.08999633789062,98.3499984741211,95.94999694824219,98.13999938964844,55.54976272583008,2120300,LMT
2007-03-15,97.94000244140625,98.27999877929688,97.44999694824219,98.05000305175781,55.4987907409668,1425800,LMT
2007-03-16,98.43000030517578,98.47000122070312,97.72000122070312,97.80000305175781,55.357269287109375,1702800,LMT
2007-03-19,98.0,99.05999755859375,98.0,98.97000122070312,56.01955032348633,1150400,LMT
2007-03-20,98.5999984741211,98.69000244140625,97.75,98.37999725341797,55.68558883666992,1181000,LMT
2007-03-21,98.54000091552734,99.8499984741211,98.38999938964844,99.8499984741211,56.51762390136719,1191800,LMT
2007-03-22,99.5,99.58999633789062,97.76000213623047,97.91000366210938,55.419551849365234,1656800,LMT
2007-03-23,98.0,99.25,97.94000244140625,99.1500015258789,56.121421813964844,1305700,LMT
2007-03-26,99.16000366210938,99.18000030517578,97.5,98.41999816894531,55.70823287963867,1168700,LMT
2007-03-27,98.04000091552734,98.61000061035156,97.33999633789062,98.18000030517578,55.572364807128906,1439800,LMT
2007-03-28,97.66999816894531,98.16999816894531,96.94999694824219,97.18000030517578,55.006351470947266,1365400,LMT
2007-03-29,97.91000366210938,98.48999786376953,97.58999633789062,98.0999984741211,55.527076721191406,1338100,LMT
2007-03-30,98.33999633789062,98.80999755859375,96.72000122070312,97.0199966430664,54.915771484375,1799300,LMT
2007-04-02,97.3499984741211,97.48999786376953,96.33999633789062,96.93000030517578,54.8648567199707,1855100,LMT
2007-04-03,97.23999786376953,97.5999984741211,96.97000122070312,97.27999877929688,55.062965393066406,2212700,LMT
2007-04-04,97.51000213623047,97.70999908447266,96.87999725341797,97.05000305175781,54.93278121948242,1718300,LMT
2007-04-05,96.75,97.04000091552734,96.51000213623047,96.70999908447266,54.74031448364258,1653600,LMT
2007-04-09,96.98999786376953,98.18000030517578,96.87000274658203,98.02999877929688,55.48747253417969,1135200,LMT
2007-04-10,98.4000015258789,98.63999938964844,97.75,98.05000305175781,55.4987907409668,787800,LMT
2007-04-11,98.20999908447266,98.33999633789062,96.4000015258789,96.61000061035156,54.683712005615234,1838600,LMT
2007-04-12,96.0,96.75,95.6500015258789,96.16000366210938,54.42900085449219,2063300,LMT
2007-04-13,96.16000366210938,96.3499984741211,95.62000274658203,96.23999786376953,54.47428894042969,1513400,LMT
2007-04-16,96.33999633789062,96.52999877929688,95.81999969482422,96.0,54.33846664428711,1671200,LMT
2007-04-17,95.98999786376953,96.22000122070312,95.6500015258789,95.95999908447266,54.31581115722656,1526000,LMT
2007-04-18,95.55999755859375,96.7699966430664,95.4800033569336,96.37000274658203,54.547882080078125,1376000,LMT
2007-04-19,96.94999694824219,96.94999694824219,95.33999633789062,95.62999725341797,54.129005432128906,1539200,LMT
2007-04-20,95.98999786376953,96.25,95.37000274658203,95.4000015258789,53.998836517333984,2975100,LMT
2007-04-23,95.41999816894531,97.87999725341797,95.41999816894531,97.06999969482422,54.94408416748047,2219600,LMT
2007-04-24,98.33999633789062,98.33999633789062,93.69000244140625,94.81999969482422,53.6705436706543,4301300,LMT
2007-04-25,94.81999969482422,95.8499984741211,94.0,95.5,54.055442810058594,3758100,LMT
2007-04-26,95.05000305175781,95.25,93.19000244140625,93.5,52.92339324951172,3251200,LMT
2007-04-27,93.80999755859375,96.9000015258789,93.75,96.69000244140625,54.729007720947266,2798700,LMT
2007-04-30,96.5,97.16000366210938,95.98999786376953,96.13999938964844,54.417694091796875,2262600,LMT
2007-05-01,96.4000015258789,96.52999877929688,95.66999816894531,96.2300033569336,54.46864700317383,1602500,LMT
2007-05-02,96.45999908447266,97.0,96.0,96.06999969482422,54.37807083129883,1623900,LMT
2007-05-03,96.4800033569336,96.4800033569336,96.05000305175781,96.4000015258789,54.564849853515625,1296800,LMT
2007-05-04,96.75,97.0,96.2300033569336,96.63999938964844,54.700687408447266,949600,LMT
2007-05-07,97.0,98.16999816894531,96.91999816894531,98.06999969482422,55.510101318359375,1696100,LMT
2007-05-08,97.76000213623047,98.37000274658203,97.12000274658203,98.22000122070312,55.595035552978516,1509700,LMT
2007-05-09,98.20999908447266,99.0,97.80000305175781,98.76000213623047,55.90068817138672,1489600,LMT
2007-05-10,98.69999694824219,99.47000122070312,98.41000366210938,98.5999984741211,55.81012725830078,2169100,LMT
2007-05-11,98.66000366210938,99.5,98.44999694824219,98.83999633789062,55.945953369140625,1460400,LMT
2007-05-14,98.68000030517578,99.25,98.30000305175781,99.19999694824219,56.14971160888672,1349000,LMT
2007-05-15,99.19999694824219,100.05000305175781,99.08000183105469,99.51000213623047,56.32518768310547,2365300,LMT
2007-05-16,99.79000091552734,100.0999984741211,99.22000122070312,99.63999938964844,56.398807525634766,1537300,LMT
2007-05-17,99.30000305175781,99.47000122070312,98.36000061035156,98.44999694824219,55.725196838378906,1381800,LMT
2007-05-18,98.5999984741211,98.66000366210938,97.93000030517578,98.16000366210938,55.561065673828125,1363200,LMT
2007-05-21,97.80999755859375,99.37000274658203,97.80000305175781,98.79000091552734,55.917640686035156,1883400,LMT
2007-05-22,97.70999908447266,97.70999908447266,94.0,94.22000122070312,53.3309211730957,4822300,LMT
2007-05-23,94.20999908447266,94.88999938964844,94.08999633789062,94.36000061035156,53.410152435302734,3215000,LMT
2007-05-24,94.75,96.62999725341797,94.55000305175781,96.20999908447266,54.45732498168945,4232500,LMT
2007-05-25,96.18000030517578,97.91999816894531,96.18000030517578,97.01000213623047,54.91012954711914,2182800,LMT
2007-05-29,97.0199966430664,98.43000030517578,96.8499984741211,98.30000305175781,55.64030456542969,2082900,LMT
2007-05-30,98.30000305175781,98.55999755859375,96.86000061035156,98.22000122070312,55.79368591308594,1922000,LMT
2007-05-31,98.62000274658203,98.62000274658203,97.20999908447266,98.0999984741211,55.72551345825195,1589800,LMT
2007-06-01,98.2300033569336,98.5999984741211,97.08999633789062,97.43000030517578,55.344932556152344,1559200,LMT
2007-06-04,96.9800033569336,97.41000366210938,96.8499984741211,97.19999694824219,55.214271545410156,1076400,LMT
2007-06-05,96.69999694824219,96.69999694824219,95.11000061035156,96.19999694824219,54.64620590209961,2224900,LMT
2007-06-06,96.19000244140625,96.98999786376953,95.94999694824219,96.6500015258789,54.901832580566406,2556000,LMT
2007-06-07,97.54000091552734,99.3499984741211,95.25,95.25,54.10658645629883,2227800,LMT
2007-06-08,95.38999938964844,96.88999938964844,95.0199966430664,96.88999938964844,55.038143157958984,1802900,LMT
2007-06-11,97.0,97.05999755859375,96.12000274658203,96.25,54.67463302612305,1440100,LMT
2007-06-12,95.80000305175781,95.94000244140625,95.16999816894531,95.25,54.10658645629883,1782300,LMT
2007-06-13,95.4000015258789,95.56999969482422,94.54000091552734,95.54000091552734,54.27131652832031,2548300,LMT
2007-06-14,95.9000015258789,97.45999908447266,95.12000274658203,97.20999908447266,55.219947814941406,1892800,LMT
2007-06-15,97.55000305175781,97.79000091552734,96.33999633789062,96.55000305175781,54.845054626464844,1865900,LMT
2007-06-18,97.0999984741211,97.41999816894531,95.20999908447266,95.31999969482422,54.146331787109375,1576300,LMT
2007-06-19,95.13999938964844,96.98999786376953,95.13999938964844,96.80000305175781,54.98704528808594,1903400,LMT
2007-06-20,96.80000305175781,97.05999755859375,95.0,95.08999633789062,54.015689849853516,1665800,LMT
2007-06-21,94.8499984741211,95.3499984741211,94.6500015258789,95.08999633789062,54.015689849853516,2235700,LMT
2007-06-22,94.93000030517578,95.0,93.13999938964844,93.38999938964844,53.05000305175781,2308600,LMT
2007-06-25,93.7699966430664,94.33000183105469,93.31999969482422,94.0199966430664,53.40786361694336,1918700,LMT
2007-06-26,94.41999816894531,94.9000015258789,93.72000122070312,94.19000244140625,53.50445556640625,2119600,LMT
2007-06-27,93.55000305175781,94.75,93.37999725341797,94.41999816894531,53.635108947753906,1594200,LMT
2007-06-28,93.58000183105469,94.30000305175781,93.05999755859375,93.4000015258789,53.05568313598633,2249900,LMT
2007-06-29,93.5999984741211,94.98999786376953,93.44999694824219,94.12999725341797,53.47034454345703,2071800,LMT
2007-07-02,94.66999816894531,95.37999725341797,94.12000274658203,94.66000366210938,53.77142333984375,1628400,LMT
2007-07-03,95.33000183105469,95.87000274658203,94.97000122070312,95.47000122070312,54.23154830932617,672200,LMT
2007-07-05,95.8499984741211,97.05999755859375,95.52999877929688,96.69999694824219,54.93027114868164,1857800,LMT
2007-07-06,96.5999984741211,96.95999908447266,96.25,96.62999725341797,54.89048385620117,1174900,LMT
2007-07-09,96.43000030517578,97.58999633789062,96.43000030517578,96.95999908447266,55.077938079833984,1148800,LMT
2007-07-10,96.3499984741211,96.5,94.18000030517578,94.18000030517578,53.49875259399414,2076500,LMT
2007-07-11,94.20999908447266,95.16000366210938,94.11000061035156,94.58999633789062,53.73167037963867,1339800,LMT
2007-07-12,95.4000015258789,97.38999938964844,94.58999633789062,97.38999938964844,55.32218551635742,1931200,LMT
2007-07-13,97.5,97.69000244140625,96.5999984741211,97.33999633789062,55.29378890991211,1281600,LMT
2007-07-16,96.80000305175781,97.0199966430664,96.12000274658203,96.80000305175781,54.98704528808594,1299200,LMT
2007-07-17,96.4800033569336,99.13999938964844,96.20999908447266,98.55999755859375,55.986820220947266,1910000,LMT
2007-07-18,98.33000183105469,98.7699966430664,96.9000015258789,98.48999786376953,55.94703674316406,2072300,LMT
2007-07-19,98.8499984741211,99.18000030517578,98.55000305175781,98.9800033569336,56.22538757324219,1559400,LMT
2007-07-20,98.13999938964844,99.16999816894531,97.27999877929688,97.88999938964844,55.60621643066406,1721500,LMT
2007-07-23,98.68000030517578,99.9000015258789,98.27999877929688,99.5199966430664,56.53213882446289,1685500,LMT
2007-07-24,102.0,107.33000183105469,100.41999816894531,103.08999633789062,58.56007766723633,8506200,LMT
2007-07-25,104.2300033569336,104.69000244140625,100.26000213623047,101.9000015258789,57.88410186767578,4656600,LMT
2007-07-26,102.38999938964844,104.19999694824219,99.3499984741211,100.58000183105469,57.13430404663086,6121400,LMT
2007-07-27,100.37999725341797,101.12000274658203,99.2699966430664,99.27999877929688,56.39581298828125,2364600,LMT
2007-07-30,100.0999984741211,101.62999725341797,99.7699966430664,100.5,57.08883285522461,3175300,LMT
2007-07-31,101.5,102.16000366210938,98.4800033569336,98.4800033569336,55.94137954711914,2841100,LMT
2007-08-01,98.87000274658203,102.4000015258789,98.55000305175781,101.69999694824219,57.770469665527344,2775000,LMT
2007-08-02,102.0,102.76000213623047,101.18000030517578,102.37999725341797,58.1567497253418,3131500,LMT
2007-08-03,101.68000030517578,102.61000061035156,99.37000274658203,99.37000274658203,56.446929931640625,2296500,LMT
2007-08-06,99.91000366210938,101.12999725341797,99.37999725341797,100.8499984741211,57.28762435913086,1937400,LMT
2007-08-07,100.19999694824219,100.25,97.6500015258789,98.26000213623047,55.8164176940918,3053000,LMT
2007-08-08,98.5199966430664,98.69000244140625,93.68000030517578,94.66999816894531,53.77711486816406,5364800,LMT
2007-08-09,94.5,95.5999984741211,91.19000244140625,91.36000061035156,51.89686965942383,7594900,LMT
2007-08-10,90.31999969482422,95.93000030517578,88.86000061035156,94.30999755859375,53.57261657714844,6694000,LMT
2007-08-13,95.63999938964844,99.44999694824219,95.63999938964844,98.0,55.668704986572266,3994400,LMT
2007-08-14,98.08000183105469,98.33000183105469,95.51000213623047,96.05999755859375,54.566707611083984,2764000,LMT
2007-08-15,96.75,97.16999816894531,94.6500015258789,94.83000183105469,53.868011474609375,2378100,LMT
2007-08-16,93.61000061035156,96.1500015258789,92.69000244140625,95.5,54.248573303222656,4047400,LMT
2007-08-17,98.4800033569336,98.4800033569336,95.27999877929688,96.22000122070312,54.65756607055664,2729200,LMT
2007-08-20,96.0,96.97000122070312,94.83999633789062,96.19999694824219,54.64620590209961,1548300,LMT
2007-08-21,95.0999984741211,96.61000061035156,94.8499984741211,95.51000213623047,54.25425720214844,1493600,LMT
2007-08-22,95.30999755859375,98.26000213623047,95.30999755859375,97.79000091552734,55.54940414428711,2522200,LMT
2007-08-23,98.0,98.75,96.27999877929688,96.93000030517578,55.06090545654297,1667100,LMT
2007-08-24,97.33999633789062,100.0199966430664,97.1500015258789,100.0199966430664,56.81617736816406,1834600,LMT
2007-08-27,99.5,102.5,99.12000274658203,102.41000366210938,58.17380142211914,2416900,LMT
2007-08-28,102.13999938964844,102.13999938964844,97.73999786376953,97.79000091552734,55.54940414428711,4124500,LMT
2007-08-29,98.61000061035156,99.77999877929688,98.51000213623047,99.70999908447266,56.64006042480469,2146300,LMT
2007-08-30,99.70999908447266,99.70999908447266,98.3499984741211,98.6500015258789,56.23532485961914,1758200,LMT
2007-08-31,99.77999877929688,100.33000183105469,98.9800033569336,99.13999938964844,56.514644622802734,1439100,LMT
2007-09-04,99.25,99.25,97.61000061035156,98.81999969482422,56.33222961425781,1787500,LMT
2007-09-05,98.55999755859375,99.23999786376953,97.38999938964844,98.87000274658203,56.360748291015625,2132500,LMT
2007-09-06,98.86000061035156,99.2300033569336,97.80999755859375,98.38999938964844,56.087120056152344,1436300,LMT
2007-09-07,97.5,98.25,96.47000122070312,96.63999938964844,55.08955764770508,2133300,LMT
2007-09-10,96.9000015258789,98.4000015258789,96.70999908447266,97.51000213623047,55.58546829223633,1707900,LMT
2007-09-11,97.87999725341797,98.52999877929688,94.97000122070312,97.98999786376953,55.85911560058594,1663200,LMT
2007-09-12,97.69999694824219,98.87000274658203,97.0,97.62000274658203,55.64818572998047,1628500,LMT
2007-09-13,98.6500015258789,100.16000366210938,98.37000274658203,99.63999938964844,56.799720764160156,2229500,LMT
2007-09-14,99.2300033569336,101.56999969482422,98.7300033569336,101.33999633789062,57.76878356933594,2251300,LMT
2007-09-17,100.33999633789062,101.2300033569336,99.06999969482422,99.41000366210938,56.668575286865234,2619900,LMT
2007-09-18,100.94999694824219,102.16000366210938,100.27999877929688,102.0999984741211,58.20197677612305,2286400,LMT
2007-09-19,101.86000061035156,103.38999938964844,100.83000183105469,101.19000244140625,57.683258056640625,2272100,LMT
2007-09-20,100.98999786376953,101.88999938964844,100.69000244140625,101.04000091552734,57.59777069091797,1660100,LMT
2007-09-21,101.98999786376953,103.47000122070312,101.04000091552734,103.19999694824219,58.82903289794922,2877000,LMT
2007-09-24,103.80999755859375,104.01000213623047,102.08999633789062,102.3499984741211,58.34450149536133,2102300,LMT
2007-09-25,102.30000305175781,105.12000274658203,102.27999877929688,104.95999908447266,59.83236312866211,2604900,LMT
2007-09-26,105.11000061035156,107.0,104.41999816894531,105.72000122070312,60.26557159423828,3564200,LMT
2007-09-27,105.58999633789062,106.88999938964844,103.80999755859375,106.79000091552734,60.875545501708984,4207100,LMT
2007-09-28,106.8499984741211,108.75,106.48999786376953,108.48999786376953,61.844600677490234,2847300,LMT
2007-10-01,108.1500015258789,109.86000061035156,108.05999755859375,108.73999786376953,61.98713684082031,3328300,LMT
2007-10-02,109.01000213623047,110.30999755859375,107.33000183105469,107.79000091552734,61.44557571411133,3313400,LMT
2007-10-03,107.11000061035156,107.4800033569336,106.63999938964844,106.94999694824219,60.966739654541016,1833200,LMT
2007-10-04,107.55000305175781,109.9000015258789,107.05000305175781,109.0,62.13533401489258,2640800,LMT
2007-10-05,109.75,109.98999786376953,108.30000305175781,108.69999694824219,61.964324951171875,1841000,LMT
2007-10-08,108.4000015258789,109.56999969482422,108.0199966430664,109.0,62.13533401489258,1342100,LMT
2007-10-09,109.16999816894531,111.76000213623047,109.01000213623047,111.4000015258789,63.503440856933594,2812900,LMT
2007-10-10,110.97000122070312,112.0,109.8499984741211,110.73999786376953,63.12724304199219,3252300,LMT
2007-10-11,111.5999984741211,113.73999786376953,111.44000244140625,111.87999725341797,63.777095794677734,2600700,LMT
2007-10-12,111.87000274658203,112.05999755859375,110.76000213623047,111.66999816894531,63.65736770629883,1729100,LMT
2007-10-15,111.97000122070312,112.11000061035156,109.56999969482422,110.69999694824219,63.10441589355469,1562700,LMT
2007-10-16,110.87999725341797,111.0,109.56999969482422,110.68000030517578,63.0930290222168,1689200,LMT
2007-10-17,111.68000030517578,111.68000030517578,108.56999969482422,109.93000030517578,62.66547775268555,2032300,LMT
2007-10-18,109.87000274658203,111.04000091552734,108.20999908447266,109.01000213623047,62.14104080200195,1758900,LMT
2007-10-19,108.45999908447266,108.98999786376953,106.0,106.16000366210938,60.51640319824219,2921100,LMT
2007-10-22,105.4000015258789,107.80999755859375,103.63999938964844,107.23999786376953,61.13204574584961,2408200,LMT
2007-10-23,107.76000213623047,108.38999938964844,106.18000030517578,106.97000122070312,60.978145599365234,2459500,LMT
2007-10-24,106.16000366210938,108.9000015258789,103.33000183105469,108.0199966430664,61.576698303222656,2437500,LMT
2007-10-25,108.4000015258789,111.0,107.75,110.1500015258789,62.7909049987793,2771500,LMT
2007-10-26,110.5999984741211,111.0999984741211,107.5,108.61000061035156,61.912994384765625,2089000,LMT
2007-10-29,108.12000274658203,109.73999786376953,108.0999984741211,109.23999786376953,62.27216720581055,1367700,LMT
2007-10-30,109.01000213623047,110.05999755859375,107.86000061035156,108.23999786376953,61.70210266113281,1720200,LMT
2007-10-31,108.83000183105469,110.27999877929688,107.75,110.04000091552734,62.728179931640625,2746700,LMT
2007-11-01,109.0,110.51000213623047,108.55000305175781,108.83000183105469,62.03843307495117,1893900,LMT
2007-11-02,110.05999755859375,110.8499984741211,108.77999877929688,110.12000274658203,62.77381134033203,1690300,LMT
2007-11-05,108.0,110.72000122070312,108.0,109.4000015258789,62.36335372924805,1787400,LMT
2007-11-06,109.41999816894531,109.98999786376953,107.79000091552734,109.44999694824219,62.391849517822266,2176000,LMT
2007-11-07,109.63999938964844,110.08000183105469,107.9000015258789,108.08000183105469,61.610904693603516,1996500,LMT
2007-11-08,107.0999984741211,108.88999938964844,105.87000274658203,107.18000030517578,61.09783935546875,2773900,LMT
2007-11-09,105.9800033569336,110.73999786376953,105.9800033569336,109.3499984741211,62.334861755371094,3166100,LMT
2007-11-12,109.37999725341797,110.37999725341797,107.6500015258789,108.7300033569336,61.98141860961914,2574800,LMT
2007-11-13,109.08999633789062,112.33999633789062,108.98999786376953,112.25,63.98801803588867,3200500,LMT
2007-11-14,113.0,113.0,110.81999969482422,111.9000015258789,63.78847885131836,3076500,LMT
2007-11-15,111.68000030517578,112.5,110.80999755859375,112.08000183105469,63.891090393066406,2405600,LMT
2007-11-16,113.0,113.0,110.04000091552734,111.37000274658203,63.48637008666992,2274500,LMT
2007-11-19,110.44999694824219,112.51000213623047,110.44999694824219,111.2300033569336,63.40653610229492,3037400,LMT
2007-11-20,111.30000305175781,111.69999694824219,108.26000213623047,109.87000274658203,62.63130569458008,3031700,LMT
2007-11-21,109.18000030517578,109.7300033569336,108.27999877929688,108.27999877929688,61.72489929199219,2295900,LMT
2007-11-23,108.77999877929688,111.08999633789062,108.16999816894531,111.01000213623047,63.28116226196289,850800,LMT
2007-11-26,110.79000091552734,112.04000091552734,107.80000305175781,108.16999816894531,61.66220474243164,1939400,LMT
2007-11-27,108.51000213623047,109.80000305175781,107.22000122070312,108.23999786376953,61.70210266113281,2871300,LMT
2007-11-28,109.2699966430664,111.55999755859375,108.0,111.2300033569336,63.40653610229492,2461700,LMT
2007-11-29,110.6500015258789,112.93000030517578,109.91000366210938,112.0,64.08747863769531,2075700,LMT
2007-11-30,113.12000274658203,113.5,110.12999725341797,110.66999816894531,63.326446533203125,2282900,LMT
2007-12-03,111.44999694824219,111.93000030517578,109.7699966430664,109.77999877929688,62.81719207763672,2252500,LMT
2007-12-04,109.33999633789062,110.70999908447266,108.95999908447266,109.12000274658203,62.43950653076172,2065200,LMT
2007-12-05,109.91000366210938,111.25,108.80999755859375,109.13999938964844,62.450927734375,1886000,LMT
2007-12-06,109.0999984741211,110.5199966430664,107.77999877929688,110.37000274658203,63.154781341552734,2072300,LMT
2007-12-07,110.3499984741211,111.36000061035156,109.75,111.01000213623047,63.520999908447266,1457000,LMT
2007-12-10,111.54000091552734,111.54000091552734,109.81999969482422,110.72000122070312,63.35507583618164,1250200,LMT
2007-12-11,110.79000091552734,111.5,107.52999877929688,107.76000213623047,61.66130065917969,1833500,LMT
2007-12-12,108.01000213623047,109.69999694824219,107.31999969482422,108.30999755859375,61.97603225708008,3086500,LMT
2007-12-13,107.73999786376953,109.77999877929688,107.73999786376953,109.29000091552734,62.536800384521484,1717300,LMT
2007-12-14,108.5,111.12999725341797,108.30000305175781,110.4800033569336,63.21772766113281,1957600,LMT
2007-12-17,109.77999877929688,110.73999786376953,108.77999877929688,108.91000366210938,62.31935119628906,2100100,LMT
2007-12-18,109.4800033569336,110.20999908447266,107.5,108.18000030517578,61.901668548583984,2604000,LMT
2007-12-19,108.94000244140625,108.94000244140625,107.02999877929688,108.25,61.94166946411133,2375900,LMT
2007-12-20,108.81999969482422,108.81999969482422,106.33000183105469,107.72000122070312,61.63842010498047,1835200,LMT
2007-12-21,108.76000213623047,110.52999877929688,108.36000061035156,110.4800033569336,63.21772766113281,2314700,LMT
2007-12-24,110.01000213623047,111.68000030517578,110.01000213623047,111.27999877929688,63.67551803588867,456800,LMT
2007-12-26,111.0,111.45999908447266,108.9000015258789,109.52999877929688,62.67410659790039,981900,LMT
2007-12-27,109.30000305175781,109.43000030517578,107.54000091552734,107.72000122070312,61.63842010498047,1208500,LMT
2007-12-28,107.55999755859375,108.83999633789062,106.3499984741211,106.77999877929688,61.100547790527344,1488800,LMT
2007-12-31,106.30999755859375,107.25,105.26000213623047,105.26000213623047,60.23079299926758,1329500,LMT
2008-01-02,105.7699966430664,107.19999694824219,104.94000244140625,105.3499984741211,60.28227233886719,2753000,LMT
2008-01-03,105.48999786376953,108.80999755859375,104.70999908447266,107.93000030517578,61.758602142333984,2435800,LMT
2008-01-04,107.2300033569336,107.37000274658203,105.62999725341797,106.5,60.9403076171875,2319100,LMT
2008-01-07,107.36000061035156,107.94000244140625,104.93000030517578,106.26000213623047,60.803016662597656,2749500,LMT
2008-01-08,106.26000213623047,108.20999908447266,106.16999816894531,106.30000305175781,60.825897216796875,3160500,LMT
2008-01-09,106.87999725341797,108.7699966430664,106.41999816894531,108.52999877929688,62.10190200805664,2602400,LMT
2008-01-10,107.93000030517578,109.87999725341797,107.31999969482422,108.54000091552734,62.10761260986328,2639600,LMT
2008-01-11,107.58000183105469,110.25,107.5,109.45999908447266,62.63408660888672,3117000,LMT
2008-01-14,110.12000274658203,110.12000274658203,107.1500015258789,108.08999633789062,61.85013961791992,2724500,LMT
2008-01-15,106.97000122070312,108.62999725341797,106.37999725341797,106.80999755859375,61.11769104003906,3033600,LMT
2008-01-16,106.11000061035156,107.0999984741211,105.16000366210938,105.86000061035156,60.57413101196289,3042400,LMT
2008-01-17,105.97000122070312,107.12000274658203,101.93000030517578,102.1500015258789,58.45122146606445,3592600,LMT
2008-01-18,102.6500015258789,104.33000183105469,101.06999969482422,101.87999725341797,58.29671096801758,3291200,LMT
2008-01-22,97.01000213623047,102.18000030517578,90.44000244140625,101.0199966430664,57.80461502075195,4440500,LMT
2008-01-23,98.30999755859375,102.04000091552734,97.05999755859375,101.69000244140625,58.187992095947266,3977200,LMT
2008-01-24,102.73999786376953,106.80999755859375,102.11000061035156,105.9000015258789,60.5970344543457,3713600,LMT
2008-01-25,107.06999969482422,107.06999969482422,104.97000122070312,105.48999786376953,60.362369537353516,3280100,LMT
2008-01-28,105.43000030517578,107.05000305175781,105.43000030517578,106.87000274658203,61.15205383300781,2832200,LMT
2008-01-29,107.0199966430664,107.47000122070312,105.9000015258789,106.44000244140625,60.90599822998047,1992000,LMT
2008-01-30,106.91999816894531,108.44999694824219,106.2699966430664,106.52999877929688,60.957523345947266,2171900,LMT
2008-01-31,105.30999755859375,108.3499984741211,104.5999984741211,107.91999816894531,61.752872467041016,2894100,LMT
2008-02-01,108.16999816894531,109.80000305175781,106.87000274658203,108.12000274658203,61.867332458496094,2658200,LMT
2008-02-04,108.1500015258789,110.1500015258789,106.01000213623047,109.77999877929688,62.81719207763672,2666700,LMT
2008-02-05,109.3499984741211,109.66000366210938,107.13999938964844,107.7699966430664,61.667049407958984,2364800,LMT
2008-02-06,108.72000122070312,108.72000122070312,105.18000030517578,105.5999984741211,60.42532730102539,2369400,LMT
2008-02-07,104.94999694824219,106.94000244140625,104.62000274658203,105.83000183105469,60.55696105957031,2981000,LMT
2008-02-08,105.81999969482422,106.26000213623047,104.76000213623047,105.76000213623047,60.516910552978516,1725800,LMT
2008-02-11,105.54000091552734,107.79000091552734,105.52999877929688,107.61000061035156,61.57548522949219,1583300,LMT
2008-02-12,108.05999755859375,108.05999755859375,106.5999984741211,107.20999908447266,61.34659194946289,2208900,LMT
2008-02-13,107.20999908447266,109.1500015258789,107.01000213623047,108.87000274658203,62.296417236328125,1871400,LMT
2008-02-14,108.73999786376953,109.5,106.5999984741211,107.0999984741211,61.28365707397461,1293300,LMT
2008-02-15,107.06999969482422,107.5199966430664,105.0,105.76000213623047,60.516910552978516,2095600,LMT
2008-02-19,106.76000213623047,108.0,105.80999755859375,107.33999633789062,61.42100143432617,1814800,LMT
2008-02-20,106.61000061035156,107.31999969482422,105.8499984741211,107.06999969482422,61.2664909362793,1270300,LMT
2008-02-21,107.23999786376953,107.94000244140625,104.73999786376953,105.0,60.081993103027344,2958700,LMT
2008-02-22,105.2699966430664,105.51000213623047,103.16999816894531,105.12000274658203,60.150665283203125,1678600,LMT
2008-02-25,105.38999938964844,106.63999938964844,104.27999877929688,106.62999725341797,61.014678955078125,1749500,LMT
2008-02-26,105.9000015258789,106.44999694824219,105.33000183105469,105.94999694824219,60.625614166259766,1712800,LMT
2008-02-27,105.4000015258789,106.72000122070312,105.11000061035156,105.36000061035156,60.28804397583008,1693800,LMT
2008-02-28,104.6500015258789,105.80000305175781,103.6500015258789,105.16000366210938,60.414398193359375,1833500,LMT
2008-02-29,104.0,104.33000183105469,102.87000274658203,103.19999694824219,59.28840637207031,1958900,LMT
2008-03-03,103.2699966430664,104.0,102.41000366210938,104.0,59.74800491333008,1731000,LMT
2008-03-04,102.5999984741211,104.08999633789062,102.12999725341797,103.72000122070312,59.58713150024414,1872900,LMT
2008-03-05,103.5999984741211,104.9000015258789,102.88999938964844,104.70999908447266,60.15586471557617,2059400,LMT
2008-03-06,103.4000015258789,104.93000030517578,103.4000015258789,104.1500015258789,59.83417892456055,1927600,LMT
2008-03-07,103.12999725341797,104.5999984741211,102.7699966430664,103.18000030517578,59.27688217163086,1736300,LMT
2008-03-10,102.29000091552734,103.01000213623047,100.1500015258789,100.31999969482422,57.63383102416992,2369800,LMT
2008-03-11,100.05999755859375,101.69999694824219,99.37000274658203,101.66000366210938,58.403648376464844,3281800,LMT
2008-03-12,102.0,102.18000030517578,100.12000274658203,100.44999694824219,57.708526611328125,1985300,LMT
2008-03-13,99.55000305175781,101.4000015258789,98.5,101.11000061035156,58.08767318725586,2132700,LMT
2008-03-14,101.9800033569336,102.68000030517578,99.01000213623047,100.54000091552734,57.76020812988281,2891700,LMT
2008-03-17,98.3499984741211,101.11000061035156,98.3499984741211,100.05000305175781,57.47870635986328,3285300,LMT
2008-03-18,101.75,101.75,99.91000366210938,101.55000305175781,58.340476989746094,3538000,LMT
2008-03-19,101.83999633789062,103.25,100.70999908447266,100.70999908447266,57.85789108276367,2353200,LMT
2008-03-20,100.8499984741211,101.8499984741211,98.44999694824219,100.05000305175781,57.47870635986328,3444100,LMT
2008-03-24,100.26000213623047,101.30999755859375,99.7699966430664,100.77999877929688,57.898101806640625,1710900,LMT
2008-03-25,101.2699966430664,102.29000091552734,100.0,102.0,58.598968505859375,1363800,LMT
2008-03-26,101.66999816894531,101.66999816894531,100.55999755859375,101.2300033569336,58.1566276550293,1361300,LMT
2008-03-27,101.5999984741211,101.5999984741211,99.9000015258789,100.04000091552734,57.472965240478516,1336600,LMT
2008-03-28,100.37999725341797,100.88999938964844,99.76000213623047,100.18000030517578,57.55338668823242,1552200,LMT
2008-03-31,100.33999633789062,100.61000061035156,98.44000244140625,99.30000305175781,57.0478401184082,2439400,LMT
2008-04-01,99.95999908447266,101.51000213623047,99.27999877929688,101.33000183105469,58.214080810546875,2040000,LMT
2008-04-02,101.22000122070312,102.0,100.02999877929688,100.20999908447266,57.57063293457031,2501500,LMT
2008-04-03,99.80999755859375,100.12000274658203,98.5,99.02999877929688,56.89271545410156,3389500,LMT
2008-04-04,99.54000091552734,101.33999633789062,99.0,100.80999755859375,57.915313720703125,2384800,LMT
2008-04-07,101.58000183105469,102.83000183105469,101.06999969482422,102.25,58.742584228515625,2555300,LMT
2008-04-08,102.25,104.13999938964844,102.25,103.48999786376953,59.45498275756836,2658400,LMT
2008-04-09,103.4000015258789,104.20999908447266,102.55999755859375,103.11000061035156,59.23667907714844,1531000,LMT
2008-04-10,103.31999969482422,103.31999969482422,102.3499984741211,102.80999755859375,59.0643424987793,1258000,LMT
2008-04-11,102.44999694824219,103.69999694824219,101.87999725341797,103.01000213623047,59.17921447753906,1492200,LMT
2008-04-14,102.7699966430664,104.08000183105469,102.7699966430664,103.31999969482422,59.35731506347656,1305400,LMT
2008-04-15,104.18000030517578,104.18000030517578,101.91000366210938,103.11000061035156,59.23667907714844,1956000,LMT
2008-04-16,103.12000274658203,104.6500015258789,103.0,104.6500015258789,60.121402740478516,2064900,LMT
2008-04-17,104.13999938964844,105.1500015258789,104.0,104.36000061035156,59.954811096191406,1303700,LMT
2008-04-18,105.69000244140625,106.45999908447266,105.08999633789062,106.23999786376953,61.03486633300781,1714800,LMT
2008-04-21,106.16000366210938,106.5999984741211,104.80999755859375,106.56999969482422,61.22446060180664,1481200,LMT
2008-04-22,103.87999725341797,105.25,103.18000030517578,103.79000091552734,59.62733459472656,2116300,LMT
2008-04-23,103.98999786376953,108.0,103.79000091552734,107.87999725341797,61.97704315185547,2638100,LMT
2008-04-24,107.16999816894531,107.52999877929688,105.87000274658203,106.5999984741211,61.24164962768555,1681200,LMT
2008-04-25,106.88999938964844,107.9800033569336,106.19000244140625,107.62999725341797,61.83342361450195,1202100,LMT
2008-04-28,107.01000213623047,108.30999755859375,106.41000366210938,106.6500015258789,61.27042007446289,1562500,LMT
2008-04-29,106.30999755859375,107.08000183105469,105.55000305175781,105.88999938964844,60.83378982543945,1500700,LMT
2008-04-30,106.1500015258789,107.29000091552734,105.58999633789062,106.04000091552734,60.91994857788086,1572100,LMT
2008-05-01,105.76000213623047,107.83000183105469,105.76000213623047,107.72000122070312,61.88511276245117,1428300,LMT
2008-05-02,108.44999694824219,108.44999694824219,105.77999877929688,106.93000030517578,61.43124008178711,1729200,LMT
2008-05-05,106.45999908447266,107.88999938964844,106.06999969482422,106.62000274658203,61.253177642822266,1691400,LMT
2008-05-06,106.2300033569336,106.94999694824219,105.69999694824219,106.52999877929688,61.201454162597656,1334000,LMT
2008-05-07,106.37999725341797,107.18000030517578,105.01000213623047,105.91999816894531,60.85101318359375,2051700,LMT
2008-05-08,106.11000061035156,106.55000305175781,105.30999755859375,105.83999633789062,60.8050651550293,1300500,LMT
2008-05-09,105.5,106.27999877929688,104.94000244140625,105.83999633789062,60.8050651550293,950400,LMT
2008-05-12,105.83999633789062,107.05000305175781,105.52999877929688,106.97000122070312,61.45425796508789,1101000,LMT
2008-05-13,107.2300033569336,108.66000366210938,107.2300033569336,108.5,62.33324432373047,1742200,LMT
2008-05-14,108.69999694824219,110.0,108.5,108.70999908447266,62.453857421875,1853800,LMT
2008-05-15,108.9800033569336,109.2300033569336,108.08000183105469,109.05999755859375,62.65494155883789,1420400,LMT
2008-05-16,109.51000213623047,109.6500015258789,108.08999633789062,109.16000366210938,62.71236801147461,1778900,LMT
2008-05-19,108.9800033569336,110.5999984741211,108.5,109.94000244140625,63.16050338745117,1726200,LMT
2008-05-20,109.62999725341797,109.97000122070312,108.33000183105469,109.08999633789062,62.67215347290039,1489700,LMT
2008-05-21,109.08000183105469,109.98999786376953,106.81999969482422,106.94999694824219,61.4427604675293,1496600,LMT
2008-05-22,106.88999938964844,107.69999694824219,106.5999984741211,107.08999633789062,61.523170471191406,1173300,LMT
2008-05-23,107.25,108.66999816894531,106.94999694824219,107.41999816894531,61.71275329589844,1331100,LMT
2008-05-27,107.2699966430664,108.43000030517578,106.79000091552734,107.3499984741211,61.67253494262695,998800,LMT
2008-05-28,107.29000091552734,108.20999908447266,106.94000244140625,107.69000244140625,61.86789321899414,1639400,LMT
2008-05-29,107.69999694824219,108.91000366210938,106.31999969482422,108.61000061035156,62.640743255615234,1921700,LMT
2008-05-30,108.72000122070312,109.87999725341797,108.41999816894531,109.44000244140625,63.11943054199219,1804100,LMT
2008-06-02,109.2300033569336,109.87000274658203,108.08999633789062,109.16000366210938,62.95794677734375,1755200,LMT
2008-06-03,109.75,109.75,107.29000091552734,107.83000183105469,62.190860748291016,2360300,LMT
2008-06-04,107.31999969482422,109.08999633789062,107.31999969482422,108.48999786376953,62.571510314941406,1696100,LMT
2008-06-05,108.45999908447266,108.48999786376953,106.52999877929688,107.66999816894531,62.098567962646484,2505000,LMT
2008-06-06,106.9800033569336,106.9800033569336,103.69999694824219,103.75,59.83774185180664,3129900,LMT
2008-06-09,104.37999725341797,104.37999725341797,101.75,102.6500015258789,59.203311920166016,2801800,LMT
2008-06-10,102.12000274658203,104.05000305175781,101.66999816894531,102.9800033569336,59.39365768432617,1921000,LMT
2008-06-11,102.55999755859375,103.97000122070312,102.47000122070312,102.69000244140625,59.22635269165039,1794500,LMT
2008-06-12,102.98999786376953,105.37000274658203,102.69000244140625,102.79000091552734,59.2840576171875,1963000,LMT
2008-06-13,103.5,104.12000274658203,102.76000213623047,104.06999969482422,60.02228546142578,1962000,LMT
2008-06-16,102.4000015258789,103.79000091552734,102.30999755859375,102.55000305175781,59.14561462402344,1949100,LMT
2008-06-17,102.55000305175781,103.4000015258789,101.38999938964844,101.58999633789062,58.59193801879883,1437400,LMT
2008-06-18,101.1500015258789,102.44000244140625,100.72000122070312,100.95999908447266,58.22859573364258,1456900,LMT
2008-06-19,101.44000244140625,103.91000366210938,100.75,103.33999633789062,59.60126495361328,1829300,LMT
2008-06-20,102.9800033569336,103.33999633789062,101.23999786376953,102.06999969482422,58.86880111694336,2148400,LMT
2008-06-23,102.69999694824219,104.33999633789062,102.04000091552734,104.12999725341797,60.056888580322266,2122400,LMT
2008-06-24,103.55000305175781,104.83999633789062,103.55000305175781,103.94000244140625,59.94730758666992,1844500,LMT
2008-06-25,104.12000274658203,105.0,103.69999694824219,103.83000183105469,59.88389205932617,2661800,LMT
2008-06-26,103.23999786376953,103.61000061035156,99.5,99.5,57.38654708862305,2699800,LMT
2008-06-27,99.80000305175781,100.7699966430664,99.37000274658203,99.62000274658203,57.45576858520508,3265600,LMT
2008-06-30,99.6500015258789,99.75,97.80000305175781,98.66000366210938,56.90207290649414,3720500,LMT
2008-07-01,99.0199966430664,101.48999786376953,98.91000366210938,101.08999633789062,58.303565979003906,2881100,LMT
2008-07-02,101.55000305175781,102.27999877929688,100.06999969482422,100.30000305175781,57.847965240478516,1956100,LMT
2008-07-03,100.94000244140625,101.87999725341797,100.76000213623047,101.4800033569336,58.52851104736328,1658900,LMT
2008-07-07,101.70999908447266,103.66000366210938,101.37000274658203,102.62000274658203,59.18600845336914,3525100,LMT
2008-07-08,102.72000122070312,104.2699966430664,102.26000213623047,103.80999755859375,59.87232208251953,3712900,LMT
2008-07-09,104.12999725341797,104.12999725341797,102.30999755859375,102.30999755859375,59.0072021484375,2873900,LMT
2008-07-10,102.30999755859375,103.63999938964844,101.7699966430664,103.51000213623047,59.69933319091797,2665800,LMT
2008-07-11,102.54000091552734,103.7300033569336,101.5,102.68000030517578,59.2205810546875,2932900,LMT
2008-07-14,103.51000213623047,103.51000213623047,100.62000274658203,101.98999786376953,58.822662353515625,2145400,LMT
2008-07-15,101.37999725341797,102.73999786376953,100.77999877929688,101.6500015258789,58.62657165527344,3040800,LMT
2008-07-16,101.25,102.05000305175781,98.7300033569336,100.73999786376953,58.10170364379883,4298300,LMT
2008-07-17,100.80999755859375,101.4800033569336,98.01000213623047,100.26000213623047,57.824867248535156,3685900,LMT
2008-07-18,100.23999786376953,101.38999938964844,99.73999786376953,100.98999786376953,58.24589157104492,2327400,LMT
2008-07-21,100.81999969482422,102.33999633789062,100.4000015258789,101.58999633789062,58.59193801879883,2621600,LMT
2008-07-22,100.83000183105469,104.93000030517578,100.83000183105469,103.87999725341797,59.912742614746094,4131500,LMT
2008-07-23,103.9000015258789,107.43000030517578,103.41999816894531,106.83999633789062,61.619873046875,2863500,LMT
2008-07-24,106.88999938964844,106.88999938964844,104.44000244140625,104.75,60.414466857910156,2716500,LMT
2008-07-25,105.54000091552734,105.80000305175781,104.5,104.62000274658203,60.3394889831543,1685400,LMT
2008-07-28,104.5999984741211,105.48999786376953,103.05000305175781,103.3499984741211,59.60704040527344,2653300,LMT
2008-07-29,102.77999877929688,104.5,102.77999877929688,103.91999816894531,59.935768127441406,1929300,LMT
2008-07-30,104.38999938964844,106.37999725341797,103.38999938964844,104.12999725341797,60.056888580322266,2264300,LMT
2008-07-31,103.68000030517578,105.75,103.4000015258789,104.33000183105469,60.17226028442383,1976300,LMT
2008-08-01,104.5,105.1500015258789,102.86000061035156,103.97000122070312,59.964630126953125,1688200,LMT
2008-08-04,104.0,105.75,103.7300033569336,104.5999984741211,60.327938079833984,1271200,LMT
2008-08-05,105.48999786376953,108.12999725341797,105.05999755859375,108.0999984741211,62.346580505371094,2648700,LMT
2008-08-06,107.9000015258789,107.9800033569336,106.16000366210938,107.38999938964844,61.93708419799805,2564900,LMT
2008-08-07,106.91000366210938,108.5999984741211,106.5,108.29000091552734,62.4561767578125,2253900,LMT
2008-08-08,107.94999694824219,112.05999755859375,107.5999984741211,112.05999755859375,64.63056182861328,3093700,LMT
2008-08-11,111.73999786376953,113.01000213623047,110.06999969482422,112.87999725341797,65.10343170166016,4045000,LMT
2008-08-12,112.81999969482422,114.41000366210938,111.9800033569336,114.38999938964844,65.9743423461914,4132400,LMT
2008-08-13,113.94999694824219,114.80000305175781,111.08999633789062,112.97000122070312,65.15538024902344,4197800,LMT
2008-08-14,112.55000305175781,113.72000122070312,111.0199966430664,113.18000030517578,65.27647399902344,2956800,LMT
2008-08-15,113.37999725341797,117.04000091552734,113.29000091552734,116.66999816894531,67.28933715820312,4938500,LMT
2008-08-18,116.7300033569336,116.7300033569336,114.0199966430664,115.25,66.47034454345703,3169000,LMT
2008-08-19,114.51000213623047,116.05000305175781,114.51000213623047,115.73999786376953,66.7529296875,2727800,LMT
2008-08-20,115.80999755859375,115.80999755859375,113.0199966430664,114.25,65.89360046386719,4144800,LMT
2008-08-21,113.76000213623047,115.38999938964844,112.55000305175781,115.04000091552734,66.34921264648438,2238000,LMT
2008-08-22,115.3499984741211,115.9800033569336,114.23999786376953,115.7699966430664,66.77027893066406,2390500,LMT
2008-08-25,115.02999877929688,115.41000366210938,113.63999938964844,114.26000213623047,65.89933776855469,1679500,LMT
2008-08-26,114.52999877929688,115.69000244140625,113.69000244140625,115.58999633789062,66.66641998291016,1949400,LMT
2008-08-27,115.1500015258789,116.30000305175781,115.06999969482422,115.9000015258789,66.8452377319336,1845300,LMT
2008-08-28,116.02999877929688,120.30000305175781,115.80000305175781,119.58999633789062,69.2242660522461,3542300,LMT
2008-08-29,119.18000030517578,119.18000030517578,116.08999633789062,116.44000244140625,67.40090942382812,3841500,LMT
2008-09-02,117.5999984741211,118.18000030517578,116.16999816894531,117.44000244140625,67.979736328125,3641600,LMT
2008-09-03,117.06999969482422,118.19000244140625,115.66000366210938,116.4000015258789,67.37779235839844,2291800,LMT
2008-09-04,115.80999755859375,116.0,112.94999694824219,113.81999969482422,65.88436889648438,2671300,LMT
2008-09-05,112.87999725341797,116.33999633789062,112.5199966430664,115.72000122070312,66.98418426513672,3306300,LMT
2008-09-08,118.01000213623047,118.12999725341797,115.55000305175781,117.83000183105469,68.20551300048828,2938300,LMT
2008-09-09,119.0,119.81999969482422,115.83999633789062,115.88999938964844,67.08256530761719,3019500,LMT
2008-09-10,116.37000274658203,116.37000274658203,113.80000305175781,114.08999633789062,66.04061889648438,3220100,LMT
2008-09-11,113.2300033569336,115.22000122070312,110.26000213623047,115.0999984741211,66.62527465820312,2328500,LMT
2008-09-12,115.0,117.2699966430664,114.44999694824219,117.2699966430664,67.88134765625,2264400,LMT
2008-09-15,115.30999755859375,117.19000244140625,110.87999725341797,111.69000244140625,64.65138244628906,6054600,LMT
2008-09-16,110.08999633789062,113.30000305175781,106.12000274658203,112.02999877929688,64.84821319580078,5852900,LMT
2008-09-17,110.37000274658203,112.33000183105469,106.0199966430664,106.02999877929688,61.375144958496094,3922200,LMT
2008-09-18,106.73999786376953,114.88999938964844,106.51000213623047,113.81999969482422,65.88436889648438,4961000,LMT
2008-09-19,117.5,117.5,108.19999694824219,110.87999725341797,64.18254089355469,5822000,LMT
2008-09-22,109.76000213623047,111.5,106.19999694824219,108.19999694824219,62.631229400634766,2823100,LMT
2008-09-23,108.25,109.86000061035156,106.01000213623047,107.52999877929688,62.2433967590332,2678100,LMT
2008-09-24,107.66000366210938,109.11000061035156,106.58000183105469,107.6500015258789,62.312862396240234,1899400,LMT
2008-09-25,108.70999908447266,111.6500015258789,107.9000015258789,110.51000213623047,63.96836471557617,2357200,LMT
2008-09-26,109.37000274658203,112.87000274658203,107.01000213623047,112.55000305175781,65.14921569824219,2092600,LMT
2008-09-29,111.31999969482422,115.01000213623047,107.55000305175781,109.9800033569336,63.66155242919922,3425400,LMT
2008-09-30,110.26000213623047,112.30999755859375,108.19000244140625,109.66999816894531,63.48215103149414,3572600,LMT
2008-10-01,108.9000015258789,109.69999694824219,107.48999786376953,108.8499984741211,63.00747299194336,2879500,LMT
2008-10-02,108.19999694824219,109.61000061035156,102.87000274658203,104.2699966430664,60.356361389160156,3982300,LMT
2008-10-03,105.56999969482422,107.31999969482422,104.66000366210938,105.01000213623047,60.78470993041992,2837900,LMT
2008-10-06,103.30999755859375,105.12000274658203,101.3499984741211,102.62000274658203,59.401268005371094,3407100,LMT
2008-10-07,103.80000305175781,105.81999969482422,99.0,99.0,57.30582809448242,5152000,LMT
2008-10-08,97.0199966430664,101.4800033569336,96.0,98.0,56.726993560791016,5655600,LMT
2008-10-09,98.25,100.12000274658203,91.66000366210938,92.0,53.25391387939453,4987100,LMT
2008-10-10,88.9000015258789,94.08000183105469,81.76000213623047,87.4800033569336,50.63751983642578,8172500,LMT
2008-10-13,89.5199966430664,90.5199966430664,87.91000366210938,90.26000213623047,52.24671936035156,4474800,LMT
2008-10-14,93.4000015258789,96.8499984741211,92.19000244140625,95.7699966430664,55.4361686706543,4773000,LMT
2008-10-15,95.94000244140625,95.94000244140625,86.80000305175781,87.47000122070312,50.63173294067383,3067500,LMT
2008-10-16,95.23999786376953,95.23999786376953,84.80999755859375,92.61000061035156,53.60700225830078,3543300,LMT
2008-10-17,90.26000213623047,94.75,87.75,90.75,52.53035354614258,3212300,LMT
2008-10-20,91.98999786376953,94.08999633789062,90.62999725341797,93.22000122070312,53.96009063720703,3701800,LMT
2008-10-21,89.33999633789062,90.75,84.05999755859375,84.19000244140625,48.73313522338867,7339200,LMT
2008-10-22,82.91000366210938,84.9800033569336,78.33000183105469,79.7699966430664,46.17461013793945,5796400,LMT
2008-10-23,79.94000244140625,81.41000366210938,75.36000061035156,79.63999938964844,46.099369049072266,5599400,LMT
2008-10-24,75.01000213623047,79.6500015258789,75.01000213623047,75.83999633789062,43.899742126464844,3953000,LMT
2008-10-27,75.2699966430664,76.20999908447266,72.4000015258789,72.63999938964844,42.047428131103516,4722300,LMT
2008-10-28,73.87000274658203,80.48999786376953,73.44000244140625,80.27999877929688,46.46982955932617,4338800,LMT
2008-10-29,80.30000305175781,82.41999816894531,78.33999633789062,78.61000061035156,45.50315475463867,3465500,LMT
2008-10-30,80.70999908447266,83.37000274658203,78.80999755859375,82.18000030517578,47.56964874267578,3302400,LMT
2008-10-31,82.1500015258789,85.86000061035156,80.86000061035156,85.05000305175781,49.230926513671875,3922900,LMT
2008-11-03,84.94999694824219,85.62999725341797,83.04000091552734,83.9800033569336,48.611549377441406,2411500,LMT
2008-11-04,85.48999786376953,86.37999725341797,84.27999877929688,85.91000366210938,49.72871017456055,2947900,LMT
2008-11-05,86.31999969482422,86.66999816894531,83.19000244140625,84.38999938964844,48.848876953125,3043700,LMT
2008-11-06,83.5,84.0,76.22000122070312,76.81999969482422,44.46702575683594,4631100,LMT
2008-11-07,77.18000030517578,79.41999816894531,75.69999694824219,78.75,45.58420181274414,2508200,LMT
2008-11-10,80.2699966430664,81.25,76.33000183105469,77.51000213623047,44.866416931152344,2588500,LMT
2008-11-11,76.01000213623047,76.72000122070312,73.5999984741211,74.41000366210938,43.071998596191406,3060900,LMT
2008-11-12,73.41999816894531,73.87000274658203,71.19000244140625,71.69999694824219,41.503318786621094,2317200,LMT
2008-11-13,71.95999908447266,75.2300033569336,68.81999969482422,75.20999908447266,43.535072326660156,3340700,LMT
2008-11-14,73.69000244140625,76.7699966430664,71.63999938964844,72.26000213623047,41.82748794555664,2782700,LMT
2008-11-17,71.23999786376953,73.16000366210938,69.87000274658203,70.98999786376953,41.09233856201172,1987400,LMT
2008-11-18,70.70999908447266,73.91999816894531,70.01000213623047,73.12000274658203,42.325279235839844,3964100,LMT
2008-11-19,73.54000091552734,74.97000122070312,68.80999755859375,69.33000183105469,40.131446838378906,2576400,LMT
2008-11-20,68.77999877929688,72.08999633789062,67.37999725341797,67.97000122070312,39.34421920776367,4021300,LMT
2008-11-21,68.06999969482422,72.9800033569336,68.06999969482422,72.68000030517578,42.07059097290039,4106300,LMT
2008-11-24,73.68000030517578,74.41999816894531,71.41000366210938,72.73999786376953,42.10532760620117,2754800,LMT
2008-11-25,74.12999725341797,75.0199966430664,71.1500015258789,73.02999877929688,42.273189544677734,3336300,LMT
2008-11-26,71.54000091552734,73.55000305175781,70.27999877929688,73.52999877929688,42.89741134643555,2046400,LMT
2008-11-28,73.69999694824219,77.11000061035156,73.27999877929688,77.11000061035156,44.98599624633789,1258900,LMT
2008-12-01,76.41999816894531,76.79000091552734,70.9800033569336,71.06999969482422,41.462276458740234,2883000,LMT
2008-12-02,72.12999725341797,74.83000183105469,71.05000305175781,73.62999725341797,42.955753326416016,3252400,LMT
2008-12-03,73.69999694824219,77.11000061035156,72.0999984741211,76.91000366210938,44.86933517456055,3971900,LMT
2008-12-04,76.0,78.87000274658203,75.12000274658203,77.1500015258789,45.00932312011719,3671800,LMT
2008-12-05,76.3499984741211,80.62000274658203,74.69000244140625,80.19000244140625,46.78286361694336,3718500,LMT
2008-12-08,81.45999908447266,83.36000061035156,80.19000244140625,81.6500015258789,47.634647369384766,2939200,LMT
2008-12-09,80.75,82.83999633789062,80.0999984741211,80.7699966430664,47.12122344970703,3090000,LMT
2008-12-10,80.55999755859375,82.0,77.83999633789062,79.19000244140625,46.199459075927734,2848800,LMT
2008-12-11,78.95999908447266,79.51000213623047,75.77999877929688,76.19999694824219,44.45509719848633,4117500,LMT
2008-12-12,74.83000183105469,77.87999725341797,74.19999694824219,77.80000305175781,45.388545989990234,2788100,LMT
2008-12-15,78.2300033569336,78.2300033569336,74.23999786376953,75.86000061035156,44.256736755371094,3002100,LMT
2008-12-16,76.30000305175781,78.5,74.56999969482422,78.41000366210938,45.744415283203125,3417500,LMT
2008-12-17,77.13999938964844,79.87999725341797,76.33999633789062,78.91000366210938,46.03611755371094,1910600,LMT
2008-12-18,79.0999984741211,80.48999786376953,78.20999908447266,78.63999938964844,45.87858963012695,2016100,LMT
2008-12-19,79.25,81.48999786376953,77.77999877929688,80.01000213623047,46.67784881591797,4692300,LMT
2008-12-22,79.9000015258789,79.9000015258789,77.5199966430664,78.91999816894531,46.04194259643555,2175700,LMT
2008-12-23,79.27999877929688,79.81999969482422,78.0,78.27999877929688,45.66856384277344,1597200,LMT
2008-12-24,78.20999908447266,79.83999633789062,77.72000122070312,79.22000122070312,46.21696472167969,468600,LMT
2008-12-26,79.1500015258789,81.5199966430664,78.88999938964844,81.11000061035156,47.319610595703125,1023900,LMT
2008-12-29,81.0,81.68000030517578,79.86000061035156,80.54000091552734,46.987056732177734,1263000,LMT
2008-12-30,81.0999984741211,84.30999755859375,80.79000091552734,84.29000091552734,49.17482376098633,1705500,LMT
2008-12-31,84.29000091552734,84.97000122070312,83.93000030517578,84.08000183105469,49.05230712890625,1562800,LMT
2009-01-02,84.33999633789062,85.9000015258789,82.01000213623047,85.55000305175781,49.90988540649414,1696800,LMT
2009-01-05,85.29000091552734,85.3499984741211,82.83999633789062,83.8499984741211,48.918128967285156,2472800,LMT
2009-01-06,85.20999908447266,85.22000122070312,83.27999877929688,84.0999984741211,49.06395721435547,2860100,LMT
2009-01-07,83.33000183105469,83.33000183105469,81.20999908447266,81.83000183105469,47.73964309692383,2860500,LMT
2009-01-08,81.30999755859375,81.44999694824219,79.79000091552734,80.80999755859375,47.14457702636719,2966100,LMT
2009-01-09,81.26000213623047,81.87999725341797,79.69000244140625,80.76000213623047,47.11540222167969,2868800,LMT
2009-01-12,80.75,81.08000183105469,79.0999984741211,79.66000366210938,46.473663330078125,2183700,LMT
2009-01-13,79.33999633789062,80.6500015258789,77.69000244140625,80.25,46.81787872314453,3246700,LMT
2009-01-14,79.44999694824219,80.83999633789062,77.87999725341797,78.80000305175781,45.97195053100586,3673800,LMT
2009-01-15,78.55999755859375,79.52999877929688,77.33000183105469,79.4800033569336,46.36866760253906,3103700,LMT
2009-01-16,80.7300033569336,82.56999969482422,79.97000122070312,82.16000366210938,47.93217468261719,3449400,LMT
2009-01-20,81.63999938964844,82.36000061035156,78.04000091552734,78.62999725341797,45.87275695800781,2957300,LMT
2009-01-21,79.61000061035156,80.18000030517578,78.0,80.02999877929688,46.68952941894531,2758100,LMT
2009-01-22,77.94999694824219,85.58999633789062,76.69999694824219,85.08000183105469,49.63568878173828,6176400,LMT
2009-01-23,83.55000305175781,84.08999633789062,80.19000244140625,80.9800033569336,47.243751525878906,5824300,LMT
2009-01-26,80.72000122070312,83.19000244140625,80.2699966430664,82.5199966430664,48.1422004699707,3279300,LMT
2009-01-27,83.12000274658203,83.5999984741211,80.44999694824219,82.4800033569336,48.11885452270508,2894200,LMT
2009-01-28,83.72000122070312,84.0,81.3499984741211,82.56999969482422,48.1713752746582,2569800,LMT
2009-01-29,82.47000122070312,83.72000122070312,81.80999755859375,83.11000061035156,48.48640441894531,2489900,LMT
2009-01-30,82.91000366210938,83.98999786376953,81.44000244140625,82.04000091552734,47.862152099609375,2438500,LMT
2009-02-02,81.0,81.0,77.83999633789062,79.18000030517578,46.19363021850586,3852800,LMT
2009-02-03,79.88999938964844,80.58000183105469,76.83999633789062,79.9000015258789,46.613685607910156,4093400,LMT
2009-02-04,79.97000122070312,82.38999938964844,79.86000061035156,81.05999755859375,47.29043197631836,2541900,LMT
2009-02-05,80.4000015258789,82.45999908447266,79.0999984741211,81.62000274658203,47.617122650146484,2782000,LMT
2009-02-06,81.12999725341797,81.37000274658203,77.55000305175781,79.37000274658203,46.30448913574219,6036600,LMT
2009-02-09,79.37000274658203,81.62000274658203,79.0999984741211,81.5,47.54713439941406,3751500,LMT
2009-02-10,80.80999755859375,81.75,77.43000030517578,77.98999786376953,45.499385833740234,3957200,LMT
2009-02-11,78.87999725341797,79.12000274658203,77.11000061035156,77.48999786376953,45.207698822021484,2779800,LMT
2009-02-12,77.04000091552734,77.41999816894531,75.0,77.37999725341797,45.14351272583008,3804100,LMT
2009-02-13,76.9800033569336,79.44000244140625,76.26000213623047,78.47000122070312,45.77941131591797,3045800,LMT
2009-02-17,76.80999755859375,76.80999755859375,74.52999877929688,75.63999938964844,44.1284065246582,2847800,LMT
2009-02-18,75.98999786376953,78.41999816894531,74.9800033569336,77.02999877929688,44.93932342529297,3980800,LMT
2009-02-19,77.7699966430664,77.8499984741211,76.56999969482422,77.16000366210938,45.01516342163086,3304900,LMT
2009-02-20,75.45999908447266,78.48999786376953,75.30999755859375,77.75,45.359375,4162200,LMT
2009-02-23,77.58000183105469,77.9000015258789,73.69999694824219,73.87000274658203,43.09577941894531,3235700,LMT
2009-02-24,74.31999969482422,75.26000213623047,72.7300033569336,74.44000244140625,43.4283332824707,3256600,LMT
2009-02-25,73.93000030517578,73.9800033569336,69.66999816894531,70.45999908447266,41.106388092041016,5704700,LMT
2009-02-26,70.9000015258789,71.5,68.7300033569336,68.93000030517578,40.5417594909668,3600300,LMT
2009-02-27,67.44000244140625,67.72000122070312,63.11000061035156,63.11000061035156,37.1186637878418,7543900,LMT
2009-03-02,60.630001068115234,61.880001068115234,59.689998626708984,59.959999084472656,35.26597595214844,6767600,LMT
2009-03-03,60.09000015258789,61.5,58.43000030517578,59.349998474121094,34.90719985961914,6494900,LMT
2009-03-04,60.689998626708984,63.22999954223633,59.709999084472656,61.95000076293945,36.43640899658203,6697500,LMT
2009-03-05,60.630001068115234,61.5,59.290000915527344,59.90999984741211,35.236572265625,5184600,LMT
2009-03-06,60.02000045776367,61.119998931884766,57.40999984741211,58.849998474121094,34.61310958862305,3970600,LMT
2009-03-09,58.18000030517578,59.400001525878906,57.54999923706055,58.2400016784668,34.254356384277344,3073200,LMT
2009-03-10,59.099998474121094,59.5,57.959999084472656,59.0099983215332,34.707218170166016,4987600,LMT
2009-03-11,59.349998474121094,60.0,57.959999084472656,58.18000030517578,34.219058990478516,4016300,LMT
2009-03-12,58.18000030517578,61.380001068115234,57.7400016784668,61.02000045776367,35.88942337036133,5404500,LMT
2009-03-13,61.40999984741211,62.0,60.459999084472656,61.20000076293945,35.995296478271484,4028800,LMT
2009-03-16,61.54999923706055,65.79000091552734,60.939998626708984,64.61000061035156,38.00091552734375,4718800,LMT
2009-03-17,64.6500015258789,65.73999786376953,63.20000076293945,65.66000366210938,38.61848068237305,3099900,LMT
2009-03-18,65.41000366210938,67.87999725341797,64.16000366210938,66.83999633789062,39.312503814697266,3206900,LMT
2009-03-19,67.62000274658203,68.81999969482422,66.0,68.22000122070312,40.12416458129883,4269800,LMT
2009-03-20,68.2699966430664,69.77999877929688,67.44999694824219,67.77999877929688,39.865379333496094,4196500,LMT
2009-03-23,68.9000015258789,69.83000183105469,67.3499984741211,69.13999938964844,40.66526412963867,3413000,LMT
2009-03-24,68.54000091552734,70.05999755859375,68.08999633789062,68.08999633789062,40.04768753051758,3892500,LMT
2009-03-25,68.97000122070312,69.83999633789062,67.06999969482422,68.4800033569336,40.27707290649414,3556700,LMT
2009-03-26,68.88999938964844,72.83000183105469,68.88999938964844,72.66999816894531,42.741455078125,4025900,LMT
2009-03-27,71.97000122070312,72.77999877929688,70.73999786376953,71.27999877929688,41.923912048339844,3603700,LMT
2009-03-30,69.70999908447266,70.27999877929688,68.33999633789062,69.01000213623047,40.588802337646484,3003700,LMT
2009-03-31,69.2699966430664,70.62999725341797,67.29000091552734,69.02999877929688,40.60057067871094,3500100,LMT
2009-04-01,67.52999877929688,69.04000091552734,66.4000015258789,67.58999633789062,39.75361251831055,4311100,LMT
2009-04-02,68.91000366210938,70.48999786376953,68.58999633789062,69.16999816894531,40.68291473388672,3669700,LMT
2009-04-03,68.9800033569336,69.5,65.72000122070312,67.30999755859375,39.58893966674805,5308900,LMT
2009-04-06,66.87000274658203,73.47000122070312,65.20999908447266,73.27999877929688,43.1002311706543,12102000,LMT
2009-04-07,71.98999786376953,75.80000305175781,71.8499984741211,73.79000091552734,43.40019607543945,8492500,LMT
2009-04-08,73.93000030517578,74.18000030517578,72.0199966430664,72.69999694824219,42.75910568237305,3424500,LMT
2009-04-09,74.0199966430664,74.58999633789062,72.44999694824219,73.31999969482422,43.1237678527832,2680000,LMT
2009-04-13,72.63999938964844,74.2300033569336,72.25,73.79000091552734,43.40019607543945,2931200,LMT
2009-04-14,73.30999755859375,73.87999725341797,72.0,72.91000366210938,42.88261413574219,2519100,LMT
2009-04-15,72.45999908447266,74.41000366210938,72.2699966430664,74.33000183105469,43.717796325683594,2677800,LMT
2009-04-16,74.83000183105469,78.22000122070312,74.29000091552734,77.58000183105469,45.62934112548828,4494800,LMT
2009-04-17,77.63999938964844,78.02999877929688,76.52999877929688,76.94000244140625,45.25290298461914,3099400,LMT
2009-04-20,76.0999984741211,76.66000366210938,75.01000213623047,75.7300033569336,44.54124450683594,2462100,LMT
2009-04-21,76.0,77.5,75.20999908447266,76.04000091552734,44.72355270385742,3159400,LMT
2009-04-22,74.72000122070312,76.75,74.5199966430664,74.8499984741211,44.023643493652344,3231100,LMT
2009-04-23,75.7300033569336,77.44999694824219,74.31999969482422,77.36000061035156,45.499935150146484,2807500,LMT
2009-04-24,77.41000366210938,77.55000305175781,76.27999877929688,77.08000183105469,45.33523941040039,1947500,LMT
2009-04-27,76.44999694824219,79.0999984741211,75.68000030517578,78.05999755859375,45.9116325378418,2110400,LMT
2009-04-28,77.12999725341797,78.04000091552734,76.7300033569336,77.12999725341797,45.364654541015625,1804600,LMT
2009-04-29,78.02999877929688,80.05999755859375,77.88999938964844,79.08000183105469,46.511558532714844,1534200,LMT
2009-04-30,79.55999755859375,80.62999725341797,77.63999938964844,78.52999877929688,46.188072204589844,2385700,LMT
2009-05-01,78.66999816894531,82.23999786376953,78.62000274658203,81.58999633789062,47.987850189208984,3275200,LMT
2009-05-04,81.2699966430664,81.58999633789062,79.9000015258789,80.33999633789062,47.25263595581055,3771700,LMT
2009-05-05,79.9800033569336,80.77999877929688,79.18000030517578,79.68000030517578,46.86446762084961,2828800,LMT
2009-05-06,80.43000030517578,80.88999938964844,79.13999938964844,80.4800033569336,47.33498001098633,2083700,LMT
2009-05-07,80.5999984741211,80.62000274658203,78.83000183105469,79.68000030517578,46.86446762084961,3397700,LMT
2009-05-08,80.27999877929688,82.45999908447266,80.27999877929688,82.45999908447266,48.49952697753906,2217700,LMT
2009-05-11,81.5199966430664,81.5199966430664,79.80000305175781,80.3499984741211,47.25851821899414,2578100,LMT
2009-05-12,80.51000213623047,81.8499984741211,79.36000061035156,81.61000061035156,47.99959182739258,2144100,LMT
2009-05-13,80.45999908447266,80.9000015258789,79.44000244140625,80.52999877929688,47.3643913269043,2353600,LMT
2009-05-14,80.55000305175781,81.56999969482422,80.18000030517578,80.87000274658203,47.56436538696289,1842600,LMT
2009-05-15,80.7300033569336,80.9000015258789,79.05000305175781,79.93000030517578,47.01149368286133,2238700,LMT
2009-05-18,79.5,80.63999938964844,79.05999755859375,80.55000305175781,47.37615966796875,1858500,LMT
2009-05-19,79.8499984741211,80.98999786376953,79.30000305175781,80.54000091552734,47.370277404785156,2344500,LMT
2009-05-20,80.94000244140625,83.30999755859375,80.7300033569336,82.4800033569336,48.51130676269531,3289000,LMT
2009-05-21,81.63999938964844,81.76000213623047,80.3499984741211,81.4800033569336,47.92314910888672,2148300,LMT
2009-05-22,81.80000305175781,82.4800033569336,81.13999938964844,81.44000244140625,47.899620056152344,1130400,LMT
2009-05-26,81.11000061035156,83.86000061035156,81.05999755859375,83.26000213623047,48.97004699707031,1986700,LMT
2009-05-27,83.41999816894531,83.47000122070312,81.69999694824219,81.77999877929688,48.09959030151367,1675100,LMT
2009-05-28,81.19999694824219,83.25,80.62999725341797,82.98999786376953,49.15386199951172,1878000,LMT
2009-05-29,83.0,83.9800033569336,81.75,83.62999725341797,49.532928466796875,1648600,LMT
2009-06-01,83.75,85.29000091552734,83.69000244140625,84.16000366210938,49.846839904785156,3337400,LMT
2009-06-02,83.86000061035156,84.81999969482422,83.16999816894531,84.37000274658203,49.97122573852539,2202300,LMT
2009-06-03,83.63999938964844,84.55000305175781,82.62999725341797,83.23999786376953,49.301918029785156,2408700,LMT
2009-06-04,83.66000366210938,84.76000213623047,83.55000305175781,84.5,50.048213958740234,1704500,LMT
2009-06-05,85.33999633789062,87.05999755859375,84.6500015258789,86.16999816894531,51.037322998046875,1975600,LMT
2009-06-08,84.81999969482422,86.37000274658203,84.19999694824219,85.8499984741211,50.84780502319336,1550300,LMT
2009-06-09,85.5999984741211,86.0,83.19999694824219,84.01000213623047,49.75798797607422,2360000,LMT
2009-06-10,84.3499984741211,84.48999786376953,81.61000061035156,82.93000030517578,49.11832809448242,2645900,LMT
2009-06-11,83.18000030517578,84.38999938964844,82.11000061035156,82.22000122070312,48.697818756103516,2271000,LMT
2009-06-12,81.69000244140625,82.87999725341797,81.61000061035156,82.7699966430664,49.02357482910156,2313600,LMT
2009-06-15,82.11000061035156,82.52999877929688,81.22000122070312,82.06999969482422,48.608970642089844,2095800,LMT
2009-06-16,82.4800033569336,82.8499984741211,81.45999908447266,81.80999755859375,48.4549446105957,1559600,LMT
2009-06-17,81.86000061035156,82.55000305175781,81.20999908447266,82.05000305175781,48.59709930419922,2055100,LMT
2009-06-18,82.36000061035156,84.36000061035156,81.5,83.48999786376953,49.450008392333984,2068900,LMT
2009-06-19,84.19999694824219,84.19999694824219,82.44000244140625,82.55000305175781,48.89325714111328,2701400,LMT
2009-06-22,82.33999633789062,82.79000091552734,81.30999755859375,81.4800033569336,48.25951385498047,1770000,LMT
2009-06-23,81.81999969482422,81.91000366210938,80.08999633789062,81.3499984741211,48.18253707885742,2130700,LMT
2009-06-24,81.58999633789062,82.52999877929688,79.13999938964844,79.5199966430664,47.098628997802734,2911400,LMT
2009-06-25,79.16000366210938,81.33000183105469,79.16000366210938,81.12999725341797,48.052207946777344,2444000,LMT
2009-06-26,80.9800033569336,81.55000305175781,80.61000061035156,80.97000122070312,47.95744705200195,1947200,LMT
2009-06-29,81.37000274658203,82.27999877929688,80.63999938964844,82.04000091552734,48.5911865234375,1069200,LMT
2009-06-30,82.04000091552734,82.04000091552734,80.30000305175781,80.6500015258789,47.767913818359375,1746800,LMT
2009-07-01,80.95999908447266,81.31999969482422,80.4000015258789,80.63999938964844,47.7619743347168,1919000,LMT
2009-07-02,79.80999755859375,79.91000366210938,78.0199966430664,79.5199966430664,47.098628997802734,2128000,LMT
2009-07-06,78.87000274658203,80.70999908447266,78.37999725341797,80.5,47.67905044555664,1797800,LMT
2009-07-07,80.19000244140625,80.4800033569336,77.5999984741211,78.0,46.19834518432617,2592300,LMT
2009-07-08,78.11000061035156,78.70999908447266,77.7699966430664,78.4000015258789,46.43526840209961,2177100,LMT
2009-07-09,78.5999984741211,78.94999694824219,77.72000122070312,78.27999877929688,46.36418533325195,1457400,LMT
2009-07-10,78.01000213623047,78.37999725341797,77.0,77.91000366210938,46.145023345947266,1672100,LMT
2009-07-13,78.05000305175781,80.41000366210938,77.66999816894531,80.0,47.382930755615234,2176300,LMT
2009-07-14,79.94999694824219,81.55999755859375,79.61000061035156,81.19000244140625,48.087745666503906,1431100,LMT
2009-07-15,81.77999877929688,82.30000305175781,80.69000244140625,81.25,48.1232795715332,2796000,LMT
2009-07-16,81.48999786376953,82.91999816894531,81.08999633789062,82.48999786376953,48.857696533203125,1369700,LMT
2009-07-17,82.0999984741211,82.4800033569336,80.61000061035156,81.08999633789062,48.028507232666016,2513600,LMT
2009-07-20,81.23999786376953,82.1500015258789,80.2699966430664,82.11000061035156,48.63263702392578,2415800,LMT
2009-07-21,80.16000366210938,80.2699966430664,74.36000061035156,75.12999725341797,44.498497009277344,13750100,LMT
2009-07-22,75.83999633789062,77.69000244140625,75.19999694824219,76.25,45.161842346191406,5789000,LMT
2009-07-23,76.43000030517578,76.55000305175781,74.62999725341797,75.3499984741211,44.6287956237793,3915800,LMT
2009-07-24,75.19999694824219,75.7300033569336,73.93000030517578,74.08000183105469,43.876583099365234,4357800,LMT
2009-07-27,74.13999938964844,74.6500015258789,73.11000061035156,74.55000305175781,44.154972076416016,2769600,LMT
2009-07-28,73.70999908447266,75.41999816894531,73.69999694824219,75.06999969482422,44.46296310424805,2798000,LMT
2009-07-29,74.41000366210938,75.33000183105469,73.79000091552734,74.70999908447266,44.249717712402344,3575900,LMT
2009-07-30,74.62000274658203,76.19000244140625,74.52999877929688,74.6500015258789,44.214195251464844,3836400,LMT
2009-07-31,74.86000061035156,75.91000366210938,74.62000274658203,74.76000213623047,44.279335021972656,3200100,LMT
2009-08-03,75.4000015258789,75.88999938964844,73.3499984741211,75.75,44.86570358276367,3236900,LMT
2009-08-04,75.51000213623047,75.79000091552734,75.0,75.47000122070312,44.699867248535156,4111000,LMT
2009-08-05,75.31999969482422,75.5999984741211,73.91999816894531,74.31999969482422,44.018741607666016,3541200,LMT
2009-08-06,74.66999816894531,75.69999694824219,73.95999908447266,75.69999694824219,44.836082458496094,3751100,LMT
2009-08-07,75.93000030517578,77.16000366210938,75.12000274658203,76.76000213623047,45.46391677856445,2317900,LMT
2009-08-10,76.68000030517578,76.7300033569336,75.51000213623047,76.12000274658203,45.08485412597656,1794700,LMT
2009-08-11,76.0999984741211,76.0999984741211,75.05000305175781,75.20999908447266,44.54585647583008,2463100,LMT
2009-08-12,75.30000305175781,76.33999633789062,75.0,75.6500015258789,44.806461334228516,2688900,LMT
2009-08-13,75.48999786376953,75.7699966430664,74.75,75.4000015258789,44.65840530395508,1906200,LMT
2009-08-14,75.52999877929688,75.75,74.11000061035156,74.58999633789062,44.17863845825195,2002700,LMT
2009-08-17,73.83000183105469,74.58999633789062,73.5999984741211,73.95999908447266,43.80550765991211,2363800,LMT
2009-08-18,74.20999908447266,74.80000305175781,73.61000061035156,74.0999984741211,43.8884391784668,2262700,LMT
2009-08-19,73.77999877929688,74.12999725341797,73.20999908447266,73.73999786376953,43.675193786621094,2215300,LMT
2009-08-20,73.72000122070312,74.7300033569336,73.5,74.62000274658203,44.1964111328125,3000400,LMT
2009-08-21,75.19000244140625,75.37999725341797,74.22000122070312,74.91999816894531,44.37409210205078,3465600,LMT
2009-08-24,75.2699966430664,75.2699966430664,73.7300033569336,74.70999908447266,44.249717712402344,4085200,LMT
2009-08-25,75.25,75.95999908447266,74.19999694824219,74.43000030517578,44.083885192871094,5364200,LMT
2009-08-26,74.27999877929688,75.08999633789062,73.98999786376953,74.58000183105469,44.17272186279297,4200800,LMT
2009-08-27,74.97000122070312,75.94999694824219,74.66000366210938,75.54000091552734,44.7413215637207,3974700,LMT
2009-08-28,75.73999786376953,75.87000274658203,74.51000213623047,74.94999694824219,44.729393005371094,3394200,LMT
2009-08-31,74.9000015258789,75.06999969482422,73.79000091552734,74.9800033569336,44.74730682373047,2359500,LMT
2009-09-01,76.0,77.0,74.97000122070312,75.5999984741211,45.1172981262207,5558400,LMT
2009-09-02,75.33999633789062,75.93000030517578,74.41999816894531,74.55999755859375,44.496620178222656,4288300,LMT
2009-09-03,74.97000122070312,75.33999633789062,73.44999694824219,74.87999725341797,44.68760681152344,3931900,LMT
2009-09-04,74.91000366210938,75.58000183105469,74.5,75.27999877929688,44.92632293701172,2305900,LMT
2009-09-08,75.19000244140625,75.69000244140625,73.6500015258789,74.16999816894531,44.26388931274414,5616900,LMT
2009-09-09,73.86000061035156,74.0999984741211,72.56999969482422,73.12999725341797,43.64323043823242,7230100,LMT
2009-09-10,73.26000213623047,73.91000366210938,72.19999694824219,73.55999755859375,43.89984130859375,4890400,LMT
2009-09-11,73.80999755859375,75.77999877929688,73.25,75.63999938964844,45.14116287231445,6050700,LMT
2009-09-14,74.91000366210938,76.44999694824219,74.45999908447266,75.58999633789062,45.11131286621094,2820200,LMT
2009-09-15,75.66000366210938,76.38999938964844,75.0199966430664,75.69999694824219,45.17696762084961,3151400,LMT
2009-09-16,76.05000305175781,76.7300033569336,75.51000213623047,76.16000366210938,45.451499938964844,3678700,LMT
2009-09-17,76.13999938964844,80.19999694824219,75.52999877929688,79.55999755859375,47.4805793762207,7449600,LMT
2009-09-18,79.88999938964844,80.33000183105469,79.02999877929688,80.08000183105469,47.790916442871094,5548400,LMT
2009-09-21,79.5,80.13999938964844,78.7699966430664,79.23999786376953,47.289615631103516,2533700,LMT
2009-09-22,79.81999969482422,79.86000061035156,79.1500015258789,79.55999755859375,47.4805793762207,2568700,LMT
2009-09-23,79.88999938964844,79.88999938964844,78.66000366210938,78.83000183105469,47.04492950439453,4498500,LMT
2009-09-24,78.7300033569336,78.7300033569336,76.93000030517578,76.94999694824219,45.9229621887207,3330400,LMT
2009-09-25,77.66000366210938,78.31999969482422,77.2300033569336,77.88999938964844,46.48395538330078,3792900,LMT
2009-09-28,78.2699966430664,78.8499984741211,77.87000274658203,78.4000015258789,46.78831481933594,2460200,LMT
2009-09-29,78.66999816894531,79.31999969482422,78.25,79.05000305175781,47.176246643066406,2605000,LMT
2009-09-30,79.20999908447266,79.20999908447266,77.63999938964844,78.08000183105469,46.59733963012695,4209800,LMT
2009-10-01,77.94999694824219,78.12000274658203,76.58999633789062,76.61000061035156,45.72003936767578,3259000,LMT
2009-10-02,76.66999816894531,76.66999816894531,75.08999633789062,75.37000274658203,44.98004150390625,3634900,LMT
2009-10-05,75.5,75.93000030517578,74.77999877929688,74.98999786376953,44.75326156616211,4254000,LMT
2009-10-06,75.36000061035156,76.33999633789062,74.98999786376953,76.18000030517578,45.46346664428711,2772000,LMT
2009-10-07,76.01000213623047,76.01000213623047,73.58999633789062,74.02999877929688,44.18034744262695,5652100,LMT
2009-10-08,74.41000366210938,74.47000122070312,72.88999938964844,73.0,43.56565475463867,6681700,LMT
2009-10-09,73.19999694824219,76.05999755859375,73.05999755859375,75.81999969482422,45.24859619140625,5309400,LMT
2009-10-12,75.30000305175781,75.33000183105469,74.08000183105469,74.41999816894531,44.413089752197266,4642300,LMT
2009-10-13,74.79000091552734,74.86000061035156,73.72000122070312,74.0999984741211,44.22211456298828,2520900,LMT
2009-10-14,74.79000091552734,75.5999984741211,73.7300033569336,75.1500015258789,44.8487434387207,3016700,LMT
2009-10-15,74.87000274658203,75.37000274658203,74.44000244140625,74.87000274658203,44.681644439697266,1941600,LMT
2009-10-16,74.44999694824219,75.97000122070312,74.16999816894531,75.44000244140625,45.02180480957031,3132200,LMT
2009-10-19,75.63999938964844,77.37999725341797,75.04000091552734,76.98999786376953,45.94681930541992,3658200,LMT
2009-10-20,72.72000122070312,73.4800033569336,71.91999816894531,71.98999786376953,42.962886810302734,12745700,LMT
2009-10-21,71.33999633789062,71.37999725341797,69.4000015258789,69.66000366210938,41.5723762512207,11012200,LMT
2009-10-22,70.1500015258789,72.0,69.95999908447266,71.58000183105469,42.71820831298828,7127100,LMT
2009-10-23,71.66000366210938,72.69000244140625,71.4800033569336,72.19000244140625,43.082244873046875,5315600,LMT
2009-10-26,72.52999877929688,72.52999877929688,71.05000305175781,71.47000122070312,42.65255355834961,4729100,LMT
2009-10-27,71.31999969482422,71.48999786376953,69.94000244140625,70.01000213623047,41.78125,5433600,LMT
2009-10-28,70.02999877929688,70.20999908447266,68.19999694824219,68.31999969482422,40.77267074584961,5465600,LMT
2009-10-29,68.54000091552734,69.63999938964844,67.38999938964844,69.48999786376953,41.47090530395508,4762900,LMT
2009-10-30,69.38999938964844,69.66999816894531,68.44000244140625,68.79000091552734,41.05317306518555,3955400,LMT
2009-11-02,69.04000091552734,69.38999938964844,68.33000183105469,68.87000274658203,41.10090637207031,2754600,LMT
2009-11-03,68.5,69.41000366210938,67.9000015258789,69.4000015258789,41.41719436645508,3479100,LMT
2009-11-04,69.62000274658203,71.73999786376953,69.16999816894531,70.4000015258789,42.013999938964844,4248600,LMT
2009-11-05,70.81999969482422,72.86000061035156,70.68000030517578,72.86000061035156,43.48210525512695,3835000,LMT
2009-11-06,72.19000244140625,73.93000030517578,72.19000244140625,73.7699966430664,44.025184631347656,3442100,LMT
2009-11-09,74.0999984741211,75.6500015258789,73.7699966430664,75.58999633789062,45.11131286621094,3188000,LMT
2009-11-10,75.4000015258789,75.54000091552734,74.4000015258789,74.5999984741211,44.52050018310547,2789000,LMT
2009-11-11,75.04000091552734,75.81999969482422,74.7300033569336,75.08000183105469,44.80696105957031,2430000,LMT
2009-11-12,75.0,75.12000274658203,73.68000030517578,74.0999984741211,44.22211456298828,3618400,LMT
2009-11-13,74.16000366210938,76.19000244140625,74.16000366210938,76.06999969482422,45.39779281616211,3105100,LMT
2009-11-16,76.36000061035156,77.5999984741211,76.31999969482422,76.9800033569336,45.940879821777344,2859000,LMT
2009-11-17,76.86000061035156,77.02999877929688,75.8499984741211,76.30999755859375,45.5410041809082,2096500,LMT
2009-11-18,76.41000366210938,76.80000305175781,75.08999633789062,75.36000061035156,44.97407913208008,2767300,LMT
2009-11-19,75.19000244140625,75.44999694824219,73.80999755859375,75.27999877929688,44.92632293701172,2505500,LMT
2009-11-20,74.91999816894531,76.3499984741211,74.66000366210938,76.0999984741211,45.41569900512695,2844200,LMT
2009-11-23,76.62000274658203,77.31999969482422,76.58000183105469,77.27999877929688,46.11989974975586,2249100,LMT
2009-11-24,77.30000305175781,77.63999938964844,76.31999969482422,77.55999755859375,46.28701400756836,2692500,LMT
2009-11-25,77.41000366210938,78.66999816894531,77.19999694824219,78.5999984741211,46.90765380859375,3050700,LMT
2009-11-27,76.5999984741211,77.55000305175781,76.12000274658203,77.0999984741211,46.384273529052734,1284900,LMT
2009-11-30,76.9800033569336,77.41999816894531,76.12999725341797,77.2300033569336,46.462467193603516,2930000,LMT
2009-12-01,77.7300033569336,79.1500015258789,77.5,78.93000030517578,47.48520278930664,2864300,LMT
2009-12-02,78.98999786376953,79.08000183105469,77.44000244140625,78.19000244140625,47.04001998901367,3013400,LMT
2009-12-03,78.2699966430664,78.66999816894531,77.31999969482422,77.47000122070312,46.60685729980469,1730100,LMT
2009-12-04,78.47000122070312,79.6500015258789,77.7699966430664,78.20999908447266,47.05204391479492,2955700,LMT
2009-12-07,78.43000030517578,79.04000091552734,77.9800033569336,78.66999816894531,47.32881164550781,2140200,LMT
2009-12-08,78.20999908447266,78.47000122070312,77.01000213623047,77.66000366210938,46.721195220947266,1400500,LMT
2009-12-09,76.87999725341797,76.87999725341797,74.43000030517578,75.4000015258789,45.361541748046875,5475400,LMT
2009-12-10,75.5199966430664,76.18000030517578,75.22000122070312,75.9800033569336,45.71044921875,3215100,LMT
2009-12-11,76.48999786376953,77.44999694824219,76.04000091552734,76.77999877929688,46.19173812866211,2844500,LMT
2009-12-14,77.05000305175781,78.37000274658203,76.80999755859375,77.81999969482422,46.81743240356445,3194000,LMT
2009-12-15,77.5,77.83000183105469,77.1500015258789,77.61000061035156,46.69109344482422,2545500,LMT
2009-12-16,78.19999694824219,78.47000122070312,77.41999816894531,77.45999908447266,46.6008415222168,2362400,LMT
2009-12-17,77.12999725341797,77.30000305175781,76.0199966430664,76.08000183105469,45.7706184387207,4610100,LMT
2009-12-18,76.38999938964844,76.5999984741211,75.7699966430664,76.33999633789062,45.927024841308594,3271000,LMT
2009-12-21,76.38999938964844,77.41000366210938,76.18000030517578,76.2699966430664,45.884925842285156,2558500,LMT
2009-12-22,76.06999969482422,76.87999725341797,75.41000366210938,75.6500015258789,45.51191711425781,1947900,LMT
2009-12-23,75.93000030517578,76.08000183105469,75.13999938964844,75.2300033569336,45.259246826171875,2211000,LMT
2009-12-24,75.61000061035156,75.69999694824219,74.94999694824219,75.11000061035156,45.18705749511719,828800,LMT
2009-12-28,75.12000274658203,75.7699966430664,74.7699966430664,75.69999694824219,45.5420036315918,1672000,LMT
2009-12-29,75.95999908447266,77.22000122070312,75.95999908447266,76.66000366210938,46.119544982910156,2303900,LMT
2009-12-30,76.29000091552734,77.08000183105469,75.81999969482422,76.12000274658203,45.7946891784668,1673800,LMT
2009-12-31,76.30000305175781,76.38999938964844,75.19000244140625,75.3499984741211,45.331459045410156,1414000,LMT
2010-01-04,75.87000274658203,76.94999694824219,75.5199966430664,76.8499984741211,46.233856201171875,2408300,LMT
2010-01-05,76.62000274658203,77.79000091552734,76.55000305175781,77.6500015258789,46.71516799926758,2356500,LMT
2010-01-06,76.0999984741211,77.19000244140625,75.8499984741211,76.51000213623047,46.02932357788086,5208100,LMT
2010-01-07,76.16999816894531,76.19999694824219,73.61000061035156,74.41000366210938,44.76591491699219,7038300,LMT
2010-01-08,74.3499984741211,75.94000244140625,74.31999969482422,75.61000061035156,45.48785400390625,3629400,LMT
2010-01-11,75.76000213623047,76.19000244140625,75.19000244140625,75.97000122070312,45.704437255859375,1973500,LMT
2010-01-12,75.75,76.47000122070312,75.30999755859375,75.95999908447266,45.69844055175781,2119000,LMT
2010-01-13,76.16000366210938,77.0199966430664,75.70999908447266,76.87999725341797,46.25191116333008,2245100,LMT
2010-01-14,76.79000091552734,77.02999877929688,76.1500015258789,76.83999633789062,46.22784423828125,1954500,LMT
2010-01-15,76.95999908447266,77.19000244140625,76.33000183105469,76.76000213623047,46.179710388183594,2041900,LMT
2010-01-19,76.80000305175781,78.69999694824219,76.55000305175781,78.30999755859375,47.112220764160156,3765500,LMT
2010-01-20,77.80999755859375,78.30000305175781,76.81999969482422,78.11000061035156,46.99189758300781,3128200,LMT
2010-01-21,78.05000305175781,78.58000183105469,76.47000122070312,76.9800033569336,46.31208038330078,2304400,LMT
2010-01-22,76.75,77.30999755859375,75.5,75.58000183105469,45.46982192993164,2072100,LMT
2010-01-25,76.25,77.4800033569336,75.81999969482422,76.76000213623047,46.179710388183594,2559200,LMT
2010-01-26,76.41999816894531,77.3499984741211,75.8499984741211,76.77999877929688,46.19173812866211,2835100,LMT
2010-01-27,76.69000244140625,77.33999633789062,76.0,77.12999725341797,46.402313232421875,3054500,LMT
2010-01-28,78.43000030517578,78.47000122070312,75.25,76.1500015258789,45.81272506713867,3542400,LMT
2010-01-29,76.16000366210938,76.44999694824219,74.37000274658203,74.5199966430664,44.832115173339844,3249800,LMT
2010-02-01,75.33999633789062,75.33999633789062,74.27999877929688,74.88999938964844,45.05470657348633,2781100,LMT
2010-02-02,75.0,76.76000213623047,74.88999938964844,76.55000305175781,46.053382873535156,2995600,LMT
2010-02-03,76.18000030517578,76.94999694824219,75.83999633789062,76.69000244140625,46.13759994506836,2647600,LMT
2010-02-04,76.25,77.12000274658203,75.94999694824219,76.0,45.72249984741211,4992800,LMT
2010-02-05,75.8499984741211,76.62000274658203,74.04000091552734,75.72000122070312,45.55403518676758,5029700,LMT
2010-02-08,75.68000030517578,75.86000061035156,74.47000122070312,74.52999877929688,44.83811950683594,4308100,LMT
2010-02-09,75.16999816894531,75.98999786376953,74.69999694824219,75.44999694824219,45.39161682128906,3697800,LMT
2010-02-10,75.3499984741211,75.58999633789062,74.69999694824219,75.11000061035156,45.18705749511719,2798600,LMT
2010-02-11,74.9000015258789,76.41999816894531,74.51000213623047,76.3499984741211,45.93307113647461,3432500,LMT
2010-02-12,75.7300033569336,75.95999908447266,75.0199966430664,75.58000183105469,45.46982192993164,2478500,LMT
2010-02-16,75.91999816894531,76.33000183105469,75.4800033569336,76.02999877929688,45.74053192138672,2531400,LMT
2010-02-17,76.1500015258789,76.7699966430664,75.5199966430664,76.37000274658203,45.94508743286133,2060100,LMT
2010-02-18,76.16999816894531,77.44000244140625,76.1500015258789,77.33000183105469,46.52263641357422,2687400,LMT
2010-02-19,77.19000244140625,77.45999908447266,76.63999938964844,77.20999908447266,46.45044708251953,2801000,LMT
2010-02-22,77.19000244140625,77.7300033569336,76.55000305175781,76.94000244140625,46.288002014160156,3029100,LMT
2010-02-23,76.83999633789062,78.05000305175781,76.73999786376953,76.9000015258789,46.263946533203125,2900000,LMT
2010-02-24,77.16999816894531,77.69000244140625,76.93000030517578,77.55999755859375,46.6610221862793,2379300,LMT
2010-02-25,76.0,77.04000091552734,75.62000274658203,76.98999786376953,46.697391510009766,2047900,LMT
2010-02-26,76.88999938964844,77.94000244140625,76.69999694824219,77.76000213623047,47.164432525634766,2636000,LMT
2010-03-01,77.75,79.41999816894531,77.69000244140625,78.86000061035156,47.831626892089844,2436600,LMT
2010-03-02,79.22000122070312,80.08999633789062,78.97000122070312,79.20999908447266,48.043907165527344,2727900,LMT
2010-03-03,79.7300033569336,80.05000305175781,78.72000122070312,78.8499984741211,47.82555389404297,1958900,LMT
2010-03-04,79.19000244140625,79.83000183105469,78.61000061035156,79.2699966430664,48.0803108215332,1850000,LMT
2010-03-05,79.41999816894531,81.33000183105469,79.41999816894531,81.2699966430664,49.29338455200195,3194500,LMT
2010-03-08,81.19000244140625,81.97000122070312,81.06999969482422,81.08999633789062,49.1842041015625,2440100,LMT
2010-03-09,81.01000213623047,82.44999694824219,80.83999633789062,82.22000122070312,49.869606018066406,2553800,LMT
2010-03-10,82.48999786376953,82.95999908447266,82.2300033569336,82.58000183105469,50.08795928955078,2308000,LMT
2010-03-11,82.19999694824219,83.23999786376953,80.31999969482422,83.02999877929688,50.36089324951172,3114300,LMT
2010-03-12,83.08999633789062,83.3499984741211,82.58000183105469,83.08999633789062,50.39729309082031,2008600,LMT
2010-03-15,83.13999938964844,84.26000213623047,83.05999755859375,84.12000274658203,51.022003173828125,2630900,LMT
2010-03-16,84.30000305175781,84.98999786376953,84.13999938964844,84.62000274658203,51.325286865234375,4087500,LMT
2010-03-17,84.7699966430664,85.19999694824219,84.5,84.86000061035156,51.470855712890625,2587500,LMT
2010-03-18,84.73999786376953,86.12999725341797,84.33999633789062,85.94000244140625,52.12592315673828,2923100,LMT
2010-03-19,86.9000015258789,87.18000030517578,86.0999984741211,86.9000015258789,52.70819091796875,4031700,LMT
2010-03-22,85.38999938964844,86.3499984741211,85.12000274658203,85.70999908447266,51.98643493652344,3012700,LMT
2010-03-23,85.5,85.75,84.41999816894531,84.77999877929688,51.42234802246094,3327800,LMT
2010-03-24,84.68000030517578,84.70999908447266,83.45999908447266,83.87999725341797,50.876426696777344,2092500,LMT
2010-03-25,83.93000030517578,84.58000183105469,83.48999786376953,83.52999877929688,50.664161682128906,1531900,LMT
2010-03-26,83.94000244140625,84.58000183105469,83.52999877929688,84.23999786376953,51.09481430053711,1674200,LMT
2010-03-29,84.54000091552734,85.2300033569336,84.52999877929688,84.81999969482422,51.44662094116211,1343400,LMT
2010-03-30,84.69999694824219,85.02999877929688,83.61000061035156,84.08999633789062,51.003822326660156,1546900,LMT
2010-03-31,83.87999725341797,83.87999725341797,82.88999938964844,83.22000122070312,50.47612762451172,2260600,LMT
2010-04-01,83.61000061035156,84.25,83.19999694824219,83.87999725341797,50.876426696777344,1856400,LMT
2010-04-05,84.0,84.48999786376953,83.56999969482422,83.83999633789062,50.852176666259766,1151700,LMT
2010-04-06,83.62000274658203,83.62000274658203,82.27999877929688,82.5199966430664,50.05155563354492,2228900,LMT
2010-04-07,82.22000122070312,82.80999755859375,81.97000122070312,82.19000244140625,49.85140609741211,1615300,LMT
2010-04-08,82.2300033569336,82.58999633789062,81.98999786376953,82.19000244140625,49.85140609741211,1323100,LMT
2010-04-09,82.44000244140625,82.81999969482422,81.87999725341797,82.79000091552734,50.21530532836914,1077100,LMT
2010-04-12,82.72000122070312,83.19999694824219,82.52999877929688,82.91999816894531,50.294193267822266,1137800,LMT
2010-04-13,82.83999633789062,82.91999816894531,82.13999938964844,82.5999984741211,50.10007858276367,1273300,LMT
2010-04-14,82.62999725341797,82.69000244140625,81.48999786376953,82.61000061035156,50.10615158081055,1855800,LMT
2010-04-15,82.68000030517578,83.58000183105469,82.61000061035156,83.22000122070312,50.47612762451172,1451200,LMT
2010-04-16,83.30999755859375,83.54000091552734,82.02999877929688,82.98999786376953,50.33664321899414,2595500,LMT
2010-04-19,82.94999694824219,84.27999877929688,82.87000274658203,84.19999694824219,51.07052993774414,2264400,LMT
2010-04-20,84.5199966430664,85.41999816894531,84.26000213623047,84.97000122070312,51.53759765625,2275800,LMT
2010-04-21,84.83999633789062,86.8499984741211,84.29000091552734,86.25,52.313941955566406,2372300,LMT
2010-04-22,85.88999938964844,86.77999877929688,85.41000366210938,86.66999816894531,52.56867218017578,2704400,LMT
2010-04-23,86.7300033569336,86.91999816894531,85.94000244140625,86.91999816894531,52.72032165527344,1332900,LMT
2010-04-26,87.02999877929688,87.05999755859375,85.91999816894531,86.08999633789062,52.216880798339844,1550200,LMT
2010-04-27,85.98999786376953,86.2699966430664,84.19000244140625,84.5,51.25250244140625,2892600,LMT
2010-04-28,84.87999725341797,85.2300033569336,83.88999938964844,84.95999908447266,51.531517028808594,1758900,LMT
2010-04-29,85.44000244140625,86.6500015258789,85.44000244140625,86.37000274658203,52.38671875,1534300,LMT
2010-04-30,86.23999786376953,86.87000274658203,84.88999938964844,84.88999938964844,51.48905563354492,1555400,LMT
2010-05-03,85.29000091552734,86.9800033569336,85.02999877929688,86.75,52.61720657348633,1485200,LMT
2010-05-04,86.27999877929688,86.30999755859375,85.0,85.4000015258789,51.79838943481445,2416100,LMT
2010-05-05,84.44000244140625,85.94000244140625,84.44000244140625,84.83999633789062,51.458740234375,2062500,LMT
2010-05-06,84.5,85.7300033569336,78.73999786376953,82.8499984741211,50.251708984375,3665700,LMT
2010-05-07,82.33000183105469,83.26000213623047,80.55000305175781,81.2699966430664,49.29338455200195,4108400,LMT
2010-05-10,83.9800033569336,84.88999938964844,82.63999938964844,83.62000274658203,50.71875,2659400,LMT
2010-05-11,83.01000213623047,83.94999694824219,82.63999938964844,83.0999984741211,50.403350830078125,2421000,LMT
2010-05-12,83.48999786376953,84.0199966430664,82.95999908447266,83.41000366210938,50.59138870239258,2433900,LMT
2010-05-13,83.44999694824219,83.91999816894531,82.05999755859375,82.3499984741211,49.948429107666016,2181700,LMT
2010-05-14,81.77999877929688,82.16000366210938,80.0999984741211,80.79000091552734,49.00225830078125,2417100,LMT
2010-05-17,80.97000122070312,81.69999694824219,80.18000030517578,81.30999755859375,49.317630767822266,2599600,LMT
2010-05-18,81.61000061035156,82.70999908447266,80.62999725341797,81.0,49.12961959838867,3007200,LMT
2010-05-19,80.7699966430664,81.01000213623047,78.9800033569336,80.5,48.826324462890625,2572500,LMT
2010-05-20,79.31999969482422,79.5999984741211,77.55000305175781,77.55000305175781,47.03705978393555,3519400,LMT
2010-05-21,76.2699966430664,81.19000244140625,76.05999755859375,81.16000366210938,49.22667694091797,5904300,LMT
2010-05-24,80.76000213623047,81.11000061035156,79.66999816894531,79.80000305175781,48.401771545410156,2511900,LMT
2010-05-25,78.55999755859375,80.76000213623047,78.19000244140625,80.4000015258789,48.76570129394531,4258200,LMT
2010-05-26,80.94000244140625,81.37000274658203,79.70999908447266,79.7300033569336,48.35930633544922,3549200,LMT
2010-05-27,80.5999984741211,80.5999984741211,79.62000274658203,80.55999755859375,49.25190353393555,2488700,LMT
2010-05-28,80.41999816894531,80.75,79.72000122070312,79.91999816894531,48.86064529418945,1907900,LMT
2010-06-01,79.8499984741211,80.9000015258789,78.97000122070312,79.16999816894531,48.40210723876953,1806500,LMT
2010-06-02,79.30000305175781,79.83999633789062,78.45999908447266,79.80000305175781,48.787288665771484,2551100,LMT
2010-06-03,79.80999755859375,80.31999969482422,79.33999633789062,79.70999908447266,48.73224639892578,1797900,LMT
2010-06-04,78.76000213623047,78.76000213623047,77.16999816894531,77.38999938964844,47.313873291015625,2274200,LMT
2010-06-07,77.98999786376953,77.98999786376953,76.22000122070312,76.31999969482422,46.65971755981445,2469900,LMT
2010-06-08,76.30000305175781,77.27999877929688,75.73999786376953,77.0,47.075439453125,2301600,LMT
2010-06-09,77.04000091552734,78.54000091552734,77.0,77.33999633789062,47.2833137512207,2256100,LMT
2010-06-10,77.97000122070312,78.83000183105469,77.5199966430664,78.47000122070312,47.9741325378418,2099500,LMT
2010-06-11,77.80999755859375,78.86000061035156,77.41999816894531,78.75,48.145347595214844,1455800,LMT
2010-06-14,79.25,80.66999816894531,79.25,79.66999816894531,48.707794189453125,2311200,LMT
2010-06-15,80.19000244140625,80.88999938964844,79.94999694824219,80.83999633789062,49.423091888427734,2167000,LMT
2010-06-16,80.45999908447266,81.5999984741211,80.41999816894531,81.19999694824219,49.643184661865234,1208800,LMT
2010-06-17,80.95999908447266,81.44999694824219,79.98999786376953,80.94999694824219,49.4903450012207,1826400,LMT
2010-06-18,81.08999633789062,81.08999633789062,80.01000213623047,80.69000244140625,49.33140563964844,2606000,LMT
2010-06-21,81.44999694824219,81.69999694824219,79.61000061035156,80.06999969482422,48.95233917236328,2147700,LMT
2010-06-22,79.95999908447266,81.13999938964844,79.7699966430664,79.86000061035156,48.82396697998047,1894200,LMT
2010-06-23,80.06999969482422,80.56999969482422,79.23999786376953,79.69000244140625,48.72003173828125,2231200,LMT
2010-06-24,79.44000244140625,80.0199966430664,78.0,78.12000274658203,47.760169982910156,1728200,LMT
2010-06-25,78.12000274658203,78.5,77.58000183105469,78.05000305175781,47.71737289428711,3091600,LMT
2010-06-28,78.3499984741211,78.63999938964844,77.58000183105469,77.58000183105469,47.4300537109375,1602600,LMT
2010-06-29,77.08000183105469,77.33999633789062,74.62000274658203,75.1500015258789,45.94440841674805,3106900,LMT
2010-06-30,75.0,75.5199966430664,74.36000061035156,74.5,45.54701232910156,2659600,LMT
2010-07-01,74.5,74.95999908447266,73.77999877929688,74.45999908447266,45.522552490234375,2332400,LMT
2010-07-02,74.73999786376953,75.0199966430664,73.88999938964844,74.44000244140625,45.51033401489258,1499900,LMT
2010-07-06,75.02999877929688,75.31999969482422,73.6500015258789,74.33000183105469,45.443077087402344,1810400,LMT
2010-07-07,74.27999877929688,75.4800033569336,73.80000305175781,75.41000366210938,46.103389739990234,2167600,LMT
2010-07-08,75.58000183105469,76.20999908447266,75.22000122070312,76.1500015258789,46.55577087402344,2065400,LMT
2010-07-09,75.93000030517578,76.01000213623047,74.61000061035156,75.23999786376953,45.999412536621094,1996800,LMT
2010-07-12,74.94000244140625,75.19999694824219,74.23999786376953,74.73999786376953,45.693748474121094,1551300,LMT
2010-07-13,75.0999984741211,75.9800033569336,75.0999984741211,75.52999877929688,46.176719665527344,1958800,LMT
2010-07-14,75.22000122070312,76.2300033569336,75.04000091552734,75.5,46.15837478637695,2442300,LMT
2010-07-15,75.58000183105469,76.1500015258789,75.01000213623047,75.94999694824219,46.43349075317383,2153300,LMT
2010-07-16,75.61000061035156,76.08999633789062,73.83000183105469,73.93000030517578,45.198543548583984,1960300,LMT
2010-07-19,74.33999633789062,74.73999786376953,73.7300033569336,74.05000305175781,45.27189636230469,1370100,LMT
2010-07-20,73.1500015258789,73.9800033569336,72.3499984741211,73.9000015258789,45.18019104003906,2911300,LMT
2010-07-21,74.27999877929688,74.58999633789062,73.13999938964844,73.66000366210938,45.03346633911133,3112900,LMT
2010-07-22,74.41000366210938,74.80999755859375,73.77999877929688,74.25,45.3941764831543,3105000,LMT
2010-07-23,74.37999725341797,74.83000183105469,73.9000015258789,73.94999694824219,45.210758209228516,2886600,LMT
2010-07-26,73.8499984741211,75.2699966430664,73.8499984741211,74.87999725341797,45.779327392578125,3181300,LMT
2010-07-27,75.30000305175781,76.33999633789062,74.77999877929688,74.87000274658203,45.77321243286133,3358000,LMT
2010-07-28,75.06999969482422,75.66999816894531,74.25,75.23999786376953,45.999412536621094,1762700,LMT
2010-07-29,75.70999908447266,75.70999908447266,74.12999725341797,74.94999694824219,45.822147369384766,1919000,LMT
2010-07-30,74.26000213623047,75.44000244140625,74.26000213623047,75.1500015258789,45.94440841674805,2686900,LMT
2010-08-02,75.83999633789062,76.0,74.9800033569336,75.9000015258789,46.40293884277344,1776000,LMT
2010-08-03,75.80999755859375,75.80999755859375,75.2699966430664,75.43000030517578,46.1155891418457,1829100,LMT
2010-08-04,75.58999633789062,75.58999633789062,74.91000366210938,75.0199966430664,45.864925384521484,2626700,LMT
2010-08-05,74.5,75.68000030517578,74.25,75.02999877929688,45.87104415893555,2706200,LMT
2010-08-06,74.4000015258789,75.06999969482422,74.19999694824219,75.06999969482422,45.89550018310547,1323600,LMT
2010-08-09,75.18000030517578,75.73999786376953,75.13999938964844,75.5999984741211,46.21952438354492,979400,LMT
2010-08-10,75.23999786376953,75.25,73.62000274658203,75.05000305175781,45.883296966552734,2133800,LMT
2010-08-11,74.0999984741211,74.19999694824219,72.75,73.12000274658203,44.703311920166016,2661100,LMT
2010-08-12,72.37000274658203,72.93000030517578,72.0,72.4800033569336,44.312049865722656,2164700,LMT
2010-08-13,72.23999786376953,73.5199966430664,72.22000122070312,72.72000122070312,44.458763122558594,2095300,LMT
2010-08-16,72.41999816894531,72.41999816894531,71.51000213623047,71.94000244140625,43.981910705566406,3378200,LMT
2010-08-17,72.4000015258789,73.37000274658203,71.95999908447266,72.41999816894531,44.27536392211914,3620000,LMT
2010-08-18,72.5,73.91000366210938,72.29000091552734,73.66000366210938,45.03346633911133,2956300,LMT
2010-08-19,73.33000183105469,73.72000122070312,72.66000366210938,73.08000183105469,44.67887496948242,3112800,LMT
2010-08-20,72.4800033569336,73.3499984741211,72.4800033569336,73.19999694824219,44.75224685668945,2467900,LMT
2010-08-23,73.68000030517578,73.72000122070312,72.41000366210938,72.4800033569336,44.312049865722656,2499400,LMT
2010-08-24,71.94000244140625,72.08999633789062,71.12999725341797,71.25,43.56007385253906,2416100,LMT
2010-08-25,70.79000091552734,72.08000183105469,70.0,71.66999816894531,43.81684112548828,2501000,LMT
2010-08-26,71.73999786376953,72.31999969482422,71.33000183105469,71.54000091552734,43.73735809326172,1332900,LMT
2010-08-27,71.93000030517578,72.30000305175781,71.18000030517578,72.2699966430664,44.18366622924805,1738900,LMT
2010-08-30,70.6500015258789,71.13999938964844,70.13999938964844,70.22000122070312,43.307884216308594,1867000,LMT
2010-08-31,69.93000030517578,70.19999694824219,69.36000061035156,69.5199966430664,42.87615203857422,2714200,LMT
2010-09-01,70.08999633789062,70.63999938964844,69.77999877929688,69.93000030517578,43.1290397644043,3227300,LMT
2010-09-02,69.77999877929688,70.31999969482422,69.6500015258789,70.31999969482422,43.36956024169922,2828500,LMT
2010-09-03,70.77999877929688,70.93000030517578,70.37999725341797,70.72000122070312,43.61625671386719,2039200,LMT
2010-09-07,70.66000366210938,70.69999694824219,69.48999786376953,69.58999633789062,42.919334411621094,2059700,LMT
2010-09-08,68.8499984741211,69.61000061035156,68.62000274658203,68.86000061035156,42.46910095214844,3570900,LMT
2010-09-09,69.69999694824219,69.93000030517578,69.1500015258789,69.37000274658203,42.783653259277344,1887900,LMT
2010-09-10,69.38999938964844,70.55999755859375,69.19000244140625,70.37999725341797,43.40654373168945,2240300,LMT
2010-09-13,71.06999969482422,71.18000030517578,69.06999969482422,69.44999694824219,42.83298873901367,2685600,LMT
2010-09-14,69.44999694824219,69.58000183105469,68.41000366210938,68.4800033569336,42.23474884033203,2993500,LMT
2010-09-15,68.41000366210938,68.7699966430664,68.19000244140625,68.4800033569336,42.23474884033203,2186700,LMT
2010-09-16,68.37999725341797,68.83999633789062,68.26000213623047,68.51000213623047,42.25326156616211,1673700,LMT
2010-09-17,68.80999755859375,70.12999725341797,68.7699966430664,69.75,43.01802062988281,3766700,LMT
2010-09-20,70.0,70.91999816894531,69.5199966430664,70.70999908447266,43.6100959777832,2863400,LMT
2010-09-21,70.58000183105469,72.05999755859375,70.51000213623047,71.6500015258789,44.18982696533203,3115300,LMT
2010-09-22,71.3499984741211,72.30000305175781,71.20999908447266,71.80000305175781,44.282352447509766,2687000,LMT
2010-09-23,71.38999938964844,72.16000366210938,71.19999694824219,71.66999816894531,44.20217514038086,2329400,LMT
2010-09-24,71.70999908447266,73.19000244140625,71.30999755859375,73.12999725341797,45.10260772705078,2708000,LMT
2010-09-27,73.23999786376953,73.44999694824219,72.36000061035156,72.37999725341797,44.64005661010742,2355800,LMT
2010-09-28,72.51000213623047,72.5999984741211,71.81999969482422,72.47000122070312,44.69556427001953,1722900,LMT
2010-09-29,72.16000366210938,72.4000015258789,71.33000183105469,71.88999938964844,44.337852478027344,3270300,LMT
2010-09-30,72.33000183105469,72.48999786376953,71.0999984741211,71.27999877929688,43.96163558959961,3425200,LMT
2010-10-01,71.52999877929688,71.55000305175781,69.0,69.61000061035156,42.931671142578125,7529800,LMT
2010-10-04,69.62999725341797,70.54000091552734,69.25,69.3499984741211,42.771297454833984,3407800,LMT
2010-10-05,69.95999908447266,70.87000274658203,69.3499984741211,70.5999984741211,43.5422477722168,2748800,LMT
2010-10-06,70.37999725341797,71.5,70.37999725341797,70.9000015258789,43.727272033691406,3682500,LMT
2010-10-07,70.98999786376953,71.16000366210938,70.25,70.62999725341797,43.56074905395508,1797300,LMT
2010-10-08,70.86000061035156,70.87000274658203,69.97000122070312,70.0999984741211,43.2338752746582,2951700,LMT
2010-10-11,70.18000030517578,70.61000061035156,69.55000305175781,70.4800033569336,43.4682502746582,2211300,LMT
2010-10-12,70.68000030517578,70.7699966430664,69.56999969482422,70.55000305175781,43.51141357421875,2087500,LMT
2010-10-13,70.95999908447266,71.26000213623047,70.7300033569336,71.12000274658203,43.86295700073242,2303600,LMT
2010-10-14,71.1500015258789,71.43000030517578,70.06999969482422,70.19999694824219,43.2955322265625,2459800,LMT
2010-10-15,70.69999694824219,70.88999938964844,69.6500015258789,70.0199966430664,43.18450927734375,2776800,LMT
2010-10-18,69.9000015258789,70.19000244140625,69.5,70.04000091552734,43.19686508178711,2649200,LMT
2010-10-19,68.48999786376953,69.69999694824219,67.87000274658203,69.47000122070312,42.84532165527344,6314400,LMT
2010-10-20,69.44000244140625,69.97000122070312,69.33000183105469,69.83000183105469,43.067344665527344,2924900,LMT
2010-10-21,69.83000183105469,71.88999938964844,69.83000183105469,71.83999633789062,44.307003021240234,3994100,LMT
2010-10-22,71.7699966430664,71.83999633789062,71.1500015258789,71.77999877929688,44.270015716552734,2166400,LMT
2010-10-25,72.27999877929688,72.69000244140625,71.27999877929688,71.41000366210938,44.04182052612305,2488700,LMT
2010-10-26,71.05999755859375,72.12999725341797,71.05999755859375,71.80000305175781,44.282352447509766,2236800,LMT
2010-10-27,71.30000305175781,71.55000305175781,70.45999908447266,70.88999938964844,43.721107482910156,2856600,LMT
2010-10-28,71.3499984741211,71.66999816894531,70.31999969482422,71.0199966430664,43.8012809753418,1847500,LMT
2010-10-29,70.80999755859375,71.5199966430664,70.75,71.29000091552734,43.967796325683594,1560700,LMT
2010-11-01,71.70999908447266,72.19999694824219,70.94999694824219,71.47000122070312,44.078826904296875,1575200,LMT
2010-11-02,72.0,72.44999694824219,70.9000015258789,71.63999938964844,44.18366241455078,2471000,LMT
2010-11-03,71.7699966430664,71.94000244140625,70.38999938964844,70.93000030517578,43.74578857421875,3339700,LMT
2010-11-04,71.48999786376953,72.12000274658203,70.5999984741211,71.95999908447266,44.381019592285156,2782600,LMT
2010-11-05,71.88999938964844,73.69999694824219,71.86000061035156,73.2699966430664,45.1889533996582,3674100,LMT
2010-11-08,73.36000061035156,73.58999633789062,72.98999786376953,73.29000091552734,45.2012939453125,2121700,LMT
2010-11-09,73.33999633789062,73.4000015258789,72.2300033569336,72.55000305175781,44.744903564453125,2094900,LMT
2010-11-10,72.45999908447266,72.45999908447266,71.68000030517578,71.91999816894531,44.356353759765625,2471500,LMT
2010-11-11,71.2300033569336,71.25,69.91000366210938,70.11000061035156,43.24005126953125,4855500,LMT
2010-11-12,69.9000015258789,70.30000305175781,69.47000122070312,69.48999786376953,42.8576545715332,2846000,LMT
2010-11-15,69.7300033569336,70.11000061035156,69.37000274658203,69.37000274658203,42.783653259277344,2479500,LMT
2010-11-16,69.16000366210938,69.48999786376953,68.11000061035156,68.68000030517578,42.358089447021484,2720400,LMT
2010-11-17,68.81999969482422,69.06999969482422,67.70999908447266,68.55000305175781,42.27793502807617,3621600,LMT
2010-11-18,68.91000366210938,69.30999755859375,68.08999633789062,69.1500015258789,42.647972106933594,7819600,LMT
2010-11-19,69.1500015258789,69.73999786376953,69.0999984741211,69.43000030517578,42.820655822753906,7133700,LMT
2010-11-22,69.33000183105469,69.41000366210938,68.13999938964844,68.63999938964844,42.33342361450195,7876000,LMT
2010-11-23,68.23999786376953,68.91000366210938,68.13999938964844,68.31999969482422,42.136070251464844,2363000,LMT
2010-11-24,68.6500015258789,69.22000122070312,68.5,69.16000366210938,42.65413284301758,2770500,LMT
2010-11-26,68.58999633789062,69.11000061035156,68.41999816894531,68.80000305175781,42.43211364746094,1441500,LMT
2010-11-29,68.0,68.4000015258789,67.70999908447266,68.19999694824219,42.52564239501953,2555700,LMT
2010-11-30,67.69999694824219,68.47000122070312,67.68000030517578,68.04000091552734,42.42586898803711,2383200,LMT
2010-12-01,68.6500015258789,69.54000091552734,68.6500015258789,69.4000015258789,43.27388381958008,2426500,LMT
2010-12-02,69.66000366210938,70.0999984741211,69.41999816894531,69.80000305175781,43.5233039855957,3108600,LMT
2010-12-03,69.47000122070312,69.95999908447266,68.51000213623047,69.18000030517578,43.13670349121094,2765500,LMT
2010-12-06,69.25,69.2699966430664,68.51000213623047,68.77999877929688,42.88730239868164,1917200,LMT
2010-12-07,69.33999633789062,69.7699966430664,68.94000244140625,69.44999694824219,43.305076599121094,2523900,LMT
2010-12-08,69.37000274658203,69.83000183105469,68.7300033569336,68.7300033569336,42.856117248535156,2555700,LMT
2010-12-09,68.94999694824219,69.05999755859375,68.0199966430664,68.30999755859375,42.59423828125,3693500,LMT
2010-12-10,68.38999938964844,68.91999816894531,68.30999755859375,68.83999633789062,42.92470169067383,3243600,LMT
2010-12-13,68.86000061035156,69.02999877929688,68.37999725341797,68.62000274658203,42.78752136230469,2834900,LMT
2010-12-14,68.83000183105469,70.31999969482422,68.73999786376953,70.0199966430664,43.660465240478516,2808700,LMT
2010-12-15,69.69000244140625,70.08000183105469,69.52999877929688,69.72000122070312,43.473426818847656,1869900,LMT
2010-12-16,69.9000015258789,70.41999816894531,69.30000305175781,70.37000274658203,43.87872314453125,1782200,LMT
2010-12-17,70.27999877929688,70.27999877929688,69.56999969482422,70.06999969482422,43.69166946411133,2826900,LMT
2010-12-20,69.79000091552734,70.16000366210938,69.44000244140625,69.6500015258789,43.42976760864258,2407900,LMT
2010-12-21,70.04000091552734,70.19000244140625,69.5,69.80000305175781,43.5233039855957,2749300,LMT
2010-12-22,69.69000244140625,69.77999877929688,69.30999755859375,69.3499984741211,43.242706298828125,3104900,LMT
2010-12-23,69.43000030517578,69.58000183105469,69.0,69.25,43.180335998535156,2121000,LMT
2010-12-27,69.0,69.41000366210938,68.80999755859375,69.30999755859375,43.217769622802734,1310400,LMT
2010-12-28,69.37000274658203,69.63999938964844,68.94999694824219,69.58000183105469,43.38611602783203,1445100,LMT
2010-12-29,69.7300033569336,69.87000274658203,69.0999984741211,69.12999725341797,43.10553741455078,1764600,LMT
2010-12-30,69.30999755859375,69.52999877929688,68.6500015258789,68.69000244140625,42.83118438720703,2316000,LMT
2010-12-31,68.83000183105469,69.95999908447266,68.6500015258789,69.91000366210938,43.59189224243164,2489600,LMT
2011-01-03,70.19999694824219,70.37999725341797,69.62000274658203,69.87000274658203,43.56696319580078,2004700,LMT
2011-01-04,69.81999969482422,70.62000274658203,69.69999694824219,70.30999755859375,43.84131622314453,2702200,LMT
2011-01-05,70.12999725341797,71.95999908447266,70.01000213623047,71.91999816894531,44.84521484375,4465400,LMT
2011-01-06,72.45999908447266,73.95999908447266,72.19000244140625,73.18000030517578,45.63086700439453,6454300,LMT
2011-01-07,73.19000244140625,73.88999938964844,72.75,73.62999725341797,45.91147232055664,4151400,LMT
2011-01-10,73.75,74.18000030517578,73.16000366210938,73.58999633789062,45.88655090332031,4649300,LMT
2011-01-11,74.0,74.0,73.37999725341797,73.6500015258789,45.9239501953125,4606400,LMT
2011-01-12,74.13999938964844,74.3499984741211,73.79000091552734,74.23999786376953,46.29182434082031,2910300,LMT
2011-01-13,74.20999908447266,74.87999725341797,73.75,73.83999633789062,46.04242706298828,2894900,LMT
2011-01-14,73.66000366210938,74.61000061035156,73.5199966430664,74.5,46.453956604003906,2509000,LMT
2011-01-18,75.02999877929688,76.88999938964844,75.0,76.54000091552734,47.725990295410156,3789000,LMT
2011-01-19,76.2300033569336,78.66999816894531,76.2300033569336,77.66000366210938,48.42436218261719,5078800,LMT
2011-01-20,77.58000183105469,79.33000183105469,77.37999725341797,79.31999969482422,49.45943069458008,4772000,LMT
2011-01-21,79.75,80.16000366210938,79.12999725341797,79.22000122070312,49.39708709716797,4231500,LMT
2011-01-24,78.87999725341797,79.18000030517578,77.66000366210938,78.02999877929688,48.65507125854492,6903800,LMT
2011-01-25,77.86000061035156,79.12999725341797,77.63999938964844,79.06999969482422,49.30353546142578,3051300,LMT
2011-01-26,78.94000244140625,79.0,77.5199966430664,78.38999938964844,48.87953186035156,2835900,LMT
2011-01-27,79.95999908447266,81.0,78.56999969482422,79.0999984741211,49.322269439697266,3045800,LMT
2011-01-28,79.33999633789062,80.5,77.79000091552734,78.19999694824219,48.761070251464844,4376600,LMT
2011-01-31,78.87999725341797,79.62999725341797,78.58999633789062,79.5999984741211,49.634033203125,2266000,LMT
2011-02-01,79.68000030517578,81.0,79.62999725341797,80.58999633789062,50.2513313293457,2682200,LMT
2011-02-02,80.30999755859375,81.66000366210938,80.11000061035156,81.06999969482422,50.55062484741211,1930700,LMT
2011-02-03,81.01000213623047,81.44000244140625,80.37999725341797,80.72000122070312,50.332393646240234,3770000,LMT
2011-02-04,80.9000015258789,80.93000030517578,80.20999908447266,80.70999908447266,50.326148986816406,3479200,LMT
2011-02-07,80.69999694824219,81.73999786376953,80.55999755859375,81.5199966430664,50.831214904785156,3884400,LMT
2011-02-08,81.48999786376953,81.8499984741211,81.12999725341797,81.4000015258789,50.75640869140625,1856700,LMT
2011-02-09,81.30999755859375,82.43000030517578,81.06999969482422,82.2699966430664,51.29886245727539,1755300,LMT
2011-02-10,81.8499984741211,82.13999938964844,81.3499984741211,81.88999938964844,51.06193542480469,1905600,LMT
2011-02-11,81.56999969482422,81.91999816894531,81.13999938964844,81.69000244140625,50.93722152709961,2612400,LMT
2011-02-14,81.7699966430664,81.98999786376953,80.0999984741211,80.91999816894531,50.45709991455078,1786400,LMT
2011-02-15,80.7300033569336,81.7300033569336,80.22000122070312,81.4800033569336,50.806297302246094,1902900,LMT
2011-02-16,81.38999938964844,81.45999908447266,80.54000091552734,81.27999877929688,50.681575775146484,3279600,LMT
2011-02-17,81.0999984741211,82.08999633789062,80.97000122070312,81.9000015258789,51.06818771362305,1953400,LMT
2011-02-18,81.94999694824219,82.08999633789062,81.41999816894531,81.80999755859375,51.01206588745117,1522800,LMT
2011-02-22,81.31999969482422,81.41999816894531,79.9800033569336,80.18000030517578,49.99567794799805,1808400,LMT
2011-02-23,80.30000305175781,80.77999877929688,79.62000274658203,80.13999938964844,49.97075271606445,1991100,LMT
2011-02-24,80.13999938964844,80.72000122070312,79.87999725341797,80.22000122070312,50.02061080932617,1500500,LMT
2011-02-25,79.69000244140625,80.27999877929688,79.02999877929688,80.11000061035156,50.423458099365234,1982300,LMT
2011-02-28,80.51000213623047,80.58000183105469,79.01000213623047,79.16000366210938,49.825523376464844,2426600,LMT
2011-03-01,79.47000122070312,80.05000305175781,78.80000305175781,79.12000274658203,49.80032730102539,1960500,LMT
2011-03-02,79.30999755859375,79.87999725341797,78.87000274658203,79.45999908447266,50.01432800292969,1629600,LMT
2011-03-03,79.83999633789062,80.88999938964844,79.83999633789062,80.77999877929688,50.845176696777344,1692200,LMT
2011-03-04,80.69999694824219,80.80000305175781,78.9000015258789,79.8499984741211,50.25981521606445,2088900,LMT
2011-03-07,79.94000244140625,80.5,78.94999694824219,79.30000305175781,49.91362380981445,1863600,LMT
2011-03-08,79.31999969482422,80.5199966430664,79.31999969482422,80.2699966430664,50.524166107177734,1878700,LMT
2011-03-09,80.19999694824219,80.79000091552734,79.95999908447266,80.4800033569336,50.65635681152344,2155800,LMT
2011-03-10,79.73999786376953,80.19000244140625,78.81999969482422,79.04000091552734,49.74998474121094,1931200,LMT
2011-03-11,79.08000183105469,80.77999877929688,78.83000183105469,80.47000122070312,50.65004348754883,2444500,LMT
2011-03-14,79.73999786376953,80.72000122070312,79.58999633789062,80.47000122070312,50.65004348754883,5269100,LMT
2011-03-15,79.41999816894531,80.19999694824219,78.41999816894531,79.68000030517578,50.152801513671875,2415700,LMT
2011-03-16,79.27999877929688,80.0999984741211,78.19999694824219,78.41000366210938,49.35342025756836,2594100,LMT
2011-03-17,79.79000091552734,80.9800033569336,79.44999694824219,80.41000366210938,50.61228942871094,2919800,LMT
2011-03-18,81.41999816894531,81.48999786376953,80.0999984741211,80.52999877929688,50.68780517578125,3355800,LMT
2011-03-21,81.31999969482422,81.69000244140625,81.13999938964844,81.2300033569336,51.128414154052734,2278100,LMT
2011-03-22,81.37999725341797,81.66999816894531,81.01000213623047,81.30000305175781,51.17247772216797,1253500,LMT
2011-03-23,80.9800033569336,81.33999633789062,80.5999984741211,81.18000030517578,51.096954345703125,1757900,LMT
2011-03-24,81.63999938964844,81.75,80.61000061035156,80.80000305175781,50.85777282714844,1982700,LMT
2011-03-25,81.0999984741211,81.18000030517578,80.33999633789062,80.37000274658203,50.58710861206055,1923400,LMT
2011-03-28,80.7699966430664,81.0,80.11000061035156,80.26000213623047,50.51786422729492,1329800,LMT
2011-03-29,80.23999786376953,80.56999969482422,79.56999969482422,80.3499984741211,50.574527740478516,1586700,LMT
2011-03-30,80.5,80.66999816894531,79.72000122070312,79.76000213623047,50.20315170288086,2277300,LMT
2011-03-31,79.83999633789062,80.68000030517578,79.77999877929688,80.4000015258789,50.60599136352539,2897200,LMT
2011-04-01,80.5,81.33999633789062,80.36000061035156,80.9800033569336,50.97105026245117,1544600,LMT
2011-04-04,80.75,81.23999786376953,80.5,80.98999786376953,50.97734832763672,1803900,LMT
2011-04-05,80.55000305175781,81.62999725341797,80.41000366210938,81.11000061035156,51.052879333496094,2005200,LMT
2011-04-06,81.11000061035156,81.75,80.8499984741211,81.48999786376953,51.29206466674805,1779800,LMT
2011-04-07,81.29000091552734,81.80000305175781,80.91000366210938,81.79000091552734,51.48088455200195,1674700,LMT
2011-04-08,81.80000305175781,81.91999816894531,80.19999694824219,80.5,50.66893005371094,1939100,LMT
2011-04-11,80.33999633789062,81.22000122070312,80.04000091552734,80.51000213623047,50.67523956298828,1823300,LMT
2011-04-12,80.5199966430664,80.5199966430664,80.0199966430664,80.37000274658203,50.58710861206055,1861900,LMT
2011-04-13,80.44000244140625,80.87000274658203,77.83000183105469,78.30999755859375,49.29049301147461,4249600,LMT
2011-04-14,77.87000274658203,78.54000091552734,75.80999755859375,77.7300033569336,48.925418853759766,3854000,LMT
2011-04-15,78.01000213623047,78.37000274658203,77.4800033569336,78.19000244140625,49.21495819091797,2517600,LMT
2011-04-18,77.45999908447266,77.52999877929688,76.54000091552734,76.9000015258789,48.40298843383789,2916700,LMT
2011-04-19,77.2300033569336,77.5,76.81999969482422,77.01000213623047,48.47222900390625,1992600,LMT
2011-04-20,77.66999816894531,78.7300033569336,77.58999633789062,77.87999725341797,49.01981735229492,1976000,LMT
2011-04-21,77.86000061035156,78.05999755859375,77.61000061035156,77.77999877929688,48.9568977355957,1905100,LMT
2011-04-25,77.4800033569336,77.86000061035156,77.08000183105469,77.44000244140625,48.742897033691406,2458600,LMT
2011-04-26,77.97000122070312,79.61000061035156,77.83999633789062,79.04000091552734,49.74998474121094,3000000,LMT
2011-04-27,79.06999969482422,79.80999755859375,78.70999908447266,79.16000366210938,49.825523376464844,1727900,LMT
2011-04-28,79.19000244140625,79.31999969482422,78.48999786376953,79.05999755859375,49.76255416870117,2402300,LMT
2011-04-29,79.05999755859375,79.44999694824219,78.87999725341797,79.25,49.88216018676758,2078500,LMT
2011-05-02,79.3499984741211,79.9000015258789,78.54000091552734,78.73999786376953,49.561134338378906,3125000,LMT
2011-05-03,78.5199966430664,80.16999816894531,78.5,79.88999938964844,50.28498077392578,2288100,LMT
2011-05-04,79.91999816894531,80.3499984741211,78.77999877929688,78.91000366210938,49.66815185546875,4356900,LMT
2011-05-05,78.80999755859375,80.4000015258789,78.51000213623047,79.80999755859375,50.23462677001953,2296200,LMT
2011-05-06,80.47000122070312,80.80000305175781,79.58000183105469,79.94999694824219,50.32273483276367,2047200,LMT
2011-05-09,80.0199966430664,80.51000213623047,79.62999725341797,79.93000030517578,50.3101692199707,1705300,LMT
2011-05-10,80.23999786376953,80.45999908447266,79.41999816894531,79.44999694824219,50.00802230834961,2189700,LMT
2011-05-11,79.5,80.19999694824219,79.23999786376953,79.37999725341797,49.96398162841797,2275400,LMT
2011-05-12,79.33000183105469,80.36000061035156,79.25,80.06999969482422,50.39828109741211,1550900,LMT
2011-05-13,80.04000091552734,80.38999938964844,79.41999816894531,79.58999633789062,50.09614181518555,1669000,LMT
2011-05-16,79.38999938964844,80.5199966430664,79.2699966430664,80.33999633789062,50.56822204589844,2439800,LMT
2011-05-17,79.83999633789062,80.37999725341797,78.83999633789062,79.55999755859375,50.07728576660156,2005500,LMT
2011-05-18,79.58999633789062,80.16999816894531,79.12999725341797,80.01000213623047,50.36052703857422,1312100,LMT
2011-05-19,80.5,80.83000183105469,80.08000183105469,80.37999725341797,50.59341049194336,1045100,LMT
2011-05-20,80.37000274658203,80.37000274658203,79.52999877929688,79.75,50.19685363769531,1694000,LMT
2011-05-23,79.0199966430664,79.80000305175781,78.79000091552734,79.2300033569336,49.86955261230469,1832600,LMT
2011-05-24,79.16000366210938,79.33000183105469,78.51000213623047,78.5999984741211,49.47301483154297,2384800,LMT
2011-05-25,78.5199966430664,78.5999984741211,78.0,78.45999908447266,49.3848991394043,2328500,LMT
2011-05-26,78.3499984741211,78.68000030517578,77.54000091552734,77.73999786376953,48.931697845458984,2994500,LMT
2011-05-27,77.08000183105469,77.54000091552734,76.68000030517578,77.26000213623047,49.10332489013672,1796100,LMT
2011-05-31,77.2699966430664,78.11000061035156,77.2699966430664,77.9000015258789,49.51008224487305,2369600,LMT
2011-06-01,77.76000213623047,78.11000061035156,75.73999786376953,75.76000213623047,48.14999008178711,2613800,LMT
2011-06-02,75.77999877929688,76.38999938964844,75.68000030517578,75.7300033569336,48.13090515136719,2307000,LMT
2011-06-03,75.22000122070312,76.45999908447266,75.0999984741211,76.27999877929688,48.4804573059082,2560600,LMT
2011-06-06,76.19999694824219,77.5999984741211,76.0999984741211,77.37999725341797,49.179561614990234,3200700,LMT
2011-06-07,77.44999694824219,77.72000122070312,77.26000213623047,77.29000091552734,49.122379302978516,2277500,LMT
2011-06-08,77.22000122070312,77.75,77.0199966430664,77.12000274658203,49.014339447021484,2398800,LMT
2011-06-09,77.12999725341797,78.0199966430664,76.80000305175781,77.88999938964844,49.50373077392578,1896100,LMT
2011-06-10,77.6500015258789,78.01000213623047,77.20999908447266,77.30000305175781,49.12873458862305,2404900,LMT
2011-06-13,77.72000122070312,79.08000183105469,77.51000213623047,78.86000061035156,50.120208740234375,3048000,LMT
2011-06-14,79.38999938964844,80.0,79.11000061035156,79.63999938964844,50.61595153808594,2552100,LMT
2011-06-15,79.08000183105469,80.0,78.98999786376953,79.62999725341797,50.60959243774414,2217700,LMT
2011-06-16,79.56999969482422,80.3499984741211,79.30000305175781,79.91000366210938,50.78753662109375,2493100,LMT
2011-06-17,80.47000122070312,81.1500015258789,79.79000091552734,80.01000213623047,50.85110092163086,3135700,LMT
2011-06-20,79.72000122070312,80.83000183105469,79.72000122070312,80.33999633789062,51.06083679199219,4146300,LMT
2011-06-21,80.70999908447266,80.94999694824219,80.19000244140625,80.6500015258789,51.25787353515625,1863900,LMT
2011-06-22,80.63999938964844,80.94000244140625,79.94999694824219,80.01000213623047,50.85110092163086,1709600,LMT
2011-06-23,79.87999725341797,80.04000091552734,78.56999969482422,79.69000244140625,50.64773178100586,1812000,LMT
2011-06-24,79.77999877929688,79.80999755859375,79.12000274658203,79.19999694824219,50.33627700805664,1905000,LMT
2011-06-27,79.43000030517578,79.88999938964844,79.02999877929688,79.66999816894531,50.63501739501953,1192800,LMT
2011-06-28,79.79000091552734,79.83999633789062,79.23999786376953,79.44000244140625,50.48884582519531,1651600,LMT
2011-06-29,79.6500015258789,80.62000274658203,79.55000305175781,80.37000274658203,51.07991409301758,1630500,LMT
2011-06-30,80.4000015258789,81.2699966430664,80.08999633789062,80.97000122070312,51.461238861083984,1487100,LMT
2011-07-01,80.87000274658203,82.01000213623047,80.69000244140625,81.97000122070312,52.09681701660156,1200900,LMT
2011-07-05,81.62999725341797,81.62999725341797,80.63999938964844,80.97000122070312,51.461238861083984,1310400,LMT
2011-07-06,80.97000122070312,81.93000030517578,80.93000030517578,81.62000274658203,51.874332427978516,2339400,LMT
2011-07-07,82.2300033569336,82.2300033569336,81.23999786376953,81.36000061035156,51.709110260009766,1950500,LMT
2011-07-08,80.58999633789062,81.02999877929688,80.30999755859375,80.51000213623047,51.16888427734375,2071200,LMT
2011-07-11,79.7300033569336,80.11000061035156,79.51000213623047,79.9800033569336,50.832027435302734,1733800,LMT
2011-07-12,79.87000274658203,80.0,79.25,79.70999908447266,50.66043472290039,1975900,LMT
2011-07-13,80.06999969482422,80.87999725341797,79.44000244140625,79.66999816894531,50.63501739501953,1824700,LMT
2011-07-14,79.62999725341797,79.72000122070312,78.94000244140625,79.19999694824219,50.33627700805664,1574500,LMT
2011-07-15,79.45999908447266,79.45999908447266,77.61000061035156,78.37000274658203,49.80878448486328,2322800,LMT
2011-07-18,78.12000274658203,78.13999938964844,76.95999908447266,77.44000244140625,49.21772003173828,1574100,LMT
2011-07-19,77.51000213623047,78.66999816894531,77.47000122070312,78.4000015258789,49.827850341796875,1790900,LMT
2011-07-20,78.4000015258789,78.80000305175781,77.98999786376953,78.31999969482422,49.777008056640625,1431600,LMT
2011-07-21,78.79000091552734,80.38999938964844,78.58999633789062,80.16000366210938,50.94642639160156,1794700,LMT
2011-07-22,79.87999725341797,80.0,78.9800033569336,79.5999984741211,50.59053039550781,1272300,LMT
2011-07-25,78.91000366210938,79.73999786376953,78.52999877929688,79.30000305175781,50.39986801147461,1514700,LMT
2011-07-26,81.33999633789062,81.98999786376953,79.94000244140625,80.81999969482422,51.36590576171875,3087900,LMT
2011-07-27,80.27999877929688,80.58000183105469,77.22000122070312,77.45999908447266,49.230403900146484,2930800,LMT
2011-07-28,77.44999694824219,77.8499984741211,74.44000244140625,75.29000091552734,47.85126876831055,4943700,LMT
2011-07-29,74.62000274658203,76.94000244140625,74.58999633789062,75.7300033569336,48.13090515136719,3452100,LMT
2011-08-01,76.11000061035156,76.11000061035156,73.43000030517578,74.45999908447266,47.323753356933594,3494100,LMT
2011-08-02,73.95999908447266,75.11000061035156,73.62000274658203,73.68000030517578,46.828006744384766,4183000,LMT
2011-08-03,73.54000091552734,74.01000213623047,72.3499984741211,73.55999755859375,46.751731872558594,3432800,LMT
2011-08-04,72.87999725341797,72.95999908447266,71.30000305175781,71.31999969482422,45.328102111816406,3333000,LMT
2011-08-05,72.04000091552734,73.9800033569336,71.9800033569336,72.81999969482422,46.28143310546875,6414600,LMT
2011-08-08,71.6500015258789,72.87000274658203,68.7699966430664,68.9000015258789,43.79004669189453,4897200,LMT
2011-08-09,69.44999694824219,70.98999786376953,67.05999755859375,70.87999725341797,45.04844284057617,8253700,LMT
2011-08-10,69.4800033569336,69.80000305175781,66.68000030517578,66.87000274658203,42.499855041503906,4806500,LMT
2011-08-11,66.98999786376953,69.69999694824219,66.36000061035156,68.83999633789062,43.75190353393555,3298900,LMT
2011-08-12,69.66000366210938,70.3499984741211,68.06999969482422,69.12000274658203,43.92985534667969,3262300,LMT
2011-08-15,69.83000183105469,70.4800033569336,69.41999816894531,70.26000213623047,44.6544075012207,3031300,LMT
2011-08-16,69.98999786376953,71.93000030517578,69.37000274658203,70.69000244140625,44.927696228027344,3184000,LMT
2011-08-17,71.0,71.66000366210938,70.62000274658203,71.19000244140625,45.2454833984375,2366900,LMT
2011-08-18,69.73999786376953,69.95999908447266,68.31999969482422,69.37999725341797,44.0951042175293,4174800,LMT
2011-08-19,68.33000183105469,70.2300033569336,68.16999816894531,69.38999938964844,44.101463317871094,3031700,LMT
2011-08-22,70.4000015258789,70.7699966430664,69.4000015258789,69.91999816894531,44.43830871582031,1990200,LMT
2011-08-23,70.2300033569336,71.9800033569336,70.11000061035156,71.87999725341797,45.684017181396484,2530900,LMT
2011-08-24,71.7699966430664,73.29000091552734,71.5199966430664,73.26000213623047,46.56108474731445,1710300,LMT
2011-08-25,73.52999877929688,73.75,71.7300033569336,72.04000091552734,45.78569412231445,2004400,LMT
2011-08-26,71.70999908447266,73.2699966430664,70.5199966430664,73.25,46.55470657348633,1842500,LMT
2011-08-29,73.80999755859375,74.45999908447266,73.13999938964844,74.06999969482422,47.075897216796875,1869100,LMT
2011-08-30,73.20999908447266,74.56999969482422,72.5,74.0999984741211,47.57668685913086,2193800,LMT
2011-08-31,74.58000183105469,74.75,73.66999816894531,74.19000244140625,47.63447570800781,1814500,LMT
2011-09-01,74.4000015258789,75.0,72.94999694824219,73.05000305175781,46.90253448486328,2352800,LMT
2011-09-02,72.13999938964844,72.66000366210938,71.12999725341797,71.37000274658203,45.82386779785156,2202800,LMT
2011-09-06,69.66999816894531,71.33000183105469,69.0999984741211,71.22000122070312,45.72755813598633,2347900,LMT
2011-09-07,72.0999984741211,73.18000030517578,71.43000030517578,72.94000244140625,46.831905364990234,1668400,LMT
2011-09-08,72.55000305175781,73.0,71.81999969482422,71.94000244140625,46.18984603881836,1735700,LMT
2011-09-09,71.16000366210938,71.9800033569336,70.52999877929688,71.56999969482422,45.952274322509766,2546700,LMT
2011-09-12,70.5,72.29000091552734,70.5,72.23999786376953,46.382442474365234,2527900,LMT
2011-09-13,72.62000274658203,74.22000122070312,72.16000366210938,72.70999908447266,46.6842041015625,3090600,LMT
2011-09-14,73.06999969482422,74.5,72.61000061035156,73.58000183105469,47.24281692504883,2807500,LMT
2011-09-15,73.76000213623047,75.5,73.76000213623047,75.44000244140625,48.43705368041992,2038400,LMT
2011-09-16,75.27999877929688,76.20999908447266,74.51000213623047,76.02999877929688,48.81584930419922,4099500,LMT
2011-09-19,75.05999755859375,77.04000091552734,74.83999633789062,76.69000244140625,49.23963928222656,3547000,LMT
2011-09-20,76.94000244140625,76.98999786376953,75.31999969482422,75.44000244140625,48.43705368041992,3063100,LMT
2011-09-21,75.47000122070312,75.7300033569336,72.6500015258789,72.6500015258789,46.64570617675781,4054200,LMT
2011-09-22,70.87000274658203,74.20999908447266,70.7699966430664,73.13999938964844,46.960304260253906,5399200,LMT
2011-09-23,73.4800033569336,74.72000122070312,71.73999786376953,72.08999633789062,46.286128997802734,4777100,LMT
2011-09-26,72.9800033569336,73.80000305175781,72.19000244140625,73.77999877929688,47.371246337890625,4816700,LMT
2011-09-27,75.16999816894531,75.2300033569336,73.70999908447266,74.2699966430664,47.68583297729492,2929300,LMT
2011-09-28,74.30000305175781,74.91999816894531,73.23999786376953,73.31999969482422,47.07589340209961,1831200,LMT
2011-09-29,74.25,74.38999938964844,71.0,72.48999786376953,46.54297637939453,3619300,LMT
2011-09-30,71.69000244140625,73.4000015258789,71.52999877929688,72.63999938964844,46.6392936706543,3346500,LMT
2011-10-03,72.58000183105469,73.29000091552734,71.11000061035156,71.16000366210938,45.68903732299805,2724100,LMT
2011-10-04,70.44999694824219,72.76000213623047,70.37000274658203,72.69999694824219,46.67781448364258,2300000,LMT
2011-10-05,73.0999984741211,73.7699966430664,71.97000122070312,72.48999786376953,46.54297637939453,2974300,LMT
2011-10-06,72.2699966430664,73.7300033569336,72.11000061035156,73.12999725341797,46.953880310058594,2150800,LMT
2011-10-07,73.5999984741211,74.80000305175781,73.08000183105469,74.0,47.51247024536133,2385800,LMT
2011-10-10,75.23999786376953,75.80999755859375,74.51000213623047,75.75,48.63609313964844,1543000,LMT
2011-10-11,75.45999908447266,76.5999984741211,75.45999908447266,76.31999969482422,49.002079010009766,1597200,LMT
2011-10-12,76.62999725341797,76.91999816894531,75.95999908447266,76.12999725341797,48.88006591796875,1437000,LMT
2011-10-13,75.9000015258789,76.58999633789062,75.27999877929688,76.41000366210938,49.05982971191406,1138000,LMT
2011-10-14,77.01000213623047,77.0999984741211,75.7300033569336,75.98999786376953,48.79017639160156,1745000,LMT
2011-10-17,75.75,76.44999694824219,74.55999755859375,74.72000122070312,47.974769592285156,2477000,LMT
2011-10-18,74.80000305175781,76.41999816894531,74.23999786376953,75.9800033569336,48.78375244140625,1959500,LMT
2011-10-19,75.9000015258789,76.68000030517578,75.20999908447266,75.47000122070312,48.45631790161133,1226700,LMT
2011-10-20,75.75,76.05000305175781,74.80999755859375,75.69999694824219,48.60397720336914,1368600,LMT
2011-10-21,76.41000366210938,77.4000015258789,75.63999938964844,77.4000015258789,49.69550323486328,2122300,LMT
2011-10-24,77.38999938964844,78.86000061035156,76.56999969482422,78.7300033569336,50.54943084716797,2207100,LMT
2011-10-25,78.66000366210938,79.9000015258789,78.05000305175781,78.88999938964844,50.652156829833984,3274900,LMT
2011-10-26,78.94000244140625,78.94000244140625,75.63999938964844,76.3499984741211,49.021324157714844,4405800,LMT
2011-10-27,78.0199966430664,78.30000305175781,75.22000122070312,75.6500015258789,48.571876525878906,3157700,LMT
2011-10-28,75.72000122070312,76.69000244140625,75.05999755859375,75.43000030517578,48.430641174316406,2244700,LMT
2011-10-31,75.27999877929688,77.0,75.08999633789062,75.9000015258789,48.7324104309082,3272200,LMT
2011-11-01,74.55999755859375,75.05999755859375,73.4800033569336,73.98999786376953,47.50606155395508,2709200,LMT
2011-11-02,74.7300033569336,75.29000091552734,74.33000183105469,74.5199966430664,47.846343994140625,1968600,LMT
2011-11-03,75.16000366210938,76.20999908447266,74.5999984741211,76.08999633789062,48.85438919067383,1411900,LMT
2011-11-04,75.52999877929688,76.5199966430664,74.73999786376953,76.5199966430664,49.130462646484375,2933000,LMT
2011-11-07,76.43000030517578,78.41999816894531,75.95999908447266,78.26000213623047,50.247676849365234,2541900,LMT
2011-11-08,78.41999816894531,78.87000274658203,77.54000091552734,78.38999938964844,50.331138610839844,2209200,LMT
2011-11-09,77.0199966430664,77.52999877929688,76.55999755859375,76.94999694824219,49.40654754638672,2773000,LMT
2011-11-10,77.30000305175781,77.4000015258789,75.7699966430664,76.12999725341797,48.88006591796875,2608300,LMT
2011-11-11,76.94000244140625,77.80999755859375,76.77999877929688,77.41999816894531,49.708351135253906,1728900,LMT
2011-11-14,77.33000183105469,77.94999694824219,77.2300033569336,77.3499984741211,49.663387298583984,1497800,LMT
2011-11-15,77.12000274658203,78.13999938964844,77.01000213623047,77.8499984741211,49.98440933227539,1405800,LMT
2011-11-16,77.0999984741211,77.31999969482422,75.7699966430664,75.93000030517578,48.75165557861328,2368200,LMT
2011-11-17,75.75,75.9800033569336,74.38999938964844,75.16000366210938,48.25727844238281,2895000,LMT
2011-11-18,75.5999984741211,75.72000122070312,74.94000244140625,75.0999984741211,48.218753814697266,6630400,LMT
2011-11-21,74.16000366210938,74.88999938964844,72.37000274658203,74.48999786376953,47.82707977294922,8533400,LMT
2011-11-22,74.51000213623047,74.94000244140625,73.56999969482422,74.47000122070312,47.81426239013672,2297300,LMT
2011-11-23,73.76000213623047,74.56999969482422,73.55000305175781,73.94999694824219,47.48037338256836,2479700,LMT
2011-11-25,74.0199966430664,76.2300033569336,74.0,75.38999938964844,48.40493392944336,2001900,LMT
2011-11-28,76.80999755859375,78.0,76.0,78.0,50.08073043823242,5886500,LMT
2011-11-29,77.29000091552734,77.29000091552734,76.3499984741211,76.51000213623047,49.76204299926758,2644800,LMT
2011-11-30,78.02999877929688,78.86000061035156,77.7300033569336,78.1500015258789,50.828704833984375,2998500,LMT
2011-12-01,78.13999938964844,79.48999786376953,78.11000061035156,78.9800033569336,51.3685188293457,1896800,LMT
2011-12-02,79.55000305175781,79.80000305175781,77.2300033569336,77.81999969482422,50.61404037475586,2421700,LMT
2011-12-05,78.55999755859375,78.66000366210938,77.5999984741211,78.11000061035156,50.802696228027344,2524900,LMT
2011-12-06,77.80000305175781,78.48999786376953,77.62000274658203,77.91000366210938,50.67257308959961,1498300,LMT
2011-12-07,77.94000244140625,78.05000305175781,77.37000274658203,77.56999969482422,50.45145797729492,2092300,LMT
2011-12-08,77.47000122070312,77.6500015258789,76.41999816894531,76.5199966430664,49.768524169921875,1797200,LMT
2011-12-09,77.05000305175781,77.69999694824219,77.0199966430664,77.41999816894531,50.353912353515625,1239700,LMT
2011-12-12,77.44000244140625,77.47000122070312,76.4000015258789,76.88999938964844,50.009185791015625,1450200,LMT
2011-12-13,77.37999725341797,77.7699966430664,76.45999908447266,76.7300033569336,49.905128479003906,1642200,LMT
2011-12-14,76.72000122070312,76.87000274658203,76.0199966430664,76.29000091552734,49.618953704833984,1439800,LMT
2011-12-15,77.06999969482422,77.5199966430664,76.76000213623047,76.91999816894531,50.028682708740234,1972300,LMT
2011-12-16,77.62000274658203,77.87999725341797,76.31999969482422,77.0999984741211,50.14578628540039,4215600,LMT
2011-12-19,77.27999877929688,77.69000244140625,76.5999984741211,76.81999969482422,49.96364974975586,1393200,LMT
2011-12-20,77.94000244140625,78.87000274658203,77.83000183105469,78.52999877929688,51.075836181640625,1749900,LMT
2011-12-21,78.44999694824219,79.69000244140625,78.0199966430664,79.62999725341797,51.79127883911133,1820700,LMT
2011-12-22,79.81999969482422,81.02999877929688,79.62999725341797,80.80999755859375,52.558746337890625,2793300,LMT
2011-12-23,81.0,81.45999908447266,80.66999816894531,81.41000366210938,52.94898986816406,1927500,LMT
2011-12-27,81.33000183105469,81.66000366210938,80.94000244140625,81.31999969482422,52.890438079833984,1483200,LMT
2011-12-28,81.68000030517578,81.77999877929688,80.8499984741211,80.94000244140625,52.643287658691406,840400,LMT
2011-12-29,80.95999908447266,81.73999786376953,80.87999725341797,81.5199966430664,53.02054214477539,1123700,LMT
2011-12-30,81.6500015258789,81.86000061035156,80.86000061035156,80.9000015258789,52.6172981262207,1474700,LMT
2012-01-03,82.12000274658203,82.98999786376953,81.7699966430664,82.0199966430664,53.345733642578125,2273600,LMT
2012-01-04,80.94999694824219,81.44999694824219,80.37000274658203,80.91000366210938,52.6237907409668,2242700,LMT
2012-01-05,80.66000366210938,80.68000030517578,79.05000305175781,80.06999969482422,52.07746124267578,2616100,LMT
2012-01-06,80.41000366210938,80.41000366210938,79.6500015258789,79.9800033569336,52.0189094543457,4274300,LMT
2012-01-09,80.3499984741211,80.3499984741211,79.76000213623047,80.04000091552734,52.057945251464844,1861500,LMT
2012-01-10,80.62999725341797,81.19999694824219,80.36000061035156,80.62000274658203,52.43517303466797,1846700,LMT
2012-01-11,80.48999786376953,81.12999725341797,80.48999786376953,80.77999877929688,52.539249420166016,1245900,LMT
2012-01-12,81.12000274658203,81.7699966430664,80.76000213623047,81.69000244140625,53.131103515625,1822300,LMT
2012-01-13,81.16000366210938,81.52999877929688,80.80000305175781,81.5199966430664,53.02054214477539,1475600,LMT
2012-01-17,82.05000305175781,82.0999984741211,81.3499984741211,81.63999938964844,53.09857177734375,1953700,LMT
2012-01-18,81.58999633789062,82.27999877929688,81.33999633789062,82.27999877929688,53.51483917236328,1155900,LMT
2012-01-19,82.25,83.70999908447266,81.8499984741211,83.70999908447266,54.44489288330078,1959400,LMT
2012-01-20,83.1500015258789,83.44000244140625,82.54000091552734,82.77999877929688,53.84003829956055,2461700,LMT
2012-01-23,82.83000183105469,82.86000061035156,81.9000015258789,82.54000091552734,53.6839599609375,1716700,LMT
2012-01-24,82.55000305175781,82.80999755859375,82.12000274658203,82.23999786376953,53.488800048828125,1139000,LMT
2012-01-25,82.04000091552734,82.2699966430664,81.25,81.7300033569336,53.1570930480957,2421500,LMT
2012-01-26,82.47000122070312,82.94999694824219,81.29000091552734,82.47000122070312,53.63840866088867,2733700,LMT
2012-01-27,82.0,82.55000305175781,81.66000366210938,82.0199966430664,53.345733642578125,1952500,LMT
2012-01-30,81.31999969482422,82.12999725341797,81.29000091552734,82.01000213623047,53.339237213134766,3109900,LMT
2012-01-31,82.19999694824219,82.4000015258789,81.69999694824219,82.31999969482422,53.54085159301758,2878600,LMT
2012-02-01,82.54000091552734,83.72000122070312,82.26000213623047,83.5199966430664,54.32132339477539,2114100,LMT
2012-02-02,83.55999755859375,83.69999694824219,82.9000015258789,83.16999816894531,54.09368133544922,1298800,LMT
2012-02-03,83.41000366210938,84.7300033569336,83.25,84.58999633789062,55.017242431640625,3366800,LMT
2012-02-06,84.37999725341797,85.4000015258789,84.33999633789062,85.25,55.44652557373047,2028300,LMT
2012-02-07,85.0,86.63999938964844,85.0,86.62999725341797,56.34407043457031,2871300,LMT
2012-02-08,86.56999969482422,87.70999908447266,86.13999938964844,87.63999938964844,57.000972747802734,3394000,LMT
2012-02-09,87.66000366210938,88.06999969482422,87.4000015258789,88.01000213623047,57.24161148071289,2865000,LMT
2012-02-10,87.12999725341797,87.72000122070312,87.0,87.51000213623047,56.91642379760742,1928200,LMT
2012-02-13,87.63999938964844,88.25,86.9800033569336,88.2300033569336,57.38468933105469,2583400,LMT
2012-02-14,87.7300033569336,88.55000305175781,87.66000366210938,88.44999694824219,57.527774810791016,1676700,LMT
2012-02-15,87.68000030517578,87.91999816894531,86.7699966430664,86.93000030517578,56.539188385009766,3474000,LMT
2012-02-16,86.8499984741211,87.20999908447266,86.05999755859375,86.4000015258789,56.194488525390625,2298500,LMT
2012-02-17,86.72000122070312,88.30999755859375,86.62000274658203,87.98999786376953,57.228607177734375,2734000,LMT
2012-02-21,87.86000061035156,87.9000015258789,86.79000091552734,87.1500015258789,56.68227005004883,1738700,LMT
2012-02-22,87.33999633789062,88.08999633789062,87.26000213623047,87.62000274658203,56.98796463012695,1241400,LMT
2012-02-23,87.80999755859375,88.38999938964844,87.56999969482422,88.29000091552734,57.42374038696289,7431200,LMT
2012-02-24,88.4800033569336,90.1500015258789,88.4000015258789,89.52999877929688,58.2302360534668,7279200,LMT
2012-02-27,89.5199966430664,90.0,89.08000183105469,89.41000366210938,58.152183532714844,2905000,LMT
2012-02-28,88.8499984741211,88.86000061035156,88.0,88.69999694824219,58.342933654785156,1866000,LMT
2012-02-29,88.87999725341797,89.30999755859375,88.38999938964844,88.41000366210938,58.15217590332031,2832200,LMT
2012-03-01,88.61000061035156,88.97000122070312,88.13999938964844,88.37000274658203,58.12588119506836,1608300,LMT
2012-03-02,88.4000015258789,89.05000305175781,88.30000305175781,88.5,58.21137237548828,1334200,LMT
2012-03-05,89.0199966430664,89.08000183105469,88.55999755859375,88.68000030517578,58.32978057861328,1458500,LMT
2012-03-06,87.9800033569336,88.83999633789062,87.68000030517578,87.77999877929688,57.73779296875,1442200,LMT
2012-03-07,87.80999755859375,88.06999969482422,87.41000366210938,87.95999908447266,57.856197357177734,1280500,LMT
2012-03-08,88.56999969482422,89.0,88.26000213623047,88.37999725341797,58.1324348449707,1159400,LMT
2012-03-09,88.81999969482422,89.12000274658203,88.22000122070312,88.91000366210938,58.48108673095703,1177800,LMT
2012-03-12,88.70999908447266,89.29000091552734,88.62000274658203,89.0,58.54025650024414,1113600,LMT
2012-03-13,89.37999725341797,89.70999908447266,88.80000305175781,89.6500015258789,58.96781539916992,1626500,LMT
2012-03-14,89.86000061035156,91.01000213623047,89.77999877929688,90.41999816894531,59.47427749633789,2039300,LMT
2012-03-15,90.4000015258789,90.68000030517578,89.93000030517578,90.30000305175781,59.39533233642578,1382000,LMT
2012-03-16,90.30000305175781,90.5,89.25,89.31999969482422,58.75074005126953,2116300,LMT
2012-03-19,88.91999816894531,89.69000244140625,88.88999938964844,89.55999755859375,58.908599853515625,900000,LMT
2012-03-20,89.29000091552734,89.55999755859375,88.63999938964844,89.33999633789062,58.763885498046875,1355500,LMT
2012-03-21,89.30999755859375,89.72000122070312,89.26000213623047,89.44999694824219,58.836246490478516,1289800,LMT
2012-03-22,89.12000274658203,89.66000366210938,88.83999633789062,89.4000015258789,58.8033561706543,1412400,LMT
2012-03-23,89.5999984741211,89.87999725341797,89.19999694824219,89.7699966430664,59.04671859741211,1032600,LMT
2012-03-26,90.2300033569336,90.7699966430664,90.08999633789062,90.63999938964844,59.61899948120117,1340000,LMT
2012-03-27,90.63999938964844,91.08999633789062,90.55000305175781,90.8499984741211,59.757102966308594,1119700,LMT
2012-03-28,90.77999877929688,91.08000183105469,89.31999969482422,89.69000244140625,58.99411392211914,1353700,LMT
2012-03-29,89.47000122070312,89.69000244140625,88.83000183105469,89.62999725341797,58.954627990722656,1331500,LMT
2012-03-30,90.0,90.16000366210938,89.5999984741211,89.86000061035156,59.10590744018555,1275100,LMT
2012-04-02,89.41000366210938,91.61000061035156,89.41000366210938,91.16000366210938,59.961002349853516,1678000,LMT
2012-04-03,91.0199966430664,91.41999816894531,90.6500015258789,91.06999969482422,59.90179443359375,1257700,LMT
2012-04-04,90.86000061035156,90.94999694824219,90.26000213623047,90.33999633789062,59.42163848876953,1632700,LMT
2012-04-05,90.04000091552734,90.7699966430664,89.83000183105469,90.1500015258789,59.29667663574219,1808400,LMT
2012-04-09,89.36000061035156,89.36000061035156,88.70999908447266,88.73999786376953,58.369232177734375,1331600,LMT
2012-04-10,88.5,88.63999938964844,87.66999816894531,87.66999816894531,57.665443420410156,1441100,LMT
2012-04-11,88.37000274658203,88.94999694824219,88.2300033569336,88.48999786376953,58.204776763916016,1386800,LMT
2012-04-12,88.80000305175781,90.41000366210938,88.69999694824219,90.16999816894531,59.30982971191406,1467900,LMT
2012-04-13,89.93000030517578,90.58999633789062,89.29000091552734,89.30000305175781,58.737586975097656,1481300,LMT
2012-04-16,89.55000305175781,89.80000305175781,89.08000183105469,89.56999969482422,58.915184020996094,2807200,LMT
2012-04-17,89.54000091552734,90.77999877929688,89.02999877929688,90.5999984741211,59.59266662597656,1373200,LMT
2012-04-18,90.29000091552734,90.7699966430664,89.93000030517578,90.37000274658203,59.441368103027344,946800,LMT
2012-04-19,90.69999694824219,90.97000122070312,90.02999877929688,90.33999633789062,59.42163848876953,1500100,LMT
2012-04-20,90.44999694824219,91.23999786376953,90.31999969482422,90.83999633789062,59.750518798828125,1118800,LMT
2012-04-23,89.98999786376953,90.73999786376953,89.94000244140625,90.52999877929688,59.546634674072266,1414300,LMT
2012-04-24,90.62999725341797,91.29000091552734,90.52999877929688,91.12999725341797,59.941261291503906,1291400,LMT
2012-04-25,91.73999786376953,91.88999938964844,90.62000274658203,90.9800033569336,59.84262466430664,1843400,LMT
2012-04-26,91.41000366210938,92.23999786376953,91.11000061035156,91.69999694824219,60.316192626953125,1976200,LMT
2012-04-27,92.08000183105469,92.08999633789062,91.19999694824219,91.30000305175781,60.05308532714844,1526500,LMT
2012-04-30,91.0999984741211,91.0999984741211,90.45999908447266,90.54000091552734,59.553184509277344,1146200,LMT
2012-05-01,90.61000061035156,91.0199966430664,90.16000366210938,90.55000305175781,59.559810638427734,1629300,LMT
2012-05-02,89.70999908447266,90.29000091552734,89.70999908447266,90.08000183105469,59.25063705444336,2000800,LMT
2012-05-03,89.83000183105469,90.08000183105469,89.2300033569336,89.47000122070312,58.849403381347656,1459400,LMT
2012-05-04,89.27999877929688,89.55000305175781,87.83000183105469,87.83000183105469,57.770694732666016,2082600,LMT
2012-05-07,87.77999877929688,88.11000061035156,86.9800033569336,87.30999755859375,57.42864990234375,2172100,LMT
2012-05-08,86.98999786376953,87.22000122070312,86.25,87.12999725341797,57.31024932861328,1669100,LMT
2012-05-09,86.52999877929688,86.91000366210938,85.91999816894531,85.94999694824219,56.53410339355469,1756900,LMT
2012-05-10,86.58999633789062,86.91000366210938,86.0,86.12000274658203,56.64592361450195,1317200,LMT
2012-05-11,86.18000030517578,86.33000183105469,85.16999816894531,85.20999908447266,56.0473518371582,1919300,LMT
2012-05-14,84.66000366210938,85.4000015258789,84.16999816894531,85.19999694824219,56.04079055786133,1186500,LMT
2012-05-15,85.02999877929688,85.37000274658203,84.41999816894531,84.58999633789062,55.63954162597656,1403600,LMT
2012-05-16,84.93000030517578,85.31999969482422,84.29000091552734,84.33000183105469,55.468528747558594,1319000,LMT
2012-05-17,84.22000122070312,84.30000305175781,82.77999877929688,82.83000183105469,54.48191452026367,1398700,LMT
2012-05-18,83.16000366210938,83.77999877929688,82.5999984741211,82.77999877929688,54.44902420043945,1563200,LMT
2012-05-21,83.25,83.66000366210938,82.5199966430664,83.62999725341797,55.00810241699219,1250100,LMT
2012-05-22,83.5999984741211,84.2300033569336,83.08999633789062,83.69000244140625,55.04758834838867,1532600,LMT
2012-05-23,83.37000274658203,83.4800033569336,82.19000244140625,83.3499984741211,54.82395935058594,1572500,LMT
2012-05-24,83.58000183105469,83.58000183105469,82.51000213623047,83.37000274658203,54.837093353271484,5978900,LMT
2012-05-25,83.25,83.62000274658203,82.62000274658203,82.70999908447266,54.40296173095703,6308500,LMT
2012-05-29,83.29000091552734,83.69000244140625,82.83000183105469,83.66000366210938,55.02785110473633,7994200,LMT
2012-05-30,82.4000015258789,83.25,81.5199966430664,82.80000305175781,55.121070861816406,1959200,LMT
2012-05-31,82.73999786376953,83.47000122070312,82.62000274658203,82.80000305175781,55.121070861816406,1613900,LMT
2012-06-01,81.63999938964844,82.0199966430664,81.01000213623047,81.22000122070312,54.069217681884766,1797300,LMT
2012-06-04,81.2300033569336,81.95999908447266,80.44000244140625,81.05000305175781,53.956050872802734,1506700,LMT
2012-06-05,80.80999755859375,80.91999816894531,80.13999938964844,80.81999969482422,53.802921295166016,1416600,LMT
2012-06-06,81.79000091552734,82.44000244140625,81.27999877929688,82.37999725341797,54.8414421081543,3648700,LMT
2012-06-07,83.04000091552734,83.6500015258789,82.69000244140625,83.1500015258789,55.354042053222656,1777100,LMT
2012-06-08,82.94000244140625,83.41000366210938,82.6500015258789,83.29000091552734,55.447235107421875,1117400,LMT
2012-06-11,83.79000091552734,83.79000091552734,82.38999938964844,82.45999908447266,54.894683837890625,886400,LMT
2012-06-12,83.08000183105469,83.79000091552734,82.75,83.37000274658203,55.50048828125,1475000,LMT
2012-06-13,82.97000122070312,83.44000244140625,82.4000015258789,82.66999816894531,55.03450393676758,1132900,LMT
2012-06-14,82.8499984741211,83.5999984741211,82.44000244140625,83.33000183105469,55.473876953125,1358200,LMT
2012-06-15,83.37999725341797,83.88999938964844,83.16999816894531,83.44999694824219,55.55376434326172,1708000,LMT
2012-06-18,83.4800033569336,84.83999633789062,83.33999633789062,84.76000213623047,56.42586135864258,1500800,LMT
2012-06-19,85.0199966430664,85.61000061035156,84.44000244140625,85.30000305175781,56.78532028198242,1498700,LMT
2012-06-20,85.16000366210938,85.2699966430664,84.12000274658203,84.54000091552734,56.27936553955078,1156900,LMT
2012-06-21,85.18000030517578,85.52999877929688,84.2699966430664,84.37000274658203,56.16621398925781,1618200,LMT
2012-06-22,84.7300033569336,85.5,84.22000122070312,85.3499984741211,56.81861114501953,1567400,LMT
2012-06-25,84.66999816894531,85.25,84.16999816894531,84.25,56.08634567260742,1532200,LMT
2012-06-26,84.55999755859375,84.68000030517578,83.1500015258789,83.37999725341797,55.50714874267578,1480900,LMT
2012-06-27,83.43000030517578,85.18000030517578,83.43000030517578,84.91000366210938,56.525691986083984,1245800,LMT
2012-06-28,84.08999633789062,84.75,83.45999908447266,84.52999877929688,56.272735595703125,1049700,LMT
2012-06-29,86.0,87.08999633789062,86.0,87.08000183105469,57.97029495239258,2172800,LMT
2012-07-02,87.31999969482422,87.6500015258789,86.51000213623047,87.16000366210938,58.023536682128906,1088000,LMT
2012-07-03,87.22000122070312,87.51000213623047,87.08999633789062,87.51000213623047,58.25655746459961,1076400,LMT
2012-07-05,87.16000366210938,87.54000091552734,86.8499984741211,87.0,57.91703796386719,1738700,LMT
2012-07-06,86.43000030517578,87.0,86.11000061035156,86.86000061035156,57.823848724365234,893000,LMT
2012-07-09,86.88999938964844,87.55000305175781,86.81999969482422,87.38999938964844,58.17665481567383,1384000,LMT
2012-07-10,87.66999816894531,88.2300033569336,86.70999908447266,87.0199966430664,57.93035125732422,963200,LMT
2012-07-11,87.0999984741211,87.30000305175781,86.5199966430664,86.83999633789062,57.81051254272461,1402100,LMT
2012-07-12,86.41000366210938,86.61000061035156,85.6500015258789,86.0199966430664,57.2646484375,1610200,LMT
2012-07-13,86.12999725341797,87.33000183105469,86.0999984741211,87.25,58.08347702026367,1378300,LMT
2012-07-16,87.01000213623047,87.22000122070312,86.16000366210938,87.13999938964844,58.01024627685547,1118300,LMT
2012-07-17,87.13999938964844,87.80999755859375,86.72000122070312,87.43000030517578,58.20329666137695,1300400,LMT
2012-07-18,87.4000015258789,88.66999816894531,87.2699966430664,88.5999984741211,58.982173919677734,1154000,LMT
2012-07-19,88.80000305175781,88.80000305175781,87.7699966430664,88.51000213623047,58.92226028442383,1234700,LMT
2012-07-20,88.06999969482422,88.48999786376953,87.37999725341797,87.70999908447266,58.38969421386719,1348300,LMT
2012-07-23,86.9000015258789,87.29000091552734,86.56999969482422,86.91000366210938,57.857120513916016,1541200,LMT
2012-07-24,87.48999786376953,89.16000366210938,86.93000030517578,87.79000091552734,58.44295120239258,2029800,LMT
2012-07-25,88.12000274658203,88.22000122070312,86.55999755859375,87.68000030517578,58.36969757080078,2346300,LMT
2012-07-26,88.6500015258789,88.87000274658203,87.95999908447266,88.55000305175781,58.948890686035156,1356800,LMT
2012-07-27,88.73999786376953,90.51000213623047,88.6500015258789,90.19999694824219,60.047306060791016,1495600,LMT
2012-07-30,89.58999633789062,89.8499984741211,88.77999877929688,89.08000183105469,59.30173110961914,1482300,LMT
2012-07-31,89.18000030517578,89.61000061035156,88.97000122070312,89.2699966430664,59.42820739746094,2256200,LMT
2012-08-01,89.86000061035156,90.0,88.80000305175781,88.95999908447266,59.221839904785156,3683000,LMT
2012-08-02,88.73999786376953,88.83000183105469,87.47000122070312,88.44999694824219,58.88232421875,1395600,LMT
2012-08-03,89.43000030517578,89.55999755859375,88.47000122070312,89.38999938964844,59.508087158203125,1046300,LMT
2012-08-06,89.61000061035156,89.83999633789062,88.94000244140625,88.98999786376953,59.24179458618164,837900,LMT
2012-08-07,89.44000244140625,90.5,89.12000274658203,90.31999969482422,60.1272087097168,1330200,LMT
2012-08-08,90.25,91.0,89.70999908447266,90.88999938964844,60.50665283203125,1084200,LMT
2012-08-09,90.4800033569336,90.62999725341797,90.0,90.54000091552734,60.27365493774414,1066900,LMT
2012-08-10,90.3499984741211,91.1500015258789,90.19999694824219,91.02999877929688,60.5998649597168,1010900,LMT
2012-08-13,90.70999908447266,91.18000030517578,90.54000091552734,91.12000274658203,60.65976333618164,1079700,LMT
2012-08-14,91.19000244140625,91.68000030517578,90.9000015258789,91.3499984741211,60.81288528442383,1086300,LMT
2012-08-15,90.98999786376953,91.69000244140625,90.72000122070312,91.51000213623047,60.919403076171875,763400,LMT
2012-08-16,91.5199966430664,92.23999786376953,91.33000183105469,92.05000305175781,61.27890396118164,4808000,LMT
2012-08-17,92.33999633789062,92.5,91.77999877929688,92.4000015258789,61.511898040771484,1574200,LMT
2012-08-20,92.12000274658203,93.5,92.12000274658203,93.31999969482422,62.12432861328125,1570200,LMT
2012-08-21,93.70999908447266,93.98999786376953,93.11000061035156,93.80000305175781,62.443878173828125,1868700,LMT
2012-08-22,93.47000122070312,93.5,92.66999816894531,93.02999877929688,61.93130111694336,1614100,LMT
2012-08-23,93.0,93.0,91.69999694824219,92.19999694824219,61.37873077392578,1423600,LMT
2012-08-24,91.76000213623047,92.68000030517578,91.69999694824219,92.44999694824219,61.54515075683594,1483800,LMT
2012-08-27,92.63999938964844,93.0,92.20999908447266,92.27999877929688,61.43198776245117,945600,LMT
2012-08-28,91.86000061035156,92.69999694824219,91.37999725341797,92.4800033569336,61.56515121459961,1817900,LMT
2012-08-29,92.55000305175781,92.75,91.81999969482422,91.91999816894531,61.19236755371094,969800,LMT
2012-08-30,91.02999877929688,91.31999969482422,90.5199966430664,90.93000030517578,61.199073791503906,908300,LMT
2012-08-31,91.37000274658203,91.76000213623047,90.7699966430664,91.13999938964844,61.34039306640625,1087400,LMT
2012-09-04,91.19000244140625,91.38999938964844,90.01000213623047,90.52999877929688,60.929840087890625,959200,LMT
2012-09-05,90.44000244140625,91.58000183105469,90.33999633789062,91.52999877929688,61.60289001464844,1401900,LMT
2012-09-06,92.0,92.8499984741211,91.5999984741211,92.83000183105469,62.477848052978516,1220600,LMT
2012-09-07,92.80999755859375,92.9800033569336,92.02999877929688,92.18000030517578,62.04034423828125,1161600,LMT
2012-09-10,91.79000091552734,92.4800033569336,91.72000122070312,92.02999877929688,61.93940734863281,719400,LMT
2012-09-11,92.0,92.5,91.83000183105469,92.23999786376953,62.08073806762695,969100,LMT
2012-09-12,92.48999786376953,92.94000244140625,92.26000213623047,92.41999816894531,62.201904296875,1086400,LMT
2012-09-13,92.43000030517578,93.44999694824219,91.94999694824219,93.12999725341797,62.67972183227539,1325200,LMT
2012-09-14,93.13999938964844,93.19999694824219,92.0199966430664,92.5199966430664,62.26919174194336,1782200,LMT
2012-09-17,92.29000091552734,92.94999694824219,92.0,92.20999908447266,62.06055450439453,4665600,LMT
2012-09-18,91.93000030517578,92.08999633789062,91.05999755859375,91.7699966430664,61.76443862915039,1339200,LMT
2012-09-19,91.72000122070312,92.3499984741211,91.55999755859375,92.23999786376953,62.08073806762695,1353300,LMT
2012-09-20,91.7300033569336,91.88999938964844,91.12000274658203,91.18000030517578,61.3673095703125,1574100,LMT
2012-09-21,91.3499984741211,91.73999786376953,91.05000305175781,91.29000091552734,61.441349029541016,2995900,LMT
2012-09-24,91.3499984741211,91.48999786376953,90.38999938964844,91.04000091552734,61.27311706542969,1503800,LMT
2012-09-25,91.19999694824219,91.88999938964844,91.05000305175781,91.5,61.58270263671875,1899400,LMT
2012-09-26,91.48999786376953,92.66999816894531,91.48999786376953,91.91000366210938,61.85866165161133,1185600,LMT
2012-09-27,92.18000030517578,92.5,91.43000030517578,92.45999908447266,62.22882080078125,1424400,LMT
2012-09-28,92.27999877929688,93.69999694824219,92.08000183105469,93.37999725341797,62.84800720214844,1780600,LMT
2012-10-01,93.37000274658203,93.9800033569336,93.05999755859375,93.44000244140625,62.88839340209961,1707700,LMT
2012-10-02,93.55000305175781,93.69999694824219,92.27999877929688,93.16000366210938,62.699954986572266,1382100,LMT
2012-10-03,93.27999877929688,93.6500015258789,92.83000183105469,93.08999633789062,62.6528434753418,1326800,LMT
2012-10-04,93.58000183105469,94.58999633789062,93.5,94.5199966430664,63.61526870727539,1359300,LMT
2012-10-05,94.80000305175781,94.9000015258789,94.12999725341797,94.37000274658203,63.51430892944336,1172800,LMT
2012-10-08,94.19999694824219,94.58999633789062,94.0,94.01000213623047,63.272037506103516,628600,LMT
2012-10-09,94.06999969482422,94.81999969482422,93.70999908447266,93.72000122070312,63.076847076416016,806100,LMT
2012-10-10,93.81999969482422,93.81999969482422,92.4800033569336,92.70999908447266,62.39707946777344,1000700,LMT
2012-10-11,93.19000244140625,93.44000244140625,92.69999694824219,92.72000122070312,62.40380096435547,533400,LMT
2012-10-12,93.05999755859375,93.88999938964844,92.5,92.95999908447266,62.56531524658203,969200,LMT
2012-10-15,92.75,92.94000244140625,92.41999816894531,92.5,62.2557373046875,1258100,LMT
2012-10-16,92.86000061035156,93.41000366210938,92.70999908447266,93.37000274658203,62.841278076171875,1162800,LMT
2012-10-17,93.62999725341797,93.9800033569336,93.23999786376953,93.58000183105469,62.982635498046875,1004600,LMT
2012-10-18,93.58000183105469,94.4000015258789,93.19000244140625,94.31999969482422,63.48064041137695,1165700,LMT
2012-10-19,94.20999908447266,94.30000305175781,92.69000244140625,92.88999938964844,62.518226623535156,1518900,LMT
2012-10-22,92.6500015258789,93.11000061035156,92.0,92.7699966430664,62.437461853027344,762800,LMT
2012-10-23,92.27999877929688,92.44000244140625,91.38999938964844,91.94999694824219,61.88555145263672,1222400,LMT
2012-10-24,92.08999633789062,94.95999908447266,92.08999633789062,93.91999816894531,63.211456298828125,2011200,LMT
2012-10-25,94.5199966430664,94.7300033569336,92.80999755859375,93.55000305175781,62.96242904663086,1111700,LMT
2012-10-26,92.86000061035156,93.68000030517578,92.26000213623047,92.83999633789062,62.48457717895508,1469000,LMT
2012-10-31,94.44999694824219,94.54000091552734,93.02999877929688,93.66999816894531,63.04320526123047,1171500,LMT
2012-11-01,93.7699966430664,94.86000061035156,93.66000366210938,94.19000244140625,63.39315414428711,1189100,LMT
2012-11-02,94.5,94.80000305175781,93.5,93.72000122070312,63.076847076416016,2363400,LMT
2012-11-05,93.48999786376953,94.4000015258789,92.8499984741211,94.0999984741211,63.332557678222656,1712100,LMT
2012-11-06,94.1500015258789,95.91999816894531,93.87999725341797,94.87000274658203,63.850833892822266,1879700,LMT
2012-11-07,92.48999786376953,93.37000274658203,89.37999725341797,91.1500015258789,61.347137451171875,3714000,LMT
2012-11-08,89.2699966430664,90.9800033569336,89.2699966430664,89.91999816894531,60.51930236816406,1773500,LMT
2012-11-09,89.5,90.76000213623047,89.16000366210938,89.9800033569336,60.55970001220703,1782200,LMT
2012-11-12,89.81999969482422,90.13999938964844,89.08999633789062,89.80999755859375,60.44525909423828,1550800,LMT
2012-11-13,89.06999969482422,91.06999969482422,89.0,90.18000030517578,60.694305419921875,2297200,LMT
2012-11-14,90.47000122070312,90.58999633789062,87.87999725341797,88.11000061035156,59.30109786987305,1932600,LMT
2012-11-15,88.0199966430664,88.54000091552734,87.08000183105469,87.58000183105469,58.944393157958984,1551800,LMT
2012-11-16,87.83000183105469,88.75,87.20999908447266,88.45999908447266,59.53667449951172,1651800,LMT
2012-11-19,88.83000183105469,90.5,88.6500015258789,90.4800033569336,60.89623260498047,2026200,LMT
2012-11-20,90.48999786376953,90.58000183105469,89.31999969482422,90.18000030517578,60.694305419921875,1516000,LMT
2012-11-21,90.5,90.79000091552734,90.30999755859375,90.51000213623047,60.91639709472656,860300,LMT
2012-11-23,90.73999786376953,91.9000015258789,90.66999816894531,91.83000183105469,61.804813385009766,652300,LMT
2012-11-26,92.30999755859375,93.36000061035156,91.75,93.29000091552734,62.78744125366211,2015200,LMT
2012-11-27,93.12000274658203,94.0,92.7300033569336,93.0999984741211,62.65955352783203,1824100,LMT
2012-11-28,92.55000305175781,93.69999694824219,91.8499984741211,93.69999694824219,63.063385009765625,1621900,LMT
2012-11-29,92.5,93.41999816894531,92.08999633789062,93.04000091552734,63.39726638793945,2116000,LMT
2012-11-30,93.33999633789062,94.0999984741211,93.04000091552734,93.30000305175781,63.57441711425781,1651400,LMT
2012-12-03,93.25,93.43000030517578,91.54000091552734,91.55000305175781,62.38197326660156,1782300,LMT
2012-12-04,91.36000061035156,92.30000305175781,91.25,91.4800033569336,62.33428955078125,2098500,LMT
2012-12-05,91.62999725341797,92.08000183105469,90.69999694824219,91.52999877929688,62.36833953857422,1860800,LMT
2012-12-06,91.58000183105469,91.94000244140625,90.80000305175781,91.4800033569336,62.33428955078125,1678000,LMT
2012-12-07,91.58000183105469,92.0,91.1500015258789,91.9000015258789,62.6204719543457,1064200,LMT
2012-12-10,91.75,92.69999694824219,91.54000091552734,92.41000366210938,62.967979431152344,1183200,LMT
2012-12-11,92.72000122070312,93.0,91.91000366210938,92.0,62.68861770629883,1380400,LMT
2012-12-12,92.30999755859375,92.75,91.69000244140625,91.80999755859375,62.559139251708984,1505100,LMT
2012-12-13,91.51000213623047,91.66000366210938,89.80999755859375,89.98999786376953,61.31899642944336,2434700,LMT
2012-12-14,90.0,90.05999755859375,88.83999633789062,88.95999908447266,60.61716842651367,1697000,LMT
2012-12-17,89.19000244140625,90.77999877929688,88.79000091552734,90.41999816894531,61.61201858520508,1670700,LMT
2012-12-18,90.54000091552734,93.01000213623047,90.4000015258789,92.93000030517578,63.32229995727539,5676100,LMT
2012-12-19,92.97000122070312,93.66999816894531,92.19000244140625,92.91000366210938,63.308685302734375,1932400,LMT
2012-12-20,92.5,92.97000122070312,91.9000015258789,92.5,63.02931213378906,2310500,LMT
2012-12-21,91.19000244140625,93.47000122070312,91.16999816894531,93.12999725341797,63.45856857299805,3926200,LMT
2012-12-24,93.1500015258789,93.1500015258789,92.5199966430664,92.7699966430664,63.213279724121094,656800,LMT
2012-12-26,92.7699966430664,93.18000030517578,92.0,92.02999877929688,62.70904541015625,979700,LMT
2012-12-27,92.08999633789062,92.98999786376953,91.72000122070312,92.83000183105469,63.254173278808594,1733800,LMT
2012-12-28,92.27999877929688,92.63999938964844,91.08999633789062,91.33999633789062,62.23888397216797,1612200,LMT
2012-12-31,90.80000305175781,92.4000015258789,89.72000122070312,92.29000091552734,62.886207580566406,1999200,LMT
2013-01-02,93.79000091552734,94.16999816894531,92.58000183105469,93.2699966430664,63.55398178100586,2245600,LMT
2013-01-03,93.5199966430664,94.30999755859375,93.06999969482422,93.55000305175781,63.74477767944336,1828100,LMT
2013-01-04,93.93000030517578,94.0,93.06999969482422,93.9000015258789,63.98325729370117,1739300,LMT
2013-01-07,93.43000030517578,94.36000061035156,93.41000366210938,94.22000122070312,64.20132446289062,1335700,LMT
2013-01-08,93.80000305175781,93.80000305175781,92.45999908447266,92.95999908447266,63.34272003173828,1340600,LMT
2013-01-09,93.16999816894531,94.04000091552734,92.61000061035156,93.98999786376953,64.04460906982422,1289800,LMT
2013-01-10,94.27999877929688,94.3499984741211,93.55999755859375,94.11000061035156,64.12635803222656,1634300,LMT
2013-01-11,94.45999908447266,94.7699966430664,93.62999725341797,93.70999908447266,63.853790283203125,1174300,LMT
2013-01-14,93.08999633789062,93.94000244140625,93.08999633789062,93.91000366210938,63.9901008605957,850100,LMT
2013-01-15,93.48999786376953,94.33999633789062,93.3499984741211,94.0199966430664,64.06501007080078,1239200,LMT
2013-01-16,93.7699966430664,93.80999755859375,93.04000091552734,93.55000305175781,63.74477767944336,1150600,LMT
2013-01-17,93.95999908447266,95.0,93.70999908447266,94.75,64.56245422363281,1343700,LMT
2013-01-18,94.75,94.91000366210938,93.87999725341797,93.97000122070312,64.03094482421875,2414700,LMT
2013-01-22,94.0,95.61000061035156,93.79000091552734,95.33000183105469,64.9576416015625,1613600,LMT
2013-01-23,94.72000122070312,96.06999969482422,94.0199966430664,96.06999969482422,65.46189880371094,2417000,LMT
2013-01-24,96.5199966430664,96.5199966430664,92.9000015258789,93.25,63.54034423828125,4129600,LMT
2013-01-25,93.23999786376953,93.26000213623047,92.27999877929688,92.38999938964844,62.954368591308594,3366100,LMT
2013-01-28,92.48999786376953,92.48999786376953,89.0199966430664,89.31999969482422,60.86246109008789,4172000,LMT
2013-01-29,89.44999694824219,90.5199966430664,89.30000305175781,89.8499984741211,61.223602294921875,3028500,LMT
2013-01-30,89.87999725341797,89.9800033569336,88.02999877929688,88.20999908447266,60.106117248535156,6843500,LMT
2013-01-31,88.05999755859375,88.37999725341797,86.72000122070312,86.87000274658203,59.19301986694336,5312000,LMT
2013-02-01,87.5199966430664,87.79000091552734,86.37000274658203,87.22000122070312,59.43152618408203,3427400,LMT
2013-02-04,86.54000091552734,87.11000061035156,86.37000274658203,86.69999694824219,59.07720184326172,2837700,LMT
2013-02-05,87.48999786376953,87.52999877929688,86.58999633789062,87.01000213623047,59.28843307495117,2888300,LMT
2013-02-06,86.69999694824219,87.5999984741211,86.61000061035156,87.5999984741211,59.6904411315918,2524000,LMT
2013-02-07,87.4000015258789,88.05000305175781,86.8499984741211,87.44000244140625,59.58145523071289,1963100,LMT
2013-02-08,87.43000030517578,88.2300033569336,87.43000030517578,88.01000213623047,59.96982192993164,1936900,LMT
2013-02-11,87.98999786376953,88.01000213623047,87.20999908447266,87.52999877929688,59.64275360107422,1781700,LMT
2013-02-12,87.77999877929688,87.98999786376953,87.01000213623047,87.26000213623047,59.458797454833984,1746900,LMT
2013-02-13,87.30999755859375,87.48999786376953,86.48999786376953,87.05999755859375,59.32250213623047,1899900,LMT
2013-02-14,86.4800033569336,87.36000061035156,85.87999725341797,87.08000183105469,59.33613204956055,2400200,LMT
2013-02-15,87.08000183105469,87.87000274658203,87.05000305175781,87.87000274658203,59.87444305419922,2562400,LMT
2013-02-19,87.94999694824219,88.2300033569336,87.41000366210938,88.2300033569336,60.119728088378906,2442200,LMT
2013-02-20,87.93000030517578,88.4800033569336,87.72000122070312,87.7300033569336,59.779052734375,2883900,LMT
2013-02-21,87.6500015258789,87.80000305175781,87.0999984741211,87.55999755859375,59.66319274902344,1955700,LMT
2013-02-22,87.9000015258789,88.66999816894531,87.6500015258789,88.12000274658203,60.044769287109375,6849200,LMT
2013-02-25,88.43000030517578,89.08000183105469,87.70999908447266,87.87999725341797,59.88124465942383,10852400,LMT
2013-02-26,88.08000183105469,88.33999633789062,87.04000091552734,87.30000305175781,59.4860725402832,12053400,LMT
2013-02-27,85.91000366210938,88.58000183105469,85.91000366210938,88.33000183105469,60.991329193115234,2665700,LMT
2013-02-28,88.58999633789062,88.79000091552734,87.94000244140625,88.0,60.76347351074219,2281700,LMT
2013-03-01,87.75,88.37000274658203,87.08999633789062,88.16999816894531,60.88085174560547,1866200,LMT
2013-03-04,87.83999633789062,87.88999938964844,86.51000213623047,87.0999984741211,60.14200210571289,1765900,LMT
2013-03-05,87.0999984741211,88.08999633789062,86.9000015258789,87.80999755859375,60.632259368896484,1492500,LMT
2013-03-06,88.0999984741211,88.41999816894531,87.70999908447266,88.36000061035156,61.012027740478516,1684400,LMT
2013-03-07,88.54000091552734,89.27999877929688,88.41999816894531,88.79000091552734,61.30895233154297,1416200,LMT
2013-03-08,89.16000366210938,90.19999694824219,88.9800033569336,89.98999786376953,62.13752365112305,1771100,LMT
2013-03-11,89.79000091552734,90.58000183105469,89.69999694824219,90.54000091552734,62.51730728149414,2104000,LMT
2013-03-12,90.2300033569336,90.44000244140625,89.94999694824219,90.37000274658203,62.39989471435547,2116100,LMT
2013-03-13,90.63999938964844,92.48999786376953,90.30000305175781,92.30000305175781,63.73258972167969,2079100,LMT
2013-03-14,92.29000091552734,92.54000091552734,92.01000213623047,92.54000091552734,63.898319244384766,1879400,LMT
2013-03-15,92.08999633789062,92.80000305175781,92.0199966430664,92.73999786376953,64.03641510009766,2516400,LMT
2013-03-18,91.80999755859375,93.13999938964844,91.69999694824219,92.36000061035156,63.77400588989258,1491200,LMT
2013-03-19,92.7300033569336,93.56999969482422,92.45999908447266,92.87000274658203,64.12616729736328,1465500,LMT
2013-03-20,93.2300033569336,93.5,92.2300033569336,92.23999786376953,63.69112777709961,1849800,LMT
2013-03-21,92.0,92.44999694824219,91.6500015258789,91.68000030517578,63.30447769165039,1571500,LMT
2013-03-22,92.16999816894531,92.83999633789062,91.80000305175781,92.26000213623047,63.7049674987793,1560400,LMT
2013-03-25,92.61000061035156,93.0,91.91000366210938,92.30999755859375,63.739463806152344,1324400,LMT
2013-03-26,92.75,93.75,92.62999725341797,93.69999694824219,64.69927978515625,1974100,LMT
2013-03-27,93.23999786376953,94.66999816894531,93.04000091552734,94.47000122070312,65.23096466064453,1904300,LMT
2013-03-28,94.38999938964844,96.58999633789062,94.38999938964844,96.5199966430664,66.646484375,3824000,LMT
2013-04-01,96.13999938964844,96.44999694824219,94.77999877929688,95.0,65.59690856933594,2139300,LMT
2013-04-02,95.5,95.63999938964844,94.69000244140625,95.01000213623047,65.60381317138672,1676500,LMT
2013-04-03,95.27999877929688,96.45999908447266,95.04000091552734,95.08999633789062,65.6590805053711,2627100,LMT
2013-04-04,95.48999786376953,96.12999725341797,95.26000213623047,95.4000015258789,65.87310028076172,1465100,LMT
2013-04-05,94.83000183105469,95.20999908447266,94.0,94.52999877929688,65.27239990234375,2581700,LMT
2013-04-08,94.58000183105469,95.0999984741211,94.04000091552734,95.08999633789062,65.6590805053711,1197700,LMT
2013-04-09,95.31999969482422,95.51000213623047,94.30999755859375,95.41000366210938,65.88002014160156,1432700,LMT
2013-04-10,95.86000061035156,96.37000274658203,95.69000244140625,95.9800033569336,66.27359008789062,1372100,LMT
2013-04-11,96.33999633789062,97.56999969482422,96.2699966430664,97.30000305175781,67.18505096435547,1868000,LMT
2013-04-12,96.9000015258789,97.25,96.25,97.18000030517578,67.10218811035156,1235000,LMT
2013-04-15,96.55999755859375,97.1500015258789,95.23999786376953,95.44000244140625,65.90071868896484,1636300,LMT
2013-04-16,96.06999969482422,96.33999633789062,95.62000274658203,96.26000213623047,66.46694946289062,1516900,LMT
2013-04-17,95.88999938964844,96.06999969482422,94.69999694824219,95.55999755859375,65.98358917236328,1883900,LMT
2013-04-18,95.8499984741211,95.94999694824219,94.54000091552734,95.0199966430664,65.61071014404297,1287800,LMT
2013-04-19,95.5,96.5,95.36000061035156,96.27999877929688,66.48072814941406,1487500,LMT
2013-04-22,96.5999984741211,96.66999816894531,95.66999816894531,95.8499984741211,66.183837890625,1378500,LMT
2013-04-23,98.25,99.48999786376953,95.86000061035156,97.05999755859375,67.01931762695312,2489300,LMT
2013-04-24,97.62999725341797,98.27999877929688,97.55000305175781,97.69000244140625,67.45433807373047,1913400,LMT
2013-04-25,96.04000091552734,98.6500015258789,96.0,98.2699966430664,67.8548355102539,2109700,LMT
2013-04-26,98.2699966430664,99.4000015258789,98.13999938964844,98.97000122070312,68.33815002441406,1634800,LMT
2013-04-29,98.98999786376953,99.20999908447266,98.56999969482422,99.05999755859375,68.4002914428711,1232000,LMT
2013-04-30,98.5999984741211,99.19999694824219,98.33999633789062,99.08999633789062,68.42101287841797,1813500,LMT
2013-05-01,98.9000015258789,100.23999786376953,98.7699966430664,99.3499984741211,68.60054016113281,1957100,LMT
2013-05-02,99.52999877929688,101.12000274658203,99.16000366210938,100.66999816894531,69.51201629638672,1805400,LMT
2013-05-03,101.0,102.1500015258789,100.83999633789062,102.01000213623047,70.43729400634766,2356600,LMT
2013-05-06,101.72000122070312,102.88999938964844,101.56999969482422,102.19000244140625,70.5615463256836,2300200,LMT
2013-05-07,102.25,102.88999938964844,102.02999877929688,102.87999725341797,71.03800964355469,1497800,LMT
2013-05-08,102.55999755859375,102.61000061035156,101.69000244140625,101.80000305175781,70.2922592163086,1972700,LMT
2013-05-09,102.0,102.27999877929688,101.05999755859375,101.3499984741211,69.98155212402344,2024000,LMT
2013-05-10,101.2300033569336,101.94999694824219,101.2300033569336,101.94000244140625,70.38892364501953,1307500,LMT
2013-05-13,101.87999725341797,102.25,101.5,101.88999938964844,70.35442352294922,1327000,LMT
2013-05-14,102.0,102.88999938964844,101.80000305175781,102.87000274658203,71.03109741210938,1115100,LMT
2013-05-15,101.80000305175781,104.08999633789062,101.31999969482422,104.05000305175781,71.84589385986328,2214200,LMT
2013-05-16,103.91999816894531,104.6500015258789,103.77999877929688,104.0,71.81133270263672,1574300,LMT
2013-05-17,104.52999877929688,106.41000366210938,104.52999877929688,106.41000366210938,73.47544860839844,2610700,LMT
2013-05-20,105.93000030517578,107.0,105.83000183105469,106.55999755859375,73.57903289794922,1501100,LMT
2013-05-21,106.77999877929688,107.0999984741211,106.0999984741211,106.98999786376953,73.87590026855469,1452000,LMT
2013-05-22,106.81999969482422,107.93000030517578,106.26000213623047,106.48999786376953,73.53069305419922,2119500,LMT
2013-05-23,105.68000030517578,106.79000091552734,105.45999908447266,106.30000305175781,73.39949798583984,4760300,LMT
2013-05-24,106.08000183105469,107.0999984741211,105.52999877929688,107.05999755859375,73.92428588867188,4807100,LMT
2013-05-28,107.76000213623047,108.80000305175781,107.55000305175781,107.75,74.40071105957031,5380200,LMT
2013-05-29,107.1500015258789,107.70999908447266,106.58000183105469,107.30999755859375,74.09689331054688,1546300,LMT
2013-05-30,107.62999725341797,108.55000305175781,107.0199966430664,107.02999877929688,74.70410919189453,2068600,LMT
2013-05-31,106.66999816894531,107.79000091552734,105.83000183105469,105.83000183105469,73.8665542602539,1975800,LMT
2013-06-03,106.0,106.0,104.6500015258789,105.44000244140625,73.5943603515625,2035200,LMT
2013-06-04,105.23999786376953,105.81999969482422,104.66000366210938,105.06999969482422,73.33612060546875,1554900,LMT
2013-06-05,104.86000061035156,104.93000030517578,103.44000244140625,103.58999633789062,72.3030776977539,1333500,LMT
2013-06-06,103.80000305175781,104.51000213623047,103.04000091552734,104.37000274658203,72.84752655029297,1652600,LMT
2013-06-07,104.55999755859375,107.45999908447266,104.41999816894531,107.36000061035156,74.9344711303711,1826600,LMT
2013-06-10,107.44000244140625,107.63999938964844,106.41999816894531,106.66999816894531,74.45284271240234,1108500,LMT
2013-06-11,105.95999908447266,106.66000366210938,105.22000122070312,105.95999908447266,73.95730590820312,1139100,LMT
2013-06-12,106.91000366210938,107.4000015258789,106.30000305175781,107.05000305175781,74.71807861328125,1597200,LMT
2013-06-13,107.04000091552734,108.29000091552734,106.62000274658203,107.97000122070312,75.36021423339844,1831000,LMT
2013-06-14,107.75,108.45999908447266,107.20999908447266,107.69999694824219,75.17179107666016,1053100,LMT
2013-06-17,108.25,109.25,107.73999786376953,108.2699966430664,75.56956481933594,1144300,LMT
2013-06-18,108.58000183105469,109.26000213623047,108.31999969482422,108.8499984741211,75.97443389892578,1656600,LMT
2013-06-19,108.76000213623047,109.08999633789062,106.9000015258789,106.93000030517578,74.63435363769531,1566000,LMT
2013-06-20,106.26000213623047,106.93000030517578,105.0,105.04000091552734,73.31515502929688,2591400,LMT
2013-06-21,105.5,106.12999725341797,105.0,105.05999755859375,73.32913208007812,2836100,LMT
2013-06-24,104.70999908447266,104.91999816894531,103.51000213623047,103.83000183105469,72.47061157226562,1419200,LMT
2013-06-25,104.5,104.61000061035156,103.54000091552734,103.66999816894531,72.35893249511719,1467900,LMT
2013-06-26,104.5,105.91000366210938,104.36000061035156,105.7699966430664,73.82466888427734,1666600,LMT
2013-06-27,106.1500015258789,107.62999725341797,106.01000213623047,107.36000061035156,74.9344711303711,2536000,LMT
2013-06-28,107.11000061035156,108.86000061035156,107.11000061035156,108.45999908447266,75.70225524902344,2717300,LMT
2013-07-01,108.45999908447266,108.8499984741211,107.88999938964844,108.05999755859375,75.42302703857422,1509100,LMT
2013-07-02,107.95999908447266,107.95999908447266,105.94000244140625,106.4000015258789,74.26441955566406,1587000,LMT
2013-07-03,106.29000091552734,107.37999725341797,105.54000091552734,107.19999694824219,74.82279968261719,651600,LMT
2013-07-05,107.58000183105469,108.66999816894531,107.37000274658203,108.66000366210938,75.84182739257812,731800,LMT
2013-07-08,109.05000305175781,109.38999938964844,108.72000122070312,109.16999816894531,76.1977767944336,1102500,LMT
2013-07-09,109.7300033569336,110.30999755859375,109.1500015258789,109.56999969482422,76.47698974609375,1150900,LMT
2013-07-10,109.62000274658203,111.68000030517578,109.4800033569336,111.5199966430664,77.83802795410156,1397000,LMT
2013-07-11,112.37999725341797,113.16000366210938,112.0199966430664,113.0999984741211,78.94081115722656,1118300,LMT
2013-07-12,113.12000274658203,113.56999969482422,111.77999877929688,112.52999877929688,78.54296875,1459400,LMT
2013-07-15,112.75,114.37000274658203,112.45999908447266,114.37000274658203,79.82725524902344,1446000,LMT
2013-07-16,114.33000183105469,114.51000213623047,112.56999969482422,112.5999984741211,78.59182739257812,1274500,LMT
2013-07-17,112.98999786376953,114.08000183105469,112.9000015258789,114.08000183105469,79.62484741210938,1130600,LMT
2013-07-18,114.18000030517578,115.38999938964844,114.06999969482422,115.38999938964844,80.53916931152344,1058200,LMT
2013-07-19,114.9800033569336,115.62999725341797,114.69000244140625,115.55000305175781,80.65087890625,1713900,LMT
2013-07-22,115.80000305175781,115.9000015258789,115.18000030517578,115.6500015258789,80.72064971923828,1129200,LMT
2013-07-23,118.19999694824219,119.61000061035156,117.01000213623047,117.91999816894531,82.3050765991211,2643500,LMT
2013-07-24,118.56999969482422,120.37999725341797,118.2300033569336,119.12000274658203,83.14261627197266,2220700,LMT
2013-07-25,117.5999984741211,119.5199966430664,117.30000305175781,119.5,83.40788269042969,2833300,LMT
2013-07-26,119.0,120.05000305175781,118.80999755859375,120.0,83.7568359375,1675800,LMT
2013-07-29,118.81999969482422,120.38999938964844,118.80999755859375,119.98999786376953,83.74986267089844,1726900,LMT
2013-07-30,120.5199966430664,120.91999816894531,119.4800033569336,120.08999633789062,83.81965637207031,1584600,LMT
2013-07-31,120.44000244140625,121.56999969482422,119.31999969482422,120.12000274658203,83.84062194824219,1852200,LMT
2013-08-01,120.76000213623047,122.23999786376953,120.75,122.16999816894531,85.27143096923828,1238500,LMT
2013-08-02,123.12000274658203,124.08000183105469,121.94000244140625,123.7699966430664,86.38819122314453,1842300,LMT
2013-08-05,123.55000305175781,124.62999725341797,123.2300033569336,124.1500015258789,86.65343475341797,1166200,LMT
2013-08-06,124.04000091552734,124.52999877929688,123.87000274658203,124.26000213623047,86.73021697998047,1597700,LMT
2013-08-07,124.0,124.69999694824219,123.69999694824219,124.54000091552734,86.92564392089844,1372100,LMT
2013-08-08,125.0,125.0,123.80999755859375,124.63999938964844,86.99543762207031,1358700,LMT
2013-08-09,124.51000213623047,124.69999694824219,123.5999984741211,124.0199966430664,86.56270599365234,1307800,LMT
2013-08-12,123.83999633789062,124.18000030517578,122.9800033569336,123.0,85.85075378417969,1376200,LMT
2013-08-13,123.2699966430664,124.30000305175781,123.0,124.05999755859375,86.5905990600586,1481600,LMT
2013-08-14,124.0,124.27999877929688,123.3499984741211,123.62000274658203,86.28351593017578,1045300,LMT
2013-08-15,122.75,123.36000061035156,121.83000183105469,122.12999725341797,85.24349975585938,1191700,LMT
2013-08-16,121.83000183105469,122.77999877929688,121.69999694824219,122.19999694824219,85.2923812866211,1400300,LMT
2013-08-19,121.91999816894531,122.58000183105469,121.25,121.91000366210938,85.08995819091797,1191700,LMT
2013-08-20,121.91999816894531,123.97000122070312,121.91999816894531,122.41000366210938,85.43897247314453,1545400,LMT
2013-08-21,122.37000274658203,123.93000030517578,121.87000274658203,122.93000030517578,85.80189514160156,1455900,LMT
2013-08-22,123.31999969482422,124.56999969482422,123.05000305175781,123.70999908447266,86.34632110595703,4718000,LMT
2013-08-23,123.72000122070312,126.30000305175781,123.58999633789062,126.0,87.94469451904297,4927100,LMT
2013-08-26,126.0,126.7300033569336,125.0999984741211,125.19000244140625,87.37933349609375,1311100,LMT
2013-08-27,124.44999694824219,125.81999969482422,122.80000305175781,123.13999938964844,85.94850158691406,1315200,LMT
2013-08-28,123.26000213623047,124.0,123.22000122070312,123.30000305175781,86.06016540527344,1207700,LMT
2013-08-29,122.43000030517578,123.05000305175781,122.02999877929688,122.33999633789062,86.19400787353516,1333600,LMT
2013-08-30,122.58000183105469,122.66999816894531,121.72000122070312,122.41999816894531,86.25037384033203,1847000,LMT
2013-09-03,123.3499984741211,124.36000061035156,123.0999984741211,123.62999725341797,87.10285186767578,1525400,LMT
2013-09-04,123.3499984741211,124.86000061035156,123.25,124.2699966430664,87.55377960205078,1360300,LMT
2013-09-05,123.58000183105469,124.36000061035156,123.06999969482422,124.13999938964844,87.46218872070312,1337200,LMT
2013-09-06,124.54000091552734,124.87999725341797,122.54000091552734,123.7300033569336,87.17333221435547,1662600,LMT
2013-09-09,123.97000122070312,124.87000274658203,123.81999969482422,124.06999969482422,87.41288757324219,1220200,LMT
2013-09-10,124.69000244140625,125.80000305175781,124.33999633789062,125.06999969482422,88.11744689941406,1352500,LMT
2013-09-11,124.91000366210938,126.56999969482422,124.91000366210938,126.56999969482422,89.17422485351562,1143300,LMT
2013-09-12,126.30999755859375,127.38999938964844,126.19999694824219,126.54000091552734,89.15310668945312,1886100,LMT
2013-09-13,126.97000122070312,127.31999969482422,126.0199966430664,127.25,89.6533203125,973200,LMT
2013-09-16,128.2100067138672,129.1699981689453,127.9000015258789,128.4600067138672,90.50584411621094,1418000,LMT
2013-09-17,128.47000122070312,129.75999450683594,128.2100067138672,129.63999938964844,91.33720397949219,1169300,LMT
2013-09-18,129.64999389648438,130.88999938964844,128.4499969482422,130.83999633789062,92.18263244628906,1386500,LMT
2013-09-19,131.0,131.60000610351562,130.1999969482422,130.38999938964844,91.86561584472656,1403500,LMT
2013-09-20,130.44000244140625,130.6300048828125,128.0,128.0,90.18174743652344,2284900,LMT
2013-09-23,128.1199951171875,128.86000061035156,127.0,127.62000274658203,89.91400909423828,1138700,LMT
2013-09-24,127.87999725341797,129.22000122070312,127.87999725341797,128.13999938964844,90.28038024902344,1309100,LMT
2013-09-25,127.69000244140625,128.4499969482422,127.29000091552734,127.86000061035156,90.0831069946289,1062300,LMT
2013-09-26,128.14999389648438,129.9499969482422,128.00999450683594,129.85000610351562,91.48514556884766,1525700,LMT
2013-09-27,129.58999633789062,129.85000610351562,128.07000732421875,129.24000549316406,91.05538940429688,1308900,LMT
2013-09-30,128.0800018310547,128.5800018310547,127.25,127.55000305175781,89.86471557617188,1588500,LMT
2013-10-01,127.7699966430664,128.3000030517578,127.44000244140625,127.5,89.82948303222656,1377500,LMT
2013-10-02,127.11000061035156,127.1500015258789,124.0999984741211,125.08000183105469,88.12446594238281,3204200,LMT
2013-10-03,124.91000366210938,124.91999816894531,122.0999984741211,122.83000183105469,86.53925323486328,2668500,LMT
2013-10-04,123.1500015258789,123.41000366210938,121.5199966430664,122.5,86.3067626953125,2490300,LMT
2013-10-07,122.16999816894531,124.95999908447266,121.83000183105469,123.55999755859375,87.0535659790039,1950700,LMT
2013-10-08,123.62999725341797,123.94999694824219,122.38999938964844,122.45999908447266,86.278564453125,1080200,LMT
2013-10-09,122.62000274658203,123.13999938964844,121.75,122.02999877929688,85.97563171386719,1531000,LMT
2013-10-10,122.70999908447266,126.69999694824219,122.70999908447266,126.68000030517578,89.25176239013672,1323200,LMT
2013-10-11,126.20999908447266,126.58000183105469,125.75,126.16999816894531,88.89244842529297,1260000,LMT
2013-10-14,125.83999633789062,127.62999725341797,125.33000183105469,127.5,89.82948303222656,790600,LMT
2013-10-15,127.47000122070312,127.62999725341797,125.72000122070312,125.9000015258789,88.70218658447266,1109500,LMT
2013-10-16,126.66000366210938,127.98999786376953,126.02999877929688,127.86000061035156,90.0831069946289,1494000,LMT
2013-10-17,127.56999969482422,129.4499969482422,127.08999633789062,129.36000061035156,91.13990783691406,857700,LMT
2013-10-18,129.61000061035156,129.61000061035156,128.64999389648438,128.89999389648438,90.81584167480469,1447500,LMT
2013-10-21,128.89999389648438,129.05999755859375,125.08999633789062,125.30000305175781,88.27947235107422,3450600,LMT
2013-10-22,129.58999633789062,130.17999267578125,127.29000091552734,130.0500030517578,91.62606048583984,2784200,LMT
2013-10-23,130.0,132.02999877929688,130.0,131.97999572753906,92.98583984375,1672200,LMT
2013-10-24,132.02000427246094,132.99000549316406,131.38999938964844,132.6199951171875,93.43675231933594,1125400,LMT
2013-10-25,132.41000366210938,134.19000244140625,131.89999389648438,134.0,94.40900421142578,1578100,LMT
2013-10-28,133.75999450683594,134.3800048828125,132.9499969482422,133.22999572753906,93.86650848388672,1316400,LMT
2013-10-29,133.39999389648438,133.88999938964844,132.8699951171875,133.66000366210938,94.16947937011719,1231100,LMT
2013-10-30,134.1199951171875,134.9600067138672,133.32000732421875,133.72000122070312,94.21173858642578,1196100,LMT
2013-10-31,134.00999450683594,134.77999877929688,133.16000366210938,133.33999633789062,93.94400787353516,1516500,LMT
2013-11-01,133.5399932861328,136.83999633789062,133.42999267578125,134.5500030517578,94.79649353027344,2135000,LMT
2013-11-04,135.0,136.0,134.91000366210938,135.74000549316406,95.63493347167969,833400,LMT
2013-11-05,135.3300018310547,136.36000061035156,135.0500030517578,135.47000122070312,95.44469451904297,885700,LMT
2013-11-06,135.52999877929688,136.92999267578125,135.52999877929688,136.8699951171875,96.43106079101562,921900,LMT
2013-11-07,136.88999938964844,138.14999389648438,136.08999633789062,136.1999969482422,95.95899963378906,1285400,LMT
2013-11-08,136.1699981689453,138.14999389648438,136.00999450683594,138.11000061035156,97.3046875,1281400,LMT
2013-11-11,137.9199981689453,137.9199981689453,136.3000030517578,137.14999389648438,96.62833404541016,1029900,LMT
2013-11-12,137.14999389648438,137.24000549316406,136.39999389648438,137.22999572753906,96.68470764160156,1485100,LMT
2013-11-13,136.5399932861328,137.3800048828125,135.5399932861328,137.25999450683594,96.70581817626953,1667500,LMT
2013-11-14,137.74000549316406,138.39999389648438,137.0,138.2899932861328,97.43147277832031,886200,LMT
2013-11-15,137.92999267578125,138.0399932861328,136.38999938964844,137.4499969482422,96.83967590332031,2043000,LMT
2013-11-18,137.6199951171875,138.85000610351562,137.6199951171875,137.85000610351562,97.12149810791016,897700,LMT
2013-11-19,138.11000061035156,139.35000610351562,137.72000122070312,138.97000122070312,97.91058349609375,1047000,LMT
2013-11-20,138.83999633789062,138.83999633789062,136.99000549316406,137.19000244140625,96.65650177001953,858600,LMT
2013-11-21,137.6300048828125,139.00999450683594,137.25999450683594,138.6699981689453,97.69924926757812,3642300,LMT
2013-11-22,139.07000732421875,140.94000244140625,138.77000427246094,140.8800048828125,99.25628662109375,4836800,LMT
2013-11-25,141.16000366210938,142.1300048828125,140.8000030517578,141.75999450683594,99.87625122070312,6402400,LMT
2013-11-26,141.5,143.4199981689453,141.30999755859375,143.05999755859375,100.79219055175781,2432600,LMT
2013-11-27,142.08999633789062,144.42999267578125,142.08999633789062,143.94000244140625,102.36383819580078,1896400,LMT
2013-11-29,143.8699951171875,144.27000427246094,141.24000549316406,141.6699981689453,100.74952697753906,1553300,LMT
2013-12-02,141.85000610351562,142.5,139.42999267578125,139.6999969482422,99.34854125976562,1676600,LMT
2013-12-03,139.30999755859375,139.6999969482422,137.6999969482422,138.77000427246094,98.68717193603516,1987300,LMT
2013-12-04,138.57000732421875,138.67999267578125,135.38999938964844,136.22999572753906,96.88080596923828,2163400,LMT
2013-12-05,136.25999450683594,137.55999755859375,136.00999450683594,136.66000366210938,97.18659973144531,1190800,LMT
2013-12-06,137.89999389648438,138.5,137.22000122070312,138.19000244140625,98.27464294433594,1416600,LMT
2013-12-09,138.5,139.2899932861328,138.2899932861328,138.92999267578125,98.80093383789062,1389100,LMT
2013-12-10,138.7100067138672,139.86000061035156,138.39999389648438,139.30999755859375,99.0711898803711,1197900,LMT
2013-12-11,139.5,139.5,137.24000549316406,137.4600067138672,97.75557708740234,1163200,LMT
2013-12-12,137.22000122070312,138.67999267578125,137.22000122070312,137.97999572753906,98.1253433227539,1193900,LMT
2013-12-13,138.63999938964844,139.1999969482422,138.1999969482422,139.02999877929688,98.8720474243164,1017100,LMT
2013-12-16,139.1300048828125,140.41000366210938,139.02999877929688,140.0500030517578,99.59748077392578,1270700,LMT
2013-12-17,140.4600067138672,140.99000549316406,139.86000061035156,140.85000610351562,100.16638946533203,1161700,LMT
2013-12-18,140.92999267578125,143.99000549316406,140.0,143.72999572753906,102.21453857421875,2282800,LMT
2013-12-19,143.75,143.75,141.8699951171875,142.99000549316406,101.6882095336914,1530400,LMT
2013-12-20,143.38999938964844,144.92999267578125,142.89999389648438,144.2100067138672,102.55585479736328,1953600,LMT
2013-12-23,144.9499969482422,146.0,144.74000549316406,145.05999755859375,103.16033172607422,1806100,LMT
2013-12-24,145.1699981689453,146.27999877929688,145.0,146.13999938964844,103.92839050292969,726700,LMT
2013-12-26,146.33999633789062,149.2100067138672,146.17999267578125,148.83999633789062,105.8484878540039,1498600,LMT
2013-12-27,149.25999450683594,149.99000549316406,147.52000427246094,148.1300048828125,105.34357452392578,711400,LMT
2013-12-30,148.0399932861328,148.77000427246094,146.00999450683594,146.97999572753906,104.52574920654297,835600,LMT
2013-12-31,147.30999755859375,148.86000061035156,147.30999755859375,148.66000366210938,105.72051239013672,693000,LMT
2014-01-02,147.0500030517578,147.7899932861328,145.83999633789062,146.07000732421875,103.87860870361328,1115900,LMT
2014-01-03,146.5,147.3300018310547,146.47999572753906,147.05999755859375,104.58267974853516,843400,LMT
2014-01-06,147.3000030517578,148.08999633789062,146.10000610351562,146.27999877929688,104.02796936035156,1134800,LMT
2014-01-07,149.0,149.3000030517578,147.5,148.61000061035156,105.68494415283203,1684100,LMT
2014-01-08,148.38999938964844,149.10000610351562,147.7100067138672,148.5,105.606689453125,1222700,LMT
2014-01-09,149.0,150.42999267578125,148.5399932861328,148.72999572753906,105.770263671875,1646600,LMT
2014-01-10,148.99000549316406,149.69000244140625,147.5500030517578,149.4499969482422,106.2823257446289,1245800,LMT
2014-01-13,153.6999969482422,154.35000610351562,150.50999450683594,150.9199981689453,107.32771301269531,3449000,LMT
2014-01-14,151.1300048828125,151.92999267578125,149.19000244140625,151.4199981689453,107.6833267211914,2575800,LMT
2014-01-15,151.4199981689453,154.33999633789062,151.10000610351562,153.5,109.16248321533203,2294200,LMT
2014-01-16,153.0,153.52000427246094,152.6199951171875,153.49000549316406,109.1553726196289,1378700,LMT
2014-01-17,153.72999572753906,153.99000549316406,153.00999450683594,153.82000732421875,109.39006042480469,2016300,LMT
2014-01-21,154.0,156.5399932861328,153.7899932861328,154.10000610351562,109.58920288085938,2274600,LMT
2014-01-22,155.0,157.0500030517578,154.25999450683594,156.64999389648438,111.40263366699219,2646600,LMT
2014-01-23,157.11000061035156,158.42999267578125,150.3000030517578,150.49000549316406,107.02188873291016,3944100,LMT
2014-01-24,151.3300018310547,151.3300018310547,146.67999267578125,147.75999450683594,105.08047485351562,3496200,LMT
2014-01-27,148.1199951171875,149.08999633789062,145.1199951171875,147.02000427246094,104.55422973632812,2851400,LMT
2014-01-28,147.00999450683594,148.82000732421875,146.8000030517578,148.27999877929688,105.45024871826172,2676000,LMT
2014-01-29,147.13999938964844,148.24000549316406,146.5,147.35000610351562,104.78892517089844,2501000,LMT
2014-01-30,148.58999633789062,150.2899932861328,147.6699981689453,148.66000366210938,105.72051239013672,1931600,LMT
2014-01-31,147.07000732421875,151.99000549316406,145.94000244140625,150.91000366210938,107.32061767578125,2618200,LMT
2014-02-03,150.5399932861328,152.0,147.4199981689453,147.74000549316406,105.06626892089844,2307200,LMT
2014-02-04,147.7899932861328,148.97000122070312,144.69000244140625,148.17999267578125,105.37916564941406,2205000,LMT
2014-02-05,147.74000549316406,151.97000122070312,147.42999267578125,150.38999938964844,106.95079803466797,2728100,LMT
2014-02-06,149.72999572753906,152.63999938964844,149.5,151.74000549316406,107.91088104248047,2073800,LMT
2014-02-07,151.89999389648438,155.6999969482422,151.05999755859375,155.1300048828125,110.32168579101562,2072700,LMT
2014-02-10,154.75,155.41000366210938,153.50999450683594,153.97999572753906,109.50384521484375,2375000,LMT
2014-02-11,154.57000732421875,158.32000732421875,154.17999267578125,157.55999755859375,112.04981994628906,2242200,LMT
2014-02-12,158.7100067138672,159.4499969482422,157.97000122070312,158.9199981689453,113.01699829101562,1851100,LMT
2014-02-13,157.66000366210938,160.75999450683594,156.5399932861328,159.8000030517578,113.64277648925781,2461600,LMT
2014-02-14,159.8000030517578,163.24000549316406,159.30999755859375,162.88999938964844,115.84022521972656,2556400,LMT
2014-02-18,161.52999877929688,163.9499969482422,161.52999877929688,162.6999969482422,115.70511627197266,1985200,LMT
2014-02-19,162.60000610351562,164.7100067138672,162.00999450683594,162.64999389648438,115.6695785522461,1762400,LMT
2014-02-20,163.0,165.88999938964844,162.9199981689453,164.27000427246094,116.82161712646484,2112600,LMT
2014-02-21,165.0,165.44000244140625,163.3699951171875,164.3300018310547,116.86432647705078,2377600,LMT
2014-02-24,165.6199951171875,168.41000366210938,164.8000030517578,166.13999938964844,118.15150451660156,2534300,LMT
2014-02-25,166.5800018310547,167.42999267578125,163.10000610351562,163.61000061035156,116.35231018066406,2278400,LMT
2014-02-26,163.3000030517578,164.41000366210938,160.80999755859375,160.8300018310547,114.37527465820312,2691000,LMT
2014-02-27,160.39999389648438,161.6699981689453,159.50999450683594,161.44000244140625,115.76639556884766,3075100,LMT
2014-02-28,161.14999389648438,163.30999755859375,161.14999389648438,162.3000030517578,116.38308715820312,2232700,LMT
2014-03-03,160.82000732421875,164.2100067138672,160.52000427246094,163.5500030517578,117.27945709228516,1709000,LMT
2014-03-04,164.2899932861328,166.1699981689453,164.2899932861328,165.63999938964844,118.7782211303711,1748200,LMT
2014-03-05,166.22999572753906,167.42999267578125,165.5,166.82000732421875,119.62434387207031,1889200,LMT
2014-03-06,166.85000610351562,167.47999572753906,166.39999389648438,166.83999633789062,119.63870239257812,1378300,LMT
2014-03-07,167.5,167.8699951171875,165.97000122070312,166.57000732421875,119.44505310058594,1403500,LMT
2014-03-10,165.69000244140625,166.6999969482422,165.11000061035156,165.47999572753906,118.6634521484375,1377100,LMT
2014-03-11,165.3699951171875,165.6999969482422,163.72000122070312,163.8000030517578,117.45873260498047,1738200,LMT
2014-03-12,163.47000122070312,164.0,162.0,163.86000061035156,117.5017318725586,1503100,LMT
2014-03-13,164.52999877929688,165.11000061035156,162.32000732421875,162.8300018310547,116.7631607055664,1404600,LMT
2014-03-14,162.5399932861328,164.60000610351562,162.14999389648438,162.4199981689453,116.46913146972656,1386100,LMT
2014-03-17,163.44000244140625,164.64999389648438,163.0800018310547,164.07000732421875,117.65235137939453,1466300,LMT
2014-03-18,164.85000610351562,165.08999633789062,163.85000610351562,163.97999572753906,117.58782196044922,1652400,LMT
2014-03-19,164.3699951171875,164.5800018310547,160.00999450683594,160.89999389648438,115.37916564941406,2068200,LMT
2014-03-20,161.1199951171875,162.47000122070312,159.3699951171875,159.92999267578125,114.68364715576172,3228500,LMT
2014-03-21,161.0,161.3699951171875,157.39999389648438,157.39999389648438,112.8694076538086,4247800,LMT
2014-03-24,158.52999877929688,159.3699951171875,157.00999450683594,158.19000244140625,113.4359130859375,1997300,LMT
2014-03-25,158.75,161.1300048828125,158.5800018310547,160.57000732421875,115.14258575439453,2099700,LMT
2014-03-26,160.83999633789062,162.08999633789062,159.6199951171875,159.63999938964844,114.47567749023438,1299200,LMT
2014-03-27,159.2899932861328,159.9499969482422,158.02000427246094,158.8800048828125,113.93067932128906,1857000,LMT
2014-03-28,159.52999877929688,161.3699951171875,159.24000549316406,160.5399932861328,115.12105560302734,1191800,LMT
2014-03-31,162.25,163.5500030517578,161.60000610351562,163.24000549316406,117.05718994140625,1458700,LMT
2014-04-01,163.52000427246094,164.1300048828125,162.52999877929688,163.7100067138672,117.39421844482422,981900,LMT
2014-04-02,164.0,164.77000427246094,162.67999267578125,164.6999969482422,118.10411071777344,1050300,LMT
2014-04-03,165.0,165.1300048828125,163.6999969482422,163.75,117.42290496826172,1254600,LMT
2014-04-04,164.9499969482422,164.9499969482422,159.4199981689453,159.61000061035156,114.45416259765625,1622500,LMT
2014-04-07,159.3800048828125,160.61000061035156,157.47999572753906,157.74000549316406,113.11324310302734,1315200,LMT
2014-04-08,157.57000732421875,157.8000030517578,154.75,156.64999389648438,112.33157348632812,1782800,LMT
2014-04-09,158.02999877929688,159.9499969482422,156.9199981689453,158.8300018310547,113.89482116699219,1124300,LMT
2014-04-10,159.0800018310547,159.64999389648438,155.30999755859375,155.42999267578125,111.45672607421875,1499300,LMT
2014-04-11,154.97000122070312,155.38999938964844,153.5399932861328,153.82000732421875,110.30220031738281,2024200,LMT
2014-04-14,155.0,157.16000366210938,154.2899932861328,155.82000732421875,111.73645782470703,1356100,LMT
2014-04-15,155.5500030517578,157.58999633789062,154.2100067138672,157.38999938964844,112.86219024658203,1160500,LMT
2014-04-16,158.44000244140625,159.47000122070312,156.8699951171875,159.44000244140625,114.33224487304688,1167900,LMT
2014-04-17,158.25,160.49000549316406,158.25,160.25,114.91307067871094,1544900,LMT
2014-04-21,163.24000549316406,163.24000549316406,160.36000061035156,161.49000549316406,115.80233001708984,1303700,LMT
2014-04-22,164.67999267578125,164.7100067138672,156.1999969482422,156.69000244140625,112.36029815673828,2674100,LMT
2014-04-23,156.80999755859375,162.42999267578125,155.82000732421875,161.97999572753906,116.15365600585938,2862400,LMT
2014-04-24,162.42999267578125,162.58999633789062,159.60000610351562,160.6199951171875,115.17840576171875,1398300,LMT
2014-04-25,160.22000122070312,161.49000549316406,158.69000244140625,161.08999633789062,115.51544189453125,1803400,LMT
2014-04-28,161.3300018310547,162.27000427246094,159.8000030517578,161.3699951171875,115.71620178222656,1352700,LMT
2014-04-29,161.3000030517578,162.52999877929688,160.91000366210938,161.99000549316406,116.16084289550781,1225900,LMT
2014-04-30,162.02000427246094,164.3800048828125,161.35000610351562,164.13999938964844,117.7025375366211,1615800,LMT
2014-05-01,163.72000122070312,164.83999633789062,162.32000732421875,162.85000610351562,116.77751922607422,1301700,LMT
2014-05-02,163.0,164.11000061035156,162.6999969482422,163.89999389648438,117.53044128417969,1133100,LMT
2014-05-05,163.5,165.3699951171875,162.7899932861328,165.1199951171875,118.40522003173828,945500,LMT
2014-05-06,164.66000366210938,165.3000030517578,163.19000244140625,163.49000549316406,117.23646545410156,1026600,LMT
2014-05-07,164.0,164.47000122070312,162.57000732421875,164.1999969482422,117.74554443359375,1173300,LMT
2014-05-08,164.17999267578125,165.35000610351562,163.63999938964844,164.38999938964844,117.88182830810547,1024700,LMT
2014-05-09,164.14999389648438,165.1999969482422,163.3800048828125,165.17999267578125,118.44833374023438,837900,LMT
2014-05-12,165.5,167.1699981689453,165.3000030517578,166.9199981689453,119.6960678100586,1051900,LMT
2014-05-13,166.9199981689453,167.97999572753906,166.3300018310547,167.63999938964844,120.21235656738281,968400,LMT
2014-05-14,167.99000549316406,168.0,164.85000610351562,165.25999450683594,118.50568389892578,1165600,LMT
2014-05-15,164.82000732421875,165.4199981689453,162.77000427246094,163.5399932861328,117.2723159790039,1061100,LMT
2014-05-16,163.69000244140625,164.2899932861328,162.00999450683594,162.10000610351562,116.23970031738281,1739200,LMT
2014-05-19,162.14999389648438,163.24000549316406,161.6999969482422,162.3000030517578,116.38308715820312,1460200,LMT
2014-05-20,162.49000549316406,162.5,159.88999938964844,160.57000732421875,115.14258575439453,907600,LMT
2014-05-21,161.16000366210938,162.0800018310547,160.85000610351562,161.88999938964844,116.0891342163086,859500,LMT
2014-05-22,162.07000732421875,162.3800048828125,161.25999450683594,161.82000732421875,116.03892517089844,823200,LMT
2014-05-23,162.6699981689453,163.24000549316406,161.89999389648438,162.63999938964844,116.62693786621094,1663400,LMT
2014-05-27,163.1300048828125,163.22999572753906,162.00999450683594,162.9499969482422,116.84925079345703,1294500,LMT
2014-05-28,163.42999267578125,164.60000610351562,161.8699951171875,162.10000610351562,116.23970031738281,1831500,LMT
2014-05-29,161.1199951171875,163.38999938964844,160.5800018310547,163.14999389648438,117.96051788330078,1489200,LMT
2014-05-30,162.72999572753906,163.9600067138672,162.2899932861328,163.64999389648438,118.3219985961914,2121200,LMT
2014-06-02,163.8800048828125,164.41000366210938,162.6300048828125,164.11000061035156,118.65455627441406,1012600,LMT
2014-06-03,164.11000061035156,164.47999572753906,163.19000244140625,163.88999938964844,118.49555206298828,850900,LMT
2014-06-04,163.49000549316406,164.72000122070312,162.99000549316406,164.52000427246094,118.95105743408203,871300,LMT
2014-06-05,164.52999877929688,166.50999450683594,164.52999877929688,166.3300018310547,120.25968933105469,996100,LMT
2014-06-06,166.52999877929688,167.22999572753906,166.35000610351562,167.1699981689453,120.8670654296875,891000,LMT
2014-06-09,166.2100067138672,168.8699951171875,165.6999969482422,168.0800018310547,121.5249252319336,1351000,LMT
2014-06-10,167.99000549316406,168.07000732421875,166.27999877929688,167.33999633789062,120.98992919921875,1002700,LMT
2014-06-11,166.52000427246094,166.94000244140625,164.02999877929688,164.52999877929688,118.95826721191406,1297500,LMT
2014-06-12,164.3000030517578,164.75999450683594,162.17999267578125,162.63999938964844,117.59175872802734,857100,LMT
2014-06-13,162.9600067138672,164.58999633789062,162.66000366210938,164.0399932861328,118.60395050048828,750200,LMT
2014-06-16,163.86000061035156,165.6300048828125,163.52999877929688,165.13999938964844,119.39932250976562,889300,LMT
2014-06-17,165.0,165.63999938964844,163.5500030517578,164.24000549316406,118.74855041503906,858100,LMT
2014-06-18,164.1300048828125,164.22000122070312,162.0500030517578,163.7899932861328,118.4231948852539,1028200,LMT
2014-06-19,164.00999450683594,165.6199951171875,163.3000030517578,164.1999969482422,118.7196273803711,1045800,LMT
2014-06-20,163.75,165.6999969482422,163.75,165.39999389648438,119.58727264404297,1862900,LMT
2014-06-23,165.27000427246094,165.80999755859375,163.32000732421875,163.9499969482422,118.53889465332031,829500,LMT
2014-06-24,163.27999877929688,164.5,162.4600067138672,162.50999450683594,117.49776458740234,812500,LMT
2014-06-25,162.64999389648438,162.91000366210938,161.44000244140625,162.4499969482422,117.45437622070312,988400,LMT
2014-06-26,162.80999755859375,162.80999755859375,160.50999450683594,162.0500030517578,117.16516876220703,988400,LMT
2014-06-27,162.27999877929688,162.92999267578125,161.86000061035156,162.6999969482422,117.63512420654297,1102200,LMT
2014-06-30,162.75999450683594,162.8300018310547,160.36000061035156,160.72999572753906,116.21076202392578,1234500,LMT
2014-07-01,160.0399932861328,161.77000427246094,158.58999633789062,160.63999938964844,116.14572143554688,1358200,LMT
2014-07-02,160.77000427246094,160.8800048828125,158.1999969482422,158.97999572753906,114.94547271728516,1309800,LMT
2014-07-03,159.8000030517578,160.3800048828125,159.11000061035156,159.89999389648438,115.61071014404297,687200,LMT
2014-07-07,159.25,159.7100067138672,157.7100067138672,158.3000030517578,114.45382690429688,1164700,LMT
2014-07-08,158.44000244140625,158.44000244140625,156.9600067138672,157.2100067138672,113.66574096679688,970900,LMT
2014-07-09,158.1199951171875,158.72999572753906,157.42999267578125,157.92999267578125,114.18635559082031,827400,LMT
2014-07-10,156.22999572753906,159.0399932861328,156.22999572753906,158.17999267578125,114.36705780029297,815700,LMT
2014-07-11,158.1300048828125,160.6199951171875,157.92999267578125,160.30999755859375,115.90711975097656,1073600,LMT
2014-07-14,160.77999877929688,161.97999572753906,160.5,161.80999755859375,116.99163818359375,1045100,LMT
2014-07-15,161.72999572753906,163.49000549316406,161.47000122070312,162.6199951171875,117.5772933959961,1312000,LMT
2014-07-16,163.0800018310547,163.4600067138672,161.14999389648438,161.5500030517578,116.80366516113281,947800,LMT
2014-07-17,161.11000061035156,163.1999969482422,160.55999755859375,161.3300018310547,116.64462280273438,1190600,LMT
2014-07-18,161.82000732421875,162.5399932861328,161.05999755859375,162.49000549316406,117.48331451416016,1074700,LMT
2014-07-21,162.0,163.6699981689453,161.19000244140625,162.97999572753906,117.83756256103516,1201200,LMT
2014-07-22,164.5,168.17999267578125,164.38999938964844,167.8699951171875,121.37311553955078,2174500,LMT
2014-07-23,167.75999450683594,169.2100067138672,167.22000122070312,168.10000610351562,121.53945922851562,1808500,LMT
2014-07-24,168.52999877929688,170.1199951171875,167.82000732421875,169.97000122070312,122.89149475097656,1617600,LMT
2014-07-25,169.3300018310547,170.69000244140625,169.19000244140625,170.0399932861328,122.94208526611328,2112300,LMT
2014-07-28,169.99000549316406,170.57000732421875,168.3000030517578,170.0,122.91315460205078,1989600,LMT
2014-07-29,170.5,170.66000366210938,169.24000549316406,169.3300018310547,122.4287109375,1063100,LMT
2014-07-30,170.24000549316406,171.36000061035156,168.83999633789062,170.17999267578125,123.04329681396484,1077200,LMT
2014-07-31,169.0800018310547,169.24000549316406,166.97000122070312,166.97000122070312,120.72241973876953,1935900,LMT
2014-08-01,166.72000122070312,168.77000427246094,166.19000244140625,167.1199951171875,120.83087921142578,1535900,LMT
2014-08-04,167.55999755859375,168.5800018310547,167.02999877929688,168.2899932861328,121.67677307128906,1196400,LMT
2014-08-05,167.7899932861328,169.16000366210938,166.55999755859375,166.92999267578125,120.69351196289062,1218900,LMT
2014-08-06,166.0800018310547,166.0800018310547,162.7100067138672,163.0500030517578,117.88818359375,1883000,LMT
2014-08-07,164.27999877929688,164.6199951171875,162.52000427246094,162.9499969482422,117.81590270996094,1087100,LMT
2014-08-08,163.11000061035156,166.19000244140625,163.10000610351562,165.8000030517578,119.87649536132812,1196000,LMT
2014-08-11,166.86000061035156,166.92999267578125,166.0,166.14999389648438,120.12956237792969,801800,LMT
2014-08-12,166.14999389648438,167.14999389648438,165.25999450683594,165.77999877929688,119.86204528808594,779500,LMT
2014-08-13,166.14999389648438,169.39999389648438,166.14999389648438,169.08999633789062,122.25521087646484,1079100,LMT
2014-08-14,169.33999633789062,170.2100067138672,168.86000061035156,169.5,122.55167388916016,1030000,LMT
2014-08-15,169.91000366210938,170.5,167.94000244140625,169.16000366210938,122.30580139160156,1062400,LMT
2014-08-18,170.1999969482422,172.10000610351562,170.0399932861328,171.52000427246094,124.01217651367188,766400,LMT
2014-08-19,172.02000427246094,172.39999389648438,171.2899932861328,172.1300048828125,124.45318603515625,841100,LMT
2014-08-20,172.14999389648438,175.47000122070312,172.1300048828125,175.30999755859375,126.75239562988281,1351100,LMT
2014-08-21,174.9199981689453,175.49000549316406,174.17999267578125,175.10000610351562,126.60060119628906,1088200,LMT
2014-08-22,174.7100067138672,176.1300048828125,174.36000061035156,175.14999389648438,126.63672637939453,801400,LMT
2014-08-25,175.75,177.07000732421875,175.42999267578125,176.52999877929688,127.63446807861328,866400,LMT
2014-08-26,176.97000122070312,177.00999450683594,176.0399932861328,176.61000061035156,127.69232940673828,1036500,LMT
2014-08-27,176.99000549316406,177.19000244140625,176.0,176.52000427246094,127.62720489501953,1115200,LMT
2014-08-28,174.6699981689453,175.0500030517578,173.74000549316406,174.10000610351562,126.83316040039062,1455800,LMT
2014-08-29,174.75999450683594,175.08999633789062,173.75,174.0,126.76033020019531,1532000,LMT
2014-09-02,175.13999938964844,175.30999755859375,173.07000732421875,173.8000030517578,126.6146469116211,1547700,LMT
2014-09-03,174.94000244140625,175.63999938964844,173.2100067138672,173.5,126.39607238769531,1454800,LMT
2014-09-04,173.99000549316406,174.49000549316406,172.75999450683594,173.0399932861328,126.0609130859375,1109000,LMT
2014-09-05,173.1699981689453,174.64999389648438,172.3699951171875,174.5800018310547,127.18281555175781,983600,LMT
2014-09-08,174.52000427246094,175.57000732421875,174.36000061035156,174.77000427246094,127.32122039794922,926500,LMT
2014-09-09,175.60000610351562,176.35000610351562,174.83999633789062,174.94000244140625,127.44512939453125,1418300,LMT
2014-09-10,174.9600067138672,175.02999877929688,173.72000122070312,174.58999633789062,127.19013214111328,2210500,LMT
2014-09-11,174.3800048828125,174.77000427246094,173.5800018310547,174.1999969482422,126.9060287475586,1299200,LMT
2014-09-12,174.1699981689453,174.99000549316406,173.7100067138672,174.42999267578125,127.07360076904297,759400,LMT
2014-09-15,174.4199981689453,175.77999877929688,173.9199981689453,175.60000610351562,127.92589569091797,678500,LMT
2014-09-16,175.1300048828125,177.94000244140625,175.02000427246094,177.19000244140625,129.0842742919922,1186800,LMT
2014-09-17,177.77999877929688,179.64999389648438,177.4499969482422,178.8000030517578,130.2571563720703,1152600,LMT
2014-09-18,179.3699951171875,179.72000122070312,178.3000030517578,179.57000732421875,130.81813049316406,1040400,LMT
2014-09-19,180.49000549316406,181.22000122070312,180.22000122070312,180.74000549316406,131.67047119140625,1896300,LMT
2014-09-22,179.72000122070312,180.75999450683594,178.75999450683594,178.99000549316406,130.3955535888672,1097400,LMT
2014-09-23,178.52999877929688,178.97999572753906,175.9199981689453,176.33999633789062,128.46499633789062,1451100,LMT
2014-09-24,176.27999877929688,178.5,176.27999877929688,178.38999938964844,129.95843505859375,959400,LMT
2014-09-25,178.10000610351562,178.74000549316406,176.25999450683594,177.44000244140625,129.26634216308594,1739100,LMT
2014-09-26,177.5399932861328,182.27000427246094,177.5399932861328,181.5800018310547,132.2823944091797,1877700,LMT
2014-09-29,181.8000030517578,182.7899932861328,180.11000061035156,181.36000061035156,132.1221466064453,1579900,LMT
2014-09-30,182.60000610351562,184.08999633789062,182.1300048828125,182.77999877929688,133.15664672851562,1981200,LMT
2014-10-01,181.14999389648438,181.14999389648438,177.0800018310547,177.88999938964844,129.5941925048828,1901400,LMT
2014-10-02,177.66000366210938,178.3000030517578,175.7899932861328,176.35000610351562,128.47232055664062,1468900,LMT
2014-10-03,177.6699981689453,179.33999633789062,176.9199981689453,178.33999633789062,129.92205810546875,2463700,LMT
2014-10-06,179.6199951171875,179.6999969482422,176.6699981689453,176.9199981689453,128.8875274658203,1486300,LMT
2014-10-07,176.39999389648438,176.55999755859375,173.0,173.02000427246094,126.04638671875,1182700,LMT
2014-10-08,173.27000427246094,176.5500030517578,171.8300018310547,176.35000610351562,128.47232055664062,1677600,LMT
2014-10-09,176.32000732421875,176.55999755859375,173.5500030517578,174.5500030517578,127.16101837158203,1581500,LMT
2014-10-10,174.67999267578125,176.77999877929688,173.6999969482422,174.47000122070312,127.10273742675781,1668600,LMT
2014-10-13,173.97000122070312,176.4499969482422,172.77999877929688,172.8800048828125,125.94442749023438,1473800,LMT
2014-10-14,173.5500030517578,177.75,173.13999938964844,176.11000061035156,128.29747009277344,1585300,LMT
2014-10-15,174.00999450683594,176.02000427246094,170.25999450683594,175.19000244140625,127.62720489501953,2180500,LMT
2014-10-16,173.22999572753906,176.72999572753906,172.4499969482422,174.72000122070312,127.28482818603516,1972800,LMT
2014-10-17,176.83999633789062,177.88999938964844,175.86000061035156,176.24000549316406,128.3921661376953,2360100,LMT
2014-10-20,175.92999267578125,176.3699951171875,173.92999267578125,175.52999877929688,127.87495422363281,2054900,LMT
2014-10-21,170.14999389648438,173.85000610351562,166.27999877929688,172.61000061035156,125.7477035522461,4106600,LMT
2014-10-22,171.0,177.83999633789062,170.7100067138672,176.00999450683594,128.22459411621094,3805700,LMT
2014-10-23,177.08999633789062,181.6300048828125,177.08999633789062,180.6699981689453,131.61944580078125,2442900,LMT
2014-10-24,181.6699981689453,181.75999450683594,179.4199981689453,181.3300018310547,132.1002960205078,1550700,LMT
2014-10-27,181.69000244140625,183.10000610351562,180.6999969482422,183.0,133.31689453125,1071400,LMT
2014-10-28,184.10000610351562,185.5500030517578,182.67999267578125,185.5500030517578,135.17457580566406,1809200,LMT
2014-10-29,186.02999877929688,186.77999877929688,184.91000366210938,186.42999267578125,135.81568908691406,1663700,LMT
2014-10-30,185.9600067138672,189.6199951171875,184.8300018310547,189.2899932861328,137.89920043945312,1586100,LMT
2014-10-31,191.39999389648438,191.9199981689453,189.66000366210938,190.57000732421875,138.8316650390625,1699900,LMT
2014-11-03,191.3000030517578,191.92999267578125,188.6300048828125,190.75,138.96287536621094,1145900,LMT
2014-11-04,190.83999633789062,192.94000244140625,190.2899932861328,190.7899932861328,138.991943359375,1667900,LMT
2014-11-05,192.19000244140625,192.33999633789062,188.27999877929688,189.72999572753906,138.21978759765625,1743800,LMT
2014-11-06,190.0,190.47000122070312,189.0800018310547,189.8800048828125,138.32904052734375,995100,LMT
2014-11-07,189.3800048828125,189.41000366210938,184.91000366210938,186.14999389648438,135.61167907714844,2569400,LMT
2014-11-10,186.4600067138672,187.25999450683594,185.75999450683594,186.99000549316406,136.22364807128906,1296200,LMT
2014-11-11,187.0,188.44000244140625,186.74000549316406,187.1199951171875,136.31834411621094,881400,LMT
2014-11-12,186.92999267578125,187.82000732421875,186.35000610351562,186.8699951171875,136.13624572753906,789300,LMT
2014-11-13,187.17999267578125,189.0500030517578,186.92999267578125,187.97000122070312,136.93753051757812,990600,LMT
2014-11-14,187.99000549316406,188.0,185.91000366210938,186.60000610351562,135.9395294189453,1665700,LMT
2014-11-17,186.69000244140625,187.17999267578125,185.36000061035156,185.50999450683594,135.14540100097656,1160900,LMT
2014-11-18,185.27999877929688,187.24000549316406,184.5,186.55999755859375,135.91038513183594,1775200,LMT
2014-11-19,186.07000732421875,186.75999450683594,185.41000366210938,186.0,135.5023956298828,1167500,LMT
2014-11-20,185.64999389648438,185.97999572753906,184.38999938964844,185.55999755859375,135.1818389892578,1021600,LMT
2014-11-21,187.9600067138672,188.27999877929688,187.17999267578125,187.92999267578125,136.9084014892578,1328200,LMT
2014-11-24,188.27999877929688,189.25999450683594,188.0,188.82000732421875,137.5568389892578,1127000,LMT
2014-11-25,188.82000732421875,190.0399932861328,188.5500030517578,188.6699981689453,137.44749450683594,1808100,LMT
2014-11-26,187.5,189.5500030517578,187.1300048828125,189.14999389648438,138.90155029296875,1320600,LMT
2014-11-28,189.6199951171875,192.5800018310547,189.0,191.55999755859375,140.67132568359375,940900,LMT
2014-12-01,190.92999267578125,191.8800048828125,190.02000427246094,191.10000610351562,140.33351135253906,1538300,LMT
2014-12-02,190.6699981689453,191.57000732421875,189.32000732421875,190.11000061035156,139.60653686523438,1659900,LMT
2014-12-03,190.1999969482422,190.6699981689453,189.64999389648438,189.67999267578125,139.29071044921875,1383300,LMT
2014-12-04,189.97999572753906,190.25,188.47000122070312,189.72999572753906,139.32742309570312,900100,LMT
2014-12-05,189.07000732421875,190.17999267578125,188.47000122070312,189.8699951171875,139.4302215576172,1204300,LMT
2014-12-08,190.0,190.61000061035156,188.77000427246094,189.85000610351562,139.41555786132812,1669000,LMT
2014-12-09,188.30999755859375,190.75,188.1300048828125,190.6199951171875,139.9810333251953,1140800,LMT
2014-12-10,189.75,190.6999969482422,187.55999755859375,187.91000366210938,137.99090576171875,1244000,LMT
2014-12-11,188.75999450683594,190.39999389648438,188.0399932861328,189.25,138.97499084472656,1170600,LMT
2014-12-12,187.27999877929688,188.0399932861328,184.77999877929688,185.17999267578125,135.9862060546875,1204600,LMT
2014-12-15,185.58999633789062,187.25999450683594,183.05999755859375,184.2100067138672,135.27386474609375,1308200,LMT
2014-12-16,184.0,188.42999267578125,183.99000549316406,185.38999938964844,136.14039611816406,1228600,LMT
2014-12-17,185.38999938964844,185.92999267578125,182.41000366210938,185.14999389648438,135.96412658691406,1482600,LMT
2014-12-18,187.5500030517578,191.72000122070312,186.0399932861328,191.63999938964844,140.7300567626953,1670500,LMT
2014-12-19,191.5500030517578,194.24000549316406,191.00999450683594,192.85000610351562,141.6185760498047,2609100,LMT
2014-12-22,193.39999389648438,196.9600067138672,193.39999389648438,196.4499969482422,144.26222229003906,1105500,LMT
2014-12-23,198.5,198.72000122070312,195.75,195.77000427246094,143.76290893554688,986000,LMT
2014-12-24,195.97000122070312,197.91000366210938,195.7899932861328,196.42999267578125,144.24754333496094,403200,LMT
2014-12-26,196.7100067138672,197.80999755859375,196.5800018310547,196.83999633789062,144.54864501953125,547400,LMT
2014-12-29,196.92999267578125,196.92999267578125,194.7100067138672,195.63999938964844,143.66741943359375,610800,LMT
2014-12-30,195.24000549316406,196.41000366210938,195.0,195.42999267578125,143.5132293701172,523600,LMT
2014-12-31,194.91000366210938,195.97000122070312,192.52000427246094,192.57000732421875,141.41302490234375,706500,LMT
2015-01-02,192.10000610351562,194.47999572753906,191.0399932861328,193.30999755859375,141.95640563964844,902100,LMT
2015-01-05,192.89999389648438,194.5,188.60000610351562,189.2899932861328,139.00430297851562,1506200,LMT
2015-01-06,189.6199951171875,190.99000549316406,186.8000030517578,188.39999389648438,138.35079956054688,1205800,LMT
2015-01-07,189.32000732421875,191.02000427246094,189.22000122070312,190.8300018310547,140.1352081298828,941900,LMT
2015-01-08,190.89999389648438,196.8800048828125,190.89999389648438,195.1300048828125,143.29295349121094,1950900,LMT
2015-01-09,195.08999633789062,197.07000732421875,194.82000732421875,195.02000427246094,143.21212768554688,1439500,LMT
2015-01-12,195.50999450683594,196.22999572753906,193.7100067138672,194.47000122070312,142.80824279785156,896400,LMT
2015-01-13,196.13999938964844,198.44000244140625,192.67999267578125,194.35000610351562,142.72015380859375,1095000,LMT
2015-01-14,194.14999389648438,194.24000549316406,191.6300048828125,193.22999572753906,141.89764404296875,1101100,LMT
2015-01-15,194.16000366210938,194.72999572753906,191.85000610351562,192.3699951171875,141.2661590576172,896600,LMT
2015-01-16,191.8800048828125,194.77000427246094,191.8800048828125,194.7100067138672,142.9844970703125,1085600,LMT
2015-01-20,196.6300048828125,196.99000549316406,193.00999450683594,195.75,143.74818420410156,857800,LMT
2015-01-21,195.0,196.75,194.11000061035156,195.5,143.56468200683594,966600,LMT
2015-01-22,197.0,198.55999755859375,195.27999877929688,198.08999633789062,145.466552734375,1307900,LMT
2015-01-23,197.99000549316406,198.8800048828125,196.9499969482422,197.44000244140625,144.9892578125,1313000,LMT
2015-01-26,196.25,196.9199981689453,193.02999877929688,195.67999267578125,143.69679260253906,1338900,LMT
2015-01-27,193.0,193.49000549316406,190.32000732421875,190.5500030517578,139.9296112060547,1942700,LMT
2015-01-28,191.83999633789062,194.8000030517578,189.0,189.25,138.97499084472656,1570400,LMT
2015-01-29,189.25999450683594,192.52999877929688,187.10000610351562,192.5,141.361572265625,2017000,LMT
2015-01-30,189.77000427246094,190.9600067138672,188.27999877929688,188.3699951171875,138.3287353515625,2287900,LMT
2015-02-02,188.41000366210938,189.75999450683594,186.00999450683594,189.3300018310547,139.03367614746094,1554000,LMT
2015-02-03,190.3800048828125,192.3000030517578,189.58999633789062,192.0,140.99441528320312,1618200,LMT
2015-02-04,191.33999633789062,193.52999877929688,190.6199951171875,192.27999877929688,141.20004272460938,1230900,LMT
2015-02-05,193.0800018310547,194.47000122070312,191.5800018310547,194.05999755859375,142.5071563720703,1063200,LMT
2015-02-06,194.2899932861328,196.9499969482422,192.89999389648438,195.24000549316406,143.37371826171875,1127100,LMT
2015-02-09,194.35000610351562,194.99000549316406,192.6999969482422,193.02000427246094,141.74343872070312,1208300,LMT
2015-02-10,195.10000610351562,195.97999572753906,193.8800048828125,195.6699981689453,143.689453125,1280600,LMT
2015-02-11,195.1699981689453,197.17999267578125,195.0,196.30999755859375,144.15945434570312,1439300,LMT
2015-02-12,196.7100067138672,198.22999572753906,196.38999938964844,197.47999572753906,145.01861572265625,1217900,LMT
2015-02-13,197.2899932861328,198.38999938964844,196.19000244140625,196.9499969482422,144.62942504882812,1253900,LMT
2015-02-17,196.52999877929688,198.3000030517578,195.77000427246094,197.57000732421875,145.08474731445312,1023300,LMT
2015-02-18,197.57000732421875,198.5800018310547,196.9499969482422,198.57000732421875,145.81910705566406,902000,LMT
2015-02-19,198.55999755859375,201.74000549316406,197.97000122070312,201.7100067138672,148.1249237060547,1775000,LMT
2015-02-20,200.86000061035156,204.0,200.27999877929688,203.99000549316406,149.79925537109375,1301400,LMT
2015-02-23,204.0,205.66000366210938,203.1999969482422,205.58999633789062,150.9741973876953,1440600,LMT
2015-02-24,205.50999450683594,206.92999267578125,204.82000732421875,206.6199951171875,151.73057556152344,1168600,LMT
2015-02-25,207.0500030517578,207.05999755859375,204.5,204.86000061035156,150.43812561035156,2759800,LMT
2015-02-26,203.25,203.83999633789062,200.52999877929688,201.3300018310547,148.9364013671875,1349700,LMT
2015-02-27,201.0,201.94000244140625,200.0,200.0500030517578,147.98948669433594,1311400,LMT
2015-03-02,200.0500030517578,203.1300048828125,200.0500030517578,203.02000427246094,150.1865692138672,1037400,LMT
2015-03-03,202.4499969482422,202.4499969482422,199.42999267578125,199.92999267578125,147.9007110595703,1312100,LMT
2015-03-04,199.6999969482422,200.0800018310547,198.77999877929688,198.97000122070312,147.19052124023438,851400,LMT
2015-03-05,199.3699951171875,200.02999877929688,198.75,199.10000610351562,147.2867431640625,872300,LMT
2015-03-06,198.3800048828125,198.63999938964844,196.7100067138672,197.66000366210938,146.22146606445312,1220300,LMT
2015-03-09,197.4199981689453,200.49000549316406,197.2100067138672,199.74000549316406,147.76019287109375,887600,LMT
2015-03-10,198.41000366210938,198.97999572753906,197.30999755859375,197.5800018310547,146.16229248046875,1087100,LMT
2015-03-11,197.94000244140625,198.41000366210938,196.91000366210938,197.2100067138672,145.88856506347656,953000,LMT
2015-03-12,197.5399932861328,198.9499969482422,197.5399932861328,198.77999877929688,147.05001831054688,1047200,LMT
2015-03-13,197.97000122070312,199.00999450683594,195.60000610351562,197.11000061035156,145.81460571289062,1155400,LMT
2015-03-16,198.22000122070312,202.3000030517578,198.10000610351562,202.11000061035156,149.513427734375,1198000,LMT
2015-03-17,201.47999572753906,202.0,200.02999877929688,200.6699981689453,148.4481201171875,936600,LMT
2015-03-18,200.77000427246094,203.49000549316406,198.36000061035156,202.60000610351562,149.87586975097656,872800,LMT
2015-03-19,202.5,203.36000061035156,201.0399932861328,202.19000244140625,149.57257080078125,1178000,LMT
2015-03-20,203.0500030517578,204.0399932861328,201.6699981689453,203.77000427246094,150.74143981933594,3938100,LMT
2015-03-23,203.3300018310547,204.58999633789062,202.9199981689453,202.9199981689453,150.1125946044922,1028100,LMT
2015-03-24,202.33999633789062,204.3699951171875,200.9499969482422,203.3000030517578,150.3937530517578,1250900,LMT
2015-03-25,203.33999633789062,204.0,199.0,199.02000427246094,147.22752380371094,1338200,LMT
2015-03-26,197.57000732421875,201.1199951171875,196.25999450683594,200.55999755859375,148.36680603027344,1499700,LMT
2015-03-27,200.55999755859375,202.8699951171875,200.24000549316406,202.22999572753906,149.6021728515625,1256400,LMT
2015-03-30,203.5,206.19000244140625,203.0,204.88999938964844,151.56993103027344,1049000,LMT
2015-03-31,203.4600067138672,205.1699981689453,202.9600067138672,202.9600067138672,150.1421661376953,1261500,LMT
2015-04-01,202.10000610351562,202.47000122070312,197.42999267578125,198.75999450683594,147.0352020263672,1897200,LMT
2015-04-02,199.3699951171875,199.55999755859375,197.6699981689453,198.72000122070312,147.00559997558594,1387600,LMT
2015-04-06,199.3300018310547,201.1199951171875,197.85000610351562,200.52999877929688,148.3445587158203,1366300,LMT
2015-04-07,201.0,202.5500030517578,199.89999389648438,200.14999389648438,148.06346130371094,1084800,LMT
2015-04-08,200.4499969482422,201.88999938964844,199.6300048828125,200.80999755859375,148.5517120361328,944800,LMT
2015-04-09,200.52000427246094,201.91000366210938,200.2899932861328,201.44000244140625,149.01776123046875,828100,LMT
2015-04-10,201.3699951171875,202.19000244140625,200.27999877929688,200.39999389648438,148.24839782714844,1279000,LMT
2015-04-13,200.02999877929688,201.1300048828125,196.82000732421875,197.0500030517578,145.77017211914062,2130400,LMT
2015-04-14,196.88999938964844,197.77000427246094,196.35000610351562,197.33999633789062,145.9847412109375,1586900,LMT
2015-04-15,198.27000427246094,199.4600067138672,197.0399932861328,197.2100067138672,145.88856506347656,1154300,LMT
2015-04-16,196.5800018310547,198.0399932861328,195.6699981689453,197.1199951171875,145.82196044921875,1065300,LMT
2015-04-17,195.8000030517578,196.44000244140625,193.94000244140625,194.82000732421875,144.1205291748047,1229900,LMT
2015-04-20,195.27999877929688,197.64999389648438,195.0,196.8000030517578,145.58522033691406,1276600,LMT
2015-04-21,198.0500030517578,198.33999633789062,195.11000061035156,196.2899932861328,145.2079620361328,1421000,LMT
2015-04-22,196.6999969482422,198.08999633789062,195.2100067138672,197.6300048828125,146.19921875,1127300,LMT
2015-04-23,197.49000549316406,198.92999267578125,196.0500030517578,197.1999969482422,145.88113403320312,1178700,LMT
2015-04-24,197.00999450683594,197.24000549316406,195.0,195.3699951171875,144.52737426757812,1307400,LMT
2015-04-27,195.63999938964844,196.5800018310547,193.52999877929688,193.83999633789062,143.39556884765625,1377700,LMT
2015-04-28,193.75,194.27000427246094,191.58999633789062,194.02000427246094,143.5286865234375,1095600,LMT
2015-04-29,193.3800048828125,194.07000732421875,190.92999267578125,191.2899932861328,141.50912475585938,1427200,LMT
2015-04-30,190.97000122070312,191.4600067138672,185.64999389648438,186.60000610351562,138.03965759277344,2257200,LMT
2015-05-01,186.8000030517578,189.14999389648438,186.8000030517578,189.0,139.8151092529297,1196000,LMT
2015-05-04,189.1999969482422,190.85000610351562,189.14999389648438,189.69000244140625,140.32553100585938,912400,LMT
2015-05-05,189.25,189.89999389648438,187.11000061035156,187.35000610351562,138.59454345703125,993600,LMT
2015-05-06,188.50999450683594,189.07000732421875,185.91000366210938,186.8300018310547,138.2097930908203,1192200,LMT
2015-05-07,186.64999389648438,188.9499969482422,186.33999633789062,188.2100067138672,139.23065185546875,1040700,LMT
2015-05-08,189.9600067138672,191.0399932861328,189.47999572753906,190.47999572753906,140.90994262695312,950500,LMT
2015-05-11,189.80999755859375,191.17999267578125,189.5399932861328,190.47000122070312,140.90260314941406,832000,LMT
2015-05-12,189.22000122070312,191.30999755859375,188.5500030517578,190.61000061035156,141.00613403320312,941800,LMT
2015-05-13,190.97000122070312,191.99000549316406,190.80999755859375,191.0,141.29464721679688,980900,LMT
2015-05-14,191.6199951171875,193.35000610351562,191.47000122070312,193.0500030517578,142.8111572265625,1004500,LMT
2015-05-15,193.02999877929688,193.80999755859375,192.10000610351562,192.36000061035156,142.3007354736328,1356500,LMT
2015-05-18,192.4499969482422,193.6300048828125,192.36000061035156,193.0800018310547,142.8332977294922,822100,LMT
2015-05-19,193.02000427246094,194.30999755859375,192.91000366210938,193.3800048828125,143.05528259277344,772100,LMT
2015-05-20,193.89999389648438,193.89999389648438,192.4600067138672,193.25,142.95907592773438,826500,LMT
2015-05-21,193.57000732421875,193.94000244140625,192.52000427246094,193.11000061035156,142.85556030273438,769700,LMT
2015-05-22,193.25999450683594,193.36000061035156,192.16000366210938,192.86000061035156,142.6706085205078,995600,LMT
2015-05-26,192.67999267578125,192.67999267578125,190.13999938964844,190.50999450683594,140.93211364746094,1380400,LMT
2015-05-27,190.4499969482422,191.58999633789062,190.0399932861328,191.35000610351562,141.55355834960938,1196100,LMT
2015-05-28,189.41000366210938,190.75999450683594,188.92999267578125,190.1199951171875,141.75482177734375,1468900,LMT
2015-05-29,189.92999267578125,190.10000610351562,187.6199951171875,188.1999969482422,140.32327270507812,1517400,LMT
2015-06-01,189.47999572753906,192.25,188.3699951171875,191.07000732421875,142.46316528320312,2003600,LMT
2015-06-02,190.61000061035156,191.2899932861328,188.8000030517578,190.77000427246094,142.23951721191406,1469200,LMT
2015-06-03,191.4199981689453,192.3300018310547,190.7899932861328,191.88999938964844,143.07456970214844,1340300,LMT
2015-06-04,190.75999450683594,192.2899932861328,189.99000549316406,190.1699981689453,141.79212951660156,1854000,LMT
2015-06-05,189.41000366210938,189.77000427246094,188.42999267578125,189.3300018310547,141.16583251953125,1389100,LMT
2015-06-08,189.33999633789062,190.8300018310547,189.05999755859375,189.3699951171875,141.19561767578125,964800,LMT
2015-06-09,190.42999267578125,190.5399932861328,189.3000030517578,189.35000610351562,141.18072509765625,1041200,LMT
2015-06-10,189.35000610351562,190.64999389648438,188.83999633789062,189.27999877929688,141.1285400390625,1729300,LMT
2015-06-11,189.4199981689453,191.5399932861328,189.4199981689453,191.47999572753906,142.7688751220703,1333100,LMT
2015-06-12,190.58999633789062,191.52999877929688,190.22000122070312,190.97999572753906,142.3960723876953,1110100,LMT
2015-06-15,190.0,190.5800018310547,189.00999450683594,189.9199981689453,141.605712890625,710600,LMT
2015-06-16,189.25999450683594,191.13999938964844,188.88999938964844,190.82000732421875,142.27685546875,853800,LMT
2015-06-17,191.36000061035156,191.77999877929688,189.72000122070312,191.02000427246094,142.42591857910156,862100,LMT
2015-06-18,191.5,194.49000549316406,191.38999938964844,192.75,143.71580505371094,1159700,LMT
2015-06-19,192.69000244140625,192.69000244140625,190.99000549316406,191.13999938964844,142.51539611816406,1234900,LMT
2015-06-22,191.9499969482422,192.97999572753906,191.66000366210938,192.0800018310547,143.21624755859375,716800,LMT
2015-06-23,192.42999267578125,192.9499969482422,190.8800048828125,191.63999938964844,142.88819885253906,572900,LMT
2015-06-24,191.22000122070312,191.7899932861328,190.1199951171875,190.1699981689453,141.79212951660156,857600,LMT
2015-06-25,190.5,191.1699981689453,189.67999267578125,189.99000549316406,141.6579132080078,884900,LMT
2015-06-26,190.52999877929688,190.55999755859375,188.50999450683594,188.63999938964844,140.6513671875,1876300,LMT
2015-06-29,187.58999633789062,188.52000427246094,185.41000366210938,185.52000427246094,138.3250732421875,1202600,LMT
2015-06-30,187.1699981689453,187.7899932861328,185.3300018310547,185.89999389648438,138.60838317871094,1275200,LMT
2015-07-01,186.00999450683594,188.2899932861328,186.00999450683594,188.1699981689453,140.30093383789062,950000,LMT
2015-07-02,188.7100067138672,188.7899932861328,186.75999450683594,187.3000030517578,139.65223693847656,1024500,LMT
2015-07-06,186.72999572753906,188.47999572753906,186.4199981689453,187.99000549316406,140.16676330566406,902600,LMT
2015-07-07,188.57000732421875,190.27999877929688,187.5399932861328,190.16000366210938,141.78466796875,1328500,LMT
2015-07-08,188.50999450683594,191.3300018310547,188.2899932861328,190.0500030517578,141.70265197753906,1528200,LMT
2015-07-09,191.75999450683594,193.1199951171875,191.2100067138672,192.1300048828125,143.25355529785156,1442100,LMT
2015-07-10,193.99000549316406,197.0,192.8699951171875,194.19000244140625,144.78948974609375,1638900,LMT
2015-07-13,196.0,198.38999938964844,195.61000061035156,197.8800048828125,147.5408172607422,1197200,LMT
2015-07-14,198.89999389648438,199.82000732421875,198.36000061035156,199.0500030517578,148.41311645507812,1059200,LMT
2015-07-15,199.19000244140625,199.63999938964844,198.05999755859375,199.41000366210938,148.6815948486328,972200,LMT
2015-07-16,199.8000030517578,201.80999755859375,199.60000610351562,201.6199951171875,150.32936096191406,975600,LMT
2015-07-17,200.92999267578125,201.66000366210938,200.39999389648438,201.17999267578125,150.0012969970703,997900,LMT
2015-07-20,202.30999755859375,205.38999938964844,201.02999877929688,205.1300048828125,152.94644165039062,2052000,LMT
2015-07-21,204.44000244140625,204.75999450683594,202.85000610351562,203.14999389648438,151.4701385498047,1767000,LMT
2015-07-22,203.3300018310547,204.44000244140625,202.0,202.7899932861328,151.20169067382812,1124200,LMT
2015-07-23,202.80999755859375,204.9600067138672,202.63999938964844,202.8300018310547,151.2314910888672,1175100,LMT
2015-07-24,202.8000030517578,202.94000244140625,200.67999267578125,201.0399932861328,149.89688110351562,1124800,LMT
2015-07-27,200.36000061035156,201.75999450683594,199.3800048828125,201.1699981689453,149.9938507080078,997600,LMT
2015-07-28,202.4199981689453,204.72000122070312,201.27999877929688,203.6300048828125,151.82803344726562,1125300,LMT
2015-07-29,204.77000427246094,210.41000366210938,204.30999755859375,208.14999389648438,155.1981658935547,2491000,LMT
2015-07-30,207.22000122070312,208.5,205.9499969482422,206.47000122070312,153.94558715820312,1554700,LMT
2015-07-31,207.61000061035156,208.50999450683594,206.52999877929688,207.10000610351562,154.41529846191406,1116800,LMT
2015-08-03,207.27000427246094,207.99000549316406,206.05999755859375,207.7899932861328,154.92970275878906,1064200,LMT
2015-08-04,208.50999450683594,209.7899932861328,207.25,209.52999877929688,156.22708129882812,1066100,LMT
2015-08-05,210.02000427246094,210.75,209.07000732421875,209.42999267578125,156.1525115966797,1209900,LMT
2015-08-06,209.72999572753906,209.94000244140625,208.16000366210938,209.25999450683594,156.0258331298828,1147900,LMT
2015-08-07,209.0,209.38999938964844,207.22000122070312,209.08999633789062,155.89901733398438,997500,LMT
2015-08-10,210.0399932861328,211.57000732421875,209.33999633789062,210.77999877929688,157.15911865234375,978500,LMT
2015-08-11,209.0500030517578,209.75999450683594,207.89999389648438,208.86000061035156,155.72750854492188,985800,LMT
2015-08-12,207.5399932861328,209.32000732421875,206.75,208.77999877929688,155.66793823242188,917900,LMT
2015-08-13,208.72999572753906,210.7100067138672,208.69000244140625,209.7899932861328,156.4209442138672,1091200,LMT
2015-08-14,209.75,212.0800018310547,209.3300018310547,211.9600067138672,158.03895568847656,916000,LMT
2015-08-17,210.8800048828125,213.1199951171875,210.77000427246094,213.02000427246094,158.82928466796875,776300,LMT
2015-08-18,212.36000061035156,213.33999633789062,212.13999938964844,212.6699981689453,158.56834411621094,774500,LMT
2015-08-19,211.9600067138672,212.91000366210938,210.6699981689453,211.27999877929688,157.5319061279297,1302600,LMT
2015-08-20,210.97999572753906,211.5,209.1300048828125,209.1300048828125,155.9288787841797,1405700,LMT
2015-08-21,208.55999755859375,208.83999633789062,204.57000732421875,204.67999267578125,152.6108856201172,2038500,LMT
2015-08-24,190.00999450683594,203.27000427246094,181.91000366210938,197.4600067138672,147.2276153564453,3308700,LMT
2015-08-25,205.5,205.50999450683594,198.5500030517578,198.97999572753906,148.36097717285156,2100600,LMT
2015-08-26,203.22999572753906,203.22999572753906,196.85000610351562,202.1199951171875,150.7021484375,2933800,LMT
2015-08-27,203.9199981689453,206.94000244140625,202.91000366210938,205.42999267578125,153.17007446289062,1688100,LMT
2015-08-28,203.6300048828125,204.47999572753906,201.3800048828125,203.89999389648438,153.14756774902344,1391200,LMT
2015-08-31,203.2100067138672,203.24000549316406,201.0800018310547,201.17999267578125,151.10459899902344,1086800,LMT
2015-09-01,197.8699951171875,199.58999633789062,197.02000427246094,197.6199951171875,148.43072509765625,1673700,LMT
2015-09-02,199.69000244140625,204.1199951171875,199.27999877929688,204.0399932861328,153.2527313232422,1490600,LMT
2015-09-03,204.69000244140625,206.4600067138672,204.32000732421875,205.1999969482422,154.12396240234375,1350900,LMT
2015-09-04,203.5399932861328,204.33999633789062,201.41000366210938,202.6199951171875,152.18618774414062,1213100,LMT
2015-09-08,204.17999267578125,207.2899932861328,204.0,207.00999450683594,155.4834442138672,1320700,LMT
2015-09-09,209.0,209.24000549316406,204.52000427246094,204.66000366210938,153.7183837890625,1110300,LMT
2015-09-10,203.7100067138672,207.2899932861328,203.7100067138672,206.14999389648438,154.8375244140625,1370200,LMT
2015-09-11,205.80999755859375,206.9600067138672,205.3300018310547,206.80999755859375,155.33328247070312,1085500,LMT
2015-09-14,207.02999877929688,207.02999877929688,205.55999755859375,206.0,154.72488403320312,1034300,LMT
2015-09-15,206.3800048828125,208.5399932861328,205.50999450683594,207.83999633789062,156.10691833496094,1253700,LMT
2015-09-16,207.63999938964844,208.19000244140625,206.3300018310547,207.55999755859375,155.89657592773438,927800,LMT
2015-09-17,207.85000610351562,210.52999877929688,207.1300048828125,207.60000610351562,155.92660522460938,958900,LMT
2015-09-18,206.0,206.02999877929688,202.64999389648438,203.30999755859375,152.7044677734375,3010600,LMT
2015-09-21,204.35000610351562,205.7899932861328,203.19000244140625,204.35000610351562,153.4855499267578,964700,LMT
2015-09-22,202.4600067138672,203.97000122070312,201.5,203.66000366210938,152.96734619140625,1119200,LMT
2015-09-23,204.1300048828125,204.99000549316406,201.7100067138672,202.77000427246094,152.29885864257812,601100,LMT
2015-09-24,201.5,205.88999938964844,199.55999755859375,204.75999450683594,153.7935333251953,1667600,LMT
2015-09-25,206.74000549316406,206.77999877929688,203.0,203.88999938964844,153.1400909423828,1414000,LMT
2015-09-28,202.5500030517578,204.44000244140625,200.0,200.22000122070312,150.38352966308594,1315400,LMT
2015-09-29,200.0,202.9199981689453,199.00999450683594,202.47000122070312,152.07350158691406,1226600,LMT
2015-09-30,204.33999633789062,207.7100067138672,204.22999572753906,207.30999755859375,155.7087860107422,1721800,LMT
2015-10-01,206.30999755859375,207.33999633789062,202.82000732421875,204.75,153.78598022460938,1889700,LMT
2015-10-02,202.00999450683594,206.61000061035156,201.80999755859375,206.61000061035156,155.1830596923828,1154800,LMT
2015-10-05,208.3000030517578,211.86000061035156,207.6999969482422,211.72999572753906,159.0286407470703,1347600,LMT
2015-10-06,211.6999969482422,212.64999389648438,210.27000427246094,210.39999389648438,158.02964782714844,1625700,LMT
2015-10-07,211.7899932861328,214.02000427246094,211.0399932861328,212.9499969482422,159.9449462890625,1122200,LMT
2015-10-08,212.27999877929688,214.66000366210938,211.33999633789062,214.3699951171875,161.0115509033203,782100,LMT
2015-10-09,214.44000244140625,216.27000427246094,213.22000122070312,213.25999450683594,160.1777801513672,1340000,LMT
2015-10-12,213.61000061035156,214.6300048828125,212.75999450683594,214.3300018310547,160.9814910888672,1048100,LMT
2015-10-13,213.22000122070312,214.36000061035156,211.94000244140625,211.97999572753906,159.2164306640625,1026200,LMT
2015-10-14,212.0500030517578,212.58999633789062,207.99000549316406,208.14999389648438,156.33975219726562,1192100,LMT
2015-10-15,209.22999572753906,211.6999969482422,207.50999450683594,209.17999267578125,157.1133270263672,1496900,LMT
2015-10-16,210.39999389648438,211.0,208.69000244140625,209.77999877929688,157.56399536132812,1145300,LMT
2015-10-19,209.24000549316406,210.72999572753906,208.5,210.63999938964844,158.20989990234375,1329900,LMT
2015-10-20,207.3800048828125,209.5500030517578,205.13999938964844,208.72999572753906,156.77536010742188,1926500,LMT
2015-10-21,209.75999450683594,213.16000366210938,208.74000549316406,211.55999755859375,158.90093994140625,1332400,LMT
2015-10-22,212.22000122070312,216.99000549316406,212.22000122070312,216.50999450683594,162.6188201904297,1190100,LMT
2015-10-23,218.0,219.4199981689453,217.22999572753906,219.32000732421875,164.72943115234375,1280900,LMT
2015-10-26,219.32000732421875,221.35000610351562,218.88999938964844,220.94000244140625,165.94615173339844,1383800,LMT
2015-10-27,219.97000122070312,225.14999389648438,219.80999755859375,223.0399932861328,167.52349853515625,1399900,LMT
2015-10-28,222.25,224.44000244140625,218.36000061035156,221.0399932861328,166.0213165283203,1973500,LMT
2015-10-29,221.0,222.69000244140625,217.77000427246094,218.25,163.92575073242188,1795900,LMT
2015-10-30,219.0,220.69000244140625,218.3300018310547,219.8300018310547,165.11248779296875,1774000,LMT
2015-11-02,219.88999938964844,221.0,218.91000366210938,220.58999633789062,165.68328857421875,1160700,LMT
2015-11-03,220.0,220.4600067138672,218.33999633789062,218.89999389648438,164.41397094726562,1046300,LMT
2015-11-04,219.7100067138672,220.35000610351562,218.50999450683594,218.8300018310547,164.36138916015625,932900,LMT
2015-11-05,219.1699981689453,220.58999633789062,218.00999450683594,218.60000610351562,164.18861389160156,911600,LMT
2015-11-06,218.0,218.49000549316406,215.0399932861328,216.6300048828125,162.70901489257812,1455400,LMT
2015-11-09,215.77000427246094,216.3699951171875,214.05999755859375,214.6999969482422,161.25936889648438,1657300,LMT
2015-11-10,214.3699951171875,215.74000549316406,212.6300048828125,214.07000732421875,160.78616333007812,1165900,LMT
2015-11-11,214.3699951171875,216.52999877929688,214.25999450683594,215.11000061035156,161.5673370361328,1197100,LMT
2015-11-12,214.5,215.05999755859375,212.66000366210938,213.5800018310547,160.4181365966797,1292200,LMT
2015-11-13,213.5,214.82000732421875,211.77999877929688,213.16000366210938,160.10269165039062,1059100,LMT
2015-11-16,214.30999755859375,220.83999633789062,214.0800018310547,220.6699981689453,165.74334716796875,1516000,LMT
2015-11-17,222.07000732421875,225.25,220.80999755859375,222.38999938964844,167.03526306152344,2081500,LMT
2015-11-18,222.5399932861328,223.3699951171875,220.72000122070312,223.22000122070312,167.65867614746094,1185400,LMT
2015-11-19,224.47999572753906,225.47000122070312,223.5,224.0,168.2445526123047,1410700,LMT
2015-11-20,225.4499969482422,226.97999572753906,224.9600067138672,226.05999755859375,169.79176330566406,1321200,LMT
2015-11-23,226.5,227.67999267578125,225.47000122070312,226.02999877929688,169.76922607421875,939900,LMT
2015-11-24,224.9600067138672,226.99000549316406,224.50999450683594,226.42999267578125,170.06967163085938,1234300,LMT
2015-11-25,226.47999572753906,227.91000366210938,225.32000732421875,225.8000030517578,169.5965118408203,2156400,LMT
2015-11-27,225.52999877929688,226.22999572753906,224.30999755859375,225.91000366210938,170.92813110351562,972800,LMT
2015-11-30,223.60000610351562,223.67999267578125,218.52999877929688,219.16000366210938,165.8209686279297,3000800,LMT
2015-12-01,220.05999755859375,223.10000610351562,219.3699951171875,220.1999969482422,166.60780334472656,1267200,LMT
2015-12-02,220.25,220.9499969482422,218.77999877929688,218.94000244140625,165.65451049804688,1307400,LMT
2015-12-03,219.27000427246094,219.75999450683594,214.69000244140625,215.4600067138672,163.02146911621094,1776500,LMT
2015-12-04,216.0,219.89999389648438,216.0,218.38999938964844,165.23841857910156,1701600,LMT
2015-12-07,218.33999633789062,219.6199951171875,217.5500030517578,219.1300048828125,165.7982940673828,1537800,LMT
2015-12-08,217.69000244140625,219.77999877929688,217.3000030517578,218.80999755859375,165.55615234375,844400,LMT
2015-12-09,218.02000427246094,220.25999450683594,216.61000061035156,217.5399932861328,164.59519958496094,1194900,LMT
2015-12-10,217.9199981689453,219.75,217.0,218.8800048828125,165.60911560058594,1119200,LMT
2015-12-11,217.5399932861328,219.16000366210938,216.6999969482422,217.1999969482422,164.33799743652344,1801900,LMT
2015-12-14,215.99000549316406,217.57000732421875,214.72000122070312,216.5800018310547,163.8688507080078,2026500,LMT
2015-12-15,217.0,217.24000549316406,214.72000122070312,214.83999633789062,162.5523681640625,1539800,LMT
2015-12-16,216.0,218.11000061035156,214.75,217.5,164.56495666503906,1352000,LMT
2015-12-17,217.86000061035156,218.77000427246094,215.16000366210938,215.22000122070312,162.83981323242188,1282300,LMT
2015-12-18,213.75,215.1699981689453,211.85000610351562,212.17999267578125,160.53973388671875,2058200,LMT
2015-12-21,213.8000030517578,215.58999633789062,213.52000427246094,215.47000122070312,163.02903747558594,1066800,LMT
2015-12-22,216.16000366210938,218.22999572753906,215.5800018310547,217.5800018310547,164.62551879882812,895200,LMT
2015-12-23,218.0,218.35000610351562,217.17999267578125,217.92999267578125,164.89028930664062,742400,LMT
2015-12-24,218.0,219.0,217.49000549316406,218.55999755859375,165.36697387695312,524400,LMT
2015-12-28,218.0800018310547,218.77000427246094,217.42999267578125,218.41000366210938,165.25350952148438,612900,LMT
2015-12-29,219.36000061035156,221.35000610351562,218.8000030517578,220.47000122070312,166.81216430664062,768300,LMT
2015-12-30,220.92999267578125,221.24000549316406,219.6199951171875,219.8000030517578,166.30523681640625,633500,LMT
2015-12-31,219.5800018310547,219.9499969482422,215.77999877929688,217.14999389648438,164.30014038085938,1157800,LMT
2016-01-04,214.0,215.77000427246094,211.38999938964844,213.2100067138672,161.31906127929688,1875200,LMT
2016-01-05,214.58999633789062,218.94000244140625,214.02000427246094,218.25999450683594,165.13999938964844,1349300,LMT
2016-01-06,217.8300018310547,221.0,216.25999450683594,217.6300048828125,164.66334533691406,1787100,LMT
2016-01-07,213.80999755859375,216.19000244140625,212.13999938964844,213.2899932861328,161.3795928955078,1810100,LMT
2016-01-08,215.00999450683594,216.35000610351562,212.3699951171875,212.91000366210938,161.0921173095703,1764600,LMT
2016-01-11,215.07000732421875,216.47000122070312,213.22999572753906,215.35000610351562,162.93820190429688,2550100,LMT
2016-01-12,216.02999877929688,218.10000610351562,214.50999450683594,217.9600067138672,164.9130096435547,1354800,LMT
2016-01-13,219.25999450683594,219.6199951171875,214.05999755859375,214.39999389648438,162.21942138671875,1374100,LMT
2016-01-14,214.4199981689453,217.1300048828125,212.27000427246094,216.4199981689453,163.74778747558594,1920700,LMT
2016-01-15,211.99000549316406,217.00999450683594,211.99000549316406,215.99000549316406,163.42247009277344,2809100,LMT
2016-01-19,216.69000244140625,220.77999877929688,213.1699981689453,215.2899932861328,162.8927764892578,2918100,LMT
2016-01-20,213.0500030517578,216.1999969482422,207.6199951171875,210.39999389648438,159.1929168701172,2459700,LMT
2016-01-21,211.1999969482422,212.0,208.75,210.7899932861328,159.48806762695312,1562900,LMT
2016-01-22,213.7100067138672,213.7100067138672,211.00999450683594,212.0399932861328,160.43377685546875,1517900,LMT
2016-01-25,211.83999633789062,212.75,210.0,211.00999450683594,159.65452575683594,1792100,LMT
2016-01-26,201.42999267578125,211.22000122070312,200.47000122070312,209.92999267578125,158.83737182617188,4440800,LMT
2016-01-27,209.88999938964844,211.63999938964844,207.0,207.86000061035156,157.2710723876953,2694800,LMT
2016-01-28,208.49000549316406,209.42999267578125,206.1699981689453,206.66000366210938,156.36318969726562,1862900,LMT
2016-01-29,207.8300018310547,211.0500030517578,206.1199951171875,211.0,159.6469268798828,2595900,LMT
2016-02-01,209.25999450683594,211.33999633789062,208.8699951171875,209.8000030517578,158.73892211914062,1673100,LMT
2016-02-02,209.5,210.97999572753906,207.63999938964844,210.4499969482422,159.2307586669922,1574600,LMT
2016-02-03,212.0,213.63999938964844,210.1300048828125,212.9199981689453,161.0996551513672,2231200,LMT
2016-02-04,212.5,213.3800048828125,209.27999877929688,210.2100067138672,159.0491943359375,1628200,LMT
2016-02-05,210.33999633789062,212.57000732421875,209.57000732421875,211.94000244140625,160.3581085205078,1892400,LMT
2016-02-08,209.3300018310547,215.14999389648438,209.3000030517578,214.52999877929688,162.3178253173828,2502100,LMT
2016-02-09,213.1199951171875,217.3300018310547,212.24000549316406,215.97999572753906,163.4149169921875,1983100,LMT
2016-02-10,216.00999450683594,217.44000244140625,213.6199951171875,213.9499969482422,161.8789520263672,1738000,LMT
2016-02-11,211.6699981689453,212.75,203.64999389648438,207.17999267578125,156.75662231445312,2649700,LMT
2016-02-12,208.30999755859375,209.9199981689453,205.5500030517578,206.0800018310547,155.92434692382812,2331700,LMT
2016-02-16,207.52000427246094,209.49000549316406,206.85000610351562,209.0,158.1337127685547,1548300,LMT
2016-02-17,210.0,212.97000122070312,209.10000610351562,212.74000549316406,160.9634552001953,1237700,LMT
2016-02-18,212.25,215.5,212.0,214.1999969482422,162.06814575195312,987100,LMT
2016-02-19,214.50999450683594,214.74000549316406,212.6999969482422,213.6199951171875,161.62930297851562,1233300,LMT
2016-02-22,213.6199951171875,216.77999877929688,213.6199951171875,215.00999450683594,162.68092346191406,974000,LMT
2016-02-23,214.8300018310547,215.74000549316406,213.8699951171875,215.14999389648438,162.786865234375,1282900,LMT
2016-02-24,213.5800018310547,216.99000549316406,213.5,216.6300048828125,163.90670776367188,1301600,LMT
2016-02-25,217.0,220.13999938964844,216.3800048828125,220.02999877929688,166.47918701171875,1489300,LMT
2016-02-26,219.22000122070312,219.75,217.11000061035156,217.24000549316406,165.610107421875,1210200,LMT
2016-02-29,216.6699981689453,218.10000610351562,215.72999572753906,215.7899932861328,164.50479125976562,1248600,LMT
2016-03-01,216.58999633789062,218.35000610351562,214.8800048828125,218.1300048828125,166.28860473632812,1159500,LMT
2016-03-02,218.08999633789062,218.86000061035156,215.77999877929688,217.1999969482422,165.57965087890625,1188600,LMT
2016-03-03,216.47999572753906,218.6199951171875,215.5399932861328,218.52000427246094,166.58592224121094,875200,LMT
2016-03-04,217.91000366210938,219.0800018310547,217.55999755859375,218.72000122070312,166.73837280273438,935500,LMT
2016-03-07,217.5,218.3800048828125,215.3000030517578,215.83999633789062,164.54286193847656,1017800,LMT
2016-03-08,213.9499969482422,216.2100067138672,210.89999389648438,215.33999633789062,164.16171264648438,1843800,LMT
2016-03-09,216.75,217.9199981689453,215.74000549316406,216.41000366210938,164.97740173339844,988200,LMT
2016-03-10,216.94000244140625,218.52000427246094,215.6699981689453,216.55999755859375,165.0917205810547,1367600,LMT
2016-03-11,218.0,218.88999938964844,215.9600067138672,217.0500030517578,165.46531677246094,1336400,LMT
2016-03-14,215.6199951171875,217.50999450683594,215.6199951171875,216.60000610351562,165.1222686767578,934500,LMT
2016-03-15,215.33999633789062,217.32000732421875,214.80999755859375,217.0500030517578,165.46531677246094,1012300,LMT
2016-03-16,217.13999938964844,218.94000244140625,216.2899932861328,218.19000244140625,166.33438110351562,882600,LMT
2016-03-17,218.27999877929688,219.94000244140625,217.4199981689453,219.25,167.14242553710938,1299100,LMT
2016-03-18,220.0,221.08999633789062,218.3699951171875,220.91000366210938,168.40794372558594,2114600,LMT
2016-03-21,220.41000366210938,223.19000244140625,220.41000366210938,221.25999450683594,168.67471313476562,1149700,LMT
2016-03-22,221.0500030517578,222.72999572753906,220.5,220.72999572753906,168.27069091796875,925300,LMT
2016-03-23,220.88999938964844,222.5399932861328,220.6199951171875,221.25999450683594,168.67471313476562,781900,LMT
2016-03-24,221.0500030517578,221.5,217.13999938964844,218.0,166.18948364257812,1319200,LMT
2016-03-28,218.80999755859375,219.5500030517578,218.33999633789062,219.05999755859375,166.99758911132812,994000,LMT
2016-03-29,219.0,220.9199981689453,218.42999267578125,220.75999450683594,168.29356384277344,748500,LMT
2016-03-30,222.0,223.86000061035156,221.7899932861328,222.9600067138672,169.97073364257812,950900,LMT
2016-03-31,222.64999389648438,223.3300018310547,221.08999633789062,221.5,168.8577117919922,1105200,LMT
2016-04-01,219.9600067138672,223.47000122070312,219.1699981689453,223.11000061035156,170.08502197265625,957800,LMT
2016-04-04,223.22000122070312,224.89999389648438,223.0800018310547,224.1300048828125,170.8626708984375,1007500,LMT
2016-04-05,224.02999877929688,227.02999877929688,222.82000732421875,225.6199951171875,171.99851989746094,1437300,LMT
2016-04-06,225.30999755859375,226.85000610351562,225.30999755859375,226.6300048828125,172.76852416992188,1276100,LMT
2016-04-07,226.0,227.41000366210938,225.63999938964844,226.47999572753906,172.6541290283203,1063200,LMT
2016-04-08,227.58999633789062,228.0,225.8000030517578,226.3000030517578,172.51693725585938,582600,LMT
2016-04-11,226.0500030517578,226.7100067138672,224.11000061035156,224.64999389648438,171.25906372070312,1140200,LMT
2016-04-12,224.75,226.8699951171875,224.17999267578125,225.97999572753906,172.2729949951172,682400,LMT
2016-04-13,227.0,227.16000366210938,224.92999267578125,226.3800048828125,172.57789611816406,808500,LMT
2016-04-14,226.7899932861328,226.7899932861328,225.19000244140625,225.44000244140625,171.86129760742188,774300,LMT
2016-04-15,225.8699951171875,225.9199981689453,224.6199951171875,225.80999755859375,172.1433868408203,1134600,LMT
2016-04-18,225.80999755859375,227.6300048828125,225.3000030517578,227.13999938964844,173.1572723388672,824200,LMT
2016-04-19,227.16000366210938,227.88999938964844,226.2899932861328,226.50999450683594,172.67697143554688,721100,LMT
2016-04-20,227.0,228.1199951171875,226.05999755859375,226.5800018310547,172.7303924560547,887300,LMT
2016-04-21,226.30999755859375,227.30999755859375,225.64999389648438,226.07000732421875,172.34158325195312,996700,LMT
2016-04-22,226.60000610351562,227.8699951171875,225.60000610351562,226.8300018310547,172.9209747314453,1037300,LMT
2016-04-25,226.0399932861328,226.99000549316406,225.33999633789062,226.3000030517578,172.51693725585938,986300,LMT
2016-04-26,227.85000610351562,232.22000122070312,227.85000610351562,232.16000366210938,176.98419189453125,1918300,LMT
2016-04-27,230.08999633789062,234.58999633789062,229.9600067138672,233.64999389648438,178.1200714111328,1405700,LMT
2016-04-28,232.1999969482422,234.47999572753906,231.89999389648438,232.72000122070312,177.41116333007812,1034900,LMT
2016-04-29,232.10000610351562,232.97000122070312,230.82000732421875,232.3800048828125,177.15188598632812,952200,LMT
2016-05-02,232.74000549316406,233.8000030517578,232.42999267578125,233.24000549316406,177.8075408935547,1008100,LMT
2016-05-03,232.33999633789062,234.8300018310547,231.3699951171875,234.6999969482422,178.92051696777344,1166400,LMT
2016-05-04,233.85000610351562,236.33999633789062,233.08999633789062,236.00999450683594,179.91920471191406,1382900,LMT
2016-05-05,236.10000610351562,238.16000366210938,235.44000244140625,238.13999938964844,181.54298400878906,1198900,LMT
2016-05-06,238.0,240.5,237.7899932861328,240.25999450683594,183.15916442871094,1140800,LMT
2016-05-09,240.25999450683594,242.0,239.52000427246094,240.32000732421875,183.20492553710938,1498800,LMT
2016-05-10,241.30999755859375,244.5500030517578,241.2899932861328,244.36000061035156,186.28472900390625,1141400,LMT
2016-05-11,243.97000122070312,244.49000549316406,241.6199951171875,241.8300018310547,184.3560028076172,1006700,LMT
2016-05-12,242.02999877929688,245.3699951171875,241.5,244.94000244140625,186.72689819335938,969300,LMT
2016-05-13,242.3800048828125,244.5,241.6999969482422,242.1199951171875,184.57708740234375,1198700,LMT
2016-05-16,241.2100067138672,243.99000549316406,240.91000366210938,242.97000122070312,185.2251434326172,921200,LMT
2016-05-17,243.0,243.52999877929688,240.27000427246094,241.52999877929688,184.1273193359375,1016100,LMT
2016-05-18,240.88999938964844,243.19000244140625,240.1300048828125,241.5800018310547,184.16542053222656,738000,LMT
2016-05-19,239.67999267578125,241.07000732421875,237.7899932861328,238.88999938964844,182.11473083496094,1360600,LMT
2016-05-20,239.49000549316406,240.3000030517578,238.38999938964844,240.07000732421875,183.0142822265625,1009000,LMT
2016-05-23,240.42999267578125,240.52000427246094,239.0399932861328,239.52000427246094,182.5950164794922,849600,LMT
2016-05-24,240.39999389648438,241.75,240.3000030517578,240.97000122070312,183.700439453125,741200,LMT
2016-05-25,241.3000030517578,241.55999755859375,240.5,240.83999633789062,183.60125732421875,737300,LMT
2016-05-26,240.58999633789062,242.0,240.11000061035156,241.5399932861328,184.13491821289062,648700,LMT
2016-05-27,240.0,240.82000732421875,239.2100067138672,240.08999633789062,184.28846740722656,794100,LMT
2016-05-31,239.74000549316406,240.61000061035156,236.14999389648438,236.22999572753906,181.32562255859375,2546000,LMT
2016-06-01,236.22999572753906,238.5800018310547,235.36000061035156,238.0800018310547,182.74563598632812,972700,LMT
2016-06-02,238.1300048828125,238.25,236.7899932861328,237.8300018310547,182.55372619628906,921400,LMT
2016-06-03,237.5800018310547,239.64999389648438,236.22999572753906,238.9199981689453,183.390380859375,1516700,LMT
2016-06-06,238.52000427246094,240.3699951171875,238.52000427246094,239.39999389648438,183.7588348388672,1154100,LMT
2016-06-07,240.1999969482422,241.36000061035156,239.41000366210938,239.5,183.83554077148438,993000,LMT
2016-06-08,239.25999450683594,240.75,239.22999572753906,240.3800048828125,184.51101684570312,918900,LMT
2016-06-09,240.0500030517578,240.8699951171875,240.0,240.6699981689453,184.73365783691406,894100,LMT
2016-06-10,240.00999450683594,241.6999969482422,239.74000549316406,240.5800018310547,184.66456604003906,760200,LMT
2016-06-13,240.00999450683594,240.6999969482422,237.91000366210938,237.9499969482422,182.64585876464844,1073000,LMT
2016-06-14,237.77999877929688,240.1199951171875,237.25,239.6999969482422,183.98904418945312,1220000,LMT
2016-06-15,240.11000061035156,240.58999633789062,239.22999572753906,239.4499969482422,183.79722595214844,854200,LMT
2016-06-16,239.0500030517578,240.4499969482422,238.08999633789062,239.8699951171875,184.11964416503906,1212300,LMT
2016-06-17,240.22000122070312,240.22000122070312,236.66000366210938,237.55999755859375,182.346435546875,1455700,LMT
2016-06-20,239.1999969482422,239.8000030517578,237.86000061035156,238.63999938964844,183.17547607421875,1067000,LMT
2016-06-21,239.49000549316406,239.85000610351562,238.30999755859375,238.5500030517578,183.10635375976562,928300,LMT
2016-06-22,238.9499969482422,239.27000427246094,238.0399932861328,238.1699981689453,182.81471252441406,1001700,LMT
2016-06-23,239.7899932861328,240.0,238.17999267578125,240.0,184.2194061279297,755800,LMT
2016-06-24,234.85000610351562,242.8699951171875,234.75,239.6999969482422,183.98904418945312,3471200,LMT
2016-06-27,238.77999877929688,239.97000122070312,236.07000732421875,239.2899932861328,183.6743621826172,1868200,LMT
2016-06-28,240.11000061035156,240.9600067138672,237.64999389648438,240.91000366210938,184.9178466796875,1994700,LMT
2016-06-29,242.0,244.69000244140625,241.66000366210938,244.0800018310547,187.35108947753906,1190000,LMT
2016-06-30,244.77999877929688,248.72000122070312,244.6699981689453,248.1699981689453,190.49050903320312,2045600,LMT
2016-07-01,248.1699981689453,249.9199981689453,248.1699981689453,249.35000610351562,191.39625549316406,1427800,LMT
2016-07-05,248.8000030517578,250.3800048828125,248.4199981689453,249.50999450683594,191.51902770996094,1327600,LMT
2016-07-06,250.9499969482422,251.32000732421875,247.8800048828125,250.0800018310547,191.9566192626953,1387400,LMT
2016-07-07,250.22999572753906,251.22000122070312,248.61000061035156,249.77000427246094,191.71868896484375,961300,LMT
2016-07-08,250.77999877929688,252.3000030517578,248.5,251.89999389648438,193.35360717773438,1082800,LMT
2016-07-11,252.3800048828125,256.3399963378906,251.9199981689453,254.38999938964844,195.26487731933594,6337100,LMT
2016-07-12,255.63999938964844,256.3800048828125,254.02999877929688,254.6999969482422,195.5028076171875,4167000,LMT
2016-07-13,255.10000610351562,256.44000244140625,254.9199981689453,255.89999389648438,196.4239501953125,4781700,LMT
2016-07-14,257.19000244140625,257.94000244140625,254.6999969482422,256.0,196.50071716308594,3323800,LMT
2016-07-15,257.1099853515625,257.6199951171875,256.1000061035156,256.9800109863281,197.25291442871094,3460700,LMT
2016-07-18,257.7799987792969,258.2900085449219,255.3000030517578,256.2900085449219,196.72323608398438,2345800,LMT
2016-07-19,258.5400085449219,263.3699951171875,252.10000610351562,258.9599914550781,198.77268981933594,4980000,LMT
2016-07-20,259.32000732421875,259.82000732421875,255.88999938964844,256.6700134277344,197.01498413085938,3361600,LMT
2016-07-21,257.489990234375,257.489990234375,251.60000610351562,254.13999938964844,195.0729522705078,2733400,LMT
2016-07-22,254.60000610351562,257.489990234375,253.0500030517578,257.30999755859375,197.5061798095703,1864500,LMT
2016-07-25,256.82000732421875,257.2799987792969,254.72000122070312,255.6199951171875,196.2090301513672,1295200,LMT
2016-07-26,255.6199951171875,256.4599914550781,253.8300018310547,254.75999450683594,195.54885864257812,2121500,LMT
2016-07-27,255.47000122070312,256.0,253.02999877929688,254.16000366210938,195.0883331298828,2593300,LMT
2016-07-28,254.1999969482422,254.88999938964844,252.0500030517578,254.5500030517578,195.38768005371094,2716000,LMT
2016-07-29,254.5,254.80999755859375,252.6999969482422,252.72999572753906,193.99070739746094,2178300,LMT
2016-08-01,252.6300048828125,254.92999267578125,252.3000030517578,254.83999633789062,195.6103057861328,2782400,LMT
2016-08-02,254.1699981689453,257.4599914550781,252.72999572753906,257.0,197.26824951171875,4770800,LMT
2016-08-03,257.510009765625,257.75,254.75,256.8500061035156,197.15309143066406,6827200,LMT
2016-08-04,257.6499938964844,258.7799987792969,256.1400146484375,257.75,197.843994140625,5720200,LMT
2016-08-05,259.1400146484375,260.2900085449219,257.6300048828125,260.2900085449219,199.79359436035156,4418100,LMT
2016-08-08,260.0,261.8699951171875,258.7900085449219,260.19000244140625,199.71682739257812,8743400,LMT
2016-08-09,260.42999267578125,261.2900085449219,259.17999267578125,260.6600036621094,200.0775909423828,9900300,LMT
2016-08-10,259.82000732421875,262.1000061035156,259.07000732421875,261.29998779296875,200.56881713867188,9565300,LMT
2016-08-11,261.5,264.07000732421875,260.1499938964844,262.5400085449219,201.5206298828125,12648900,LMT
2016-08-12,262.489990234375,265.3399963378906,261.6700134277344,264.1499938964844,202.75648498535156,13962300,LMT
2016-08-15,264.2200012207031,266.92999267578125,264.20001220703125,266.5,204.56028747558594,9143800,LMT
2016-08-16,265.2300109863281,266.04998779296875,254.44000244140625,256.7699890136719,197.09165954589844,7884400,LMT
2016-08-17,256.70001220703125,257.5,251.5500030517578,255.63999938964844,196.22434997558594,4381100,LMT
2016-08-18,255.63999938964844,255.99000549316406,254.10000610351562,255.4199981689453,196.05543518066406,2596300,LMT
2016-08-19,254.72999572753906,255.0,252.6999969482422,254.1199951171875,195.0576171875,2412700,LMT
2016-08-22,254.3699951171875,256.4200134277344,253.75,254.1999969482422,195.1189727783203,3791000,LMT
2016-08-23,255.24000549316406,255.24000549316406,248.13999938964844,249.75,191.70326232910156,10627900,LMT
2016-08-24,248.75999450683594,249.75,244.8000030517578,248.1199951171875,190.45213317871094,10559900,LMT
2016-08-25,247.61000061035156,250.19000244140625,246.0,248.52999877929688,190.76681518554688,4383900,LMT
2016-08-26,249.0,249.8000030517578,243.64999389648438,244.44000244140625,187.62744140625,4697100,LMT
2016-08-29,245.0,246.0800018310547,244.0399932861328,244.3000030517578,187.5199737548828,1637600,LMT
2016-08-30,242.64999389648438,243.30999755859375,238.85000610351562,239.4499969482422,185.0470428466797,1887400,LMT
2016-08-31,239.0,243.6199951171875,238.60000610351562,242.97000122070312,187.76731872558594,2890200,LMT
2016-09-01,243.1300048828125,243.83999633789062,241.89999389648438,243.61000061035156,188.2618408203125,1337100,LMT
2016-09-02,243.75,245.0,242.25999450683594,243.32000732421875,188.03770446777344,1492700,LMT
2016-09-06,244.24000549316406,244.49000549316406,242.25999450683594,243.0,187.79046630859375,1599800,LMT
2016-09-07,242.16000366210938,243.0,241.14999389648438,241.3699951171875,186.53076171875,1245900,LMT
2016-09-08,240.49000549316406,242.25,240.0,241.6300048828125,186.73171997070312,1249600,LMT
2016-09-09,240.13999938964844,240.63999938964844,237.88999938964844,237.94000244140625,183.88006591796875,1574200,LMT
2016-09-12,236.5,239.5,235.27999877929688,238.8000030517578,184.54473876953125,1822000,LMT
2016-09-13,237.6699981689453,238.72000122070312,237.0,237.41000366210938,183.470458984375,1609000,LMT
2016-09-14,237.41000366210938,239.00999450683594,236.91000366210938,237.41000366210938,183.470458984375,1494500,LMT
2016-09-15,237.41000366210938,239.49000549316406,236.6999969482422,239.08999633789062,184.76882934570312,1267100,LMT
2016-09-16,238.4199981689453,238.63999938964844,237.25,237.4499969482422,183.5014190673828,2892900,LMT
2016-09-19,239.3000030517578,241.88999938964844,239.0800018310547,240.8800048828125,186.15208435058594,1456600,LMT
2016-09-20,241.35000610351562,242.24000549316406,240.47999572753906,240.47999572753906,185.843017578125,1007900,LMT
2016-09-21,241.13999938964844,243.8699951171875,240.6199951171875,243.82000732421875,188.42417907714844,1660200,LMT
2016-09-22,244.9499969482422,247.02999877929688,244.74000549316406,246.6199951171875,190.5879669189453,1173000,LMT
2016-09-23,246.0800018310547,246.5399932861328,244.63999938964844,245.83999633789062,189.9851531982422,858800,LMT
2016-09-26,245.7100067138672,247.47999572753906,245.00999450683594,245.52999877929688,189.74560546875,880700,LMT
2016-09-27,246.0399932861328,247.02000427246094,245.3000030517578,245.7899932861328,189.94651794433594,946500,LMT
2016-09-28,246.1300048828125,246.9600067138672,244.86000061035156,245.75,189.91567993164062,1352500,LMT
2016-09-29,246.0800018310547,246.0800018310547,240.9600067138672,242.33999633789062,187.28041076660156,1134100,LMT
2016-09-30,243.05999755859375,243.47000122070312,237.3300018310547,239.72000122070312,185.2556915283203,2167000,LMT
2016-10-03,238.7100067138672,241.3000030517578,237.5399932861328,240.5800018310547,185.92025756835938,1338300,LMT
2016-10-04,240.9600067138672,241.0500030517578,236.5,237.10000610351562,183.23094177246094,1409600,LMT
2016-10-05,239.0500030517578,239.0500030517578,236.5,236.60000610351562,182.84454345703125,1172100,LMT
2016-10-06,237.0,237.02000427246094,234.47999572753906,234.72000122070312,181.39169311523438,1899700,LMT
2016-10-07,233.1999969482422,233.99000549316406,231.57000732421875,233.52999877929688,180.47201538085938,2183900,LMT
2016-10-10,233.82000732421875,234.92999267578125,233.1199951171875,233.2899932861328,180.2865447998047,990000,LMT
2016-10-11,233.0,233.6300048828125,231.63999938964844,231.85000610351562,179.1737823486328,1060700,LMT
2016-10-12,231.92999267578125,233.1199951171875,231.3699951171875,232.10000610351562,179.36692810058594,1256000,LMT
2016-10-13,231.66000366210938,233.4199981689453,231.0500030517578,232.99000549316406,180.05467224121094,1112000,LMT
2016-10-14,233.3800048828125,234.08999633789062,231.92999267578125,232.57000732421875,179.73016357421875,1081000,LMT
2016-10-17,232.67999267578125,234.3300018310547,232.60000610351562,232.77000427246094,179.8847198486328,793300,LMT
2016-10-18,234.2899932861328,239.60000610351562,232.5800018310547,232.7899932861328,179.90016174316406,867900,LMT
2016-10-19,233.0800018310547,233.74000549316406,231.5800018310547,232.3300018310547,179.54470825195312,992400,LMT
2016-10-20,232.14999389648438,232.7100067138672,230.72000122070312,231.8300018310547,179.1583251953125,922800,LMT
2016-10-21,231.07000732421875,231.16000366210938,228.5,230.52000427246094,178.1458740234375,1553000,LMT
2016-10-24,231.5,232.49000549316406,230.9199981689453,232.16000366210938,179.41326904296875,1304900,LMT
2016-10-25,241.0800018310547,249.7899932861328,238.63999938964844,249.25999450683594,192.628173828125,3130700,LMT
2016-10-26,248.60000610351562,252.0,247.49000549316406,250.08999633789062,193.26959228515625,2112300,LMT
2016-10-27,250.27999877929688,251.24000549316406,248.0500030517578,248.52999877929688,192.06402587890625,1294400,LMT
2016-10-28,248.72000122070312,250.1699981689453,247.69000244140625,248.0,191.6544647216797,1119000,LMT
2016-10-31,248.24000549316406,248.80999755859375,245.67999267578125,246.3800048828125,190.40248107910156,1320900,LMT
2016-11-01,247.19000244140625,247.19000244140625,244.22999572753906,244.97999572753906,189.32061767578125,1081000,LMT
2016-11-02,244.9499969482422,247.64999389648438,244.1999969482422,245.11000061035156,189.42105102539062,953800,LMT
2016-11-03,242.5500030517578,243.39999389648438,237.11000061035156,238.6999969482422,184.46737670898438,1695100,LMT
2016-11-04,238.85000610351562,239.6999969482422,236.2100067138672,236.27999877929688,182.59722900390625,1512200,LMT
2016-11-07,239.8300018310547,239.9199981689453,237.52000427246094,239.27000427246094,184.90792846679688,1376000,LMT
2016-11-08,239.0,240.9199981689453,238.60000610351562,239.19000244140625,184.84609985351562,1259300,LMT
2016-11-09,256.5899963378906,257.4800109863281,250.0,253.4600067138672,195.87393188476562,4184300,LMT
2016-11-10,257.5,258.19000244140625,252.77000427246094,257.2699890136719,198.8182830810547,2627400,LMT
2016-11-11,257.9599914550781,259.7300109863281,255.05999755859375,259.1700134277344,200.28660583496094,2002900,LMT
2016-11-14,261.2300109863281,267.80999755859375,260.79998779296875,267.239990234375,206.52313232421875,2455100,LMT
2016-11-15,268.7900085449219,269.739990234375,261.8500061035156,265.92999267578125,205.5107879638672,2014600,LMT
2016-11-16,265.8699951171875,266.1700134277344,261.4599914550781,263.3500061035156,203.51693725585938,1464200,LMT
2016-11-17,263.5,264.4700012207031,262.3900146484375,263.2799987792969,203.4628448486328,913500,LMT
2016-11-18,263.1400146484375,264.4599914550781,261.5799865722656,263.0899963378906,203.3159942626953,1197100,LMT
2016-11-21,264.04998779296875,264.3299865722656,262.6400146484375,263.4200134277344,203.5710906982422,965500,LMT
2016-11-22,264.489990234375,265.6400146484375,263.4200134277344,264.6600036621094,204.52931213378906,1244700,LMT
2016-11-23,264.9100036621094,265.82000732421875,263.55999755859375,264.3999938964844,204.32839965820312,1038000,LMT
2016-11-25,265.3399963378906,266.489990234375,264.6499938964844,265.9200134277344,205.50303649902344,653000,LMT
2016-11-28,265.7300109863281,266.2300109863281,264.8599853515625,265.92999267578125,205.5107879638672,1364900,LMT
2016-11-29,264.5,267.7699890136719,263.7099914550781,266.5799865722656,207.43275451660156,1209500,LMT
2016-11-30,267.54998779296875,267.95001220703125,265.25,265.25,206.3977813720703,1468000,LMT
2016-12-01,265.2900085449219,266.5299987792969,264.30999755859375,266.3999938964844,207.2926483154297,874900,LMT
2016-12-02,266.5799865722656,268.1499938964844,266.010009765625,267.6199951171875,208.241943359375,1091000,LMT
2016-12-05,268.95001220703125,269.8999938964844,266.30999755859375,266.92999267578125,207.70506286621094,1270300,LMT
2016-12-06,265.8299865722656,266.79998779296875,264.010009765625,266.0,206.98143005371094,1145900,LMT
2016-12-07,266.07000732421875,267.0,264.3500061035156,266.3800048828125,207.27713012695312,1269400,LMT
2016-12-08,266.3800048828125,266.3800048828125,258.6099853515625,259.25,201.72906494140625,2767300,LMT
2016-12-09,258.6000061035156,260.2200012207031,258.05999755859375,259.5299987792969,201.9469451904297,1545300,LMT
2016-12-12,251.77999877929688,253.6999969482422,245.5,253.11000061035156,196.9513702392578,7080300,LMT
2016-12-13,254.6699981689453,255.5,250.1199951171875,251.69000244140625,195.84642028808594,2519200,LMT
2016-12-14,252.30999755859375,254.8300018310547,252.0800018310547,252.3000030517578,196.32106018066406,1844900,LMT
2016-12-15,252.33999633789062,253.30999755859375,250.41000366210938,250.64999389648438,195.03720092773438,1855600,LMT
2016-12-16,251.27999877929688,252.7899932861328,249.02999877929688,250.0800018310547,194.59368896484375,2138100,LMT
2016-12-19,249.5399932861328,252.4600067138672,249.5399932861328,252.17999267578125,196.22772216796875,1045600,LMT
2016-12-20,252.17999267578125,253.77999877929688,252.10000610351562,253.72999572753906,197.43385314941406,900200,LMT
2016-12-21,254.5,254.5,252.27999877929688,252.52000427246094,196.49224853515625,819600,LMT
2016-12-22,252.00999450683594,253.5,251.10000610351562,252.8000030517578,196.71014404296875,831100,LMT
2016-12-23,248.1699981689453,251.8800048828125,247.00999450683594,249.58999633789062,194.21237182617188,2086400,LMT
2016-12-27,250.77999877929688,251.75,250.1999969482422,250.86000061035156,195.20057678222656,788800,LMT
2016-12-28,250.44000244140625,251.0,248.52000427246094,249.5800018310547,194.20465087890625,1007700,LMT
2016-12-29,250.19000244140625,251.9199981689453,249.4499969482422,250.58999633789062,194.99050903320312,900900,LMT
2016-12-30,250.52999877929688,251.32000732421875,248.77999877929688,249.94000244140625,194.48472595214844,1058100,LMT
2017-01-03,251.1999969482422,254.11000061035156,250.75999450683594,253.30999755859375,197.10699462890625,1667700,LMT
2017-01-04,254.10000610351562,254.89999389648438,253.33999633789062,253.99000549316406,197.6361541748047,1077600,LMT
2017-01-05,254.3699951171875,258.0199890136719,254.10000610351562,255.97999572753906,199.18463134765625,1279200,LMT
2017-01-06,255.47999572753906,258.57000732421875,255.47999572753906,257.8500061035156,200.6396942138672,1246000,LMT
2017-01-09,258.0,258.989990234375,257.42999267578125,257.80999755859375,200.60855102539062,1067100,LMT
2017-01-10,258.1600036621094,258.9599914550781,256.1700134277344,256.1700134277344,199.3324432373047,1146400,LMT
2017-01-11,256.29998779296875,257.0,251.7100067138672,255.1300048828125,198.52317810058594,1613000,LMT
2017-01-12,254.91000366210938,255.3300018310547,251.30999755859375,252.6199951171875,196.57009887695312,1153300,LMT
2017-01-13,252.74000549316406,255.9499969482422,252.02000427246094,254.52999877929688,198.0563507080078,1162000,LMT
2017-01-17,253.4600067138672,254.33999633789062,252.05999755859375,254.1199951171875,197.73727416992188,1431000,LMT
2017-01-18,254.10000610351562,254.72999572753906,252.94000244140625,254.07000732421875,197.69837951660156,925300,LMT
2017-01-19,255.57000732421875,257.44000244140625,255.19000244140625,257.0299987792969,200.00161743164062,1076500,LMT
2017-01-20,257.9599914550781,258.0799865722656,256.1000061035156,257.7300109863281,200.54632568359375,1184400,LMT
2017-01-23,258.1499938964844,259.739990234375,255.02000427246094,257.4800109863281,200.35179138183594,1606300,LMT
2017-01-24,250.3800048828125,253.4499969482422,249.02000427246094,252.91000366210938,196.7957763671875,2985000,LMT
2017-01-25,253.05999755859375,254.3300018310547,248.0,251.0,195.30950927734375,2329900,LMT
2017-01-26,250.0,254.99000549316406,249.5500030517578,254.97000122070312,198.39874267578125,1956700,LMT
2017-01-27,254.97999572753906,259.1199951171875,250.1300048828125,253.5,197.25486755371094,2597200,LMT
2017-01-30,254.3300018310547,256.2799987792969,251.8800048828125,252.8300018310547,196.73348999023438,1537400,LMT
2017-01-31,252.32000732421875,252.5,249.9600067138672,251.3300018310547,195.5662841796875,1276300,LMT
2017-02-01,250.8300018310547,252.55999755859375,249.97999572753906,250.89999389648438,195.23175048828125,1210400,LMT
2017-02-02,250.89999389648438,252.1699981689453,250.33999633789062,251.97000122070312,196.06434631347656,1045700,LMT
2017-02-03,252.6699981689453,256.4599914550781,251.5,254.4600067138672,198.00181579589844,1803700,LMT
2017-02-06,254.42999267578125,257.07000732421875,254.11000061035156,255.30999755859375,198.66323852539062,980800,LMT
2017-02-07,256.0,257.29998779296875,255.5800018310547,256.3699951171875,199.48806762695312,977800,LMT
2017-02-08,256.92999267578125,257.80999755859375,256.3999938964844,256.739990234375,199.77593994140625,973400,LMT
2017-02-09,256.739990234375,259.0400085449219,256.739990234375,258.20001220703125,200.91200256347656,869300,LMT
2017-02-10,258.4800109863281,260.9200134277344,258.0,260.54998779296875,202.74061584472656,748800,LMT
2017-02-13,261.04998779296875,263.1099853515625,261.0199890136719,262.3500061035156,204.1412353515625,906700,LMT
2017-02-14,262.19000244140625,263.1600036621094,261.8500061035156,262.55999755859375,204.3046417236328,824200,LMT
2017-02-15,262.0,263.760009765625,261.07000732421875,263.4599914550781,205.0050048828125,1063800,LMT
2017-02-16,263.9200134277344,265.3999938964844,262.7300109863281,265.3299865722656,206.4600067138672,858500,LMT
2017-02-17,264.7099914550781,265.42999267578125,263.5,265.3500061035156,206.4756317138672,882100,LMT
2017-02-21,264.80999755859375,266.07000732421875,264.19000244140625,265.6600036621094,206.7168731689453,957300,LMT
2017-02-22,265.0,266.0199890136719,264.2099914550781,265.9200134277344,206.91915893554688,712700,LMT
2017-02-23,266.30999755859375,266.30999755859375,263.7699890136719,264.8500061035156,206.0865936279297,1008300,LMT
2017-02-24,264.57000732421875,266.0,263.17999267578125,266.0,206.98143005371094,929200,LMT
2017-02-27,265.0,270.0,264.20001220703125,269.3599853515625,211.03988647460938,1499700,LMT
2017-02-28,269.6400146484375,269.7200012207031,266.45001220703125,266.5799865722656,208.8617706298828,2049400,LMT
2017-03-01,269.0899963378906,270.0,267.3299865722656,268.3800048828125,210.27206420898438,1125600,LMT
2017-03-02,269.0,269.0,266.2200012207031,266.989990234375,209.1829833984375,954200,LMT
2017-03-03,267.07000732421875,268.3299865722656,266.25,267.760009765625,209.7863006591797,771100,LMT
2017-03-06,267.42999267578125,268.4800109863281,266.79998779296875,267.7200012207031,209.75498962402344,778300,LMT
2017-03-07,267.30999755859375,269.3800048828125,267.29998779296875,269.0400085449219,210.7891845703125,884000,LMT
2017-03-08,269.0,269.04998779296875,267.30999755859375,267.7200012207031,209.75498962402344,818000,LMT
2017-03-09,268.0,269.0,267.5400085449219,268.67999267578125,210.50704956054688,729400,LMT
2017-03-10,269.8999938964844,269.8999938964844,267.2699890136719,268.6600036621094,210.49142456054688,687200,LMT
2017-03-13,268.510009765625,269.260009765625,268.0,269.19000244140625,210.90673828125,819100,LMT
2017-03-14,268.92999267578125,269.1499938964844,267.3800048828125,268.0,209.9743194580078,701600,LMT
2017-03-15,268.0,269.8699951171875,267.75,269.44000244140625,211.1025848388672,748500,LMT
2017-03-16,270.67999267578125,270.67999267578125,267.1300048828125,267.94000244140625,209.92735290527344,982200,LMT
2017-03-17,268.7799987792969,272.17999267578125,268.29998779296875,271.9800109863281,213.0926513671875,2127700,LMT
2017-03-20,272.1600036621094,274.57000732421875,271.6300048828125,272.0299987792969,213.13177490234375,1325000,LMT
2017-03-21,272.3500061035156,273.0199890136719,268.3599853515625,269.0,210.7578125,1359600,LMT
2017-03-22,268.8299865722656,270.2799987792969,267.9100036621094,269.4200134277344,211.08692932128906,1021200,LMT
2017-03-23,269.4200134277344,271.4700012207031,268.9800109863281,269.5,211.1495361328125,803800,LMT
2017-03-24,269.8299865722656,269.9800109863281,266.7300109863281,267.4200134277344,209.51986694335938,870500,LMT
2017-03-27,265.6499938964844,267.8800048828125,264.0400085449219,267.1600036621094,209.31619262695312,994300,LMT
2017-03-28,266.6300048828125,270.7900085449219,266.0199890136719,269.1199951171875,210.85182189941406,1021300,LMT
2017-03-29,268.9200134277344,268.9200134277344,267.260009765625,268.239990234375,210.16238403320312,814100,LMT
2017-03-30,268.55999755859375,270.92999267578125,268.2099914550781,270.5400085449219,211.96437072753906,562200,LMT
2017-03-31,270.4700012207031,270.4700012207031,267.6000061035156,267.6000061035156,209.6609649658203,1214400,LMT
2017-04-03,267.6000061035156,269.29998779296875,267.3500061035156,268.67999267578125,210.50704956054688,799100,LMT
2017-04-04,268.5400085449219,270.04998779296875,268.25,269.55999755859375,211.1965789794922,567900,LMT
2017-04-05,269.8399963378906,270.95001220703125,266.80999755859375,266.9800109863281,209.17523193359375,949500,LMT
2017-04-06,266.8699951171875,267.7900085449219,266.32000732421875,267.1099853515625,209.27700805664062,740400,LMT
2017-04-07,272.3399963378906,272.3399963378906,268.17999267578125,270.2300109863281,211.72154235839844,1020800,LMT
2017-04-10,270.19000244140625,271.3599853515625,268.8299865722656,269.0299987792969,210.78128051757812,789300,LMT
2017-04-11,269.0,270.5199890136719,268.17999267578125,270.2699890136719,211.75279235839844,744400,LMT
2017-04-12,269.8900146484375,270.4800109863281,268.0400085449219,268.510009765625,210.37391662597656,955400,LMT
2017-04-13,268.1400146484375,270.2799987792969,268.0,268.0,209.9743194580078,764000,LMT
2017-04-17,268.1300048828125,269.8999938964844,267.9100036621094,269.8800048828125,211.44728088378906,811600,LMT
2017-04-18,269.8800048828125,270.70001220703125,268.2200012207031,268.7799987792969,210.58546447753906,762800,LMT
2017-04-19,269.69000244140625,270.04998779296875,268.6700134277344,269.6300048828125,211.25144958496094,815900,LMT
2017-04-20,270.1499938964844,273.20001220703125,269.6700134277344,271.8500061035156,212.99075317382812,814600,LMT
2017-04-21,272.20001220703125,274.489990234375,272.0,273.0899963378906,213.96226501464844,955500,LMT
2017-04-24,275.5400085449219,276.6400146484375,274.30999755859375,276.2099914550781,216.40673828125,1098800,LMT
2017-04-25,273.8999938964844,274.5,267.67999267578125,270.0199890136719,211.5569610595703,2963900,LMT
2017-04-26,270.5899963378906,272.510009765625,269.5400085449219,270.3500061035156,211.81549072265625,1477200,LMT
2017-04-27,270.8399963378906,272.7699890136719,269.94000244140625,271.1400146484375,212.43450927734375,953800,LMT
2017-04-28,271.07000732421875,271.5400085449219,268.6199951171875,269.45001220703125,211.11038208007812,1004200,LMT
2017-05-01,269.54998779296875,270.1099853515625,268.3699951171875,268.42999267578125,210.31126403808594,841500,LMT
2017-05-02,268.19000244140625,269.8699951171875,268.0,269.489990234375,211.14169311523438,737100,LMT
2017-05-03,268.75,269.95001220703125,268.20001220703125,269.6000061035156,211.22793579101562,636500,LMT
2017-05-04,269.8699951171875,270.7099914550781,268.8599853515625,270.510009765625,211.94090270996094,691100,LMT
2017-05-05,270.67999267578125,273.1000061035156,270.2099914550781,273.0299987792969,213.91525268554688,812700,LMT
2017-05-08,272.9200134277344,274.0,272.1000061035156,272.5,213.50006103515625,674800,LMT
2017-05-09,273.0,274.2200012207031,272.2699890136719,273.8699951171875,214.5734405517578,897900,LMT
2017-05-10,272.8800048828125,273.7099914550781,270.1700134277344,271.739990234375,212.904541015625,934500,LMT
2017-05-11,271.1400146484375,272.25,270.20001220703125,272.0899963378906,213.17877197265625,605500,LMT
2017-05-12,270.9100036621094,271.70001220703125,270.75,271.260009765625,212.5284881591797,599700,LMT
2017-05-15,271.2799987792969,272.4700012207031,271.04998779296875,272.3500061035156,213.3824920654297,616500,LMT
2017-05-16,272.0799865722656,273.260009765625,271.42999267578125,271.6499938964844,212.8340301513672,614100,LMT
2017-05-17,271.6499938964844,271.6499938964844,268.9100036621094,269.239990234375,210.94586181640625,943300,LMT
2017-05-18,268.5400085449219,269.0,266.010009765625,267.32000732421875,209.44155883789062,1245900,LMT
2017-05-19,268.70001220703125,272.8800048828125,268.1099853515625,272.7900085449219,213.72718811035156,1254100,LMT
2017-05-22,280.7900085449219,280.7900085449219,276.2200012207031,277.0299987792969,217.04920959472656,1601200,LMT
2017-05-23,278.0,278.6199951171875,276.1000061035156,278.3599853515625,218.0912322998047,874700,LMT
2017-05-24,278.2200012207031,280.55999755859375,278.1099853515625,280.04998779296875,219.41531372070312,871700,LMT
2017-05-25,281.0,282.3299865722656,280.55999755859375,282.05999755859375,220.99014282226562,834300,LMT
2017-05-26,282.0400085449219,284.0,281.5400085449219,283.6499938964844,222.2359161376953,854600,LMT
2017-05-30,281.8299865722656,282.8399963378906,279.7300109863281,280.0899963378906,220.8638458251953,902200,LMT
2017-05-31,279.4700012207031,281.2799987792969,279.2699890136719,281.1300048828125,221.68392944335938,1506600,LMT
2017-06-01,281.17999267578125,281.70001220703125,279.5,280.9599914550781,221.54983520507812,829300,LMT
2017-06-02,281.2799987792969,282.8900146484375,280.75,281.760009765625,222.1806640625,748500,LMT
2017-06-05,281.5,282.29998779296875,280.0899963378906,280.1300048828125,220.89535522460938,622500,LMT
2017-06-06,279.5400085449219,279.95001220703125,276.7200012207031,276.8800048828125,218.3325958251953,890800,LMT
2017-06-07,277.4100036621094,277.8500061035156,276.239990234375,277.3800048828125,218.72686767578125,658900,LMT
2017-06-08,277.3800048828125,278.69000244140625,276.6700134277344,277.6199951171875,218.9161834716797,1116400,LMT
2017-06-09,277.6600036621094,279.19000244140625,276.6099853515625,277.0,218.42721557617188,1021700,LMT
2017-06-12,277.0,277.2300109863281,273.9200134277344,276.8900146484375,218.3404541015625,835900,LMT
2017-06-13,276.8999938964844,278.94000244140625,275.4800109863281,278.3599853515625,219.49961853027344,638500,LMT
2017-06-14,278.1000061035156,282.32000732421875,278.0,280.29998779296875,221.02940368652344,828900,LMT
2017-06-15,279.75,281.57000732421875,277.7699890136719,280.92999267578125,221.52613830566406,617700,LMT
2017-06-16,282.1300048828125,282.2799987792969,280.67999267578125,281.1099853515625,221.66807556152344,1287600,LMT
2017-06-19,281.75,284.4800109863281,281.3900146484375,282.29998779296875,222.6065216064453,1064100,LMT
2017-06-20,282.95001220703125,284.9800109863281,282.3999938964844,282.8900146484375,223.0717315673828,967600,LMT
2017-06-21,283.67999267578125,284.0199890136719,282.3399963378906,282.989990234375,223.150634765625,801400,LMT
2017-06-22,282.7300109863281,283.7099914550781,280.3800048828125,280.42999267578125,221.1319122314453,694000,LMT
2017-06-23,280.0299987792969,281.4800109863281,280.0299987792969,280.6400146484375,221.29750061035156,1026800,LMT
2017-06-26,281.1700134277344,283.20001220703125,279.489990234375,279.70001220703125,220.55628967285156,886500,LMT
2017-06-27,279.32000732421875,280.2099914550781,277.8299865722656,277.8299865722656,219.0816650390625,740500,LMT
2017-06-28,279.0799865722656,280.9200134277344,278.3699951171875,280.0199890136719,220.8086395263672,955700,LMT
2017-06-29,279.8500061035156,279.8500061035156,274.69000244140625,276.7300109863281,218.2144012451172,905200,LMT
2017-06-30,277.6199951171875,278.9200134277344,276.32000732421875,277.6099853515625,218.90826416015625,1085900,LMT
2017-07-03,277.3900146484375,280.4800109863281,277.20001220703125,278.9200134277344,219.9412384033203,462800,LMT
2017-07-05,279.5,283.7200012207031,279.3999938964844,282.3999938964844,222.68539428710938,869500,LMT
2017-07-06,282.0,283.4800109863281,280.3999938964844,280.9599914550781,221.54983520507812,766000,LMT
2017-07-07,281.6600036621094,286.95001220703125,281.5,285.20001220703125,224.89329528808594,1197200,LMT
2017-07-10,285.5,287.9100036621094,284.2200012207031,285.57000732421875,225.18508911132812,1347800,LMT
2017-07-11,285.57000732421875,287.75,285.05999755859375,286.4200134277344,225.85536193847656,915600,LMT
2017-07-12,287.1499938964844,288.7699890136719,286.3599853515625,286.3599853515625,225.8080291748047,812600,LMT
2017-07-13,287.1199951171875,287.8500061035156,285.7799987792969,286.760009765625,226.12344360351562,705100,LMT
2017-07-14,287.04998779296875,288.7699890136719,286.7099914550781,288.1300048828125,227.2037811279297,887900,LMT
2017-07-17,288.5,290.05999755859375,287.6099853515625,288.489990234375,227.48764038085938,1319300,LMT
2017-07-18,290.6400146484375,292.9700012207031,286.0299987792969,286.7900085449219,226.14715576171875,1811000,LMT
2017-07-19,287.67999267578125,291.2799987792969,287.0400085449219,290.6700134277344,229.2066192626953,1139700,LMT
2017-07-20,290.5799865722656,290.739990234375,288.94000244140625,289.6700134277344,228.4180450439453,1150900,LMT
2017-07-21,288.29998779296875,290.07000732421875,286.8599853515625,289.1199951171875,227.98440551757812,1230100,LMT
2017-07-24,289.4700012207031,291.239990234375,289.20001220703125,290.2799987792969,228.89913940429688,768700,LMT
2017-07-25,291.4800109863281,292.07000732421875,289.7200012207031,289.8299865722656,228.54432678222656,805200,LMT
2017-07-26,290.82000732421875,290.989990234375,288.7699890136719,289.8500061035156,228.5600128173828,882400,LMT
2017-07-27,290.20001220703125,290.489990234375,286.1700134277344,288.1300048828125,227.2037811279297,1117400,LMT
2017-07-28,288.07000732421875,290.7699890136719,286.5799865722656,290.4100036621094,229.00157165527344,1086200,LMT
2017-07-31,291.4200134277344,293.8399963378906,291.0299987792969,292.1300048828125,230.35789489746094,1139200,LMT
2017-08-01,293.92999267578125,294.3299865722656,291.8999938964844,292.6499938964844,230.76797485351562,1036700,LMT
2017-08-02,292.7300109863281,294.8399963378906,292.1499938964844,294.70001220703125,232.38446044921875,983700,LMT
2017-08-03,294.0,295.9100036621094,292.79998779296875,295.82000732421875,233.2676239013672,983600,LMT
2017-08-04,296.2699890136719,297.0,295.0400085449219,297.0,234.19813537597656,796400,LMT
2017-08-07,297.30999755859375,297.7300109863281,296.6000061035156,297.1499938964844,234.3164520263672,769100,LMT
2017-08-08,297.7900085449219,300.4200134277344,297.3299865722656,300.1000061035156,236.6426544189453,1009300,LMT
2017-08-09,301.20001220703125,305.5400085449219,301.0,305.2200012207031,240.67999267578125,1750600,LMT
2017-08-10,306.54998779296875,307.1000061035156,303.0,303.25,239.1265869140625,1339600,LMT
2017-08-11,302.8399963378906,306.45001220703125,302.5799865722656,303.75,239.52078247070312,987800,LMT
2017-08-14,305.45001220703125,308.05999755859375,304.260009765625,307.5799865722656,242.5409698486328,1203000,LMT
2017-08-15,307.9700012207031,308.4800109863281,305.5199890136719,306.20001220703125,241.4527587890625,1020300,LMT
2017-08-16,305.8800048828125,306.80999755859375,305.3500061035156,305.79998779296875,241.13735961914062,1035600,LMT
2017-08-17,305.260009765625,305.6499938964844,301.2699890136719,301.4200134277344,237.68359375,1067000,LMT
2017-08-18,300.8699951171875,301.260009765625,298.82000732421875,299.20001220703125,235.9329376220703,1204700,LMT
2017-08-21,300.0,302.2300109863281,297.7699890136719,301.8800048828125,238.0461883544922,962200,LMT
2017-08-22,303.510009765625,305.4800109863281,302.9700012207031,304.79998779296875,240.3487548828125,960400,LMT
2017-08-23,304.0,304.55999755859375,302.5299987792969,302.8399963378906,238.80320739746094,697100,LMT
2017-08-24,303.510009765625,304.04998779296875,301.25,302.6000061035156,238.6139373779297,574400,LMT
2017-08-25,303.9200134277344,304.67999267578125,302.7099914550781,302.79998779296875,238.77169799804688,571100,LMT
2017-08-28,303.7300109863281,303.8500061035156,302.510009765625,303.6099853515625,239.41046142578125,830400,LMT
2017-08-29,304.5,308.17999267578125,304.5,308.1400146484375,242.98260498046875,1277600,LMT
2017-08-30,306.4200134277344,307.2200012207031,305.5,306.29998779296875,242.96669006347656,1273000,LMT
2017-08-31,306.8599853515625,306.8599853515625,304.9700012207031,305.3900146484375,242.24484252929688,982400,LMT
2017-09-01,305.9599914550781,306.3399963378906,302.19000244140625,302.19000244140625,239.7064971923828,1188800,LMT
2017-09-05,304.45001220703125,304.5299987792969,301.9100036621094,302.20001220703125,239.71446228027344,1387200,LMT
2017-09-06,303.4100036621094,303.94000244140625,301.30999755859375,301.45001220703125,239.11949157714844,1217400,LMT
2017-09-07,301.45001220703125,302.7699890136719,300.239990234375,302.3500061035156,239.83334350585938,923400,LMT
2017-09-08,301.5199890136719,303.6600036621094,301.5199890136719,302.8999938964844,240.2696533203125,1161100,LMT
2017-09-11,303.70001220703125,304.5899963378906,302.2099914550781,304.4800109863281,241.52291870117188,917600,LMT
2017-09-12,304.45001220703125,304.760009765625,302.9100036621094,303.7300109863281,240.9280548095703,640800,LMT
2017-09-13,303.05999755859375,303.05999755859375,300.1099853515625,300.20001220703125,238.12794494628906,1143100,LMT
2017-09-14,300.20001220703125,301.3900146484375,298.3999938964844,301.3399963378906,239.0322723388672,1507600,LMT
2017-09-15,302.3399963378906,303.3500061035156,301.0299987792969,302.29998779296875,239.79373168945312,2025900,LMT
2017-09-18,302.8599853515625,304.3299865722656,302.3999938964844,303.79998779296875,240.9835968017578,1005500,LMT
2017-09-19,304.2900085449219,307.260009765625,303.6600036621094,305.6499938964844,242.45103454589844,1365100,LMT
2017-09-20,305.3599853515625,307.9599914550781,305.239990234375,307.8999938964844,244.23587036132812,1265000,LMT
2017-09-21,308.1000061035156,308.9100036621094,307.3900146484375,308.010009765625,244.3230743408203,875600,LMT
2017-09-22,308.6499938964844,311.3599853515625,308.260009765625,308.5400085449219,244.7434844970703,1018600,LMT
2017-09-25,308.4800109863281,308.9700012207031,304.7099914550781,306.8500061035156,243.40293884277344,1222400,LMT
2017-09-26,308.54998779296875,310.69000244140625,308.2099914550781,309.5799865722656,245.56846618652344,1025800,LMT
2017-09-27,309.70001220703125,311.32000732421875,309.010009765625,310.1300048828125,246.00473022460938,973300,LMT
2017-09-28,309.010009765625,310.3699951171875,306.5799865722656,309.1300048828125,245.2115478515625,824200,LMT
2017-09-29,308.95001220703125,310.3599853515625,308.69000244140625,310.2900085449219,246.1316680908203,911500,LMT
2017-10-02,310.7900085449219,311.3800048828125,309.2699890136719,311.3299865722656,246.95663452148438,1007800,LMT
2017-10-03,311.3800048828125,314.0199890136719,311.29998779296875,312.8599853515625,248.1702880859375,803000,LMT
2017-10-04,313.2799987792969,314.1000061035156,312.4599914550781,313.0199890136719,248.2970733642578,903700,LMT
2017-10-05,312.82000732421875,315.2900085449219,312.6400146484375,314.5799865722656,249.53460693359375,950400,LMT
2017-10-06,315.0,316.4599914550781,314.2799987792969,316.4599914550781,251.02587890625,857700,LMT
2017-10-09,316.6199951171875,318.3399963378906,315.5,317.29998779296875,251.69223022460938,880100,LMT
2017-10-10,318.32000732421875,318.32000732421875,316.2200012207031,317.7099914550781,252.01744079589844,941500,LMT
2017-10-11,317.6499938964844,318.79998779296875,317.04998779296875,318.5899963378906,252.7154541015625,706300,LMT
2017-10-12,318.3500061035156,321.55999755859375,318.2799987792969,321.1499938964844,254.74606323242188,867700,LMT
2017-10-13,321.6199951171875,322.19000244140625,319.1400146484375,319.3900146484375,253.35009765625,1095500,LMT
2017-10-16,319.739990234375,320.6700134277344,317.739990234375,318.94000244140625,252.99307250976562,588200,LMT
2017-10-17,318.70001220703125,318.92999267578125,317.0199890136719,318.2699890136719,252.4615936279297,741600,LMT
2017-10-18,318.3299865722656,318.82000732421875,314.70001220703125,315.57000732421875,250.31988525390625,1131100,LMT
2017-10-19,315.57000732421875,317.07000732421875,313.0199890136719,316.8399963378906,251.32733154296875,727600,LMT
2017-10-20,317.92999267578125,320.0,316.6000061035156,320.0,253.83387756347656,933400,LMT
2017-10-23,321.05999755859375,321.55999755859375,319.8699951171875,320.7300109863281,254.4130401611328,1239000,LMT
2017-10-24,314.69000244140625,317.0,310.6099853515625,313.1499938964844,248.4002685546875,2567800,LMT
2017-10-25,312.8599853515625,315.9599914550781,311.30999755859375,312.42999267578125,247.82911682128906,1658800,LMT
2017-10-26,313.44000244140625,314.4200134277344,303.30999755859375,307.8900146484375,244.22792053222656,1599400,LMT
2017-10-27,307.95001220703125,310.3800048828125,307.75,308.0,244.31520080566406,998600,LMT
2017-10-30,308.5,310.4200134277344,307.82000732421875,308.6300048828125,244.8149871826172,1157300,LMT
2017-10-31,309.1600036621094,309.8299865722656,308.1400146484375,308.1600036621094,244.44207763671875,693900,LMT
2017-11-01,309.04998779296875,309.6600036621094,306.2300109863281,306.6000061035156,243.20462036132812,1016100,LMT
2017-11-02,306.1099853515625,310.8599853515625,306.1099853515625,310.8599853515625,246.5837860107422,868900,LMT
2017-11-03,310.9200134277344,311.8500061035156,309.0400085449219,309.989990234375,245.89373779296875,652200,LMT
2017-11-06,309.7200012207031,311.92999267578125,308.67999267578125,310.0799865722656,245.96510314941406,717300,LMT
2017-11-07,310.0799865722656,313.3699951171875,310.0799865722656,313.2900085449219,248.51138305664062,874200,LMT
2017-11-08,313.44000244140625,315.70001220703125,313.29998779296875,315.6400146484375,250.37547302246094,729600,LMT
2017-11-09,314.8500061035156,315.05999755859375,310.2799987792969,311.0799865722656,246.75828552246094,890600,LMT
2017-11-10,310.29998779296875,311.67999267578125,309.760009765625,311.1700134277344,246.82965087890625,630800,LMT
2017-11-13,311.0,313.2799987792969,310.30999755859375,312.95001220703125,248.24171447753906,702800,LMT
2017-11-14,312.0,314.0,310.70001220703125,313.739990234375,248.8682403564453,605700,LMT
2017-11-15,313.1000061035156,313.7799987792969,310.5400085449219,310.6400146484375,246.40927124023438,754900,LMT
2017-11-16,311.0899963378906,312.79998779296875,311.0,312.6499938964844,248.00367736816406,635500,LMT
2017-11-17,311.5899963378906,312.42999267578125,309.5,309.70001220703125,245.66368103027344,692300,LMT
2017-11-20,310.20001220703125,315.57000732421875,310.010009765625,314.6499938964844,249.59007263183594,901800,LMT
2017-11-21,315.239990234375,317.6199951171875,314.6099853515625,316.94000244140625,251.40667724609375,858000,LMT
2017-11-22,316.30999755859375,316.8599853515625,314.3500061035156,314.8699951171875,249.7646942138672,685700,LMT
2017-11-24,315.0899963378906,316.2300109863281,315.0199890136719,315.82000732421875,250.5182342529297,320900,LMT
2017-11-27,316.0,316.8900146484375,315.04998779296875,316.70001220703125,251.21632385253906,657800,LMT
2017-11-28,316.7799987792969,319.42999267578125,316.1700134277344,319.010009765625,253.04867553710938,967200,LMT
2017-11-29,319.5,321.2099914550781,318.3299865722656,320.760009765625,254.43673706054688,1190500,LMT
2017-11-30,319.6199951171875,320.94000244140625,318.4800109863281,319.1199951171875,254.7241668701172,2626200,LMT
2017-12-01,319.05999755859375,319.6300048828125,311.1300048828125,313.57000732421875,250.29412841796875,1707400,LMT
2017-12-04,315.94000244140625,316.5199890136719,311.6099853515625,311.7799987792969,248.8653106689453,1365900,LMT
2017-12-05,314.5,314.5,310.07000732421875,310.1400146484375,247.5562744140625,1171000,LMT
2017-12-06,311.9800109863281,313.07000732421875,310.25,311.9700012207031,249.01698303222656,824800,LMT
2017-12-07,311.8299865722656,315.3599853515625,311.80999755859375,314.4200134277344,250.97267150878906,972300,LMT
2017-12-08,316.55999755859375,316.55999755859375,313.45001220703125,315.8500061035156,252.11398315429688,853900,LMT
2017-12-11,315.45001220703125,317.239990234375,315.1499938964844,316.1700134277344,252.36949157714844,765800,LMT
2017-12-12,316.3800048828125,316.8999938964844,314.9100036621094,315.8900146484375,252.14585876464844,1082200,LMT
2017-12-13,316.6600036621094,319.8299865722656,316.29998779296875,317.7900085449219,253.66261291503906,862400,LMT
2017-12-14,318.2099914550781,319.0299987792969,316.4200134277344,317.010009765625,253.0399169921875,867600,LMT
2017-12-15,318.69000244140625,323.3800048828125,318.42999267578125,322.82000732421875,257.6775207519531,1929400,LMT
2017-12-18,323.5899963378906,323.94000244140625,319.0,322.760009765625,257.6296081542969,1254400,LMT
2017-12-19,322.760009765625,323.1300048828125,319.7799987792969,319.9700012207031,255.40257263183594,931000,LMT
2017-12-20,319.8399963378906,321.260009765625,317.6499938964844,317.7200012207031,253.60662841796875,932400,LMT
2017-12-21,319.0,319.20001220703125,317.010009765625,317.19000244140625,253.18359375,868700,LMT
2017-12-22,318.29998779296875,319.239990234375,317.6000061035156,318.0299987792969,253.85414123535156,542100,LMT
2017-12-26,318.3599853515625,319.7699890136719,317.9700012207031,318.510009765625,254.2372283935547,516900,LMT
2017-12-27,319.6700134277344,319.6700134277344,318.07000732421875,319.44000244140625,254.97955322265625,574700,LMT
2017-12-28,319.8299865722656,322.29998779296875,319.7099914550781,322.1000061035156,257.10284423828125,721700,LMT
2017-12-29,322.2200012207031,323.1499938964844,321.0199890136719,321.04998779296875,256.26470947265625,731200,LMT
2018-01-02,322.0,322.6199951171875,317.5,318.5400085449219,254.26123046875,1189600,LMT
2018-01-03,318.9800109863281,321.5199890136719,318.6300048828125,321.2099914550781,256.39239501953125,893400,LMT
2018-01-04,321.19000244140625,326.8999938964844,320.989990234375,326.7200012207031,260.79052734375,1443000,LMT
2018-01-05,325.989990234375,330.17999267578125,325.9800109863281,329.67999267578125,263.1531677246094,1241100,LMT
2018-01-08,328.9599914550781,330.4100036621094,327.80999755859375,328.1600036621094,261.93994140625,1084500,LMT
2018-01-09,329.0,331.8299865722656,328.4200134277344,330.510009765625,263.81573486328125,865400,LMT
2018-01-10,331.07000732421875,333.739990234375,330.010009765625,331.04998779296875,264.24676513671875,1504600,LMT
2018-01-11,331.8500061035156,332.0799865722656,330.1600036621094,331.1300048828125,264.3106994628906,1152000,LMT
2018-01-12,331.3500061035156,336.3500061035156,331.0299987792969,336.25,268.3974304199219,1428100,LMT
2018-01-16,336.3500061035156,336.6700134277344,330.0,330.1099853515625,263.49652099609375,1374900,LMT
2018-01-17,331.4599914550781,335.739990234375,330.32000732421875,334.8599853515625,267.28790283203125,1009600,LMT
2018-01-18,334.1099853515625,335.9200134277344,332.989990234375,333.0,265.80328369140625,973200,LMT
2018-01-19,334.239990234375,334.8900146484375,331.7799987792969,332.0,265.00506591796875,1511800,LMT
2018-01-22,331.7699890136719,332.70001220703125,328.9700012207031,329.0,262.6105041503906,1463000,LMT
2018-01-23,329.989990234375,331.1499938964844,328.510009765625,328.70001220703125,262.37103271484375,1066200,LMT
2018-01-24,328.8699951171875,332.4800109863281,327.4200134277344,330.489990234375,263.7997741699219,1360200,LMT
2018-01-25,331.0400085449219,335.19000244140625,330.2099914550781,334.7200012207031,267.1761779785156,1782900,LMT
2018-01-26,336.8699951171875,345.1099853515625,334.739990234375,344.8999938964844,275.3019104003906,2057300,LMT
2018-01-29,350.0,354.32000732421875,342.1499938964844,351.4200134277344,280.5063171386719,2881100,LMT
2018-01-30,346.5199890136719,352.7200012207031,345.04998779296875,350.3900146484375,279.6841735839844,2032900,LMT
2018-01-31,353.2799987792969,358.5199890136719,352.45001220703125,354.8500061035156,283.2441711425781,1887200,LMT
2018-02-01,354.260009765625,361.7900085449219,354.010009765625,357.3800048828125,285.26361083984375,1579700,LMT
2018-02-02,355.0,358.0,351.5199890136719,352.6600036621094,281.4959716796875,1958600,LMT
2018-02-05,348.6300048828125,353.989990234375,326.1099853515625,336.4599914550781,268.5650634765625,2947100,LMT
2018-02-06,328.7099914550781,340.010009765625,327.2300109863281,337.5899963378906,269.467041015625,2603000,LMT
2018-02-07,338.2900085449219,350.3399963378906,337.82000732421875,345.42999267578125,275.72503662109375,2052900,LMT
2018-02-08,350.2099914550781,350.989990234375,334.010009765625,334.29998779296875,266.8409423828125,2627600,LMT
2018-02-09,338.1000061035156,344.8800048828125,332.25,341.4200134277344,272.524169921875,2366600,LMT
2018-02-12,344.5400085449219,348.4700012207031,340.1000061035156,345.80999755859375,276.0282897949219,1829200,LMT
2018-02-13,345.20001220703125,351.05999755859375,344.510009765625,350.2300109863281,279.5564270019531,1279300,LMT
2018-02-14,348.80999755859375,355.3900146484375,348.20001220703125,354.6600036621094,283.0924377441406,1652100,LMT
2018-02-15,357.3999938964844,361.0199890136719,354.739990234375,361.0,288.1530456542969,1167600,LMT
2018-02-16,361.0,363.0,357.8399963378906,360.5299987792969,287.7778625488281,1084800,LMT
2018-02-20,359.1499938964844,362.6700134277344,357.2300109863281,358.69000244140625,286.30926513671875,1102600,LMT
2018-02-21,359.0,362.9800109863281,357.0,357.05999755859375,285.0081787109375,1391000,LMT
2018-02-22,358.44000244140625,358.9700012207031,354.510009765625,355.4100036621094,283.6910400390625,1432700,LMT
2018-02-23,356.25,358.69000244140625,353.8399963378906,358.69000244140625,286.30926513671875,902500,LMT
2018-02-26,360.0,361.32000732421875,357.0799865722656,358.70001220703125,286.3172302246094,1156300,LMT
2018-02-27,359.3500061035156,362.32000732421875,358.0899963378906,358.1700134277344,285.8941955566406,1379700,LMT
2018-02-28,357.3599853515625,359.20001220703125,352.4200134277344,352.44000244140625,282.900146484375,988400,LMT
2018-03-01,352.4599914550781,353.5799865722656,337.5799865722656,339.69000244140625,272.665771484375,2307100,LMT
2018-03-02,337.5,342.8500061035156,335.04998779296875,341.7200012207031,274.2952880859375,1684100,LMT
2018-03-05,339.8299865722656,342.7799987792969,337.6199951171875,342.3599853515625,274.8089294433594,1812400,LMT
2018-03-06,342.8999938964844,343.989990234375,337.95001220703125,339.5,272.513427734375,1307800,LMT
2018-03-07,336.2300109863281,343.19000244140625,334.1000061035156,342.20001220703125,274.68060302734375,1351000,LMT
2018-03-08,343.1199951171875,343.70001220703125,339.3399963378906,341.7799987792969,274.34344482421875,1056400,LMT
2018-03-09,341.7799987792969,342.55999755859375,338.0799865722656,340.489990234375,273.3080139160156,1568600,LMT
2018-03-12,341.0,341.3500061035156,333.0400085449219,333.1000061035156,267.3761291503906,2283200,LMT
2018-03-13,334.7799987792969,335.9100036621094,332.0799865722656,333.4599914550781,267.6650695800781,1622100,LMT
2018-03-14,335.7099914550781,336.3800048828125,327.5799865722656,331.67999267578125,266.2362365722656,1712400,LMT
2018-03-15,331.94000244140625,334.42999267578125,328.7799987792969,333.2300109863281,267.48046875,1877200,LMT
2018-03-16,333.3800048828125,334.3500061035156,329.2300109863281,331.3999938964844,266.0115661621094,4718100,LMT
2018-03-19,330.29998779296875,336.2300109863281,330.25,335.25,269.1019592285156,1502900,LMT
2018-03-20,335.7300109863281,339.5,335.2200012207031,335.6000061035156,269.3828125,1153900,LMT
2018-03-21,336.260009765625,338.7300109863281,332.489990234375,335.4700012207031,269.2784118652344,1270500,LMT
2018-03-22,333.17999267578125,335.4700012207031,325.7900085449219,327.1499938964844,262.6001281738281,1536300,LMT
2018-03-23,327.0,344.1400146484375,326.7699890136719,336.30999755859375,269.9527282714844,2898600,LMT
2018-03-26,342.3999938964844,344.6000061035156,339.2699890136719,343.92999267578125,276.0692138671875,1611100,LMT
2018-03-27,345.29998779296875,345.94000244140625,336.6000061035156,338.8500061035156,271.99163818359375,1295100,LMT
2018-03-28,340.0,340.6600036621094,333.2200012207031,335.3299865722656,269.1661376953125,1422000,LMT
2018-03-29,336.0400085449219,341.0,335.3900146484375,337.92999267578125,271.2531433105469,1039300,LMT
2018-04-02,337.05999755859375,337.8999938964844,328.75,333.0,267.29583740234375,1298600,LMT
2018-04-03,334.9700012207031,337.0299987792969,330.67999267578125,334.7099914550781,268.66851806640625,1296500,LMT
2018-04-04,328.8800048828125,341.9700012207031,327.5,341.7900085449219,274.3515319824219,1449400,LMT
2018-04-05,344.2300109863281,346.92999267578125,340.010009765625,346.6499938964844,278.25262451171875,1589400,LMT
2018-04-06,343.5899963378906,344.67999267578125,332.8399963378906,334.6600036621094,268.6282958984375,1417900,LMT
2018-04-09,337.4800109863281,340.8399963378906,335.4599914550781,335.9100036621094,269.63165283203125,981200,LMT
2018-04-10,340.6300048828125,341.04998779296875,337.1000061035156,339.3599853515625,272.4009704589844,996300,LMT
2018-04-11,338.510009765625,346.25,337.9800109863281,339.44000244140625,272.46514892578125,1481100,LMT
2018-04-12,340.6199951171875,344.5,340.5199890136719,342.8800048828125,275.22637939453125,1091600,LMT
2018-04-13,344.0799865722656,345.05999755859375,340.69000244140625,342.6000061035156,275.00164794921875,763100,LMT
2018-04-16,344.8699951171875,347.739990234375,344.54998779296875,345.70001220703125,277.489990234375,1141300,LMT
2018-04-17,347.7900085449219,350.1199951171875,346.1300048828125,349.1400146484375,280.2512512207031,1061800,LMT
2018-04-18,351.29998779296875,352.25,349.3399963378906,351.1499938964844,281.86468505859375,843600,LMT
2018-04-19,351.6000061035156,354.2099914550781,350.17999267578125,353.3800048828125,283.6546936035156,781700,LMT
2018-04-20,354.5299987792969,355.0,351.1300048828125,351.989990234375,282.5389709472656,1185300,LMT
2018-04-23,352.7900085449219,358.6199951171875,352.45001220703125,358.6000061035156,287.8447265625,1986000,LMT
2018-04-24,360.0199890136719,361.989990234375,330.6400146484375,336.489990234375,270.09716796875,3780500,LMT
2018-04-25,336.67999267578125,337.1499938964844,320.55999755859375,329.5,264.48651123046875,3030800,LMT
2018-04-26,330.0,334.8599853515625,324.1300048828125,330.3999938964844,265.20892333984375,1847500,LMT
2018-04-27,329.95001220703125,330.2300109863281,321.70001220703125,322.0299987792969,258.4902648925781,1580600,LMT
2018-04-30,322.3500061035156,325.4599914550781,320.20001220703125,320.8399963378906,257.53515625,1451100,LMT
2018-05-01,320.489990234375,321.239990234375,302.0899963378906,308.4599914550781,247.5978240966797,3880100,LMT
2018-05-02,307.2799987792969,313.3999938964844,305.20001220703125,305.70001220703125,245.3824005126953,2644800,LMT
2018-05-03,303.95001220703125,310.5,300.5,309.92999267578125,248.77780151367188,2889900,LMT
2018-05-04,308.1099853515625,312.70001220703125,307.260009765625,311.44000244140625,249.98985290527344,1675500,LMT
2018-05-07,312.2300109863281,317.9200134277344,312.0899963378906,317.7099914550781,255.02268981933594,1816800,LMT
2018-05-08,317.7099914550781,325.3900146484375,317.29998779296875,324.19000244140625,260.2240905761719,2949500,LMT
2018-05-09,325.6199951171875,328.54998779296875,324.70001220703125,326.1199951171875,261.7732849121094,1700000,LMT
2018-05-10,328.4800109863281,329.0199890136719,322.95001220703125,324.489990234375,260.46490478515625,1261600,LMT
2018-05-11,324.69000244140625,325.8599853515625,322.760009765625,324.0400085449219,260.103759765625,844900,LMT
2018-05-14,323.25,323.9800109863281,317.44000244140625,319.0799865722656,256.1224060058594,1417200,LMT
2018-05-15,317.75,320.3500061035156,317.0,319.7699890136719,256.67620849609375,1131200,LMT
2018-05-16,320.1000061035156,321.7099914550781,318.8399963378906,319.3299865722656,256.3230285644531,915800,LMT
2018-05-17,319.0,321.5,317.3999938964844,320.4200134277344,257.1980285644531,961600,LMT
2018-05-18,320.760009765625,322.0,319.79998779296875,320.45001220703125,257.2221374511719,1013900,LMT
2018-05-21,322.5,324.5299987792969,321.1600036621094,324.2799987792969,260.29638671875,1001500,LMT
2018-05-22,323.260009765625,323.6000061035156,317.0400085449219,317.1300048828125,254.5572052001953,1501700,LMT
2018-05-23,315.8299865722656,325.5299987792969,314.1300048828125,325.32000732421875,261.13116455078125,1603400,LMT
2018-05-24,324.6600036621094,329.1300048828125,323.3399963378906,326.3500061035156,261.95794677734375,1211900,LMT
2018-05-25,326.0,327.2200012207031,319.8599853515625,320.79998779296875,257.5029602050781,1020300,LMT
2018-05-29,319.6700134277344,320.69000244140625,315.3599853515625,317.20001220703125,254.61337280273438,1159800,LMT
2018-05-30,319.0299987792969,321.80999755859375,317.1600036621094,321.0400085449219,257.6956787109375,901400,LMT
2018-05-31,319.239990234375,320.2799987792969,314.4700012207031,314.5400085449219,254.06094360351562,1452700,LMT
2018-06-01,316.9200134277344,317.79998779296875,315.4700012207031,316.6300048828125,255.7490234375,886900,LMT
2018-06-04,317.1099853515625,319.25,316.2200012207031,318.1700134277344,256.9928894042969,857000,LMT
2018-06-05,318.1099853515625,321.239990234375,317.489990234375,320.0199890136719,258.4871520996094,873100,LMT
2018-06-06,320.7699890136719,321.8800048828125,318.510009765625,319.9100036621094,258.3983459472656,1083400,LMT
2018-06-07,320.5,322.1499938964844,318.94000244140625,321.95001220703125,260.04608154296875,1088200,LMT
2018-06-08,321.7300109863281,322.6000061035156,318.1000061035156,322.30999755859375,260.33685302734375,1260300,LMT
2018-06-11,322.1199951171875,322.6199951171875,319.1600036621094,319.29998779296875,257.9056701660156,911100,LMT
2018-06-12,319.6300048828125,320.0299987792969,311.25,315.1600036621094,254.56178283691406,1743100,LMT
2018-06-13,314.6700134277344,317.79998779296875,312.6700134277344,314.3500061035156,253.90744018554688,2014200,LMT
2018-06-14,314.5400085449219,315.79998779296875,310.010009765625,310.5899963378906,250.8704071044922,1396200,LMT
2018-06-15,309.6199951171875,310.9700012207031,306.3399963378906,310.1400146484375,250.5070037841797,1786300,LMT
2018-06-18,307.3800048828125,310.0,306.0,309.5199890136719,250.0061492919922,1259300,LMT
2018-06-19,306.7200012207031,307.6300048828125,301.6499938964844,302.5199890136719,244.35203552246094,1821600,LMT
2018-06-20,302.3699951171875,304.9700012207031,301.2300109863281,302.8599853515625,244.62669372558594,1620800,LMT
2018-06-21,302.6499938964844,302.8599853515625,298.1000061035156,300.3800048828125,242.6236114501953,1517500,LMT
2018-06-22,301.3800048828125,301.80999755859375,298.69000244140625,299.3800048828125,241.81590270996094,1364200,LMT
2018-06-25,297.3500061035156,303.3299865722656,296.07000732421875,298.7699890136719,241.32308959960938,1944800,LMT
2018-06-26,298.80999755859375,300.42999267578125,297.0799865722656,299.0799865722656,241.5735626220703,1670800,LMT
2018-06-27,299.3900146484375,302.1199951171875,294.5400085449219,294.7799987792969,238.10032653808594,1523900,LMT
2018-06-28,295.0,296.7099914550781,291.5199890136719,295.239990234375,238.4718780517578,1424300,LMT
2018-06-29,297.4800109863281,299.9800109863281,295.260009765625,295.42999267578125,238.62535095214844,1267800,LMT
2018-07-02,294.1700134277344,299.29998779296875,292.32000732421875,299.1199951171875,241.60581970214844,977900,LMT
2018-07-03,300.0,302.5899963378906,298.6199951171875,299.4599914550781,241.8805389404297,651000,LMT
2018-07-05,300.2799987792969,303.1600036621094,297.19000244140625,299.19000244140625,241.6623992919922,986300,LMT
2018-07-06,298.4100036621094,301.510009765625,296.2099914550781,299.19000244140625,241.6623992919922,1103500,LMT
2018-07-09,301.0,307.4700012207031,300.3599853515625,306.4800109863281,247.55059814453125,1244400,LMT
2018-07-10,308.1099853515625,310.9100036621094,307.2099914550781,308.8299865722656,249.44882202148438,1525500,LMT
2018-07-11,307.8299865722656,309.3800048828125,305.92999267578125,306.5799865722656,247.63145446777344,896200,LMT
2018-07-12,309.3999938964844,314.4700012207031,308.79998779296875,313.30999755859375,253.06739807128906,1283300,LMT
2018-07-13,313.67999267578125,319.5,313.5199890136719,318.3699951171875,257.15447998046875,1662500,LMT
2018-07-16,319.3800048828125,323.3800048828125,317.5799865722656,319.04998779296875,257.7037658691406,1303400,LMT
2018-07-17,319.8900146484375,320.9800109863281,316.1199951171875,317.5,256.45172119140625,868200,LMT
2018-07-18,317.7099914550781,320.5799865722656,316.5,319.7699890136719,258.2852783203125,860400,LMT
2018-07-19,319.29998779296875,320.8599853515625,318.17999267578125,319.6000061035156,258.1479797363281,759900,LMT
2018-07-20,318.3500061035156,322.8500061035156,317.44000244140625,322.54998779296875,260.5307922363281,1563900,LMT
2018-07-23,322.54998779296875,323.5,316.7900085449219,318.3299865722656,257.1221923828125,1585300,LMT
2018-07-24,325.0,329.6499938964844,313.0,322.57000732421875,260.5469055175781,3253400,LMT
2018-07-25,323.04998779296875,324.9700012207031,316.6700134277344,324.3599853515625,261.9927062988281,2104600,LMT
2018-07-26,324.8299865722656,325.8699951171875,321.1700134277344,322.94000244140625,260.8456726074219,2011800,LMT
2018-07-27,324.3999938964844,325.1400146484375,321.7900085449219,324.0899963378906,261.7746887207031,1009900,LMT
2018-07-30,324.1000061035156,325.989990234375,319.6199951171875,320.1099853515625,258.5598449707031,1270500,LMT
2018-07-31,321.3800048828125,326.42999267578125,321.3800048828125,326.1000061035156,263.398193359375,986300,LMT
2018-08-01,325.5899963378906,326.07000732421875,322.57000732421875,324.92999267578125,262.453125,1392200,LMT
2018-08-02,322.5299987792969,323.1499938964844,320.239990234375,322.0199890136719,260.10272216796875,820400,LMT
2018-08-03,322.6199951171875,322.6199951171875,319.1099853515625,320.54998779296875,258.9153137207031,945400,LMT
2018-08-06,318.6099853515625,318.6099853515625,313.67999267578125,316.9200134277344,255.98329162597656,1736700,LMT
2018-08-07,317.239990234375,318.239990234375,313.5799865722656,317.4100036621094,256.3790588378906,1088500,LMT
2018-08-08,317.5,317.7799987792969,314.2099914550781,315.30999755859375,254.68280029296875,922600,LMT
2018-08-09,314.7900085449219,316.5,312.6700134277344,315.7099914550781,255.00599670410156,1048200,LMT
2018-08-10,314.8999938964844,314.8999938964844,311.3900146484375,313.1199951171875,252.91392517089844,1081900,LMT
2018-08-13,312.510009765625,315.260009765625,312.0,313.6400146484375,253.33401489257812,790300,LMT
2018-08-14,314.8900146484375,320.2099914550781,314.6300048828125,318.5899963378906,257.3321228027344,974500,LMT
2018-08-15,318.3699951171875,318.9100036621094,314.44000244140625,317.70001220703125,256.6133728027344,1321400,LMT
2018-08-16,320.0,326.6199951171875,319.80999755859375,325.8599853515625,263.20428466796875,1195200,LMT
2018-08-17,325.8599853515625,327.4200134277344,324.7200012207031,325.2300109863281,262.69549560546875,1397400,LMT
2018-08-20,325.260009765625,325.9700012207031,323.80999755859375,324.2200012207031,261.8797302246094,877400,LMT
2018-08-21,324.3999938964844,325.4100036621094,323.1300048828125,324.3900146484375,262.0170593261719,1167600,LMT
2018-08-22,324.04998779296875,324.5199890136719,321.79998779296875,321.9200134277344,260.02191162109375,690600,LMT
2018-08-23,322.0799865722656,322.1499938964844,318.8699951171875,320.010009765625,258.4790954589844,717700,LMT
2018-08-24,320.0,321.3900146484375,318.7200012207031,321.2900085449219,259.5130920410156,773200,LMT
2018-08-27,322.07000732421875,325.0,322.0,324.3399963378906,261.9765625,737500,LMT
2018-08-28,324.6600036621094,325.0,322.29998779296875,324.3399963378906,261.9765625,820000,LMT
2018-08-29,324.4599914550781,324.9200134277344,322.20001220703125,324.32000732421875,261.96038818359375,966000,LMT
2018-08-30,324.0,326.489990234375,320.92999267578125,321.8500061035156,259.96533203125,1409700,LMT
2018-08-31,318.55999755859375,320.8900146484375,317.010009765625,320.4100036621094,260.420654296875,1055500,LMT
2018-09-04,320.0,322.25,317.6000061035156,321.9100036621094,261.6396789550781,947400,LMT
2018-09-05,320.8900146484375,321.6700134277344,319.510009765625,321.3299865722656,261.168212890625,892700,LMT
2018-09-06,321.55999755859375,329.5400085449219,321.29998779296875,328.9100036621094,267.3290710449219,1326600,LMT
2018-09-07,328.0299987792969,330.8800048828125,326.8900146484375,328.5299987792969,267.020263671875,1292000,LMT
2018-09-10,328.7200012207031,329.17999267578125,322.6600036621094,322.95001220703125,262.4849548339844,1424000,LMT
2018-09-11,322.0400085449219,323.8500061035156,320.29998779296875,322.2300109863281,261.8997497558594,798200,LMT
2018-09-12,321.3800048828125,325.8399963378906,321.3800048828125,325.2799987792969,264.3786926269531,1326400,LMT
2018-09-13,326.7200012207031,331.8599853515625,326.5899963378906,331.2799987792969,269.2552795410156,1294800,LMT
2018-09-14,331.30999755859375,336.5,329.5,335.79998779296875,272.92913818359375,1312000,LMT
2018-09-17,336.5,339.67999267578125,336.0,339.3399963378906,275.8062438964844,1117300,LMT
2018-09-18,340.0,344.8500061035156,339.4800109863281,343.2200012207031,278.9598388671875,1149100,LMT
2018-09-19,343.2200012207031,345.7699890136719,336.510009765625,339.29998779296875,275.7738037109375,1771200,LMT
2018-09-20,339.8599853515625,340.29998779296875,329.010009765625,333.1300048828125,270.7590026855469,2003900,LMT
2018-09-21,334.07000732421875,337.9100036621094,334.07000732421875,337.6600036621094,274.44085693359375,1875700,LMT
2018-09-24,336.80999755859375,339.32000732421875,334.29998779296875,337.5799865722656,274.3758239746094,1176800,LMT
2018-09-25,338.4800109863281,345.3299865722656,337.45001220703125,343.5400085449219,279.21990966796875,1360500,LMT
2018-09-26,343.0,344.8599853515625,342.3900146484375,342.8800048828125,278.6833801269531,1159900,LMT
2018-09-27,344.1600036621094,346.7900085449219,342.4100036621094,346.04998779296875,281.2600402832031,1170000,LMT
2018-09-28,345.7200012207031,348.0,344.7099914550781,345.9599914550781,281.1868591308594,1827500,LMT
2018-10-01,347.0899963378906,348.3299865722656,344.8699951171875,347.92999267578125,282.7879943847656,809500,LMT
2018-10-02,348.6199951171875,349.8800048828125,346.3699951171875,349.07000732421875,283.7145690917969,960500,LMT
2018-10-03,350.0,351.3500061035156,347.2200012207031,347.44000244140625,282.3898620605469,1237500,LMT
2018-10-04,346.82000732421875,349.6600036621094,345.5899963378906,349.4599914550781,284.03155517578125,1203600,LMT
2018-10-05,348.29998779296875,350.8999938964844,345.6499938964844,347.2099914550781,282.202880859375,889000,LMT
2018-10-08,346.8900146484375,350.489990234375,346.2699890136719,349.92999267578125,284.4136047363281,825100,LMT
2018-10-09,348.6199951171875,349.4599914550781,346.1600036621094,347.30999755859375,282.2841491699219,986100,LMT
2018-10-10,346.8500061035156,347.25,336.75,336.75,273.7012634277344,1792500,LMT
2018-10-11,334.7300109863281,338.0,325.010009765625,326.260009765625,265.1752624511719,1937900,LMT
2018-10-12,330.5899963378906,331.4700012207031,322.6000061035156,327.6199951171875,266.2806091308594,1294000,LMT
2018-10-15,327.92999267578125,333.9800109863281,327.92999267578125,331.239990234375,269.22283935546875,1003600,LMT
2018-10-16,332.4700012207031,337.3999938964844,331.1400146484375,337.1300048828125,274.01007080078125,860300,LMT
2018-10-17,335.7200012207031,337.19000244140625,333.32000732421875,333.3999938964844,270.9784240722656,1181700,LMT
2018-10-18,331.3500061035156,333.32000732421875,325.0400085449219,328.0,266.58941650390625,1323000,LMT
2018-10-19,327.20001220703125,330.0400085449219,326.05999755859375,328.1400146484375,266.7032165527344,1101200,LMT
2018-10-22,331.6199951171875,331.6199951171875,324.4700012207031,326.7799987792969,265.59783935546875,1407700,LMT
2018-10-23,325.2300109863281,334.7699890136719,315.5899963378906,321.3500061035156,261.1845703125,2995700,LMT
2018-10-24,328.1099853515625,328.1099853515625,310.4200134277344,311.1300048828125,252.8780517578125,2396800,LMT
2018-10-25,313.2099914550781,316.54998779296875,305.45001220703125,306.4100036621094,249.0416717529297,2352500,LMT
2018-10-26,303.3999938964844,308.9700012207031,301.6600036621094,305.04998779296875,247.93630981445312,1909600,LMT
2018-10-29,309.5,309.5,283.2099914550781,286.6700134277344,232.99758911132812,3262900,LMT
2018-10-30,285.6099853515625,292.5,283.7200012207031,291.07000732421875,236.5737762451172,2870000,LMT
2018-10-31,294.3599853515625,299.1000061035156,293.5299987792969,293.8500061035156,238.83328247070312,1980100,LMT
2018-11-01,295.7300109863281,301.44000244140625,295.010009765625,299.4200134277344,243.3604278564453,1526900,LMT
2018-11-02,301.0400085449219,302.75,297.75,299.2799987792969,243.24671936035156,1597200,LMT
2018-11-05,302.0,304.29998779296875,300.5899963378906,303.2099914550781,246.44082641601562,1650500,LMT
2018-11-06,304.04998779296875,308.760009765625,304.04998779296875,306.55999755859375,249.16363525390625,1123200,LMT
2018-11-07,308.05999755859375,309.9599914550781,304.1600036621094,309.82000732421875,251.81321716308594,983000,LMT
2018-11-08,310.0,311.0199890136719,306.3599853515625,308.55999755859375,250.78915405273438,879000,LMT
2018-11-09,307.19000244140625,314.1600036621094,307.1400146484375,313.1199951171875,254.49539184570312,1294300,LMT
2018-11-12,313.20001220703125,314.2300109863281,304.6000061035156,305.1199951171875,247.9932098388672,1117800,LMT
2018-11-13,304.80999755859375,308.8599853515625,302.2300109863281,305.739990234375,248.49716186523438,1121000,LMT
2018-11-14,308.2699890136719,309.67999267578125,303.010009765625,303.3900146484375,246.58714294433594,1192800,LMT
2018-11-15,302.1700134277344,308.0,299.739990234375,305.4800109863281,248.28579711914062,1233100,LMT
2018-11-16,303.8399963378906,305.25,299.8699951171875,301.239990234375,244.8396759033203,1319500,LMT
2018-11-19,301.0899963378906,301.0899963378906,293.2200012207031,294.5899963378906,239.43475341796875,1558900,LMT
2018-11-20,291.3599853515625,295.25,288.55999755859375,293.8599853515625,238.84133911132812,1281100,LMT
2018-11-21,295.0,297.8500061035156,294.2300109863281,294.2900085449219,239.19091796875,1355600,LMT
2018-11-23,293.05999755859375,297.94000244140625,291.92999267578125,295.3800048828125,240.07675170898438,434300,LMT
2018-11-26,297.0400085449219,298.8500061035156,292.9200134277344,295.2799987792969,239.99557495117188,1375900,LMT
2018-11-27,293.8999938964844,295.6600036621094,289.6000061035156,295.2900085449219,240.00369262695312,1477400,LMT
2018-11-28,297.8500061035156,300.5299987792969,293.94000244140625,299.94000244140625,243.7830810546875,1282700,LMT
2018-11-29,301.0,304.9800109863281,300.2799987792969,302.4200134277344,245.79876708984375,2788500,LMT
2018-11-30,300.75,303.5299987792969,297.8800048828125,300.42999267578125,245.970703125,3666200,LMT
2018-12-03,304.94000244140625,305.3299865722656,295.8999938964844,296.7900085449219,242.990478515625,1764700,LMT
2018-12-04,295.7200012207031,295.7200012207031,286.0299987792969,286.7300109863281,234.7541046142578,2208100,LMT
2018-12-06,282.8999938964844,286.8900146484375,277.20001220703125,286.3500061035156,234.44296264648438,2793700,LMT
2018-12-07,285.3999938964844,290.3500061035156,285.2099914550781,285.3999938964844,233.66517639160156,1407200,LMT
2018-12-10,289.92999267578125,298.92999267578125,289.19000244140625,298.3999938964844,244.30860900878906,2417900,LMT
2018-12-11,302.67999267578125,303.25,290.3299865722656,292.1499938964844,239.19158935546875,1764500,LMT
2018-12-12,295.989990234375,296.79998779296875,292.010009765625,292.5,239.47811889648438,1121500,LMT
2018-12-13,293.2699890136719,295.2699890136719,291.0,292.2300109863281,239.2570037841797,1125300,LMT
2018-12-14,290.0,291.239990234375,286.6199951171875,287.70001220703125,235.54832458496094,1881600,LMT
2018-12-17,286.20001220703125,286.7900085449219,277.8399963378906,279.2300109863281,228.61363220214844,1649100,LMT
2018-12-18,281.54998779296875,283.8399963378906,278.04998779296875,279.4700012207031,228.81007385253906,1707900,LMT
2018-12-19,279.75,283.80999755859375,271.5199890136719,273.9599914550781,224.2989044189453,1716900,LMT
2018-12-20,271.989990234375,273.82000732421875,261.4100036621094,265.2900085449219,217.20054626464844,2327700,LMT
2018-12-21,260.7799987792969,262.6400146484375,255.3000030517578,256.54998779296875,210.0448455810547,3738600,LMT
2018-12-24,253.02999877929688,254.6300048828125,245.00999450683594,245.22000122070312,200.76864624023438,1515400,LMT
2018-12-26,246.30999755859375,251.88999938964844,241.17999267578125,251.6199951171875,206.00848388671875,1797600,LMT
2018-12-27,249.25,259.7900085449219,248.1999969482422,259.7900085449219,212.69752502441406,2201400,LMT
2018-12-28,263.010009765625,264.8299865722656,260.1400146484375,261.260009765625,213.901123046875,1983800,LMT
2018-12-31,262.1499938964844,265.1099853515625,259.8500061035156,261.8399963378906,214.3759307861328,1184900,LMT
2019-01-02,258.3599853515625,265.29998779296875,256.7900085449219,264.7300109863281,216.7420654296875,1064700,LMT
2019-01-03,262.32000732421875,264.0,257.3800048828125,258.0799865722656,211.29751586914062,1165600,LMT
2019-01-04,261.9200134277344,265.489990234375,260.3399963378906,265.0400085449219,216.995849609375,1443800,LMT
2019-01-07,266.0,270.0,263.8599853515625,268.0799865722656,219.4848175048828,1465200,LMT
2019-01-08,271.1300048828125,271.75,267.80999755859375,269.8699951171875,220.95033264160156,1791400,LMT
2019-01-09,270.1300048828125,272.2200012207031,269.1300048828125,270.5400085449219,221.4988555908203,1235900,LMT
2019-01-10,269.6199951171875,277.67999267578125,269.5,277.5,227.1972198486328,1842500,LMT
2019-01-11,275.7900085449219,277.760009765625,272.42999267578125,277.7300109863281,227.38558959960938,1157800,LMT
2019-01-14,276.6700134277344,279.5199890136719,274.42999267578125,277.510009765625,227.20538330078125,1388600,LMT
2019-01-15,278.2300109863281,278.3299865722656,273.510009765625,276.0,225.96914672851562,1193500,LMT
2019-01-16,275.3999938964844,275.69000244140625,270.6300048828125,272.3900146484375,223.01348876953125,1324900,LMT
2019-01-17,271.1700134277344,279.989990234375,270.8399963378906,278.79998779296875,228.26158142089844,1242000,LMT
2019-01-18,281.17999267578125,285.3699951171875,279.7200012207031,282.8699951171875,231.59378051757812,2073500,LMT
2019-01-22,281.3900146484375,284.6199951171875,278.0,279.5899963378906,228.90835571289062,1885100,LMT
2019-01-23,282.1099853515625,285.7300109863281,280.5,283.510009765625,232.11776733398438,1631000,LMT
2019-01-24,284.5899963378906,288.239990234375,282.5899963378906,285.25,233.5423583984375,1017500,LMT
2019-01-25,288.1700134277344,289.29998779296875,286.1300048828125,287.0400085449219,235.0079345703125,1050400,LMT
2019-01-28,285.0,288.4100036621094,282.8900146484375,287.8699951171875,235.68746948242188,1166400,LMT
2019-01-29,281.1099853515625,292.8599853515625,281.0,292.04998779296875,239.1096954345703,2037300,LMT
2019-01-30,293.95001220703125,293.989990234375,286.7699890136719,291.6700134277344,238.79864501953125,1781800,LMT
2019-01-31,290.1700134277344,292.8299865722656,287.7900085449219,289.69000244140625,237.1775360107422,1311100,LMT
2019-02-01,290.8500061035156,292.5799865722656,289.20001220703125,290.5799865722656,237.9061737060547,1358900,LMT
2019-02-04,290.8999938964844,299.05999755859375,290.1099853515625,298.7699890136719,244.61151123046875,1328900,LMT
2019-02-05,300.0,302.9800109863281,297.2300109863281,299.4599914550781,245.17654418945312,1454800,LMT
2019-02-06,299.989990234375,302.67999267578125,299.010009765625,299.8299865722656,245.4794158935547,1114300,LMT
2019-02-07,298.7900085449219,300.3599853515625,296.1400146484375,300.1300048828125,245.72500610351562,1150100,LMT
2019-02-08,299.2200012207031,301.6300048828125,297.0,301.5,246.84671020507812,1021600,LMT
2019-02-11,301.7799987792969,302.75,298.79998779296875,300.0400085449219,245.65135192871094,1077900,LMT
2019-02-12,301.4700012207031,304.32000732421875,300.8599853515625,304.1099853515625,248.98348999023438,840600,LMT
2019-02-13,305.0,305.95001220703125,303.67999267578125,304.4200134277344,249.23744201660156,958500,LMT
2019-02-14,303.3599853515625,304.0,300.9100036621094,301.0,246.43724060058594,888200,LMT
2019-02-15,304.010009765625,307.3299865722656,304.010009765625,307.2300109863281,251.5379638671875,847700,LMT
2019-02-19,305.9700012207031,306.5899963378906,303.760009765625,305.17999267578125,249.8596649169922,929500,LMT
2019-02-20,305.0,307.20001220703125,304.2900085449219,307.20001220703125,251.5135498046875,870600,LMT
2019-02-21,307.05999755859375,307.1700134277344,303.2799987792969,304.510009765625,249.31109619140625,1045000,LMT
2019-02-22,305.9100036621094,307.3599853515625,303.8999938964844,307.1300048828125,251.45611572265625,581800,LMT
2019-02-25,308.8900146484375,309.3999938964844,305.54998779296875,305.9700012207031,250.50645446777344,1088000,LMT
2019-02-26,305.6000061035156,308.0799865722656,305.010009765625,305.8800048828125,250.43270874023438,871600,LMT
2019-02-27,305.0199890136719,307.94000244140625,304.1099853515625,307.5799865722656,251.82464599609375,1121300,LMT
2019-02-28,307.44000244140625,311.75,306.1199951171875,309.4100036621094,255.1478271484375,1839100,LMT
2019-03-01,311.55999755859375,311.55999755859375,306.44000244140625,309.4700012207031,255.19723510742188,1424900,LMT
2019-03-04,311.7799987792969,311.7799987792969,303.4800109863281,304.69000244140625,251.25550842285156,1070900,LMT
2019-03-05,306.010009765625,307.2200012207031,304.2200012207031,305.760009765625,252.13790893554688,907600,LMT
2019-03-06,306.4800109863281,308.3500061035156,303.32000732421875,303.32000732421875,250.12586975097656,879200,LMT
2019-03-07,302.8999938964844,303.20001220703125,297.4200134277344,303.010009765625,249.87025451660156,1255500,LMT
2019-03-08,300.57000732421875,301.69000244140625,298.7699890136719,300.95001220703125,248.17147827148438,1054100,LMT
2019-03-11,299.6199951171875,304.5799865722656,298.6300048828125,304.3999938964844,251.01644897460938,1294400,LMT
2019-03-12,304.6000061035156,305.30999755859375,300.7900085449219,301.9200134277344,248.97129821777344,1248800,LMT
2019-03-13,303.05999755859375,304.55999755859375,301.1199951171875,303.45001220703125,250.23309326171875,1133400,LMT
2019-03-14,303.4200134277344,304.4599914550781,298.32000732421875,298.510009765625,246.15931701660156,1178400,LMT
2019-03-15,298.8599853515625,299.2300109863281,293.7699890136719,296.1499938964844,244.21322631835938,4516500,LMT
2019-03-18,295.8699951171875,298.3599853515625,293.2699890136719,297.6400146484375,245.4420166015625,1793600,LMT
2019-03-19,299.4800109863281,302.1400146484375,295.44000244140625,296.6000061035156,244.58436584472656,1504000,LMT
2019-03-20,296.9100036621094,298.7099914550781,295.05999755859375,295.9800109863281,244.07310485839844,1321800,LMT
2019-03-21,295.3699951171875,300.07000732421875,295.0,299.010009765625,246.57168579101562,1145700,LMT
2019-03-22,297.6499938964844,298.3999938964844,293.8800048828125,294.010009765625,242.44851684570312,942800,LMT
2019-03-25,294.4100036621094,295.82000732421875,292.5299987792969,294.1199951171875,242.539306640625,779700,LMT
2019-03-26,296.0899963378906,297.6000061035156,292.69000244140625,294.9200134277344,243.19903564453125,882300,LMT
2019-03-27,295.6199951171875,297.8900146484375,292.8500061035156,293.95001220703125,242.39903259277344,835600,LMT
2019-03-28,295.0299987792969,295.94000244140625,293.6499938964844,295.6000061035156,243.75978088378906,567100,LMT
2019-03-29,297.5,300.5899963378906,296.739990234375,300.1600036621094,247.52005004882812,1212000,LMT
2019-04-01,302.55999755859375,306.1099853515625,301.8399963378906,304.2900085449219,250.92568969726562,1153900,LMT
2019-04-02,304.8699951171875,306.7799987792969,302.8699951171875,303.1000061035156,249.94442749023438,872600,LMT
2019-04-03,303.6099853515625,304.3999938964844,296.1400146484375,297.2699890136719,245.1368408203125,1178300,LMT
2019-04-04,298.1600036621094,302.04998779296875,297.8900146484375,299.6700134277344,247.11605834960938,789500,LMT
2019-04-05,299.9100036621094,302.6600036621094,299.7099914550781,302.5799865722656,249.51564025878906,705200,LMT
2019-04-08,301.989990234375,305.8599853515625,300.6700134277344,305.6600036621094,252.05548095703125,1121400,LMT
2019-04-09,304.3599853515625,304.5799865722656,301.19000244140625,302.67999267578125,249.59803771972656,867100,LMT
2019-04-10,302.2300109863281,302.3500061035156,297.3299865722656,299.1199951171875,246.662353515625,1226200,LMT
2019-04-11,300.2300109863281,305.8299865722656,300.0,305.5899963378906,251.99778747558594,829500,LMT
2019-04-12,307.0,309.7799987792969,306.0299987792969,309.70001220703125,255.38693237304688,891800,LMT
2019-04-15,309.9599914550781,310.0,307.5400085449219,308.7099914550781,254.5706024169922,864800,LMT
2019-04-16,309.2200012207031,310.6300048828125,308.1000061035156,310.05999755859375,255.6837615966797,833900,LMT
2019-04-17,311.2200012207031,312.42999267578125,309.7799987792969,310.5,256.04669189453125,1041400,LMT
2019-04-18,311.0299987792969,314.57000732421875,309.4700012207031,314.260009765625,259.14727783203125,1107100,LMT
2019-04-22,314.25,316.260009765625,313.2699890136719,315.260009765625,259.971923828125,1319000,LMT
2019-04-23,326.5199890136719,337.32000732421875,324.5199890136719,333.1000061035156,274.68328857421875,3425800,LMT
2019-04-24,333.8999938964844,335.7799987792969,327.8399963378906,330.1199951171875,272.2257995605469,2089900,LMT
2019-04-25,330.25,334.2300109863281,328.4599914550781,328.8699951171875,271.195068359375,1506500,LMT
2019-04-26,329.6000061035156,330.75,327.0799865722656,328.3299865722656,270.7497253417969,873200,LMT
2019-04-29,328.3999938964844,331.1499938964844,327.2099914550781,328.5899963378906,270.9642333984375,969100,LMT
2019-04-30,329.5199890136719,333.8599853515625,328.4599914550781,333.3299865722656,274.87286376953125,990000,LMT
2019-05-01,334.25,337.2099914550781,331.5799865722656,331.8500061035156,273.6524353027344,1104300,LMT
2019-05-02,332.010009765625,332.70001220703125,328.239990234375,332.54998779296875,274.2297668457031,962300,LMT
2019-05-03,333.5799865722656,335.6400146484375,331.20001220703125,334.07000732421875,275.483154296875,806700,LMT
2019-05-06,330.5,336.5299987792969,330.1700134277344,335.7200012207031,276.8437805175781,812800,LMT
2019-05-07,334.739990234375,334.739990234375,328.8399963378906,330.8999938964844,272.8690490722656,1176400,LMT
2019-05-08,330.8999938964844,336.8800048828125,330.3500061035156,334.17999267578125,275.5737609863281,1083800,LMT
2019-05-09,334.0,340.3299865722656,331.94000244140625,339.3599853515625,279.845458984375,1496500,LMT
2019-05-10,337.4100036621094,341.6199951171875,335.2699890136719,341.3500061035156,281.48638916015625,1204900,LMT
2019-05-13,335.25,339.75,333.20001220703125,335.3699951171875,276.55517578125,1504000,LMT
2019-05-14,336.010009765625,340.9200134277344,334.75,336.1700134277344,277.21484375,1171600,LMT
2019-05-15,335.2900085449219,335.7099914550781,329.92999267578125,334.1499938964844,275.5490417480469,1127000,LMT
2019-05-16,335.9200134277344,339.6499938964844,334.8500061035156,339.3900146484375,279.8701171875,1092100,LMT
2019-05-17,336.4599914550781,340.95001220703125,336.4599914550781,337.989990234375,278.7156066894531,1268400,LMT
2019-05-20,337.239990234375,344.2900085449219,337.239990234375,342.010009765625,282.03070068359375,1388200,LMT
2019-05-21,343.6000061035156,344.79998779296875,339.5,343.95001220703125,283.6304016113281,1097800,LMT
2019-05-22,343.2900085449219,343.2900085449219,339.8800048828125,341.29998779296875,281.4451599121094,1049300,LMT
2019-05-23,339.7200012207031,341.44000244140625,336.0799865722656,340.07000732421875,280.430908203125,1461200,LMT
2019-05-24,340.6700134277344,341.6199951171875,337.2699890136719,338.7799987792969,279.36712646484375,1293100,LMT
2019-05-28,338.9599914550781,341.2799987792969,337.1000061035156,337.8900146484375,278.6331787109375,3559400,LMT
2019-05-29,336.7799987792969,340.3599853515625,335.2799987792969,339.3399963378906,279.82879638671875,1184400,LMT
2019-05-30,340.0,343.4800109863281,339.75,341.9599914550781,281.98944091796875,859100,LMT
2019-05-31,337.5899963378906,341.1400146484375,337.489990234375,338.5400085449219,280.9768371582031,1024000,LMT
2019-06-03,338.0799865722656,344.7799987792969,337.8999938964844,344.57000732421875,285.9815979003906,1345100,LMT
2019-06-04,345.8800048828125,349.67999267578125,345.8800048828125,349.3500061035156,289.9488220214844,1573300,LMT
2019-06-05,349.989990234375,352.8599853515625,348.510009765625,352.70001220703125,292.72918701171875,1750500,LMT
2019-06-06,353.3699951171875,354.3399963378906,350.1499938964844,352.5199890136719,292.5798034667969,1149800,LMT
2019-06-07,353.45001220703125,356.1499938964844,352.3999938964844,355.2300109863281,294.8291015625,1125800,LMT
2019-06-10,357.9700012207031,358.6300048828125,350.7300109863281,351.6000061035156,291.8162536621094,1356200,LMT
2019-06-11,352.010009765625,352.54998779296875,340.8699951171875,344.0400085449219,285.54180908203125,1684300,LMT
2019-06-12,344.2300109863281,346.1400146484375,342.32000732421875,345.510009765625,286.76177978515625,1131900,LMT
2019-06-13,347.5799865722656,349.7099914550781,344.3999938964844,349.0799865722656,289.7246398925781,1203900,LMT
2019-06-14,349.0799865722656,352.4599914550781,348.44000244140625,350.1400146484375,290.6045227050781,1059400,LMT
2019-06-17,351.2200012207031,352.4100036621094,346.760009765625,348.69000244140625,289.4010314941406,904200,LMT
2019-06-18,349.489990234375,354.2799987792969,348.3900146484375,353.5199890136719,293.4097595214844,826400,LMT
2019-06-19,353.760009765625,356.54998779296875,353.19000244140625,355.7300109863281,295.2440185546875,816500,LMT
2019-06-20,357.7699890136719,363.3299865722656,357.7099914550781,362.79998779296875,301.1118469238281,1048800,LMT
2019-06-21,362.2300109863281,362.739990234375,357.57000732421875,359.3599853515625,298.25677490234375,1544700,LMT
2019-06-24,360.44000244140625,362.8800048828125,359.739990234375,359.9800109863281,298.77142333984375,1766700,LMT
2019-06-25,360.0,362.79998779296875,359.739990234375,360.55999755859375,299.2526550292969,1168900,LMT
2019-06-26,361.6400146484375,362.0,357.0,359.5,298.3729248046875,977700,LMT
2019-06-27,359.92999267578125,360.5199890136719,357.260009765625,359.0899963378906,298.0326843261719,826500,LMT
2019-06-28,359.4800109863281,363.75,357.6700134277344,363.5400085449219,301.7260437011719,1369600,LMT
2019-07-01,365.4100036621094,366.7699890136719,361.04998779296875,361.4700012207031,300.0080261230469,1003900,LMT
2019-07-02,361.5799865722656,367.57000732421875,361.07000732421875,367.57000732421875,305.07080078125,1052800,LMT
2019-07-03,367.94000244140625,370.4700012207031,365.3500061035156,370.3800048828125,307.4030456542969,742100,LMT
2019-07-05,369.8800048828125,370.8299865722656,366.6700134277344,369.9200134277344,307.0212097167969,716900,LMT
2019-07-08,368.5400085449219,369.9200134277344,366.7799987792969,369.17999267578125,306.4070129394531,646600,LMT
2019-07-09,367.75,370.25,366.1000061035156,369.7300109863281,306.863525390625,651000,LMT
2019-07-10,370.0,373.3699951171875,367.8399963378906,368.1600036621094,305.5604553222656,818700,LMT
2019-07-11,368.1600036621094,369.3800048828125,366.2099914550781,368.2300109863281,305.61865234375,1358000,LMT
2019-07-12,369.20001220703125,369.510009765625,366.8299865722656,369.45001220703125,306.631103515625,1148700,LMT
2019-07-15,369.8399963378906,370.010009765625,366.8999938964844,367.69000244140625,305.1704406738281,1010700,LMT
2019-07-16,368.0,368.4200134277344,365.1600036621094,365.3500061035156,303.2282409667969,1027100,LMT
2019-07-17,365.3500061035156,365.4700012207031,357.8500061035156,358.4700012207031,297.5180969238281,1867000,LMT
2019-07-18,358.2900085449219,358.3800048828125,352.7900085449219,356.2099914550781,295.64239501953125,1704900,LMT
2019-07-19,357.6400146484375,359.1000061035156,355.8500061035156,356.9599914550781,296.2648010253906,1463300,LMT
2019-07-22,357.44000244140625,358.4700012207031,355.55999755859375,357.6300048828125,296.8208923339844,1144700,LMT
2019-07-23,363.0,363.0,350.80999755859375,357.79998779296875,296.96197509765625,2343900,LMT
2019-07-24,358.20001220703125,368.989990234375,358.0,368.8999938964844,306.1746826171875,1900400,LMT
2019-07-25,368.760009765625,372.7099914550781,367.1499938964844,370.32000732421875,307.3531494140625,1143300,LMT
2019-07-26,369.6099853515625,370.7099914550781,367.7799987792969,369.4599914550781,306.639404296875,791300,LMT
2019-07-29,369.4100036621094,370.1099853515625,367.95001220703125,369.6199951171875,306.7722473144531,659200,LMT
2019-07-30,368.6300048828125,370.6700134277344,365.3299865722656,365.989990234375,303.75933837890625,699400,LMT
2019-07-31,365.9100036621094,368.7099914550781,359.2900085449219,362.1700134277344,300.5889892578125,1037100,LMT
2019-08-01,361.7200012207031,367.3399963378906,359.19000244140625,363.0899963378906,301.3525085449219,1220300,LMT
2019-08-02,364.1300048828125,364.30999755859375,359.489990234375,361.9100036621094,300.3731994628906,836300,LMT
2019-08-05,356.54998779296875,361.1000061035156,353.9700012207031,358.42999267578125,297.4848937988281,1464600,LMT
2019-08-06,361.2799987792969,366.8900146484375,358.8399963378906,366.7799987792969,304.4151916503906,1124900,LMT
2019-08-07,364.0199890136719,370.92999267578125,362.0199890136719,369.29998779296875,306.50665283203125,1243000,LMT
2019-08-08,370.010009765625,378.3999938964844,370.010009765625,377.1700134277344,313.03851318359375,1185800,LMT
2019-08-09,376.1000061035156,379.3599853515625,373.3299865722656,377.010009765625,312.9056701660156,872000,LMT
2019-08-12,375.0,378.04998779296875,373.6000061035156,377.0,312.8973693847656,706100,LMT
2019-08-13,377.989990234375,381.510009765625,375.2799987792969,377.2200012207031,313.0798645019531,1054900,LMT
2019-08-14,376.0,376.0,367.3599853515625,368.94000244140625,306.2078552246094,1469100,LMT
2019-08-15,369.1499938964844,374.57000732421875,367.1700134277344,373.4599914550781,309.959228515625,1066900,LMT
2019-08-16,376.1000061035156,378.3399963378906,373.3699951171875,377.0,312.8973693847656,821400,LMT
2019-08-19,379.75,381.67999267578125,378.5199890136719,380.4700012207031,315.7774353027344,799900,LMT
2019-08-20,380.5,384.1000061035156,379.5,381.75,316.8397521972656,920600,LMT
2019-08-21,384.0,384.2799987792969,379.2900085449219,383.0,317.8772888183594,791500,LMT
2019-08-22,383.0,386.6499938964844,380.7200012207031,385.8800048828125,320.2674560546875,742600,LMT
2019-08-23,385.2799987792969,386.92999267578125,374.6099853515625,376.8900146484375,312.8061218261719,1392700,LMT
2019-08-26,380.0,380.55999755859375,375.5,380.32000732421875,315.6529235839844,688100,LMT
2019-08-27,381.75,382.2099914550781,377.25,379.989990234375,315.3790283203125,760300,LMT
2019-08-28,379.0400085449219,383.0,376.7699890136719,380.9700012207031,316.1923522949219,820500,LMT
2019-08-29,384.5299987792969,385.7799987792969,380.79998779296875,384.42999267578125,319.0639953613281,1063500,LMT
2019-08-30,383.25,384.739990234375,381.510009765625,384.1099853515625,320.6333312988281,760700,LMT
2019-09-03,380.989990234375,385.17999267578125,379.7900085449219,384.69000244140625,321.11749267578125,891700,LMT
2019-09-04,387.30999755859375,389.70001220703125,385.8999938964844,389.0799865722656,324.7820129394531,792200,LMT
2019-09-05,390.4800109863281,393.42999267578125,384.9800109863281,385.1499938964844,321.5014953613281,941500,LMT
2019-09-06,387.2799987792969,388.45001220703125,385.80999755859375,386.55999755859375,322.6784973144531,701100,LMT
2019-09-09,387.95001220703125,388.2900085449219,380.0400085449219,380.2099914550781,317.37786865234375,1146900,LMT
2019-09-10,377.2900085449219,381.32000732421875,370.4599914550781,381.32000732421875,318.30450439453125,1297600,LMT
2019-09-11,381.20001220703125,385.79998779296875,380.05999755859375,381.54998779296875,318.4964294433594,1125300,LMT
2019-09-12,384.489990234375,388.510009765625,383.2699890136719,386.6300048828125,322.73699951171875,855100,LMT
2019-09-13,387.7699890136719,387.7699890136719,383.6000061035156,384.8599853515625,321.2593688964844,898600,LMT
2019-09-16,388.8999938964844,394.6000061035156,386.8900146484375,392.6600036621094,327.7704772949219,1689900,LMT
2019-09-17,392.4700012207031,399.9599914550781,388.42999267578125,393.9800109863281,328.8722229003906,975800,LMT
2019-09-18,394.7799987792969,397.2300109863281,391.54998779296875,397.0400085449219,331.4266052246094,780300,LMT
2019-09-19,397.1400146484375,398.5,393.0299987792969,393.42999267578125,328.4131164550781,1044400,LMT
2019-09-20,394.489990234375,395.44000244140625,388.04998779296875,388.25,324.0892028808594,2106700,LMT
2019-09-23,388.07000732421875,390.05999755859375,386.1099853515625,387.6700134277344,323.60504150390625,1132200,LMT
2019-09-24,390.0,392.989990234375,387.2099914550781,389.1700134277344,324.8572082519531,1162400,LMT
2019-09-25,390.5799865722656,390.8999938964844,387.7099914550781,390.42999267578125,325.908935546875,1336400,LMT
2019-09-26,391.25,394.6400146484375,388.92999267578125,392.9200134277344,327.9874572753906,875400,LMT
2019-09-27,395.94000244140625,395.95001220703125,386.42999267578125,387.8699951171875,323.77197265625,751800,LMT
2019-09-30,388.55999755859375,393.82000732421875,388.4200134277344,390.05999755859375,325.60003662109375,1293200,LMT
2019-10-01,391.42999267578125,392.4800109863281,383.8900146484375,384.19000244140625,320.7000732421875,1240000,LMT
2019-10-02,382.739990234375,383.05999755859375,374.07000732421875,378.1600036621094,315.6665344238281,1759000,LMT
2019-10-03,378.8699951171875,381.19000244140625,374.3299865722656,380.05999755859375,317.2526550292969,849800,LMT
2019-10-04,380.2099914550781,385.239990234375,379.489990234375,384.95001220703125,321.3346252441406,762200,LMT
2019-10-07,385.010009765625,386.67999267578125,382.69000244140625,383.7799987792969,320.35784912109375,850100,LMT
2019-10-08,381.05999755859375,385.79998779296875,379.2900085449219,382.1199951171875,318.97222900390625,1001300,LMT
2019-10-09,384.8299865722656,386.3299865722656,382.5,384.6099853515625,321.0506896972656,712000,LMT
2019-10-10,383.989990234375,388.510009765625,383.20001220703125,386.8800048828125,322.94549560546875,690200,LMT
2019-10-11,389.7900085449219,390.7300109863281,381.25,381.4700012207031,318.4296569824219,1327000,LMT
2019-10-14,382.7699890136719,385.3699951171875,381.3900146484375,382.6099853515625,319.3811950683594,622300,LMT
2019-10-15,383.69000244140625,385.70001220703125,382.07000732421875,382.75,319.4981994628906,835300,LMT
2019-10-16,382.3900146484375,384.3900146484375,380.2300109863281,382.8399963378906,319.57318115234375,851300,LMT
2019-10-17,383.54998779296875,384.2099914550781,376.2900085449219,377.05999755859375,314.7484130859375,1004600,LMT
2019-10-18,376.7200012207031,377.7099914550781,368.0,372.4800109863281,310.92529296875,1935600,LMT
2019-10-21,374.010009765625,375.8900146484375,372.7300109863281,374.04998779296875,312.23583984375,1160000,LMT
2019-10-22,363.0,377.5,363.0,373.67999267578125,311.927001953125,2567200,LMT
2019-10-23,373.7799987792969,374.989990234375,368.7300109863281,373.0899963378906,311.4344787597656,1279700,LMT
2019-10-24,373.760009765625,377.4599914550781,372.0,374.739990234375,312.81182861328125,1126900,LMT
2019-10-25,374.3800048828125,374.8900146484375,369.5400085449219,370.7300109863281,309.4644775390625,1173500,LMT
2019-10-28,371.3900146484375,375.45001220703125,370.1199951171875,371.8399963378906,310.39105224609375,1321700,LMT
2019-10-29,371.6499938964844,375.25,370.0400085449219,371.1000061035156,309.7734069824219,1298500,LMT
2019-10-30,373.2200012207031,378.989990234375,371.4700012207031,378.6400146484375,316.0673522949219,1064900,LMT
2019-10-31,377.9200134277344,380.17999267578125,375.260009765625,376.67999267578125,314.4311828613281,911800,LMT
2019-11-01,378.1099853515625,380.95001220703125,376.94000244140625,379.1700134277344,316.50970458984375,915600,LMT
2019-11-04,379.92999267578125,380.7799987792969,372.17999267578125,374.4800109863281,312.5948486328125,1117500,LMT
2019-11-05,374.05999755859375,375.7699890136719,371.30999755859375,373.6300048828125,311.88525390625,1364200,LMT
2019-11-06,374.489990234375,379.92999267578125,374.0299987792969,379.7900085449219,317.0272216796875,1505800,LMT
2019-11-07,380.3399963378906,382.739990234375,377.9100036621094,378.75,316.1591491699219,1157200,LMT
2019-11-08,377.6000061035156,382.8800048828125,377.6000061035156,381.8599853515625,318.7551574707031,783500,LMT
2019-11-11,379.510009765625,383.4100036621094,379.30999755859375,381.3800048828125,318.35443115234375,580500,LMT
2019-11-12,381.55999755859375,387.5,381.55999755859375,386.29998779296875,322.46148681640625,910700,LMT
2019-11-13,385.94000244140625,390.5199890136719,385.0899963378906,387.69000244140625,323.6216735839844,956100,LMT
2019-11-14,387.2799987792969,392.29998779296875,387.2799987792969,390.1600036621094,325.6834716796875,915600,LMT
2019-11-15,392.2699890136719,394.489990234375,390.2799987792969,393.54998779296875,328.51336669921875,1533600,LMT
2019-11-18,393.0,395.67999267578125,391.95001220703125,392.760009765625,327.8539123535156,827700,LMT
2019-11-19,394.0,395.82000732421875,390.5299987792969,390.80999755859375,326.22613525390625,800300,LMT
2019-11-20,391.05999755859375,393.5400085449219,390.25,392.70001220703125,327.8037109375,907700,LMT
2019-11-21,390.8599853515625,392.25,389.32000732421875,390.260009765625,325.76702880859375,1416900,LMT
2019-11-22,390.19000244140625,391.3900146484375,387.82000732421875,390.739990234375,326.16766357421875,758600,LMT
2019-11-25,391.6000061035156,393.1000061035156,387.489990234375,389.9800109863281,325.5332946777344,801400,LMT
2019-11-26,390.6000061035156,395.95001220703125,389.9800109863281,392.5,327.63677978515625,1206600,LMT
2019-11-27,393.6300048828125,394.4800109863281,391.6199951171875,394.239990234375,329.0892639160156,770300,LMT
2019-11-29,392.0,392.20001220703125,390.0400085449219,391.0299987792969,328.408935546875,401500,LMT
2019-12-02,390.7099914550781,391.5299987792969,383.44000244140625,383.6199951171875,322.18572998046875,1283400,LMT
2019-12-03,381.42999267578125,384.6400146484375,380.1400146484375,381.6199951171875,320.5059509277344,1384300,LMT
2019-12-04,383.5299987792969,387.95001220703125,382.2799987792969,384.5799865722656,322.9919738769531,1081100,LMT
2019-12-05,386.05999755859375,386.5,383.010009765625,385.94000244140625,324.1341247558594,1203700,LMT
2019-12-06,387.1700134277344,388.8999938964844,385.1000061035156,386.8599853515625,324.9068298339844,709600,LMT
2019-12-09,386.2200012207031,387.4200134277344,383.2300109863281,383.3399963378906,321.9505310058594,821600,LMT
2019-12-10,383.5,386.7699890136719,383.25,384.44000244140625,322.87445068359375,862100,LMT
2019-12-11,385.510009765625,386.6099853515625,384.0299987792969,386.239990234375,324.3860778808594,578900,LMT
2019-12-12,386.0,387.7900085449219,383.45001220703125,384.04998779296875,322.546875,736100,LMT
2019-12-13,384.0,387.7799987792969,384.0,386.4700012207031,324.5791931152344,658000,LMT
2019-12-16,387.8999938964844,388.3500061035156,384.04998779296875,385.95001220703125,324.142578125,847500,LMT
2019-12-17,385.0,388.0,385.0,386.8900146484375,324.9320068359375,730000,LMT
2019-12-18,387.3999938964844,387.6400146484375,379.6600036621094,380.57000732421875,319.6241455078125,1526000,LMT
2019-12-19,380.989990234375,384.67999267578125,380.2300109863281,383.1499938964844,321.7909851074219,766300,LMT
2019-12-20,385.0299987792969,386.6400146484375,383.0,386.4700012207031,324.5791931152344,1599600,LMT
2019-12-23,387.6600036621094,394.69000244140625,387.5899963378906,391.8999938964844,329.1396789550781,1050400,LMT
2019-12-24,392.3500061035156,392.3500061035156,389.5299987792969,390.1700134277344,327.6867980957031,516300,LMT
2019-12-26,390.8999938964844,392.45001220703125,390.4800109863281,392.29998779296875,329.4755859375,711600,LMT
2019-12-27,393.989990234375,394.5,391.94000244140625,393.6000061035156,330.5675354003906,728800,LMT
2019-12-30,393.6499938964844,393.760009765625,390.8699951171875,391.8999938964844,329.1396789550781,776900,LMT
2019-12-31,391.75,391.9800109863281,387.07000732421875,389.3800048828125,327.023193359375,775400,LMT
2020-01-02,392.8599853515625,399.3699951171875,390.95001220703125,399.3699951171875,335.41339111328125,1258400,LMT
2020-01-03,404.0199890136719,417.1700134277344,403.0,413.739990234375,347.482177734375,2990100,LMT
2020-01-06,417.989990234375,417.989990234375,407.69000244140625,413.1099853515625,346.9529724121094,2477800,LMT
2020-01-07,411.25,416.1199951171875,408.2900085449219,414.5,348.120361328125,1059900,LMT
2020-01-08,417.05999755859375,418.17999267578125,409.7200012207031,411.0299987792969,345.2061462402344,1708100,LMT
2020-01-09,410.489990234375,416.0,410.0,414.92999267578125,348.4814758300781,1064300,LMT
2020-01-10,415.0,415.6000061035156,412.4800109863281,413.8299865722656,347.55780029296875,987800,LMT
2020-01-13,414.94000244140625,420.9599914550781,414.6600036621094,419.0199890136719,351.91656494140625,986800,LMT
2020-01-14,417.5899963378906,418.2699890136719,415.07000732421875,416.1400146484375,349.49786376953125,967200,LMT
2020-01-15,416.4200134277344,421.4800109863281,416.1400146484375,420.95001220703125,353.5374755859375,833000,LMT
2020-01-16,423.1300048828125,425.739990234375,420.6700134277344,425.70001220703125,357.52691650390625,1085200,LMT
2020-01-17,426.6099853515625,427.5400085449219,424.5,425.6600036621094,357.4931945800781,1195600,LMT
2020-01-21,424.4200134277344,427.7799987792969,423.010009765625,426.1499938964844,357.9046936035156,1071400,LMT
2020-01-22,427.5,428.5,424.3599853515625,424.4200134277344,356.4518127441406,918700,LMT
2020-01-23,424.05999755859375,429.55999755859375,424.0,428.7799987792969,360.1135559082031,978400,LMT
2020-01-24,429.8999938964844,433.5199890136719,429.69000244140625,432.5,363.2378234863281,1086700,LMT
2020-01-27,425.8599853515625,434.45001220703125,425.8599853515625,432.3800048828125,363.1371154785156,1737900,LMT
2020-01-28,434.7699890136719,438.989990234375,426.2699890136719,437.1700134277344,367.1600341796875,2063200,LMT
2020-01-29,437.7200012207031,437.989990234375,431.0199890136719,433.8399963378906,364.36328125,1268500,LMT
2020-01-30,430.3399963378906,437.0,430.3399963378906,435.8999938964844,366.0934143066406,1210200,LMT
2020-01-31,434.92999267578125,435.57000732421875,426.1000061035156,428.1199951171875,359.559326171875,1650100,LMT
2020-02-03,429.5199890136719,430.0,422.0400085449219,423.8599853515625,355.98150634765625,1795800,LMT
2020-02-04,425.4599914550781,431.989990234375,425.4599914550781,430.7799987792969,361.7933654785156,1216300,LMT
2020-02-05,433.32000732421875,435.9200134277344,429.0199890136719,435.19000244140625,365.4970397949219,1251800,LMT
2020-02-06,435.55999755859375,439.8599853515625,434.9100036621094,438.9700012207031,368.6717224121094,833500,LMT
2020-02-07,438.1400146484375,441.2099914550781,437.2900085449219,439.1700134277344,368.83966064453125,883800,LMT
2020-02-10,439.0,441.5199890136719,437.82000732421875,439.760009765625,369.3351745605469,870400,LMT
2020-02-11,441.3599853515625,442.5299987792969,437.4700012207031,439.8500061035156,369.410888671875,744600,LMT
2020-02-12,439.010009765625,439.69000244140625,434.6000061035156,436.6000061035156,366.6813049316406,1419200,LMT
2020-02-13,435.79998779296875,439.2900085449219,434.29998779296875,434.70001220703125,365.08544921875,800200,LMT
2020-02-14,434.9800109863281,438.4700012207031,434.30999755859375,437.8500061035156,367.7310791015625,948600,LMT
2020-02-18,437.0,438.95001220703125,434.010009765625,435.54998779296875,365.7994384765625,776100,LMT
2020-02-19,437.0,438.2699890136719,434.3999938964844,434.4800109863281,364.90081787109375,787200,LMT
2020-02-20,433.6300048828125,434.989990234375,424.1600036621094,425.9700012207031,357.75360107421875,1190600,LMT
2020-02-21,425.1199951171875,428.7200012207031,422.6600036621094,427.79998779296875,359.29058837890625,1055500,LMT
2020-02-24,419.6499938964844,424.20001220703125,418.1000061035156,419.3500061035156,352.1938171386719,1117800,LMT
2020-02-25,420.1000061035156,421.7300109863281,397.5299987792969,400.3599853515625,336.2448425292969,1600100,LMT
2020-02-26,400.30999755859375,410.5199890136719,399.3399963378906,400.8999938964844,336.6983947753906,1678000,LMT
2020-02-27,393.5199890136719,399.010009765625,384.3299865722656,384.6000061035156,323.00872802734375,1894100,LMT
2020-02-28,369.8599853515625,373.82000732421875,360.3399963378906,369.8699951171875,312.5882568359375,3363800,LMT
2020-03-02,371.3500061035156,383.1000061035156,360.57000732421875,381.3500061035156,322.2903747558594,2859900,LMT
2020-03-03,384.8399963378906,396.8999938964844,376.5899963378906,377.3999938964844,318.9521179199219,2531400,LMT
2020-03-04,385.4200134277344,402.9599914550781,383.19000244140625,402.0299987792969,339.7677307128906,2025800,LMT
2020-03-05,393.9200134277344,397.8500061035156,382.2200012207031,384.70001220703125,325.12152099609375,1967200,LMT
2020-03-06,372.0899963378906,384.95001220703125,368.4599914550781,382.4700012207031,323.2369079589844,2161000,LMT
2020-03-09,359.9800109863281,369.4700012207031,351.2699890136719,352.0299987792969,297.51116943359375,3086700,LMT
2020-03-10,363.010009765625,367.6700134277344,350.6000061035156,367.1700134277344,310.30633544921875,2505600,LMT
2020-03-11,356.57000732421875,365.8900146484375,349.7900085449219,356.92999267578125,301.65228271484375,1950800,LMT
2020-03-12,322.0,339.4200134277344,310.0799865722656,311.3800048828125,263.1566467285156,3892600,LMT
2020-03-13,327.3299865722656,329.1600036621094,303.1000061035156,328.5899963378906,277.7013244628906,3877800,LMT
2020-03-16,295.010009765625,311.55999755859375,285.0,287.94000244140625,243.34677124023438,2351500,LMT
2020-03-17,293.0,319.4700012207031,287.1499938964844,318.8299865722656,269.4528503417969,2626200,LMT
2020-03-18,296.9200134277344,339.2300109863281,296.0400085449219,333.4100036621094,281.7749328613281,3589400,LMT
2020-03-19,333.4100036621094,334.1000061035156,311.2099914550781,314.20001220703125,265.5399169921875,2836700,LMT
2020-03-20,314.20001220703125,315.8399963378906,288.2099914550781,291.2200012207031,246.11875915527344,3040100,LMT
2020-03-23,285.0,287.05999755859375,266.1099853515625,276.79998779296875,233.9320068359375,3172100,LMT
2020-03-24,287.9700012207031,294.989990234375,280.239990234375,288.9100036621094,244.1665802001953,3088400,LMT
2020-03-25,300.6199951171875,329.82000732421875,293.6099853515625,319.6700134277344,270.1627197265625,2950100,LMT
2020-03-26,326.0,352.1000061035156,324.010009765625,350.3299865722656,296.07440185546875,2680900,LMT
2020-03-27,339.989990234375,365.0899963378906,335.010009765625,348.3800048828125,294.42645263671875,3562800,LMT
2020-03-30,351.489990234375,356.4800109863281,342.2799987792969,348.8500061035156,294.8236999511719,1756300,LMT
2020-03-31,344.80999755859375,346.9200134277344,336.239990234375,338.95001220703125,286.45684814453125,2169300,LMT
2020-04-01,324.8299865722656,340.989990234375,322.010009765625,338.5199890136719,286.0934753417969,2082300,LMT
2020-04-02,335.25,354.0,334.54998779296875,353.9599914550781,299.1422119140625,1896200,LMT
2020-04-03,352.0,355.8399963378906,349.6099853515625,350.5,296.2180480957031,2113200,LMT
2020-04-06,361.9100036621094,369.95001220703125,361.9100036621094,367.95001220703125,310.9656677246094,2525400,LMT
2020-04-07,380.5,381.8999938964844,354.04998779296875,355.2799987792969,300.25787353515625,2101500,LMT
2020-04-08,361.3699951171875,372.6499938964844,358.5899963378906,361.4100036621094,305.4384460449219,1447700,LMT
2020-04-09,369.739990234375,376.3299865722656,363.5199890136719,371.0,313.5432434082031,1629400,LMT
2020-04-13,370.95001220703125,373.989990234375,365.7099914550781,369.94000244140625,312.6474609375,1237200,LMT
2020-04-14,378.2900085449219,386.5799865722656,374.54998779296875,380.0299987792969,321.1747741699219,1653400,LMT
2020-04-15,376.75,376.75,367.3599853515625,374.3800048828125,316.3998107910156,1251500,LMT
2020-04-16,373.6099853515625,381.29998779296875,372.5,377.8800048828125,319.3578186035156,1568400,LMT
2020-04-17,387.4200134277344,402.45001220703125,384.8299865722656,401.510009765625,339.3282470703125,1768400,LMT
2020-04-20,394.0799865722656,399.9700012207031,383.2099914550781,383.2099914550781,323.8623046875,1487200,LMT
2020-04-21,383.010009765625,392.5400085449219,371.010009765625,373.44000244140625,315.6053771972656,2042000,LMT
2020-04-22,383.489990234375,383.94000244140625,375.3299865722656,380.3999938964844,321.4875183105469,1188400,LMT
2020-04-23,382.75,384.8699951171875,376.19000244140625,376.7300109863281,318.38592529296875,1164400,LMT
2020-04-24,378.7200012207031,384.05999755859375,372.9800109863281,381.7699890136719,322.6453552246094,1029200,LMT
2020-04-27,383.9100036621094,384.0400085449219,378.0,378.57000732421875,319.94091796875,1457400,LMT
2020-04-28,381.8599853515625,387.8299865722656,380.4200134277344,384.7300109863281,325.1470031738281,1313900,LMT
2020-04-29,388.1600036621094,393.510009765625,379.5,387.9100036621094,327.83441162109375,1500400,LMT
2020-04-30,383.1000061035156,391.44000244140625,380.44000244140625,389.05999755859375,328.8063659667969,1343300,LMT
2020-05-01,385.6400146484375,387.4100036621094,381.0899963378906,383.4700012207031,324.0820617675781,911600,LMT
2020-05-04,382.0199890136719,382.9700012207031,374.1300048828125,380.1600036621094,321.28466796875,1077900,LMT
2020-05-05,382.4100036621094,392.7799987792969,381.5899963378906,390.29998779296875,329.854248046875,1270900,LMT
2020-05-06,390.8900146484375,390.8900146484375,378.4100036621094,378.5799865722656,319.9493408203125,1089800,LMT
2020-05-07,383.010009765625,384.1300048828125,376.0,376.5400085449219,318.2253112792969,1462000,LMT
2020-05-08,378.0299987792969,381.1300048828125,376.25,378.3999938964844,319.7972106933594,1130400,LMT
2020-05-11,375.0,379.5,374.1400146484375,376.55999755859375,318.2421875,1287800,LMT
2020-05-12,378.0,382.44000244140625,371.0299987792969,371.1099853515625,313.6361999511719,1447700,LMT
2020-05-13,371.2799987792969,372.4599914550781,362.010009765625,364.17999267578125,307.77947998046875,1287400,LMT
2020-05-14,360.989990234375,361.5400085449219,352.260009765625,356.2799987792969,301.10302734375,1776400,LMT
2020-05-15,352.5299987792969,361.510009765625,352.32000732421875,360.3999938964844,304.5848693847656,1854500,LMT
2020-05-18,371.2099914550781,380.489990234375,366.0199890136719,377.5400085449219,319.0704040527344,1879700,LMT
2020-05-19,378.07000732421875,382.4599914550781,371.239990234375,371.4800109863281,313.948974609375,1087100,LMT
2020-05-20,372.44000244140625,374.0,362.1099853515625,362.510009765625,306.3681945800781,1880500,LMT
2020-05-21,362.69000244140625,370.0299987792969,362.6000061035156,368.82000732421875,311.7008972167969,1179100,LMT
2020-05-22,369.8599853515625,370.1600036621094,365.6199951171875,369.0,311.8529968261719,752600,LMT
2020-05-26,376.95001220703125,376.95001220703125,370.57000732421875,372.20001220703125,314.55743408203125,1596100,LMT
2020-05-27,376.7799987792969,397.1199951171875,376.5799865722656,397.1199951171875,335.6180114746094,1986900,LMT
2020-05-28,401.4599914550781,404.260009765625,398.1600036621094,398.44000244140625,336.733642578125,1487900,LMT
2020-05-29,396.0400085449219,396.239990234375,384.7699890136719,388.44000244140625,330.2716979980469,1733800,LMT
2020-06-01,388.94000244140625,394.0,387.30999755859375,388.9599914550781,330.7138671875,1090300,LMT
2020-06-02,388.6400146484375,393.2300109863281,386.989990234375,389.7699890136719,331.40252685546875,1404700,LMT
2020-06-03,393.6499938964844,403.6000061035156,392.5899963378906,402.6300048828125,342.3367919921875,1382200,LMT
2020-06-04,401.7799987792969,404.8699951171875,399.0,403.6700134277344,343.2209777832031,1261700,LMT
2020-06-05,410.0,416.0,406.45001220703125,410.75,349.2408752441406,1702500,LMT
2020-06-08,415.0,417.6199951171875,411.75,414.29998779296875,352.2593078613281,1294600,LMT
2020-06-09,410.5299987792969,411.94000244140625,407.0,408.55999755859375,347.37884521484375,1188400,LMT
2020-06-10,406.5,409.1000061035156,403.45001220703125,403.7699890136719,343.30609130859375,1188200,LMT
2020-06-11,392.69000244140625,397.30999755859375,383.57000732421875,383.8800048828125,326.3945617675781,1698800,LMT
2020-06-12,393.3299865722656,394.42999267578125,376.4700012207031,381.8699951171875,324.6856384277344,1788100,LMT
2020-06-15,373.2799987792969,377.1499938964844,367.54998779296875,373.2799987792969,317.38189697265625,2271300,LMT
2020-06-16,386.55999755859375,391.7900085449219,379.5799865722656,382.7699890136719,325.45074462890625,2038600,LMT
2020-06-17,382.5,386.239990234375,376.9200134277344,382.1099853515625,324.88958740234375,1519000,LMT
2020-06-18,379.67999267578125,381.32000732421875,376.07000732421875,378.3900146484375,321.7265930175781,1562000,LMT
2020-06-19,383.3399963378906,383.5899963378906,372.0,372.20001220703125,316.46368408203125,4322200,LMT
2020-06-22,372.260009765625,376.8399963378906,370.44000244140625,375.9599914550781,319.66070556640625,1370600,LMT
2020-06-23,378.25,378.7799987792969,371.0400085449219,371.70001220703125,316.03857421875,1469300,LMT
2020-06-24,370.8999938964844,371.2300109863281,358.32000732421875,359.82000732421875,305.9375305175781,2302800,LMT
2020-06-25,357.8599853515625,363.30999755859375,353.3299865722656,362.82000732421875,308.4883117675781,1391600,LMT
2020-06-26,359.55999755859375,367.4200134277344,355.010009765625,356.760009765625,303.3357238769531,2008600,LMT
2020-06-29,360.3900146484375,367.5,359.489990234375,367.5,312.46746826171875,1073000,LMT
2020-06-30,365.3500061035156,367.25,362.4100036621094,364.9200134277344,310.2738342285156,1482100,LMT
2020-07-01,366.3399963378906,368.2900085449219,360.30999755859375,360.4200134277344,306.44769287109375,1430100,LMT
2020-07-02,363.5299987792969,366.07000732421875,360.69000244140625,362.0,307.7911071777344,1396000,LMT
2020-07-06,366.4800109863281,367.1199951171875,360.8399963378906,362.5899963378906,308.292724609375,1202300,LMT
2020-07-07,362.5899963378906,362.9200134277344,352.7799987792969,353.2699890136719,300.3683776855469,1395900,LMT
2020-07-08,353.5,357.29998779296875,348.6300048828125,350.2300109863281,297.7836608886719,1965100,LMT
2020-07-09,348.0,349.489990234375,339.17999267578125,339.9599914550781,289.051513671875,1823800,LMT
2020-07-10,342.3299865722656,349.3299865722656,341.6600036621094,349.25,296.9504089355469,1514200,LMT
2020-07-13,353.6000061035156,357.0199890136719,348.6000061035156,353.05999755859375,300.1897888183594,2031300,LMT
2020-07-14,349.1300048828125,355.9200134277344,349.0,355.6600036621094,302.4005432128906,1651900,LMT
2020-07-15,361.6400146484375,365.5799865722656,360.55999755859375,364.55999755859375,309.9676818847656,1617300,LMT
2020-07-16,362.29998779296875,365.94000244140625,359.0199890136719,365.8800048828125,311.090087890625,955400,LMT
2020-07-17,366.29998779296875,369.0,362.8500061035156,368.5,313.3176574707031,1135500,LMT
2020-07-20,369.0,369.0,362.42999267578125,365.5299987792969,310.7925109863281,1444500,LMT
2020-07-21,377.9800109863281,378.8999938964844,370.5799865722656,375.1199951171875,318.9464111328125,1997300,LMT
2020-07-22,376.7099914550781,394.6700134277344,375.6199951171875,394.0799865722656,335.067138671875,2280700,LMT
2020-07-23,393.7699890136719,394.1499938964844,385.7099914550781,387.6199951171875,329.57452392578125,1442800,LMT
2020-07-24,388.0,393.489990234375,383.6099853515625,386.2099914550781,328.3756103515625,1305700,LMT
2020-07-27,384.7300109863281,385.989990234375,380.1099853515625,382.0899963378906,324.87261962890625,1047000,LMT
2020-07-28,382.0,390.2099914550781,382.0,386.6600036621094,328.7583312988281,1132100,LMT
2020-07-29,389.55999755859375,390.4700012207031,384.6300048828125,387.29998779296875,329.30242919921875,1209600,LMT
2020-07-30,382.7099914550781,385.8399963378906,380.8599853515625,381.7200012207031,324.5580749511719,983300,LMT
2020-07-31,380.54998779296875,381.3699951171875,373.67999267578125,378.9700012207031,322.2198181152344,1101800,LMT
2020-08-03,376.8399963378906,378.4100036621094,371.44000244140625,377.1000061035156,320.6298522949219,923100,LMT
2020-08-04,379.0799865722656,380.8399963378906,376.2900085449219,377.989990234375,321.3865661621094,900600,LMT
2020-08-05,380.0,384.8699951171875,378.2699890136719,383.5,326.0715026855469,1018500,LMT
2020-08-06,381.7799987792969,383.19000244140625,378.0899963378906,379.739990234375,322.87457275390625,698500,LMT
2020-08-07,380.010009765625,386.6600036621094,378.760009765625,385.6199951171875,327.87396240234375,924900,LMT
2020-08-10,386.0199890136719,391.1099853515625,385.9599914550781,389.260009765625,330.9690246582031,856000,LMT
2020-08-11,391.510009765625,399.489990234375,391.3299865722656,391.9599914550781,333.2646484375,1312800,LMT
2020-08-12,394.0199890136719,396.5199890136719,391.2900085449219,392.44000244140625,333.6727600097656,878500,LMT
2020-08-13,390.3500061035156,394.04998779296875,387.0,389.239990234375,330.9519348144531,1053600,LMT
2020-08-14,388.6400146484375,394.20001220703125,388.0199890136719,391.4200134277344,332.8055419921875,648600,LMT
2020-08-17,393.9800109863281,395.19000244140625,387.7300109863281,388.9599914550781,330.7138671875,864100,LMT
2020-08-18,389.1700134277344,391.9100036621094,388.3399963378906,390.260009765625,331.8192138671875,806100,LMT
2020-08-19,390.0799865722656,391.9700012207031,388.8399963378906,390.04998779296875,331.6405944824219,717400,LMT
2020-08-20,388.2799987792969,389.20001220703125,383.5799865722656,387.8800048828125,329.79559326171875,1203700,LMT
2020-08-21,387.7099914550781,390.7900085449219,386.8599853515625,389.57000732421875,331.2325439453125,996000,LMT
2020-08-24,390.8299865722656,395.57000732421875,389.8999938964844,395.0400085449219,335.8834228515625,1006400,LMT
2020-08-25,395.7200012207031,402.3800048828125,392.3999938964844,394.8399963378906,335.7133483886719,987400,LMT
2020-08-26,393.0,397.6600036621094,390.55999755859375,395.44000244140625,336.22344970703125,908600,LMT
2020-08-27,396.8399963378906,400.0899963378906,394.8800048828125,395.0199890136719,335.866455078125,700300,LMT
2020-08-28,395.510009765625,396.0,391.7300109863281,395.5899963378906,336.3509826660156,728300,LMT
2020-08-31,392.1700134277344,395.0,388.4700012207031,390.260009765625,333.8445739746094,1030400,LMT
2020-09-01,387.82000732421875,389.19000244140625,385.0,386.80999755859375,330.8933410644531,908400,LMT
2020-09-02,385.1499938964844,398.8999938964844,384.1099853515625,398.07000732421875,340.5256652832031,1214500,LMT
2020-09-03,399.5,401.8800048828125,383.3800048828125,386.2900085449219,330.448486328125,1500800,LMT
2020-09-04,388.510009765625,391.54998779296875,379.5799865722656,385.0199890136719,329.3619689941406,933600,LMT
2020-09-08,383.989990234375,385.2900085449219,378.3599853515625,380.2300109863281,325.2644958496094,1071600,LMT
2020-09-09,382.69000244140625,389.4200134277344,381.010009765625,385.239990234375,329.5502624511719,1218300,LMT
2020-09-10,386.0199890136719,388.5299987792969,378.3299865722656,379.1099853515625,324.3063659667969,716000,LMT
2020-09-11,381.4700012207031,390.5,380.75,389.45001220703125,333.1517333984375,933800,LMT
2020-09-14,393.3699951171875,396.6700134277344,391.6199951171875,393.75,336.830078125,991000,LMT
2020-09-15,395.6499938964844,396.0,386.8900146484375,392.54998779296875,335.80352783203125,955700,LMT
2020-09-16,391.1099853515625,399.6000061035156,390.92999267578125,395.5799865722656,338.39556884765625,1052200,LMT
2020-09-17,392.0,398.54998779296875,389.5400085449219,395.94000244140625,338.7035217285156,959500,LMT
2020-09-18,394.1499938964844,399.0,394.1499938964844,395.1400146484375,338.01910400390625,2636400,LMT
2020-09-21,388.5,389.8699951171875,377.2300109863281,379.6099853515625,324.7341003417969,1447400,LMT
2020-09-22,381.8800048828125,392.4800109863281,381.3399963378906,388.4200134277344,332.2705993652344,1286300,LMT
2020-09-23,389.2300109863281,394.42999267578125,381.989990234375,383.239990234375,327.83941650390625,1223300,LMT
2020-09-24,383.25,384.489990234375,375.1000061035156,378.760009765625,324.00701904296875,1295100,LMT
2020-09-25,377.45001220703125,388.3999938964844,376.45001220703125,386.70001220703125,330.7992248535156,1375400,LMT
2020-09-28,390.0,396.6099853515625,389.6499938964844,390.510009765625,334.0584716796875,980000,LMT
2020-09-29,389.6099853515625,393.1499938964844,387.510009765625,388.739990234375,332.54437255859375,1113100,LMT
2020-09-30,389.4700012207031,389.760009765625,380.510009765625,383.2799987792969,327.87359619140625,1410300,LMT
2020-10-01,384.0,390.0,379.0,380.8900146484375,325.8291015625,1103900,LMT
2020-10-02,376.0,383.4800109863281,374.2799987792969,380.5799865722656,325.5638732910156,1217200,LMT
2020-10-05,383.239990234375,385.8900146484375,378.8599853515625,383.9599914550781,328.455322265625,825000,LMT
2020-10-06,386.0299987792969,386.1099853515625,376.0199890136719,376.4599914550781,322.0394592285156,954900,LMT
2020-10-07,378.6000061035156,383.8399963378906,378.55999755859375,382.94000244140625,327.58270263671875,826500,LMT
2020-10-08,383.8999938964844,389.19000244140625,382.2799987792969,388.5899963378906,332.4159851074219,694900,LMT
2020-10-09,388.4100036621094,390.1000061035156,385.2900085449219,385.92999267578125,330.1405029296875,675000,LMT
2020-10-12,386.0,390.510009765625,383.260009765625,388.9200134277344,332.69830322265625,807400,LMT
2020-10-13,386.1400146484375,390.55999755859375,385.1199951171875,388.95001220703125,332.7239990234375,973300,LMT
2020-10-14,387.1400146484375,395.4599914550781,387.1400146484375,390.7200012207031,334.23809814453125,1090300,LMT
2020-10-15,387.3299865722656,388.8699951171875,383.2200012207031,386.1199951171875,330.3030700683594,792000,LMT
2020-10-16,388.489990234375,389.7799987792969,386.0899963378906,386.5,330.62811279296875,952100,LMT
2020-10-19,387.239990234375,389.6000061035156,381.6700134277344,383.7099914550781,328.24151611328125,1181000,LMT
2020-10-20,382.5899963378906,385.7900085449219,371.79998779296875,372.2099914550781,318.4037780761719,1779200,LMT
2020-10-21,372.2099914550781,375.0,365.0,367.1400146484375,314.0668029785156,1931200,LMT
2020-10-22,367.5,371.1099853515625,365.1499938964844,368.9599914550781,315.6237487792969,1255100,LMT
2020-10-23,371.3399963378906,376.19000244140625,369.010009765625,374.3299865722656,320.2174072265625,1178800,LMT
2020-10-26,369.42999267578125,369.8699951171875,362.5,368.54998779296875,315.27288818359375,1387200,LMT
2020-10-27,367.0,367.9800109863281,360.80999755859375,362.42999267578125,310.0376892089844,977400,LMT
2020-10-28,356.8699951171875,360.0,350.45001220703125,350.8599853515625,300.1401672363281,1679900,LMT
2020-10-29,350.0,356.2300109863281,348.2900085449219,352.44000244140625,301.4917907714844,1548000,LMT
2020-10-30,350.6400146484375,353.7300109863281,345.6499938964844,350.1300048828125,299.5157775878906,1309800,LMT
2020-11-02,356.1199951171875,359.9100036621094,350.7200012207031,352.4200134277344,301.4747314453125,1707700,LMT
2020-11-03,357.1300048828125,366.20001220703125,356.2099914550781,363.44000244140625,310.9016418457031,1484600,LMT
2020-11-04,371.07000732421875,381.4599914550781,369.510009765625,372.1600036621094,318.36114501953125,2146400,LMT
2020-11-05,374.54998779296875,376.5,363.7699890136719,364.70001220703125,311.9795837402344,1709300,LMT
2020-11-06,363.29998779296875,363.7300109863281,357.95001220703125,361.2699890136719,309.0452880859375,1401600,LMT
2020-11-09,379.6000061035156,381.5199890136719,363.7300109863281,363.95001220703125,311.337890625,1956900,LMT
2020-11-10,365.0,373.44000244140625,363.94000244140625,371.2799987792969,317.6083679199219,1708000,LMT
2020-11-11,372.8699951171875,373.3299865722656,365.67999267578125,369.2799987792969,315.8973388671875,1115200,LMT
2020-11-12,367.5,370.57000732421875,365.510009765625,367.8900146484375,314.7084655761719,856100,LMT
2020-11-13,370.57000732421875,376.0,369.2300109863281,375.1400146484375,320.91033935546875,921000,LMT
2020-11-16,378.04998779296875,380.69000244140625,376.0799865722656,377.1300048828125,322.6125793457031,1306700,LMT
2020-11-17,375.6600036621094,380.4800109863281,375.25,375.8999938964844,321.5604553222656,1321100,LMT
2020-11-18,377.489990234375,383.4700012207031,376.239990234375,377.55999755859375,322.9804992675781,1066800,LMT
2020-11-19,375.0,377.75,372.1700134277344,376.4599914550781,322.0394592285156,1075400,LMT
2020-11-20,375.9700012207031,377.239990234375,367.6199951171875,368.0199890136719,314.81951904296875,1117500,LMT
2020-11-23,371.5400085449219,374.5299987792969,369.8599853515625,370.8500061035156,317.2404479980469,929200,LMT
2020-11-24,375.2799987792969,378.4800109863281,373.05999755859375,378.4800109863281,323.7674865722656,959000,LMT
2020-11-25,377.0899963378906,381.95001220703125,376.2300109863281,378.3399963378906,323.647705078125,854800,LMT
2020-11-27,378.80999755859375,378.80999755859375,373.45001220703125,374.3399963378906,320.2259826660156,612300,LMT
2020-11-30,370.7900085449219,372.44000244140625,363.3900146484375,365.0,314.419921875,1608400,LMT
2020-12-01,368.4700012207031,373.2900085449219,364.8699951171875,364.989990234375,314.411376953125,1299700,LMT
2020-12-02,364.989990234375,365.989990234375,360.010009765625,361.3599853515625,311.2843017578125,2520000,LMT
2020-12-03,362.1199951171875,369.5,360.9599914550781,362.0299987792969,311.86151123046875,1758400,LMT
2020-12-04,363.1199951171875,367.7300109863281,362.1099853515625,366.6099853515625,315.8068542480469,1222600,LMT
2020-12-07,366.8999938964844,366.8999938964844,360.5400085449219,362.1300048828125,311.94769287109375,1390500,LMT
2020-12-08,360.9800109863281,363.1700134277344,358.8399963378906,359.2300109863281,309.44952392578125,1783600,LMT
2020-12-09,359.8500061035156,362.5899963378906,356.95001220703125,361.3500061035156,311.2757873535156,1522200,LMT
2020-12-10,359.5199890136719,364.2200012207031,355.20001220703125,355.3900146484375,306.14166259765625,1378700,LMT
2020-12-11,354.54998779296875,363.1199951171875,354.19000244140625,361.7099914550781,311.5859069824219,1409800,LMT
2020-12-14,363.5,365.6199951171875,357.44000244140625,357.6600036621094,308.0970764160156,1370500,LMT
2020-12-15,358.7300109863281,359.8900146484375,355.45001220703125,357.57000732421875,308.01947021484375,1521000,LMT
2020-12-16,357.25,357.8999938964844,353.6499938964844,354.57000732421875,305.4352722167969,1986200,LMT
2020-12-17,355.92999267578125,357.6600036621094,351.8800048828125,352.6000061035156,303.73834228515625,1658100,LMT
2020-12-18,352.0400085449219,356.7900085449219,350.010009765625,356.0299987792969,306.6930236816406,4342000,LMT
2020-12-21,353.1600036621094,353.94000244140625,346.6000061035156,349.3500061035156,300.9386901855469,2128700,LMT
2020-12-22,349.3500061035156,350.6199951171875,347.3900146484375,347.9200134277344,299.7068176269531,1820800,LMT
2020-12-23,349.95001220703125,355.0,349.3999938964844,351.6000061035156,302.8768615722656,1307500,LMT
2020-12-24,352.8299865722656,354.05999755859375,350.3999938964844,351.9700012207031,303.19561767578125,508800,LMT
2020-12-28,353.1099853515625,357.82000732421875,351.7099914550781,354.17999267578125,305.099365234375,1023400,LMT
2020-12-29,356.0,357.3500061035156,351.79998779296875,353.8999938964844,304.8581848144531,1055900,LMT
2020-12-30,353.0,356.6099853515625,353.0,354.1600036621094,305.0820617675781,840800,LMT
2020-12-31,353.82000732421875,356.0299987792969,352.2300109863281,354.9800109863281,305.7884826660156,1318500,LMT
2021-01-04,354.9800109863281,354.9800109863281,341.07000732421875,344.6400146484375,296.8813781738281,1887200,LMT
2021-01-05,344.6400146484375,351.19000244140625,343.29998779296875,348.7900085449219,300.45623779296875,1479100,LMT
2021-01-06,343.0,351.9200134277344,342.7799987792969,348.0299987792969,299.80157470703125,1897500,LMT
2021-01-07,344.3599853515625,347.8500061035156,341.3399963378906,342.54998779296875,295.0809631347656,2048900,LMT
2021-01-08,341.8800048828125,343.4700012207031,335.010009765625,336.1000061035156,289.5248107910156,3226300,LMT
2021-01-11,335.0,339.0,333.32000732421875,337.67999267578125,290.88580322265625,3196400,LMT
2021-01-12,336.5199890136719,343.3699951171875,335.6300048828125,341.8500061035156,294.47802734375,3002200,LMT
2021-01-13,341.4100036621094,347.20001220703125,339.1700134277344,345.489990234375,297.6134948730469,1648100,LMT
2021-01-14,348.0,354.7900085449219,346.8500061035156,347.44000244140625,299.2933044433594,1965600,LMT
2021-01-15,347.0899963378906,350.5,344.2799987792969,347.2699890136719,299.1468505859375,1853100,LMT
2021-01-19,350.739990234375,350.9700012207031,341.4800109863281,341.5,294.1764831542969,2017200,LMT
2021-01-20,342.5400085449219,343.7799987792969,339.2200012207031,341.6700134277344,294.32293701171875,1780000,LMT
2021-01-21,341.6700134277344,343.6099853515625,338.9599914550781,339.6700134277344,292.60009765625,1661800,LMT
2021-01-22,338.739990234375,341.8399963378906,337.2099914550781,339.8800048828125,292.781005859375,1557600,LMT
2021-01-25,339.3599853515625,346.8900146484375,337.8999938964844,343.510009765625,295.9079284667969,1976600,LMT
2021-01-26,339.0,343.9800109863281,330.69000244140625,330.69000244140625,284.86444091796875,3542400,LMT
2021-01-27,332.2799987792969,335.7300109863281,329.6700134277344,332.510009765625,286.43231201171875,2666300,LMT
2021-01-28,332.1400146484375,334.67999267578125,327.17999267578125,327.92999267578125,282.4869689941406,1837800,LMT
2021-01-29,327.1000061035156,328.9800109863281,321.7200012207031,321.82000732421875,277.2236022949219,2101100,LMT
2021-02-01,324.8800048828125,325.6499938964844,319.80999755859375,324.0299987792969,279.12744140625,1615500,LMT
2021-02-02,327.42999267578125,335.20001220703125,326.69000244140625,332.70001220703125,286.5959167480469,2065400,LMT
2021-02-03,331.67999267578125,333.3999938964844,328.29998779296875,332.3900146484375,286.32891845703125,2683100,LMT
2021-02-04,333.989990234375,338.4200134277344,332.17999267578125,337.2300109863281,290.4981689453125,2174100,LMT
2021-02-05,339.5899963378906,341.4200134277344,336.5,337.0400085449219,290.33447265625,1454700,LMT
2021-02-08,339.010009765625,339.5,335.20001220703125,337.8399963378906,291.0236511230469,1549900,LMT
2021-02-09,338.5400085449219,344.510009765625,336.57000732421875,342.3399963378906,294.90008544921875,1677500,LMT
2021-02-10,343.2200012207031,343.739990234375,339.1499938964844,342.19000244140625,294.77081298828125,1728900,LMT
2021-02-11,340.7799987792969,344.6099853515625,338.0299987792969,339.1400146484375,292.1435546875,1181600,LMT
2021-02-12,338.3999938964844,340.6400146484375,336.55999755859375,337.7300109863281,290.9288635253906,1207300,LMT
2021-02-16,339.25,340.0,333.82000732421875,335.0299987792969,288.6029968261719,1668400,LMT
2021-02-17,334.70001220703125,339.2699890136719,332.7900085449219,337.0,290.3000793457031,2010900,LMT
2021-02-18,336.8800048828125,339.5799865722656,335.2799987792969,337.9200134277344,291.0925598144531,1296200,LMT
2021-02-19,339.07000732421875,339.0899963378906,335.25,335.4200134277344,288.93902587890625,1849200,LMT
2021-02-22,333.79998779296875,343.55999755859375,333.2099914550781,340.4700012207031,293.2892761230469,1657200,LMT
2021-02-23,345.1300048828125,347.4700012207031,338.3299865722656,346.2300109863281,298.25103759765625,2400000,LMT
2021-02-24,347.2799987792969,350.29998779296875,344.6099853515625,346.5299987792969,298.5094299316406,2068700,LMT
2021-02-25,345.79998779296875,349.1000061035156,340.6700134277344,341.69000244140625,294.3401184082031,1568000,LMT
2021-02-26,338.0,338.760009765625,330.0,330.25,286.66680908203125,2024000,LMT
2021-03-01,334.0,337.7200012207031,332.82000732421875,333.4700012207031,289.4618225097656,1654500,LMT
2021-03-02,333.2699890136719,340.010009765625,332.6700134277344,338.5899963378906,293.9061279296875,2076300,LMT
2021-03-03,339.6099853515625,346.3299865722656,338.5899963378906,340.9100036621094,295.9200439453125,4052300,LMT
2021-03-04,340.4800109863281,344.3500061035156,334.1499938964844,338.25,293.6109619140625,2196700,LMT
2021-03-05,338.4700012207031,341.1700134277344,335.1300048828125,340.42999267578125,295.5033264160156,1451300,LMT
2021-03-08,343.5,346.05999755859375,338.44000244140625,341.45001220703125,296.3887634277344,1599100,LMT
2021-03-09,341.4100036621094,342.8500061035156,337.2699890136719,337.5,292.9599914550781,1448800,LMT
2021-03-10,339.4100036621094,343.19000244140625,335.69000244140625,340.8399963378906,295.8592224121094,1760100,LMT
2021-03-11,341.0,343.6300048828125,338.4599914550781,339.7300109863281,294.89569091796875,1673500,LMT
2021-03-12,339.6400146484375,343.6499938964844,338.6199951171875,340.19000244140625,295.294921875,2151900,LMT
2021-03-15,344.3800048828125,346.6400146484375,342.6000061035156,346.4100036621094,300.6941223144531,2055800,LMT
2021-03-16,346.510009765625,349.0,342.29998779296875,347.1300048828125,301.31915283203125,1687700,LMT
2021-03-17,347.8299865722656,355.54998779296875,347.1300048828125,351.0199890136719,304.6956787109375,2083000,LMT
2021-03-18,353.8699951171875,359.0,352.5400085449219,358.45001220703125,311.1452331542969,2272200,LMT
2021-03-19,359.42999267578125,359.42999267578125,350.1000061035156,355.07000732421875,308.211181640625,5739100,LMT
2021-03-22,352.0,358.3699951171875,352.0,357.6600036621094,310.4594421386719,2190900,LMT
2021-03-23,357.1099853515625,359.25,352.6700134277344,353.6099853515625,306.9439392089844,1474600,LMT
2021-03-24,354.989990234375,362.67999267578125,354.989990234375,356.1199951171875,309.1227111816406,1592300,LMT
2021-03-25,354.7699890136719,361.7900085449219,354.2200012207031,361.2200012207031,313.54962158203125,1598100,LMT
2021-03-26,362.30999755859375,365.25,359.75,364.7099914550781,316.5789794921875,2010500,LMT
2021-03-29,365.0,374.239990234375,365.0,372.7900085449219,323.5927429199219,2245500,LMT
2021-03-30,373.25,374.1300048828125,368.6099853515625,370.5400085449219,321.6397399902344,1518600,LMT
2021-03-31,370.75,372.6099853515625,367.3800048828125,369.5,320.73699951171875,1375500,LMT
2021-04-01,368.989990234375,372.989990234375,368.3399963378906,371.0199890136719,322.0563049316406,1261600,LMT
2021-04-05,372.05999755859375,380.3999938964844,372.05999755859375,378.75,328.7662658691406,1489300,LMT
2021-04-06,376.510009765625,380.1000061035156,376.32000732421875,378.9700012207031,328.95721435546875,1035700,LMT
2021-04-07,378.739990234375,380.3999938964844,376.07000732421875,380.19000244140625,330.01617431640625,976900,LMT
2021-04-08,379.6000061035156,387.4200134277344,378.30999755859375,386.0199890136719,335.0768127441406,1863400,LMT
2021-04-09,386.8800048828125,390.260009765625,383.6600036621094,386.2300109863281,335.2590637207031,1400900,LMT
2021-04-12,387.1300048828125,388.7099914550781,384.2900085449219,387.8500061035156,336.6651916503906,1067400,LMT
2021-04-13,386.55999755859375,388.20001220703125,384.3399963378906,387.1099853515625,336.0229187011719,1124300,LMT
2021-04-14,387.3999938964844,391.239990234375,387.0,388.6700134277344,337.3770751953125,1078800,LMT
2021-04-15,388.6700134277344,392.0,387.70001220703125,390.6300048828125,339.078369140625,1289400,LMT
2021-04-16,392.82000732421875,394.3399963378906,389.79998779296875,391.80999755859375,340.10272216796875,1499500,LMT
2021-04-19,392.0,392.3900146484375,386.6199951171875,391.7300109863281,340.0332946777344,1317600,LMT
2021-04-20,388.0,391.5,384.6199951171875,387.3299865722656,336.2138671875,1370100,LMT
2021-04-21,387.5199890136719,390.8900146484375,384.95001220703125,387.239990234375,336.13580322265625,1358500,LMT
2021-04-22,386.7699890136719,386.7699890136719,378.3999938964844,380.0899963378906,329.9294128417969,1670500,LMT
2021-04-23,378.5899963378906,378.5899963378906,373.32000732421875,377.2900085449219,327.49884033203125,1298000,LMT
2021-04-26,374.2799987792969,375.30999755859375,370.7200012207031,371.9800109863281,322.8896789550781,1518100,LMT
2021-04-27,371.5,374.239990234375,370.1400146484375,373.2200012207031,323.9660339355469,1564900,LMT
2021-04-28,373.4599914550781,373.8800048828125,370.95001220703125,372.94000244140625,323.72296142578125,1110400,LMT
2021-04-29,375.0,381.9800109863281,374.8399963378906,380.3500061035156,330.155029296875,1385600,LMT
2021-04-30,378.8599853515625,382.0,377.6000061035156,380.55999755859375,330.33734130859375,1103700,LMT
2021-05-03,379.7699890136719,386.3900146484375,379.05999755859375,385.30999755859375,334.4604797363281,1347400,LMT
2021-05-04,387.25,390.1499938964844,384.5400085449219,387.4800109863281,336.34405517578125,1509600,LMT
2021-05-05,386.3399963378906,387.4800109863281,381.7099914550781,386.3699951171875,335.38055419921875,1079300,LMT
2021-05-06,387.989990234375,389.29998779296875,386.0,387.3399963378906,336.22259521484375,1079500,LMT
2021-05-07,387.0,392.6000061035156,385.8900146484375,390.3399963378906,338.8265686035156,1203700,LMT
2021-05-10,391.3599853515625,396.989990234375,391.2900085449219,393.1400146484375,341.25714111328125,1578600,LMT
2021-05-11,391.0299987792969,391.67999267578125,384.4100036621094,387.82000732421875,336.63922119140625,1353200,LMT
2021-05-12,387.9700012207031,390.3500061035156,380.20001220703125,380.6199951171875,330.3894348144531,1633700,LMT
2021-05-13,381.7799987792969,390.3800048828125,380.95001220703125,387.7699890136719,336.5958557128906,1105800,LMT
2021-05-14,390.1700134277344,392.1000061035156,388.5899963378906,390.7799987792969,339.2086181640625,799800,LMT
2021-05-17,389.6300048828125,392.0299987792969,388.7200012207031,391.1199951171875,339.50372314453125,979100,LMT
2021-05-18,391.2699890136719,394.1700134277344,387.0799865722656,387.2200012207031,336.1184387207031,1171800,LMT
2021-05-19,385.0,385.7300109863281,381.3500061035156,385.5400085449219,334.66009521484375,995000,LMT
2021-05-20,386.7900085449219,389.5400085449219,386.07000732421875,388.32000732421875,337.0732727050781,1094700,LMT
2021-05-21,389.29998779296875,392.19000244140625,385.55999755859375,387.2200012207031,336.1184387207031,892500,LMT
2021-05-24,389.5,389.75,385.9599914550781,387.7099914550781,336.5438537597656,931400,LMT
2021-05-25,387.8999938964844,389.5,385.17999267578125,385.8500061035156,334.92919921875,978500,LMT
2021-05-26,385.57000732421875,386.07000732421875,382.2099914550781,384.1300048828125,333.43621826171875,999500,LMT
2021-05-27,387.3999938964844,387.95001220703125,384.2799987792969,387.3900146484375,336.2659912109375,3979300,LMT
2021-05-28,384.70001220703125,386.0,381.5199890136719,382.20001220703125,334.0025939941406,935500,LMT
2021-06-01,384.2300109863281,384.42999267578125,381.1300048828125,381.9200134277344,333.7579040527344,962200,LMT
2021-06-02,382.010009765625,385.5,380.6300048828125,385.0899963378906,336.528076171875,1007600,LMT
2021-06-03,383.760009765625,387.5400085449219,383.1000061035156,387.3500061035156,338.5031433105469,1649700,LMT
2021-06-04,388.0,395.5199890136719,387.6099853515625,394.1000061035156,344.40191650390625,1836100,LMT
2021-06-07,395.0400085449219,395.7200012207031,389.6099853515625,391.510009765625,342.1385498046875,1087900,LMT
2021-06-08,391.510009765625,392.6600036621094,387.07000732421875,388.5299987792969,339.5343933105469,1065000,LMT
2021-06-09,389.2699890136719,389.2699890136719,385.1199951171875,386.79998779296875,338.02252197265625,1046100,LMT
2021-06-10,389.1400146484375,389.739990234375,386.0899963378906,387.7200012207031,338.82647705078125,913700,LMT
2021-06-11,388.7799987792969,389.1499938964844,385.1700134277344,387.7200012207031,338.82647705078125,751000,LMT
2021-06-14,387.6099853515625,389.4599914550781,385.8800048828125,389.1099853515625,340.04119873046875,868400,LMT
2021-06-15,390.0,392.04998779296875,389.05999755859375,389.79998779296875,340.6441955566406,943900,LMT
2021-06-16,390.80999755859375,391.0,383.20001220703125,383.6000061035156,335.22607421875,1524200,LMT
2021-06-17,384.2799987792969,385.5199890136719,379.57000732421875,382.8999938964844,334.6142883300781,1246400,LMT
2021-06-18,380.1700134277344,382.1000061035156,379.0,379.19000244140625,331.3721923828125,2416200,LMT
2021-06-21,381.2300109863281,385.44000244140625,380.6099853515625,382.5,334.2648010253906,1186900,LMT
2021-06-22,381.5400085449219,383.8800048828125,379.6499938964844,382.4800109863281,334.24725341796875,636200,LMT
2021-06-23,382.2099914550781,382.510009765625,377.260009765625,377.3299865722656,329.74664306640625,1024000,LMT
2021-06-24,379.5199890136719,379.989990234375,376.8500061035156,377.7300109863281,330.09625244140625,1032700,LMT
2021-06-25,376.8900146484375,383.4200134277344,376.8900146484375,382.010009765625,333.8365478515625,1708100,LMT
2021-06-28,381.6700134277344,382.7300109863281,378.82000732421875,380.07000732421875,332.1412048339844,778200,LMT
2021-06-29,379.8800048828125,380.3999938964844,373.25,373.4200134277344,326.329833984375,1223900,LMT
2021-06-30,374.5,379.44000244140625,373.6199951171875,378.3500061035156,330.6380615234375,1077600,LMT
2021-07-01,377.30999755859375,381.1199951171875,377.2200012207031,380.2200012207031,332.2722473144531,752800,LMT
2021-07-02,381.75,383.19000244140625,378.95001220703125,381.489990234375,333.382080078125,778700,LMT
2021-07-06,380.0,380.3399963378906,373.67999267578125,378.6700134277344,330.9177551269531,1142700,LMT
2021-07-07,378.4100036621094,384.6000061035156,377.4100036621094,383.4800109863281,335.1211242675781,952900,LMT
2021-07-08,379.5299987792969,381.69000244140625,377.92999267578125,379.9200134277344,332.0101013183594,894500,LMT
2021-07-09,382.70001220703125,384.3900146484375,380.7699890136719,383.1099853515625,334.7978210449219,542900,LMT
2021-07-12,381.8999938964844,383.32000732421875,376.2300109863281,379.07000732421875,331.2673034667969,1008200,LMT
2021-07-13,379.0,380.69000244140625,377.5400085449219,377.8399963378906,330.19244384765625,709500,LMT
2021-07-14,377.8399963378906,378.3900146484375,375.2099914550781,376.82000732421875,329.30108642578125,698900,LMT
2021-07-15,375.1199951171875,378.6499938964844,375.0,378.25,330.55078125,713400,LMT
2021-07-16,378.6199951171875,379.7200012207031,375.2799987792969,377.1400146484375,329.5807189941406,890800,LMT
2021-07-19,375.1499938964844,376.82000732421875,367.55999755859375,372.0199890136719,325.10638427734375,1357600,LMT
2021-07-20,373.010009765625,380.6400146484375,373.0,379.9800109863281,332.06256103515625,1268000,LMT
2021-07-21,379.9800109863281,384.70001220703125,379.3999938964844,380.8900146484375,332.8578186035156,922800,LMT
2021-07-22,380.75,381.54998779296875,377.8299865722656,379.92999267578125,332.0188293457031,688400,LMT
2021-07-23,381.9700012207031,382.5,380.19000244140625,380.7699890136719,332.7529602050781,795900,LMT
2021-07-26,373.0,374.3599853515625,366.3999938964844,368.04998779296875,321.636962890625,2720700,LMT
2021-07-27,368.25,375.54998779296875,368.25,374.7300109863281,327.474609375,1460600,LMT
2021-07-28,376.0,376.239990234375,370.5899963378906,372.80999755859375,325.7967529296875,775200,LMT
2021-07-29,374.8500061035156,375.8599853515625,371.3500061035156,372.6000061035156,325.6131591796875,754800,LMT
2021-07-30,372.07000732421875,373.6400146484375,370.1099853515625,371.6700134277344,324.8005065917969,798600,LMT
2021-08-02,372.29998779296875,375.0400085449219,368.0799865722656,368.29998779296875,321.85546875,1176500,LMT
2021-08-03,369.3800048828125,369.9100036621094,366.0,369.45001220703125,322.8605041503906,872900,LMT
2021-08-04,364.489990234375,365.3599853515625,359.6099853515625,361.6400146484375,316.0353088378906,1608100,LMT
2021-08-05,362.44000244140625,363.0199890136719,359.8800048828125,360.7799987792969,315.2837829589844,912600,LMT
2021-08-06,362.29998779296875,363.4599914550781,360.55999755859375,362.04998779296875,316.3935852050781,704500,LMT
2021-08-09,360.70001220703125,362.4200134277344,359.7799987792969,361.0400085449219,315.510986328125,945100,LMT
2021-08-10,360.19000244140625,363.05999755859375,360.1000061035156,362.239990234375,316.5596618652344,842100,LMT
2021-08-11,362.45001220703125,364.3500061035156,361.0,363.29998779296875,317.4860534667969,900100,LMT
2021-08-12,362.3299865722656,364.29998779296875,358.79998779296875,359.75,314.3836364746094,1005400,LMT
2021-08-13,360.25,361.07000732421875,357.510009765625,357.9800109863281,312.8368835449219,1222200,LMT
2021-08-16,357.9800109863281,360.510009765625,355.55999755859375,360.25,314.8205871582031,1625700,LMT
2021-08-17,359.04998779296875,362.5299987792969,358.6700134277344,361.6000061035156,316.00030517578125,1571000,LMT
2021-08-18,359.5,360.5,356.55999755859375,356.6000061035156,311.63092041015625,961000,LMT
2021-08-19,355.2300109863281,359.8999938964844,353.57000732421875,354.0299987792969,309.3849792480469,1345700,LMT
2021-08-20,354.739990234375,358.80999755859375,353.57000732421875,357.1700134277344,312.1290283203125,904300,LMT
2021-08-23,357.94000244140625,359.07000732421875,356.4100036621094,357.3500061035156,312.2864074707031,827800,LMT
2021-08-24,358.9700012207031,360.489990234375,357.9200134277344,359.0,313.72821044921875,822600,LMT
2021-08-25,359.69000244140625,360.6499938964844,357.989990234375,358.75,313.5097961425781,953500,LMT
2021-08-26,359.1000061035156,361.9800109863281,357.239990234375,361.6199951171875,316.017822265625,1172400,LMT
2021-08-27,363.2900085449219,364.3299865722656,361.17999267578125,361.989990234375,316.34124755859375,1203900,LMT
2021-08-30,362.25,363.9599914550781,361.75,362.04998779296875,316.3935852050781,986000,LMT
2021-08-31,359.3999938964844,360.8500061035156,358.1000061035156,359.79998779296875,316.7016906738281,1083900,LMT
2021-09-01,358.29998779296875,359.510009765625,356.5400085449219,356.6600036621094,313.9378662109375,1116000,LMT
2021-09-02,356.80999755859375,358.739990234375,355.5199890136719,358.04998779296875,315.16131591796875,2071500,LMT
2021-09-03,358.04998779296875,358.2699890136719,355.6300048828125,356.0,313.35687255859375,893200,LMT
2021-09-07,354.7200012207031,354.7200012207031,349.07000732421875,349.20001220703125,307.3714294433594,2033500,LMT
2021-09-08,350.3900146484375,353.5799865722656,349.4599914550781,351.4599914550781,309.3607177734375,1215300,LMT
2021-09-09,350.510009765625,351.70001220703125,347.8599853515625,348.92999267578125,307.13372802734375,1098900,LMT
2021-09-10,349.44000244140625,350.0799865722656,345.82000732421875,345.8800048828125,304.4490966796875,1222600,LMT
2021-09-13,347.9100036621094,349.2799987792969,342.75,346.30999755859375,304.8276062011719,1489200,LMT
2021-09-14,348.0,348.29998779296875,342.4800109863281,344.3399963378906,303.0935974121094,1325600,LMT
2021-09-15,344.79998779296875,346.92999267578125,343.9100036621094,345.07000732421875,303.73614501953125,1149700,LMT
2021-09-16,345.4800109863281,345.94000244140625,340.75,341.5,300.59368896484375,1451400,LMT
2021-09-17,339.95001220703125,342.80999755859375,339.1499938964844,340.9800109863281,300.135986328125,2108000,LMT
2021-09-20,338.70001220703125,340.6499938964844,335.8900146484375,338.4599914550781,297.9178771972656,1709800,LMT
2021-09-21,338.739990234375,340.07000732421875,335.1000061035156,336.04998779296875,295.79656982421875,1317000,LMT
2021-09-22,338.1400146484375,343.20001220703125,338.0199890136719,341.7300109863281,300.7962341308594,1335900,LMT
2021-09-23,340.2900085449219,344.7799987792969,340.1099853515625,344.20001220703125,302.9703674316406,1366200,LMT
2021-09-24,348.9700012207031,352.94000244140625,347.510009765625,349.5199890136719,307.653076171875,1693000,LMT
2021-09-27,352.1400146484375,357.239990234375,351.32000732421875,353.3599853515625,311.03314208984375,1866000,LMT
2021-09-28,353.3599853515625,355.30999755859375,349.9200134277344,352.1499938964844,309.9680480957031,1140100,LMT
2021-09-29,348.1300048828125,352.5799865722656,344.9700012207031,350.2900085449219,308.3308410644531,1547700,LMT
2021-09-30,351.5299987792969,352.29998779296875,344.8999938964844,345.1000061035156,303.76251220703125,1054300,LMT
2021-10-01,347.30999755859375,349.67999267578125,342.7699890136719,347.79998779296875,306.1391296386719,960400,LMT
2021-10-04,347.69000244140625,350.2699890136719,343.70001220703125,345.989990234375,304.5459289550781,1127400,LMT
2021-10-05,346.0,350.45001220703125,344.82000732421875,347.75,306.0950927734375,889400,LMT
2021-10-06,347.0299987792969,350.1400146484375,344.20001220703125,349.989990234375,308.0667724609375,995700,LMT
2021-10-07,350.1700134277344,354.4800109863281,350.1700134277344,351.7799987792969,309.64239501953125,1042600,LMT
2021-10-08,352.0799865722656,355.1600036621094,350.79998779296875,353.75,311.37640380859375,768500,LMT
2021-10-11,354.8999938964844,359.3299865722656,354.1199951171875,357.0799865722656,314.3074951171875,996800,LMT
2021-10-12,356.9800109863281,360.3800048828125,356.010009765625,358.1199951171875,315.222900390625,840200,LMT
2021-10-13,359.6199951171875,362.3900146484375,353.45001220703125,361.760009765625,318.427001953125,1102100,LMT
2021-10-14,362.0199890136719,364.1600036621094,360.3599853515625,362.07000732421875,318.69976806640625,973300,LMT
2021-10-15,364.1000061035156,366.239990234375,363.510009765625,365.6199951171875,321.8244934082031,952700,LMT
2021-10-18,364.3299865722656,367.8800048828125,361.8800048828125,365.0,321.2788391113281,1014600,LMT
2021-10-19,366.5,371.17999267578125,363.6499938964844,371.07000732421875,326.6217041015625,1051300,LMT
2021-10-20,371.7799987792969,372.57000732421875,369.79998779296875,371.1300048828125,326.674560546875,955200,LMT
2021-10-21,371.6300048828125,373.260009765625,367.1400146484375,373.1400146484375,328.4438171386719,803600,LMT
2021-10-22,373.92999267578125,377.0199890136719,372.25,374.6000061035156,329.7287902832031,1092000,LMT
2021-10-25,375.9100036621094,378.1000061035156,374.6099853515625,376.3299865722656,331.2516784667969,1350300,LMT
2021-10-26,348.3299865722656,351.20001220703125,326.0,331.9100036621094,292.1524963378906,9439700,LMT
2021-10-27,333.0,336.42999267578125,330.5400085449219,330.94000244140625,291.2986145019531,2822900,LMT
2021-10-28,330.0,334.8599853515625,325.1400146484375,331.3900146484375,291.6947937011719,2874600,LMT
2021-10-29,330.0,334.3599853515625,328.8399963378906,332.32000732421875,292.513427734375,1821500,LMT
2021-11-01,330.4700012207031,334.20001220703125,330.07000732421875,330.92999267578125,291.289794921875,1865000,LMT
2021-11-02,331.45001220703125,332.0400085449219,325.30999755859375,326.30999755859375,287.22332763671875,2745000,LMT
2021-11-03,325.5,333.1000061035156,324.2300109863281,331.3500061035156,291.6595458984375,1902600,LMT
2021-11-04,331.29998779296875,335.739990234375,331.29998779296875,335.5,295.3124694824219,1847900,LMT
2021-11-05,336.95001220703125,340.5199890136719,336.3500061035156,339.8900146484375,299.1766662597656,2145300,LMT
2021-11-08,341.6300048828125,343.0199890136719,337.5799865722656,341.7799987792969,300.8401794433594,1733000,LMT
2021-11-09,341.3800048828125,342.0,337.1000061035156,338.1700134277344,297.66265869140625,1769200,LMT
2021-11-10,338.7699890136719,340.70001220703125,337.5,337.6300048828125,297.1873474121094,1268700,LMT
2021-11-11,337.1400146484375,337.2099914550781,333.29998779296875,335.8900146484375,295.65576171875,1216500,LMT
2021-11-12,335.6199951171875,340.3900146484375,335.0299987792969,339.05999755859375,298.4460144042969,1097400,LMT
2021-11-15,339.54998779296875,341.6499938964844,339.42999267578125,340.9200134277344,300.083251953125,1068600,LMT
2021-11-16,341.8900146484375,343.6400146484375,339.760009765625,340.3699951171875,299.59912109375,1307500,LMT
2021-11-17,339.4800109863281,343.54998779296875,339.4800109863281,341.989990234375,301.0250549316406,1751000,LMT
2021-11-18,342.7200012207031,343.1099853515625,340.2099914550781,342.0799865722656,301.1043395996094,1431300,LMT
2021-11-19,340.8800048828125,343.0,339.3500061035156,341.44000244140625,300.5409240722656,1426500,LMT
2021-11-22,341.7300109863281,347.5899963378906,341.4800109863281,344.9800109863281,303.6568603515625,1229400,LMT
2021-11-23,344.9800109863281,348.0899963378906,344.6700134277344,345.17999267578125,303.83294677734375,1212700,LMT
2021-11-24,344.8599853515625,347.0,343.04998779296875,343.5799865722656,302.42462158203125,1134500,LMT
2021-11-26,339.2900085449219,343.2300109863281,338.0799865722656,342.7200012207031,301.6676330566406,1079900,LMT
2021-11-29,344.0,344.6000061035156,339.20001220703125,341.2300109863281,300.3560485839844,1492300,LMT
2021-11-30,337.20001220703125,338.3599853515625,333.0299987792969,333.32000732421875,295.8209228515625,2763200,LMT
2021-12-01,335.0,335.95001220703125,328.20001220703125,328.4200134277344,291.47222900390625,2248300,LMT
2021-12-02,330.0,333.9100036621094,328.3299865722656,330.5299987792969,293.34478759765625,1804100,LMT
2021-12-03,331.3500061035156,334.3800048828125,330.3399963378906,333.80999755859375,296.2557678222656,1603200,LMT
2021-12-06,337.25,342.4100036621094,337.25,339.9599914550781,301.7138671875,1946900,LMT
2021-12-07,340.0,342.1099853515625,338.79998779296875,339.1700134277344,301.01287841796875,1540700,LMT
2021-12-08,339.7099914550781,342.3800048828125,339.0199890136719,341.0799865722656,302.7079162597656,1376900,LMT
2021-12-09,339.94000244140625,345.1099853515625,338.2699890136719,343.6000061035156,304.9444274902344,1591500,LMT
2021-12-10,345.8399963378906,347.239990234375,344.6000061035156,344.8800048828125,306.0804138183594,1180700,LMT
2021-12-13,344.3999938964844,346.79998779296875,341.510009765625,345.54998779296875,306.6750793457031,1740700,LMT
2021-12-14,343.75,348.3999938964844,343.75,345.6400146484375,306.7549743652344,1786000,LMT
2021-12-15,345.3900146484375,345.6400146484375,340.0,344.4200134277344,305.67218017578125,1208900,LMT
2021-12-16,345.6700134277344,347.9599914550781,343.6700134277344,344.8399963378906,306.044921875,1185900,LMT
2021-12-17,345.54998779296875,347.1600036621094,342.9200134277344,344.1400146484375,305.4237365722656,2749500,LMT
2021-12-20,341.0,341.19000244140625,333.4200134277344,337.4200134277344,299.459716796875,2315400,LMT
2021-12-21,338.7699890136719,343.3800048828125,338.6499938964844,340.7699890136719,302.43280029296875,2352400,LMT
2021-12-22,341.1600036621094,344.3500061035156,341.0299987792969,343.1400146484375,304.5362243652344,1311400,LMT
2021-12-23,343.7799987792969,348.32000732421875,343.7799987792969,347.0199890136719,307.9797058105469,1061200,LMT
2021-12-27,347.1000061035156,350.80999755859375,347.0,350.2799987792969,310.8730163574219,965900,LMT
2021-12-28,350.05999755859375,355.1700134277344,349.510009765625,353.75,313.9524841308594,827500,LMT
2021-12-29,353.44000244140625,355.5,352.69000244140625,354.2699890136719,314.4140319824219,771700,LMT
2021-12-30,355.0,357.8299865722656,353.510009765625,353.5799865722656,313.8016357421875,778500,LMT
2021-12-31,353.1700134277344,357.05999755859375,351.55999755859375,355.4100036621094,315.42572021484375,887200,LMT
2022-01-03,354.67999267578125,356.5899963378906,353.0299987792969,354.3599853515625,314.493896484375,1205700,LMT
2022-01-04,355.5299987792969,363.5400085449219,355.2099914550781,361.989990234375,321.2655029296875,1361100,LMT
2022-01-05,363.0,364.0,357.8699951171875,358.1400146484375,317.84869384765625,1682200,LMT
2022-01-06,360.0,361.239990234375,357.54998779296875,358.0,317.7245178222656,1368800,LMT
2022-01-07,359.0799865722656,362.989990234375,358.1499938964844,360.1400146484375,319.62371826171875,1634600,LMT
2022-01-10,363.0,369.4599914550781,361.4100036621094,363.25,322.3837585449219,2389900,LMT
2022-01-11,364.010009765625,365.0400085449219,361.2699890136719,364.1400146484375,323.1736145019531,1128000,LMT
2022-01-12,363.3800048828125,366.1600036621094,359.45001220703125,361.29998779296875,320.65313720703125,1477100,LMT
2022-01-13,362.05999755859375,367.3599853515625,360.1199951171875,365.17999267578125,324.0966796875,1244000,LMT
2022-01-14,365.17999267578125,372.989990234375,363.9700012207031,372.6199951171875,330.69970703125,2165000,LMT
2022-01-18,370.45001220703125,377.3599853515625,368.8599853515625,376.5400085449219,334.17864990234375,2471600,LMT
2022-01-19,375.5,381.45001220703125,374.17999267578125,377.3299865722656,334.8797912597656,3336700,LMT
2022-01-20,377.010009765625,381.1499938964844,374.010009765625,375.1300048828125,332.9272766113281,2109100,LMT
2022-01-21,374.0,377.1000061035156,369.67999267578125,371.20001220703125,329.43939208984375,2795400,LMT
2022-01-24,369.54998779296875,374.5400085449219,365.3399963378906,373.3299865722656,331.3297424316406,3022300,LMT
2022-01-25,377.8500061035156,388.0,370.7799987792969,387.1700134277344,343.6127624511719,3182400,LMT
2022-01-26,388.0,393.6300048828125,383.70001220703125,391.239990234375,347.2248840332031,3640500,LMT
2022-01-27,389.3900146484375,395.6000061035156,384.739990234375,389.0799865722656,345.3078918457031,2566200,LMT
2022-01-28,389.1000061035156,393.3299865722656,384.7799987792969,393.1499938964844,348.9200134277344,2145100,LMT
2022-01-31,390.5,390.989990234375,384.67999267578125,389.1300048828125,345.35223388671875,2363400,LMT
2022-02-01,390.2200012207031,390.510009765625,386.2099914550781,387.010009765625,343.47076416015625,1951100,LMT
2022-02-02,386.1099853515625,388.3500061035156,385.010009765625,387.3399963378906,343.76361083984375,1620600,LMT
2022-02-03,388.17999267578125,392.1700134277344,386.3900146484375,389.70001220703125,345.8581237792969,1649000,LMT
2022-02-04,388.0,392.8399963378906,385.32000732421875,389.3299865722656,345.52978515625,1645800,LMT
2022-02-07,392.0,395.5799865722656,388.29998779296875,392.3399963378906,348.2011413574219,1243000,LMT
2022-02-08,395.67999267578125,396.8399963378906,390.6000061035156,396.0400085449219,351.48492431640625,1311400,LMT
2022-02-09,395.5,397.6199951171875,393.69000244140625,394.5400085449219,350.1535949707031,1541900,LMT
2022-02-10,393.0400085449219,395.6600036621094,383.92999267578125,385.42999267578125,342.06842041015625,2301100,LMT
2022-02-11,386.760009765625,398.8500061035156,385.3500061035156,396.19000244140625,351.6180114746094,3276400,LMT
2022-02-14,393.9800109863281,395.5199890136719,383.7900085449219,386.9700012207031,343.4352722167969,2799800,LMT
2022-02-15,381.9100036621094,387.29998779296875,378.32000732421875,382.2200012207031,339.21966552734375,2418600,LMT
2022-02-16,382.8500061035156,388.7099914550781,382.0,386.8999938964844,343.37310791015625,1776800,LMT
2022-02-17,386.1199951171875,391.69000244140625,385.7699890136719,388.7699890136719,345.0326843261719,1248800,LMT
2022-02-18,389.1400146484375,391.0799865722656,385.7099914550781,386.4599914550781,342.9825744628906,1459900,LMT
2022-02-22,391.2699890136719,393.4200134277344,385.07000732421875,386.20001220703125,342.75189208984375,1680900,LMT
2022-02-23,389.1700134277344,390.2799987792969,384.5,388.8999938964844,345.14813232421875,1839500,LMT
2022-02-24,398.2300109863281,398.9800109863281,387.4200134277344,395.7099914550781,351.19207763671875,4140900,LMT
2022-02-25,395.2300109863281,414.45001220703125,395.2200012207031,409.489990234375,363.42169189453125,3376300,LMT
2022-02-28,413.80999755859375,433.8999938964844,413.5,433.79998779296875,387.6474609375,5808600,LMT
2022-03-01,435.0,458.5299987792969,435.0,456.6099853515625,408.0306701660156,5719300,LMT
2022-03-02,445.3699951171875,451.55999755859375,429.2799987792969,450.0,402.1239013671875,5003400,LMT
2022-03-03,444.7200012207031,455.8999938964844,437.44000244140625,447.82000732421875,400.1759033203125,4603500,LMT
2022-03-04,450.04998779296875,462.6600036621094,443.07000732421875,458.1499938964844,409.4068298339844,3320300,LMT
2022-03-07,463.010009765625,479.989990234375,463.0,466.1499938964844,416.55572509765625,5210100,LMT
2022-03-08,463.7799987792969,468.0,448.3599853515625,448.989990234375,401.2213134765625,4133700,LMT
2022-03-09,437.5,455.739990234375,432.42999267578125,448.7200012207031,400.9800720214844,3477300,LMT
2022-03-10,450.6300048828125,456.9599914550781,442.239990234375,444.3599853515625,397.0839538574219,3049600,LMT
2022-03-11,442.0,448.69000244140625,438.6099853515625,439.0400085449219,392.3299255371094,2649100,LMT
2022-03-14,449.44000244140625,449.7799987792969,439.2099914550781,444.45001220703125,397.16436767578125,2475700,LMT
2022-03-15,444.75,450.4200134277344,440.2799987792969,448.6700134277344,400.9354248046875,1778700,LMT
2022-03-16,435.04998779296875,436.8900146484375,411.3599853515625,421.3399963378906,376.5130920410156,5815500,LMT
2022-03-17,427.05999755859375,431.7799987792969,424.79998779296875,428.5899963378906,382.99169921875,2947700,LMT
2022-03-18,434.6700134277344,437.489990234375,421.70001220703125,426.17999267578125,380.838134765625,5215700,LMT
2022-03-21,431.6300048828125,447.92999267578125,431.6300048828125,440.0,393.1878356933594,3245200,LMT
2022-03-22,439.45001220703125,443.8399963378906,434.19000244140625,440.5899963378906,393.7150573730469,2113800,LMT
2022-03-23,444.0,447.5,442.3500061035156,445.25,397.8792724609375,1715100,LMT
2022-03-24,445.29998779296875,451.5,443.2300109863281,449.7300109863281,401.8826904296875,1375400,LMT
2022-03-25,450.0299987792969,457.5299987792969,450.0,453.6600036621094,405.39453125,1646300,LMT
2022-03-28,449.32000732421875,450.4599914550781,443.30999755859375,444.9800109863281,397.6380615234375,1676200,LMT
2022-03-29,433.25,438.1199951171875,429.32000732421875,437.1499938964844,390.6410217285156,2451100,LMT
2022-03-30,439.32000732421875,447.05999755859375,439.30999755859375,445.95001220703125,398.5047912597656,1719500,LMT
2022-03-31,441.9599914550781,448.8699951171875,441.0,441.3999938964844,394.4388732910156,1660700,LMT
2022-04-01,442.2200012207031,448.989990234375,438.82000732421875,445.9800109863281,398.5316162109375,1174200,LMT
2022-04-04,447.4800109863281,448.0,439.54998779296875,444.010009765625,396.7711486816406,1166300,LMT
2022-04-05,445.0,454.80999755859375,443.3800048828125,447.239990234375,399.6575622558594,2240200,LMT
2022-04-06,446.3800048828125,457.55999755859375,446.3800048828125,454.5799865722656,406.2165832519531,1941400,LMT
2022-04-07,453.0,467.3999938964844,450.7900085449219,465.510009765625,415.9837951660156,2032700,LMT
2022-04-08,467.7200012207031,471.5899963378906,459.6099853515625,461.5199890136719,412.4182434082031,1710700,LMT
2022-04-11,463.7900085449219,474.45001220703125,462.19000244140625,464.25,414.8578186035156,1911200,LMT
2022-04-12,466.20001220703125,471.739990234375,461.3800048828125,467.54998779296875,417.8067626953125,1502300,LMT
2022-04-13,471.0,474.6099853515625,466.25,469.19000244140625,419.27227783203125,1212400,LMT
2022-04-14,471.9100036621094,473.7300109863281,466.0400085449219,467.6600036621094,417.90509033203125,1965200,LMT
2022-04-18,467.0,471.9700012207031,459.1099853515625,467.44000244140625,417.7085266113281,1638900,LMT
2022-04-19,462.489990234375,475.5,458.42999267578125,459.8999938964844,410.9706115722656,2044000,LMT
2022-04-20,459.8800048828125,461.3599853515625,452.7799987792969,453.8699951171875,405.58221435546875,1636200,LMT
2022-04-21,455.0,455.95001220703125,438.8500061035156,439.5400085449219,392.77679443359375,1937600,LMT
2022-04-22,440.8900146484375,450.8999938964844,438.3900146484375,445.7900085449219,398.36181640625,1451700,LMT
2022-04-25,443.0,444.82000732421875,433.2699890136719,442.8900146484375,395.7704162597656,1499800,LMT
2022-04-26,447.0400085449219,452.32000732421875,443.17999267578125,446.0899963378906,398.6299133300781,1440400,LMT
2022-04-27,446.2300109863281,452.0,439.2699890136719,444.9800109863281,397.6380615234375,1017500,LMT
2022-04-28,449.0,449.0,437.5199890136719,441.7099914550781,394.7158508300781,1348800,LMT
2022-04-29,444.42999267578125,445.010009765625,430.3800048828125,432.1199951171875,386.1462097167969,1479500,LMT
2022-05-02,429.6000061035156,437.489990234375,426.1499938964844,430.80999755859375,384.97552490234375,1397100,LMT
2022-05-03,434.3800048828125,437.6000061035156,430.9599914550781,434.7699890136719,388.51422119140625,1332000,LMT
2022-05-04,437.0299987792969,445.989990234375,434.8900146484375,445.739990234375,398.317138671875,1172600,LMT
2022-05-05,445.739990234375,447.4700012207031,438.6099853515625,443.1499938964844,396.00262451171875,1183800,LMT
2022-05-06,441.5299987792969,449.5799865722656,439.9100036621094,449.42999267578125,401.6145935058594,1409800,LMT
2022-05-09,447.0299987792969,448.7799987792969,437.1199951171875,438.8399963378906,392.1512451171875,1354500,LMT
2022-05-10,439.94000244140625,446.5,437.5,439.1300048828125,392.4103698730469,978500,LMT
2022-05-11,437.5,444.989990234375,436.6199951171875,440.4100036621094,393.5541687011719,1018200,LMT
2022-05-12,439.260009765625,441.32000732421875,428.3500061035156,434.5899963378906,388.3533630371094,1390200,LMT
2022-05-13,435.3599853515625,437.7099914550781,429.0,435.1700134277344,388.8716735839844,1114700,LMT
2022-05-16,435.0,440.3699951171875,432.1600036621094,437.54998779296875,390.99847412109375,1004700,LMT
2022-05-17,439.80999755859375,442.2200012207031,431.260009765625,441.0,394.0814208984375,798100,LMT
2022-05-18,441.0,442.07000732421875,433.1000061035156,434.3299865722656,388.12109375,986900,LMT
2022-05-19,430.8500061035156,432.989990234375,419.2900085449219,425.6199951171875,380.3377380371094,1539800,LMT
2022-05-20,428.0,428.0,417.2900085449219,424.1499938964844,379.0242004394531,1632500,LMT
2022-05-23,427.44000244140625,435.6499938964844,427.44000244140625,433.0299987792969,386.9593811035156,1038200,LMT
2022-05-24,433.0,443.30999755859375,433.0,442.7799987792969,395.6721496582031,1034100,LMT
2022-05-25,443.4800109863281,448.6300048828125,441.29998779296875,447.5400085449219,399.9256286621094,1032200,LMT
2022-05-26,450.0,454.05999755859375,447.7699890136719,447.989990234375,400.3277282714844,1143100,LMT
2022-05-27,451.1400146484375,451.4700012207031,444.4599914550781,450.55999755859375,402.62432861328125,1265800,LMT
2022-05-31,443.0,445.0,438.4100036621094,440.1099853515625,395.7455139160156,2539100,LMT
2022-06-01,443.0299987792969,443.8500061035156,436.489990234375,439.29998779296875,395.01715087890625,1199000,LMT
2022-06-02,441.760009765625,442.5400085449219,430.44000244140625,441.1099853515625,396.6446533203125,1210000,LMT
2022-06-03,440.0,446.5799865722656,439.1600036621094,442.69000244140625,398.06536865234375,928000,LMT
2022-06-06,443.82000732421875,446.0,441.55999755859375,443.4100036621094,398.7128601074219,690000,LMT
2022-06-07,442.0,456.6700134277344,441.3999938964844,456.29998779296875,410.3034362792969,1126000,LMT
2022-06-08,452.0,454.6400146484375,442.9100036621094,443.4100036621094,398.7128601074219,1151600,LMT
2022-06-09,443.4200134277344,443.54998779296875,432.5,432.7200012207031,389.1004638671875,995100,LMT
2022-06-10,431.0,434.3500061035156,425.75,430.19000244140625,386.825439453125,1165700,LMT
2022-06-13,424.3999938964844,428.3599853515625,421.5199890136719,423.92999267578125,381.1964416503906,1483000,LMT
2022-06-14,424.010009765625,424.1600036621094,411.1099853515625,416.1700134277344,374.2187805175781,1497800,LMT
2022-06-15,417.55999755859375,419.0,408.8699951171875,414.1000061035156,372.357421875,1241700,LMT
2022-06-16,410.42999267578125,412.8900146484375,403.0199890136719,404.7900085449219,363.98590087890625,1580300,LMT
2022-06-17,403.57000732421875,405.3999938964844,394.6600036621094,404.010009765625,363.28448486328125,3757100,LMT
2022-06-21,412.0,420.5,409.010009765625,418.9599914550781,376.7273864746094,1474400,LMT
2022-06-22,414.05999755859375,420.4200134277344,411.7900085449219,415.45001220703125,373.5712585449219,1073300,LMT
2022-06-23,415.3699951171875,416.2699890136719,407.17999267578125,410.6199951171875,369.2281494140625,988700,LMT
2022-06-24,415.8399963378906,419.4800109863281,410.67999267578125,419.0400085449219,376.7994079589844,1768000,LMT
2022-06-27,419.0400085449219,423.19000244140625,417.4700012207031,419.25,376.9882507324219,779000,LMT
2022-06-28,423.0,427.55999755859375,419.3500061035156,420.7099914550781,378.3010559082031,953300,LMT
2022-06-29,423.05999755859375,424.4100036621094,416.42999267578125,418.8900146484375,376.66461181640625,733800,LMT
2022-06-30,418.1600036621094,430.32000732421875,416.8800048828125,429.9599914550781,386.61859130859375,1269500,LMT
2022-07-01,429.739990234375,434.9599914550781,424.4800109863281,433.5199890136719,389.81976318359375,1296900,LMT
2022-07-05,424.7900085449219,425.7699890136719,407.2099914550781,415.25,373.39141845703125,1712800,LMT
2022-07-06,416.8999938964844,427.8599853515625,415.2799987792969,425.8900146484375,382.9589538574219,1044900,LMT
2022-07-07,424.4800109863281,428.0,419.54998779296875,422.19000244140625,379.6319274902344,1177100,LMT
2022-07-08,425.5400085449219,426.9700012207031,419.9700012207031,420.3500061035156,377.97735595703125,682000,LMT
2022-07-11,417.8999938964844,423.0,415.3800048828125,419.07000732421875,376.8263854980469,602600,LMT
2022-07-12,419.4700012207031,419.8900146484375,412.6000061035156,413.989990234375,372.2585144042969,680500,LMT
2022-07-13,409.1099853515625,417.7699890136719,407.7300109863281,408.0,366.872314453125,1155500,LMT
2022-07-14,403.19000244140625,405.3699951171875,397.5199890136719,400.30999755859375,359.9574890136719,1160700,LMT
2022-07-15,403.7099914550781,403.7099914550781,397.80999755859375,398.3800048828125,358.2220153808594,1223200,LMT
2022-07-18,399.9700012207031,400.0,387.0299987792969,387.2799987792969,348.2409362792969,2759700,LMT
2022-07-19,378.82000732421875,390.57000732421875,373.6700134277344,390.3800048828125,351.0284118652344,3023800,LMT
2022-07-20,390.6600036621094,397.4800109863281,385.6700134277344,395.2200012207031,355.38055419921875,1560300,LMT
2022-07-21,394.32000732421875,395.54998779296875,389.6400146484375,395.20001220703125,355.3625793457031,941000,LMT
2022-07-22,399.95001220703125,401.9700012207031,393.4599914550781,394.739990234375,354.94891357421875,769400,LMT
2022-07-25,394.3699951171875,403.7300109863281,393.6300048828125,399.79998779296875,359.49884033203125,1038300,LMT
2022-07-26,400.17999267578125,402.9800109863281,396.57000732421875,396.80999755859375,356.8102111816406,992400,LMT
2022-07-27,397.7900085449219,399.25,394.0,398.5400085449219,358.3658752441406,838600,LMT
2022-07-28,399.1499938964844,406.7699890136719,396.1400146484375,406.0799865722656,365.1457824707031,1014600,LMT
2022-07-29,406.489990234375,414.1499938964844,402.0,413.80999755859375,372.09661865234375,1493500,LMT
2022-08-01,418.239990234375,428.5,416.6400146484375,419.2799987792969,377.01519775390625,1721900,LMT
2022-08-02,425.010009765625,432.8399963378906,419.1000061035156,428.7799987792969,385.5576171875,2453900,LMT
2022-08-03,427.2699890136719,431.760009765625,419.6400146484375,429.29998779296875,386.025146484375,1330500,LMT
2022-08-04,430.7099914550781,434.6499938964844,426.8900146484375,428.1300048828125,384.97314453125,1126400,LMT
2022-08-05,425.260009765625,427.8399963378906,419.5299987792969,426.4100036621094,383.4264831542969,932500,LMT
2022-08-08,427.5,429.3699951171875,421.67999267578125,423.8599853515625,381.13348388671875,814800,LMT
2022-08-09,426.95001220703125,431.8800048828125,425.70001220703125,428.54998779296875,385.35076904296875,747400,LMT
2022-08-10,430.07000732421875,432.25,426.3399963378906,429.989990234375,386.64556884765625,1409300,LMT
2022-08-11,429.239990234375,432.489990234375,427.20001220703125,428.8500061035156,385.62054443359375,949300,LMT
2022-08-12,428.8999938964844,434.2900085449219,427.19000244140625,434.239990234375,390.4672546386719,978000,LMT
2022-08-15,432.67999267578125,439.9700012207031,429.8599853515625,438.010009765625,393.857177734375,884900,LMT
2022-08-16,436.9200134277344,445.0,436.9200134277344,440.1600036621094,395.79046630859375,851100,LMT
2022-08-17,436.1300048828125,445.489990234375,435.0,441.5899963378906,397.07635498046875,996500,LMT
2022-08-18,441.9100036621094,444.5799865722656,436.8699951171875,439.3500061035156,395.06207275390625,866500,LMT
2022-08-19,438.4800109863281,440.9200134277344,436.0400085449219,440.0299987792969,395.67352294921875,1013600,LMT
2022-08-22,438.510009765625,441.6400146484375,431.8399963378906,432.3299865722656,388.74969482421875,1086700,LMT
2022-08-23,432.92999267578125,434.7300109863281,430.29998779296875,433.1199951171875,389.4600524902344,915200,LMT
2022-08-24,433.989990234375,435.45001220703125,430.94000244140625,433.7099914550781,389.9906005859375,740200,LMT
2022-08-25,433.7099914550781,438.8399963378906,432.42999267578125,438.6400146484375,394.42364501953125,727600,LMT
2022-08-26,440.3999938964844,442.7799987792969,430.94000244140625,431.1300048828125,387.67071533203125,876200,LMT
2022-08-29,427.6600036621094,433.8999938964844,426.4800109863281,429.67999267578125,386.36688232421875,868100,LMT
2022-08-30,429.44000244140625,430.3699951171875,424.010009765625,425.1099853515625,382.257568359375,976100,LMT
2022-08-31,422.3599853515625,424.739990234375,420.0199890136719,420.1099853515625,380.26617431640625,909300,LMT
2022-09-01,418.239990234375,423.5799865722656,417.79998779296875,422.6099853515625,382.529052734375,948800,LMT
2022-09-02,424.989990234375,425.69000244140625,417.54998779296875,418.57000732421875,378.8721923828125,869800,LMT
2022-09-06,419.010009765625,423.2699890136719,415.7799987792969,417.7799987792969,378.1571960449219,962500,LMT
2022-09-07,415.3500061035156,420.8999938964844,412.260009765625,420.1400146484375,380.29339599609375,1255700,LMT
2022-09-08,419.57000732421875,421.07000732421875,414.7699890136719,419.6499938964844,379.8498840332031,1112600,LMT
2022-09-09,420.69000244140625,423.6199951171875,419.0199890136719,421.5299987792969,381.5515441894531,1284600,LMT
2022-09-12,421.0,421.489990234375,417.5,418.6400146484375,378.9355773925781,1349700,LMT
2022-09-13,417.32000732421875,420.79998779296875,407.3599853515625,409.3299865722656,370.5085754394531,1621200,LMT
2022-09-14,410.19000244140625,418.3999938964844,408.29998779296875,416.6300048828125,377.11627197265625,1004100,LMT
2022-09-15,414.8299865722656,414.8299865722656,410.7300109863281,413.5899963378906,374.36456298828125,1189200,LMT
2022-09-16,411.25,415.7699890136719,410.010009765625,414.2900085449219,374.9981689453125,2023300,LMT
2022-09-19,414.0,417.6400146484375,412.7300109863281,416.5199890136719,377.01666259765625,695500,LMT
2022-09-20,416.0,421.4100036621094,412.3399963378906,420.5799865722656,380.6916198730469,1112100,LMT
2022-09-21,427.989990234375,433.7900085449219,420.0299987792969,420.20001220703125,380.3476257324219,2106400,LMT
2022-09-22,419.8299865722656,424.7200012207031,413.0,422.0799865722656,382.04937744140625,1409900,LMT
2022-09-23,419.7799987792969,420.010009765625,407.5799865722656,413.07000732421875,373.89385986328125,1874600,LMT
2022-09-26,411.69000244140625,412.2099914550781,406.510009765625,407.6499938964844,368.9879150390625,1208300,LMT
2022-09-27,409.20001220703125,410.32000732421875,398.3699951171875,399.739990234375,361.8281555175781,1051900,LMT
2022-09-28,397.20001220703125,402.0899963378906,391.1000061035156,400.0,362.06341552734375,1161500,LMT
2022-09-29,398.9800109863281,399.4100036621094,385.8900146484375,389.7900085449219,352.8218078613281,1127700,LMT
2022-09-30,381.6300048828125,389.8999938964844,381.54998779296875,386.2900085449219,349.6537170410156,1343700,LMT
2022-10-03,389.739990234375,402.8299865722656,389.0799865722656,399.739990234375,361.8281555175781,1273800,LMT
2022-10-04,403.1099853515625,407.8399963378906,399.8299865722656,406.1099853515625,367.5939636230469,1060000,LMT
2022-10-05,406.1099853515625,407.6600036621094,400.7799987792969,402.510009765625,364.33544921875,828400,LMT
2022-10-06,401.6199951171875,403.6000061035156,398.0799865722656,399.6099853515625,361.7104187011719,746700,LMT
2022-10-07,398.55999755859375,404.6700134277344,396.010009765625,403.9599914550781,365.6479187011719,1124700,LMT
2022-10-10,407.5899963378906,418.6300048828125,406.1499938964844,409.989990234375,371.1060485839844,1112500,LMT
2022-10-11,405.6600036621094,416.1600036621094,405.6600036621094,411.05999755859375,372.0744934082031,1013600,LMT
2022-10-12,406.92999267578125,408.8999938964844,397.1400146484375,397.4200134277344,359.72821044921875,921700,LMT
2022-10-13,393.0,407.04998779296875,391.2200012207031,405.9599914550781,367.45819091796875,1012700,LMT
2022-10-14,404.3299865722656,405.3800048828125,388.1000061035156,389.4100036621094,352.4778137207031,1369100,LMT
2022-10-17,393.0,400.6099853515625,392.1499938964844,397.30999755859375,359.6285705566406,1617200,LMT
2022-10-18,403.1499938964844,435.510009765625,401.5400085449219,431.8399963378906,390.8836975097656,4588500,LMT
2022-10-19,433.9700012207031,447.57000732421875,430.3500061035156,439.9599914550781,398.23358154296875,2623700,LMT
2022-10-20,439.6199951171875,445.30999755859375,437.95001220703125,444.3399963378906,402.19818115234375,1781300,LMT
2022-10-21,443.7200012207031,454.69000244140625,440.1499938964844,454.6099853515625,411.4941101074219,1620200,LMT
2022-10-24,459.0799865722656,466.17999267578125,455.55999755859375,457.4599914550781,414.07391357421875,2013600,LMT
2022-10-25,454.04998779296875,463.5400085449219,452.19000244140625,460.1499938964844,416.5087585449219,1537000,LMT
2022-10-26,462.1700134277344,470.6400146484375,460.4599914550781,462.55999755859375,418.6901550292969,1554600,LMT
2022-10-27,464.5799865722656,474.17999267578125,464.3999938964844,471.92999267578125,427.17156982421875,1513700,LMT
2022-10-28,474.0,491.1400146484375,472.29998779296875,484.8699951171875,438.88421630859375,2045300,LMT
2022-10-31,480.45001220703125,488.2300109863281,479.42999267578125,486.67999267578125,440.5225830078125,1288200,LMT
2022-11-01,486.0299987792969,491.1600036621094,483.8699951171875,485.6300048828125,439.5721740722656,1229700,LMT
2022-11-02,484.5400085449219,488.8800048828125,481.5,482.05999755859375,436.3407287597656,1291800,LMT
2022-11-03,479.7699890136719,489.9700012207031,478.54998779296875,484.82000732421875,438.8390197753906,1291100,LMT
2022-11-04,485.1600036621094,486.5,472.57000732421875,481.6700134277344,435.98773193359375,1481100,LMT
2022-11-07,482.4800109863281,489.9599914550781,480.9599914550781,488.6300048828125,442.2876892089844,944800,LMT
2022-11-08,488.8800048828125,494.6600036621094,486.8399963378906,494.1199951171875,447.25689697265625,1221000,LMT
2022-11-09,489.75,492.44000244140625,484.239990234375,485.17999267578125,439.1648864746094,1383200,LMT
2022-11-10,488.260009765625,491.2200012207031,479.70001220703125,490.7699890136719,444.2247314453125,1601000,LMT
2022-11-11,480.739990234375,483.8299865722656,462.6099853515625,463.8599853515625,419.8668212890625,3061800,LMT
2022-11-14,467.3500061035156,471.9800109863281,459.3699951171875,462.0400085449219,418.2195739746094,2286700,LMT
2022-11-15,465.8399963378906,474.989990234375,458.04998779296875,467.25,422.93536376953125,3272800,LMT
2022-11-16,465.239990234375,469.260009765625,461.5899963378906,466.239990234375,422.0211486816406,1022600,LMT
2022-11-17,465.0,474.7799987792969,464.260009765625,472.7699890136719,427.9318542480469,1401900,LMT
2022-11-18,473.6300048828125,480.8699951171875,472.7699890136719,476.82000732421875,431.5977478027344,2160300,LMT
2022-11-21,478.489990234375,483.9599914550781,478.2300109863281,480.94000244140625,435.32696533203125,1730500,LMT
2022-11-22,482.9700012207031,484.260009765625,479.2799987792969,479.5,434.02362060546875,838400,LMT
2022-11-23,479.7799987792969,482.989990234375,478.7200012207031,481.07000732421875,435.4446716308594,1020200,LMT
2022-11-25,484.29998779296875,484.5,481.4200134277344,483.4599914550781,437.6079406738281,321500,LMT
2022-11-28,480.1099853515625,485.239990234375,480.0,483.2099914550781,437.38165283203125,939000,LMT
2022-11-29,483.1000061035156,485.1000061035156,481.739990234375,484.1000061035156,438.1872863769531,802600,LMT
2022-11-30,480.0,485.95001220703125,477.7300109863281,485.19000244140625,441.9124755859375,1470000,LMT
2022-12-01,486.5199890136719,488.0,480.6700134277344,483.69000244140625,440.5462341308594,913600,LMT
2022-12-02,481.80999755859375,498.95001220703125,481.80999755859375,496.2300109863281,451.9677429199219,1744400,LMT
2022-12-05,490.8699951171875,494.9800109863281,488.32000732421875,490.6700134277344,446.9036865234375,1357200,LMT
2022-12-06,491.32000732421875,491.32000732421875,482.20001220703125,484.0,440.8286437988281,1076500,LMT
2022-12-07,484.29998779296875,489.239990234375,480.4800109863281,481.20001220703125,438.27838134765625,999800,LMT
2022-12-08,485.260009765625,488.80999755859375,481.54998779296875,485.3800048828125,442.08551025390625,762200,LMT
2022-12-09,485.6400146484375,490.3599853515625,483.2099914550781,483.5799865722656,440.4460754394531,856400,LMT
2022-12-12,484.95001220703125,487.1700134277344,482.5,486.32000732421875,442.94171142578125,1129200,LMT
2022-12-13,490.0,490.3699951171875,478.6700134277344,480.2200012207031,437.3857421875,1730900,LMT
2022-12-14,481.19000244140625,488.2699890136719,480.1400146484375,485.19000244140625,441.9124755859375,1071800,LMT
2022-12-15,481.0,485.1000061035156,475.1199951171875,478.7900085449219,436.0833435058594,1067300,LMT
2022-12-16,475.6300048828125,482.6099853515625,473.6700134277344,481.7900085449219,438.8157958984375,2590600,LMT
2022-12-19,481.7799987792969,487.9800109863281,479.92999267578125,481.7900085449219,438.8157958984375,929700,LMT
2022-12-20,482.8800048828125,491.45001220703125,481.82000732421875,486.1499938964844,442.7868347167969,1014300,LMT
2022-12-21,487.8800048828125,490.57000732421875,485.69000244140625,487.6499938964844,444.1530456542969,988300,LMT
2022-12-22,486.5,486.82000732421875,473.95001220703125,479.29998779296875,436.5478210449219,1520700,LMT
2022-12-23,479.5,484.17999267578125,478.3599853515625,483.2900085449219,440.1820373535156,661600,LMT
2022-12-27,485.0,489.239990234375,483.5,485.5,442.1948547363281,788800,LMT
2022-12-28,486.1499938964844,489.0,482.8999938964844,483.2200012207031,440.1181640625,810300,LMT
2022-12-29,484.0,489.57000732421875,483.29998779296875,487.04998779296875,443.6065368652344,764000,LMT
2022-12-30,488.0,489.80999755859375,481.239990234375,486.489990234375,443.0965576171875,910000,LMT
2023-01-03,483.3900146484375,484.25,474.010009765625,477.5299987792969,434.93572998046875,1657200,LMT
2023-01-04,473.25,479.70001220703125,469.29998779296875,476.5,433.99761962890625,1391300,LMT
2023-01-05,475.69000244140625,478.1400146484375,469.8999938964844,477.07000732421875,434.5167236328125,1210100,LMT
2023-01-06,480.0,488.0,465.7699890136719,473.239990234375,431.02838134765625,1969200,LMT
2023-01-09,467.7900085449219,470.7900085449219,455.29998779296875,458.989990234375,418.0494079589844,2377000,LMT
2023-01-10,462.17999267578125,465.4700012207031,456.8999938964844,462.2900085449219,421.0550537109375,1003400,LMT
2023-01-11,463.3699951171875,465.54998779296875,461.0400085449219,463.0,421.70172119140625,1056400,LMT
2023-01-12,462.989990234375,465.8800048828125,459.19000244140625,461.739990234375,420.55413818359375,936600,LMT
2023-01-13,446.5,453.7099914550781,444.739990234375,449.8299865722656,409.7064514160156,2208600,LMT
2023-01-17,450.29998779296875,453.5,446.6700134277344,447.1600036621094,407.2746276855469,1753100,LMT
2023-01-18,447.1600036621094,448.2300109863281,440.6499938964844,441.2699890136719,401.9100036621094,1645100,LMT
2023-01-19,442.760009765625,445.9200134277344,439.0299987792969,439.30999755859375,400.124755859375,1469900,LMT
2023-01-20,441.3399963378906,443.3500061035156,437.6199951171875,443.2799987792969,403.7406921386719,1410000,LMT
2023-01-23,443.1099853515625,446.8299865722656,440.8599853515625,441.2799987792969,401.91912841796875,1739600,LMT
2023-01-24,442.1700134277344,450.9599914550781,437.69000244140625,449.2300109863281,409.15997314453125,2865000,LMT
2023-01-25,448.0,455.80999755859375,444.8399963378906,454.1600036621094,413.6502685546875,2352500,LMT
2023-01-26,455.3500061035156,463.760009765625,452.8299865722656,459.80999755859375,418.7962951660156,2168900,LMT
2023-01-27,460.8599853515625,466.67999267578125,457.45001220703125,459.6000061035156,418.6050720214844,1587700,LMT
2023-01-30,462.0,466.70001220703125,459.8999938964844,460.5899963378906,419.5067138671875,1642000,LMT
2023-01-31,462.2799987792969,463.4800109863281,459.010009765625,463.260009765625,421.9385681152344,2062000,LMT
2023-02-01,462.510009765625,465.2799987792969,459.79998779296875,462.25,421.0186462402344,1242500,LMT
2023-02-02,458.3699951171875,460.42999267578125,453.9200134277344,457.19000244140625,416.4100036621094,2104700,LMT
2023-02-03,459.2699890136719,462.6000061035156,454.94000244140625,459.0799865722656,418.1313781738281,1302900,LMT
2023-02-06,463.5799865722656,469.7699890136719,462.75,469.1000061035156,427.25762939453125,1393500,LMT
2023-02-07,472.54998779296875,472.989990234375,463.1499938964844,468.3299865722656,426.5562744140625,1334800,LMT
2023-02-08,464.9700012207031,471.3800048828125,463.32000732421875,469.6499938964844,427.75860595703125,865000,LMT
2023-02-09,472.42999267578125,474.3399963378906,468.20001220703125,470.0899963378906,428.15936279296875,799000,LMT
2023-02-10,472.3800048828125,481.8599853515625,472.3800048828125,480.8299865722656,437.94140625,1436300,LMT
2023-02-13,485.19000244140625,489.5,480.1000061035156,481.9700012207031,438.97967529296875,1203100,LMT
2023-02-14,482.45001220703125,485.0,479.6600036621094,481.5799865722656,438.6244812011719,875600,LMT
2023-02-15,480.8299865722656,484.25,477.3999938964844,480.510009765625,437.64996337890625,927100,LMT
2023-02-16,477.0,477.5799865722656,466.1000061035156,471.25,429.21588134765625,1939500,LMT
2023-02-17,471.7900085449219,475.6600036621094,470.8399963378906,475.6300048828125,433.2051696777344,1184200,LMT
2023-02-21,480.510009765625,482.3999938964844,475.20001220703125,479.19000244140625,436.44769287109375,1379400,LMT
2023-02-22,478.80999755859375,481.6700134277344,477.4700012207031,479.5299987792969,436.7573547363281,900300,LMT
2023-02-23,480.0,483.0899963378906,475.5299987792969,479.0799865722656,436.34747314453125,917400,LMT
2023-02-24,479.4599914550781,481.79998779296875,477.29998779296875,480.3999938964844,437.54974365234375,1009300,LMT
2023-02-27,480.5299987792969,484.1000061035156,477.19000244140625,479.489990234375,436.7209167480469,1149000,LMT
2023-02-28,477.0400085449219,478.5299987792969,471.82000732421875,474.260009765625,434.677001953125,1155500,LMT
2023-03-01,473.2699890136719,477.2200012207031,471.2900085449219,474.3299865722656,434.7411804199219,957700,LMT
2023-03-02,472.9800109863281,479.1700134277344,472.9700012207031,478.30999755859375,438.3890075683594,835700,LMT
2023-03-03,478.8999938964844,479.5400085449219,476.3800048828125,477.8900146484375,438.0041198730469,1060500,LMT
2023-03-06,476.82000732421875,481.79998779296875,476.82000732421875,480.1700134277344,440.0937805175781,905700,LMT
2023-03-07,481.5,485.0899963378906,478.0,478.6600036621094,438.70977783203125,1137900,LMT
2023-03-08,481.0400085449219,487.6400146484375,476.7099914550781,479.5,439.4797058105469,1252900,LMT
2023-03-09,483.0,483.260009765625,474.6099853515625,475.8500061035156,436.1343078613281,1035000,LMT
2023-03-10,475.7099914550781,482.29998779296875,474.4200134277344,475.5,435.8135986328125,1335000,LMT
2023-03-13,471.8699951171875,478.8999938964844,470.79998779296875,477.3299865722656,437.4907531738281,1701000,LMT
2023-03-14,480.2900085449219,481.2699890136719,474.8699951171875,478.8699951171875,438.9022216796875,1761400,LMT
2023-03-15,475.0,475.1300048828125,464.57000732421875,473.30999755859375,433.8063049316406,2273300,LMT
2023-03-16,470.94000244140625,478.04998779296875,467.739990234375,473.239990234375,433.74212646484375,1633000,LMT
2023-03-17,474.1199951171875,474.9200134277344,463.2900085449219,465.8699951171875,426.9872741699219,6525100,LMT
2023-03-20,468.2200012207031,477.7699890136719,465.2099914550781,475.70001220703125,435.9968566894531,1515400,LMT
2023-03-21,478.8699951171875,479.25,471.29998779296875,474.760009765625,435.1352844238281,1069000,LMT
2023-03-22,475.44000244140625,476.7699890136719,468.32000732421875,468.8999938964844,429.7644348144531,1261700,LMT
2023-03-23,468.6300048828125,470.95001220703125,466.5,467.8999938964844,428.84783935546875,1168500,LMT
2023-03-24,467.8999938964844,475.6700134277344,467.1499938964844,474.5400085449219,434.9336853027344,1126000,LMT
2023-03-27,477.1099853515625,477.55999755859375,472.4100036621094,473.3900146484375,433.8796691894531,1273000,LMT
2023-03-28,474.0,475.6099853515625,471.1600036621094,471.44000244140625,432.0924072265625,1076100,LMT
2023-03-29,471.260009765625,474.29998779296875,470.67999267578125,474.19000244140625,434.6128234863281,1146400,LMT
2023-03-30,474.5400085449219,475.79998779296875,471.7300109863281,473.17999267578125,433.6871643066406,950300,LMT
2023-03-31,474.19000244140625,475.3500061035156,471.0299987792969,472.7300109863281,433.27471923828125,1409600,LMT
2023-04-03,473.0,487.8999938964844,472.75,486.6199951171875,446.0054626464844,1656700,LMT
2023-04-04,485.5899963378906,490.6300048828125,484.75,488.5400085449219,447.76519775390625,1081100,LMT
2023-04-05,488.0,493.8299865722656,487.0299987792969,489.989990234375,449.0941467285156,1305900,LMT
2023-04-06,491.4700012207031,496.9800109863281,489.010009765625,490.1700134277344,449.25909423828125,1093300,LMT
2023-04-10,491.7699890136719,498.4200134277344,491.7699890136719,496.75,455.28997802734375,1024400,LMT
2023-04-11,496.3800048828125,496.75,487.010009765625,487.8399963378906,447.1236877441406,1224200,LMT
2023-04-12,482.79998779296875,491.25,481.69000244140625,488.1000061035156,447.3619384765625,1105600,LMT
2023-04-13,486.82000732421875,493.510009765625,485.9800109863281,492.1400146484375,451.064697265625,909500,LMT
2023-04-14,489.94000244140625,491.5,485.1099853515625,487.989990234375,447.26104736328125,843200,LMT
2023-04-17,486.57000732421875,492.260009765625,486.57000732421875,489.6400146484375,448.77337646484375,1287800,LMT
2023-04-18,499.0,508.1000061035156,498.0,501.4100036621094,459.56103515625,2561800,LMT
2023-04-19,502.0,503.3299865722656,493.8800048828125,495.1600036621094,453.8326416015625,962200,LMT
2023-04-20,495.8299865722656,495.8299865722656,489.05999755859375,490.6000061035156,449.6532287597656,839900,LMT
2023-04-21,491.239990234375,491.2799987792969,480.6099853515625,482.54998779296875,442.27508544921875,1382500,LMT
2023-04-24,482.3900146484375,483.5299987792969,478.7200012207031,480.9200134277344,440.7811279296875,955200,LMT
2023-04-25,480.70001220703125,480.9200134277344,475.55999755859375,475.5799865722656,435.8868713378906,839100,LMT
2023-04-26,473.95001220703125,473.95001220703125,459.6000061035156,461.6199951171875,423.09197998046875,1571900,LMT
2023-04-27,461.8500061035156,466.3299865722656,461.1499938964844,465.0,426.1899108886719,1491400,LMT
2023-04-28,464.82000732421875,466.1600036621094,462.3999938964844,464.45001220703125,425.685791015625,1040300,LMT
2023-05-01,465.0400085449219,471.0799865722656,464.54998779296875,469.42999267578125,430.2501525878906,1524500,LMT
2023-05-02,468.3800048828125,468.5299987792969,457.25,458.8900146484375,420.58984375,1105500,LMT
2023-05-03,458.20001220703125,459.4700012207031,452.69000244140625,453.07000732421875,415.2556457519531,1116700,LMT
2023-05-04,453.6600036621094,454.0400085449219,446.2099914550781,451.92999267578125,414.21075439453125,962700,LMT
2023-05-05,452.69000244140625,457.1000061035156,452.0799865722656,455.5400085449219,417.5194396972656,930600,LMT
2023-05-08,456.489990234375,458.29998779296875,450.07000732421875,450.9599914550781,413.3216857910156,808300,LMT
2023-05-09,452.8999938964844,453.9100036621094,450.1000061035156,452.0400085449219,414.3116149902344,623800,LMT
2023-05-10,452.80999755859375,453.2900085449219,448.7099914550781,453.1499938964844,415.3288879394531,850900,LMT
2023-05-11,450.5799865722656,452.2200012207031,448.5400085449219,450.69000244140625,413.07427978515625,645400,LMT
2023-05-12,452.79998779296875,453.8699951171875,447.79998779296875,450.7900085449219,413.1658935546875,696500,LMT
2023-05-15,450.7900085449219,453.3500061035156,449.4200134277344,451.9200134277344,414.20159912109375,668300,LMT
2023-05-16,452.0899963378906,452.44000244140625,447.6600036621094,447.7300109863281,410.3612976074219,569500,LMT
2023-05-17,450.0,458.4100036621094,449.94000244140625,457.29998779296875,419.132568359375,1101900,LMT
2023-05-18,455.4100036621094,456.739990234375,449.3999938964844,455.75,417.7119140625,1456500,LMT
2023-05-19,457.0299987792969,458.2699890136719,452.8599853515625,454.489990234375,416.5570983886719,804100,LMT
2023-05-22,454.0,457.3699951171875,451.5899963378906,454.7200012207031,416.7678527832031,628000,LMT
2023-05-23,452.1099853515625,456.3999938964844,450.0,452.6300048828125,414.852294921875,1027200,LMT
2023-05-24,453.239990234375,456.739990234375,451.17999267578125,452.7200012207031,414.934814453125,858600,LMT
2023-05-25,451.5,451.5,439.70001220703125,442.8299865722656,405.8702392578125,1205000,LMT
2023-05-26,442.8599853515625,451.7699890136719,442.1000061035156,448.45001220703125,411.02117919921875,1135500,LMT
2023-05-30,448.0799865722656,449.04998779296875,444.239990234375,447.9700012207031,410.5812683105469,1163300,LMT
2023-05-31,444.6199951171875,445.92999267578125,443.0,444.010009765625,409.6954345703125,1673500,LMT
2023-06-01,445.6000061035156,450.7799987792969,443.4200134277344,449.6700134277344,414.9180908203125,878700,LMT
2023-06-02,452.1199951171875,456.3599853515625,450.55999755859375,454.489990234375,419.36553955078125,894700,LMT
2023-06-05,456.1400146484375,456.760009765625,452.4800109863281,454.69000244140625,419.55010986328125,807200,LMT
2023-06-06,456.5199890136719,459.3399963378906,454.3900146484375,458.6300048828125,423.1855773925781,816800,LMT
2023-06-07,458.1199951171875,463.75,455.010009765625,461.75,426.064453125,893100,LMT
2023-06-08,462.17999267578125,466.4200134277344,461.4599914550781,464.1700134277344,428.29736328125,863400,LMT
2023-06-09,465.3900146484375,465.3900146484375,460.3900146484375,462.69000244140625,426.93182373046875,713100,LMT
2023-06-12,462.7900085449219,462.8699951171875,458.17999267578125,459.8699951171875,424.3297119140625,954400,LMT
2023-06-13,456.010009765625,456.9700012207031,445.8900146484375,452.3699951171875,417.4093322753906,1486300,LMT
2023-06-14,451.4100036621094,453.4200134277344,448.57000732421875,452.54998779296875,417.575439453125,945700,LMT
2023-06-15,454.0,458.510009765625,453.9200134277344,455.95001220703125,420.7126770019531,892400,LMT
2023-06-16,457.7300109863281,461.7699890136719,456.6000061035156,459.1700134277344,423.683837890625,1642800,LMT
2023-06-20,459.4800109863281,461.8900146484375,457.4800109863281,458.3800048828125,422.9549255371094,774800,LMT
2023-06-21,461.05999755859375,467.1700134277344,458.010009765625,466.0400085449219,430.02288818359375,906900,LMT
2023-06-22,465.5199890136719,466.04998779296875,461.5,463.42999267578125,427.6146240234375,688500,LMT
2023-06-23,463.5199890136719,465.4200134277344,458.1300048828125,459.3599853515625,423.859130859375,1348200,LMT
2023-06-26,455.94000244140625,456.1600036621094,446.67999267578125,452.79998779296875,417.8061218261719,997200,LMT
2023-06-27,452.7900085449219,455.6300048828125,452.4200134277344,453.1499938964844,418.1290588378906,671100,LMT
2023-06-28,453.5799865722656,453.760009765625,447.4599914550781,449.6600036621094,414.9088134765625,848900,LMT
2023-06-29,449.9200134277344,457.5299987792969,448.7799987792969,457.44000244140625,422.0875549316406,684200,LMT
2023-06-30,459.239990234375,462.6700134277344,456.7900085449219,460.3800048828125,424.80029296875,982700,LMT
2023-07-03,460.0,463.3299865722656,457.54998779296875,462.5799865722656,426.83026123046875,385400,LMT
2023-07-05,461.57000732421875,463.3500061035156,458.94000244140625,462.760009765625,426.9963684082031,625500,LMT
2023-07-06,463.0,463.0,459.3399963378906,461.6400146484375,425.9629821777344,675900,LMT
2023-07-07,460.0,461.8900146484375,458.1000061035156,458.7099914550781,423.2594299316406,642200,LMT
2023-07-10,458.5,462.5899963378906,458.04998779296875,460.3800048828125,424.80029296875,718400,LMT
2023-07-11,461.2699890136719,467.1000061035156,459.7900085449219,466.2900085449219,430.2535400390625,709200,LMT
2023-07-12,467.20001220703125,467.2200012207031,461.1199951171875,461.9599914550781,426.2581481933594,1067100,LMT
2023-07-13,461.0,467.44000244140625,460.3299865722656,466.3800048828125,430.3366394042969,821700,LMT
2023-07-14,466.0,466.5199890136719,462.3599853515625,464.30999755859375,428.42657470703125,933200,LMT
2023-07-17,466.2900085449219,473.989990234375,465.6199951171875,469.9700012207031,433.649169921875,1886300,LMT
2023-07-18,474.3699951171875,479.5,454.2799987792969,455.70001220703125,420.4820251464844,3122600,LMT
2023-07-19,457.0,459.2799987792969,448.1099853515625,451.510009765625,416.61590576171875,2141500,LMT
2023-07-20,452.6300048828125,458.20001220703125,452.0,456.010009765625,420.76806640625,1353800,LMT
2023-07-21,454.80999755859375,456.94000244140625,453.3500061035156,454.760009765625,419.6146545410156,934300,LMT
2023-07-24,456.0,457.95001220703125,454.0400085449219,456.79998779296875,421.49700927734375,892200,LMT
2023-07-25,452.42999267578125,454.760009765625,447.4200134277344,454.1499938964844,419.0517883300781,1207800,LMT
2023-07-26,454.3299865722656,457.04998779296875,451.8699951171875,452.80999755859375,417.81536865234375,1322300,LMT
2023-07-27,451.5,452.4200134277344,445.32000732421875,448.6400146484375,413.9676818847656,1603600,LMT
2023-07-28,448.0,450.6499938964844,446.489990234375,449.0,414.2998046875,1163100,LMT
2023-07-31,449.7099914550781,449.7099914550781,444.6300048828125,446.3699951171875,411.8731384277344,1806000,LMT
2023-08-01,447.0299987792969,453.1199951171875,446.8999938964844,451.2799987792969,416.403564453125,1047900,LMT
2023-08-02,451.2799987792969,453.1300048828125,447.9100036621094,448.55999755859375,413.8938293457031,905700,LMT
2023-08-03,447.32000732421875,450.20001220703125,445.9800109863281,447.9200134277344,413.3033142089844,1240700,LMT
2023-08-04,448.5799865722656,450.2900085449219,445.30999755859375,445.7200012207031,411.2733459472656,846800,LMT
2023-08-07,447.32000732421875,450.4700012207031,446.2799987792969,449.7799987792969,415.01953125,746800,LMT
2023-08-08,449.0,450.510009765625,447.57000732421875,449.4700012207031,414.7334899902344,791600,LMT
2023-08-09,450.0799865722656,454.04998779296875,449.989990234375,452.80999755859375,417.81536865234375,1211700,LMT
2023-08-10,452.0,453.9700012207031,449.260009765625,450.04998779296875,415.2686462402344,688700,LMT
2023-08-11,451.17999267578125,454.0899963378906,450.5199890136719,454.04998779296875,418.95953369140625,690500,LMT
2023-08-14,454.5899963378906,455.6099853515625,449.6600036621094,450.0799865722656,415.2963562011719,752300,LMT
2023-08-15,448.0,450.0,443.2799987792969,443.5799865722656,409.2986755371094,725300,LMT
2023-08-16,442.8599853515625,447.0299987792969,442.29998779296875,445.1300048828125,410.7288818359375,822000,LMT
2023-08-17,446.6400146484375,450.2200012207031,446.44000244140625,446.67999267578125,412.1590881347656,635800,LMT
2023-08-18,445.4200134277344,455.3699951171875,445.3800048828125,450.05999755859375,415.27783203125,1075700,LMT
2023-08-21,449.8399963378906,453.0299987792969,449.0,451.489990234375,416.5973815917969,573500,LMT
2023-08-22,451.739990234375,453.8900146484375,450.4599914550781,452.94000244140625,417.935302734375,671800,LMT
2023-08-23,454.5799865722656,454.8900146484375,452.0899963378906,454.57000732421875,419.4393615722656,1043200,LMT
2023-08-24,453.260009765625,457.6700134277344,452.44000244140625,452.54998779296875,417.575439453125,697800,LMT
2023-08-25,455.260009765625,455.260009765625,449.05999755859375,451.0899963378906,416.2283020019531,785200,LMT
2023-08-28,450.80999755859375,453.3299865722656,450.2699890136719,452.32000732421875,417.36322021484375,641000,LMT
2023-08-29,452.32000732421875,453.260009765625,444.489990234375,448.3999938964844,413.7461853027344,1053700,LMT
2023-08-30,449.44000244140625,455.9200134277344,448.489990234375,452.4100036621094,417.44622802734375,875900,LMT
2023-08-31,450.82000732421875,453.6199951171875,448.1400146484375,448.3500061035156,416.4617004394531,826300,LMT
2023-09-01,450.32000732421875,451.8900146484375,447.7799987792969,448.17999267578125,416.3037414550781,668600,LMT
2023-09-05,448.0,448.3299865722656,445.04998779296875,445.19000244140625,413.5263671875,854000,LMT
2023-09-06,440.239990234375,441.3399963378906,423.6600036621094,423.94000244140625,393.7878112792969,2548000,LMT
2023-09-07,424.0,427.7799987792969,422.0,425.94000244140625,395.6455383300781,1195700,LMT
2023-09-08,426.3299865722656,426.44000244140625,422.25,423.0899963378906,392.99822998046875,1162300,LMT
2023-09-11,422.2200012207031,422.7300109863281,416.5199890136719,420.6600036621094,390.7410888671875,1618300,LMT
2023-09-12,419.5400085449219,420.1099853515625,415.94000244140625,417.8299865722656,388.1123352050781,1307700,LMT
2023-09-13,419.82000732421875,422.25,418.5799865722656,420.989990234375,391.0476379394531,971500,LMT
2023-09-14,420.7300109863281,426.6600036621094,420.7300109863281,425.8900146484375,395.59912109375,992400,LMT
2023-09-15,423.9100036621094,428.8800048828125,423.7099914550781,424.04998779296875,393.88995361328125,1681600,LMT
2023-09-18,427.6600036621094,431.45001220703125,426.6000061035156,429.8599853515625,399.28668212890625,951200,LMT
2023-09-19,430.25,431.0799865722656,425.05999755859375,425.30999755859375,395.060302734375,862300,LMT
2023-09-20,426.95001220703125,430.8500061035156,426.6700134277344,426.95001220703125,396.5837097167969,1044100,LMT
2023-09-21,425.7300109863281,426.6099853515625,417.19000244140625,417.5400085449219,387.8429870605469,1669400,LMT
2023-09-22,415.94000244140625,417.5,413.2300109863281,413.6499938964844,384.2296447753906,1453300,LMT
2023-09-25,413.2300109863281,413.95001220703125,411.510009765625,412.8999938964844,383.5329895019531,748300,LMT
2023-09-26,410.6300048828125,411.2699890136719,407.75,408.75,379.6781311035156,1108000,LMT
2023-09-27,409.17999267578125,410.0,405.7200012207031,408.7200012207031,379.65032958984375,1317700,LMT
2023-09-28,409.8999938964844,412.8599853515625,408.82000732421875,410.9599914550781,381.7309875488281,819700,LMT
2023-09-29,410.9599914550781,411.45001220703125,407.5899963378906,408.9599914550781,379.8731994628906,764100,LMT
2023-10-02,408.9599914550781,410.989990234375,405.8900146484375,407.82000732421875,378.8143615722656,733200,LMT
2023-10-03,407.3900146484375,407.5,402.5899963378906,403.8299865722656,375.1081237792969,899200,LMT
2023-10-04,400.6600036621094,402.0,397.1099853515625,401.3299865722656,372.78594970703125,1243400,LMT
2023-10-05,400.9599914550781,401.42999267578125,394.6199951171875,397.3500061035156,369.0889892578125,1162800,LMT
2023-10-06,395.3999938964844,402.4200134277344,393.7699890136719,400.7300109863281,372.22857666015625,1135600,LMT
2023-10-09,428.7200012207031,436.6000061035156,423.3900146484375,436.5299987792969,405.4822998046875,5343700,LMT
2023-10-10,441.5199890136719,442.6199951171875,432.5299987792969,435.1000061035156,404.1540832519531,2626200,LMT
2023-10-11,434.7200012207031,438.79998779296875,433.29998779296875,436.6499938964844,405.5938415527344,1419500,LMT
2023-10-12,438.04998779296875,439.0899963378906,430.1099853515625,434.1400146484375,403.2623291015625,1121900,LMT
2023-10-13,438.5299987792969,443.1199951171875,434.6700134277344,441.05999755859375,409.6901550292969,1519300,LMT
2023-10-16,439.4200134277344,443.5,434.3900146484375,440.4100036621094,409.08636474609375,1931300,LMT
2023-10-17,436.55999755859375,452.7900085449219,435.1300048828125,441.1300048828125,409.75518798828125,3103900,LMT
2023-10-18,443.30999755859375,447.8900146484375,440.2699890136719,446.07000732421875,414.3438415527344,2024100,LMT
2023-10-19,443.6600036621094,449.6700134277344,442.19000244140625,449.17999267578125,417.232666015625,2012400,LMT
2023-10-20,451.3699951171875,452.6000061035156,444.010009765625,444.1700134277344,412.5789794921875,1715100,LMT
2023-10-23,444.2099914550781,452.05999755859375,443.489990234375,446.1600036621094,414.4274597167969,1502400,LMT
2023-10-24,449.1300048828125,450.6099853515625,440.3399963378906,440.8999938964844,409.54150390625,1367100,LMT
2023-10-25,444.3399963378906,449.3800048828125,443.67999267578125,447.69000244140625,415.8486022949219,1228900,LMT
2023-10-26,448.010009765625,451.0899963378906,443.67999267578125,445.9700012207031,414.2509460449219,1432000,LMT
2023-10-27,443.4200134277344,447.6600036621094,440.239990234375,443.3900146484375,411.85443115234375,1288400,LMT
2023-10-30,444.4200134277344,446.8599853515625,442.79998779296875,445.8399963378906,414.13018798828125,948800,LMT
2023-10-31,447.29998779296875,455.1300048828125,445.4100036621094,454.6400146484375,422.3043212890625,1418700,LMT
2023-11-01,456.3299865722656,456.70001220703125,451.4599914550781,452.3800048828125,420.2050476074219,1267000,LMT
2023-11-02,450.75,458.2200012207031,450.75,458.0400085449219,425.4625244140625,1242000,LMT
2023-11-03,455.1099853515625,457.760009765625,451.1300048828125,453.3399963378906,421.09674072265625,1365400,LMT
2023-11-06,454.8399963378906,454.8399963378906,450.6400146484375,451.1600036621094,419.07177734375,1440800,LMT
2023-11-07,453.1600036621094,453.1600036621094,449.69000244140625,450.1499938964844,418.1336364746094,1220100,LMT
2023-11-08,450.1499938964844,451.7699890136719,444.0299987792969,444.6600036621094,413.0340881347656,1386400,LMT
2023-11-09,445.4100036621094,445.6099853515625,439.67999267578125,442.4599914550781,410.99053955078125,1775500,LMT
2023-11-10,444.010009765625,445.8299865722656,440.9700012207031,444.8699951171875,413.2291259765625,1525400,LMT
2023-11-13,445.0,448.57000732421875,443.2900085449219,445.0299987792969,413.3778381347656,1003800,LMT
2023-11-14,443.0,446.7300109863281,441.8599853515625,444.2200012207031,412.6253967285156,1336800,LMT
2023-11-15,443.4700012207031,448.010009765625,443.4700012207031,445.1400146484375,413.4800109863281,1098400,LMT
2023-11-16,445.79998779296875,447.6700134277344,443.54998779296875,445.5899963378906,413.89794921875,912900,LMT
2023-11-17,446.6400146484375,447.2300109863281,444.2200012207031,444.67999267578125,413.05267333984375,898600,LMT
2023-11-20,444.0299987792969,445.5899963378906,440.760009765625,443.80999755859375,412.2445373535156,982000,LMT
2023-11-21,445.0,448.57000732421875,444.1600036621094,448.1499938964844,416.2758483886719,1177800,LMT
2023-11-22,447.5,451.70001220703125,447.5,450.3999938964844,418.3658447265625,833800,LMT
2023-11-24,451.69000244140625,452.5899963378906,449.739990234375,452.010009765625,419.861328125,326600,LMT
2023-11-27,451.8599853515625,452.8299865722656,445.42999267578125,445.489990234375,413.8050537109375,1496900,LMT
2023-11-28,447.8599853515625,450.8800048828125,446.0,448.2699890136719,416.3873596191406,1124900,LMT
2023-11-29,449.5400085449219,449.5400085449219,443.9100036621094,445.010009765625,413.35919189453125,1272900,LMT
2023-11-30,443.0,447.8599853515625,442.510009765625,447.7699890136719,418.8879699707031,1514500,LMT
2023-12-01,448.3999938964844,450.6600036621094,448.1499938964844,449.4100036621094,420.4222106933594,856900,LMT
2023-12-04,447.3699951171875,450.9599914550781,446.1099853515625,450.69000244140625,421.6196594238281,1265700,LMT
2023-12-05,450.2900085449219,450.6400146484375,445.8999938964844,446.239990234375,417.4566345214844,1055700,LMT
2023-12-06,445.5,450.44000244140625,445.5,449.4100036621094,420.4222106933594,864100,LMT
2023-12-07,450.4200134277344,451.3900146484375,446.2900085449219,447.1099853515625,418.2705078125,861100,LMT
2023-12-08,448.57000732421875,450.5299987792969,447.4599914550781,448.0199890136719,419.12188720703125,761100,LMT
2023-12-11,451.8800048828125,453.260009765625,449.510009765625,451.260009765625,422.15289306640625,1021600,LMT
2023-12-12,451.67999267578125,453.75,450.3699951171875,451.6300048828125,422.4990539550781,1008200,LMT
2023-12-13,452.95001220703125,454.19000244140625,450.5,451.44000244140625,422.3212890625,1300300,LMT
2023-12-14,450.510009765625,450.8699951171875,441.44000244140625,445.2699890136719,416.54925537109375,1891000,LMT
2023-12-15,441.0,444.54998779296875,438.7099914550781,441.80999755859375,413.3124084472656,3973400,LMT
2023-12-18,442.7099914550781,447.260009765625,442.2699890136719,446.9100036621094,418.08343505859375,1197300,LMT
2023-12-19,447.67999267578125,448.5899963378906,446.1499938964844,447.7900085449219,418.9067077636719,695000,LMT
2023-12-20,448.0400085449219,448.54998779296875,442.57000732421875,442.6000061035156,414.0514831542969,1306800,LMT
2023-12-21,444.239990234375,448.1000061035156,444.2200012207031,448.0199890136719,419.12188720703125,637200,LMT
2023-12-22,450.0,451.739990234375,448.1099853515625,448.2200012207031,419.3089904785156,623600,LMT
2023-12-26,448.1499938964844,451.44000244140625,447.82000732421875,450.17999267578125,421.14251708984375,516900,LMT
2023-12-27,448.54998779296875,451.0199890136719,448.4100036621094,448.9700012207031,420.0105895996094,699900,LMT
2023-12-28,448.9700012207031,451.8299865722656,448.4599914550781,451.2300109863281,422.1247863769531,741800,LMT
2023-12-29,452.0,453.5,451.1499938964844,453.239990234375,424.00518798828125,832400,LMT
2024-01-02,454.29998779296875,462.04998779296875,454.29998779296875,456.1199951171875,426.6994323730469,1206500,LMT
2024-01-03,458.7900085449219,464.1000061035156,457.80999755859375,459.1199951171875,429.505859375,1174300,LMT
2024-01-04,462.30999755859375,463.95001220703125,457.7699890136719,457.8699951171875,428.3365783691406,1087700,LMT
2024-01-05,460.0400085449219,460.1099853515625,453.2699890136719,456.5,427.0549621582031,705300,LMT
2024-01-08,454.4100036621094,458.69000244140625,453.5299987792969,458.6000061035156,429.01947021484375,716000,LMT
2024-01-09,458.54998779296875,458.6099853515625,453.2699890136719,456.2900085449219,426.85845947265625,732900,LMT
2024-01-10,456.20001220703125,459.6600036621094,454.7799987792969,455.3999938964844,426.0258483886719,666100,LMT
2024-01-11,456.55999755859375,457.79998779296875,449.3599853515625,453.1300048828125,423.9022521972656,784800,LMT
2024-01-12,457.3699951171875,463.3800048828125,456.5299987792969,463.17999267578125,433.30401611328125,966500,LMT
2024-01-16,466.2699890136719,466.2699890136719,456.3599853515625,457.8399963378906,428.3084716796875,814900,LMT
2024-01-17,457.6700134277344,462.7900085449219,455.0799865722656,456.4700012207031,427.02685546875,920800,LMT
2024-01-18,456.1000061035156,459.9800109863281,453.5400085449219,459.57000732421875,429.92694091796875,780300,LMT
2024-01-19,460.55999755859375,460.8500061035156,455.9599914550781,457.760009765625,428.2336120605469,866600,LMT
2024-01-22,457.5899963378906,460.8299865722656,455.44000244140625,458.760009765625,429.16912841796875,1216800,LMT
2024-01-23,458.5899963378906,459.0,433.8900146484375,439.6700134277344,411.3104553222656,3613500,LMT
2024-01-24,439.5199890136719,443.20001220703125,431.54998779296875,431.6499938964844,403.8077392578125,1768900,LMT
2024-01-25,430.0,433.94000244140625,425.75,431.0400085449219,403.23712158203125,1813900,LMT
2024-01-26,431.9700012207031,433.4200134277344,426.7099914550781,429.9100036621094,402.1800231933594,1260500,LMT
2024-01-29,431.0,432.0299987792969,425.57000732421875,428.010009765625,400.4025573730469,1903300,LMT
2024-01-30,431.2699890136719,431.8500061035156,427.7799987792969,431.67999267578125,403.8357849121094,1016400,LMT
2024-01-31,432.3500061035156,433.7200012207031,429.05999755859375,429.4100036621094,401.7122802734375,1120100,LMT
2024-02-01,430.2300109863281,431.7699890136719,426.70001220703125,429.7699890136719,402.0490417480469,1175000,LMT
2024-02-02,428.1400146484375,428.8999938964844,424.3800048828125,425.9700012207031,398.494140625,973900,LMT
2024-02-05,424.0,424.3699951171875,419.8299865722656,421.70001220703125,394.49957275390625,1379600,LMT
2024-02-06,421.9800109863281,429.0199890136719,420.3599853515625,426.95001220703125,399.41094970703125,1065700,LMT
2024-02-07,426.5400085449219,430.2900085449219,426.5400085449219,430.1000061035156,402.3577575683594,980700,LMT
2024-02-08,429.3599853515625,429.75,425.7300109863281,427.0,399.45770263671875,972200,LMT
2024-02-09,427.5299987792969,427.6700134277344,424.4700012207031,426.5,398.9899597167969,1038600,LMT
2024-02-12,426.75,430.54998779296875,426.0,428.07000732421875,400.4587097167969,1007200,LMT
2024-02-13,429.3399963378906,431.8999938964844,423.239990234375,426.5199890136719,399.0086669921875,1089300,LMT
2024-02-14,427.67999267578125,428.5,413.9200134277344,418.19000244140625,391.2159729003906,2503800,LMT
2024-02-15,418.5799865722656,423.3500061035156,418.5799865722656,423.1199951171875,395.82794189453125,1136700,LMT
2024-02-16,423.1199951171875,425.1600036621094,422.5400085449219,424.07000732421875,396.7167053222656,806000,LMT
2024-02-20,425.19000244140625,428.2900085449219,423.7699890136719,424.2699890136719,396.90380859375,1363900,LMT
2024-02-21,426.2099914550781,428.2200012207031,424.3699951171875,427.54998779296875,399.97222900390625,969600,LMT
2024-02-22,425.0899963378906,429.4800109863281,423.8299865722656,428.8900146484375,401.22576904296875,1236900,LMT
2024-02-23,428.8699951171875,431.42999267578125,428.20001220703125,431.1199951171875,403.3118896484375,842200,LMT
2024-02-26,431.5,432.45001220703125,426.7900085449219,429.17999267578125,401.4970397949219,980600,LMT
2024-02-27,428.67999267578125,431.2300109863281,426.5,430.42999267578125,402.6664733886719,887000,LMT
2024-02-28,431.8800048828125,435.0199890136719,430.8399963378906,432.4800109863281,404.58428955078125,1029300,LMT
2024-02-29,429.3299865722656,430.75,427.55999755859375,428.239990234375,403.5570373535156,1503100,LMT
2024-03-01,427.8999938964844,428.9100036621094,424.0,426.4599914550781,401.879638671875,1059000,LMT
2024-03-04,428.57000732421875,433.8800048828125,426.95001220703125,431.94000244140625,407.0438232421875,1271900,LMT
2024-03-05,433.739990234375,436.010009765625,429.760009765625,431.9800109863281,407.0815124511719,1038000,LMT
2024-03-06,431.9800109863281,433.80999755859375,430.9200134277344,433.4800109863281,408.4950866699219,775300,LMT
2024-03-07,434.0,435.5799865722656,429.4800109863281,429.989990234375,405.2061767578125,1085800,LMT
2024-03-08,428.5,432.9800109863281,427.57000732421875,432.8999938964844,407.9484558105469,763200,LMT
2024-03-11,434.30999755859375,436.010009765625,432.6000061035156,434.75,409.6917724609375,951000,LMT
2024-03-12,432.9200134277344,435.7799987792969,432.3500061035156,434.9100036621094,409.8426208496094,825100,LMT
2024-03-13,435.7099914550781,437.7900085449219,433.739990234375,434.6000061035156,409.5505065917969,987100,LMT
2024-03-14,436.3599853515625,437.6099853515625,433.29998779296875,435.7699890136719,410.65301513671875,1153600,LMT
2024-03-15,433.1499938964844,438.2099914550781,433.1499938964844,435.82000732421875,410.70013427734375,5151300,LMT
2024-03-18,435.82000732421875,436.0899963378906,431.67999267578125,433.20001220703125,408.231201171875,965300,LMT
2024-03-19,435.25,437.2900085449219,433.9800109863281,437.19000244140625,411.9911804199219,898700,LMT
2024-03-20,437.0299987792969,440.9599914550781,436.55999755859375,440.4100036621094,415.02557373046875,845000,LMT
2024-03-21,441.3599853515625,443.8900146484375,439.3299865722656,443.1600036621094,417.61712646484375,912100,LMT
2024-03-22,444.5,446.25,443.6700134277344,445.8800048828125,420.18035888671875,1008300,LMT
2024-03-25,447.8599853515625,448.54998779296875,444.80999755859375,446.30999755859375,420.5854797363281,775000,LMT
2024-03-26,446.5,448.6199951171875,445.8599853515625,445.989990234375,420.2839660644531,766700,LMT
2024-03-27,447.8800048828125,457.1099853515625,447.8599853515625,456.7799987792969,430.4520568847656,1277700,LMT
2024-03-28,456.79998779296875,457.1099853515625,453.95001220703125,454.8699951171875,428.6521911621094,1119500,LMT
2024-04-01,454.1400146484375,455.3599853515625,451.2200012207031,452.7900085449219,426.6920166015625,717100,LMT
2024-04-02,453.6300048828125,455.69000244140625,452.55999755859375,453.239990234375,427.1160888671875,837900,LMT
2024-04-03,452.9200134277344,454.1499938964844,447.5899963378906,447.8999938964844,422.0838928222656,758600,LMT
2024-04-04,450.260009765625,455.9800109863281,447.1499938964844,454.0400085449219,427.8699645996094,1398300,LMT
2024-04-05,452.4100036621094,455.57000732421875,449.8500061035156,455.3800048828125,429.1328125,892100,LMT
2024-04-08,456.0,457.0,452.2699890136719,452.3800048828125,426.3056945800781,751100,LMT
2024-04-09,448.69000244140625,452.05999755859375,446.17999267578125,447.57000732421875,421.7729187011719,842800,LMT
2024-04-10,444.69000244140625,452.6099853515625,442.8399963378906,451.7099914550781,425.6742858886719,1247700,LMT
2024-04-11,451.5,453.75,448.95001220703125,452.32000732421875,426.2491149902344,942800,LMT
2024-04-12,454.1099853515625,457.9800109863281,450.1099853515625,450.3999938964844,424.43975830078125,1251200,LMT
2024-04-15,458.989990234375,459.29998779296875,451.6300048828125,453.0799865722656,426.96527099609375,2442100,LMT
2024-04-16,454.7099914550781,458.8500061035156,453.6300048828125,454.30999755859375,428.1243896484375,1452300,LMT
2024-04-17,456.7099914550781,457.239990234375,451.7300109863281,456.04998779296875,429.7641296386719,848300,LMT
2024-04-18,454.8399963378906,458.04998779296875,454.2699890136719,456.0899963378906,429.80181884765625,714900,LMT
2024-04-19,457.79998779296875,465.3599853515625,457.2799987792969,463.8699951171875,437.1333923339844,1388000,LMT
2024-04-22,465.2300109863281,469.5400085449219,460.4100036621094,461.3299865722656,434.73980712890625,1820900,LMT
2024-04-23,466.1099853515625,473.5400085449219,457.6600036621094,460.0799865722656,433.56182861328125,1789500,LMT
2024-04-24,462.70001220703125,463.69000244140625,456.05999755859375,459.1400146484375,432.676025390625,1018900,LMT
2024-04-25,457.95001220703125,465.6000061035156,457.5299987792969,464.7799987792969,437.9909973144531,927700,LMT
2024-04-26,463.8999938964844,466.0,459.1700134277344,461.2900085449219,434.7021484375,858000,LMT
2024-04-29,461.989990234375,467.6499938964844,461.9599914550781,467.54998779296875,440.601318359375,951500,LMT
2024-04-30,467.0799865722656,467.9800109863281,463.6199951171875,464.92999267578125,438.1322937011719,711800,LMT
2024-05-01,462.6099853515625,465.3999938964844,460.55999755859375,461.7300109863281,435.1167297363281,994700,LMT
2024-05-02,461.1000061035156,463.6000061035156,459.0,463.20001220703125,436.50201416015625,1011400,LMT
2024-05-03,462.92999267578125,462.92999267578125,457.1700134277344,461.9100036621094,435.286376953125,910700,LMT
2024-05-06,463.1600036621094,463.5,460.17999267578125,462.7799987792969,436.1062316894531,796300,LMT
2024-05-07,464.0,466.80999755859375,463.1600036621094,466.67999267578125,439.7814636230469,723400,LMT
2024-05-08,467.5,468.0,463.7799987792969,466.1600036621094,439.2914123535156,599000,LMT
2024-05-09,466.0799865722656,468.760009765625,465.2099914550781,468.3900146484375,441.39288330078125,594800,LMT
2024-05-10,469.0,470.6199951171875,467.9800109863281,468.8800048828125,441.8546447753906,482500,LMT
2024-05-13,469.8800048828125,472.3500061035156,469.5,470.55999755859375,443.4378662109375,634300,LMT
2024-05-14,471.1099853515625,471.1099853515625,466.79998779296875,467.17999267578125,440.25262451171875,565500,LMT
2024-05-15,466.2799987792969,467.3999938964844,463.510009765625,464.0799865722656,437.3312683105469,803900,LMT
2024-05-16,463.6000061035156,468.32000732421875,453.0,464.8299865722656,438.0380554199219,1130800,LMT
2024-05-17,465.8399963378906,467.0,463.1499938964844,466.20001220703125,439.3291320800781,677200,LMT
2024-05-20,467.7699890136719,468.7699890136719,464.9200134277344,467.0799865722656,440.1583557128906,735200,LMT
2024-05-21,468.0,469.1199951171875,466.8399963378906,468.30999755859375,441.3174743652344,558900,LMT
2024-05-22,467.4700012207031,469.8999938964844,466.7799987792969,469.7099914550781,442.63677978515625,548700,LMT
2024-05-23,468.0899963378906,469.67999267578125,466.2300109863281,467.0799865722656,440.1583557128906,867000,LMT
2024-05-24,467.6700134277344,468.6600036621094,465.4700012207031,467.3500061035156,440.4128723144531,513700,LMT
2024-05-28,465.6099853515625,466.0,457.25,458.4800109863281,432.0541076660156,1150400,LMT
2024-05-29,455.9800109863281,456.0,451.79998779296875,452.7200012207031,426.62603759765625,1268000,LMT
2024-05-30,455.0,462.94000244140625,455.0,460.94000244140625,434.3722839355469,1173600,LMT
2024-05-31,460.8999938964844,470.3599853515625,459.489990234375,470.3399963378906,443.23046875,1651600,LMT
2024-06-03,466.0,470.5199890136719,465.010009765625,467.6000061035156,443.6194763183594,990100,LMT
2024-06-04,467.510009765625,470.1600036621094,466.1600036621094,468.8900146484375,444.84332275390625,845800,LMT
2024-06-05,468.4200134277344,468.8500061035156,463.6199951171875,465.2300109863281,441.37103271484375,915300,LMT
2024-06-06,465.2300109863281,469.7900085449219,464.3500061035156,468.6199951171875,444.587158203125,768100,LMT
2024-06-07,468.80999755859375,475.2900085449219,468.6199951171875,470.1300048828125,446.01971435546875,1042800,LMT
2024-06-10,470.75,470.75,465.760009765625,467.4599914550781,443.4866638183594,900400,LMT
2024-06-11,465.67999267578125,466.5799865722656,462.5799865722656,462.79998779296875,439.0655822753906,908300,LMT
2024-06-12,462.29998779296875,463.2300109863281,457.6700134277344,459.1099853515625,435.5648193359375,1026400,LMT
2024-06-13,458.6400146484375,459.75,456.010009765625,458.55999755859375,435.0430908203125,742000,LMT
2024-06-14,456.5,458.55999755859375,454.44000244140625,458.3399963378906,434.8343505859375,702800,LMT
2024-06-17,457.75,459.19000244140625,456.30999755859375,459.010009765625,435.4700012207031,669700,LMT
2024-06-18,459.79998779296875,460.70001220703125,457.3900146484375,460.0,436.4091796875,657900,LMT
2024-06-20,460.0,467.489990234375,459.1600036621094,466.3399963378906,442.424072265625,1041400,LMT
2024-06-21,467.1499938964844,469.79998779296875,463.6499938964844,467.6000061035156,443.6194763183594,3363500,LMT
2024-06-24,468.9599914550781,475.69000244140625,467.82000732421875,471.510009765625,447.3289489746094,1031500,LMT
2024-06-25,470.82000732421875,471.6199951171875,466.6600036621094,468.07000732421875,444.0653381347656,711200,LMT
2024-06-26,467.0,468.1000061035156,463.7200012207031,466.989990234375,443.0407409667969,932100,LMT
2024-06-27,468.8800048828125,468.8800048828125,465.30999755859375,467.1300048828125,443.17352294921875,871000,LMT
2024-06-28,470.04998779296875,471.75,464.8699951171875,467.1000061035156,443.1451416015625,3472500,LMT
2024-07-01,470.7699890136719,471.67999267578125,464.760009765625,466.44000244140625,442.5189514160156,562500,LMT
2024-07-02,465.6000061035156,466.6700134277344,464.0199890136719,465.70001220703125,441.8169250488281,502500,LMT
2024-07-03,465.489990234375,466.4700012207031,464.1300048828125,466.0299987792969,442.1299743652344,313300,LMT
2024-07-05,464.9800109863281,465.0,459.69000244140625,462.1600036621094,438.4584655761719,631400,LMT
2024-07-08,462.67999267578125,464.57000732421875,461.1199951171875,461.760009765625,438.0789794921875,447700,LMT
2024-07-09,461.70001220703125,462.6199951171875,459.760009765625,460.29998779296875,436.69378662109375,537100,LMT
2024-07-10,460.3699951171875,461.3900146484375,457.25,461.010009765625,437.3674621582031,656000,LMT
2024-07-11,459.9200134277344,465.7699890136719,456.1099853515625,460.3800048828125,436.7697448730469,1132900,LMT
2024-07-12,462.3599853515625,464.8999938964844,459.5299987792969,463.7300109863281,439.9479675292969,579400,LMT
2024-07-15,466.7099914550781,467.25,462.7799987792969,463.8800048828125,440.09027099609375,783000,LMT
2024-07-16,463.75,469.19000244140625,463.75,468.5799865722656,444.5491638183594,736400,LMT
2024-07-17,470.0,476.7799987792969,469.70001220703125,476.07000732421875,451.6551208496094,1123100,LMT
2024-07-18,474.5,480.8599853515625,473.0199890136719,476.0,451.5887145996094,981100,LMT
2024-07-19,479.5400085449219,479.5400085449219,472.80999755859375,474.9200134277344,450.5640563964844,889400,LMT
2024-07-22,475.0,476.1300048828125,472.8500061035156,474.5899963378906,450.2509765625,881600,LMT
2024-07-23,488.8399963378906,501.7699890136719,482.8599853515625,501.2900085449219,475.5816955566406,2579100,LMT
2024-07-24,505.0,519.5900268554688,501.4100036621094,515.2000122070312,488.7783508300781,2580100,LMT
2024-07-25,515.0,526.6900024414062,512.8699951171875,521.4000244140625,494.66046142578125,1923900,LMT
2024-07-26,522.2899780273438,528.6400146484375,520.010009765625,524.7999877929688,497.8860168457031,1141300,LMT
2024-07-29,523.0,529.4600219726562,519.260009765625,527.6400146484375,500.5803527832031,961200,LMT
2024-07-30,527.9500122070312,538.4600219726562,525.030029296875,537.6599731445312,510.08648681640625,1234200,LMT
2024-07-31,543.0,547.0,538.1799926757812,541.9199829101562,514.1280517578125,1481500,LMT
2024-08-01,544.0399780273438,549.1199951171875,540.6900024414062,548.8599853515625,520.712158203125,1271700,LMT
2024-08-02,551.1199951171875,561.1199951171875,541.3900146484375,548.77001953125,520.6267700195312,1484800,LMT
2024-08-05,553.1599731445312,562.5999755859375,538.239990234375,545.3800048828125,517.4105834960938,1683800,LMT
2024-08-06,545.97998046875,549.47998046875,541.1400146484375,541.5599975585938,513.7864990234375,1033700,LMT
2024-08-07,539.8699951171875,552.1699829101562,536.739990234375,548.510009765625,520.3800048828125,1306600,LMT
2024-08-08,545.510009765625,553.6799926757812,543.6900024414062,551.6199951171875,523.33056640625,846300,LMT
2024-08-09,552.1599731445312,553.6099853515625,548.1300048828125,551.5800170898438,523.2926025390625,825100,LMT
2024-08-12,551.0700073242188,557.5599975585938,550.4000244140625,556.9099731445312,528.3492431640625,793700,LMT
2024-08-13,556.9000244140625,559.6900024414062,552.3099975585938,559.4199829101562,530.73046875,793600,LMT
2024-08-14,558.0800170898438,564.219970703125,557.0,563.219970703125,534.3356323242188,796700,LMT
2024-08-15,561.7999877929688,564.0800170898438,558.8300170898438,560.2899780273438,531.555908203125,974600,LMT
2024-08-16,561.2999877929688,562.4199829101562,557.0,560.1300048828125,531.4041137695312,912000,LMT
2024-08-19,555.3200073242188,562.760009765625,555.25,558.3900146484375,529.7533569335938,709700,LMT
2024-08-20,557.969970703125,558.9000244140625,550.9600219726562,557.010009765625,528.4441528320312,972200,LMT
2024-08-21,558.3800048828125,559.989990234375,553.3099975585938,553.760009765625,525.3607788085938,883100,LMT
2024-08-22,554.1799926757812,558.1799926757812,553.27001953125,557.030029296875,528.4630737304688,774500,LMT
2024-08-23,558.0,558.8699951171875,552.780029296875,555.010009765625,526.5468139648438,870400,LMT
2024-08-26,556.1099853515625,560.1400146484375,556.1099853515625,558.0999755859375,529.478271484375,795400,LMT
2024-08-27,559.4500122070312,562.1900024414062,557.02001953125,560.4099731445312,531.6697387695312,749600,LMT
2024-08-28,562.2000122070312,568.72998046875,561.780029296875,563.97998046875,535.0565795898438,829300,LMT
2024-08-29,564.0,568.5700073242188,563.0,566.8499755859375,537.7794189453125,662300,LMT
2024-08-30,564.969970703125,569.0900268554688,562.5499877929688,568.0999755859375,538.9653930664062,1082800,LMT
2024-09-03,567.3300170898438,572.0,565.1900024414062,567.219970703125,541.1309204101562,1266900,LMT
2024-09-04,569.3400268554688,578.72998046875,568.719970703125,574.780029296875,548.3433227539062,941700,LMT
2024-09-05,575.2000122070312,575.9199829101562,564.4099731445312,568.5900268554688,542.43798828125,841000,LMT
2024-09-06,569.0499877929688,572.1099853515625,564.9500122070312,566.6300048828125,540.568115234375,976700,LMT
2024-09-09,567.510009765625,578.0,567.47998046875,576.5700073242188,550.0509033203125,810200,LMT
2024-09-10,577.5599975585938,577.8499755859375,570.4199829101562,572.1900024414062,545.8723754882812,756400,LMT
2024-09-11,571.2000122070312,572.4099731445312,561.0700073242188,566.9600219726562,540.8829345703125,809200,LMT
2024-09-12,565.0,568.969970703125,563.9000244140625,568.27001953125,542.1327514648438,739400,LMT
2024-09-13,567.0,572.4600219726562,564.530029296875,569.9099731445312,543.697265625,638800,LMT
2024-09-16,574.4099731445312,577.0,568.989990234375,572.9199829101562,546.56884765625,597700,LMT
2024-09-17,566.6599731445312,568.1099853515625,563.5999755859375,567.010009765625,540.9306640625,739900,LMT
2024-09-18,566.3200073242188,569.5399780273438,562.280029296875,565.489990234375,539.4805297851562,731700,LMT
2024-09-19,566.469970703125,567.530029296875,562.1599731445312,565.1799926757812,539.1847534179688,917500,LMT
2024-09-20,563.0800170898438,573.5,562.9400024414062,571.9199829101562,545.6148071289062,3794400,LMT
2024-09-23,571.5,581.75,570.8200073242188,580.510009765625,553.8096923828125,884500,LMT
2024-09-24,578.9299926757812,581.1599731445312,576.1500244140625,578.6300048828125,552.0161743164062,690100,LMT
2024-09-25,581.5599975585938,583.75,576.8599853515625,577.9400024414062,551.35791015625,844500,LMT
2024-09-26,575.0,582.530029296875,574.4400024414062,577.4000244140625,550.8427734375,746200,LMT
2024-09-27,577.6500244140625,584.0700073242188,575.3300170898438,582.3599853515625,555.5745849609375,848100,LMT
2024-09-30,584.1400146484375,584.9500122070312,579.2100219726562,584.5599975585938,557.6734008789062,974900,LMT
2024-10-01,586.1199951171875,611.489990234375,581.9099731445312,605.8599853515625,577.99365234375,2356200,LMT
2024-10-02,604.9400024414062,610.0,601.4199829101562,603.2000122070312,575.4561157226562,1192500,LMT
2024-10-03,604.4400024414062,609.0,601.0,605.8200073242188,577.9556274414062,856600,LMT
2024-10-04,603.6599731445312,606.2899780273438,599.3200073242188,605.1300048828125,577.2974243164062,559800,LMT
2024-10-07,607.0,611.5900268554688,604.0,605.5399780273438,577.6884155273438,1102200,LMT
2024-10-08,607.219970703125,610.75,603.0900268554688,608.0499877929688,580.0830688476562,571800,LMT
2024-10-09,606.7100219726562,607.1400146484375,603.02001953125,605.1099853515625,577.2782592773438,543800,LMT
2024-10-10,606.1099853515625,607.2899780273438,596.219970703125,597.489990234375,570.0087890625,853700,LMT
2024-10-11,600.5800170898438,604.5499877929688,600.0900268554688,604.1699829101562,576.3814697265625,526000,LMT
2024-10-14,606.0,611.989990234375,603.780029296875,610.8699951171875,582.7733764648438,562300,LMT
2024-10-15,612.5,614.6199951171875,603.719970703125,605.0,577.1732788085938,849600,LMT
2024-10-16,603.0,613.010009765625,602.6199951171875,612.8300170898438,584.6431884765625,549200,LMT
2024-10-17,612.8300170898438,614.47998046875,607.239990234375,609.6199951171875,581.5808715820312,617500,LMT
2024-10-18,611.3900146484375,613.3699951171875,608.489990234375,611.8099975585938,583.6701049804688,864100,LMT
2024-10-21,615.6400146484375,618.9500122070312,611.3599853515625,614.6099853515625,586.34130859375,1017500,LMT
2024-10-22,606.9000244140625,608.3400268554688,574.0,576.97998046875,550.4420166015625,2259200,LMT
2024-10-23,577.02001953125,582.1799926757812,571.0,571.0999755859375,544.83251953125,1402200,LMT
2024-10-24,570.72998046875,573.9299926757812,564.1799926757812,564.2100219726562,538.2593994140625,1102800,LMT
2024-10-25,566.7000122070312,569.97998046875,561.0999755859375,562.2899780273438,536.427734375,1077600,LMT
2024-10-28,563.0,563.1599731445312,554.5,555.1699829101562,529.6351318359375,1278700,LMT
2024-10-29,552.7999877929688,553.4000244140625,546.4099731445312,546.7999877929688,521.650146484375,1041700,LMT
2024-10-30,546.9000244140625,551.260009765625,543.2000122070312,545.9400024414062,520.8297119140625,1005200,LMT
2024-10-31,547.0399780273438,551.6799926757812,542.6699829101562,546.0499877929688,520.9346313476562,1245300,LMT
2024-11-01,548.0,549.3300170898438,544.6199951171875,545.3499755859375,520.266845703125,792600,LMT
2024-11-04,545.7000122070312,548.8099975585938,540.4099731445312,543.0999755859375,518.1202392578125,827600,LMT
2024-11-05,545.0,547.1699829101562,542.0,546.75,521.6025390625,610100,LMT
2024-11-06,561.4000244140625,561.4000244140625,540.0,551.8200073242188,526.4393310546875,1751300,LMT
2024-11-07,555.0,557.0,549.6699829101562,551.8400268554688,526.4584350585938,818200,LMT
2024-11-08,555.469970703125,566.8099975585938,554.719970703125,564.5599975585938,538.5933227539062,1165700,LMT
2024-11-11,570.219970703125,576.1500244140625,569.7999877929688,570.5800170898438,544.3365478515625,1171400,LMT
2024-11-12,574.3200073242188,576.4299926757812,564.7999877929688,565.9600219726562,539.928955078125,1133500,LMT
2024-11-13,564.0,565.0,556.3300170898438,557.72998046875,532.077392578125,1118300,LMT
2024-11-14,561.3499755859375,561.3499755859375,533.7899780273438,538.989990234375,514.199462890625,1972700,LMT
2024-11-15,537.8699951171875,542.5399780273438,531.4199829101562,534.8300170898438,510.2307434082031,1757100,LMT
2024-11-18,536.4000244140625,537.97998046875,528.739990234375,530.9600219726562,506.5387878417969,1298400,LMT
2024-11-19,537.0800170898438,539.3200073242188,531.2100219726562,533.260009765625,508.73297119140625,935700,LMT
2024-11-20,534.1799926757812,535.22998046875,529.2000122070312,534.72998046875,510.1352844238281,994300,LMT
2024-11-21,535.1400146484375,544.6799926757812,533.719970703125,542.010009765625,517.0804443359375,1321700,LMT
2024-11-22,545.0,546.0,539.9199829101562,542.219970703125,517.2808227539062,1311000,LMT
2024-11-25,532.97998046875,534.1599731445312,514.9000244140625,521.8900146484375,497.8859558105469,3613500,LMT
2024-11-26,519.3900146484375,524.0599975585938,519.3900146484375,521.4500122070312,497.4661865234375,1345800,LMT
2024-11-27,523.5399780273438,529.989990234375,523.1699829101562,525.75,501.5683288574219,890400,LMT
2024-11-29,527.77001953125,529.47998046875,524.5900268554688,529.4099731445312,505.05999755859375,658200,LMT
2024-12-02,525.25,526.7899780273438,519.2999877929688,520.3400268554688,499.5209655761719,1115600,LMT
2024-12-03,520.1400146484375,521.5,516.25,517.0,496.31451416015625,1188400,LMT
2024-12-04,516.1300048828125,519.8300170898438,513.1400146484375,517.5,496.7945251464844,1542800,LMT
2024-12-05,517.4199829101562,520.5599975585938,514.010009765625,517.47998046875,496.7752990722656,1113400,LMT
2024-12-06,515.719970703125,517.4400024414062,509.6000061035156,513.030029296875,492.50341796875,1284700,LMT
2024-12-09,511.19000244140625,516.3599853515625,508.54998779296875,510.010009765625,489.6042175292969,1170500,LMT
2024-12-10,509.1600036621094,514.6099853515625,508.1000061035156,512.9400024414062,492.4169921875,1178900,LMT
2024-12-11,513.7999877929688,514.0,503.30999755859375,504.239990234375,484.0650329589844,1308000,LMT
2024-12-12,500.0,501.1000061035156,488.7099914550781,496.5799865722656,476.7115173339844,1862800,LMT
2024-12-13,495.57000732421875,499.2200012207031,492.17999267578125,494.6499938964844,474.8587341308594,990100,LMT
2024-12-16,494.79998779296875,494.79998779296875,490.1499938964844,491.6499938964844,471.9787902832031,1483700,LMT
2024-12-17,489.05999755859375,493.0,487.760009765625,490.6099853515625,470.98040771484375,1354500,LMT
2024-12-18,489.5,490.239990234375,482.4100036621094,482.94000244140625,463.61724853515625,1424400,LMT
2024-12-19,480.0,484.0,477.30999755859375,479.6600036621094,460.468505859375,1250400,LMT
2024-12-20,479.45001220703125,489.0199890136719,477.7699890136719,489.0199890136719,469.4540100097656,3973500,LMT
2024-12-23,487.42999267578125,488.8500061035156,481.8299865722656,486.489990234375,467.02520751953125,1053900,LMT
2024-12-24,486.05999755859375,488.7300109863281,484.010009765625,488.1300048828125,468.599609375,375900,LMT
2024-12-26,488.0,493.4700012207031,486.2699890136719,489.9800109863281,470.3756103515625,662100,LMT
2024-12-27,488.3800048828125,493.3999938964844,486.3800048828125,488.9700012207031,469.4060363769531,820600,LMT
2024-12-30,486.0,486.54998779296875,481.8500061035156,483.3699951171875,464.0300598144531,887600,LMT
2024-12-31,484.3800048828125,486.5299987792969,482.0,485.94000244140625,466.4972229003906,731900,LMT
2025-01-02,485.94000244140625,489.7200012207031,481.4200134277344,482.25,462.95489501953125,953700,LMT
2025-01-03,481.4200134277344,483.9200134277344,480.9100036621094,481.82000732421875,462.54205322265625,817200,LMT
2025-01-06,478.75,480.0,465.8599853515625,466.0,447.35504150390625,1698600,LMT
2025-01-07,465.7200012207031,473.4200134277344,462.94000244140625,463.9599914550781,445.3966369628906,1276600,LMT
2025-01-08,463.5,469.2200012207031,461.239990234375,468.8500061035156,450.0910339355469,998700,LMT
2025-01-10,468.0,471.5899963378906,465.7300109863281,468.04998779296875,449.3230285644531,1127400,LMT
2025-01-13,469.0,484.82000732421875,468.79998779296875,483.1600036621094,463.8284912109375,1435200,LMT
2025-01-14,485.0,485.20001220703125,477.9700012207031,484.4599914550781,465.0764465332031,1162000,LMT
2025-01-15,487.760009765625,487.760009765625,480.3699951171875,483.9700012207031,464.6060791015625,882200,LMT
2025-01-16,481.79998779296875,487.0,481.5,486.8599853515625,467.38043212890625,956400,LMT
2025-01-17,487.5400085449219,492.04998779296875,484.19000244140625,490.32000732421875,470.7019958496094,1337600,LMT
2025-01-21,495.0,509.54998779296875,494.7200012207031,506.2900085449219,486.0330505371094,1615900,LMT
2025-01-22,503.239990234375,505.5299987792969,495.17999267578125,499.3399963378906,479.3611145019531,1324800,LMT
2025-01-23,503.5199890136719,506.0,493.9800109863281,497.2799987792969,477.3835144042969,913000,LMT
2025-01-24,495.0,497.2900085449219,494.6000061035156,496.9599914550781,477.07635498046875,759400,LMT
2025-01-27,500.0899963378906,507.1099853515625,496.7799987792969,503.69000244140625,483.5370788574219,1948600,LMT
2025-01-28,473.70001220703125,479.7300109863281,457.2699890136719,457.45001220703125,439.147216796875,4023900,LMT
2025-01-29,460.0,462.489990234375,449.3999938964844,454.3599853515625,436.1807556152344,2396800,LMT
2025-01-30,456.5799865722656,459.8900146484375,451.32000732421875,459.6499938964844,441.2591552734375,1911800,LMT
2025-01-31,460.0,464.2300109863281,457.1499938964844,462.95001220703125,444.4271240234375,1473800,LMT
2025-02-03,458.79998779296875,461.3299865722656,453.5799865722656,455.4200134277344,437.1983947753906,1476300,LMT
2025-02-04,454.0,455.4100036621094,451.260009765625,453.67999267578125,435.52801513671875,1234200,LMT
2025-02-05,457.0,457.1000061035156,448.7699890136719,449.8699951171875,431.87042236328125,1139700,LMT
2025-02-06,450.0,452.1700134277344,444.6300048828125,448.5199890136719,430.5744323730469,1291800,LMT
2025-02-07,449.8999938964844,451.5,443.7799987792969,444.3900146484375,426.6097106933594,1347400,LMT
2025-02-10,444.79998779296875,448.94000244140625,440.7099914550781,448.2200012207031,430.2864685058594,1427800,LMT
2025-02-11,447.8999938964844,451.79998779296875,445.0,449.3599853515625,431.380859375,906100,LMT
2025-02-12,447.260009765625,449.1400146484375,441.04998779296875,441.9700012207031,424.2865295410156,1282800,LMT
2025-02-13,442.5,445.29998779296875,432.010009765625,434.7200012207031,417.3266296386719,2400000,LMT
2025-02-14,433.54998779296875,435.1600036621094,419.70001220703125,423.19000244140625,406.25787353515625,3252800,LMT
2025-02-18,429.69000244140625,432.92999267578125,423.5,428.5400085449219,411.3938293457031,2812500,LMT
2025-02-19,431.0,438.0,425.5799865722656,432.95001220703125,415.6274108886719,2802100,LMT
2025-02-20,429.5799865722656,438.0,429.30999755859375,436.2900085449219,418.83380126953125,1358000,LMT
2025-02-21,436.3900146484375,443.7300109863281,435.6700134277344,440.7200012207031,423.0865478515625,1652400,LMT
2025-02-24,442.0,448.2799987792969,438.5400085449219,440.2699890136719,422.6545104980469,1946200,LMT
2025-02-25,441.75,451.6700134277344,441.0,448.4599914550781,430.516845703125,1715500,LMT
2025-02-26,445.8299865722656,448.0,439.3399963378906,441.5,423.8353271484375,1466900,LMT
2025-02-27,442.19000244140625,447.0799865722656,441.45001220703125,446.4599914550781,428.5968933105469,1458100,LMT
2025-02-28,447.0,450.79998779296875,445.0299987792969,450.3699951171875,432.35040283203125,1433600,LMT
2025-03-03,452.8699951171875,454.42999267578125,448.8299865722656,451.94000244140625,437.0600891113281,1579400,LMT
2025-03-04,450.7799987792969,463.739990234375,448.489990234375,448.82000732421875,434.0428161621094,2268700,LMT
2025-03-05,451.1300048828125,463.4800109863281,449.3699951171875,460.4200134277344,445.26092529296875,2060100,LMT
2025-03-06,461.32000732421875,463.5,453.4100036621094,461.5,446.3053283691406,1395800,LMT
2025-03-07,458.0,477.489990234375,458.0,473.6499938964844,458.0552978515625,2168700,LMT
2025-03-10,475.4599914550781,494.20001220703125,473.70001220703125,479.1700134277344,463.3935546875,2284400,LMT
2025-03-11,476.7099914550781,478.6499938964844,466.5400085449219,468.8800048828125,453.4423522949219,1456900,LMT
2025-03-12,465.1400146484375,466.82000732421875,456.0,461.5,446.3053283691406,1271500,LMT
2025-03-13,460.04998779296875,468.5299987792969,459.8599853515625,467.92999267578125,452.5236511230469,1159200,LMT
2025-03-14,465.9200134277344,469.0,461.9599914550781,466.1700134277344,450.82159423828125,972400,LMT
2025-03-17,463.8399963378906,472.2699890136719,462.8299865722656,467.6099853515625,452.2141418457031,1051600,LMT
2025-03-18,468.1199951171875,471.6300048828125,465.3900146484375,469.2799987792969,453.8291931152344,881600,LMT
2025-03-19,471.2300109863281,475.69000244140625,466.7699890136719,470.54998779296875,455.057373046875,1122700,LMT
2025-03-20,469.1600036621094,469.8999938964844,464.2099914550781,466.739990234375,451.372802734375,922000,LMT
2025-03-21,478.0899963378906,481.5,432.510009765625,439.70001220703125,425.2231140136719,7141700,LMT
2025-03-24,425.6300048828125,435.7699890136719,424.29998779296875,434.9800109863281,420.6584777832031,3015400,LMT
2025-03-25,436.7699890136719,444.010009765625,433.0,442.07000732421875,427.5150451660156,1600200,LMT
2025-03-26,444.2799987792969,451.20001220703125,443.0,445.1700134277344,430.5130310058594,1349700,LMT
2025-03-27,446.0299987792969,448.1400146484375,440.2200012207031,442.2799987792969,427.7181396484375,1559300,LMT
2025-03-28,442.2300109863281,445.760009765625,439.55999755859375,441.489990234375,426.9541015625,1595700,LMT
2025-03-31,441.57000732421875,451.05999755859375,440.739990234375,446.7099914550781,432.00225830078125,1690000,LMT
2025-04-01,448.0,451.25,444.4800109863281,448.6400146484375,433.8687438964844,1042400,LMT
2025-04-02,446.2200012207031,455.9200134277344,445.010009765625,452.8699951171875,437.95947265625,1270300,LMT
2025-04-03,453.510009765625,461.8800048828125,450.79998779296875,454.7799987792969,439.80657958984375,1813800,LMT
2025-04-04,450.0,454.92999267578125,432.1300048828125,432.1499938964844,417.92169189453125,2392700,LMT
2025-04-07,422.20001220703125,438.9100036621094,418.8800048828125,430.82000732421875,416.6354675292969,1968100,LMT
2025-04-08,448.44000244140625,451.3900146484375,437.42999267578125,443.3599853515625,428.7625732421875,2151500,LMT
2025-04-09,439.25,468.3299865722656,435.3800048828125,462.239990234375,447.02093505859375,2291600,LMT
2025-04-10,460.0,469.1000061035156,450.3800048828125,463.70001220703125,448.43292236328125,1832600,LMT
2025-04-11,464.3299865722656,478.17999267578125,460.32000732421875,474.8999938964844,459.26416015625,1452300,LMT
2025-04-14,472.79998779296875,478.75,467.5899963378906,475.3399963378906,459.6896667480469,1079600,LMT
2025-04-15,474.2699890136719,475.3399963378906,468.0,469.5799865722656,454.11932373046875,1224300,LMT
2025-04-16,477.3299865722656,482.82000732421875,474.5299987792969,477.0799865722656,461.3723449707031,1529700,LMT
2025-04-17,461.6400146484375,469.6700134277344,448.3900146484375,464.0799865722656,448.8003845214844,3052800,LMT
2025-04-21,459.260009765625,463.2300109863281,452.7900085449219,458.3299865722656,443.23968505859375,1532900,LMT
2025-04-22,458.04998779296875,470.7699890136719,442.3500061035156,462.0799865722656,446.8662414550781,2878000,LMT
2025-04-23,467.0,471.3900146484375,457.6499938964844,463.54998779296875,448.287841796875,1352700,LMT
2025-04-24,465.7699890136719,467.5899963378906,460.1600036621094,466.80999755859375,451.44049072265625,1105000,LMT
2025-04-25,469.989990234375,478.4599914550781,467.8999938964844,477.6400146484375,461.9139709472656,1521700,LMT
2025-04-28,479.30999755859375,483.7900085449219,474.2900085449219,476.2900085449219,460.6083679199219,1159700,LMT
2025-04-29,475.9800109863281,479.29998779296875,473.3500061035156,475.8800048828125,460.2118835449219,897100,LMT
2025-04-30,478.2699890136719,478.6099853515625,471.1300048828125,477.75,462.02032470703125,1095000,LMT
2025-05-01,476.0,479.45001220703125,473.0,477.7200012207031,461.9913024902344,986400,LMT
2025-05-02,484.75,491.07000732421875,467.510009765625,472.79998779296875,457.2332458496094,2090500,LMT
2025-05-05,474.0,474.489990234375,469.3399963378906,471.55999755859375,456.0340881347656,1150200,LMT
2025-05-06,469.7699890136719,471.1600036621094,463.4599914550781,468.2099914550781,452.7944030761719,1135400,LMT
2025-05-07,468.3999938964844,474.8999938964844,467.05999755859375,471.32000732421875,455.802001953125,1204400,LMT
2025-05-08,473.0,479.0,471.7300109863281,474.5299987792969,458.90631103515625,1093100,LMT
2025-05-09,475.2699890136719,476.6300048828125,468.0799865722656,473.5199890136719,457.9295654296875,978800,LMT
2025-05-12,473.5,475.69000244140625,465.7799987792969,473.1600036621094,457.5814514160156,1364500,LMT
2025-05-13,472.80999755859375,472.80999755859375,459.1400146484375,459.8299865722656,444.6903076171875,1859400,LMT
2025-05-14,460.8399963378906,461.79998779296875,445.05999755859375,449.17999267578125,434.39093017578125,2129700,LMT
2025-05-15,458.9700012207031,465.4100036621094,455.0299987792969,465.1400146484375,449.8255310058594,1758700,LMT
2025-05-16,466.2099914550781,468.489990234375,462.6600036621094,468.32000732421875,452.9007873535156,1319200,LMT
2025-05-19,469.4100036621094,474.44000244140625,467.7799987792969,473.05999755859375,457.4847106933594,1199700,LMT
2025-05-20,471.2300109863281,477.1000061035156,470.8900146484375,475.82000732421875,460.1538391113281,1058500,LMT
2025-05-21,480.8399963378906,480.92999267578125,470.04998779296875,470.2799987792969,454.7962341308594,1435100,LMT
2025-05-22,468.7900085449219,472.8699951171875,467.1199951171875,470.45001220703125,454.960693359375,885000,LMT
2025-05-23,467.9599914550781,469.54998779296875,465.55999755859375,468.8800048828125,453.4423522949219,866700,LMT
2025-05-27,470.79998779296875,476.8500061035156,468.6600036621094,476.8500061035156,461.1499328613281,1548000,LMT
2025-05-28,477.5400085449219,478.9800109863281,469.0,469.9800109863281,454.5061340332031,956500,LMT
2025-05-29,467.92999267578125,474.55999755859375,465.32000732421875,473.69000244140625,458.0940246582031,851000,LMT
2025-05-30,473.6700134277344,482.3800048828125,471.05999755859375,482.3800048828125,466.49786376953125,2196300,LMT
2025-06-02,478.260009765625,479.7300109863281,474.0,478.82000732421875,466.2446594238281,1154200,LMT
2025-06-03,479.0,481.1300048828125,476.5400085449219,480.1700134277344,467.5592346191406,1032300,LMT
2025-06-04,481.989990234375,486.8599853515625,481.69000244140625,482.2099914550781,469.545654296875,1273700,LMT
2025-06-05,484.3699951171875,485.1300048828125,471.75,478.0299987792969,465.4754333496094,1063100,LMT
2025-06-06,477.80999755859375,481.9599914550781,476.9700012207031,481.69000244140625,469.039306640625,714400,LMT
2025-06-09,480.2799987792969,482.8399963378906,476.6199951171875,480.8299865722656,468.2018737792969,1064100,LMT
2025-06-10,480.0,481.6499938964844,475.6400146484375,476.8999938964844,464.3751220703125,1150400,LMT
2025-06-11,464.1499938964844,464.1499938964844,443.4100036621094,456.6000061035156,444.6082763671875,3618200,LMT
2025-06-12,457.30999755859375,469.2699890136719,456.5,469.2699890136719,456.94549560546875,1700600,LMT
2025-06-13,478.9700012207031,488.29998779296875,473.3500061035156,486.45001220703125,473.67431640625,2729700,LMT
2025-06-16,482.010009765625,482.7300109863281,464.5199890136719,467.05999755859375,454.7935485839844,2766600,LMT
2025-06-17,470.760009765625,481.5799865722656,467.5,479.3399963378906,466.7510681152344,2191200,LMT
2025-06-18,478.45001220703125,482.3599853515625,467.9599914550781,468.6000061035156,456.2930908203125,1871200,LMT
2025-06-20,469.0,474.30999755859375,461.1099853515625,470.55999755859375,458.2016296386719,2419400,LMT
2025-06-23,472.92999267578125,482.3699951171875,468.5299987792969,472.4599914550781,460.0517272949219,2666400,LMT
2025-06-24,467.8500061035156,468.70001220703125,457.67999267578125,460.20001220703125,448.1137390136719,1970200,LMT
2025-06-25,464.2099914550781,464.8800048828125,456.5,458.3900146484375,446.35125732421875,1265500,LMT
2025-06-26,459.30999755859375,464.07000732421875,456.6400146484375,457.8999938964844,445.8741149902344,1590100,LMT
2025-06-27,455.6400146484375,459.17999267578125,451.4599914550781,458.5899963378906,446.5459899902344,1996400,LMT
2025-06-30,459.45001220703125,463.82000732421875,457.8800048828125,463.1400146484375,450.9765319824219,1205600,LMT
2025-07-01,463.0,469.44000244140625,460.0,465.94000244140625,453.70294189453125,1242800,LMT
2025-07-02,466.0,466.92999267578125,458.6099853515625,462.54998779296875,450.4019775390625,1127300,LMT
2025-07-03,463.7099914550781,465.3500061035156,460.9700012207031,462.5199890136719,450.3727722167969,707900,LMT
2025-07-07,464.5,470.54998779296875,461.3699951171875,469.05999755859375,456.740966796875,1224100,LMT
2025-07-08,464.20001220703125,466.6199951171875,460.6499938964844,463.010009765625,450.8499450683594,1243000,LMT
2025-07-09,465.3800048828125,465.989990234375,460.2099914550781,463.05999755859375,450.8985595703125,892700,LMT
2025-07-10,458.67999267578125,466.4800109863281,456.0,464.30999755859375,452.11578369140625,1253300,LMT
2025-07-11,464.75,468.2099914550781,461.82000732421875,467.510009765625,455.23175048828125,1209200,LMT
2025-07-14,470.0,474.760009765625,468.0,473.57000732421875,461.132568359375,1488000,LMT
2025-07-15,473.2900085449219,473.94000244140625,468.510009765625,470.1199951171875,457.7731628417969,1039500,LMT
2025-07-16,469.6700134277344,472.6000061035156,466.4100036621094,471.4700012207031,459.08770751953125,935000,LMT
2025-07-17,470.5,474.3999938964844,467.7099914550781,469.20001220703125,456.87738037109375,926200,LMT
2025-07-18,469.2200012207031,471.2099914550781,460.9700012207031,463.9599914550781,451.77496337890625,1845300,LMT
2025-07-21,464.6400146484375,467.3599853515625,460.5299987792969,460.5299987792969,448.4350280761719,1577800,LMT
2025-07-22,422.75,437.45001220703125,410.1099853515625,410.739990234375,399.95269775390625,8886500,LMT
2025-07-23,413.760009765625,423.3699951171875,411.0,419.3900146484375,408.37554931640625,4578600,LMT
2025-07-24,421.0,426.8800048828125,420.1300048828125,420.54998779296875,409.5050354003906,3083900,LMT
2025-07-25,421.5400085449219,425.6700134277344,418.510009765625,421.1700134277344,410.1087646484375,2461800,LMT
2025-07-28,425.8999938964844,428.8599853515625,421.1700134277344,421.3399963378906,410.2742919921875,2423700,LMT
2025-07-29,422.739990234375,423.6499938964844,417.3500061035156,420.1300048828125,409.0960388183594,2428800,LMT
2025-07-30,420.1300048828125,422.79998779296875,417.1499938964844,418.67999267578125,407.68414306640625,1632100,LMT
2025-07-31,417.1300048828125,422.5799865722656,412.54998779296875,420.9800109863281,409.92376708984375,2178000,LMT
2025-08-01,420.760009765625,423.9599914550781,417.0,421.010009765625,409.9529724121094,2006300,LMT
2025-08-04,420.0,424.6000061035156,419.0,423.70001220703125,412.57232666015625,1548200,LMT
2025-08-05,423.3299865722656,430.07000732421875,421.8599853515625,428.239990234375,416.9930725097656,1643900,LMT
2025-08-06,427.7699890136719,436.6199951171875,427.6600036621094,434.8500061035156,423.4294738769531,2032300,LMT
2025-08-07,430.42999267578125,434.8500061035156,428.04998779296875,430.75,419.4371337890625,1490000,LMT
2025-08-08,431.19000244140625,433.5899963378906,423.9100036621094,425.6300048828125,414.45159912109375,1477600,LMT
2025-08-11,426.0,427.82000732421875,424.1199951171875,426.260009765625,415.0650634765625,1462100,LMT
2025-08-12,425.9200134277344,431.5899963378906,425.0,431.55999755859375,420.2258605957031,1492100,LMT
2025-08-13,432.5199890136719,443.45001220703125,431.4200134277344,442.57000732421875,430.9467468261719,1890600,LMT
2025-08-14,436.0400085449219,443.8999938964844,434.8399963378906,437.32000732421875,425.8346252441406,1733600,LMT
2025-08-15,437.8399963378906,441.42999267578125,436.4599914550781,437.55999755859375,426.0683288574219,1501700,LMT
2025-08-18,440.54998779296875,443.7699890136719,439.1199951171875,440.6400146484375,429.0674133300781,1154400,LMT
2025-08-19,439.8599853515625,444.5,438.6000061035156,441.1000061035156,429.51531982421875,1248100,LMT
2025-08-20,440.1400146484375,447.0799865722656,440.1400146484375,446.0,434.2866516113281,1282800,LMT
2025-08-21,444.989990234375,448.489990234375,444.70001220703125,447.20001220703125,435.45513916015625,1026000,LMT
2025-08-22,449.989990234375,452.55999755859375,444.8599853515625,446.20001220703125,434.48138427734375,1890300,LMT
2025-08-25,447.07000732421875,448.75,445.1000061035156,447.7200012207031,435.9614562988281,985200,LMT
2025-08-26,450.5199890136719,456.3699951171875,447.0,455.4599914550781,443.4981994628906,2051500,LMT
2025-08-27,456.8699951171875,459.4700012207031,454.0,454.4700012207031,442.5342102050781,1293900,LMT
2025-08-28,453.8699951171875,456.54998779296875,450.3599853515625,456.17999267578125,444.1992492675781,1385800,LMT
2025-08-29,457.5199890136719,459.8999938964844,454.8800048828125,455.6300048828125,443.66375732421875,1373200,LMT
2025-09-02,453.79998779296875,455.7699890136719,447.5899963378906,452.5,443.83050537109375,1645600,LMT
2025-09-03,451.07000732421875,452.0,446.69000244140625,449.05999755859375,440.4564208984375,1541800,LMT
2025-09-04,450.9599914550781,457.1700134277344,449.5,456.8500061035156,448.09716796875,1449200,LMT
2025-09-05,456.7699890136719,463.9800109863281,456.7699890136719,463.8999938964844,455.0120544433594,1465200,LMT
2025-09-08,462.92999267578125,462.92999267578125,452.7699890136719,459.1099853515625,450.3138122558594,1477600,LMT
2025-09-09,457.6099853515625,457.8699951171875,452.4200134277344,457.05999755859375,448.3031005859375,1008400,LMT
2025-09-10,456.2099914550781,464.3800048828125,455.7099914550781,463.8699951171875,454.982666015625,1076900,LMT
2025-09-11,463.8500061035156,472.3999938964844,462.989990234375,470.7300109863281,461.71124267578125,1623700,LMT
2025-09-12,468.92999267578125,472.9800109863281,467.1700134277344,471.30999755859375,462.2801208496094,1041100,LMT
2025-09-15,471.4700012207031,474.2900085449219,468.989990234375,473.25,464.18292236328125,1148300,LMT
2025-09-16,473.5899963378906,478.44000244140625,471.6700134277344,474.32000732421875,465.232421875,1156900,LMT
2025-09-17,474.92999267578125,477.19000244140625,472.6400146484375,473.1199951171875,464.055419921875,1016500,LMT
2025-09-18,471.1199951171875,474.3599853515625,467.989990234375,473.6199951171875,464.54583740234375,1107700,LMT
2025-09-19,474.2300109863281,477.0,471.3800048828125,472.94000244140625,463.87890625,2839100,LMT
2025-09-22,473.6700134277344,482.07000732421875,473.010009765625,480.3900146484375,471.1861572265625,1409800,LMT
2025-09-23,480.8999938964844,486.7799987792969,479.3399963378906,486.6700134277344,477.3458251953125,1135500,LMT
2025-09-24,487.1499938964844,495.239990234375,485.510009765625,486.25,476.9338684082031,1424200,LMT
2025-09-25,489.5799865722656,490.739990234375,484.05999755859375,484.3399963378906,475.0604553222656,1205700,LMT
2025-09-26,487.9100036621094,490.75,484.57000732421875,487.44000244140625,478.10107421875,913900,LMT
2025-09-29,497.0,498.989990234375,489.2200012207031,491.9800109863281,482.5541076660156,1391100,LMT
2025-09-30,492.5799865722656,499.8900146484375,491.1400146484375,499.2099914550781,489.64556884765625,1312700,LMT
2025-10-01,496.1700134277344,504.07000732421875,495.0,499.0,489.4395751953125,1187000,LMT
2025-10-02,499.239990234375,503.6000061035156,497.010009765625,499.3599853515625,489.7926940917969,915500,LMT
2025-10-03,499.4200134277344,506.80999755859375,499.25,504.489990234375,494.82440185546875,1006500,LMT
2025-10-06,506.6300048828125,515.4299926757812,506.6300048828125,514.239990234375,504.3876037597656,1389700,LMT
2025-10-07,514.2000122070312,515.97998046875,509.1400146484375,511.07000732421875,501.2783203125,922400,LMT
2025-10-08,515.25,516.0,511.2200012207031,514.02001953125,504.17181396484375,798400,LMT
2025-10-09,513.8900146484375,515.1900024414062,503.80999755859375,507.760009765625,498.0317687988281,1186000,LMT
2025-10-10,508.8299865722656,513.4500122070312,500.5400085449219,505.04998779296875,495.3736572265625,1313800,LMT
2025-10-13,502.29998779296875,507.42999267578125,500.0,503.8299865722656,494.177001953125,926700,LMT
2025-10-14,501.25,507.0,499.0,505.17999267578125,495.50115966796875,1078000,LMT
2025-10-15,503.0,505.0,485.4800109863281,499.4100036621094,489.84173583984375,1678500,LMT
2025-10-16,500.739990234375,501.30999755859375,492.0,493.25,483.79974365234375,1099700,LMT
2025-10-17,490.4800109863281,496.67999267578125,488.1000061035156,495.1499938964844,485.6633605957031,1915500,LMT
2025-10-20,496.42999267578125,505.8999938964844,496.42999267578125,505.8999938964844,496.2073974609375,1433300,LMT
2025-10-21,482.7099914550781,506.6000061035156,482.7099914550781,489.5,480.1216125488281,2870000,LMT
2025-10-22,491.4700012207031,492.4100036621094,482.5400085449219,487.1400146484375,477.8067932128906,1725700,LMT
2025-10-23,488.1199951171875,493.9800109863281,486.5199890136719,488.04998779296875,478.6993408203125,1445700,LMT
2025-10-24,490.2799987792969,491.82000732421875,484.0799865722656,485.4100036621094,476.1099548339844,1368400,LMT
2025-10-27,484.0799865722656,487.30999755859375,479.8699951171875,486.9100036621094,477.5812072753906,1423200,LMT
2025-10-28,486.3699951171875,489.3999938964844,483.6199951171875,485.7699890136719,476.4630126953125,1220600,LMT
2025-10-29,485.0,488.82000732421875,483.6700134277344,485.3299865722656,476.0314636230469,971500,LMT
2025-10-30,485.57000732421875,494.4599914550781,485.5,489.7200012207031,480.3373718261719,1081000,LMT
2025-10-31,489.0,493.6099853515625,486.04998779296875,491.8800048828125,482.45599365234375,1185000,LMT
2025-11-03,491.0,491.510009765625,484.75,487.94000244140625,478.59149169921875,846600,LMT
2025-11-04,484.4599914550781,488.5,481.0,484.9800109863281,475.6882019042969,1169300,LMT
2025-11-05,483.0199890136719,485.8500061035156,473.1400146484375,473.1400146484375,464.0750732421875,1708000,LMT
2025-11-06,473.1099853515625,474.17999267578125,466.1099853515625,468.9200134277344,459.9359130859375,1093600,LMT
2025-11-07,468.8999938964844,469.4100036621094,456.20001220703125,458.3500061035156,449.56842041015625,2514500,LMT
2025-11-10,456.0,457.1000061035156,448.4800109863281,452.1000061035156,443.43817138671875,1630100,LMT
2025-11-11,451.7699890136719,461.7699890136719,451.0,457.07000732421875,448.3129577636719,1322100,LMT
2025-11-12,456.1400146484375,459.7699890136719,455.2200012207031,457.0400085449219,448.28350830078125,935400,LMT
2025-11-13,458.010009765625,460.9100036621094,455.1000061035156,455.8500061035156,447.1163024902344,819600,LMT
2025-11-14,455.8500061035156,466.3900146484375,454.0,465.7699890136719,456.84625244140625,1177300,LMT
2025-11-17,467.2799987792969,471.6000061035156,464.7200012207031,470.7799987792969,461.76025390625,1822400,LMT
2025-11-18,475.2200012207031,485.0,471.20001220703125,474.7200012207031,465.624755859375,1242100,LMT
2025-11-19,472.0,472.4200134277344,468.29998779296875,469.9100036621094,460.90692138671875,861300,LMT
2025-11-20,473.8800048828125,477.42999267578125,465.0199890136719,468.260009765625,459.2885437011719,1044900,LMT
2025-11-21,468.6000061035156,469.3999938964844,459.9599914550781,460.7799987792969,451.95184326171875,1575300,LMT
2025-11-24,459.42999267578125,461.19000244140625,450.05999755859375,451.05999755859375,442.4180908203125,1411200,LMT
2025-11-25,451.05999755859375,454.0299987792969,448.4800109863281,452.4100036621094,443.7422180175781,1615900,LMT
2025-11-26,453.29998779296875,457.260009765625,452.9800109863281,454.1600036621094,445.45867919921875,1299800,LMT
2025-11-28,454.5400085449219,457.8599853515625,452.6099853515625,457.8599853515625,449.0877685546875,748000,LMT
2025-12-01,453.2799987792969,454.0899963378906,438.5,439.19000244140625,434.0460510253906,1659200,LMT
2025-12-02,440.9800109863281,442.75,437.25,441.82000732421875,436.645263671875,1535600,LMT
2025-12-03,443.4100036621094,448.4700012207031,439.04998779296875,446.79998779296875,441.56689453125,1751500,LMT
2025-12-04,448.17999267578125,449.5299987792969,445.42999267578125,448.3500061035156,443.0987548828125,1283700,LMT
2025-12-05,447.7799987792969,452.82000732421875,446.4100036621094,452.20001220703125,446.9036865234375,1290500,LMT
2025-12-08,453.5,465.55999755859375,451.4800109863281,465.3800048828125,459.9293212890625,1390700,LMT
2025-12-09,466.2799987792969,472.80999755859375,465.0,466.8900146484375,461.421630859375,1102300,LMT
2025-12-10,465.2099914550781,473.0799865722656,455.8800048828125,467.94000244140625,462.4593200683594,2313600,LMT
2025-12-11,470.2900085449219,479.70001220703125,470.2900085449219,474.8800048828125,469.3180236816406,1294000,LMT
2025-12-12,475.6600036621094,480.8399963378906,470.7900085449219,480.25,474.6251525878906,1384300,LMT
2025-12-15,478.989990234375,484.7699890136719,477.239990234375,484.4200134277344,478.7463073730469,1002300,LMT
2025-12-16,479.6099853515625,479.7900085449219,473.8599853515625,477.05999755859375,471.47247314453125,1262400,LMT
2025-12-17,471.0,476.8900146484375,462.25,474.7900085449219,469.2290954589844,1989200,LMT
2025-12-18,472.4100036621094,476.20001220703125,469.0,470.1400146484375,464.633544921875,1363900,LMT
2025-12-19,466.3399963378906,475.7200012207031,464.8800048828125,474.1300048828125,468.5768127441406,2826500,LMT
2025-12-22,474.9599914550781,485.0199890136719,474.9599914550781,483.57000732421875,477.90625,1120600,LMT
2025-12-23,484.0,484.95001220703125,481.0,482.54998779296875,476.8981628417969,864000,LMT
2025-12-24,485.0,491.17999267578125,484.45001220703125,485.75,480.0606994628906,581600,LMT
2025-12-26,485.20001220703125,487.05999755859375,481.17999267578125,483.0299987792969,477.37255859375,605700,LMT
2025-12-29,483.8299865722656,489.42999267578125,483.2900085449219,488.8699951171875,483.1441650390625,933400,LMT
2025-12-30,489.3399963378906,491.70001220703125,487.94000244140625,488.0,482.28436279296875,996400,LMT
2025-12-31,489.0,489.67999267578125,483.5199890136719,483.6700134277344,478.0050964355469,669900,LMT
2026-01-02,483.25,497.1600036621094,476.5400085449219,497.07000732421875,491.2481384277344,1126100,LMT
2026-01-05,503.92999267578125,515.8800048828125,503.0,511.57000732421875,505.57830810546875,1982600,LMT
2026-01-06,517.0599975585938,538.72998046875,517.0599975585938,522.0399780273438,515.9256591796875,2813100,LMT
2026-01-07,525.3099975585938,532.3800048828125,496.0,496.8699951171875,491.05047607421875,4084900,LMT
2026-01-08,531.8900146484375,542.8699951171875,513.010009765625,518.4400024414062,512.3678588867188,4108800,LMT
2026-01-09,525.8800048828125,546.0700073242188,525.8800048828125,542.9199829101562,536.5610961914062,2647700,LMT
2026-01-12,548.9600219726562,554.27001953125,540.3099975585938,551.239990234375,544.78369140625,2970000,LMT
2026-01-13,560.02001953125,563.2999877929688,550.8400268554688,558.2999877929688,551.760986328125,2013000,LMT
2026-01-14,556.989990234375,578.0399780273438,556.1199951171875,572.7000122070312,565.9923706054688,2643100,LMT
2026-01-15,568.6599731445312,579.5999755859375,559.72998046875,577.8900146484375,571.12158203125,1763400,LMT
2026-01-16,578.2100219726562,582.9299926757812,577.4199829101562,582.4299926757812,575.6083374023438,2375700,LMT
2026-01-20,580.0,586.8499755859375,573.3900146484375,576.0599975585938,569.31298828125,1521900,LMT
2026-01-21,576.0599975585938,588.969970703125,576.0599975585938,586.22998046875,579.3638305664062,1817700,LMT
2026-01-22,585.1799926757812,595.9500122070312,582.5,593.9099731445312,586.9539184570312,1493600,LMT
2026-01-23,594.6400146484375,596.22998046875,586.010009765625,590.8200073242188,583.9000854492188,1271700,LMT
2026-01-26,590.0,590.4000244140625,575.6300048828125,581.6599731445312,574.8473510742188,1460500,LMT
2026-01-27,580.0,595.8699951171875,573.8200073242188,594.9500122070312,587.9817504882812,1710700,LMT
2026-01-28,592.9000244140625,599.3200073242188,583.0,597.27001953125,590.2745971679688,1324000,LMT
2026-01-29,609.239990234375,645.6699829101562,607.5599975585938,622.510009765625,615.2189331054688,3931900,LMT
2026-01-30,621.0,641.1900024414062,615.510009765625,634.219970703125,626.791748046875,2099600,LMT
2026-02-02,620.0,640.97998046875,615.1799926757812,636.0,628.5509033203125,1967800,LMT
2026-02-03,640.0,646.5900268554688,618.4500122070312,628.260009765625,620.9015502929688,2300700,LMT
2026-02-04,630.8200073242188,632.0499877929688,596.22998046875,602.760009765625,595.7003173828125,2654800,LMT
2026-02-05,602.72998046875,614.0,595.0,609.1799926757812,602.0450439453125,1684400,LMT
2026-02-06,614.5900268554688,624.0900268554688,611.2000122070312,623.5800170898438,616.2764282226562,1095800,LMT
2026-02-09,625.280029296875,638.969970703125,625.010009765625,638.2899780273438,630.8140869140625,1589800,LMT
2026-02-10,637.469970703125,638.2899780273438,626.510009765625,629.5599975585938,622.1864013671875,1211600,LMT
2026-02-11,631.22998046875,633.5900268554688,621.6799926757812,628.7000122070312,621.33642578125,1024600,LMT
2026-02-12,630.0,644.25,630.0,637.4299926757812,629.9641723632812,1745600,LMT
2026-02-13,639.0,656.3400268554688,639.0,652.5800170898438,644.936767578125,1490800,LMT
2026-02-17,653.0,656.219970703125,642.0,649.5800170898438,641.9718627929688,1169600,LMT
2026-02-18,657.1699829101562,660.5499877929688,647.1900024414062,649.8099975585938,642.19921875,1350300,LMT
2026-02-19,656.5,669.75,655.5,666.510009765625,658.7035522460938,1370300,LMT
2026-02-20,666.77001953125,668.25,648.4099731445312,658.260009765625,650.5501708984375,1447700,LMT
2026-02-23,655.6199951171875,663.27001953125,653.6900024414062,660.6199951171875,652.882568359375,1196100,LMT
2026-02-24,658.2899780273438,669.0999755859375,652.5700073242188,664.4299926757812,656.64794921875,1361500,LMT
2026-02-25,662.4400024414062,663.5499877929688,634.0399780273438,647.5,639.916259765625,1664400,LMT
2026-02-26,646.4600219726562,647.5,638.030029296875,641.6300048828125,634.1150512695312,1269200,LMT
2026-02-27,648.0900268554688,662.469970703125,647.0999755859375,658.0800170898438,650.3723754882812,2599900,LMT
2026-03-02,685.5,692.0,664.010009765625,676.7000122070312,672.2987670898438,3246500,LMT
2026-03-03,682.0,686.469970703125,657.5599975585938,667.8200073242188,663.4765625,2142100,LMT
2026-03-04,670.0,671.0,652.5399780273438,664.47998046875,660.1582641601562,1650900,LMT
2026-03-05,662.0999755859375,663.0,647.22998046875,655.0,650.7399291992188,1720100,LMT
2026-03-06,661.6500244140625,672.8599853515625,656.4000244140625,671.77001953125,667.40087890625,1895100,LMT
2026-03-09,675.5800170898438,676.0800170898438,657.3499755859375,664.1500244140625,659.8304443359375,2369700,LMT
2026-03-10,657.9500122070312,659.8900146484375,646.2000122070312,651.219970703125,646.9844970703125,1653000,LMT
2026-03-11,645.3200073242188,657.0,644.1300048828125,649.469970703125,645.245849609375,1364000,LMT
2026-03-12,651.9500122070312,661.0,646.6300048828125,652.8300170898438,648.5840454101562,1411200,LMT
2026-03-13,652.6699829101562,660.0,640.5,646.0,641.7984619140625,1071300,LMT
2026-03-16,645.22998046875,651.5499877929688,639.0,645.2000122070312,641.003662109375,1181000,LMT
2026-03-17,644.9600219726562,645.0,632.7899780273438,636.3300170898438,632.1913452148438,1388800,LMT
2026-03-18,641.1099853515625,645.8499755859375,636.4500122070312,642.280029296875,638.1026611328125,1026200,LMT
2026-03-19,639.0599975585938,640.0,623.75,637.510009765625,633.3637084960938,1540800,LMT
2026-03-20,635.8599853515625,638.510009765625,622.3699951171875,627.4299926757812,623.3492431640625,6511300,LMT
2026-03-23,629.0700073242188,629.6599731445312,610.6300048828125,616.25,612.241943359375,1386600,LMT
2026-03-24,612.9500122070312,615.2999877929688,605.0,610.1699829101562,606.2014770507812,1078200,LMT
2026-03-25,612.5,626.9299926757812,612.4199829101562,624.2000122070312,620.1402587890625,1190300,LMT
2026-03-26,619.7999877929688,632.9199829101562,619.7999877929688,627.3300170898438,623.2498779296875,1262400,LMT
2026-03-27,625.7000122070312,631.4500122070312,613.6599731445312,615.8400268554688,611.8346557617188,1061100,LMT
2026-03-30,621.030029296875,623.3200073242188,593.8800048828125,598.5700073242188,594.6769409179688,1849300,LMT
2026-03-31,604.5,610.0,598.7000122070312,604.3900146484375,600.4591064453125,1327800,LMT
2026-04-01,608.8200073242188,619.0999755859375,606.1099853515625,617.6400146484375,613.6229248046875,1118100,LMT
2026-04-02,616.7000122070312,626.510009765625,616.010009765625,622.7899780273438,618.7393798828125,1116800,LMT
2026-04-06,623.1099853515625,637.9199829101562,621.3699951171875,637.9000244140625,633.7511596679688,1128800,LMT
2026-04-07,635.5999755859375,636.7999877929688,625.8200073242188,627.7000122070312,623.6174926757812,732100,LMT
2026-04-08,612.27001953125,630.6699829101562,605.5,628.5,624.4122924804688,1283400,LMT
2026-04-09,627.989990234375,636.8800048828125,623.0900268554688,623.8699951171875,619.8123779296875,911100,LMT
2026-04-10,619.280029296875,621.7000122070312,607.1599731445312,613.719970703125,609.7283935546875,874000,LMT
2026-04-13,617.8699951171875,622.510009765625,615.010009765625,619.6900024414062,615.6595458984375,678700,LMT
2026-04-14,617.0,617.0,609.0599975585938,611.5800170898438,607.6023559570312,905700,LMT
2026-04-15,611.0,615.5900268554688,607.3400268554688,611.0999755859375,607.1254272460938,879300,LMT
2026-04-16,610.7100219726562,613.0,601.4099731445312,607.489990234375,603.5389404296875,853500,LMT
2026-04-17,604.3300170898438,609.3800048828125,588.4099731445312,592.1900024414062,588.3384399414062,1701600,LMT
2026-04-20,593.5999755859375,598.0,578.22998046875,581.280029296875,577.4993896484375,1722000,LMT
2026-04-21,580.2899780273438,580.97998046875,568.8400268554688,571.9500122070312,568.2301025390625,1603500,LMT
2026-04-22,575.8800048828125,576.0700073242188,550.1900024414062,555.4299926757812,551.8175048828125,2289000,LMT
2026-04-23,533.9099731445312,538.8099975585938,522.260009765625,529.7899780273438,526.34423828125,3212500,LMT
2026-04-24,525.0,526.7999877929688,503.6000061035156,513.4500122070312,510.1105651855469,3089200,LMT
2026-04-27,514.0499877929688,527.6599731445312,511.9100036621094,513.3499755859375,510.01116943359375,2111400,LMT
2026-04-28,518.4400024414062,518.6799926757812,507.55999755859375,512.2899780273438,508.95806884765625,1456100,LMT
2026-04-29,513.969970703125,516.0,501.95001220703125,509.80999755859375,506.4942321777344,1619200,LMT
2026-04-30,511.0799865722656,518.22998046875,507.8999938964844,517.969970703125,514.6011352539062,1588400,LMT
2026-05-01,517.9500122070312,519.5800170898438,512.1199951171875,512.77001953125,509.43499755859375,1403300,LMT
2026-05-04,513.4099731445312,524.5,512.0,518.1500244140625,514.780029296875,1370900,LMT
2026-05-05,520.0,520.0,507.489990234375,508.92999267578125,505.61993408203125,1365200,LMT
2026-05-06,508.95001220703125,514.469970703125,500.30999755859375,514.260009765625,510.915283203125,1590400,LMT
2026-05-07,515.030029296875,515.5,503.0299987792969,512.4099731445312,509.0773010253906,2056300,LMT
2026-05-08,508.5899963378906,512.0,504.5,506.510009765625,503.2156982421875,1293800,LMT
2026-05-11,505.0,515.6300048828125,502.45001220703125,512.25,508.9183654785156,1363600,LMT
2026-05-12,512.5,522.510009765625,512.5,521.0,517.6114501953125,1163000,LMT
2026-05-13,517.469970703125,520.8699951171875,510.7900085449219,519.9400024414062,516.558349609375,824600,LMT
2026-05-14,520.739990234375,521.4299926757812,515.25,520.4099731445312,517.0252685546875,856600,LMT
2026-05-15,521.3599853515625,524.9299926757812,514.72998046875,516.010009765625,512.6539306640625,1299200,LMT
2026-05-18,517.8099975585938,528.3900146484375,512.760009765625,528.3099975585938,524.8739013671875,1382800,LMT
2026-05-19,527.510009765625,530.260009765625,523.47998046875,526.6300048828125,523.204833984375,1107600,LMT
2026-05-20,526.6300048828125,526.8499755859375,517.0,522.5900268554688,519.191162109375,1018900,LMT
2026-05-21,523.239990234375,529.47998046875,517.02001953125,522.7899780273438,519.3897705078125,1639700,LMT
2026-05-22,524.8599853515625,534.27001953125,524.0,533.239990234375,529.7718505859375,1050600,LMT
2026-05-26,536.0,536.02001953125,529.0,532.9000244140625,529.43408203125,1346600,LMT
2026-05-27,531.97998046875,533.5700073242188,524.25,531.1400146484375,527.6854858398438,1044900,LMT
2026-05-28,534.1599731445312,541.2100219726562,531.1400146484375,537.2100219726562,533.716064453125,1137600,LMT
2026-05-29,536.239990234375,537.25,527.9500122070312,530.4500122070312,527.0,2246900,LMT
2026-06-01,523.97998046875,525.989990234375,515.8800048828125,516.5,516.5,1374600,LMT
2026-06-02,514.5,516.7100219726562,510.1000061035156,513.4299926757812,513.4299926757812,1079200,LMT
2026-06-03,512.25,524.5399780273438,510.5400085449219,512.030029296875,512.030029296875,1044000,LMT
2026-06-04,517.739990234375,522.7000122070312,514.1400146484375,519.0499877929688,519.0499877929688,851300,LMT
2026-06-05,520.0,528.010009765625,519.9500122070312,523.760009765625,523.760009765625,903100,LMT
2026-06-08,523.0,527.1099853515625,516.8499755859375,520.0700073242188,520.0700073242188,847600,LMT
2026-06-09,519.0,530.1799926757812,518.8699951171875,530.1300048828125,530.1300048828125,1020700,LMT
2026-06-10,534.25,535.2000122070312,524.8099975585938,525.02001953125,525.02001953125,934300,LMT
2026-06-11,528.6199951171875,550.989990234375,528.260009765625,548.6799926757812,548.6799926757812,1378100,LMT
2026-06-12,547.0,550.8599853515625,538.3099975585938,540.3300170898438,540.3300170898438,1029400,LMT
2026-06-15,535.4199829101562,535.7999877929688,528.5900268554688,530.3599853515625,530.3599853515625,1196900,LMT
2026-06-16,531.260009765625,538.5,527.010009765625,535.9500122070312,535.9500122070312,847700,LMT
2026-06-17,530.25,539.469970703125,528.9000244140625,532.3200073242188,532.3200073242188,1142300,LMT
2026-06-18,535.5599975585938,536.9000244140625,505.17999267578125,510.95001220703125,510.95001220703125,3978800,LMT
2026-06-22,508.5,510.0,490.04998779296875,493.6000061035156,493.6000061035156,1704900,LMT
2026-06-23,498.8299865722656,504.29998779296875,496.5299987792969,503.6700134277344,503.6700134277344,827500,LMT
2026-06-24,502.94000244140625,503.3399963378906,491.489990234375,491.6400146484375,491.6400146484375,1288400,LMT
2026-06-25,495.95001220703125,512.5700073242188,494.25,505.0199890136719,505.0199890136719,1378300,LMT
2026-06-26,505.25,518.239990234375,503.8999938964844,507.3999938964844,507.3999938964844,3672100,LMT
2026-06-29,508.5,510.1400146484375,501.75,502.07000732421875,502.07000732421875,997500,LMT
2026-06-30,504.0,509.4599914550781,498.29998779296875,509.4599914550781,509.4599914550781,1157200,LMT
2026-07-01,517.0,524.239990234375,514.3499755859375,521.8200073242188,521.8200073242188,1278000,LMT
2026-07-02,529.0,545.989990234375,529.0,545.9099731445312,545.9099731445312,1396900,LMT
2026-07-06,545.0,545.9099731445312,535.1699829101562,538.0,538.0,937700,LMT
2026-07-07,546.0,547.469970703125,531.77001953125,535.3800048828125,535.3800048828125,847600,LMT
2026-07-08,537.6300048828125,537.6300048828125,525.3499755859375,527.9600219726562,527.9600219726562,927700,LMT
2026-07-09,522.5,525.010009765625,515.5499877929688,518.260009765625,518.260009765625,989600,LMT
2026-07-10,516.4199829101562,524.0,513.8099975585938,523.219970703125,523.219970703125,662800,LMT
2026-07-13,525.010009765625,527.4500122070312,517.260009765625,520.6799926757812,520.6799926757812,714600,LMT
2026-07-14,518.3599853515625,526.260009765625,514.8699951171875,514.989990234375,514.989990234375,698500,LMT
2026-07-15,514.8300170898438,520.6799926757812,512.780029296875,514.4600219726562,514.4600219726562,816500,LMT
2026-07-16,515.0,520.1300048828125,511.30999755859375,513.52001953125,513.52001953125,758100,LMT
2026-07-17,519.0,527.3300170898438,507.67999267578125,508.7699890136719,508.7699890136719,1274500,LMT
2026-07-20,510.6300048828125,515.8400268554688,507.739990234375,509.5400085449219,509.5400085449219,998400,LMT
2026-07-21,501.0,507.75,487.1499938964844,507.0899963378906,507.0899963378906,1316400,LMT
2026-07-22,515.7899780273438,521.0,512.0,514.3599853515625,514.3599853515625,1141900,LMT
2026-07-23,545.0,576.0,545.0,568.5900268554688,568.5900268554688,3275500,LMT
2026-07-24,568.5900268554688,588.4099731445312,568.5900268554688,582.5999755859375,582.5999755859375,1738900,LMT
2026-07-27,581.8800048828125,587.989990234375,578.0,580.0,580.0,1082300,LMT
2026-07-28,589.0,593.77001953125,576.72998046875,581.3099975585938,581.3099975585938,1277300,LMT
2026-07-29,585.0,587.0,568.739990234375,569.2000122070312,569.2000122070312,1600900,LMT
2026-07-30,565.760009765625,574.760009765625,556.5499877929688,574.1099853515625,574.1099853515625,1512700,LMT
2026-07-31,574.1099853515625,583.8900146484375,570.8900146484375,582.739990234375,582.739990234375,1424700,LMT
2026-08-03,583.5,589.4099731445312,579.030029296875,586.2899780273438,586.2899780273438,1236400,LMT
