Date,Open,High,Low,Close,Adj Close,Volume,Symbol
2006-08-04,80.75,80.75,79.7300033569336,79.9000015258789,5.5103349685668945,3871800,MO
2006-08-07,79.47000122070312,80.05999755859375,78.97000122070312,79.0999984741211,5.455163478851318,7255400,MO
2006-08-08,79.6500015258789,80.31999969482422,79.25,80.30000305175781,5.537925720214844,6010900,MO
2006-08-09,80.29000091552734,80.62000274658203,80.0,80.16000366210938,5.528268814086914,4358300,MO
2006-08-10,80.3499984741211,80.72000122070312,80.1500015258789,80.55999755859375,5.555852890014648,4681700,MO
2006-08-11,80.55999755859375,80.97000122070312,80.33000183105469,80.83999633789062,5.5751633644104,3324200,MO
2006-08-14,80.9800033569336,81.69000244140625,80.5199966430664,80.55999755859375,5.555852890014648,5121100,MO
2006-08-15,81.23999786376953,81.25,80.63999938964844,80.95999908447266,5.583439350128174,4655500,MO
2006-08-16,81.0199966430664,81.0199966430664,80.41000366210938,80.73999786376953,5.568266868591309,6794700,MO
2006-08-17,80.69999694824219,81.5199966430664,79.87000274658203,80.75,5.56895637512207,12380700,MO
2006-08-18,83.5,84.44999694824219,82.9000015258789,83.97000122070312,5.791025161743164,21814900,MO
2006-08-21,83.5,84.4800033569336,83.4800033569336,83.72000122070312,5.773786544799805,9284400,MO
2006-08-22,83.77999877929688,84.25,83.4000015258789,83.62999725341797,5.767576694488525,6090300,MO
2006-08-23,83.62999725341797,83.94999694824219,83.47000122070312,83.66999816894531,5.7703328132629395,3736700,MO
2006-08-24,84.0,84.5,83.69000244140625,84.45999908447266,5.824819087982178,5465700,MO
2006-08-25,84.11000061035156,84.4800033569336,83.94999694824219,84.0999984741211,5.799989700317383,5074100,MO
2006-08-28,84.44999694824219,85.0,84.0,84.05000305175781,5.796542644500732,8940700,MO
2006-08-29,84.0999984741211,84.3499984741211,83.11000061035156,83.52999877929688,5.760682106018066,8619000,MO
2006-08-30,84.0,84.58000183105469,83.02999877929688,84.41999816894531,5.822059154510498,10047500,MO
2006-08-31,84.5,84.5199966430664,83.52999877929688,83.52999877929688,5.760682106018066,6224500,MO
2006-09-01,84.0199966430664,84.16999816894531,83.5999984741211,83.80999755859375,5.7799906730651855,4239700,MO
2006-09-05,83.75,83.80999755859375,82.52999877929688,82.62999725341797,5.698611259460449,9358400,MO
2006-09-06,82.11000061035156,82.83000183105469,82.0999984741211,82.61000061035156,5.697233200073242,6356900,MO
2006-09-07,82.75,82.95999908447266,81.86000061035156,82.12000274658203,5.663442611694336,9175800,MO
2006-09-08,82.30000305175781,83.0999984741211,82.08000183105469,82.97000122070312,5.7220587730407715,9587900,MO
2006-09-11,82.80000305175781,83.54000091552734,82.75,83.3499984741211,5.748265266418457,9435000,MO
2006-09-12,83.33999633789062,83.62999725341797,82.2300033569336,83.05999755859375,5.728266716003418,11801400,MO
2006-09-13,82.0,82.76000213623047,81.55000305175781,82.73999786376953,5.765896320343018,12186500,MO
2006-09-14,82.73999786376953,83.25,82.69999694824219,83.04000091552734,5.786803245544434,9838400,MO
2006-09-15,83.25,83.30000305175781,82.62000274658203,83.13999938964844,5.793774127960205,15383900,MO
2006-09-18,83.2699966430664,83.62000274658203,82.5,82.93000030517578,5.779139041900635,5329400,MO
2006-09-19,82.94000244140625,83.11000061035156,82.0199966430664,82.5199966430664,5.750567436218262,14628000,MO
2006-09-20,82.51000213623047,82.62000274658203,81.75,82.58999633789062,5.755444049835205,10180700,MO
2006-09-21,82.37999725341797,82.66000366210938,81.69999694824219,81.93000030517578,5.709450721740723,7076500,MO
2006-09-22,82.27999877929688,82.4000015258789,81.2699966430664,82.31999969482422,5.736631870269775,6595400,MO
2006-09-25,80.0,80.30000305175781,76.30999755859375,77.05999755859375,5.370077610015869,47530200,MO
2006-09-26,77.0,77.01000213623047,75.0,75.76000213623047,5.279483318328857,42198000,MO
2006-09-27,76.0999984741211,77.55000305175781,76.01000213623047,77.29000091552734,5.386106967926025,22279400,MO
2006-09-28,77.4000015258789,77.86000061035156,76.72000122070312,76.97000122070312,5.363805294036865,17232100,MO
2006-09-29,76.80000305175781,77.38999938964844,76.5,76.55000305175781,5.334535121917725,8997100,MO
2006-10-02,76.9000015258789,77.05000305175781,76.5,76.54000091552734,5.333840847015381,8204900,MO
2006-10-03,76.55000305175781,76.63999938964844,75.44999694824219,75.63999938964844,5.271119594573975,11573900,MO
2006-10-04,76.0,77.1500015258789,75.69999694824219,76.9000015258789,5.3589253425598145,13033700,MO
2006-10-05,77.37000274658203,78.45999908447266,77.05000305175781,78.4000015258789,5.46345853805542,10069400,MO
2006-10-06,78.73999786376953,78.88999938964844,78.0,78.62000274658203,5.478786945343018,9615200,MO
2006-10-09,78.8499984741211,78.87000274658203,78.18000030517578,78.75,5.48784875869751,7646100,MO
2006-10-10,79.1500015258789,79.5,77.5999984741211,78.05000305175781,5.439067840576172,11225200,MO
2006-10-11,78.05000305175781,78.93000030517578,77.98999786376953,78.83000183105469,5.493422985076904,9076200,MO
2006-10-12,79.19999694824219,79.19999694824219,78.37999725341797,78.77999877929688,5.489937782287598,7757300,MO
2006-10-13,79.19999694824219,79.6500015258789,78.45999908447266,79.62999725341797,5.549172878265381,8582800,MO
2006-10-16,79.80000305175781,79.87000274658203,78.62999725341797,79.08000183105469,5.510842323303223,6028700,MO
2006-10-17,78.80999755859375,78.98999786376953,78.11000061035156,78.25,5.453003406524658,6217200,MO
2006-10-18,78.62999725341797,78.75,77.83000183105469,78.33999633789062,5.4592742919921875,8601000,MO
2006-10-19,79.0999984741211,80.25,78.91000366210938,80.19000244140625,5.588193893432617,15135200,MO
2006-10-20,80.19000244140625,80.19000244140625,79.41000366210938,79.66999816894531,5.551958084106445,11272200,MO
2006-10-23,80.16999816894531,80.73999786376953,80.01000213623047,80.16000366210938,5.586106300354004,12805600,MO
2006-10-24,79.47000122070312,81.05000305175781,78.5,79.81999969482422,5.562411785125732,24625200,MO
2006-10-25,79.01000213623047,82.94000244140625,79.01000213623047,82.0999984741211,5.721299648284912,37414100,MO
2006-10-26,82.25,82.8499984741211,81.20999908447266,81.56999969482422,5.68436336517334,14114700,MO
2006-10-27,81.51000213623047,82.0,80.76000213623047,81.8499984741211,5.70387601852417,11493800,MO
2006-10-30,81.8499984741211,82.1500015258789,81.5199966430664,81.69999694824219,5.693423748016357,5013600,MO
2006-10-31,81.9000015258789,82.19999694824219,81.19999694824219,81.33000183105469,5.667638778686523,8133400,MO
2006-11-01,81.9800033569336,81.9800033569336,80.9000015258789,81.44999694824219,5.676001071929932,8426800,MO
2006-11-02,81.4000015258789,81.62000274658203,81.0,81.36000061035156,5.669727802276611,5894400,MO
2006-11-03,81.27999877929688,81.55000305175781,80.81999969482422,81.18000030517578,5.657186985015869,4797500,MO
2006-11-06,80.9000015258789,81.5,80.72000122070312,81.27999877929688,5.664156913757324,5282900,MO
2006-11-07,80.94999694824219,81.27999877929688,80.19999694824219,80.33000183105469,5.597952842712402,9321000,MO
2006-11-08,81.0,81.93000030517578,80.68000030517578,81.44999694824219,5.676001071929932,8735400,MO
2006-11-09,81.4800033569336,81.4800033569336,80.47000122070312,80.86000061035156,5.634884834289551,7663100,MO
2006-11-10,80.69999694824219,81.05999755859375,80.33999633789062,80.93000030517578,5.639766693115234,4467500,MO
2006-11-13,80.69999694824219,81.48999786376953,80.69000244140625,80.83999633789062,5.6334943771362305,4259300,MO
2006-11-14,80.94999694824219,81.22000122070312,80.33999633789062,81.13999938964844,5.654397964477539,7008800,MO
2006-11-15,82.0,82.76000213623047,81.8499984741211,82.25,5.731752872467041,8975100,MO
2006-11-16,82.5,84.05000305175781,82.30999755859375,83.56999969482422,5.82373571395874,11108900,MO
2006-11-17,83.61000061035156,85.37000274658203,83.23999786376953,85.01000213623047,5.924088954925537,20646700,MO
2006-11-20,85.0,85.55000305175781,84.56999969482422,84.88999938964844,5.915726184844971,10615000,MO
2006-11-21,85.19000244140625,85.25,84.02999877929688,84.11000061035156,5.861368179321289,6991000,MO
2006-11-22,83.98999786376953,84.41000366210938,83.06999969482422,84.12000274658203,5.86206579208374,4817300,MO
2006-11-24,83.75,84.12999725341797,83.58999633789062,83.75,5.836283206939697,2049600,MO
2006-11-27,83.94999694824219,84.30999755859375,83.16999816894531,83.41999816894531,5.813283443450928,9552000,MO
2006-11-28,83.5999984741211,83.98999786376953,83.30000305175781,83.6500015258789,5.829316139221191,5813100,MO
2006-11-29,83.4800033569336,84.3499984741211,83.31999969482422,84.33000183105469,5.876699924468994,9692600,MO
2006-11-30,84.33000183105469,84.5,83.72000122070312,84.20999908447266,5.868340015411377,7057100,MO
2006-12-01,84.20999908447266,84.20999908447266,83.43000030517578,84.0,5.853703498840332,6402700,MO
2006-12-04,84.69999694824219,84.69999694824219,83.87000274658203,84.4000015258789,5.881579875946045,8216500,MO
2006-12-05,84.61000061035156,84.61000061035156,83.83000183105469,84.02999877929688,5.8557939529418945,8767700,MO
2006-12-06,84.6500015258789,84.6500015258789,83.8499984741211,84.16000366210938,5.864854335784912,5966000,MO
2006-12-07,84.5,85.55000305175781,84.2699966430664,84.95999908447266,5.920603275299072,9288700,MO
2006-12-08,84.8499984741211,85.33000183105469,84.52999877929688,84.83000183105469,5.9115424156188965,5097100,MO
2006-12-11,84.7699966430664,85.22000122070312,84.61000061035156,85.0199966430664,5.924785614013672,4200700,MO
2006-12-12,85.30000305175781,85.33000183105469,84.5999984741211,84.79000091552734,5.908758163452148,9201800,MO
2006-12-13,84.56999969482422,85.0999984741211,84.22000122070312,84.58000183105469,5.894124984741211,16571200,MO
2006-12-14,84.2699966430664,85.19999694824219,84.18000030517578,84.97000122070312,5.921301364898682,9460600,MO
2006-12-15,85.0,85.38999938964844,84.97000122070312,85.20999908447266,5.938026428222656,13571300,MO
2006-12-18,85.68000030517578,86.1500015258789,85.25,85.62999725341797,5.967292308807373,8975200,MO
2006-12-19,85.62999725341797,86.18000030517578,85.45999908447266,85.91999816894531,5.987503528594971,8137500,MO
2006-12-20,86.12999725341797,86.25,85.5999984741211,85.68000030517578,5.970776081085205,6825500,MO
2006-12-21,85.95999908447266,86.23999786376953,85.62999725341797,85.72000122070312,5.973562717437744,6556000,MO
2006-12-22,85.05000305175781,86.0,84.55999755859375,84.77999877929688,5.967936038970947,7443700,MO
2006-12-26,85.26000213623047,85.29000091552734,84.19999694824219,85.19999694824219,5.997497081756592,3926400,MO
2006-12-27,85.33999633789062,85.9800033569336,85.29000091552734,85.80999755859375,6.040439605712891,3843300,MO
2006-12-28,85.80999755859375,86.44999694824219,85.61000061035156,86.2300033569336,6.070002555847168,4606900,MO
2006-12-29,85.93000030517578,86.37000274658203,85.58000183105469,85.81999969482422,6.04114294052124,4627500,MO
2007-01-03,86.0999984741211,87.1500015258789,86.0,86.51000213623047,6.089714050292969,9392700,MO
2007-01-04,87.4000015258789,87.87000274658203,86.75,87.6500015258789,6.169962406158447,12399500,MO
2007-01-05,87.88999938964844,87.94000244140625,86.94999694824219,87.1500015258789,6.134765148162842,8214400,MO
2007-01-08,87.16999816894531,88.02999877929688,86.5999984741211,87.9800033569336,6.193192481994629,8408000,MO
2007-01-09,88.02999877929688,88.58000183105469,87.9000015258789,88.12000274658203,6.203050136566162,9030800,MO
2007-01-10,88.47000122070312,89.41999816894531,87.9000015258789,89.19000244140625,6.278366565704346,11717000,MO
2007-01-11,89.41999816894531,90.5,89.3499984741211,89.4000015258789,6.293150901794434,13994300,MO
2007-01-12,89.41999816894531,89.66000366210938,87.80999755859375,88.41999816894531,6.224164962768555,13296500,MO
2007-01-16,88.66999816894531,89.5,87.98999786376953,89.29000091552734,6.285406589508057,8900800,MO
2007-01-17,89.41999816894531,89.58999633789062,88.33999633789062,88.56999969482422,6.234724998474121,8146500,MO
2007-01-18,87.79000091552734,89.08000183105469,87.79000091552734,87.94999694824219,6.191082000732422,8723800,MO
2007-01-19,87.94999694824219,88.06999969482422,86.98999786376953,87.26000213623047,6.1425089836120605,9968800,MO
2007-01-22,87.01000213623047,87.5,86.62000274658203,87.06999969482422,6.1291351318359375,8506300,MO
2007-01-23,87.06999969482422,87.98999786376953,87.0,87.76000213623047,6.177704811096191,6666900,MO
2007-01-24,87.94999694824219,88.26000213623047,87.56999969482422,87.91999816894531,6.188967227935791,6368200,MO
2007-01-25,88.29000091552734,88.69999694824219,87.79000091552734,87.8499984741211,6.184042930603027,7096800,MO
2007-01-26,88.30000305175781,88.5,87.6500015258789,88.0,6.194602012634277,7690000,MO
2007-01-29,88.8499984741211,89.94999694824219,88.05999755859375,88.05999755859375,6.198823928833008,12336900,MO
2007-01-30,88.25,88.5,87.5,87.54000091552734,6.162221431732178,11144300,MO
2007-01-31,87.54000091552734,88.47000122070312,86.25,87.38999938964844,6.151658535003662,18530600,MO
2007-02-01,87.4800033569336,87.8499984741211,86.7300033569336,87.4800033569336,6.157991409301758,11644700,MO
2007-02-02,87.4800033569336,87.5999984741211,86.30999755859375,86.55999755859375,6.093233585357666,9716800,MO
2007-02-05,86.62999725341797,86.98999786376953,86.36000061035156,86.87999725341797,6.115757942199707,6640000,MO
2007-02-06,86.87000274658203,86.91999816894531,85.80000305175781,86.0199966430664,6.055221080780029,10904900,MO
2007-02-07,86.0199966430664,86.37999725341797,85.69999694824219,85.9800033569336,6.052405834197998,7122000,MO
2007-02-08,85.5999984741211,85.9000015258789,84.73999786376953,85.22000122070312,5.998908519744873,11438000,MO
2007-02-09,85.05000305175781,85.80000305175781,85.0,85.38999938964844,6.0108747482299805,7404200,MO
2007-02-12,85.26000213623047,85.93000030517578,85.16000366210938,85.5999984741211,6.025656700134277,7683100,MO
2007-02-13,85.70999908447266,86.16999816894531,85.52999877929688,86.05000305175781,6.057335376739502,7984800,MO
2007-02-14,86.02999877929688,86.47000122070312,85.5,86.38999938964844,6.081270217895508,7843400,MO
2007-02-15,86.37999725341797,86.61000061035156,85.9000015258789,86.08000183105469,6.059444427490234,10067300,MO
2007-02-16,85.98999786376953,86.26000213623047,85.56999969482422,86.19999694824219,6.06788969039917,7223700,MO
2007-02-20,86.19999694824219,86.75,85.5,85.94999694824219,6.05029296875,7839300,MO
2007-02-21,86.0,86.48999786376953,85.30000305175781,85.36000061035156,6.008763790130615,7461400,MO
2007-02-22,85.37000274658203,85.5,84.6500015258789,84.83999633789062,5.972159385681152,10768200,MO
2007-02-23,84.83999633789062,85.72000122070312,84.4000015258789,85.37999725341797,6.010169506072998,6053500,MO
2007-02-26,85.22000122070312,85.9000015258789,85.16000366210938,85.66999816894531,6.030584335327148,5473300,MO
2007-02-27,85.23999786376953,85.5,81.16999816894531,82.66999816894531,5.819403648376465,17586100,MO
2007-02-28,83.02999877929688,85.0,83.0,84.27999877929688,5.932738304138184,17958200,MO
2007-03-01,83.33999633789062,84.87999725341797,83.05000305175781,84.33999633789062,5.936961650848389,13663000,MO
2007-03-02,83.79000091552734,84.5,83.12000274658203,83.4800033569336,5.876423358917236,10234400,MO
2007-03-05,83.0,86.69000244140625,82.19000244140625,82.20999908447266,5.7870259284973145,12478000,MO
2007-03-06,83.3499984741211,84.55999755859375,83.08000183105469,84.41999816894531,5.942592144012451,14670100,MO
2007-03-07,84.5,85.66000366210938,84.0199966430664,85.08000183105469,5.98905086517334,15053700,MO
2007-03-08,85.63999938964844,86.25,85.23999786376953,85.95999908447266,6.051000118255615,11299800,MO
2007-03-09,86.0,86.93000030517578,85.20999908447266,86.86000061035156,6.114353179931641,19918000,MO
2007-03-12,86.36000061035156,87.3499984741211,86.3499984741211,86.66000366210938,6.100273132324219,29609000,MO
2007-03-13,84.5,85.63999938964844,84.0199966430664,84.04000091552734,5.975138187408447,26815200,MO
2007-03-14,83.87000274658203,84.5,83.16000366210938,83.9000015258789,5.965186595916748,34761500,MO
2007-03-15,83.38999938964844,85.0999984741211,83.37999725341797,84.75,6.0256195068359375,17374700,MO
2007-03-16,84.69000244140625,85.05999755859375,84.43000030517578,84.7300033569336,6.024198055267334,25986300,MO
2007-03-19,83.98999786376953,85.36000061035156,83.44999694824219,85.22000122070312,6.059037208557129,19125400,MO
2007-03-20,85.22000122070312,85.83000183105469,84.80999755859375,85.83000183105469,6.102406978607178,13591700,MO
2007-03-21,85.63999938964844,86.25,85.1500015258789,86.0999984741211,6.121603488922119,16834000,MO
2007-03-22,85.8499984741211,86.68000030517578,85.0,86.1500015258789,6.125156879425049,12424900,MO
2007-03-23,86.19999694824219,86.83000183105469,85.47000122070312,85.47000122070312,6.076812267303467,11688700,MO
2007-03-26,85.20999908447266,85.63999938964844,84.58999633789062,84.94999694824219,6.039837837219238,15346700,MO
2007-03-27,84.76000213623047,85.44999694824219,84.41999816894531,85.08000183105469,6.049081325531006,10827900,MO
2007-03-28,85.08999633789062,86.70999908447266,85.08000183105469,86.20999908447266,6.129421234130859,16112500,MO
2007-03-29,86.6500015258789,87.33999633789062,86.01000213623047,87.13999938964844,6.195544242858887,10862100,MO
2007-03-30,86.69999694824219,87.80999755859375,86.4000015258789,87.80999755859375,6.243180751800537,12766800,MO
2007-04-02,67.12999725341797,68.43000030517578,66.91000366210938,68.22000122070312,6.462874412536621,23953400,MO
2007-04-03,68.80999755859375,69.80000305175781,68.76000213623047,69.6500015258789,6.598344802856445,28127100,MO
2007-04-04,70.19999694824219,70.5999984741211,69.9000015258789,70.44000244140625,6.6731858253479,27808900,MO
2007-04-05,70.70999908447266,70.9800033569336,70.52999877929688,70.75,6.7025556564331055,16856300,MO
2007-04-09,71.0999984741211,71.0999984741211,69.6500015258789,69.9000015258789,6.622029781341553,12901200,MO
2007-04-10,70.30000305175781,70.5,70.0999984741211,70.16000366210938,6.646661758422852,10903800,MO
2007-04-11,70.27999877929688,70.5,69.33999633789062,69.5,6.584136486053467,11542200,MO
2007-04-12,69.5,70.01000213623047,69.4000015258789,69.94999694824219,6.626765727996826,9781900,MO
2007-04-13,70.37000274658203,70.37999725341797,69.44999694824219,69.55999755859375,6.589823246002197,7980900,MO
2007-04-16,69.9000015258789,69.94000244140625,69.19999694824219,69.37000274658203,6.5718207359313965,8731200,MO
2007-04-17,69.4800033569336,69.75,69.20999908447266,69.56999969482422,6.590764045715332,9047600,MO
2007-04-18,69.62999725341797,70.55999755859375,69.58000183105469,70.08000183105469,6.639085292816162,15720200,MO
2007-04-19,69.55000305175781,70.19999694824219,68.63999938964844,69.4000015258789,6.574662208557129,14000200,MO
2007-04-20,70.02999877929688,70.05999755859375,69.26000213623047,69.55000305175781,6.588873386383057,10940900,MO
2007-04-23,69.58999633789062,69.9000015258789,69.30999755859375,69.33000183105469,6.568028450012207,8460100,MO
2007-04-24,69.33000183105469,70.0,69.05999755859375,69.91999816894531,6.623923301696777,9056700,MO
2007-04-25,70.22000122070312,70.62999725341797,69.56999969482422,70.47000122070312,6.676031112670898,19888800,MO
2007-04-26,70.4000015258789,70.69999694824219,69.31999969482422,69.33000183105469,6.568028450012207,9055200,MO
2007-04-27,69.45999908447266,69.80999755859375,69.33999633789062,69.5999984741211,6.5936126708984375,6166100,MO
2007-04-30,69.94999694824219,69.95999908447266,68.9000015258789,68.91999816894531,6.529186248779297,9005700,MO
2007-05-01,69.25,69.5,68.22000122070312,68.80999755859375,6.518765449523926,7175700,MO
2007-05-02,69.01000213623047,69.30000305175781,68.5,69.11000061035156,6.547186851501465,5519800,MO
2007-05-03,69.0999984741211,69.9000015258789,69.0999984741211,69.7699966430664,6.609713077545166,8553900,MO
2007-05-04,70.04000091552734,70.1500015258789,69.0,69.36000061035156,6.5708723068237305,6422700,MO
2007-05-07,69.66999816894531,69.86000061035156,69.11000061035156,69.18000030517578,6.553821563720703,7235300,MO
2007-05-08,69.1500015258789,69.16999816894531,68.27999877929688,68.66000366210938,6.504558086395264,7421500,MO
2007-05-09,68.51000213623047,68.86000061035156,68.27999877929688,68.56999969482422,6.496032238006592,7604300,MO
2007-05-10,68.5,68.87000274658203,68.0,68.04000091552734,6.445822715759277,9483400,MO
2007-05-11,68.19999694824219,68.6500015258789,67.8499984741211,68.58999633789062,6.497925758361816,10903800,MO
2007-05-14,68.58000183105469,69.12999725341797,68.4800033569336,68.83000183105469,6.520662784576416,5407000,MO
2007-05-15,68.9000015258789,69.73999786376953,68.51000213623047,69.41000366210938,6.5756120681762695,7272200,MO
2007-05-16,69.73999786376953,70.05000305175781,69.55999755859375,69.98999786376953,6.630555629730225,7832600,MO
2007-05-17,69.95999908447266,70.0999984741211,69.69999694824219,69.69999694824219,6.603084087371826,8248800,MO
2007-05-18,69.94000244140625,70.1500015258789,69.55999755859375,69.94999694824219,6.626765727996826,10547600,MO
2007-05-21,70.4000015258789,71.12999725341797,69.94999694824219,70.8499984741211,6.712028980255127,18780600,MO
2007-05-22,71.16000366210938,71.86000061035156,70.86000061035156,71.68000030517578,6.790661334991455,14158800,MO
2007-05-23,71.98999786376953,72.0,71.25,71.38999938964844,6.763186931610107,7792000,MO
2007-05-24,71.58000183105469,71.80000305175781,70.41999816894531,70.47000122070312,6.676031112670898,8440400,MO
2007-05-25,70.6500015258789,70.80999755859375,70.18000030517578,70.77999877929688,6.705397129058838,5935200,MO
2007-05-29,71.1500015258789,71.4800033569336,70.80000305175781,71.33999633789062,6.758448123931885,9123000,MO
2007-05-30,71.30999755859375,71.48999786376953,70.91000366210938,71.48999786376953,6.772660255432129,15376000,MO
2007-05-31,71.48999786376953,72.19999694824219,71.02999877929688,71.0999984741211,6.735713005065918,14095100,MO
2007-06-01,71.0999984741211,71.83999633789062,70.62000274658203,71.81999969482422,6.803925037384033,14434300,MO
2007-06-04,71.7699966430664,71.91000366210938,71.19999694824219,71.80000305175781,6.802028179168701,7881400,MO
2007-06-05,71.6500015258789,71.69999694824219,70.61000061035156,70.68000030517578,6.695922374725342,12779300,MO
2007-06-06,70.56999969482422,71.0,70.20999908447266,70.80999755859375,6.708238124847412,14229100,MO
2007-06-07,70.5,71.3499984741211,69.41999816894531,69.55000305175781,6.588873386383057,11666500,MO
2007-06-08,69.58000183105469,70.4000015258789,69.2699966430664,70.30000305175781,6.6599225997924805,10100800,MO
2007-06-11,70.25,70.5,69.76000213623047,70.22000122070312,6.652344703674316,9085500,MO
2007-06-12,69.8499984741211,70.5999984741211,69.81999969482422,70.13999938964844,6.6447672843933105,17439000,MO
2007-06-13,69.9800033569336,70.3499984741211,69.62999725341797,70.26000213623047,6.722263813018799,10227900,MO
2007-06-14,70.16000366210938,70.63999938964844,70.01000213623047,70.47000122070312,6.742358684539795,10468900,MO
2007-06-15,70.79000091552734,71.0,70.48999786376953,70.66999816894531,6.761490345001221,13040400,MO
2007-06-18,70.51000213623047,70.7300033569336,70.12000274658203,70.16000366210938,6.7126970291137695,12604700,MO
2007-06-19,70.06999969482422,70.16999816894531,69.30000305175781,69.5199966430664,6.651463031768799,10409100,MO
2007-06-20,69.68000030517578,69.83999633789062,68.19000244140625,68.2699966430664,6.531867504119873,13350700,MO
2007-06-21,68.31999969482422,68.79000091552734,68.06999969482422,68.58000183105469,6.561531066894531,11559800,MO
2007-06-22,68.5,68.80000305175781,67.98999786376953,68.19999694824219,6.5251688957214355,13615600,MO
2007-06-25,68.37000274658203,69.56999969482422,68.25,68.75,6.577792167663574,10976700,MO
2007-06-26,69.0199966430664,70.41000366210938,68.6500015258789,69.62999725341797,6.661989212036133,19123200,MO
2007-06-27,69.51000213623047,70.26000213623047,69.19000244140625,70.19999694824219,6.716525077819824,19664200,MO
2007-06-28,70.25,70.43000030517578,68.66000366210938,69.91999816894531,6.689732551574707,6595300,MO
2007-06-29,70.01000213623047,70.52999877929688,69.58000183105469,70.13999938964844,6.7107834815979,9568800,MO
2007-07-02,70.2300033569336,71.01000213623047,70.19999694824219,70.9000015258789,6.783499240875244,9308600,MO
2007-07-03,71.0,71.02999877929688,70.70999908447266,70.98999786376953,6.792107105255127,4552000,MO
2007-07-05,70.98999786376953,71.23999786376953,70.75,71.16000366210938,6.808375358581543,10549100,MO
2007-07-06,70.8499984741211,71.69999694824219,70.80000305175781,71.5999984741211,6.85046911239624,8468300,MO
2007-07-09,71.98999786376953,72.19999694824219,71.41000366210938,71.69999694824219,6.860039710998535,8522600,MO
2007-07-10,71.55999755859375,71.80999755859375,70.38999938964844,70.43000030517578,6.738529205322266,11450300,MO
2007-07-11,70.5,71.08000183105469,70.43000030517578,70.88999938964844,6.782541751861572,7436700,MO
2007-07-12,70.83999633789062,72.19000244140625,70.76000213623047,72.06999969482422,6.895440101623535,10886500,MO
2007-07-13,72.0,72.0,71.19999694824219,71.69999694824219,6.860039710998535,7618100,MO
2007-07-16,71.81999969482422,72.02999877929688,71.02999877929688,71.30999755859375,6.822725772857666,6035200,MO
2007-07-17,71.54000091552734,71.75,71.11000061035156,71.27999877929688,6.819854736328125,7763100,MO
2007-07-18,70.26000213623047,70.91999816894531,69.6500015258789,70.30000305175781,6.726090431213379,12649700,MO
2007-07-19,70.75,71.44000244140625,70.37000274658203,70.62999725341797,6.75766658782959,8318900,MO
2007-07-20,70.5,70.9800033569336,69.68000030517578,69.80000305175781,6.678254127502441,12166300,MO
2007-07-23,69.9800033569336,70.0999984741211,69.4000015258789,69.62000274658203,6.661033630371094,8811100,MO
2007-07-24,69.12999725341797,69.58000183105469,67.87000274658203,68.05999755859375,6.511775970458984,10635300,MO
2007-07-25,68.16000366210938,68.75,67.62000274658203,67.8499984741211,6.491682529449463,12501900,MO
2007-07-26,67.75,67.87999725341797,65.83999633789062,66.80000305175781,6.391223430633545,18825600,MO
2007-07-27,66.80000305175781,68.19999694824219,65.16999816894531,65.16999816894531,6.235269546508789,15414900,MO
2007-07-30,65.51000213623047,66.36000061035156,63.130001068115234,65.77999877929688,6.293631553649902,16909700,MO
2007-07-31,66.0999984741211,68.41999816894531,65.87000274658203,66.47000122070312,6.359648704528809,15386000,MO
2007-08-01,66.20999908447266,67.5,65.72000122070312,66.58000183105469,6.370173454284668,16645500,MO
2007-08-02,67.12000274658203,67.75,66.80000305175781,67.13999938964844,6.423751354217529,9405000,MO
2007-08-03,67.20999908447266,67.91999816894531,66.41999816894531,66.5999984741211,6.372086048126221,11607700,MO
2007-08-06,67.37999725341797,69.05000305175781,66.2699966430664,68.9800033569336,6.599796772003174,14688300,MO
2007-08-07,68.93000030517578,69.8499984741211,68.0999984741211,69.22000122070312,6.622762203216553,10196000,MO
2007-08-08,68.4800033569336,69.7699966430664,68.20999908447266,69.5999984741211,6.659121513366699,13208000,MO
2007-08-09,68.95999908447266,69.0999984741211,67.44999694824219,67.66999816894531,6.474462985992432,13196900,MO
2007-08-10,67.20999908447266,67.6500015258789,65.79000091552734,67.38999938964844,6.447669506072998,16954500,MO
2007-08-13,67.80000305175781,68.48999786376953,67.25,67.41000366210938,6.449589252471924,9137300,MO
2007-08-14,67.77999877929688,68.4800033569336,66.38999938964844,66.81999969482422,6.393136978149414,13340600,MO
2007-08-15,66.94000244140625,67.87000274658203,65.7300033569336,65.9800033569336,6.312768459320068,15356000,MO
2007-08-16,65.75,66.36000061035156,64.72000122070312,66.36000061035156,6.349123954772949,16577200,MO
2007-08-17,67.4000015258789,68.47000122070312,66.76000213623047,67.58999633789062,6.4668049812316895,14626700,MO
2007-08-20,67.11000061035156,68.22000122070312,66.5,67.0,6.410358428955078,8907800,MO
2007-08-21,66.62999725341797,67.81999969482422,66.61000061035156,67.22000122070312,6.4314069747924805,13480000,MO
2007-08-22,67.6500015258789,68.5,67.30000305175781,68.23999786376953,6.528996467590332,8627900,MO
2007-08-23,68.87999725341797,68.95999908447266,68.30000305175781,68.62999725341797,6.566311836242676,12307800,MO
2007-08-24,68.23999786376953,69.30000305175781,68.0,69.19000244140625,6.61989164352417,9556600,MO
2007-08-27,70.0,70.98999786376953,69.69000244140625,70.08000183105469,6.705045700073242,15322600,MO
2007-08-28,70.13999938964844,70.81999969482422,68.97000122070312,69.06999969482422,6.6084089279174805,12297500,MO
2007-08-29,70.25,70.9800033569336,68.25,69.80000305175781,6.678254127502441,23592400,MO
2007-08-30,69.2699966430664,69.7300033569336,68.69999694824219,69.25,6.625631809234619,9346800,MO
2007-08-31,69.63999938964844,69.79000091552734,68.76000213623047,69.41000366210938,6.640942096710205,10003600,MO
2007-09-04,69.41000366210938,69.94999694824219,69.38999938964844,69.66999816894531,6.6658148765563965,9614100,MO
2007-09-05,68.72000122070312,69.02999877929688,68.05999755859375,68.62999725341797,6.566311836242676,16396600,MO
2007-09-06,68.83999633789062,68.98999786376953,67.8499984741211,68.2699966430664,6.531867504119873,8027000,MO
2007-09-07,67.83999633789062,68.44999694824219,67.25,67.38999938964844,6.447669506072998,11198800,MO
2007-09-10,67.62000274658203,68.04000091552734,66.87000274658203,67.30000305175781,6.439061164855957,8093000,MO
2007-09-11,67.95999908447266,67.95999908447266,67.19000244140625,67.73999786376953,6.481158256530762,10492300,MO
2007-09-12,67.19999694824219,67.62999725341797,66.9000015258789,67.5,6.530500888824463,12552200,MO
2007-09-13,67.8499984741211,68.08999633789062,66.91000366210938,67.12999725341797,6.494704246520996,12156200,MO
2007-09-14,66.9800033569336,67.41000366210938,66.66000366210938,67.02999877929688,6.485027313232422,7669800,MO
2007-09-17,67.08000183105469,67.52999877929688,66.7699966430664,67.0,6.482126712799072,6661200,MO
2007-09-18,67.38999938964844,68.08999633789062,67.0,68.05999755859375,6.5846781730651855,7239300,MO
2007-09-19,68.3499984741211,68.81999969482422,68.0,68.7300033569336,6.649503707885742,14832100,MO
2007-09-20,68.41999816894531,69.0,68.26000213623047,68.62000274658203,6.638859272003174,7513000,MO
2007-09-21,69.18000030517578,69.4800033569336,68.36000061035156,68.54000091552734,6.631119251251221,11586600,MO
2007-09-24,68.55999755859375,68.5999984741211,68.01000213623047,68.44000244140625,6.6214399337768555,17095700,MO
2007-09-25,68.02999877929688,69.04000091552734,67.93000030517578,68.23999786376953,6.6020941734313965,9834600,MO
2007-09-26,68.29000091552734,68.9800033569336,67.95999908447266,68.5999984741211,6.636923789978027,7779400,MO
2007-09-27,68.5999984741211,69.4800033569336,68.30000305175781,69.4800033569336,6.722062587738037,20146300,MO
2007-09-28,69.41999816894531,69.77999877929688,69.16000366210938,69.52999877929688,6.726898193359375,12026700,MO
2007-10-01,69.66999816894531,70.0,69.44000244140625,69.7699966430664,6.750121593475342,11778800,MO
2007-10-02,69.9000015258789,70.13999938964844,69.44000244140625,69.94999694824219,6.767531394958496,8199200,MO
2007-10-03,69.87999725341797,70.12000274658203,69.5199966430664,69.87999725341797,6.760759353637695,7905900,MO
2007-10-04,69.83000183105469,70.13999938964844,69.55999755859375,69.69000244140625,6.742378234863281,6831200,MO
2007-10-05,69.66000366210938,69.93000030517578,69.47000122070312,69.55999755859375,6.729800701141357,5993500,MO
2007-10-08,69.45999908447266,69.55000305175781,69.08999633789062,69.27999877929688,6.702711582183838,4734100,MO
2007-10-09,69.41999816894531,70.0999984741211,69.11000061035156,69.93000030517578,6.765598297119141,9020900,MO
2007-10-10,69.94999694824219,70.01000213623047,69.66000366210938,70.0,6.77236795425415,8139500,MO
2007-10-11,70.0,70.04000091552734,69.41000366210938,69.94999694824219,6.767531394958496,7488400,MO
2007-10-12,69.98999786376953,70.18000030517578,69.87000274658203,70.05999755859375,6.77817440032959,9646100,MO
2007-10-15,70.25,70.54000091552734,70.0999984741211,70.37000274658203,6.808167934417725,7174200,MO
2007-10-16,70.63999938964844,71.2300033569336,70.44999694824219,70.73999786376953,6.843963623046875,11824600,MO
2007-10-17,71.5,71.5,70.55000305175781,70.9800033569336,6.867185115814209,15037000,MO
2007-10-18,71.16999816894531,71.30000305175781,70.75,70.88999938964844,6.858473777770996,9859100,MO
2007-10-19,70.37999725341797,71.23999786376953,69.72000122070312,70.5,6.820745468139648,16234000,MO
2007-10-22,70.41000366210938,71.69000244140625,70.41000366210938,71.47000122070312,6.914589881896973,9634500,MO
2007-10-23,71.91999816894531,72.19999694824219,71.30999755859375,72.08999633789062,6.974575996398926,8972000,MO
2007-10-24,72.19000244140625,72.83999633789062,71.44000244140625,72.36000061035156,7.000697612762451,9605300,MO
2007-10-25,72.37999725341797,72.80000305175781,72.04000091552734,72.26000213623047,6.991020679473877,7954600,MO
2007-10-26,72.54000091552734,73.25,71.91999816894531,72.97000122070312,7.059711933135986,9358900,MO
2007-10-29,73.2699966430664,73.5,72.77999877929688,72.97000122070312,7.059711933135986,6168000,MO
2007-10-30,72.8499984741211,73.20999908447266,72.69999694824219,72.76000213623047,7.039395332336426,7261100,MO
2007-10-31,72.86000061035156,73.16000366210938,72.4000015258789,72.93000030517578,7.055839538574219,9223700,MO
2007-11-01,72.87999725341797,73.0,71.72000122070312,71.87999725341797,6.954258918762207,9652200,MO
2007-11-02,72.0999984741211,72.73999786376953,71.75,72.11000061035156,6.976513385772705,7846500,MO
2007-11-05,72.0,72.70999908447266,71.7699966430664,72.36000061035156,7.000697612762451,6148400,MO
2007-11-06,72.0,73.0,72.0,72.94000244140625,7.056811332702637,6572800,MO
2007-11-07,72.58000183105469,72.91999816894531,71.83999633789062,71.9800033569336,6.963930130004883,9229000,MO
2007-11-08,72.33000183105469,72.93000030517578,71.97000122070312,72.72000122070312,7.035525321960449,14917300,MO
2007-11-09,73.26000213623047,73.5,72.6500015258789,72.70999908447266,7.0345587730407715,15343100,MO
2007-11-12,72.7300033569336,73.27999877929688,72.33999633789062,72.47000122070312,7.0113396644592285,10302400,MO
2007-11-13,72.93000030517578,72.95999908447266,71.72000122070312,72.8499984741211,7.0481038093566895,14909500,MO
2007-11-14,73.1500015258789,73.1500015258789,72.12000274658203,72.22000122070312,6.9871506690979,8511800,MO
2007-11-15,71.79000091552734,72.51000213623047,71.79000091552734,72.2699966430664,6.991990566253662,11721500,MO
2007-11-16,72.80000305175781,73.55000305175781,72.4000015258789,73.18000030517578,7.080031394958496,13105500,MO
2007-11-19,72.75,74.3499984741211,72.75,73.83999633789062,7.143881797790527,14342600,MO
2007-11-20,74.11000061035156,74.4000015258789,73.30999755859375,73.80999755859375,7.140982151031494,10494700,MO
2007-11-21,73.12000274658203,73.80000305175781,72.41000366210938,72.41000366210938,7.0055341720581055,9494200,MO
2007-11-23,72.73999786376953,73.37999725341797,72.5999984741211,72.97000122070312,7.059711933135986,7652400,MO
2007-11-26,72.83000183105469,73.54000091552734,71.30000305175781,71.44000244140625,6.911684989929199,13580000,MO
2007-11-27,71.98999786376953,73.94999694824219,71.9800033569336,73.3499984741211,7.0964789390563965,13569000,MO
2007-11-28,73.94000244140625,74.19000244140625,73.51000213623047,74.08999633789062,7.168071269989014,16345800,MO
2007-11-29,74.0,76.1500015258789,73.98999786376953,75.9800033569336,7.350923538208008,16464100,MO
2007-11-30,76.73999786376953,77.55999755859375,76.1500015258789,77.55999755859375,7.503787994384766,14049300,MO
2007-12-03,77.31999969482422,77.95999908447266,77.0,77.56999969482422,7.504752159118652,9639400,MO
2007-12-04,77.26000213623047,78.51000213623047,77.26000213623047,77.41000366210938,7.489272117614746,11076900,MO
2007-12-05,77.97000122070312,78.19999694824219,77.4000015258789,77.80000305175781,7.52700662612915,11621300,MO
2007-12-06,77.55000305175781,77.8499984741211,77.2699966430664,77.80000305175781,7.52700662612915,8997400,MO
2007-12-07,78.0999984741211,78.4000015258789,77.37000274658203,77.5999984741211,7.507657527923584,12332900,MO
2007-12-10,77.97000122070312,78.41999816894531,77.5999984741211,78.19999694824219,7.565705299377441,7544800,MO
2007-12-11,77.7300033569336,78.3499984741211,77.0199966430664,77.0999984741211,7.459283828735352,9149400,MO
2007-12-12,77.88999938964844,78.41999816894531,76.9800033569336,77.70999908447266,7.518299102783203,14208900,MO
2007-12-13,77.4800033569336,77.9000015258789,76.91000366210938,77.76000213623047,7.52313756942749,14007000,MO
2007-12-14,77.7300033569336,77.8499984741211,76.7699966430664,76.81999969482422,7.432191848754883,11812700,MO
2007-12-17,76.5999984741211,76.97000122070312,75.93000030517578,76.0199966430664,7.354791641235352,10367600,MO
2007-12-18,76.41999816894531,76.58000183105469,75.4000015258789,75.93000030517578,7.346087455749512,10264000,MO
2007-12-19,76.08999633789062,77.20999908447266,75.69999694824219,76.68000030517578,7.418647289276123,11633600,MO
2007-12-20,77.05999755859375,77.62000274658203,76.79000091552734,77.62000274658203,7.509592533111572,10864700,MO
2007-12-21,77.37000274658203,77.80000305175781,76.98999786376953,77.43000030517578,7.56430196762085,17420200,MO
2007-12-24,77.02999877929688,77.68000030517578,77.02999877929688,77.58000183105469,7.578952312469482,5083100,MO
2007-12-26,77.05999755859375,77.94999694824219,77.05999755859375,77.48999786376953,7.57016134262085,6327400,MO
2007-12-27,77.13999938964844,77.7699966430664,76.16000366210938,76.2300033569336,7.44706916809082,8333000,MO
2007-12-28,76.45999908447266,76.68000030517578,75.75,75.95999908447266,7.420688629150391,9601500,MO
2007-12-31,75.55999755859375,76.55999755859375,75.5,75.58000183105469,7.3835673332214355,5974900,MO
2008-01-02,75.5,76.0,74.66999816894531,74.93000030517578,7.320066928863525,8757300,MO
2008-01-03,75.08000183105469,75.9800033569336,74.93000030517578,75.38999938964844,7.365005016326904,10013800,MO
2008-01-04,75.26000213623047,75.94999694824219,74.80999755859375,74.9000015258789,7.317138671875,11110400,MO
2008-01-07,75.22000122070312,77.4000015258789,75.22000122070312,77.2300033569336,7.544759273529053,16011400,MO
2008-01-08,78.12000274658203,79.43000030517578,77.9000015258789,78.31999969482422,7.651244163513184,17342200,MO
2008-01-09,79.36000061035156,79.55999755859375,78.54000091552734,79.20999908447266,7.738193988800049,16521700,MO
2008-01-10,78.86000061035156,79.19999694824219,78.1500015258789,78.81999969482422,7.700092792510986,12825800,MO
2008-01-11,78.3499984741211,79.58999633789062,78.3499984741211,79.0199966430664,7.719628810882568,10649000,MO
2008-01-14,78.97000122070312,79.1500015258789,78.01000213623047,78.69000244140625,7.687394618988037,10363600,MO
2008-01-15,78.37000274658203,79.0,78.0199966430664,78.45999908447266,7.66492223739624,10264100,MO
2008-01-16,78.0999984741211,78.66999816894531,77.51000213623047,77.91000366210938,7.611191272735596,13961900,MO
2008-01-17,79.0,79.13999938964844,76.73999786376953,76.80000305175781,7.502753734588623,23839000,MO
2008-01-18,77.41999816894531,77.9800033569336,74.66999816894531,75.41999816894531,7.367936134338379,21979800,MO
2008-01-22,72.0,74.56999969482422,71.27999877929688,73.37999725341797,7.168647766113281,22672800,MO
2008-01-23,72.05000305175781,74.05000305175781,70.87999725341797,72.8499984741211,7.116869926452637,24435700,MO
2008-01-24,73.2699966430664,75.31999969482422,72.5,74.88999938964844,7.316162586212158,13482500,MO
2008-01-25,75.16000366210938,75.48999786376953,73.47000122070312,73.94999694824219,7.224330902099609,14953600,MO
2008-01-28,74.19000244140625,75.04000091552734,73.6500015258789,75.01000213623047,7.327883720397949,8869900,MO
2008-01-29,75.7300033569336,76.48999786376953,74.0,76.12000274658203,7.436322212219238,16818000,MO
2008-01-30,75.86000061035156,77.88999938964844,75.62999725341797,76.5,7.473446369171143,20832800,MO
2008-01-31,76.08000183105469,76.87000274658203,75.44999694824219,75.79000091552734,7.404084205627441,14890000,MO
2008-02-01,75.98999786376953,76.30999755859375,74.4800033569336,75.44000244140625,7.369892120361328,11076300,MO
2008-02-04,75.4000015258789,75.91999816894531,74.88999938964844,75.06999969482422,7.3337483406066895,6238700,MO
2008-02-05,74.58999633789062,75.22000122070312,73.05000305175781,73.12999725341797,7.144219398498535,12003700,MO
2008-02-06,73.48999786376953,74.05000305175781,72.61000061035156,72.76000213623047,7.1080780029296875,8761900,MO
2008-02-07,72.51000213623047,74.3499984741211,72.19999694824219,74.0999984741211,7.238983631134033,15359900,MO
2008-02-08,73.8499984741211,74.0,73.01000213623047,73.08999633789062,7.140312671661377,8907400,MO
2008-02-11,72.70999908447266,73.36000061035156,71.88999938964844,72.41999816894531,7.074862957000732,11798900,MO
2008-02-12,72.72000122070312,72.7699966430664,71.9800033569336,72.43000030517578,7.075838088989258,10715800,MO
2008-02-13,72.83999633789062,72.97000122070312,72.37000274658203,72.8499984741211,7.116869926452637,10185600,MO
2008-02-14,73.0,73.08000183105469,72.44999694824219,72.69000244140625,7.101236343383789,9320600,MO
2008-02-15,72.55000305175781,73.44999694824219,72.41999816894531,72.52999877929688,7.085606575012207,29659800,MO
2008-02-19,72.51000213623047,73.72000122070312,72.45999908447266,72.93000030517578,7.124683380126953,11310800,MO
2008-02-20,72.44000244140625,73.20999908447266,72.08999633789062,72.94000244140625,7.125661849975586,8555900,MO
2008-02-21,73.0999984741211,73.62999725341797,72.6500015258789,73.38999938964844,7.16962194442749,13581500,MO
2008-02-22,73.55000305175781,73.70999908447266,72.5199966430664,73.5999984741211,7.190135955810547,9546000,MO
2008-02-25,73.5,74.33999633789062,73.12000274658203,74.26000213623047,7.254616737365723,7383200,MO
2008-02-26,73.69999694824219,74.7699966430664,73.66999816894531,74.2699966430664,7.255591869354248,10440300,MO
2008-02-27,73.97000122070312,74.54000091552734,73.93000030517578,74.47000122070312,7.275132656097412,7365300,MO
2008-02-28,74.05000305175781,74.31999969482422,73.4800033569336,73.77999877929688,7.207722187042236,6947300,MO
2008-02-29,73.45999908447266,73.70999908447266,72.9000015258789,73.13999938964844,7.145201206207275,10111500,MO
2008-03-03,72.8499984741211,73.06999969482422,72.0199966430664,73.0199966430664,7.133474826812744,11076800,MO
2008-03-04,72.48999786376953,74.16000366210938,72.4000015258789,73.83000183105469,7.2126078605651855,12563500,MO
2008-03-05,73.5999984741211,75.04000091552734,73.3499984741211,74.91000366210938,7.318118095397949,16056500,MO
2008-03-06,74.68000030517578,74.68000030517578,73.8499984741211,73.97000122070312,7.226284503936768,8355700,MO
2008-03-07,73.47000122070312,74.72000122070312,73.12999725341797,74.5199966430664,7.280015468597412,12640400,MO
2008-03-10,74.44000244140625,75.6500015258789,74.19999694824219,74.73999786376953,7.301506519317627,12689700,MO
2008-03-11,75.66999816894531,75.80000305175781,74.30000305175781,75.25,7.351332187652588,17764800,MO
2008-03-12,75.13999938964844,75.13999938964844,73.43000030517578,73.66000366210938,7.196003437042236,18243400,MO
2008-03-13,72.98999786376953,73.62999725341797,72.0999984741211,73.44999694824219,7.175479888916016,17707100,MO
2008-03-14,73.51000213623047,73.80999755859375,71.3499984741211,71.77999877929688,7.012339115142822,24058200,MO
2008-03-17,70.41999816894531,71.0,69.30999755859375,69.97000122070312,6.907693862915039,17607900,MO
2008-03-18,70.45999908447266,71.66999816894531,68.0,71.55999755859375,7.064661026000977,22326000,MO
2008-03-19,71.77999877929688,72.2300033569336,70.55999755859375,70.77999877929688,6.987659454345703,19647600,MO
2008-03-20,70.77999877929688,71.0,70.0,70.26000213623047,6.9363203048706055,16383000,MO
2008-03-24,71.26000213623047,72.08000183105469,71.26000213623047,71.68000030517578,7.076509475708008,9981000,MO
2008-03-25,71.55999755859375,73.33000183105469,71.5199966430664,73.33000183105469,7.239401817321777,13139500,MO
2008-03-26,73.16999816894531,73.5,72.73999786376953,73.0,7.206826686859131,15852200,MO
2008-03-27,73.23999786376953,73.91000366210938,73.02999877929688,73.22000122070312,7.228541374206543,22975600,MO
2008-03-28,73.5999984741211,74.58999633789062,73.33000183105469,73.83000183105469,7.288763999938965,17760000,MO
2008-03-31,23.1200008392334,23.719999313354492,21.950000762939453,22.200000762939453,7.106306552886963,33447900,MO
2008-04-01,21.239999771118164,22.219999313354492,20.950000762939453,22.149999618530273,7.090301036834717,64113000,MO
2008-04-02,22.3700008392334,22.530000686645508,21.850000381469727,22.079999923706055,7.067892074584961,39490000,MO
2008-04-03,22.040000915527344,22.760000228881836,21.549999237060547,22.010000228881836,7.045486927032471,38455200,MO
2008-04-04,22.139999389648438,22.139999389648438,21.649999618530273,21.709999084472656,6.949453353881836,21425300,MO
2008-04-07,21.75,22.010000228881836,21.75,21.8799991607666,7.003872871398926,28600800,MO
2008-04-08,21.959999084472656,21.959999084472656,21.290000915527344,21.43000030517578,6.8598246574401855,19844800,MO
2008-04-09,21.479999542236328,21.56999969482422,20.829999923706055,20.90999984741211,6.693369388580322,20155700,MO
2008-04-10,20.899999618530273,21.829999923706055,20.850000381469727,21.690000534057617,6.943053245544434,27828800,MO
2008-04-11,21.479999542236328,21.81999969482422,21.0,21.3700008392334,6.840618133544922,21843100,MO
2008-04-14,21.40999984741211,21.600000381469727,21.329999923706055,21.540000915527344,6.895035266876221,18189100,MO
2008-04-15,21.639999389648438,21.770000457763672,21.299999237060547,21.709999084472656,6.949453353881836,17133600,MO
2008-04-16,21.579999923706055,21.729999542236328,21.190000534057617,21.670000076293945,6.93665075302124,23876200,MO
2008-04-17,21.59000015258789,22.0,21.559999465942383,21.860000610351562,6.9974684715271,17537700,MO
2008-04-18,21.950000762939453,22.15999984741211,21.760000228881836,22.100000381469727,7.074293613433838,18095200,MO
2008-04-21,22.110000610351562,22.209999084472656,21.8700008392334,22.15999984741211,7.093501567840576,15612200,MO
2008-04-22,22.110000610351562,22.299999237060547,21.959999084472656,22.049999237060547,7.058289527893066,12744000,MO
2008-04-23,22.1299991607666,22.540000915527344,22.020000457763672,22.299999237060547,7.138315677642822,22160900,MO
2008-04-24,22.440000534057617,22.65999984741211,22.260000228881836,22.530000686645508,7.211939811706543,15704600,MO
2008-04-25,21.799999237060547,21.899999618530273,21.200000762939453,21.700000762939453,6.946252346038818,30215300,MO
2008-04-28,21.5,21.59000015258789,21.229999542236328,21.290000915527344,6.815011501312256,22949900,MO
2008-04-29,21.100000381469727,21.3799991607666,20.110000610351562,20.239999771118164,6.4789018630981445,47218900,MO
2008-04-30,20.350000381469727,20.3799991607666,19.989999771118164,20.0,6.402075290679932,30021400,MO
2008-05-01,20.18000030517578,20.209999084472656,19.950000762939453,20.1200008392334,6.440487861633301,22304100,MO
2008-05-02,20.079999923706055,20.530000686645508,19.979999542236328,20.43000030517578,6.5397186279296875,17931400,MO
2008-05-05,20.75,20.860000610351562,20.5,20.709999084472656,6.629352569580078,18785700,MO
2008-05-06,20.75,20.959999084472656,20.510000228881836,20.889999389648438,6.686968803405762,15793100,MO
2008-05-07,20.829999923706055,21.06999969482422,20.790000915527344,20.829999923706055,6.667762279510498,17979000,MO
2008-05-08,20.920000076293945,21.350000381469727,20.84000015258789,21.329999923706055,6.82781457901001,17350400,MO
2008-05-09,21.040000915527344,21.329999923706055,20.889999389648438,20.940000534057617,6.702975273132324,19028600,MO
2008-05-12,20.950000762939453,21.6200008392334,20.899999618530273,21.579999923706055,6.907842636108398,15363100,MO
2008-05-13,21.56999969482422,22.0,21.5,21.920000076293945,7.016676425933838,19898900,MO
2008-05-14,21.93000030517578,22.149999618530273,21.860000610351562,22.0,7.04228401184082,14743400,MO
2008-05-15,22.020000457763672,22.3799991607666,22.0,22.34000015258789,7.15111780166626,15962200,MO
2008-05-16,22.299999237060547,22.489999771118164,22.059999465942383,22.450000762939453,7.186330795288086,13957100,MO
2008-05-19,22.329999923706055,22.850000381469727,22.329999923706055,22.559999465942383,7.22154426574707,18326300,MO
2008-05-20,22.559999465942383,22.799999237060547,22.3799991607666,22.440000534057617,7.1831278800964355,20543100,MO
2008-05-21,22.520000457763672,22.84000015258789,22.280000686645508,22.3700008392334,7.160721302032471,18871100,MO
2008-05-22,22.43000030517578,23.020000457763672,22.3700008392334,22.770000457763672,7.288760662078857,16170400,MO
2008-05-23,22.8700008392334,22.8700008392334,22.170000076293945,22.280000686645508,7.1319122314453125,15424200,MO
2008-05-27,22.329999923706055,22.530000686645508,22.100000381469727,22.479999542236328,7.195934295654297,19361300,MO
2008-05-28,22.68000030517578,22.700000762939453,22.010000228881836,22.329999923706055,7.147917747497559,13738500,MO
2008-05-29,22.329999923706055,22.690000534057617,22.329999923706055,22.450000762939453,7.186330795288086,9779300,MO
2008-05-30,22.5,22.549999237060547,22.209999084472656,22.260000228881836,7.125513553619385,10254600,MO
2008-06-02,22.31999969482422,22.350000381469727,21.969999313354492,22.030000686645508,7.0518903732299805,12114900,MO
2008-06-03,22.059999465942383,22.229999542236328,21.899999618530273,21.979999542236328,7.035882472991943,13058600,MO
2008-06-04,21.940000534057617,22.100000381469727,21.90999984741211,22.059999465942383,7.061491012573242,14539700,MO
2008-06-05,22.149999618530273,22.309999465942383,22.0,22.15999984741211,7.093501567840576,9971400,MO
2008-06-06,22.100000381469727,22.309999465942383,21.520000457763672,21.530000686645508,6.891833782196045,16895400,MO
2008-06-09,21.670000076293945,21.68000030517578,21.010000228881836,21.15999984741211,6.7733988761901855,16356900,MO
2008-06-10,21.059999465942383,21.190000534057617,20.75,21.1299991607666,6.763792991638184,14056300,MO
2008-06-11,21.079999923706055,21.09000015258789,20.670000076293945,20.719999313354492,6.7248454093933105,14253700,MO
2008-06-12,20.850000381469727,21.209999084472656,20.799999237060547,20.940000534057617,6.796248912811279,16680700,MO
2008-06-13,21.059999465942383,21.059999465942383,20.75,20.899999618530273,6.783265113830566,15083000,MO
2008-06-16,21.0,21.0,20.540000915527344,20.600000381469727,6.685897350311279,14507000,MO
2008-06-17,20.65999984741211,20.860000610351562,20.59000015258789,20.719999313354492,6.7248454093933105,14685600,MO
2008-06-18,20.610000610351562,20.780000686645508,20.610000610351562,20.709999084472656,6.7216033935546875,10525700,MO
2008-06-19,20.65999984741211,20.979999542236328,20.610000610351562,20.850000381469727,6.76704216003418,17584700,MO
2008-06-20,20.729999542236328,20.8799991607666,20.65999984741211,20.780000686645508,6.744316101074219,16869600,MO
2008-06-23,20.829999923706055,21.09000015258789,20.770000457763672,20.899999618530273,6.783265113830566,14896500,MO
2008-06-24,20.790000915527344,21.149999618530273,20.75,21.110000610351562,6.85142707824707,15277000,MO
2008-06-25,21.229999542236328,21.84000015258789,21.200000762939453,21.31999969482422,6.919580459594727,16915000,MO
2008-06-26,21.049999237060547,21.489999771118164,20.969999313354492,20.969999313354492,6.805985927581787,12056400,MO
2008-06-27,20.969999313354492,20.979999542236328,20.25,20.350000381469727,6.604759693145752,15261000,MO
2008-06-30,20.34000015258789,20.729999542236328,20.329999923706055,20.559999465942383,6.672918319702148,10001400,MO
2008-07-01,20.350000381469727,20.479999542236328,20.0,20.1200008392334,6.5301127433776855,21280500,MO
2008-07-02,20.31999969482422,20.350000381469727,19.860000610351562,19.920000076293945,6.465200901031494,17234400,MO
2008-07-03,19.93000030517578,20.15999984741211,19.84000015258789,20.1200008392334,6.5301127433776855,9133400,MO
2008-07-07,20.15999984741211,20.700000762939453,20.030000686645508,20.520000457763672,6.659935474395752,15512800,MO
2008-07-08,20.479999542236328,21.059999465942383,20.469999313354492,21.049999237060547,6.83195161819458,14049800,MO
2008-07-09,21.110000610351562,21.270000457763672,20.770000457763672,20.959999084472656,6.802738666534424,13454200,MO
2008-07-10,21.010000228881836,21.280000686645508,20.690000534057617,21.229999542236328,6.8903703689575195,10925500,MO
2008-07-11,20.940000534057617,21.549999237060547,20.65999984741211,21.260000228881836,6.9001078605651855,12873600,MO
2008-07-14,21.329999923706055,21.520000457763672,20.850000381469727,20.969999313354492,6.805985927581787,11119600,MO
2008-07-15,20.610000610351562,21.239999771118164,20.610000610351562,20.690000534057617,6.715112686157227,14650600,MO
2008-07-16,20.700000762939453,21.020000457763672,20.520000457763672,20.84000015258789,6.763792514801025,12418400,MO
2008-07-17,21.030000686645508,21.079999923706055,20.5,20.649999618530273,6.7021284103393555,16186200,MO
2008-07-18,20.6299991607666,20.780000686645508,20.360000610351562,20.450000762939453,6.637216567993164,14566100,MO
2008-07-21,20.530000686645508,20.649999618530273,20.209999084472656,20.270000457763672,6.578795909881592,9049800,MO
2008-07-22,20.149999618530273,20.639999389648438,20.100000381469727,20.600000381469727,6.685897350311279,15904000,MO
2008-07-23,20.6299991607666,21.219999313354492,20.6299991607666,21.209999084472656,6.883880615234375,12786000,MO
2008-07-24,21.18000030517578,21.450000762939453,20.700000762939453,20.809999465942383,6.754058837890625,12992200,MO
2008-07-25,20.850000381469727,21.34000015258789,20.760000228881836,21.06999969482422,6.838442802429199,10131300,MO
2008-07-28,21.139999389648438,21.190000534057617,20.809999465942383,20.899999618530273,6.783265113830566,8322700,MO
2008-07-29,20.920000076293945,21.469999313354492,20.8700008392334,21.3700008392334,6.9358110427856445,11238300,MO
2008-07-30,21.299999237060547,21.860000610351562,21.18000030517578,21.700000762939453,7.042913436889648,13536000,MO
2008-07-31,21.1299991607666,21.469999313354492,20.100000381469727,20.350000381469727,6.604759693145752,26812200,MO
2008-08-01,20.540000915527344,20.979999542236328,20.459999084472656,20.899999618530273,6.783265113830566,13795500,MO
2008-08-04,20.950000762939453,21.139999389648438,20.799999237060547,21.06999969482422,6.838442802429199,10185800,MO
2008-08-05,21.100000381469727,21.40999984741211,20.729999542236328,21.3700008392334,6.9358110427856445,11658200,MO
2008-08-06,21.079999923706055,21.469999313354492,20.989999771118164,21.239999771118164,6.893619537353516,17064700,MO
2008-08-07,21.149999618530273,21.350000381469727,20.850000381469727,20.889999389648438,6.780023574829102,10692800,MO
2008-08-08,20.75,21.030000686645508,20.670000076293945,20.950000762939453,6.799496173858643,16714300,MO
2008-08-11,20.959999084472656,21.399999618530273,20.950000762939453,21.239999771118164,6.893619537353516,11184500,MO
2008-08-12,21.299999237060547,21.809999465942383,21.1299991607666,21.709999084472656,7.0461602210998535,13993100,MO
2008-08-13,21.6200008392334,21.75,21.469999313354492,21.549999237060547,6.994231700897217,8145700,MO
2008-08-14,21.479999542236328,21.540000915527344,21.280000686645508,21.399999618530273,6.9455437660217285,11189400,MO
2008-08-15,21.469999313354492,21.799999237060547,21.31999969482422,21.600000381469727,7.010459899902344,10133900,MO
2008-08-18,21.68000030517578,21.739999771118164,21.25,21.34000015258789,6.9260735511779785,7518000,MO
2008-08-19,21.270000457763672,21.34000015258789,20.889999389648438,20.979999542236328,6.809232234954834,11068000,MO
2008-08-20,21.06999969482422,21.06999969482422,20.75,20.989999771118164,6.812477111816406,8340100,MO
2008-08-21,20.8799991607666,20.950000762939453,20.649999618530273,20.90999984741211,6.786515712738037,8857900,MO
2008-08-22,20.950000762939453,21.06999969482422,20.75,20.920000076293945,6.789759635925293,6605900,MO
2008-08-25,20.799999237060547,21.100000381469727,20.709999084472656,20.799999237060547,6.750810623168945,8305900,MO
2008-08-26,20.829999923706055,20.899999618530273,20.649999618530273,20.780000686645508,6.744316101074219,7270800,MO
2008-08-27,20.760000228881836,20.889999389648438,20.530000686645508,20.6200008392334,6.692389488220215,8421400,MO
2008-08-28,20.6299991607666,21.040000915527344,20.6299991607666,21.040000915527344,6.82870626449585,10030200,MO
2008-08-29,21.010000228881836,21.440000534057617,21.010000228881836,21.030000686645508,6.825461387634277,10668200,MO
2008-09-02,21.1299991607666,21.700000762939453,21.1200008392334,21.350000381469727,6.929318904876709,19930300,MO
2008-09-03,21.350000381469727,21.610000610351562,21.059999465942383,21.260000228881836,6.9001078605651855,11884000,MO
2008-09-04,21.25,21.389999389648438,20.6299991607666,20.65999984741211,6.7053751945495605,14599500,MO
2008-09-05,20.739999771118164,21.190000534057617,20.709999084472656,20.950000762939453,6.799496173858643,18125500,MO
2008-09-08,21.3799991607666,21.850000381469727,20.780000686645508,20.969999313354492,6.805985927581787,29608400,MO
2008-09-09,21.100000381469727,21.5,20.65999984741211,20.65999984741211,6.7053751945495605,20505600,MO
2008-09-10,20.799999237060547,21.06999969482422,20.709999084472656,20.760000228881836,6.737829208374023,12428500,MO
2008-09-11,20.40999984741211,20.93000030517578,20.299999237060547,20.90999984741211,6.892761707305908,17644900,MO
2008-09-12,20.829999923706055,21.18000030517578,20.639999389648438,21.15999984741211,6.975172996520996,14333700,MO
2008-09-15,20.649999618530273,21.100000381469727,20.510000228881836,20.90999984741211,6.892761707305908,15229000,MO
2008-09-16,20.68000030517578,20.809999465942383,20.25,20.639999389648438,6.8037590980529785,15964900,MO
2008-09-17,20.59000015258789,20.709999084472656,19.739999771118164,19.8700008392334,6.549936294555664,33192800,MO
2008-09-18,20.110000610351562,20.59000015258789,19.829999923706055,20.219999313354492,6.665307998657227,24155800,MO
2008-09-19,20.809999465942383,20.8799991607666,20.010000228881836,20.540000915527344,6.770793437957764,20262500,MO
2008-09-22,20.68000030517578,20.75,20.010000228881836,20.040000915527344,6.605972766876221,14001000,MO
2008-09-23,20.100000381469727,20.43000030517578,19.780000686645508,19.780000686645508,6.520265579223633,12235700,MO
2008-09-24,20.030000686645508,20.049999237060547,19.700000762939453,19.8799991607666,6.553228378295898,15038100,MO
2008-09-25,19.969999313354492,20.690000534057617,19.950000762939453,20.479999542236328,6.751012802124023,20582600,MO
2008-09-26,20.239999771118164,20.959999084472656,20.149999618530273,20.889999389648438,6.886168479919434,14886900,MO
2008-09-29,20.709999084472656,20.719999313354492,19.260000228881836,19.350000381469727,6.378525733947754,24779000,MO
2008-09-30,19.850000381469727,20.229999542236328,19.700000762939453,19.84000015258789,6.540046215057373,20014800,MO
2008-10-01,19.799999237060547,20.739999771118164,19.690000534057617,20.549999237060547,6.774088382720947,21780600,MO
2008-10-02,20.459999084472656,20.690000534057617,19.989999771118164,20.079999923706055,6.619160175323486,20495100,MO
2008-10-03,20.329999923706055,20.90999984741211,20.1200008392334,20.290000915527344,6.688382625579834,17797600,MO
2008-10-06,19.93000030517578,20.540000915527344,18.770000457763672,19.329999923706055,6.371931076049805,28732200,MO
2008-10-07,19.829999923706055,19.93000030517578,18.479999542236328,18.520000457763672,6.104921340942383,24983400,MO
2008-10-08,18.170000076293945,19.170000076293945,17.860000610351562,18.100000381469727,5.966472625732422,31038200,MO
2008-10-09,18.520000457763672,18.850000381469727,17.0,17.3799991607666,5.729132175445557,31701400,MO
2008-10-10,16.5,17.84000015258789,16.260000228881836,17.15999984741211,5.656610488891602,48657000,MO
2008-10-13,18.350000381469727,20.309999465942383,18.110000610351562,19.969999313354492,6.58289909362793,30261800,MO
2008-10-14,20.639999389648438,20.739999771118164,18.920000076293945,19.549999237060547,6.444448471069336,33696500,MO
2008-10-15,19.25,19.5,17.959999084472656,18.06999969482422,5.956583499908447,21031300,MO
2008-10-16,18.709999084472656,19.309999465942383,17.6299991607666,19.0,6.263149261474609,32673400,MO
2008-10-17,18.790000915527344,20.239999771118164,18.579999923706055,19.31999969482422,6.368633270263672,28075300,MO
2008-10-20,19.93000030517578,20.440000534057617,19.510000228881836,20.360000610351562,6.711458206176758,19608600,MO
2008-10-21,19.780000686645508,20.190000534057617,19.25,19.3799991607666,6.388412952423096,18677900,MO
2008-10-22,19.139999389648438,19.8799991607666,18.899999618530273,19.290000915527344,6.358743190765381,28292600,MO
2008-10-23,19.329999923706055,20.0,18.860000610351562,19.579999923706055,6.45434045791626,27313700,MO
2008-10-24,18.5,19.479999542236328,18.5,19.219999313354492,6.335669040679932,28994400,MO
2008-10-27,18.950000762939453,19.270000457763672,18.459999084472656,18.459999084472656,6.085144996643066,19372000,MO
2008-10-28,19.020000457763672,19.549999237060547,18.25,19.530000686645508,6.437856674194336,25128000,MO
2008-10-29,19.40999984741211,19.969999313354492,19.06999969482422,19.139999389648438,6.309295177459717,26127800,MO
2008-10-30,19.75,19.899999618530273,18.739999771118164,19.15999984741211,6.315890312194824,23861600,MO
2008-10-31,19.139999389648438,19.690000534057617,19.0,19.190000534057617,6.325779914855957,16765000,MO
2008-11-03,19.389999389648438,19.389999389648438,18.940000534057617,19.1299991607666,6.30600118637085,11842900,MO
2008-11-04,19.420000076293945,19.59000015258789,19.0,19.09000015258789,6.292813777923584,18010400,MO
2008-11-05,18.8799991607666,19.18000030517578,18.200000762939453,18.239999771118164,6.0126237869262695,19502300,MO
2008-11-06,18.360000610351562,18.3700008392334,17.469999313354492,17.649999618530273,5.818135738372803,24551700,MO
2008-11-07,17.799999237060547,18.209999084472656,17.799999237060547,17.979999542236328,5.926916122436523,13869500,MO
2008-11-10,18.31999969482422,18.399999618530273,17.600000381469727,17.81999969482422,5.874174118041992,16177200,MO
2008-11-11,17.770000457763672,17.950000762939453,17.1200008392334,17.329999923706055,5.712650299072266,19967600,MO
2008-11-12,17.190000534057617,17.200000762939453,16.5,16.579999923706055,5.465423107147217,26250900,MO
2008-11-13,16.729999542236328,16.979999542236328,15.899999618530273,16.68000030517578,5.498386859893799,35649300,MO
2008-11-14,16.459999084472656,16.809999465942383,16.200000762939453,16.260000228881836,5.3599348068237305,21707200,MO
2008-11-17,16.040000915527344,16.950000762939453,15.970000267028809,16.200000762939453,5.340158462524414,26725800,MO
2008-11-18,16.260000228881836,16.959999084472656,16.0,16.959999084472656,5.59068489074707,26727200,MO
2008-11-19,16.860000610351562,17.200000762939453,16.40999984741211,16.5,5.43904972076416,23374700,MO
2008-11-20,16.260000228881836,16.399999618530273,14.34000015258789,14.449999809265137,4.763288974761963,40805900,MO
2008-11-21,15.020000457763672,15.529999732971191,14.510000228881836,15.489999771118164,5.106113910675049,41011500,MO
2008-11-24,15.989999771118164,15.989999771118164,15.229999542236328,15.430000305175781,5.086334228515625,30125400,MO
2008-11-25,15.899999618530273,16.020000457763672,15.4399995803833,15.800000190734863,5.208301544189453,23855500,MO
2008-11-26,15.6899995803833,15.930000305175781,15.5,15.869999885559082,5.231376647949219,21087800,MO
2008-11-28,15.84000015258789,16.079999923706055,15.630000114440918,16.079999923706055,5.300601959228516,10449500,MO
2008-12-01,16.0,16.030000686645508,15.220000267028809,15.260000228881836,5.030294418334961,18922800,MO
2008-12-02,15.510000228881836,15.550000190734863,14.800000190734863,15.09000015258789,4.974257469177246,25643400,MO
2008-12-03,14.930000305175781,15.59000015258789,14.859999656677246,15.5,5.109413146972656,24357100,MO
2008-12-04,15.369999885559082,15.5,14.899999618530273,15.029999732971191,4.9544806480407715,23232600,MO
2008-12-05,14.880000114440918,15.119999885559082,14.619999885559082,15.0,4.944591522216797,33939600,MO
2008-12-08,15.34000015258789,15.479999542236328,14.760000228881836,15.0,4.944591522216797,28291900,MO
2008-12-09,14.989999771118164,15.180000305175781,14.789999961853027,14.930000305175781,4.9215168952941895,24270200,MO
2008-12-10,15.029999732971191,15.130000114440918,14.930000305175781,15.0600004196167,4.964369297027588,18430300,MO
2008-12-11,15.229999542236328,15.25,14.960000038146973,15.020000457763672,4.951183795928955,24396200,MO
2008-12-12,14.890000343322754,15.40999984741211,14.75,15.34000015258789,5.056667804718018,24099900,MO
2008-12-15,15.710000038146973,15.880000114440918,14.960000038146973,15.210000038146973,5.013815879821777,25594200,MO
2008-12-16,15.289999961853027,15.359999656677246,14.420000076293945,14.539999961853027,4.7929558753967285,50835700,MO
2008-12-17,14.710000038146973,15.0,14.460000038146973,14.670000076293945,4.835808753967285,32966000,MO
2008-12-18,14.880000114440918,15.239999771118164,14.850000381469727,15.180000305175781,5.0039262771606445,33692500,MO
2008-12-19,15.489999771118164,15.75,15.199999809265137,15.279999732971191,5.036891460418701,33295900,MO
2008-12-22,15.1899995803833,15.220000267028809,14.489999771118164,14.729999542236328,4.959453105926514,23488700,MO
2008-12-23,14.760000228881836,14.920000076293945,14.630000114440918,14.720000267028809,4.956084251403809,15469400,MO
2008-12-24,14.819999694824219,14.989999771118164,14.699999809265137,14.899999618530273,5.016688823699951,6131500,MO
2008-12-26,15.0,15.100000381469727,14.9399995803833,15.0600004196167,5.070558547973633,8336100,MO
2008-12-29,15.069999694824219,15.1899995803833,14.90999984741211,15.1899995803833,5.114327907562256,15939200,MO
2008-12-30,15.210000038146973,15.34000015258789,15.09000015258789,15.329999923706055,5.161466598510742,15208800,MO
2008-12-31,15.369999885559082,15.40999984741211,15.029999732971191,15.0600004196167,5.070558547973633,18256100,MO
2009-01-02,15.180000305175781,15.25,14.960000038146973,15.199999809265137,5.117696285247803,18379100,MO
2009-01-05,15.149999618530273,15.4399995803833,15.100000381469727,15.380000114440918,5.178300380706787,24224200,MO
2009-01-06,15.470000267028809,15.600000381469727,15.039999961853027,15.149999618530273,5.100860118865967,24478500,MO
2009-01-07,15.069999694824219,15.210000038146973,15.010000228881836,15.09000015258789,5.08065938949585,17684600,MO
2009-01-08,15.130000114440918,15.199999809265137,15.0,15.100000381469727,5.0840253829956055,19361900,MO
2009-01-09,15.229999542236328,15.600000381469727,15.130000114440918,15.479999542236328,5.211968421936035,22106300,MO
2009-01-12,15.59000015258789,16.25,15.199999809265137,15.789999961853027,5.316341876983643,33828200,MO
2009-01-13,16.020000457763672,16.270000457763672,15.770000457763672,16.219999313354492,5.461119651794434,35456900,MO
2009-01-14,16.049999237060547,16.219999313354492,15.819999694824219,16.18000030517578,5.447653293609619,29341600,MO
2009-01-15,16.239999771118164,16.5,16.049999237060547,16.3700008392334,5.511624336242676,27687300,MO
2009-01-16,16.68000030517578,16.950000762939453,16.309999465942383,16.84000015258789,5.669867992401123,28722900,MO
2009-01-20,16.950000762939453,17.6299991607666,16.799999237060547,17.15999984741211,5.777608394622803,38668800,MO
2009-01-21,17.420000076293945,17.520000457763672,16.459999084472656,16.969999313354492,5.7136359214782715,31220400,MO
2009-01-22,16.760000228881836,17.079999923706055,16.65999984741211,16.959999084472656,5.71027135848999,18683000,MO
2009-01-23,16.709999084472656,17.020000457763672,16.59000015258789,16.84000015258789,5.669867992401123,15210100,MO
2009-01-26,16.989999771118164,17.100000381469727,16.59000015258789,16.690000534057617,5.619363307952881,16574900,MO
2009-01-27,16.760000228881836,17.0,16.700000762939453,16.93000030517578,5.700169563293457,17313400,MO
2009-01-28,17.06999969482422,17.06999969482422,16.5,16.799999237060547,5.656401634216309,19674100,MO
2009-01-29,16.989999771118164,17.06999969482422,16.770000457763672,16.84000015258789,5.669867992401123,21537600,MO
2009-01-30,16.899999618530273,16.989999771118164,16.510000228881836,16.540000915527344,5.568859577178955,27836100,MO
2009-02-02,16.440000534057617,16.93000030517578,16.399999618530273,16.690000534057617,5.619363307952881,19742300,MO
2009-02-03,16.760000228881836,17.0,16.729999542236328,16.93000030517578,5.700169563293457,22449800,MO
2009-02-04,16.940000534057617,17.030000686645508,16.700000762939453,16.75,5.6395649909973145,25090000,MO
2009-02-05,16.760000228881836,16.780000686645508,16.31999969482422,16.469999313354492,5.545290946960449,22783800,MO
2009-02-06,16.510000228881836,16.979999542236328,16.360000610351562,16.959999084472656,5.71027135848999,20449500,MO
2009-02-09,16.920000076293945,16.940000534057617,16.709999084472656,16.809999465942383,5.659763813018799,12358900,MO
2009-02-10,16.8700008392334,16.899999618530273,16.350000381469727,16.469999313354492,5.545290946960449,20218600,MO
2009-02-11,16.549999237060547,16.729999542236328,16.420000076293945,16.469999313354492,5.545290946960449,14460300,MO
2009-02-12,16.469999313354492,16.579999923706055,16.170000076293945,16.549999237060547,5.572226524353027,19628400,MO
2009-02-13,16.350000381469727,16.389999389648438,15.84000015258789,15.920000076293945,5.360111713409424,24584200,MO
2009-02-17,15.649999618530273,15.760000228881836,15.420000076293945,15.569999694824219,5.242270469665527,21262000,MO
2009-02-18,15.630000114440918,15.75,15.40999984741211,15.529999732971191,5.228803634643555,19202400,MO
2009-02-19,15.069999694824219,15.850000381469727,15.069999694824219,15.699999809265137,5.286041259765625,16614500,MO
2009-02-20,14.890000343322754,15.609999656677246,14.890000343322754,15.460000038146973,5.205235481262207,18226300,MO
2009-02-23,14.829999923706055,15.59000015258789,14.829999923706055,15.050000190734863,5.067193984985352,17282400,MO
2009-02-24,15.130000114440918,15.4399995803833,15.0,15.369999885559082,5.174931526184082,19460000,MO
2009-02-25,15.350000381469727,15.619999885559082,15.149999618530273,15.40999984741211,5.1884002685546875,37556500,MO
2009-02-26,15.579999923706055,15.75,15.109999656677246,15.119999885559082,5.090761184692383,13070600,MO
2009-02-27,15.0,15.59000015258789,14.899999618530273,15.4399995803833,5.1985015869140625,27385400,MO
2009-03-02,15.239999771118164,15.40999984741211,15.0,15.069999694824219,5.07392692565918,21945700,MO
2009-03-03,15.0600004196167,15.100000381469727,14.5,14.619999885559082,4.922415733337402,32405400,MO
2009-03-04,14.880000114440918,15.220000267028809,14.579999923706055,15.069999694824219,5.07392692565918,23394900,MO
2009-03-05,15.109999656677246,15.979999542236328,15.0,15.649999618530273,5.26920747756958,34902000,MO
2009-03-06,15.8100004196167,15.84000015258789,15.470000267028809,15.720000267028809,5.2927751541137695,22881100,MO
2009-03-09,15.609999656677246,15.989999771118164,15.510000228881836,15.859999656677246,5.339910984039307,20552300,MO
2009-03-10,16.059999465942383,16.649999618530273,15.880000114440918,16.600000381469727,5.589064121246338,27199900,MO
2009-03-11,16.700000762939453,16.719999313354492,16.25,16.389999389648438,5.518356800079346,23460000,MO
2009-03-12,16.06999969482422,16.389999389648438,15.829999923706055,16.299999237060547,5.597336292266846,19503300,MO
2009-03-13,16.280000686645508,16.860000610351562,16.059999465942383,16.68000030517578,5.727828025817871,18089400,MO
2009-03-16,16.709999084472656,17.239999771118164,16.709999084472656,16.90999984741211,5.806809902191162,18201800,MO
2009-03-17,16.969999313354492,17.229999542236328,16.700000762939453,17.219999313354492,5.913261890411377,15229300,MO
2009-03-18,16.959999084472656,17.149999618530273,16.65999984741211,16.850000381469727,5.786203384399414,19289200,MO
2009-03-19,16.940000534057617,16.979999542236328,16.43000030517578,16.690000534057617,5.731263637542725,18859400,MO
2009-03-20,16.799999237060547,17.100000381469727,16.649999618530273,16.780000686645508,5.762167453765869,18530500,MO
2009-03-23,16.959999084472656,17.110000610351562,16.670000076293945,17.110000610351562,5.875487804412842,15539800,MO
2009-03-24,17.1200008392334,17.31999969482422,16.90999984741211,17.219999313354492,5.913261890411377,14150700,MO
2009-03-25,17.200000762939453,17.399999618530273,17.010000228881836,17.270000457763672,5.930430889129639,13421700,MO
2009-03-26,17.350000381469727,17.389999389648438,16.84000015258789,17.209999084472656,5.909827709197998,19915500,MO
2009-03-27,17.0,17.0,16.43000030517578,16.559999465942383,5.686619758605957,17200100,MO
2009-03-30,16.34000015258789,16.739999771118164,16.15999984741211,16.3799991607666,5.624809741973877,13237300,MO
2009-03-31,16.489999771118164,16.540000915527344,15.819999694824219,16.020000457763672,5.501187801361084,24162100,MO
2009-04-01,15.84000015258789,16.399999618530273,15.760000228881836,16.299999237060547,5.597336292266846,16588600,MO
2009-04-02,16.399999618530273,16.450000762939453,16.030000686645508,16.110000610351562,5.532093524932861,19276000,MO
2009-04-03,16.010000228881836,16.209999084472656,15.970000267028809,16.15999984741211,5.549262046813965,13762900,MO
2009-04-06,16.059999465942383,16.209999084472656,15.970000267028809,16.15999984741211,5.549262046813965,11402400,MO
2009-04-07,16.1299991607666,16.530000686645508,16.0,16.290000915527344,5.593902111053467,14695600,MO
2009-04-08,16.31999969482422,16.479999542236328,16.18000030517578,16.389999389648438,5.628243923187256,9260400,MO
2009-04-09,16.3700008392334,16.479999542236328,16.030000686645508,16.309999465942383,5.600771903991699,15841000,MO
2009-04-13,16.479999542236328,16.639999389648438,16.309999465942383,16.559999465942383,5.686619758605957,14313400,MO
2009-04-14,16.510000228881836,16.6200008392334,16.18000030517578,16.479999542236328,5.65915060043335,14195200,MO
2009-04-15,16.440000534057617,16.920000076293945,16.399999618530273,16.889999389648438,5.799941539764404,16289900,MO
2009-04-16,16.969999313354492,17.040000915527344,16.579999923706055,16.979999542236328,5.830846309661865,14994000,MO
2009-04-17,17.010000228881836,17.149999618530273,16.850000381469727,16.989999771118164,5.834281921386719,15344600,MO
2009-04-20,16.959999084472656,17.149999618530273,16.780000686645508,16.93000030517578,5.813676357269287,14728600,MO
2009-04-21,16.84000015258789,16.989999771118164,16.6299991607666,16.729999542236328,5.744997024536133,15839400,MO
2009-04-22,16.579999923706055,17.34000015258789,16.459999084472656,16.850000381469727,5.786203384399414,29365100,MO
2009-04-23,16.920000076293945,16.979999542236328,16.709999084472656,16.899999618530273,5.803375720977783,12828800,MO
2009-04-24,16.950000762939453,17.239999771118164,16.760000228881836,16.920000076293945,5.810243129730225,14903400,MO
2009-04-27,16.860000610351562,17.1299991607666,16.799999237060547,16.8799991607666,5.796508312225342,11450500,MO
2009-04-28,16.799999237060547,17.100000381469727,16.760000228881836,17.0,5.837713718414307,12211300,MO
2009-04-29,17.059999465942383,17.100000381469727,16.790000915527344,16.81999969482422,5.775903224945068,15043700,MO
2009-04-30,16.959999084472656,16.979999542236328,16.329999923706055,16.329999923706055,5.607639312744141,20857600,MO
2009-05-01,16.399999618530273,16.399999618530273,16.1200008392334,16.3700008392334,5.621377468109131,11720000,MO
2009-05-04,16.600000381469727,16.600000381469727,16.06999969482422,16.170000076293945,5.552696228027344,19447500,MO
2009-05-05,16.25,16.610000610351562,16.059999465942383,16.600000381469727,5.700357437133789,14880600,MO
2009-05-06,16.709999084472656,17.06999969482422,16.6299991607666,17.059999465942383,5.8583173751831055,19180000,MO
2009-05-07,17.139999389648438,17.149999618530273,16.790000915527344,17.030000686645508,5.84801721572876,14148200,MO
2009-05-08,17.15999984741211,17.200000762939453,16.969999313354492,17.100000381469727,5.8720526695251465,12458500,MO
2009-05-11,17.0,17.15999984741211,16.850000381469727,17.040000915527344,5.8514485359191895,10206400,MO
2009-05-12,17.15999984741211,17.6200008392334,17.1299991607666,17.389999389648438,5.971639633178711,16852700,MO
2009-05-13,17.31999969482422,17.5,17.030000686645508,17.209999084472656,5.909827709197998,12378500,MO
2009-05-14,17.170000076293945,17.350000381469727,16.8700008392334,17.0,5.837713718414307,18657600,MO
2009-05-15,16.989999771118164,17.219999313354492,16.90999984741211,16.979999542236328,5.830846309661865,19368600,MO
2009-05-18,16.940000534057617,16.950000762939453,16.5,16.8799991607666,5.796508312225342,25300000,MO
2009-05-19,16.889999389648438,16.920000076293945,16.670000076293945,16.809999465942383,5.7724690437316895,13672600,MO
2009-05-20,16.920000076293945,16.989999771118164,16.670000076293945,16.770000457763672,5.758734226226807,22125700,MO
2009-05-21,16.6299991607666,16.719999313354492,16.540000915527344,16.639999389648438,5.7140913009643555,14786500,MO
2009-05-22,16.600000381469727,16.809999465942383,16.520000457763672,16.639999389648438,5.7140913009643555,12370000,MO
2009-05-26,16.639999389648438,16.989999771118164,16.59000015258789,16.920000076293945,5.810243129730225,12941500,MO
2009-05-27,16.940000534057617,16.959999084472656,16.639999389648438,16.65999984741211,5.720959663391113,12959800,MO
2009-05-28,16.65999984741211,17.059999465942383,16.65999984741211,17.0,5.837713718414307,15269700,MO
2009-05-29,17.079999923706055,17.100000381469727,16.81999969482422,17.09000015258789,5.8686203956604,11810400,MO
2009-06-01,17.190000534057617,17.25,17.100000381469727,17.190000534057617,5.902958869934082,11991600,MO
2009-06-02,17.219999313354492,17.290000915527344,17.1200008392334,17.1200008392334,5.878921031951904,11183800,MO
2009-06-03,17.059999465942383,17.1200008392334,16.950000762939453,17.0,5.837713718414307,23838300,MO
2009-06-04,17.0,17.1200008392334,16.90999984741211,16.969999313354492,5.827414512634277,14050800,MO
2009-06-05,17.059999465942383,17.149999618530273,16.93000030517578,17.030000686645508,5.84801721572876,12995800,MO
2009-06-08,17.0,17.43000030517578,16.899999618530273,17.209999084472656,5.909827709197998,21314200,MO
2009-06-09,17.309999465942383,17.399999618530273,17.15999984741211,17.350000381469727,5.957902431488037,20349300,MO
2009-06-10,17.399999618530273,17.489999771118164,16.979999542236328,17.06999969482422,5.861752033233643,24441400,MO
2009-06-11,16.950000762939453,17.18000030517578,16.84000015258789,16.850000381469727,5.896745681762695,20984800,MO
2009-06-12,16.799999237060547,16.889999389648438,16.520000457763672,16.639999389648438,5.8232574462890625,19464900,MO
2009-06-15,16.579999923706055,16.639999389648438,16.450000762939453,16.549999237060547,5.7917609214782715,17605700,MO
2009-06-16,16.559999465942383,16.6299991607666,16.260000228881836,16.260000228881836,5.690273761749268,15271500,MO
2009-06-17,16.34000015258789,16.479999542236328,16.200000762939453,16.219999313354492,5.676278114318848,21754200,MO
2009-06-18,16.270000457763672,16.489999771118164,16.219999313354492,16.3799991607666,5.732266426086426,13802300,MO
2009-06-19,16.450000762939453,16.540000915527344,16.299999237060547,16.40999984741211,5.742768287658691,27428100,MO
2009-06-22,16.280000686645508,16.479999542236328,16.229999542236328,16.350000381469727,5.721772193908691,16361400,MO
2009-06-23,16.450000762939453,16.450000762939453,16.190000534057617,16.260000228881836,5.690273761749268,16562200,MO
2009-06-24,16.3700008392334,16.40999984741211,16.149999618530273,16.209999084472656,5.672776222229004,13619300,MO
2009-06-25,16.239999771118164,16.540000915527344,16.18000030517578,16.540000915527344,5.788263320922852,16201500,MO
2009-06-26,16.540000915527344,16.559999465942383,16.34000015258789,16.479999542236328,5.767266273498535,17926200,MO
2009-06-29,16.530000686645508,16.549999237060547,16.389999389648438,16.5,5.774263381958008,9435800,MO
2009-06-30,16.510000228881836,16.559999465942383,16.280000686645508,16.389999389648438,5.735769748687744,13080000,MO
2009-07-01,16.459999084472656,16.75,16.399999618530273,16.68000030517578,5.837254047393799,13876800,MO
2009-07-02,16.56999969482422,16.6200008392334,16.260000228881836,16.299999237060547,5.704270362854004,18596500,MO
2009-07-06,16.239999771118164,16.670000076293945,16.100000381469727,16.6200008392334,5.816256523132324,15532600,MO
2009-07-07,16.540000915527344,16.649999618530273,16.31999969482422,16.350000381469727,5.721772193908691,14306600,MO
2009-07-08,16.420000076293945,16.459999084472656,16.290000915527344,16.399999618530273,5.739266872406006,15476700,MO
2009-07-09,16.440000534057617,16.440000534057617,16.299999237060547,16.350000381469727,5.721772193908691,14773100,MO
2009-07-10,16.489999771118164,16.530000686645508,16.399999618530273,16.469999313354492,5.763765811920166,21281400,MO
2009-07-13,16.5,16.68000030517578,16.450000762939453,16.65999984741211,5.830254554748535,13409400,MO
2009-07-14,16.6299991607666,16.700000762939453,16.559999465942383,16.639999389648438,5.8232574462890625,13782700,MO
2009-07-15,16.75,16.889999389648438,16.610000610351562,16.850000381469727,5.896745681762695,18858900,MO
2009-07-16,16.780000686645508,17.09000015258789,16.780000686645508,16.989999771118164,5.945744037628174,23125800,MO
2009-07-17,17.010000228881836,17.3700008392334,16.950000762939453,17.34000015258789,6.068226337432861,16555100,MO
2009-07-20,17.389999389648438,17.399999618530273,17.149999618530273,17.270000457763672,6.043728351593018,13342300,MO
2009-07-21,17.34000015258789,17.5,17.200000762939453,17.329999923706055,6.064726829528809,13185800,MO
2009-07-22,17.110000610351562,17.5,17.06999969482422,17.299999237060547,6.054226875305176,16430200,MO
2009-07-23,17.3700008392334,17.5,17.170000076293945,17.40999984741211,6.092720985412598,17054700,MO
2009-07-24,17.3799991607666,17.489999771118164,17.190000534057617,17.34000015258789,6.068226337432861,11699300,MO
2009-07-27,17.280000686645508,17.440000534057617,17.110000610351562,17.43000030517578,6.099720478057861,13895900,MO
2009-07-28,17.420000076293945,17.75,17.260000228881836,17.579999923706055,6.152215957641602,14059600,MO
2009-07-29,17.600000381469727,17.719999313354492,17.5,17.690000534057617,6.190709590911865,11005800,MO
2009-07-30,17.829999923706055,18.0,17.65999984741211,17.68000030517578,6.187211036682129,13690600,MO
2009-07-31,17.709999084472656,17.940000534057617,17.43000030517578,17.530000686645508,6.134719371795654,12969700,MO
2009-08-03,17.729999542236328,17.8700008392334,17.600000381469727,17.6299991607666,6.169712543487549,15689900,MO
2009-08-04,17.6299991607666,17.739999771118164,17.469999313354492,17.610000610351562,6.162713050842285,15761400,MO
2009-08-05,17.639999389648438,17.700000762939453,17.40999984741211,17.510000228881836,6.127717018127441,12769500,MO
2009-08-06,17.600000381469727,17.639999389648438,17.440000534057617,17.639999389648438,6.173212051391602,14851800,MO
2009-08-07,17.719999313354492,17.829999923706055,17.600000381469727,17.709999084472656,6.1977081298828125,11089200,MO
2009-08-10,17.700000762939453,17.75,17.5,17.559999465942383,6.145217418670654,11327000,MO
2009-08-11,17.510000228881836,17.739999771118164,17.479999542236328,17.520000457763672,6.1312174797058105,14232000,MO
2009-08-12,17.489999771118164,17.770000457763672,17.459999084472656,17.579999923706055,6.152215957641602,33860700,MO
2009-08-13,17.65999984741211,17.700000762939453,17.5,17.639999389648438,6.173212051391602,16585500,MO
2009-08-14,17.600000381469727,17.729999542236328,17.479999542236328,17.559999465942383,6.145217418670654,9057800,MO
2009-08-17,17.399999618530273,17.549999237060547,17.360000610351562,17.520000457763672,6.1312174797058105,15002300,MO
2009-08-18,17.510000228881836,17.719999313354492,17.450000762939453,17.639999389648438,6.173212051391602,10839900,MO
2009-08-19,17.559999465942383,17.739999771118164,17.5,17.65999984741211,6.1802144050598145,12594800,MO
2009-08-20,17.700000762939453,17.889999389648438,17.56999969482422,17.84000015258789,6.243204593658447,12397700,MO
2009-08-21,18.010000228881836,18.100000381469727,17.829999923706055,18.040000915527344,6.313194751739502,17063400,MO
2009-08-24,18.139999389648438,18.450000762939453,18.049999237060547,18.329999923706055,6.414682865142822,16721100,MO
2009-08-25,18.440000534057617,18.440000534057617,18.06999969482422,18.149999618530273,6.351687908172607,19119200,MO
2009-08-26,18.09000015258789,18.209999084472656,18.049999237060547,18.170000076293945,6.3586883544921875,13514800,MO
2009-08-27,18.219999313354492,18.280000686645508,18.0,18.270000457763672,6.393682956695557,20861700,MO
2009-08-28,18.399999618530273,18.450000762939453,18.1200008392334,18.219999313354492,6.376186370849609,15624200,MO
2009-08-31,18.270000457763672,18.3700008392334,18.149999618530273,18.280000686645508,6.397183418273926,13520300,MO
2009-09-01,18.270000457763672,18.329999923706055,18.030000686645508,18.110000610351562,6.337693214416504,17558500,MO
2009-09-02,18.15999984741211,18.3700008392334,18.059999465942383,18.280000686645508,6.397183418273926,17914100,MO
2009-09-03,18.389999389648438,18.389999389648438,18.149999618530273,18.209999084472656,6.372686386108398,12101900,MO
2009-09-04,18.200000762939453,18.510000228881836,18.18000030517578,18.5,6.474175930023193,12043800,MO
2009-09-08,18.6200008392334,18.6200008392334,18.459999084472656,18.520000457763672,6.481170177459717,18118900,MO
2009-09-09,18.559999465942383,18.68000030517578,18.459999084472656,18.59000015258789,6.505672931671143,20122300,MO
2009-09-10,18.68000030517578,18.700000762939453,18.399999618530273,18.530000686645508,6.484672546386719,27094100,MO
2009-09-11,18.309999465942383,18.350000381469727,18.0,18.139999389648438,6.466848373413086,20808900,MO
2009-09-14,18.149999618530273,18.229999542236328,17.93000030517578,17.989999771118164,6.413372039794922,21437200,MO
2009-09-15,18.040000915527344,18.100000381469727,17.770000457763672,17.90999984741211,6.3848557472229,17917600,MO
2009-09-16,18.0,18.290000915527344,17.920000076293945,18.229999542236328,6.498932361602783,19488200,MO
2009-09-17,18.239999771118164,18.299999237060547,17.889999389648438,18.020000457763672,6.424067497253418,21469300,MO
2009-09-18,18.079999923706055,18.079999923706055,17.950000762939453,17.959999084472656,6.402677059173584,19158700,MO
2009-09-21,17.860000610351562,18.040000915527344,17.75,18.040000915527344,6.4311957359313965,16544000,MO
2009-09-22,18.049999237060547,18.059999465942383,17.809999465942383,17.889999389648438,6.37772274017334,16546400,MO
2009-09-23,17.8700008392334,17.989999771118164,17.729999542236328,17.75,6.32781457901001,22548400,MO
2009-09-24,17.770000457763672,17.799999237060547,17.469999313354492,17.5,6.238691806793213,21369500,MO
2009-09-25,17.549999237060547,17.700000762939453,17.459999084472656,17.5,6.238691806793213,10775100,MO
2009-09-28,17.579999923706055,17.760000228881836,17.5,17.670000076293945,6.2992939949035645,14250500,MO
2009-09-29,17.65999984741211,18.0,17.65999984741211,17.899999618530273,6.381288051605225,18408900,MO
2009-09-30,17.950000762939453,17.969999313354492,17.690000534057617,17.809999465942383,6.349204063415527,20952600,MO
2009-10-01,17.770000457763672,17.799999237060547,17.3799991607666,17.540000915527344,6.2529497146606445,42518100,MO
2009-10-02,17.40999984741211,17.530000686645508,17.360000610351562,17.469999313354492,6.227993488311768,15792600,MO
2009-10-05,17.600000381469727,17.68000030517578,17.280000686645508,17.639999389648438,6.288599967956543,16546100,MO
2009-10-06,17.75,17.889999389648438,17.5,17.809999465942383,6.349204063415527,16951000,MO
2009-10-07,17.780000686645508,17.860000610351562,17.65999984741211,17.729999542236328,6.32068395614624,13415500,MO
2009-10-08,17.81999969482422,17.920000076293945,17.790000915527344,17.850000381469727,6.363465309143066,10782300,MO
2009-10-09,17.959999084472656,18.110000610351562,17.84000015258789,18.059999465942383,6.438330173492432,13908100,MO
2009-10-12,18.200000762939453,18.290000915527344,18.079999923706055,18.1200008392334,6.459717273712158,13471600,MO
2009-10-13,18.18000030517578,18.209999084472656,17.979999542236328,18.059999465942383,6.438330173492432,11817700,MO
2009-10-14,18.200000762939453,18.280000686645508,18.079999923706055,18.229999542236328,6.498932361602783,12066000,MO
2009-10-15,18.200000762939453,18.299999237060547,18.139999389648438,18.25,6.5060648918151855,13734000,MO
2009-10-16,18.190000534057617,18.34000015258789,18.100000381469727,18.270000457763672,6.513190746307373,14264600,MO
2009-10-19,18.31999969482422,18.649999618530273,18.299999237060547,18.350000381469727,6.541711807250977,19258200,MO
2009-10-20,18.399999618530273,18.719999313354492,18.34000015258789,18.65999984741211,6.652223587036133,17559800,MO
2009-10-21,18.3700008392334,18.43000030517578,18.100000381469727,18.209999084472656,6.4918012619018555,28397800,MO
2009-10-22,18.170000076293945,18.270000457763672,17.979999542236328,18.18000030517578,6.481105327606201,14305700,MO
2009-10-23,18.18000030517578,18.18000030517578,17.799999237060547,17.93000030517578,6.391983509063721,15551700,MO
2009-10-26,17.989999771118164,18.139999389648438,17.809999465942383,17.979999542236328,6.409809112548828,19926700,MO
2009-10-27,18.0,18.200000762939453,17.8799991607666,18.139999389648438,6.466848373413086,16746800,MO
2009-10-28,18.229999542236328,18.31999969482422,18.149999618530273,18.200000762939453,6.48823881149292,14365600,MO
2009-10-29,18.229999542236328,18.469999313354492,18.06999969482422,18.360000610351562,6.54527473449707,15846600,MO
2009-10-30,18.309999465942383,18.420000076293945,18.09000015258789,18.110000610351562,6.456153869628906,16068000,MO
2009-11-02,18.1200008392334,18.360000610351562,18.020000457763672,18.299999237060547,6.52388858795166,11396400,MO
2009-11-03,18.270000457763672,18.469999313354492,18.170000076293945,18.459999084472656,6.580924034118652,15222300,MO
2009-11-04,18.459999084472656,18.649999618530273,18.3799991607666,18.469999313354492,6.5844902992248535,15614400,MO
2009-11-05,18.579999923706055,18.729999542236328,18.469999313354492,18.670000076293945,6.655792236328125,17581600,MO
2009-11-06,18.579999923706055,18.610000610351562,18.40999984741211,18.540000915527344,6.609445095062256,19278400,MO
2009-11-09,18.829999923706055,18.93000030517578,18.68000030517578,18.8700008392334,6.72709321975708,19848700,MO
2009-11-10,18.8799991607666,19.200000762939453,18.829999923706055,19.06999969482422,6.7983880043029785,17102000,MO
2009-11-11,19.229999542236328,19.25,18.90999984741211,18.969999313354492,6.762740135192871,15441400,MO
2009-11-12,18.969999313354492,19.15999984741211,18.950000762939453,19.020000457763672,6.780564308166504,11498900,MO
2009-11-13,19.06999969482422,19.299999237060547,19.0,19.260000228881836,6.8661208152771,14634000,MO
2009-11-16,19.40999984741211,19.479999542236328,19.299999237060547,19.34000015258789,6.894643783569336,15320600,MO
2009-11-17,19.260000228881836,19.3700008392334,19.190000534057617,19.239999771118164,6.858994007110596,15039400,MO
2009-11-18,19.260000228881836,19.40999984741211,19.219999313354492,19.299999237060547,6.8803839683532715,12026300,MO
2009-11-19,19.31999969482422,19.360000610351562,19.110000610351562,19.209999084472656,6.848300457000732,13353500,MO
2009-11-20,19.15999984741211,19.170000076293945,18.8799991607666,18.979999542236328,6.766305923461914,19908500,MO
2009-11-23,19.1299991607666,19.219999313354492,19.049999237060547,19.1299991607666,6.819778919219971,24163000,MO
2009-11-24,19.200000762939453,19.420000076293945,19.06999969482422,19.299999237060547,6.8803839683532715,19892000,MO
2009-11-25,19.360000610351562,19.399999618530273,19.1200008392334,19.190000534057617,6.841170310974121,14012600,MO
2009-11-27,19.0,19.25,18.809999465942383,19.0,6.773435592651367,13636500,MO
2009-11-30,19.100000381469727,19.100000381469727,18.75,18.809999465942383,6.705699920654297,17691600,MO
2009-12-01,18.959999084472656,19.170000076293945,18.90999984741211,19.06999969482422,6.7983880043029785,12666100,MO
2009-12-02,19.079999923706055,19.229999542236328,19.079999923706055,19.15999984741211,6.830474376678467,12951900,MO
2009-12-03,19.239999771118164,19.31999969482422,19.1200008392334,19.139999389648438,6.823346138000488,13749100,MO
2009-12-04,19.149999618530273,19.43000030517578,19.149999618530273,19.31999969482422,6.887511253356934,16607800,MO
2009-12-07,19.329999923706055,19.469999313354492,19.239999771118164,19.3700008392334,6.905337333679199,17773000,MO
2009-12-08,19.459999084472656,19.459999084472656,19.1299991607666,19.260000228881836,6.8661208152771,12790100,MO
2009-12-09,19.299999237060547,19.43000030517578,19.25,19.3700008392334,6.905337333679199,16889600,MO
2009-12-10,19.450000762939453,19.510000228881836,19.43000030517578,19.450000762939453,6.933858394622803,9945100,MO
2009-12-11,19.5,19.600000381469727,19.450000762939453,19.520000457763672,6.958813667297363,23722100,MO
2009-12-14,19.65999984741211,19.850000381469727,19.600000381469727,19.670000076293945,7.0122880935668945,13884500,MO
2009-12-15,19.649999618530273,19.780000686645508,19.479999542236328,19.700000762939453,7.022983551025391,11410000,MO
2009-12-16,19.790000915527344,19.81999969482422,19.6200008392334,19.6299991607666,6.9980268478393555,16186400,MO
2009-12-17,19.579999923706055,19.670000076293945,19.510000228881836,19.59000015258789,6.983766078948975,12799600,MO
2009-12-18,19.700000762939453,19.739999771118164,19.559999465942383,19.649999618530273,7.005156993865967,18944500,MO
2009-12-21,19.739999771118164,19.829999923706055,19.700000762939453,19.709999084472656,7.026545524597168,9867100,MO
2009-12-22,19.799999237060547,19.93000030517578,19.790000915527344,19.8700008392334,7.083590507507324,12706900,MO
2009-12-23,20.020000457763672,20.290000915527344,19.979999542236328,20.15999984741211,7.186972618103027,22785100,MO
2009-12-24,20.34000015258789,20.469999313354492,20.25,20.3700008392334,7.261833667755127,8544400,MO
2009-12-28,20.190000534057617,20.190000534057617,19.829999923706055,19.979999542236328,7.24370813369751,12476000,MO
2009-12-29,20.020000457763672,20.030000686645508,19.850000381469727,19.850000381469727,7.196577548980713,7749500,MO
2009-12-30,19.850000381469727,19.889999389648438,19.719999313354492,19.809999465942383,7.182072162628174,9331300,MO
2009-12-31,19.739999771118164,19.829999923706055,19.6299991607666,19.6299991607666,7.116815090179443,6356800,MO
2010-01-04,19.770000457763672,19.8700008392334,19.579999923706055,19.790000915527344,7.1748247146606445,11048600,MO
2010-01-05,19.809999465942383,19.850000381469727,19.670000076293945,19.799999237060547,7.178449630737305,11742100,MO
2010-01-06,19.850000381469727,20.110000610351562,19.799999237060547,20.09000015258789,7.2835893630981445,21307300,MO
2010-01-07,20.079999923706055,20.139999389648438,19.950000762939453,20.059999465942383,7.272711753845215,14983300,MO
2010-01-08,20.040000915527344,20.1200008392334,19.8700008392334,20.110000610351562,7.290840148925781,10822200,MO
2010-01-11,20.280000686645508,20.350000381469727,20.110000610351562,20.260000228881836,7.345222473144531,11921000,MO
2010-01-12,20.209999084472656,20.25,20.030000686645508,20.149999618530273,7.305338382720947,15306300,MO
2010-01-13,20.1200008392334,20.399999618530273,20.1200008392334,20.239999771118164,7.337967395782471,11938400,MO
2010-01-14,20.229999542236328,20.450000762939453,20.15999984741211,20.3799991607666,7.388726711273193,9619900,MO
2010-01-15,20.440000534057617,20.639999389648438,20.309999465942383,20.420000076293945,7.4032301902771,16158600,MO
2010-01-19,20.260000228881836,20.56999969482422,20.25,20.3799991607666,7.388726711273193,17747000,MO
2010-01-20,20.270000457763672,20.360000610351562,20.149999618530273,20.329999923706055,7.37060022354126,12583500,MO
2010-01-21,20.329999923706055,20.3700008392334,19.809999465942383,19.889999389648438,7.2110795974731445,21862200,MO
2010-01-22,19.889999389648438,20.040000915527344,19.700000762939453,19.709999084472656,7.145822048187256,13655100,MO
2010-01-25,19.81999969482422,20.079999923706055,19.68000030517578,19.90999984741211,7.218329429626465,15154800,MO
2010-01-26,19.75,20.049999237060547,19.75,19.959999084472656,7.236455917358398,13101300,MO
2010-01-27,19.969999313354492,20.049999237060547,19.829999923706055,19.989999771118164,7.247331142425537,12544400,MO
2010-01-28,19.899999618530273,20.100000381469727,19.799999237060547,20.010000228881836,7.254584789276123,16444400,MO
2010-01-29,20.079999923706055,20.100000381469727,19.829999923706055,19.860000610351562,7.200201988220215,19335300,MO
2010-02-01,19.899999618530273,19.979999542236328,19.780000686645508,19.8799991607666,7.207454204559326,10247300,MO
2010-02-02,19.93000030517578,19.989999771118164,19.809999465942383,19.93000030517578,7.22558069229126,12398900,MO
2010-02-03,19.93000030517578,19.940000534057617,19.690000534057617,19.780000686645508,7.171196460723877,11683000,MO
2010-02-04,19.700000762939453,19.719999313354492,19.399999618530273,19.420000076293945,7.040680885314941,13403600,MO
2010-02-05,19.3799991607666,19.40999984741211,19.139999389648438,19.3799991607666,7.026177406311035,14334100,MO
2010-02-08,19.43000030517578,19.6299991607666,19.350000381469727,19.3700008392334,7.022552013397217,13840700,MO
2010-02-09,19.540000915527344,19.579999923706055,19.229999542236328,19.459999084472656,7.055182933807373,16964600,MO
2010-02-10,19.540000915527344,19.540000915527344,19.25,19.3799991607666,7.026177406311035,11380700,MO
2010-02-11,19.399999618530273,19.739999771118164,19.25,19.610000610351562,7.109567165374756,17005000,MO
2010-02-12,19.540000915527344,19.739999771118164,19.399999618530273,19.6299991607666,7.116815090179443,15749000,MO
2010-02-16,19.84000015258789,19.889999389648438,19.56999969482422,19.729999542236328,7.15307092666626,15081500,MO
2010-02-17,19.770000457763672,19.850000381469727,19.700000762939453,19.780000686645508,7.171196460723877,8752800,MO
2010-02-18,19.75,20.079999923706055,19.729999542236328,20.0,7.250958442687988,11181600,MO
2010-02-19,19.93000030517578,20.209999084472656,19.93000030517578,20.15999984741211,7.308967590332031,12752800,MO
2010-02-22,20.1299991607666,20.329999923706055,20.079999923706055,20.270000457763672,7.34884786605835,12790600,MO
2010-02-23,20.229999542236328,20.25,19.93000030517578,19.969999313354492,7.240081310272217,21163500,MO
2010-02-24,20.079999923706055,20.309999465942383,19.950000762939453,20.260000228881836,7.345222473144531,18101300,MO
2010-02-25,20.139999389648438,20.459999084472656,20.010000228881836,20.40999984741211,7.399603843688965,21307900,MO
2010-02-26,20.479999542236328,20.479999542236328,20.1200008392334,20.1200008392334,7.294465065002441,15720700,MO
2010-03-01,20.170000076293945,20.34000015258789,20.170000076293945,20.270000457763672,7.34884786605835,10422000,MO
2010-03-02,20.360000610351562,20.450000762939453,20.299999237060547,20.329999923706055,7.37060022354126,12661600,MO
2010-03-03,20.469999313354492,20.479999542236328,20.299999237060547,20.350000381469727,7.377852439880371,12762500,MO
2010-03-04,20.399999618530273,20.440000534057617,20.280000686645508,20.420000076293945,7.4032301902771,14095900,MO
2010-03-05,20.5,20.780000686645508,20.479999542236328,20.709999084472656,7.508368015289307,12249200,MO
2010-03-08,20.799999237060547,20.809999465942383,20.670000076293945,20.739999771118164,7.51924467086792,13901100,MO
2010-03-09,20.729999542236328,20.829999923706055,20.700000762939453,20.770000457763672,7.530116558074951,16554900,MO
2010-03-10,20.799999237060547,20.860000610351562,20.700000762939453,20.81999969482422,7.548244953155518,15672100,MO
2010-03-11,20.479999542236328,20.579999923706055,20.18000030517578,20.3700008392334,7.511373996734619,13046000,MO
2010-03-12,20.469999313354492,20.479999542236328,20.1299991607666,20.200000762939453,7.448688983917236,16536100,MO
2010-03-15,20.260000228881836,20.399999618530273,20.110000610351562,20.3700008392334,7.511373996734619,13010200,MO
2010-03-16,20.31999969482422,20.520000457763672,20.31999969482422,20.360000610351562,7.507684707641602,12956100,MO
2010-03-17,20.450000762939453,20.459999084472656,20.229999542236328,20.329999923706055,7.496623992919922,33244300,MO
2010-03-18,20.350000381469727,20.479999542236328,20.350000381469727,20.459999084472656,7.54456090927124,8917700,MO
2010-03-19,20.34000015258789,20.549999237060547,20.25,20.34000015258789,7.50031042098999,15862300,MO
2010-03-22,20.309999465942383,20.479999542236328,20.229999542236328,20.440000534057617,7.5371832847595215,9447400,MO
2010-03-23,20.450000762939453,20.540000915527344,20.360000610351562,20.520000457763672,7.566685676574707,8921900,MO
2010-03-24,20.520000457763672,20.520000457763672,20.399999618530273,20.469999313354492,7.548244953155518,16961600,MO
2010-03-25,20.489999771118164,20.600000381469727,20.469999313354492,20.520000457763672,7.566685676574707,14844200,MO
2010-03-26,20.530000686645508,20.59000015258789,20.3700008392334,20.420000076293945,7.529811382293701,11035400,MO
2010-03-29,20.5,20.690000534057617,20.459999084472656,20.649999618530273,7.6146240234375,12376400,MO
2010-03-30,20.690000534057617,20.729999542236328,20.510000228881836,20.649999618530273,7.6146240234375,12761900,MO
2010-03-31,20.600000381469727,20.649999618530273,20.459999084472656,20.520000457763672,7.566685676574707,9619100,MO
2010-04-01,20.540000915527344,20.84000015258789,20.540000915527344,20.829999923706055,7.680993556976318,16314400,MO
2010-04-05,20.889999389648438,20.969999313354492,20.84000015258789,20.920000076293945,7.7141828536987305,9015800,MO
2010-04-06,20.93000030517578,21.030000686645508,20.899999618530273,20.979999542236328,7.736306667327881,10435900,MO
2010-04-07,21.030000686645508,21.030000686645508,20.670000076293945,20.790000915527344,7.6662468910217285,12971400,MO
2010-04-08,20.68000030517578,20.790000915527344,20.639999389648438,20.68000030517578,7.625682353973389,13182600,MO
2010-04-09,20.950000762939453,20.959999084472656,20.700000762939453,20.93000030517578,7.71787166595459,8719900,MO
2010-04-12,20.959999084472656,21.200000762939453,20.940000534057617,21.100000381469727,7.78056001663208,10573400,MO
2010-04-13,21.049999237060547,21.149999618530273,20.8799991607666,21.100000381469727,7.78056001663208,9727700,MO
2010-04-14,21.100000381469727,21.15999984741211,20.969999313354492,21.15999984741211,7.802684783935547,13191800,MO
2010-04-15,21.079999923706055,21.1200008392334,21.0,21.100000381469727,7.78056001663208,8292800,MO
2010-04-16,21.020000457763672,21.15999984741211,20.75,20.8700008392334,7.695744514465332,15930500,MO
2010-04-19,20.799999237060547,20.93000030517578,20.799999237060547,20.93000030517578,7.71787166595459,8666900,MO
2010-04-20,21.0,21.200000762939453,20.950000762939453,21.170000076293945,7.806369781494141,13152500,MO
2010-04-21,21.299999237060547,21.610000610351562,21.25,21.459999084472656,7.913307189941406,15480800,MO
2010-04-22,21.399999618530273,21.459999084472656,21.200000762939453,21.280000686645508,7.846931457519531,12587700,MO
2010-04-23,21.309999465942383,21.389999389648438,21.1200008392334,21.360000610351562,7.876430988311768,10143500,MO
2010-04-26,21.389999389648438,21.440000534057617,21.170000076293945,21.25,7.835869789123535,17187000,MO
2010-04-27,21.25,21.25,20.90999984741211,20.920000076293945,7.7141828536987305,18975000,MO
2010-04-28,21.079999923706055,21.110000610351562,20.90999984741211,21.020000457763672,7.751062393188477,14961000,MO
2010-04-29,21.079999923706055,21.299999237060547,21.06999969482422,21.18000030517578,7.810060977935791,10305100,MO
2010-04-30,21.229999542236328,21.479999542236328,21.18000030517578,21.190000534057617,7.813743591308594,14218400,MO
2010-05-03,21.280000686645508,21.5,21.219999313354492,21.399999618530273,7.891181945800781,10413000,MO
2010-05-04,21.290000915527344,21.399999618530273,21.200000762939453,21.260000228881836,7.839557647705078,16717500,MO
2010-05-05,21.149999618530273,21.459999084472656,21.110000610351562,21.219999313354492,7.824805736541748,12876600,MO
2010-05-06,21.110000610351562,21.200000762939453,19.200000762939453,20.75,7.651496887207031,31283100,MO
2010-05-07,20.670000076293945,20.84000015258789,20.360000610351562,20.760000228881836,7.6551833152771,25532200,MO
2010-05-10,21.309999465942383,21.600000381469727,21.030000686645508,21.579999923706055,7.957555770874023,24825700,MO
2010-05-11,21.479999542236328,21.739999771118164,21.3700008392334,21.59000015258789,7.961241722106934,18091700,MO
2010-05-12,21.760000228881836,21.770000457763672,21.479999542236328,21.670000076293945,7.990745544433594,15713400,MO
2010-05-13,21.719999313354492,21.799999237060547,21.579999923706055,21.6299991607666,7.9759931564331055,10825900,MO
2010-05-14,21.579999923706055,21.75,21.5,21.610000610351562,7.968623161315918,19942100,MO
2010-05-17,21.639999389648438,21.90999984741211,21.56999969482422,21.700000762939453,8.001808166503906,18409300,MO
2010-05-18,21.770000457763672,21.799999237060547,21.34000015258789,21.3700008392334,7.880120277404785,20335300,MO
2010-05-19,21.229999542236328,21.3700008392334,21.06999969482422,21.309999465942383,7.857995510101318,18045800,MO
2010-05-20,21.09000015258789,21.100000381469727,20.670000076293945,20.670000076293945,7.621998310089111,23402100,MO
2010-05-21,20.450000762939453,21.030000686645508,20.200000762939453,21.010000228881836,7.747371196746826,32598900,MO
2010-05-24,20.93000030517578,21.100000381469727,20.790000915527344,20.850000381469727,7.688368797302246,26510100,MO
2010-05-25,20.350000381469727,20.59000015258789,20.149999618530273,20.399999618530273,7.5224385261535645,32136400,MO
2010-05-26,20.65999984741211,20.690000534057617,20.139999389648438,20.15999984741211,7.433935642242432,25133400,MO
2010-05-27,20.450000762939453,20.6299991607666,20.309999465942383,20.540000915527344,7.574059009552002,26744700,MO
2010-05-28,20.600000381469727,20.649999618530273,20.25,20.290000915527344,7.48187780380249,23478300,MO
2010-06-01,20.25,20.420000076293945,20.06999969482422,20.1200008392334,7.419186592102051,20790100,MO
2010-06-02,20.25,20.399999618530273,20.15999984741211,20.3799991607666,7.515060901641846,23052300,MO
2010-06-03,20.520000457763672,20.600000381469727,20.399999618530273,20.59000015258789,7.592499256134033,14908800,MO
2010-06-04,20.43000030517578,20.469999313354492,19.969999313354492,20.020000457763672,7.382310390472412,30253500,MO
2010-06-07,20.15999984741211,20.219999313354492,19.81999969482422,19.81999969482422,7.308562755584717,25447700,MO
2010-06-08,19.93000030517578,20.270000457763672,19.81999969482422,20.200000762939453,7.448688983917236,27161400,MO
2010-06-09,20.280000686645508,20.3700008392334,20.010000228881836,20.049999237060547,7.393374443054199,40222000,MO
2010-06-10,20.299999237060547,20.459999084472656,20.25,20.31999969482422,7.492934226989746,33461900,MO
2010-06-11,19.899999618530273,20.100000381469727,19.68000030517578,20.079999923706055,7.534208297729492,22530500,MO
2010-06-14,20.25,20.25,19.56999969482422,19.56999969482422,7.342851161956787,30941300,MO
2010-06-15,19.690000534057617,19.920000076293945,19.600000381469727,19.90999984741211,7.470422744750977,15012300,MO
2010-06-16,19.780000686645508,19.90999984741211,19.75,19.829999923706055,7.440406799316406,10934600,MO
2010-06-17,19.799999237060547,20.010000228881836,19.760000228881836,19.989999771118164,7.500439643859863,15916400,MO
2010-06-18,20.010000228881836,20.079999923706055,19.950000762939453,20.020000457763672,7.511695384979248,14569000,MO
2010-06-21,20.170000076293945,20.229999542236328,20.0,20.059999465942383,7.526704788208008,12676900,MO
2010-06-22,20.049999237060547,20.149999618530273,19.780000686645508,19.850000381469727,7.447911739349365,12503000,MO
2010-06-23,19.860000610351562,19.93000030517578,19.709999084472656,19.770000457763672,7.417893886566162,13894600,MO
2010-06-24,19.729999542236328,19.8700008392334,19.59000015258789,19.6200008392334,7.361611843109131,17190500,MO
2010-06-25,19.670000076293945,19.770000457763672,19.530000686645508,19.700000762939453,7.39163064956665,28483300,MO
2010-06-28,19.690000534057617,20.889999389648438,19.690000534057617,20.34000015258789,7.631763935089111,47737100,MO
2010-06-29,20.1299991607666,20.260000228881836,19.850000381469727,19.959999084472656,7.48918342590332,26881000,MO
2010-06-30,20.0,20.25,19.90999984741211,20.040000915527344,7.519199848175049,19685700,MO
2010-07-01,20.149999618530273,20.270000457763672,19.889999389648438,20.239999771118164,7.59424352645874,17864800,MO
2010-07-02,20.209999084472656,20.399999618530273,20.049999237060547,20.309999465942383,7.620508670806885,11413700,MO
2010-07-06,20.5,20.700000762939453,20.389999389648438,20.540000915527344,7.706804275512695,13047100,MO
2010-07-07,20.59000015258789,20.899999618530273,20.479999542236328,20.889999389648438,7.838129043579102,17573900,MO
2010-07-08,20.969999313354492,21.43000030517578,20.8799991607666,21.31999969482422,7.9994683265686035,22149100,MO
2010-07-09,21.420000076293945,21.479999542236328,21.15999984741211,21.299999237060547,7.9919657707214355,15029400,MO
2010-07-12,21.399999618530273,21.479999542236328,21.229999542236328,21.299999237060547,7.9919657707214355,10710400,MO
2010-07-13,21.3799991607666,21.450000762939453,21.219999313354492,21.34000015258789,8.006970405578613,12101400,MO
2010-07-14,21.280000686645508,21.350000381469727,21.170000076293945,21.350000381469727,8.010725975036621,10893600,MO
2010-07-15,21.34000015258789,21.489999771118164,21.280000686645508,21.459999084472656,8.051998138427734,10816900,MO
2010-07-16,21.40999984741211,21.459999084472656,21.110000610351562,21.260000228881836,7.976955413818359,14095600,MO
2010-07-19,21.3700008392334,21.489999771118164,21.299999237060547,21.3799991607666,8.021982192993164,10290600,MO
2010-07-20,21.200000762939453,21.520000457763672,21.15999984741211,21.520000457763672,8.074515342712402,10672900,MO
2010-07-21,21.700000762939453,21.700000762939453,21.260000228881836,21.40999984741211,8.033239364624023,13568400,MO
2010-07-22,21.579999923706055,21.889999389648438,21.420000076293945,21.850000381469727,8.19832992553711,19861900,MO
2010-07-23,21.770000457763672,22.229999542236328,21.770000457763672,22.1200008392334,8.299639701843262,20962800,MO
2010-07-26,22.18000030517578,22.25,21.860000610351562,21.989999771118164,8.250859260559082,18641600,MO
2010-07-27,22.059999465942383,22.149999618530273,21.940000534057617,22.049999237060547,8.273372650146484,11663200,MO
2010-07-28,22.0,22.139999389648438,21.979999542236328,22.06999969482422,8.280876159667969,9606300,MO
2010-07-29,22.139999389648438,22.25,21.950000762939453,22.020000457763672,8.262116432189941,13015600,MO
2010-07-30,21.8799991607666,22.25,21.81999969482422,22.15999984741211,8.314644813537598,10513000,MO
2010-08-02,22.3799991607666,22.399999618530273,22.209999084472656,22.25,8.348413467407227,13529300,MO
2010-08-03,22.200000762939453,22.290000915527344,22.06999969482422,22.1200008392334,8.299639701843262,10325100,MO
2010-08-04,22.149999618530273,22.43000030517578,22.110000610351562,22.350000381469727,8.385934829711914,11402100,MO
2010-08-05,22.229999542236328,22.399999618530273,22.209999084472656,22.34000015258789,8.382182121276855,8511600,MO
2010-08-06,22.25,22.549999237060547,22.170000076293945,22.540000915527344,8.457225799560547,10439800,MO
2010-08-09,22.56999969482422,22.68000030517578,22.530000686645508,22.59000015258789,8.475985527038574,6818600,MO
2010-08-10,22.489999771118164,22.780000686645508,22.440000534057617,22.6299991607666,8.490991592407227,8440400,MO
2010-08-11,22.3799991607666,22.68000030517578,22.360000610351562,22.440000534057617,8.419703483581543,13636700,MO
2010-08-12,22.270000457763672,22.520000457763672,22.149999618530273,22.450000762939453,8.423455238342285,9705500,MO
2010-08-13,22.420000076293945,22.510000228881836,22.290000915527344,22.350000381469727,8.385934829711914,6405000,MO
2010-08-16,22.34000015258789,22.600000381469727,22.149999618530273,22.600000381469727,8.479737281799316,9915200,MO
2010-08-17,22.719999313354492,22.989999771118164,22.530000686645508,22.920000076293945,8.599804878234863,15193100,MO
2010-08-18,22.860000610351562,22.979999542236328,22.760000228881836,22.93000030517578,8.603556632995605,15476400,MO
2010-08-19,22.920000076293945,22.950000762939453,22.549999237060547,22.760000228881836,8.539772987365723,12577000,MO
2010-08-20,22.639999389648438,22.809999465942383,22.6200008392334,22.709999084472656,8.521008491516113,11266500,MO
2010-08-23,22.829999923706055,22.940000534057617,22.690000534057617,22.729999542236328,8.52851390838623,12292800,MO
2010-08-24,22.600000381469727,22.860000610351562,22.3700008392334,22.790000915527344,8.551027297973633,15673100,MO
2010-08-25,22.690000534057617,22.899999618530273,22.510000228881836,22.850000381469727,8.573539733886719,21610700,MO
2010-08-26,22.8799991607666,22.889999389648438,22.450000762939453,22.610000610351562,8.483490943908691,12558100,MO
2010-08-27,22.68000030517578,22.700000762939453,22.3799991607666,22.540000915527344,8.457225799560547,15787900,MO
2010-08-30,22.639999389648438,22.68000030517578,22.510000228881836,22.520000457763672,8.449715614318848,12414400,MO
2010-08-31,22.450000762939453,22.530000686645508,22.260000228881836,22.31999969482422,8.374675750732422,19897600,MO
2010-09-01,22.600000381469727,22.81999969482422,22.450000762939453,22.65999984741211,8.50224781036377,15393200,MO
2010-09-02,22.600000381469727,22.81999969482422,22.579999923706055,22.790000915527344,8.551027297973633,8807400,MO
2010-09-03,22.90999984741211,22.979999542236328,22.75,22.90999984741211,8.596051216125488,13047300,MO
2010-09-07,22.950000762939453,23.239999771118164,22.940000534057617,23.110000610351562,8.671095848083496,40207500,MO
2010-09-08,23.209999084472656,23.540000915527344,23.110000610351562,23.450000762939453,8.798666000366211,39202300,MO
2010-09-09,23.6200008392334,23.700000762939453,23.489999771118164,23.6299991607666,8.866206169128418,14073300,MO
2010-09-10,23.739999771118164,23.940000534057617,23.700000762939453,23.84000015258789,8.944997787475586,13844400,MO
2010-09-13,23.59000015258789,23.639999389648438,23.3799991607666,23.469999313354492,8.948811531066895,12172300,MO
2010-09-14,23.389999389648438,23.649999618530273,23.260000228881836,23.510000228881836,8.96406364440918,10614300,MO
2010-09-15,23.469999313354492,23.780000686645508,23.399999618530273,23.68000030517578,9.028882026672363,10596100,MO
2010-09-16,23.639999389648438,23.65999984741211,23.43000030517578,23.469999313354492,8.948811531066895,14239300,MO
2010-09-17,23.56999969482422,23.709999084472656,23.489999771118164,23.5,8.960251808166504,12473900,MO
2010-09-20,23.600000381469727,23.760000228881836,23.450000762939453,23.709999084472656,9.040316581726074,9297000,MO
2010-09-21,23.690000534057617,23.8799991607666,23.6200008392334,23.860000610351562,9.097513198852539,12173200,MO
2010-09-22,23.8700008392334,23.979999542236328,23.829999923706055,23.8700008392334,9.101326942443848,10931400,MO
2010-09-23,23.670000076293945,23.690000534057617,23.479999542236328,23.600000381469727,8.998376846313477,13253100,MO
2010-09-24,23.739999771118164,24.020000457763672,23.690000534057617,24.0,9.150890350341797,15704400,MO
2010-09-27,24.059999465942383,24.100000381469727,24.0,24.010000228881836,9.154704093933105,10999400,MO
2010-09-28,24.079999923706055,24.209999084472656,23.950000762939453,24.200000762939453,9.227148056030273,12505300,MO
2010-09-29,24.18000030517578,24.329999923706055,24.100000381469727,24.25,9.246214866638184,10708800,MO
2010-09-30,24.100000381469727,24.389999389648438,23.8799991607666,24.020000457763672,9.15851879119873,13180900,MO
2010-10-01,24.010000228881836,24.049999237060547,23.65999984741211,23.780000686645508,9.067007064819336,16443400,MO
2010-10-04,23.780000686645508,23.959999084472656,23.75,23.829999923706055,9.086073875427246,8451400,MO
2010-10-05,24.0,24.309999465942383,23.959999084472656,24.25,9.246214866638184,23718900,MO
2010-10-06,24.280000686645508,24.530000686645508,24.280000686645508,24.43000030517578,9.314845085144043,14491600,MO
2010-10-07,24.540000915527344,24.700000762939453,24.5,24.56999969482422,9.36822509765625,12685200,MO
2010-10-08,24.610000610351562,24.75,24.489999771118164,24.510000228881836,9.345352172851562,10119800,MO
2010-10-11,24.489999771118164,24.520000457763672,24.270000457763672,24.350000381469727,9.284343719482422,9462600,MO
2010-10-12,24.40999984741211,24.610000610351562,24.309999465942383,24.540000915527344,9.356791496276855,12558200,MO
2010-10-13,24.65999984741211,24.809999465942383,24.600000381469727,24.6200008392334,9.387290000915527,11199800,MO
2010-10-14,24.65999984741211,24.850000381469727,24.6299991607666,24.799999237060547,9.455918312072754,8171400,MO
2010-10-15,24.889999389648438,25.0,24.81999969482422,24.8799991607666,9.48642635345459,20664500,MO
2010-10-18,24.899999618530273,24.959999084472656,24.850000381469727,24.899999618530273,9.49405288696289,11042500,MO
2010-10-19,24.84000015258789,24.90999984741211,24.610000610351562,24.75,9.436857223510742,12133100,MO
2010-10-20,24.829999923706055,24.969999313354492,24.68000030517578,24.920000076293945,9.501677513122559,13046900,MO
2010-10-21,24.93000030517578,25.0,24.860000610351562,24.950000762939453,9.513114929199219,10685800,MO
2010-10-22,24.969999313354492,24.979999542236328,24.8700008392334,24.920000076293945,9.501677513122559,7631600,MO
2010-10-25,25.010000228881836,25.229999542236328,24.979999542236328,25.059999465942383,9.555052757263184,12163700,MO
2010-10-26,25.010000228881836,25.209999084472656,25.010000228881836,25.200000762939453,9.60843563079834,7836000,MO
2010-10-27,25.110000610351562,25.1200008392334,24.899999618530273,25.110000610351562,9.574122428894043,9583000,MO
2010-10-28,25.360000610351562,25.399999618530273,25.18000030517578,25.34000015258789,9.661819458007812,9282900,MO
2010-10-29,25.280000686645508,25.420000076293945,25.239999771118164,25.420000076293945,9.69232177734375,12037100,MO
2010-11-01,25.540000915527344,25.600000381469727,25.229999542236328,25.3700008392334,9.673258781433105,13232600,MO
2010-11-02,25.469999313354492,25.690000534057617,25.440000534057617,25.56999969482422,9.749512672424316,9304200,MO
2010-11-03,25.59000015258789,25.790000915527344,25.56999969482422,25.760000228881836,9.8219575881958,9819200,MO
2010-11-04,25.93000030517578,26.149999618530273,25.829999923706055,26.149999618530273,9.970659255981445,13091800,MO
2010-11-05,26.209999084472656,26.219999313354492,26.0,26.110000610351562,9.955410957336426,10033900,MO
2010-11-08,25.93000030517578,25.959999084472656,25.75,25.8700008392334,9.863899230957031,10294400,MO
2010-11-09,25.950000762939453,25.950000762939453,25.530000686645508,25.579999923706055,9.753328323364258,14061500,MO
2010-11-10,25.530000686645508,25.559999465942383,24.940000534057617,25.209999084472656,9.612247467041016,21507200,MO
2010-11-11,24.950000762939453,25.290000915527344,24.950000762939453,25.229999542236328,9.619874000549316,10487600,MO
2010-11-12,25.040000915527344,25.049999237060547,24.540000915527344,24.850000381469727,9.474987030029297,18158100,MO
2010-11-15,24.8799991607666,24.899999618530273,24.65999984741211,24.690000534057617,9.413983345031738,11348400,MO
2010-11-16,24.510000228881836,24.56999969482422,24.049999237060547,24.3799991607666,9.29577922821045,16483700,MO
2010-11-17,24.34000015258789,24.600000381469727,24.290000915527344,24.459999084472656,9.326282501220703,9214700,MO
2010-11-18,24.729999542236328,24.899999618530273,24.65999984741211,24.75,9.436857223510742,10741200,MO
2010-11-19,24.780000686645508,24.81999969482422,24.549999237060547,24.739999771118164,9.433046340942383,10032100,MO
2010-11-22,24.600000381469727,24.709999084472656,24.34000015258789,24.479999542236328,9.33391284942627,11943200,MO
2010-11-23,24.309999465942383,24.610000610351562,24.18000030517578,24.540000915527344,9.356791496276855,13625000,MO
2010-11-24,24.690000534057617,24.719999313354492,24.3799991607666,24.56999969482422,9.36822509765625,9634200,MO
2010-11-26,24.350000381469727,24.489999771118164,24.31999969482422,24.360000610351562,9.288155555725098,5123700,MO
2010-11-29,24.299999237060547,24.510000228881836,24.110000610351562,24.43000030517578,9.314845085144043,12899400,MO
2010-11-30,24.329999923706055,24.350000381469727,23.979999542236328,24.0,9.150890350341797,18993700,MO
2010-12-01,24.219999313354492,24.34000015258789,24.049999237060547,24.170000076293945,9.215713500976562,15975800,MO
2010-12-02,24.139999389648438,24.229999542236328,23.700000762939453,23.799999237060547,9.074637413024902,22566800,MO
2010-12-03,23.780000686645508,23.979999542236328,23.75,23.809999465942383,9.078449249267578,14685400,MO
2010-12-06,23.829999923706055,24.110000610351562,23.809999465942383,24.049999237060547,9.169958114624023,20336200,MO
2010-12-07,24.190000534057617,24.209999084472656,23.969999313354492,24.049999237060547,9.169958114624023,12210400,MO
2010-12-08,24.049999237060547,24.420000076293945,24.040000915527344,24.399999618530273,9.303409576416016,12894100,MO
2010-12-09,24.559999465942383,24.610000610351562,24.43000030517578,24.59000015258789,9.375850677490234,12802900,MO
2010-12-10,24.68000030517578,24.899999618530273,24.670000076293945,24.850000381469727,9.474987030029297,11570800,MO
2010-12-13,24.93000030517578,24.93000030517578,24.649999618530273,24.739999771118164,9.433046340942383,9701800,MO
2010-12-14,24.770000457763672,24.81999969482422,24.65999984741211,24.790000915527344,9.452109336853027,6597800,MO
2010-12-15,24.729999542236328,24.84000015258789,24.610000610351562,24.75,9.436857223510742,11705600,MO
2010-12-16,24.829999923706055,24.979999542236328,24.75,24.959999084472656,9.516929626464844,6444300,MO
2010-12-17,24.950000762939453,24.989999771118164,24.8700008392334,24.989999771118164,9.528366088867188,10847100,MO
2010-12-20,25.059999465942383,25.219999313354492,25.0,25.170000076293945,9.596996307373047,10764500,MO
2010-12-21,25.229999542236328,25.329999923706055,25.229999542236328,25.25,9.62750244140625,11162400,MO
2010-12-22,25.299999237060547,25.329999923706055,25.149999618530273,25.260000228881836,9.631316184997559,8551600,MO
2010-12-23,25.0,25.110000610351562,24.790000915527344,24.850000381469727,9.619702339172363,7517700,MO
2010-12-27,24.75,24.829999923706055,24.65999984741211,24.700000762939453,9.56163501739502,5093700,MO
2010-12-28,24.790000915527344,24.850000381469727,24.649999618530273,24.75,9.5809907913208,5882600,MO
2010-12-29,24.780000686645508,24.799999237060547,24.700000762939453,24.709999084472656,9.565506935119629,5471800,MO
2010-12-30,24.670000076293945,24.68000030517578,24.559999465942383,24.600000381469727,9.522921562194824,4477500,MO
2010-12-31,24.600000381469727,24.65999984741211,24.5,24.6200008392334,9.530665397644043,4268800,MO
2011-01-03,24.709999084472656,24.770000457763672,24.440000534057617,24.5,9.484211921691895,10546500,MO
2011-01-04,24.469999313354492,24.489999771118164,24.1299991607666,24.389999389648438,9.441631317138672,12607100,MO
2011-01-05,24.43000030517578,24.510000228881836,24.290000915527344,24.479999542236328,9.476471900939941,12798100,MO
2011-01-06,24.559999465942383,24.670000076293945,24.459999084472656,24.579999923706055,9.515180587768555,10559900,MO
2011-01-07,24.6299991607666,24.68000030517578,24.3700008392334,24.389999389648438,9.441631317138672,11876300,MO
2011-01-10,24.559999465942383,24.56999969482422,24.190000534057617,24.239999771118164,9.383561134338379,15637300,MO
2011-01-11,24.360000610351562,24.360000610351562,24.040000915527344,24.06999969482422,9.317752838134766,12645000,MO
2011-01-12,24.049999237060547,24.149999618530273,23.920000076293945,24.059999465942383,9.313881874084473,13610100,MO
2011-01-13,24.049999237060547,24.149999618530273,23.959999084472656,24.1200008392334,9.337109565734863,7684600,MO
2011-01-14,24.100000381469727,24.209999084472656,24.0,24.15999984741211,9.352590560913086,8120400,MO
2011-01-18,24.010000228881836,24.219999313354492,24.0,24.079999923706055,9.321624755859375,12694400,MO
2011-01-19,24.09000015258789,24.1299991607666,23.950000762939453,23.989999771118164,9.286787986755371,9295200,MO
2011-01-20,24.010000228881836,24.18000030517578,23.969999313354492,24.040000915527344,9.306138038635254,10034900,MO
2011-01-21,24.170000076293945,24.219999313354492,24.010000228881836,24.09000015258789,9.325498580932617,23216300,MO
2011-01-24,24.100000381469727,24.43000030517578,24.049999237060547,24.420000076293945,9.453242301940918,13503500,MO
2011-01-25,24.350000381469727,24.459999084472656,24.190000534057617,24.290000915527344,9.402922630310059,10783600,MO
2011-01-26,24.31999969482422,24.43000030517578,24.25,24.270000457763672,9.395181655883789,10811000,MO
2011-01-27,24.299999237060547,24.350000381469727,23.8700008392334,23.920000076293945,9.259689331054688,14876000,MO
2011-01-28,23.93000030517578,24.06999969482422,23.790000915527344,23.790000915527344,9.209365844726562,12547600,MO
2011-01-31,23.780000686645508,23.790000915527344,23.34000015258789,23.510000228881836,9.10097599029541,16289300,MO
2011-02-01,23.649999618530273,23.709999084472656,23.479999542236328,23.579999923706055,9.128069877624512,16223300,MO
2011-02-02,23.56999969482422,23.780000686645508,23.540000915527344,23.68000030517578,9.166784286499023,11732200,MO
2011-02-03,23.690000534057617,24.079999923706055,23.540000915527344,24.049999237060547,9.310015678405762,15601800,MO
2011-02-04,24.1299991607666,24.1299991607666,23.809999465942383,24.0,9.290656089782715,9495100,MO
2011-02-07,24.09000015258789,24.09000015258789,23.889999389648438,24.059999465942383,9.313881874084473,18692900,MO
2011-02-08,24.09000015258789,24.139999389648438,23.950000762939453,24.1299991607666,9.340981483459473,9229600,MO
2011-02-09,24.100000381469727,24.170000076293945,24.040000915527344,24.149999618530273,9.34872055053711,7867200,MO
2011-02-10,24.110000610351562,24.200000762939453,24.049999237060547,24.09000015258789,9.325498580932617,8735200,MO
2011-02-11,24.059999465942383,24.489999771118164,24.0,24.440000534057617,9.460987091064453,10668600,MO
2011-02-14,24.479999542236328,24.489999771118164,24.260000228881836,24.489999771118164,9.48034381866455,8553000,MO
2011-02-15,24.399999618530273,24.520000457763672,24.309999465942383,24.479999542236328,9.476471900939941,7796300,MO
2011-02-16,24.520000457763672,24.579999923706055,24.360000610351562,24.479999542236328,9.476471900939941,10366400,MO
2011-02-17,24.469999313354492,24.729999542236328,24.43000030517578,24.729999542236328,9.573248863220215,14431100,MO
2011-02-18,24.739999771118164,24.809999465942383,24.600000381469727,24.790000915527344,9.596476554870605,8569600,MO
2011-02-22,24.639999389648438,24.920000076293945,24.600000381469727,24.739999771118164,9.577120780944824,10637300,MO
2011-02-23,24.729999542236328,24.8700008392334,24.65999984741211,24.709999084472656,9.565506935119629,12915600,MO
2011-02-24,24.59000015258789,24.760000228881836,24.530000686645508,24.709999084472656,9.565506935119629,9177600,MO
2011-02-25,24.700000762939453,24.950000762939453,24.700000762939453,24.940000534057617,9.654539108276367,8815100,MO
2011-02-28,24.959999084472656,25.399999618530273,24.90999984741211,25.3700008392334,9.821002006530762,15304500,MO
2011-03-01,25.479999542236328,25.700000762939453,25.110000610351562,25.1200008392334,9.724224090576172,11987900,MO
2011-03-02,25.219999313354492,25.31999969482422,25.0,25.049999237060547,9.697123527526855,13464700,MO
2011-03-03,25.219999313354492,25.520000457763672,25.149999618530273,25.440000534057617,9.848099708557129,37859900,MO
2011-03-04,25.389999389648438,25.479999542236328,25.149999618530273,25.31999969482422,9.801643371582031,33571700,MO
2011-03-07,25.469999313354492,25.59000015258789,25.360000610351562,25.3799991607666,9.824870109558105,32727700,MO
2011-03-08,25.420000076293945,25.719999313354492,25.399999618530273,25.65999984741211,9.933260917663574,7909800,MO
2011-03-09,25.600000381469727,25.81999969482422,25.579999923706055,25.809999465942383,9.991331100463867,8017700,MO
2011-03-10,25.709999084472656,25.81999969482422,25.6200008392334,25.639999389648438,9.925515174865723,10765000,MO
2011-03-11,25.06999969482422,25.15999984741211,24.90999984741211,25.049999237060547,9.843002319335938,13845100,MO
2011-03-14,24.899999618530273,25.200000762939453,24.899999618530273,24.989999771118164,9.819422721862793,8603300,MO
2011-03-15,24.530000686645508,24.760000228881836,24.469999313354492,24.709999084472656,9.709406852722168,11007500,MO
2011-03-16,24.59000015258789,24.709999084472656,24.190000534057617,24.290000915527344,9.5443754196167,14603300,MO
2011-03-17,24.56999969482422,24.770000457763672,24.399999618530273,24.440000534057617,9.603313446044922,11895800,MO
2011-03-18,24.700000762939453,24.8799991607666,24.510000228881836,24.799999237060547,9.744766235351562,15245100,MO
2011-03-21,24.959999084472656,25.239999771118164,24.899999618530273,25.149999618530273,9.882291793823242,10460200,MO
2011-03-22,25.170000076293945,25.579999923706055,25.149999618530273,25.43000030517578,9.992316246032715,12275800,MO
2011-03-23,25.399999618530273,25.649999618530273,25.329999923706055,25.610000610351562,10.063048362731934,9177500,MO
2011-03-24,25.639999389648438,25.969999313354492,25.579999923706055,25.93000030517578,10.188785552978516,13405600,MO
2011-03-25,25.969999313354492,26.020000457763672,25.790000915527344,25.81999969482422,10.145563125610352,8898100,MO
2011-03-28,25.969999313354492,26.190000534057617,25.899999618530273,26.049999237060547,10.235934257507324,19170000,MO
2011-03-29,26.030000686645508,26.079999923706055,25.8700008392334,25.969999313354492,10.204499244689941,8440600,MO
2011-03-30,26.100000381469727,26.270000457763672,26.020000457763672,26.110000610351562,10.259515762329102,9736100,MO
2011-03-31,26.059999465942383,26.100000381469727,25.940000534057617,26.030000686645508,10.228076934814453,9001700,MO
2011-04-01,25.889999389648438,26.139999389648438,25.860000610351562,25.979999542236328,10.208428382873535,8302000,MO
2011-04-04,26.0,26.010000228881836,25.809999465942383,25.940000534057617,10.19271183013916,6837100,MO
2011-04-05,25.8799991607666,26.200000762939453,25.850000381469727,26.110000610351562,10.259515762329102,8616100,MO
2011-04-06,26.229999542236328,26.329999923706055,26.139999389648438,26.280000686645508,10.326311111450195,8633800,MO
2011-04-07,26.290000915527344,26.309999465942383,25.899999618530273,26.100000381469727,10.25558090209961,11805400,MO
2011-04-08,26.049999237060547,26.329999923706055,26.049999237060547,26.239999771118164,10.310591697692871,9844900,MO
2011-04-11,26.469999313354492,26.75,26.399999618530273,26.520000457763672,10.42061710357666,13057100,MO
2011-04-12,26.5,26.799999237060547,26.420000076293945,26.700000762939453,10.491342544555664,11059100,MO
2011-04-13,26.780000686645508,26.780000686645508,26.540000915527344,26.68000030517578,10.483481407165527,8141200,MO
2011-04-14,26.700000762939453,26.989999771118164,26.6299991607666,26.889999389648438,10.566001892089844,8515300,MO
2011-04-15,26.940000534057617,27.149999618530273,26.850000381469727,27.010000228881836,10.613151550292969,10639100,MO
2011-04-18,26.81999969482422,26.8700008392334,26.40999984741211,26.549999237060547,10.432401657104492,13910600,MO
2011-04-19,26.5,26.510000228881836,26.040000915527344,26.3799991607666,10.36560344696045,14317900,MO
2011-04-20,26.100000381469727,26.299999237060547,26.049999237060547,26.149999618530273,10.275229454040527,15391600,MO
2011-04-21,26.280000686645508,26.280000686645508,25.979999542236328,26.059999465942383,10.23986530303955,11425000,MO
2011-04-25,26.09000015258789,26.170000076293945,25.950000762939453,26.079999923706055,10.247725486755371,7361700,MO
2011-04-26,26.059999465942383,26.40999984741211,26.049999237060547,26.290000915527344,10.330238342285156,9209000,MO
2011-04-27,26.3799991607666,26.709999084472656,26.3700008392334,26.6200008392334,10.459908485412598,12034600,MO
2011-04-28,26.639999389648438,26.709999084472656,26.5,26.649999618530273,10.471695899963379,11321100,MO
2011-04-29,26.709999084472656,27.0,26.65999984741211,26.84000015258789,10.546354293823242,9528100,MO
2011-05-02,26.81999969482422,27.0,26.700000762939453,26.780000686645508,10.522777557373047,9044800,MO
2011-05-03,26.84000015258789,27.0,26.709999084472656,27.0,10.609221458435059,10560500,MO
2011-05-04,26.979999542236328,27.0,26.700000762939453,26.850000381469727,10.550281524658203,18073500,MO
2011-05-05,26.799999237060547,26.899999618530273,26.6200008392334,26.68000030517578,10.483481407165527,8388400,MO
2011-05-06,26.8799991607666,27.15999984741211,26.84000015258789,26.959999084472656,10.593506813049316,11607400,MO
2011-05-09,26.969999313354492,27.15999984741211,26.950000762939453,27.139999389648438,10.664237022399902,8182000,MO
2011-05-10,27.200000762939453,27.25,27.040000915527344,27.170000076293945,10.676023483276367,7377800,MO
2011-05-11,27.18000030517578,27.270000457763672,27.0,27.059999465942383,10.632800102233887,6831500,MO
2011-05-12,27.049999237060547,27.3700008392334,26.90999984741211,27.350000381469727,10.746748924255371,7986100,MO
2011-05-13,27.3799991607666,27.6299991607666,27.200000762939453,27.309999465942383,10.731036186218262,7066800,MO
2011-05-16,27.219999313354492,27.600000381469727,27.190000534057617,27.489999771118164,10.801758766174316,29941000,MO
2011-05-17,27.43000030517578,27.81999969482422,27.420000076293945,27.65999984741211,10.868561744689941,12833000,MO
2011-05-18,27.649999618530273,27.899999618530273,27.559999465942383,27.8700008392334,10.951079368591309,12867800,MO
2011-05-19,27.950000762939453,28.030000686645508,27.790000915527344,27.979999542236328,10.994295120239258,6959200,MO
2011-05-20,28.0,28.010000228881836,27.700000762939453,27.739999771118164,10.899993896484375,9233000,MO
2011-05-23,27.549999237060547,28.030000686645508,27.510000228881836,27.850000381469727,10.943215370178223,12297800,MO
2011-05-24,27.889999389648438,27.979999542236328,27.780000686645508,27.920000076293945,10.970723152160645,7960400,MO
2011-05-25,27.809999465942383,28.0,27.56999969482422,27.90999984741211,10.96679401397705,18435200,MO
2011-05-26,27.829999923706055,27.850000381469727,27.6299991607666,27.770000457763672,10.911782264709473,16481500,MO
2011-05-27,27.829999923706055,27.989999771118164,27.809999465942383,27.940000534057617,10.978583335876465,6095100,MO
2011-05-31,28.010000228881836,28.09000015258789,27.899999618530273,28.059999465942383,11.025734901428223,10055600,MO
2011-06-01,28.09000015258789,28.1299991607666,27.899999618530273,27.920000076293945,10.970723152160645,10556500,MO
2011-06-02,27.920000076293945,27.920000076293945,27.520000457763672,27.56999969482422,10.8331937789917,11853300,MO
2011-06-03,27.40999984741211,27.760000228881836,27.350000381469727,27.600000381469727,10.844982147216797,20693400,MO
2011-06-06,27.610000610351562,27.610000610351562,27.25,27.25,10.707457542419434,9741400,MO
2011-06-07,27.40999984741211,27.459999084472656,27.100000381469727,27.100000381469727,10.648515701293945,8836900,MO
2011-06-08,27.010000228881836,27.350000381469727,26.940000534057617,27.290000915527344,10.723175048828125,9614100,MO
2011-06-09,27.25,27.639999389648438,27.200000762939453,27.459999084472656,10.789970397949219,9886200,MO
2011-06-10,27.5,27.56999969482422,27.0,27.010000228881836,10.613151550292969,11493800,MO
2011-06-13,26.530000686645508,27.1200008392334,26.479999542236328,26.93000030517578,10.73271656036377,11169000,MO
2011-06-14,27.059999465942383,27.540000915527344,27.049999237060547,27.3700008392334,10.908071517944336,11468800,MO
2011-06-15,27.290000915527344,27.299999237060547,26.5,26.610000610351562,10.605182647705078,15599300,MO
2011-06-16,26.440000534057617,27.030000686645508,26.399999618530273,26.93000030517578,10.73271656036377,11941500,MO
2011-06-17,27.1299991607666,27.260000228881836,27.059999465942383,27.079999923706055,10.79249382019043,12158900,MO
2011-06-20,27.100000381469727,27.399999618530273,27.09000015258789,27.31999969482422,10.888147354125977,16801400,MO
2011-06-21,27.360000610351562,27.610000610351562,27.18000030517578,27.309999465942383,10.884160041809082,12115600,MO
2011-06-22,27.059999465942383,27.260000228881836,27.0,27.18000030517578,10.832350730895996,13148700,MO
2011-06-23,26.799999237060547,26.8700008392334,26.530000686645508,26.850000381469727,10.700833320617676,13489500,MO
2011-06-24,26.799999237060547,26.84000015258789,26.6299991607666,26.790000915527344,10.676922798156738,12138800,MO
2011-06-27,26.780000686645508,26.829999923706055,26.670000076293945,26.770000457763672,10.66894817352295,9285700,MO
2011-06-28,26.43000030517578,26.520000457763672,25.920000076293945,26.360000610351562,10.505546569824219,21479900,MO
2011-06-29,26.3799991607666,26.540000915527344,26.020000457763672,26.100000381469727,10.401927947998047,20196800,MO
2011-06-30,26.1200008392334,26.440000534057617,26.020000457763672,26.40999984741211,10.525472640991211,12624200,MO
2011-07-01,26.350000381469727,26.549999237060547,26.200000762939453,26.530000686645508,10.573298454284668,11206300,MO
2011-07-05,26.489999771118164,26.899999618530273,26.399999618530273,26.600000381469727,10.601198196411133,11799700,MO
2011-07-06,26.549999237060547,26.959999084472656,26.549999237060547,26.81999969482422,10.688874244689941,9786100,MO
2011-07-07,26.989999771118164,27.09000015258789,26.860000610351562,27.0,10.760613441467285,9235600,MO
2011-07-08,26.860000610351562,26.93000030517578,26.75,26.889999389648438,10.716772079467773,10326200,MO
2011-07-11,26.989999771118164,27.040000915527344,26.790000915527344,26.93000030517578,10.73271656036377,11833700,MO
2011-07-12,26.860000610351562,27.079999923706055,26.739999771118164,26.899999618530273,10.7207612991333,11003700,MO
2011-07-13,27.09000015258789,27.09000015258789,26.770000457763672,26.860000610351562,10.704818725585938,7232000,MO
2011-07-14,26.899999618530273,27.020000457763672,26.780000686645508,26.850000381469727,10.700833320617676,8414300,MO
2011-07-15,26.860000610351562,26.860000610351562,26.469999313354492,26.690000534057617,10.637063026428223,9781600,MO
2011-07-18,26.6200008392334,26.68000030517578,26.450000762939453,26.600000381469727,10.601198196411133,7001700,MO
2011-07-19,26.690000534057617,27.049999237060547,26.65999984741211,27.020000457763672,10.768584251403809,10578900,MO
2011-07-20,26.920000076293945,26.920000076293945,26.010000228881836,26.3700008392334,10.509533882141113,19694600,MO
2011-07-21,26.479999542236328,26.639999389648438,26.25,26.59000015258789,10.597210884094238,11524800,MO
2011-07-22,26.6299991607666,26.6299991607666,26.239999771118164,26.360000610351562,10.505546569824219,11518100,MO
2011-07-25,26.100000381469727,26.299999237060547,26.040000915527344,26.239999771118164,10.457721710205078,11865900,MO
2011-07-26,26.170000076293945,26.239999771118164,26.049999237060547,26.15999984741211,10.425838470458984,8115400,MO
2011-07-27,26.030000686645508,26.270000457763672,26.020000457763672,26.110000610351562,10.405914306640625,11529300,MO
2011-07-28,26.059999465942383,26.450000762939453,26.059999465942383,26.229999542236328,10.4537353515625,9640900,MO
2011-07-29,26.18000030517578,26.59000015258789,26.110000610351562,26.299999237060547,10.481634140014648,14122300,MO
2011-08-01,26.530000686645508,26.56999969482422,25.829999923706055,26.149999618530273,10.421852111816406,15059700,MO
2011-08-02,26.010000228881836,26.440000534057617,25.84000015258789,26.18000030517578,10.433812141418457,13809500,MO
2011-08-03,26.1200008392334,26.420000076293945,25.899999618530273,26.360000610351562,10.505546569824219,18170800,MO
2011-08-04,26.170000076293945,26.520000457763672,25.459999084472656,25.489999771118164,10.158815383911133,25736600,MO
2011-08-05,25.489999771118164,26.059999465942383,25.440000534057617,25.889999389648438,10.318231582641602,27609100,MO
2011-08-08,24.979999542236328,25.420000076293945,24.440000534057617,24.540000915527344,9.780200004577637,40430600,MO
2011-08-09,24.59000015258789,25.190000534057617,23.200000762939453,25.18000030517578,10.035269737243652,47651000,MO
2011-08-10,24.899999618530273,24.969999313354492,24.270000457763672,24.360000610351562,9.708464622497559,39032500,MO
2011-08-11,24.399999618530273,25.190000534057617,24.25,24.959999084472656,9.947589874267578,23003000,MO
2011-08-12,25.43000030517578,25.450000762939453,25.049999237060547,25.200000762939453,10.043237686157227,14112100,MO
2011-08-15,25.440000534057617,25.739999771118164,25.270000457763672,25.700000762939453,10.242512702941895,12298300,MO
2011-08-16,25.59000015258789,25.770000457763672,25.399999618530273,25.68000030517578,10.234538078308105,11187700,MO
2011-08-17,25.81999969482422,26.170000076293945,25.790000915527344,26.0,10.36207103729248,13603800,MO
2011-08-18,25.530000686645508,25.90999984741211,25.309999465942383,25.700000762939453,10.242512702941895,19496300,MO
2011-08-19,25.469999313354492,26.239999771118164,25.469999313354492,25.709999084472656,10.246493339538574,18240300,MO
2011-08-22,26.229999542236328,26.239999771118164,25.68000030517578,25.860000610351562,10.30627727508545,11360400,MO
2011-08-23,25.979999542236328,26.450000762939453,25.850000381469727,26.43000030517578,10.533442497253418,14004600,MO
2011-08-24,26.31999969482422,26.549999237060547,26.260000228881836,26.469999313354492,10.549383163452148,9116000,MO
2011-08-25,26.549999237060547,26.549999237060547,25.889999389648438,26.010000228881836,10.366060256958008,12587900,MO
2011-08-26,25.969999313354492,26.389999389648438,25.610000610351562,26.299999237060547,10.481634140014648,13020800,MO
2011-08-29,26.559999465942383,26.799999237060547,26.5,26.780000686645508,10.672932624816895,9207000,MO
2011-08-30,26.770000457763672,27.200000762939453,26.6200008392334,27.020000457763672,10.768584251403809,14148900,MO
2011-08-31,27.1200008392334,27.40999984741211,27.049999237060547,27.190000534057617,10.836333274841309,11853900,MO
2011-09-01,27.260000228881836,27.360000610351562,27.049999237060547,27.09000015258789,10.796483993530273,10140400,MO
2011-09-02,26.8799991607666,27.040000915527344,26.690000534057617,26.719999313354492,10.64902114868164,9629700,MO
2011-09-06,26.139999389648438,26.850000381469727,26.010000228881836,26.829999923706055,10.692858695983887,14748700,MO
2011-09-07,27.260000228881836,27.31999969482422,26.889999389648438,26.989999771118164,10.756625175476074,11450400,MO
2011-09-08,26.940000534057617,27.25,26.829999923706055,27.010000228881836,10.76459789276123,46195000,MO
2011-09-09,26.860000610351562,26.90999984741211,26.280000686645508,26.3700008392334,10.509533882141113,54468700,MO
2011-09-12,26.059999465942383,26.56999969482422,26.010000228881836,26.540000915527344,10.57728385925293,15172900,MO
2011-09-13,26.170000076293945,26.25,25.899999618530273,26.18000030517578,10.597525596618652,13220700,MO
2011-09-14,26.350000381469727,26.770000457763672,26.15999984741211,26.549999237060547,10.747295379638672,16574200,MO
2011-09-15,26.690000534057617,26.899999618530273,26.549999237060547,26.8700008392334,10.876830101013184,12540000,MO
2011-09-16,27.06999969482422,27.190000534057617,26.709999084472656,26.899999618530273,10.888978004455566,15986400,MO
2011-09-19,26.639999389648438,26.979999542236328,26.5,26.8700008392334,10.876830101013184,9408000,MO
2011-09-20,26.969999313354492,27.190000534057617,26.829999923706055,26.950000762939453,10.909214973449707,9954300,MO
2011-09-21,26.889999389648438,26.93000030517578,26.110000610351562,26.1200008392334,10.573232650756836,16699500,MO
2011-09-22,25.579999923706055,25.84000015258789,25.270000457763672,25.700000762939453,10.403223991394043,20771800,MO
2011-09-23,25.729999542236328,25.90999984741211,25.59000015258789,25.770000457763672,10.431557655334473,13002600,MO
2011-09-26,25.889999389648438,26.040000915527344,25.739999771118164,26.0,10.524660110473633,21449500,MO
2011-09-27,26.3700008392334,26.709999084472656,26.200000762939453,26.420000076293945,10.694677352905273,20376500,MO
2011-09-28,26.5,26.59000015258789,26.06999969482422,26.100000381469727,10.565141677856445,10165300,MO
2011-09-29,26.399999618530273,26.59000015258789,26.149999618530273,26.440000534057617,10.702770233154297,9729000,MO
2011-09-30,26.31999969482422,27.270000457763672,26.280000686645508,26.809999465942383,10.852544784545898,22208500,MO
2011-10-03,26.709999084472656,27.15999984741211,26.540000915527344,26.559999465942383,10.751344680786133,16606400,MO
2011-10-04,26.1299991607666,26.559999465942383,25.940000534057617,26.540000915527344,10.74324893951416,17400000,MO
2011-10-05,26.600000381469727,26.760000228881836,26.280000686645508,26.5,10.727057456970215,13006800,MO
2011-10-06,26.510000228881836,26.950000762939453,26.440000534057617,26.950000762939453,10.909214973449707,9965100,MO
2011-10-07,27.030000686645508,27.600000381469727,26.899999618530273,27.43000030517578,11.10351276397705,14743700,MO
2011-10-10,27.729999542236328,27.799999237060547,27.420000076293945,27.6299991607666,11.184475898742676,11526300,MO
2011-10-11,27.690000534057617,27.8700008392334,27.389999389648438,27.799999237060547,11.253292083740234,14009300,MO
2011-10-12,27.979999542236328,28.139999389648438,27.760000228881836,27.770000457763672,11.241146087646484,14182600,MO
2011-10-13,27.6299991607666,27.739999771118164,27.40999984741211,27.610000610351562,11.176384925842285,9515800,MO
2011-10-14,27.829999923706055,27.829999923706055,27.399999618530273,27.670000076293945,11.200667381286621,9597300,MO
2011-10-17,27.549999237060547,27.709999084472656,27.3700008392334,27.420000076293945,11.099466323852539,8958500,MO
2011-10-18,27.309999465942383,27.809999465942383,27.020000457763672,27.530000686645508,11.143999099731445,10627900,MO
2011-10-19,27.559999465942383,27.639999389648438,27.219999313354492,27.31999969482422,11.058992385864258,9405900,MO
2011-10-20,27.440000534057617,27.809999465942383,27.229999542236328,27.25,11.030653953552246,13006700,MO
2011-10-21,27.530000686645508,27.6299991607666,27.309999465942383,27.450000762939453,11.111611366271973,15557700,MO
2011-10-24,27.530000686645508,27.540000915527344,27.200000762939453,27.309999465942383,11.054944038391113,12001200,MO
2011-10-25,27.170000076293945,27.299999237060547,26.799999237060547,27.0,10.92945671081543,14810800,MO
2011-10-26,27.209999084472656,27.290000915527344,26.799999237060547,27.280000686645508,11.042794227600098,15617400,MO
2011-10-27,27.649999618530273,27.799999237060547,26.950000762939453,27.65999984741211,11.196619033813477,20410500,MO
2011-10-28,27.530000686645508,27.6299991607666,27.15999984741211,27.559999465942383,11.156140327453613,11865300,MO
2011-10-31,27.389999389648438,27.850000381469727,27.3799991607666,27.549999237060547,11.152090072631836,17213800,MO
2011-11-01,27.1200008392334,27.40999984741211,27.0,27.100000381469727,10.96993350982666,19460100,MO
2011-11-02,27.40999984741211,27.40999984741211,26.959999084472656,27.190000534057617,11.006362915039062,11022100,MO
2011-11-03,27.420000076293945,27.520000457763672,27.25,27.469999313354492,11.119709968566895,13476900,MO
2011-11-04,27.389999389648438,27.440000534057617,27.15999984741211,27.3700008392334,11.079228401184082,7728600,MO
2011-11-07,27.34000015258789,27.520000457763672,27.1299991607666,27.520000457763672,11.139952659606934,13190700,MO
2011-11-08,27.6200008392334,27.68000030517578,27.350000381469727,27.649999618530273,11.192571640014648,9446700,MO
2011-11-09,27.360000610351562,27.469999313354492,27.030000686645508,27.170000076293945,10.998270034790039,12823500,MO
2011-11-10,27.360000610351562,27.700000762939453,27.329999923706055,27.6299991607666,11.184475898742676,9513500,MO
2011-11-11,27.799999237060547,27.989999771118164,27.75,27.780000686645508,11.245197296142578,8385100,MO
2011-11-14,27.690000534057617,27.799999237060547,27.5,27.6200008392334,11.180426597595215,7867600,MO
2011-11-15,27.559999465942383,27.8700008392334,27.559999465942383,27.770000457763672,11.241146087646484,8848200,MO
2011-11-16,27.639999389648438,27.899999618530273,27.489999771118164,27.5,11.13184928894043,12689500,MO
2011-11-17,27.440000534057617,27.860000610351562,27.420000076293945,27.540000915527344,11.148043632507324,20792100,MO
2011-11-18,27.639999389648438,27.81999969482422,27.459999084472656,27.639999389648438,11.188520431518555,10482000,MO
2011-11-21,27.3799991607666,27.520000457763672,27.149999618530273,27.299999237060547,11.050890922546387,14077800,MO
2011-11-22,27.31999969482422,27.5,27.149999618530273,27.3700008392334,11.079228401184082,10494900,MO
2011-11-23,27.209999084472656,27.299999237060547,27.0,27.1200008392334,10.978031158447266,9905000,MO
2011-11-25,27.149999618530273,27.450000762939453,27.100000381469727,27.25,11.030653953552246,3259600,MO
2011-11-28,27.649999618530273,27.719999313354492,27.459999084472656,27.600000381469727,11.172327995300293,11383900,MO
2011-11-29,27.65999984741211,28.200000762939453,27.649999618530273,27.950000762939453,11.31401538848877,13486300,MO
2011-11-30,28.420000076293945,28.719999313354492,28.229999542236328,28.690000534057617,11.613561630249023,15799100,MO
2011-12-01,28.579999923706055,29.049999237060547,28.479999542236328,28.68000030517578,11.609512329101562,13642100,MO
2011-12-02,28.770000457763672,28.780000686645508,28.299999237060547,28.40999984741211,11.500216484069824,10919900,MO
2011-12-05,28.530000686645508,28.65999984741211,28.1299991607666,28.219999313354492,11.423307418823242,12105200,MO
2011-12-06,28.389999389648438,28.950000762939453,28.329999923706055,28.760000228881836,11.641892433166504,14048800,MO
2011-12-07,28.68000030517578,28.93000030517578,28.440000534057617,28.829999923706055,11.670228958129883,10803900,MO
2011-12-08,28.75,28.899999618530273,28.489999771118164,28.530000686645508,11.548791885375977,41635400,MO
2011-12-09,28.6200008392334,28.829999923706055,28.600000381469727,28.780000686645508,11.64999008178711,42032600,MO
2011-12-12,28.719999313354492,28.90999984741211,28.670000076293945,28.8700008392334,11.686422348022461,45302700,MO
2011-12-13,28.920000076293945,29.25,28.81999969482422,28.989999771118164,11.73499584197998,13022300,MO
2011-12-14,28.8700008392334,28.979999542236328,28.670000076293945,28.729999542236328,11.629752159118652,10850400,MO
2011-12-15,28.93000030517578,29.25,28.760000228881836,29.110000610351562,11.783568382263184,10730700,MO
2011-12-16,29.299999237060547,29.469999313354492,28.979999542236328,29.139999389648438,11.795717239379883,15580100,MO
2011-12-19,29.360000610351562,29.6299991607666,29.290000915527344,29.34000015258789,11.876676559448242,10731700,MO
2011-12-20,29.68000030517578,29.979999542236328,29.530000686645508,29.860000610351562,12.087170600891113,13160100,MO
2011-12-21,29.979999542236328,30.399999618530273,29.860000610351562,30.309999465942383,12.269329071044922,13147500,MO
2011-12-22,30.030000686645508,30.079999923706055,29.600000381469727,29.81999969482422,12.23650074005127,9849400,MO
2011-12-23,29.829999923706055,29.950000762939453,29.690000534057617,29.84000015258789,12.244708061218262,8147600,MO
2011-12-27,29.829999923706055,29.969999313354492,29.700000762939453,29.719999313354492,12.19546127319336,7961200,MO
2011-12-28,29.709999084472656,29.93000030517578,29.690000534057617,29.719999313354492,12.19546127319336,6797000,MO
2011-12-29,29.770000457763672,29.8700008392334,29.649999618530273,29.790000915527344,12.224188804626465,6291300,MO
2011-12-30,29.690000534057617,29.809999465942383,29.530000686645508,29.649999618530273,12.166736602783203,6219100,MO
2012-01-03,28.649999618530273,28.989999771118164,28.510000228881836,28.559999465942383,11.719467163085938,25911000,MO
2012-01-04,28.399999618530273,28.530000686645508,28.25,28.399999618530273,11.653806686401367,14821800,MO
2012-01-05,28.3700008392334,28.90999984741211,28.350000381469727,28.829999923706055,11.830255508422852,16748600,MO
2012-01-06,28.770000457763672,28.81999969482422,28.610000610351562,28.719999313354492,11.785122871398926,11558000,MO
2012-01-09,28.56999969482422,28.670000076293945,28.420000076293945,28.5,11.694843292236328,10310500,MO
2012-01-10,28.790000915527344,29.0,28.780000686645508,28.90999984741211,11.863085746765137,10636900,MO
2012-01-11,28.90999984741211,28.989999771118164,28.700000762939453,28.84000015258789,11.834362983703613,11707200,MO
2012-01-12,28.93000030517578,28.979999542236328,28.709999084472656,28.84000015258789,11.834362983703613,8454400,MO
2012-01-13,28.760000228881836,29.0,28.690000534057617,28.959999084472656,11.883601188659668,9319400,MO
2012-01-17,29.079999923706055,29.190000534057617,28.860000610351562,28.899999618530273,11.858980178833008,10454300,MO
2012-01-18,28.93000030517578,28.969999313354492,28.799999237060547,28.959999084472656,11.883601188659668,10160500,MO
2012-01-19,28.950000762939453,28.959999084472656,28.540000915527344,28.610000610351562,11.739983558654785,13067200,MO
2012-01-20,28.700000762939453,28.780000686645508,28.450000762939453,28.700000762939453,11.776910781860352,11452800,MO
2012-01-23,28.729999542236328,28.799999237060547,28.5,28.610000610351562,11.739983558654785,8725200,MO
2012-01-24,28.5,28.600000381469727,28.15999984741211,28.280000686645508,11.60456657409668,12440200,MO
2012-01-25,28.200000762939453,28.729999542236328,28.200000762939453,28.670000076293945,11.764603614807129,11033500,MO
2012-01-26,28.739999771118164,28.889999389648438,28.3700008392334,28.65999984741211,11.760499954223633,11781900,MO
2012-01-27,28.920000076293945,28.920000076293945,28.09000015258789,28.139999389648438,11.54712200164795,13905100,MO
2012-01-30,28.020000457763672,28.5,28.0,28.389999389648438,11.649702072143555,12321500,MO
2012-01-31,28.510000228881836,28.520000457763672,28.190000534057617,28.399999618530273,11.653806686401367,13084500,MO
2012-02-01,28.489999771118164,28.729999542236328,28.40999984741211,28.43000030517578,11.666121482849121,16060000,MO
2012-02-02,28.540000915527344,28.610000610351562,28.329999923706055,28.540000915527344,11.711259841918945,10001900,MO
2012-02-03,28.700000762939453,28.899999618530273,28.56999969482422,28.84000015258789,11.834362983703613,11304700,MO
2012-02-06,28.81999969482422,28.860000610351562,28.530000686645508,28.639999389648438,11.752289772033691,12745900,MO
2012-02-07,28.520000457763672,28.969999313354492,28.520000457763672,28.81999969482422,11.826151847839355,9683300,MO
2012-02-08,28.850000381469727,29.0,28.709999084472656,28.84000015258789,11.834362983703613,8681300,MO
2012-02-09,28.8700008392334,29.440000534057617,28.809999465942383,29.299999237060547,12.023120880126953,16115300,MO
2012-02-10,29.049999237060547,29.239999771118164,29.010000228881836,29.209999084472656,11.986186981201172,11216100,MO
2012-02-13,29.34000015258789,29.3799991607666,29.100000381469727,29.229999542236328,11.99439525604248,8482100,MO
2012-02-14,29.219999313354492,29.299999237060547,29.06999969482422,29.270000457763672,12.010807037353516,8737300,MO
2012-02-15,29.299999237060547,29.309999465942383,29.1200008392334,29.25,12.00260066986084,11146900,MO
2012-02-16,29.280000686645508,29.59000015258789,29.229999542236328,29.540000915527344,12.121606826782227,9047100,MO
2012-02-17,29.729999542236328,29.75,29.43000030517578,29.649999618530273,12.166736602783203,10222700,MO
2012-02-21,29.65999984741211,29.75,29.56999969482422,29.6200008392334,12.154430389404297,8709400,MO
2012-02-22,29.649999618530273,29.729999542236328,29.559999465942383,29.649999618530273,12.166736602783203,8126300,MO
2012-02-23,29.639999389648438,29.75,29.489999771118164,29.700000762939453,12.187257766723633,7046000,MO
2012-02-24,29.780000686645508,29.989999771118164,29.65999984741211,29.989999771118164,12.306257247924805,8970000,MO
2012-02-27,29.90999984741211,30.190000534057617,29.809999465942383,30.030000686645508,12.322675704956055,18754200,MO
2012-02-28,30.030000686645508,30.030000686645508,29.829999923706055,30.020000457763672,12.31856632232666,8954600,MO
2012-02-29,30.030000686645508,30.280000686645508,30.010000228881836,30.100000381469727,12.351395606994629,13801000,MO
2012-03-01,30.170000076293945,30.200000762939453,29.90999984741211,30.020000457763672,12.31856632232666,9722700,MO
2012-03-02,30.049999237060547,30.049999237060547,29.850000381469727,29.959999084472656,12.293947219848633,7201000,MO
2012-03-05,29.950000762939453,30.350000381469727,29.93000030517578,30.260000228881836,12.417051315307617,8968000,MO
2012-03-06,30.139999389648438,30.360000610351562,29.969999313354492,30.079999923706055,12.343191146850586,13204000,MO
2012-03-07,30.100000381469727,30.170000076293945,29.790000915527344,30.100000381469727,12.351395606994629,10456700,MO
2012-03-08,30.280000686645508,30.579999923706055,30.25,30.459999084472656,12.49911880493164,34690700,MO
2012-03-09,30.479999542236328,30.579999923706055,30.34000015258789,30.459999084472656,12.49911880493164,34990900,MO
2012-03-12,30.540000915527344,30.709999084472656,30.399999618530273,30.440000534057617,12.490914344787598,16206000,MO
2012-03-13,30.09000015258789,30.110000610351562,29.780000686645508,30.100000381469727,12.52003002166748,14942500,MO
2012-03-14,30.040000915527344,30.15999984741211,29.81999969482422,29.950000762939453,12.457633972167969,10634600,MO
2012-03-15,29.959999084472656,30.030000686645508,29.770000457763672,30.030000686645508,12.490913391113281,8475100,MO
2012-03-16,30.049999237060547,30.15999984741211,29.93000030517578,30.030000686645508,12.490913391113281,12960900,MO
2012-03-19,29.969999313354492,30.190000534057617,29.889999389648438,30.110000610351562,12.524187088012695,7742700,MO
2012-03-20,29.969999313354492,30.219999313354492,29.940000534057617,30.1299991607666,12.53250503540039,6278100,MO
2012-03-21,30.110000610351562,30.239999771118164,30.030000686645508,30.149999618530273,12.540827751159668,6336200,MO
2012-03-22,30.030000686645508,30.209999084472656,30.030000686645508,30.139999389648438,12.536665916442871,6315300,MO
2012-03-23,30.40999984741211,30.489999771118164,30.209999084472656,30.399999618530273,12.644810676574707,10504300,MO
2012-03-26,30.5,30.68000030517578,30.440000534057617,30.65999984741211,12.752957344055176,10004600,MO
2012-03-27,30.75,30.90999984741211,30.549999237060547,30.610000610351562,12.732158660888672,9632700,MO
2012-03-28,30.59000015258789,30.600000381469727,30.389999389648438,30.520000457763672,12.694725036621094,7743400,MO
2012-03-29,30.350000381469727,30.59000015258789,30.309999465942383,30.59000015258789,12.72384262084961,6738000,MO
2012-03-30,30.639999389648438,31.0,30.600000381469727,30.8700008392334,12.840312004089355,10089400,MO
2012-04-02,30.739999771118164,31.270000457763672,30.739999771118164,31.15999984741211,12.96093463897705,9773400,MO
2012-04-03,31.139999389648438,31.209999084472656,30.959999084472656,31.09000015258789,12.931818962097168,7334400,MO
2012-04-04,31.0,31.34000015258789,31.0,31.110000610351562,12.940132141113281,8607300,MO
2012-04-05,31.040000915527344,31.3700008392334,30.989999771118164,31.360000610351562,13.044122695922852,7261500,MO
2012-04-09,31.049999237060547,31.280000686645508,31.040000915527344,31.15999984741211,12.96093463897705,8210600,MO
2012-04-10,31.190000534057617,31.219999313354492,30.940000534057617,30.950000762939453,12.873592376708984,10119200,MO
2012-04-11,31.170000076293945,31.5,31.1299991607666,31.209999084472656,12.981732368469238,10900400,MO
2012-04-12,31.200000762939453,31.329999923706055,31.049999237060547,31.309999465942383,13.023327827453613,5368400,MO
2012-04-13,31.299999237060547,31.770000457763672,31.209999084472656,31.489999771118164,13.09819507598877,17839400,MO
2012-04-16,31.549999237060547,31.639999389648438,31.350000381469727,31.3799991607666,13.052445411682129,6872000,MO
2012-04-17,31.489999771118164,31.610000610351562,31.229999542236328,31.610000610351562,13.14810848236084,6882500,MO
2012-04-18,31.510000228881836,31.75,31.420000076293945,31.65999984741211,13.168906211853027,8057400,MO
2012-04-19,31.700000762939453,31.809999465942383,31.5,31.780000686645508,13.218819618225098,7083700,MO
2012-04-20,31.81999969482422,32.099998474121094,31.68000030517578,31.889999389648438,13.264577865600586,8351600,MO
2012-04-23,31.799999237060547,31.850000381469727,31.579999923706055,31.760000228881836,13.210503578186035,6085100,MO
2012-04-24,31.770000457763672,31.93000030517578,31.610000610351562,31.700000762939453,13.185551643371582,8731000,MO
2012-04-25,31.709999084472656,31.809999465942383,31.280000686645508,31.690000534057617,13.181386947631836,11743000,MO
2012-04-26,31.68000030517578,31.969999313354492,31.489999771118164,31.93000030517578,13.281214714050293,9200900,MO
2012-04-27,31.979999542236328,32.220001220703125,31.950000762939453,32.130001068115234,13.364401817321777,8828900,MO
2012-04-30,32.16999816894531,32.25,31.989999771118164,32.209999084472656,13.397676467895508,6680100,MO
2012-05-01,32.25,32.619998931884766,32.13999938964844,32.41999816894531,13.485027313232422,7806600,MO
2012-05-02,32.40999984741211,32.52000045776367,32.34000015258789,32.369998931884766,13.464229583740234,7317800,MO
2012-05-03,32.41999816894531,32.599998474121094,32.34000015258789,32.54999923706055,13.53909969329834,8148200,MO
2012-05-04,32.459999084472656,32.61000061035156,32.349998474121094,32.43000030517578,13.489184379577637,7200800,MO
2012-05-07,32.40999984741211,32.45000076293945,32.189998626708984,32.20000076293945,13.393523216247559,8322200,MO
2012-05-08,32.150001525878906,32.290000915527344,32.08000183105469,32.2599983215332,13.418475151062012,10652300,MO
2012-05-09,32.09000015258789,32.099998474121094,31.739999771118164,31.75,13.206343650817871,10907000,MO
2012-05-10,31.940000534057617,32.099998474121094,31.719999313354492,31.729999542236328,13.198028564453125,11528400,MO
2012-05-11,31.739999771118164,31.969999313354492,31.700000762939453,31.790000915527344,13.222984313964844,8549700,MO
2012-05-14,31.65999984741211,31.899999618530273,31.610000610351562,31.690000534057617,13.181386947631836,12569000,MO
2012-05-15,31.68000030517578,31.979999542236328,31.600000381469727,31.75,13.206343650817871,9929100,MO
2012-05-16,31.760000228881836,32.040000915527344,31.760000228881836,31.860000610351562,13.25209903717041,10147300,MO
2012-05-17,31.860000610351562,32.02000045776367,31.639999389648438,31.639999389648438,13.160589218139648,9281900,MO
2012-05-18,31.65999984741211,31.90999984741211,31.6200008392334,31.68000030517578,13.177226066589355,11219500,MO
2012-05-21,31.670000076293945,31.850000381469727,31.420000076293945,31.850000381469727,13.247942924499512,9010900,MO
2012-05-22,31.829999923706055,31.899999618530273,31.649999618530273,31.760000228881836,13.210503578186035,7572800,MO
2012-05-23,31.719999313354492,31.920000076293945,31.600000381469727,31.719999313354492,13.193865776062012,7400000,MO
2012-05-24,31.81999969482422,32.27000045776367,31.68000030517578,32.2599983215332,13.418475151062012,9148300,MO
2012-05-25,32.220001220703125,32.400001525878906,32.0099983215332,32.11000061035156,13.356081008911133,5978500,MO
2012-05-29,32.189998626708984,32.209999084472656,31.899999618530273,32.130001068115234,13.364401817321777,8412000,MO
2012-05-30,31.950000762939453,32.220001220703125,31.940000534057617,32.02000045776367,13.318646430969238,8436000,MO
2012-05-31,32.08000183105469,32.459999084472656,32.0099983215332,32.189998626708984,13.389362335205078,15082700,MO
2012-06-01,31.950000762939453,32.09000015258789,31.579999923706055,31.690000534057617,13.181386947631836,16503200,MO
2012-06-04,31.6200008392334,31.959999084472656,31.600000381469727,31.93000030517578,13.281214714050293,10837500,MO
2012-06-05,31.920000076293945,31.989999771118164,31.540000915527344,31.799999237060547,13.22713851928711,6615300,MO
2012-06-06,32.0,32.58000183105469,31.940000534057617,32.58000183105469,13.551578521728516,10075700,MO
2012-06-07,32.79999923706055,32.900001525878906,32.540000915527344,32.75,13.622284889221191,45290600,MO
2012-06-08,32.72999954223633,33.0099983215332,32.650001525878906,32.90999984741211,13.688840866088867,40374800,MO
2012-06-11,33.16999816894531,33.25,32.959999084472656,32.959999084472656,13.709636688232422,39666300,MO
2012-06-12,33.08000183105469,33.470001220703125,32.90999984741211,33.43000030517578,13.905137062072754,11547300,MO
2012-06-13,33.06999969482422,33.40999984741211,32.90999984741211,33.27000045776367,14.010416984558105,13437500,MO
2012-06-14,33.27000045776367,33.86000061035156,33.209999084472656,33.68000030517578,14.183072090148926,10125100,MO
2012-06-15,33.88999938964844,34.08000183105469,33.72999954223633,33.77000045776367,14.220973014831543,12209700,MO
2012-06-18,33.7400016784668,34.0,33.63999938964844,33.849998474121094,14.254657745361328,7061200,MO
2012-06-19,34.02000045776367,34.02000045776367,33.79999923706055,33.91999816894531,14.284138679504395,8365700,MO
2012-06-20,33.849998474121094,34.04999923706055,33.709999084472656,33.90999984741211,14.279926300048828,9194900,MO
2012-06-21,33.970001220703125,34.119998931884766,33.83000183105469,33.88999938964844,14.271501541137695,11382400,MO
2012-06-22,34.040000915527344,34.040000915527344,33.810001373291016,33.869998931884766,14.263077735900879,9395600,MO
2012-06-25,33.779998779296875,33.869998931884766,33.619998931884766,33.720001220703125,14.199911117553711,7381500,MO
2012-06-26,33.790000915527344,33.869998931884766,33.52000045776367,33.66999816894531,14.178852081298828,7639400,MO
2012-06-27,33.70000076293945,34.040000915527344,33.689998626708984,34.0,14.317819595336914,7257400,MO
2012-06-28,33.849998474121094,34.130001068115234,33.61000061035156,34.029998779296875,14.330456733703613,8815000,MO
2012-06-29,34.34000015258789,34.599998474121094,34.16999816894531,34.54999923706055,14.549437522888184,9821600,MO
2012-07-02,34.56999969482422,34.959999084472656,34.5,34.959999084472656,14.722094535827637,8386400,MO
2012-07-03,34.91999816894531,35.04999923706055,34.900001525878906,34.9900016784668,14.73472785949707,4887600,MO
2012-07-05,34.95000076293945,35.099998474121094,34.7400016784668,34.88999938964844,14.692615509033203,7493600,MO
2012-07-06,34.70000076293945,35.040000915527344,34.599998474121094,34.970001220703125,14.726309776306152,6423100,MO
2012-07-09,34.970001220703125,35.209999084472656,34.939998626708984,35.15999984741211,14.806314468383789,6991800,MO
2012-07-10,35.5099983215332,35.59000015258789,35.279998779296875,35.43000030517578,14.920018196105957,8671900,MO
2012-07-11,35.5099983215332,35.709999084472656,35.2599983215332,35.31999969482422,14.87369155883789,8435300,MO
2012-07-12,35.220001220703125,35.31999969482422,35.02000045776367,35.119998931884766,14.789473533630371,9948100,MO
2012-07-13,35.22999954223633,35.630001068115234,35.15999984741211,35.619998931884766,15.000022888183594,7996800,MO
2012-07-16,35.56999969482422,35.72999954223633,35.52000045776367,35.59000015258789,14.98740005493164,5170400,MO
2012-07-17,35.599998474121094,35.849998474121094,35.599998474121094,35.810001373291016,15.080039978027344,7687800,MO
2012-07-18,35.720001220703125,35.91999816894531,35.65999984741211,35.91999816894531,15.126363754272461,6938100,MO
2012-07-19,35.84000015258789,35.9900016784668,35.619998931884766,35.939998626708984,15.134781837463379,9648400,MO
2012-07-20,35.869998931884766,36.04999923706055,35.70000076293945,35.90999984741211,15.122151374816895,11379500,MO
2012-07-23,35.72999954223633,35.900001525878906,35.38999938964844,35.4900016784668,14.945283889770508,10097100,MO
2012-07-24,35.720001220703125,35.939998626708984,35.38999938964844,35.56999969482422,14.97896957397461,10658600,MO
2012-07-25,35.65999984741211,35.779998779296875,35.36000061035156,35.400001525878906,14.907383918762207,8399600,MO
2012-07-26,35.40999984741211,35.810001373291016,35.33000183105469,35.630001068115234,15.004236221313477,11287900,MO
2012-07-27,35.779998779296875,36.09000015258789,35.72999954223633,35.900001525878906,15.117940902709961,19520000,MO
2012-07-30,35.880001068115234,36.189998626708984,35.77000045776367,36.15999984741211,15.227429389953613,7104700,MO
2012-07-31,36.189998626708984,36.25,35.959999084472656,35.970001220703125,15.147417068481445,6851200,MO
2012-08-01,36.13999938964844,36.290000915527344,35.959999084472656,36.029998779296875,15.172683715820312,15616200,MO
2012-08-02,35.880001068115234,36.0,35.400001525878906,35.560001373291016,14.974756240844727,8460600,MO
2012-08-03,35.869998931884766,35.9900016784668,35.77000045776367,35.91999816894531,15.126363754272461,7876000,MO
2012-08-06,35.91999816894531,36.08000183105469,35.790000915527344,35.790000915527344,15.071616172790527,5706500,MO
2012-08-07,35.810001373291016,35.880001068115234,34.880001068115234,34.95000076293945,14.717880249023438,13482600,MO
2012-08-08,34.810001373291016,35.099998474121094,34.61000061035156,35.0099983215332,14.743148803710938,8498200,MO
2012-08-09,34.939998626708984,34.959999084472656,34.689998626708984,34.720001220703125,14.621026039123535,10089500,MO
2012-08-10,34.68000030517578,35.04999923706055,34.66999816894531,34.959999084472656,14.722094535827637,8752000,MO
2012-08-13,34.97999954223633,35.25,34.900001525878906,35.209999084472656,14.827370643615723,6941200,MO
2012-08-14,35.27000045776367,35.470001220703125,35.220001220703125,35.439998626708984,14.924222946166992,5464900,MO
2012-08-15,35.349998474121094,35.43000030517578,35.02000045776367,35.130001068115234,14.793684005737305,7274400,MO
2012-08-16,35.08000183105469,35.400001525878906,35.0,35.400001525878906,14.907383918762207,6582200,MO
2012-08-17,35.369998931884766,35.439998626708984,35.16999816894531,35.40999984741211,14.911595344543457,7334900,MO
2012-08-20,35.38999938964844,35.439998626708984,35.130001068115234,35.18000030517578,14.814738273620605,10881900,MO
2012-08-21,35.18000030517578,35.2400016784668,34.31999969482422,34.41999816894531,14.494691848754883,12719700,MO
2012-08-22,34.189998626708984,34.400001525878906,33.810001373291016,33.91999816894531,14.284138679504395,15412300,MO
2012-08-23,33.93000030517578,34.040000915527344,33.45000076293945,33.45000076293945,14.08621597290039,13400500,MO
2012-08-24,33.380001068115234,34.13999938964844,33.02000045776367,34.08000183105469,14.351516723632812,14176900,MO
2012-08-27,34.22999954223633,34.369998931884766,34.11000061035156,34.2599983215332,14.427313804626465,8893200,MO
2012-08-28,34.31999969482422,34.650001525878906,34.209999084472656,34.5099983215332,14.532591819763184,7799200,MO
2012-08-29,34.630001068115234,34.7599983215332,34.529998779296875,34.59000015258789,14.566278457641602,7560700,MO
2012-08-30,34.529998779296875,34.619998931884766,34.34000015258789,34.439998626708984,14.50311279296875,29284600,MO
2012-08-31,34.5099983215332,34.58000183105469,33.91999816894531,33.959999084472656,14.300978660583496,39110300,MO
2012-09-04,34.02000045776367,34.47999954223633,34.0099983215332,34.400001525878906,14.48627758026123,34717700,MO
2012-09-05,34.349998474121094,34.529998779296875,34.220001220703125,34.25,14.423105239868164,9460900,MO
2012-09-06,34.40999984741211,34.650001525878906,34.31999969482422,34.59000015258789,14.566278457641602,9295900,MO
2012-09-07,34.59000015258789,34.63999938964844,34.18000030517578,34.27000045776367,14.431528091430664,10625700,MO
2012-09-10,34.25,34.540000915527344,34.2400016784668,34.45000076293945,14.507333755493164,9983400,MO
2012-09-11,34.459999084472656,34.59000015258789,34.349998474121094,34.38999938964844,14.482059478759766,10200500,MO
2012-09-12,34.130001068115234,34.130001068115234,33.279998779296875,33.29999923706055,14.204787254333496,12511800,MO
2012-09-13,33.29999923706055,33.83000183105469,33.290000915527344,33.810001373291016,14.422344207763672,10700900,MO
2012-09-14,33.880001068115234,33.880001068115234,32.720001220703125,32.939998626708984,14.05122184753418,21398900,MO
2012-09-17,32.810001373291016,33.27000045776367,32.810001373291016,33.209999084472656,14.16639518737793,16074600,MO
2012-09-18,33.20000076293945,33.41999816894531,33.11000061035156,33.290000915527344,14.200523376464844,7578300,MO
2012-09-19,33.310001373291016,33.33000183105469,33.099998474121094,33.150001525878906,14.140803337097168,9643600,MO
2012-09-20,33.150001525878906,33.65999984741211,33.11000061035156,33.61000061035156,14.337021827697754,9116400,MO
2012-09-21,33.880001068115234,34.150001525878906,33.65999984741211,34.060001373291016,14.528982162475586,18029800,MO
2012-09-24,34.029998779296875,34.31999969482422,34.0,34.209999084472656,14.5929594039917,9459200,MO
2012-09-25,34.31999969482422,34.540000915527344,34.0099983215332,34.0099983215332,14.507657051086426,10089000,MO
2012-09-26,34.040000915527344,34.279998779296875,34.0099983215332,34.16999816894531,14.575905799865723,8041900,MO
2012-09-27,34.22999954223633,34.2400016784668,33.720001220703125,33.900001525878906,14.460729598999023,10793700,MO
2012-09-28,33.79999923706055,33.869998931884766,33.22999954223633,33.38999938964844,14.243180274963379,20100600,MO
2012-10-01,33.380001068115234,33.90999984741211,33.369998931884766,33.63999938964844,14.349821090698242,9837300,MO
2012-10-02,33.779998779296875,33.970001220703125,33.5099983215332,33.72999954223633,14.388211250305176,8232700,MO
2012-10-03,33.83000183105469,34.13999938964844,33.7400016784668,34.04999923706055,14.5247220993042,9163000,MO
2012-10-04,34.06999969482422,34.25,33.93000030517578,34.0,14.503382682800293,11831500,MO
2012-10-05,34.119998931884766,34.189998626708984,33.88999938964844,34.0,14.503382682800293,9632400,MO
2012-10-08,33.959999084472656,34.02000045776367,33.81999969482422,33.97999954223633,14.494856834411621,5366200,MO
2012-10-09,33.91999816894531,34.0099983215332,33.369998931884766,33.52000045776367,14.29863452911377,14303500,MO
2012-10-10,33.619998931884766,33.75,33.279998779296875,33.34000015258789,14.221855163574219,9448900,MO
2012-10-11,33.470001220703125,33.5,32.5,32.709999084472656,13.95311164855957,27567600,MO
2012-10-12,32.72999954223633,33.220001220703125,32.720001220703125,33.119998931884766,14.128003120422363,12592500,MO
2012-10-15,33.11000061035156,33.189998626708984,32.84000015258789,33.16999816894531,14.149333953857422,7105600,MO
2012-10-16,33.27000045776367,33.349998474121094,33.040000915527344,33.2599983215332,14.187725067138672,6753700,MO
2012-10-17,33.40999984741211,33.59000015258789,33.279998779296875,33.5,14.2901029586792,7578000,MO
2012-10-18,33.33000183105469,33.40999984741211,33.04999923706055,33.09000015258789,14.115206718444824,7456900,MO
2012-10-19,33.11000061035156,33.150001525878906,32.599998474121094,32.630001068115234,13.918983459472656,10267000,MO
2012-10-22,32.650001525878906,32.95000076293945,32.56999969482422,32.91999816894531,14.042692184448242,7498900,MO
2012-10-23,32.709999084472656,32.79999923706055,32.06999969482422,32.349998474121094,13.799546241760254,10755600,MO
2012-10-24,32.34000015258789,32.45000076293945,31.829999923706055,32.130001068115234,13.705699920654297,11844200,MO
2012-10-25,32.38999938964844,32.4900016784668,32.0099983215332,32.099998474121094,13.692901611328125,9462200,MO
2012-10-26,32.15999984741211,32.15999984741211,31.579999923706055,31.760000228881836,13.547871589660645,11329900,MO
2012-10-31,31.790000915527344,32.13999938964844,31.760000228881836,31.799999237060547,13.564931869506836,9793500,MO
2012-11-01,31.850000381469727,32.20000076293945,31.850000381469727,31.969999313354492,13.637446403503418,7846100,MO
2012-11-02,32.15999984741211,32.2400016784668,31.690000534057617,31.700000762939453,13.522284507751465,8234400,MO
2012-11-05,31.700000762939453,31.940000534057617,31.510000228881836,31.8799991607666,13.599056243896484,8290700,MO
2012-11-06,31.950000762939453,32.27000045776367,31.899999618530273,31.940000534057617,13.624652862548828,9980300,MO
2012-11-07,31.81999969482422,31.920000076293945,31.34000015258789,31.399999618530273,13.394307136535645,12907700,MO
2012-11-08,31.360000610351562,31.600000381469727,31.1200008392334,31.280000686645508,13.343117713928223,9260300,MO
2012-11-09,31.139999389648438,31.649999618530273,30.81999969482422,31.479999542236328,13.428433418273926,13024700,MO
2012-11-12,31.43000030517578,31.56999969482422,31.020000457763672,31.100000381469727,13.266332626342773,8411300,MO
2012-11-13,31.010000228881836,31.56999969482422,31.010000228881836,31.18000030517578,13.300463676452637,8661900,MO
2012-11-14,31.239999771118164,31.3799991607666,30.690000534057617,30.790000915527344,13.134100914001465,11443400,MO
2012-11-15,30.309999465942383,30.59000015258789,30.010000228881836,30.489999771118164,13.006126403808594,15418000,MO
2012-11-16,30.469999313354492,31.309999465942383,30.43000030517578,31.239999771118164,13.326053619384766,13026900,MO
2012-11-19,31.579999923706055,32.56999969482422,31.549999237060547,32.560001373291016,13.889124870300293,17136500,MO
2012-11-20,32.619998931884766,32.880001068115234,32.380001068115234,32.849998474121094,14.012825965881348,10176200,MO
2012-11-21,32.90999984741211,32.91999816894531,32.709999084472656,32.86000061035156,14.01710033416748,7119800,MO
2012-11-23,32.9900016784668,33.47999954223633,32.900001525878906,33.47999954223633,14.281569480895996,4862900,MO
2012-11-26,33.2599983215332,33.36000061035156,33.11000061035156,33.209999084472656,14.16639518737793,6806500,MO
2012-11-27,33.27000045776367,33.40999984741211,33.099998474121094,33.150001525878906,14.140803337097168,7092200,MO
2012-11-28,33.040000915527344,33.439998626708984,32.97999954223633,33.40999984741211,14.251708030700684,8028400,MO
2012-11-29,33.560001373291016,33.75,33.470001220703125,33.56999969482422,14.319962501525879,8887100,MO
2012-11-30,33.68000030517578,33.93000030517578,33.4900016784668,33.810001373291016,14.422344207763672,18757700,MO
2012-12-03,33.93000030517578,33.970001220703125,33.619998931884766,33.65999984741211,14.358354568481445,7043700,MO
2012-12-04,33.58000183105469,33.720001220703125,33.2400016784668,33.4900016784668,14.285837173461914,8491900,MO
2012-12-05,33.5,33.58000183105469,33.22999954223633,33.29999923706055,14.204787254333496,11246000,MO
2012-12-06,33.33000183105469,33.47999954223633,33.099998474121094,33.18000030517578,14.153596878051758,9304000,MO
2012-12-07,33.189998626708984,33.47999954223633,33.13999938964844,33.470001220703125,14.277303695678711,8021800,MO
2012-12-10,33.47999954223633,33.59000015258789,33.349998474121094,33.41999816894531,14.255979537963867,9390100,MO
2012-12-11,33.5,33.59000015258789,32.84000015258789,32.959999084472656,14.059758186340332,12593400,MO
2012-12-12,33.09000015258789,33.470001220703125,32.880001068115234,33.25,14.18346118927002,12580400,MO
2012-12-13,33.2599983215332,33.369998931884766,33.09000015258789,33.2599983215332,14.187725067138672,10812600,MO
2012-12-14,33.209999084472656,33.290000915527344,33.029998779296875,33.15999984741211,14.145069122314453,6854600,MO
2012-12-17,33.2599983215332,33.33000183105469,32.900001525878906,32.9900016784668,14.072555541992188,10635000,MO
2012-12-18,32.970001220703125,33.0,32.25,32.59000015258789,13.901923179626465,22935400,MO
2012-12-19,32.84000015258789,32.88999938964844,32.349998474121094,32.38999938964844,13.816609382629395,12820100,MO
2012-12-20,32.380001068115234,32.66999816894531,32.310001373291016,32.65999984741211,13.931782722473145,9498700,MO
2012-12-21,32.11000061035156,32.20000076293945,31.399999618530273,31.850000381469727,13.77180004119873,20445200,MO
2012-12-24,31.809999465942383,31.850000381469727,31.5,31.65999984741211,13.689645767211914,4567200,MO
2012-12-26,31.639999389648438,31.68000030517578,31.209999084472656,31.31999969482422,13.542621612548828,8007000,MO
2012-12-27,31.309999465942383,31.489999771118164,31.049999237060547,31.399999618530273,13.57722282409668,9481400,MO
2012-12-28,31.18000030517578,31.420000076293945,31.079999923706055,31.09000015258789,13.443178176879883,9574700,MO
2012-12-31,31.020000457763672,31.440000534057617,30.940000534057617,31.440000534057617,13.594515800476074,9623600,MO
2013-01-02,32.119998931884766,32.540000915527344,31.979999542236328,32.540000915527344,14.070157051086426,13536600,MO
2013-01-03,32.59000015258789,32.70000076293945,32.40999984741211,32.560001373291016,14.078798294067383,11243400,MO
2013-01-04,32.56999969482422,32.68000030517578,32.459999084472656,32.540000915527344,14.070157051086426,7117400,MO
2013-01-07,32.4900016784668,32.779998779296875,32.38999938964844,32.459999084472656,14.035561561584473,7399000,MO
2013-01-08,32.400001525878906,32.459999084472656,32.029998779296875,32.13999938964844,13.897194862365723,8112400,MO
2013-01-09,32.2400016784668,32.2599983215332,31.850000381469727,31.899999618530273,13.793420791625977,10680600,MO
2013-01-10,32.59000015258789,32.79999923706055,32.33000183105469,32.70000076293945,14.139330863952637,14451500,MO
2013-01-11,32.75,33.029998779296875,32.70000076293945,32.93000030517578,14.238784790039062,7403500,MO
2013-01-14,32.97999954223633,33.20000076293945,32.95000076293945,32.9900016784668,14.264732360839844,11788800,MO
2013-01-15,32.86000061035156,32.9900016784668,32.779998779296875,32.779998779296875,14.173927307128906,7462300,MO
2013-01-16,32.720001220703125,32.869998931884766,32.650001525878906,32.779998779296875,14.173927307128906,6604100,MO
2013-01-17,32.93000030517578,33.099998474121094,32.7400016784668,32.9900016784668,14.264732360839844,7290300,MO
2013-01-18,32.95000076293945,33.31999969482422,32.939998626708984,33.27000045776367,14.385802268981934,11702700,MO
2013-01-22,33.2400016784668,33.27000045776367,32.959999084472656,33.150001525878906,14.333910942077637,9987900,MO
2013-01-23,33.09000015258789,33.09000015258789,32.79999923706055,33.0099983215332,14.27337646484375,8699500,MO
2013-01-24,33.18000030517578,33.5099983215332,33.16999816894531,33.40999984741211,14.446332931518555,7550700,MO
2013-01-25,33.459999084472656,33.540000915527344,33.279998779296875,33.45000076293945,14.463631629943848,7096500,MO
2013-01-28,33.4900016784668,33.790000915527344,33.310001373291016,33.70000076293945,14.571728706359863,8044300,MO
2013-01-29,33.66999816894531,33.84000015258789,33.650001525878906,33.70000076293945,14.571728706359863,9526500,MO
2013-01-30,33.65999984741211,33.880001068115234,33.599998474121094,33.70000076293945,14.571728706359863,8032600,MO
2013-01-31,33.83000183105469,33.91999816894531,33.63999938964844,33.68000030517578,14.563081741333008,9388400,MO
2013-02-01,33.93000030517578,34.25,33.90999984741211,34.20000076293945,14.787925720214844,8007000,MO
2013-02-04,34.04999923706055,34.08000183105469,33.689998626708984,33.88999938964844,14.653883934020996,8392200,MO
2013-02-05,33.959999084472656,34.2400016784668,33.959999084472656,34.18000030517578,14.779274940490723,6927800,MO
2013-02-06,34.06999969482422,34.20000076293945,34.0099983215332,34.119998931884766,14.753334045410156,6563100,MO
2013-02-07,34.130001068115234,34.650001525878906,34.08000183105469,34.61000061035156,14.965208053588867,10037100,MO
2013-02-08,34.619998931884766,34.880001068115234,34.560001373291016,34.689998626708984,14.999801635742188,8585200,MO
2013-02-11,34.7400016784668,34.79999923706055,34.65999984741211,34.75,15.025744438171387,4621500,MO
2013-02-12,34.70000076293945,34.84000015258789,34.540000915527344,34.65999984741211,14.986832618713379,8774500,MO
2013-02-13,34.65999984741211,34.790000915527344,34.61000061035156,34.779998779296875,15.038717269897461,6081100,MO
2013-02-14,34.779998779296875,34.79999923706055,34.060001373291016,34.11000061035156,14.74901294708252,11858900,MO
2013-02-15,34.150001525878906,34.52000045776367,34.150001525878906,34.380001068115234,14.865757942199707,8895800,MO
2013-02-19,34.5,34.779998779296875,34.439998626708984,34.77000045776367,15.034393310546875,7193100,MO
2013-02-20,34.72999954223633,35.099998474121094,34.709999084472656,34.88999938964844,15.086283683776855,7371000,MO
2013-02-21,34.93000030517578,35.2400016784668,34.619998931884766,35.20000076293945,15.22032642364502,9672300,MO
2013-02-22,35.13999938964844,35.31999969482422,34.91999816894531,35.31999969482422,15.272208213806152,9012500,MO
2013-02-25,35.439998626708984,35.470001220703125,34.630001068115234,34.650001525878906,14.982510566711426,9896400,MO
2013-02-26,34.54999923706055,34.689998626708984,34.22999954223633,34.29999923706055,14.831162452697754,11001900,MO
2013-02-27,34.20000076293945,34.22999954223633,33.540000915527344,34.06999969482422,14.731718063354492,18470700,MO
2013-02-28,34.04999923706055,34.06999969482422,33.54999923706055,33.54999923706055,14.506865501403809,18623900,MO
2013-03-01,33.529998779296875,33.720001220703125,33.43000030517578,33.4900016784668,14.480928421020508,15542000,MO
2013-03-04,33.5099983215332,34.09000015258789,33.5099983215332,33.93000030517578,14.671184539794922,12799700,MO
2013-03-05,34.099998474121094,34.29999923706055,34.02000045776367,34.2400016784668,14.80522346496582,16322600,MO
2013-03-06,34.310001373291016,34.34000015258789,34.0099983215332,34.130001068115234,14.757659912109375,6422700,MO
2013-03-07,34.209999084472656,34.22999954223633,33.83000183105469,33.959999084472656,14.684151649475098,7735300,MO
2013-03-08,33.970001220703125,34.08000183105469,33.790000915527344,34.0,14.701440811157227,28971400,MO
2013-03-11,34.02000045776367,34.29999923706055,34.0,34.2599983215332,14.813867568969727,37694000,MO
2013-03-12,34.27000045776367,34.38999938964844,34.13999938964844,34.15999984741211,14.770628929138184,44736100,MO
2013-03-13,33.93000030517578,33.93000030517578,33.689998626708984,33.93000030517578,14.862622261047363,9436600,MO
2013-03-14,33.91999816894531,34.0099983215332,33.63999938964844,33.79999923706055,14.805671691894531,9324100,MO
2013-03-15,33.650001525878906,33.7400016784668,33.52000045776367,33.68000030517578,14.753108978271484,12641600,MO
2013-03-18,33.4900016784668,33.619998931884766,33.34000015258789,33.470001220703125,14.661123275756836,6149100,MO
2013-03-19,33.5,33.72999954223633,33.5,33.689998626708984,14.757489204406738,8690400,MO
2013-03-20,33.72999954223633,34.16999816894531,33.70000076293945,34.040000915527344,14.91080379486084,9647900,MO
2013-03-21,33.939998626708984,33.9900016784668,33.75,33.86000061035156,14.83195972442627,6360300,MO
2013-03-22,33.91999816894531,34.04999923706055,33.81999969482422,33.90999984741211,14.85385799407959,6318000,MO
2013-03-25,33.959999084472656,34.099998474121094,33.810001373291016,33.880001068115234,14.840718269348145,5629000,MO
2013-03-26,34.040000915527344,34.36000061035156,33.959999084472656,34.36000061035156,15.050975799560547,6924800,MO
2013-03-27,34.18000030517578,34.540000915527344,34.150001525878906,34.40999984741211,15.0728759765625,5812800,MO
2013-03-28,34.349998474121094,34.5099983215332,34.220001220703125,34.38999938964844,15.064114570617676,9147700,MO
2013-04-01,34.189998626708984,34.439998626708984,34.08000183105469,34.29999923706055,15.024687767028809,6069000,MO
2013-04-02,34.4900016784668,35.20000076293945,34.459999084472656,35.20000076293945,15.418923377990723,11025500,MO
2013-04-03,35.209999084472656,35.25,34.75,34.81999969482422,15.252467155456543,9839200,MO
2013-04-04,34.93000030517578,35.18000030517578,34.81999969482422,35.15999984741211,15.401406288146973,6199800,MO
2013-04-05,34.95000076293945,35.04999923706055,34.61000061035156,34.84000015258789,15.26123046875,6812600,MO
2013-04-08,34.88999938964844,35.2599983215332,34.79999923706055,35.2599983215332,15.445212364196777,6196200,MO
2013-04-09,35.36000061035156,35.61000061035156,35.2599983215332,35.47999954223633,15.541576385498047,8718500,MO
2013-04-10,35.65999984741211,35.720001220703125,35.459999084472656,35.65999984741211,15.620423316955566,9745600,MO
2013-04-11,35.61000061035156,35.810001373291016,35.459999084472656,35.619998931884766,15.602903366088867,8062800,MO
2013-04-12,35.52000045776367,35.939998626708984,35.5,35.90999984741211,15.729928016662598,6294100,MO
2013-04-15,35.7599983215332,35.7599983215332,34.709999084472656,34.810001373291016,15.248092651367188,12494700,MO
2013-04-16,35.029998779296875,35.70000076293945,34.95000076293945,35.380001068115234,15.497772216796875,8473700,MO
2013-04-17,35.209999084472656,35.29999923706055,35.04999923706055,35.13999938964844,15.392644882202148,8865900,MO
2013-04-18,35.040000915527344,35.099998474121094,34.45000076293945,34.68000030517578,15.191147804260254,10084500,MO
2013-04-19,34.810001373291016,35.209999084472656,34.720001220703125,35.02000045776367,15.34008502960205,9175300,MO
2013-04-22,35.060001373291016,35.34000015258789,34.95000076293945,35.279998779296875,15.453965187072754,4586200,MO
2013-04-23,35.41999816894531,35.630001068115234,35.02000045776367,35.529998779296875,15.563474655151367,9679100,MO
2013-04-24,35.41999816894531,35.79999923706055,35.40999984741211,35.529998779296875,15.563474655151367,13139300,MO
2013-04-25,35.68000030517578,35.959999084472656,35.54999923706055,35.939998626708984,15.743071556091309,9661400,MO
2013-04-26,35.88999938964844,36.119998931884766,35.58000183105469,36.06999969482422,15.800016403198242,6614800,MO
2013-04-29,36.11000061035156,36.61000061035156,36.0,36.61000061035156,16.036561965942383,8970900,MO
2013-04-30,36.560001373291016,36.59000015258789,36.279998779296875,36.5099983215332,15.992751121520996,12343500,MO
2013-05-01,36.5099983215332,36.900001525878906,36.279998779296875,36.31999969482422,15.909529685974121,8773700,MO
2013-05-02,36.36000061035156,36.83000183105469,36.31999969482422,36.650001525878906,16.054080963134766,6632900,MO
2013-05-03,36.84000015258789,36.849998474121094,36.470001220703125,36.5099983215332,15.992751121520996,7523200,MO
2013-05-06,36.47999954223633,36.4900016784668,36.0099983215332,36.08000183105469,15.804400444030762,8160900,MO
2013-05-07,36.20000076293945,36.59000015258789,36.150001525878906,36.470001220703125,15.975235939025879,12420800,MO
2013-05-08,36.5099983215332,36.619998931884766,36.40999984741211,36.52000045776367,15.99713134765625,5625300,MO
2013-05-09,36.540000915527344,36.630001068115234,36.209999084472656,36.349998474121094,15.92266845703125,7233800,MO
2013-05-10,36.29999923706055,36.72999954223633,36.29999923706055,36.68000030517578,16.06722640991211,5890400,MO
2013-05-13,36.619998931884766,37.060001373291016,36.529998779296875,36.91999816894531,16.172348022460938,7222100,MO
2013-05-14,36.91999816894531,37.13999938964844,36.849998474121094,37.060001373291016,16.23367691040039,9437300,MO
2013-05-15,37.0,37.61000061035156,36.9900016784668,37.459999084472656,16.408891677856445,8644400,MO
2013-05-16,37.36000061035156,37.540000915527344,37.150001525878906,37.18000030517578,16.286245346069336,5635800,MO
2013-05-17,37.099998474121094,37.4900016784668,37.099998474121094,37.439998626708984,16.400131225585938,7442000,MO
2013-05-20,37.40999984741211,37.529998779296875,37.220001220703125,37.34000015258789,16.356332778930664,9080700,MO
2013-05-21,37.349998474121094,37.40999984741211,36.86000061035156,36.91999816894531,16.172348022460938,9408300,MO
2013-05-22,36.88999938964844,37.41999816894531,36.79999923706055,36.900001525878906,16.163589477539062,7392700,MO
2013-05-23,36.619998931884766,36.97999954223633,36.5099983215332,36.86000061035156,16.146066665649414,8457700,MO
2013-05-24,36.72999954223633,37.11000061035156,36.52000045776367,37.09000015258789,16.24681854248047,6630200,MO
2013-05-28,37.36000061035156,37.529998779296875,36.86000061035156,37.06999969482422,16.23805809020996,6586000,MO
2013-05-29,36.869998931884766,36.9900016784668,36.25,36.439998626708984,15.962093353271484,8873500,MO
2013-05-30,36.5,36.63999938964844,36.369998931884766,36.43000030517578,15.957714080810547,5909000,MO
2013-05-31,36.290000915527344,36.599998474121094,36.06999969482422,36.099998474121094,15.813161849975586,9800300,MO
2013-06-03,36.060001373291016,36.5,35.619998931884766,36.459999084472656,15.970852851867676,9835400,MO
2013-06-04,36.459999084472656,36.599998474121094,36.11000061035156,36.209999084472656,15.861335754394531,7378300,MO
2013-06-05,36.029998779296875,36.20000076293945,35.61000061035156,35.709999084472656,15.642328262329102,8526400,MO
2013-06-06,35.599998474121094,35.810001373291016,35.209999084472656,35.810001373291016,15.68613338470459,10976300,MO
2013-06-07,35.9900016784668,36.189998626708984,35.65999984741211,36.150001525878906,15.835062980651855,26081400,MO
2013-06-10,36.310001373291016,36.4900016784668,36.150001525878906,36.22999954223633,15.870104789733887,25361900,MO
2013-06-11,36.09000015258789,36.5,35.970001220703125,36.15999984741211,15.839442253112793,27180200,MO
2013-06-12,36.060001373291016,36.08000183105469,35.58000183105469,35.599998474121094,15.786230087280273,8821800,MO
2013-06-13,35.56999969482422,35.9900016784668,35.47999954223633,35.7599983215332,15.857183456420898,7440500,MO
2013-06-14,35.7400016784668,35.95000076293945,35.52000045776367,35.58000183105469,15.777368545532227,7642500,MO
2013-06-17,35.70000076293945,35.959999084472656,35.619998931884766,35.790000915527344,15.87048625946045,8517500,MO
2013-06-18,35.84000015258789,36.20000076293945,35.84000015258789,36.150001525878906,16.030120849609375,7505700,MO
2013-06-19,36.119998931884766,36.25,35.189998626708984,35.189998626708984,15.604423522949219,8859200,MO
2013-06-20,35.130001068115234,35.22999954223633,34.25,34.34000015258789,15.227505683898926,13214200,MO
2013-06-21,34.65999984741211,35.130001068115234,34.61000061035156,34.93000030517578,15.4891357421875,11237500,MO
2013-06-24,34.599998474121094,35.04999923706055,34.400001525878906,34.630001068115234,15.356099128723145,9759900,MO
2013-06-25,34.84000015258789,35.41999816894531,34.77000045776367,34.93000030517578,15.4891357421875,21031800,MO
2013-06-26,35.18000030517578,35.470001220703125,35.0099983215332,35.27000045776367,15.639899253845215,7389100,MO
2013-06-27,35.529998779296875,35.77000045776367,35.38999938964844,35.45000076293945,15.719718933105469,6334000,MO
2013-06-28,35.40999984741211,35.68000030517578,34.959999084472656,34.9900016784668,15.515734672546387,13324600,MO
2013-07-01,35.220001220703125,35.66999816894531,35.130001068115234,35.380001068115234,15.688676834106445,7723000,MO
2013-07-02,35.290000915527344,35.66999816894531,35.20000076293945,35.459999084472656,15.724149703979492,5418900,MO
2013-07-03,35.36000061035156,35.5,35.16999816894531,35.4900016784668,15.73745346069336,5787800,MO
2013-07-05,35.630001068115234,35.75,35.11000061035156,35.4900016784668,15.73745346069336,4465900,MO
2013-07-08,35.689998626708984,36.16999816894531,35.650001525878906,36.040000915527344,15.981345176696777,5837100,MO
2013-07-09,36.220001220703125,36.45000076293945,36.11000061035156,36.27000045776367,16.08332633972168,12222100,MO
2013-07-10,36.31999969482422,36.790000915527344,36.27000045776367,36.5,16.185325622558594,9699600,MO
2013-07-11,36.88999938964844,37.09000015258789,36.79999923706055,36.86000061035156,16.344955444335938,8344900,MO
2013-07-12,36.95000076293945,37.0,36.70000076293945,36.91999816894531,16.371559143066406,4813000,MO
2013-07-15,36.900001525878906,37.06999969482422,36.79999923706055,37.04999923706055,16.42921257019043,4944000,MO
2013-07-16,36.97999954223633,37.45000076293945,36.93000030517578,37.22999954223633,16.509023666381836,6867100,MO
2013-07-17,37.369998931884766,37.47999954223633,37.0,37.02000045776367,16.415908813476562,5656000,MO
2013-07-18,36.900001525878906,37.31999969482422,36.83000183105469,37.0,16.40703582763672,5723500,MO
2013-07-19,37.029998779296875,37.349998474121094,36.90999984741211,37.150001525878906,16.473556518554688,8942500,MO
2013-07-22,37.09000015258789,37.130001068115234,36.7400016784668,36.880001068115234,16.35382652282715,7158200,MO
2013-07-23,37.0099983215332,37.0099983215332,35.72999954223633,35.9900016784668,15.95916748046875,13156500,MO
2013-07-24,36.02000045776367,36.02000045776367,35.45000076293945,35.56999969482422,15.772926330566406,10429400,MO
2013-07-25,35.5099983215332,35.9900016784668,35.459999084472656,35.90999984741211,15.923694610595703,8869700,MO
2013-07-26,35.79999923706055,35.900001525878906,35.15999984741211,35.900001525878906,15.919265747070312,10285200,MO
2013-07-29,35.83000183105469,35.880001068115234,35.5099983215332,35.66999816894531,15.817270278930664,5308200,MO
2013-07-30,35.77000045776367,35.84000015258789,35.47999954223633,35.560001373291016,15.76849365234375,5899700,MO
2013-07-31,35.54999923706055,35.630001068115234,35.0099983215332,35.060001373291016,15.546781539916992,11318400,MO
2013-08-01,35.27000045776367,35.630001068115234,35.040000915527344,35.540000915527344,15.759628295898438,8002100,MO
2013-08-02,35.52000045776367,35.68000030517578,35.279998779296875,35.68000030517578,15.82170295715332,10508500,MO
2013-08-05,35.61000061035156,35.66999816894531,35.439998626708984,35.61000061035156,15.790663719177246,3757700,MO
2013-08-06,35.54999923706055,35.58000183105469,35.15999984741211,35.400001525878906,15.697545051574707,8078100,MO
2013-08-07,35.36000061035156,35.369998931884766,35.08000183105469,35.20000076293945,15.608857154846191,6278600,MO
2013-08-08,35.349998474121094,35.689998626708984,35.29999923706055,35.56999969482422,15.772926330566406,6804900,MO
2013-08-09,35.58000183105469,35.599998474121094,35.2599983215332,35.369998931884766,15.684240341186523,5358300,MO
2013-08-12,35.25,35.279998779296875,35.04999923706055,35.15999984741211,15.591119766235352,4884300,MO
2013-08-13,35.16999816894531,35.27000045776367,35.0099983215332,35.220001220703125,15.617729187011719,5919700,MO
2013-08-14,35.22999954223633,35.25,34.810001373291016,35.060001373291016,15.546781539916992,5871900,MO
2013-08-15,34.779998779296875,34.93000030517578,34.5,34.56999969482422,15.32949447631836,15144400,MO
2013-08-16,34.5099983215332,34.630001068115234,34.25,34.290000915527344,15.205334663391113,8364900,MO
2013-08-19,34.279998779296875,34.29999923706055,33.849998474121094,33.93000030517578,15.045698165893555,7832300,MO
2013-08-20,33.970001220703125,34.04999923706055,33.75,33.77000045776367,14.974751472473145,15309100,MO
2013-08-21,33.7400016784668,33.77000045776367,33.369998931884766,33.459999084472656,14.837281227111816,8032700,MO
2013-08-22,33.470001220703125,33.63999938964844,33.119998931884766,33.560001373291016,14.88162612915039,8182900,MO
2013-08-23,33.52000045776367,34.310001373291016,33.52000045776367,34.279998779296875,15.200898170471191,11116400,MO
2013-08-26,34.369998931884766,34.38999938964844,34.0,34.04999923706055,15.098904609680176,7718000,MO
2013-08-27,33.810001373291016,34.22999954223633,33.7599983215332,33.9900016784668,15.072301864624023,9829300,MO
2013-08-28,33.900001525878906,33.900001525878906,33.56999969482422,33.599998474121094,14.899362564086914,8993200,MO
2013-08-29,33.599998474121094,34.13999938964844,33.540000915527344,33.939998626708984,15.050132751464844,6663000,MO
2013-08-30,33.9900016784668,34.0099983215332,33.720001220703125,33.880001068115234,15.02352523803711,6365200,MO
2013-09-03,34.06999969482422,34.25,33.720001220703125,33.83000183105469,15.001358032226562,7422100,MO
2013-09-04,33.77000045776367,34.2400016784668,33.720001220703125,34.16999816894531,15.152119636535645,6396000,MO
2013-09-05,34.22999954223633,34.310001373291016,34.130001068115234,34.25,15.18759536743164,7054100,MO
2013-09-06,34.36000061035156,34.560001373291016,34.130001068115234,34.400001525878906,15.254114151000977,23039300,MO
2013-09-09,34.45000076293945,34.59000015258789,34.349998474121094,34.59000015258789,15.33836555480957,22729400,MO
2013-09-10,34.66999816894531,35.0,34.59000015258789,34.97999954223633,15.511297225952148,26034300,MO
2013-09-11,35.0099983215332,35.41999816894531,34.93000030517578,35.40999984741211,15.701981544494629,12966100,MO
2013-09-12,34.97999954223633,35.02000045776367,34.470001220703125,34.540000915527344,15.526662826538086,10309700,MO
2013-09-13,34.650001525878906,34.95000076293945,34.619998931884766,34.84000015258789,15.661523818969727,5669100,MO
2013-09-16,35.189998626708984,35.400001525878906,35.029998779296875,35.130001068115234,15.791885375976562,5652800,MO
2013-09-17,35.189998626708984,35.5099983215332,35.11000061035156,35.36000061035156,15.895273208618164,9775000,MO
2013-09-18,35.369998931884766,35.86000061035156,35.18000030517578,35.790000915527344,16.088571548461914,6623300,MO
2013-09-19,35.81999969482422,36.0,35.709999084472656,35.79999923706055,16.09307098388672,5296700,MO
2013-09-20,35.849998474121094,35.90999984741211,35.5,35.54999923706055,15.980684280395508,7789400,MO
2013-09-23,35.38999938964844,35.439998626708984,35.20000076293945,35.25,15.845829963684082,6586400,MO
2013-09-24,35.22999954223633,35.25,34.97999954223633,35.08000183105469,15.76940631866455,6366700,MO
2013-09-25,35.099998474121094,35.16999816894531,34.709999084472656,34.790000915527344,15.63904857635498,10012400,MO
2013-09-26,34.79999923706055,35.0,34.7599983215332,35.0,15.733445167541504,5099100,MO
2013-09-27,34.81999969482422,34.900001525878906,34.529998779296875,34.709999084472656,15.6030855178833,7879800,MO
2013-09-30,34.5,34.540000915527344,34.27000045776367,34.349998474121094,15.441251754760742,7525300,MO
2013-10-01,34.27000045776367,34.7599983215332,34.22999954223633,34.709999084472656,15.6030855178833,6986900,MO
2013-10-02,34.59000015258789,34.7599983215332,34.400001525878906,34.75,15.621061325073242,5794600,MO
2013-10-03,34.63999938964844,34.880001068115234,34.5,34.70000076293945,15.598583221435547,5798500,MO
2013-10-04,34.70000076293945,34.86000061035156,34.52000045776367,34.650001525878906,15.57611083984375,4019300,MO
2013-10-07,34.470001220703125,34.9900016784668,34.43000030517578,34.75,15.621061325073242,6399200,MO
2013-10-08,34.790000915527344,34.91999816894531,34.619998931884766,34.68000030517578,15.589595794677734,7015900,MO
2013-10-09,34.77000045776367,34.900001525878906,34.40999984741211,34.45000076293945,15.486210823059082,7195800,MO
2013-10-10,35.060001373291016,35.47999954223633,34.939998626708984,35.47999954223633,15.949220657348633,8819200,MO
2013-10-11,35.529998779296875,35.650001525878906,35.349998474121094,35.540000915527344,15.976192474365234,6202400,MO
2013-10-14,35.40999984741211,35.810001373291016,35.33000183105469,35.7400016784668,16.066097259521484,4291900,MO
2013-10-15,35.630001068115234,35.65999984741211,35.2599983215332,35.33000183105469,15.881790161132812,6978200,MO
2013-10-16,35.400001525878906,35.70000076293945,35.34000015258789,35.689998626708984,16.043611526489258,6209600,MO
2013-10-17,35.72999954223633,35.95000076293945,35.58000183105469,35.619998931884766,16.01215934753418,8068000,MO
2013-10-18,35.88999938964844,35.9900016784668,35.619998931884766,35.86000061035156,16.120038986206055,7009900,MO
2013-10-21,35.95000076293945,36.02000045776367,35.77000045776367,36.02000045776367,16.191959381103516,5390300,MO
2013-10-22,36.099998474121094,36.47999954223633,35.970001220703125,36.40999984741211,16.367277145385742,7994600,MO
2013-10-23,36.290000915527344,36.540000915527344,36.09000015258789,36.380001068115234,16.353797912597656,6803100,MO
2013-10-24,36.66999816894531,36.75,35.88999938964844,35.959999084472656,16.164993286132812,12125700,MO
2013-10-25,36.099998474121094,36.349998474121094,35.900001525878906,36.25,16.29535484313965,12824300,MO
2013-10-28,36.27000045776367,36.939998626708984,36.27000045776367,36.810001373291016,16.547090530395508,8074300,MO
2013-10-29,36.88999938964844,37.459999084472656,36.849998474121094,37.43000030517578,16.825796127319336,9258100,MO
2013-10-30,37.5,37.5,37.040000915527344,37.060001373291016,16.659467697143555,5630400,MO
2013-10-31,37.040000915527344,37.54999923706055,36.900001525878906,37.22999954223633,16.735885620117188,10181100,MO
2013-11-01,37.25,37.689998626708984,37.150001525878906,37.33000183105469,16.78084373474121,6620300,MO
2013-11-04,37.529998779296875,37.689998626708984,37.27000045776367,37.43000030517578,16.825796127319336,5141800,MO
2013-11-05,37.41999816894531,37.619998931884766,37.2599983215332,37.540000915527344,16.875244140625,4860800,MO
2013-11-06,37.68000030517578,37.88999938964844,37.54999923706055,37.81999969482422,17.001108169555664,4742800,MO
2013-11-07,37.83000183105469,37.869998931884766,37.25,37.5,16.857269287109375,6410000,MO
2013-11-08,37.400001525878906,37.54999923706055,37.02000045776367,37.54999923706055,16.879737854003906,13586400,MO
2013-11-11,37.5,37.599998474121094,37.33000183105469,37.45000076293945,16.83479118347168,4232400,MO
2013-11-12,37.439998626708984,37.47999954223633,37.060001373291016,37.310001373291016,16.771852493286133,7475700,MO
2013-11-13,37.13999938964844,37.59000015258789,37.11000061035156,37.58000183105469,16.89322853088379,5805000,MO
2013-11-14,37.54999923706055,37.93000030517578,37.54999923706055,37.70000076293945,16.947174072265625,6891500,MO
2013-11-15,37.63999938964844,38.0,37.63999938964844,38.0,17.082029342651367,5334200,MO
2013-11-18,38.06999969482422,38.099998474121094,37.810001373291016,38.029998779296875,17.095510482788086,5357200,MO
2013-11-19,37.900001525878906,37.91999816894531,37.68000030517578,37.83000183105469,17.005611419677734,5761400,MO
2013-11-20,37.849998474121094,38.0,37.45000076293945,37.61000061035156,16.906713485717773,6026500,MO
2013-11-21,37.63999938964844,37.63999938964844,36.68000030517578,37.13999938964844,16.695432662963867,12595000,MO
2013-11-22,37.130001068115234,37.279998779296875,36.810001373291016,37.27000045776367,16.753870010375977,6371500,MO
2013-11-25,37.38999938964844,37.43000030517578,37.04999923706055,37.119998931884766,16.686445236206055,4369500,MO
2013-11-26,37.2400016784668,37.25,36.95000076293945,37.0,16.632497787475586,7358600,MO
2013-11-27,37.08000183105469,37.2400016784668,36.90999984741211,37.150001525878906,16.69993019104004,4064400,MO
2013-11-29,37.119998931884766,37.15999984741211,36.91999816894531,36.97999954223633,16.62351417541504,4002100,MO
2013-12-02,37.0099983215332,37.20000076293945,36.880001068115234,36.95000076293945,16.610023498535156,7143500,MO
2013-12-03,36.86000061035156,37.310001373291016,36.86000061035156,37.16999816894531,16.708921432495117,7807400,MO
2013-12-04,37.0,37.33000183105469,36.91999816894531,37.22999954223633,16.735885620117188,7975500,MO
2013-12-05,37.119998931884766,37.220001220703125,36.900001525878906,36.959999084472656,16.614519119262695,7198300,MO
2013-12-06,37.220001220703125,37.459999084472656,37.18000030517578,37.459999084472656,16.839282989501953,6717600,MO
2013-12-09,37.5,37.7400016784668,37.310001373291016,37.689998626708984,16.942676544189453,6813600,MO
2013-12-10,37.58000183105469,37.630001068115234,37.099998474121094,37.31999969482422,16.776350021362305,7750300,MO
2013-12-11,37.36000061035156,37.75,37.29999923706055,37.66999816894531,16.933673858642578,9825300,MO
2013-12-12,37.58000183105469,37.7400016784668,37.099998474121094,37.20000076293945,16.722408294677734,9241400,MO
2013-12-13,37.220001220703125,37.290000915527344,36.84000015258789,37.099998474121094,16.677452087402344,12439700,MO
2013-12-16,37.13999938964844,37.34000015258789,37.06999969482422,37.2400016784668,16.740388870239258,7481400,MO
2013-12-17,37.2400016784668,37.630001068115234,37.150001525878906,37.45000076293945,16.83479118347168,9325400,MO
2013-12-18,37.560001373291016,38.16999816894531,37.189998626708984,38.15999984741211,17.153949737548828,12910600,MO
2013-12-19,38.04999923706055,38.25,37.900001525878906,38.220001220703125,17.180923461914062,8964200,MO
2013-12-20,38.33000183105469,38.58000183105469,38.15999984741211,38.56999969482422,17.338253021240234,16852000,MO
2013-12-23,38.209999084472656,38.29999923706055,37.849998474121094,38.13999938964844,17.36101722717285,13530200,MO
2013-12-24,38.209999084472656,38.439998626708984,38.04999923706055,38.08000183105469,17.333707809448242,10126100,MO
2013-12-26,38.09000015258789,38.29999923706055,38.08000183105469,38.25,17.411088943481445,5246000,MO
2013-12-27,38.36000061035156,38.459999084472656,38.209999084472656,38.310001373291016,17.438404083251953,4269500,MO
2013-12-30,38.36000061035156,38.439998626708984,38.13999938964844,38.36000061035156,17.46116065979004,7086900,MO
2013-12-31,38.31999969482422,38.540000915527344,38.20000076293945,38.38999938964844,17.474809646606445,10342600,MO
2014-01-02,38.27000045776367,38.380001068115234,37.779998779296875,37.900001525878906,17.251771926879883,6324600,MO
2014-01-03,37.970001220703125,38.11000061035156,37.650001525878906,37.720001220703125,17.16983985900879,5361400,MO
2014-01-06,37.77000045776367,37.81999969482422,37.189998626708984,37.279998779296875,16.969552993774414,10717600,MO
2014-01-07,37.459999084472656,37.70000076293945,37.2599983215332,37.279998779296875,16.969552993774414,7042700,MO
2014-01-08,37.27000045776367,37.41999816894531,36.959999084472656,37.130001068115234,16.901281356811523,13396900,MO
2014-01-09,37.13999938964844,37.380001068115234,37.060001373291016,37.25,16.955894470214844,5976000,MO
2014-01-10,37.599998474121094,37.650001525878906,37.150001525878906,37.2599983215332,16.960447311401367,7150200,MO
2014-01-13,37.25,37.29999923706055,37.0,37.09000015258789,16.883068084716797,9797100,MO
2014-01-14,37.119998931884766,37.25,36.7599983215332,36.97999954223633,16.83300018310547,9230900,MO
2014-01-15,36.90999984741211,37.060001373291016,36.77000045776367,36.900001525878906,16.79658317565918,6057300,MO
2014-01-16,36.84000015258789,37.33000183105469,36.81999969482422,37.29999923706055,16.978654861450195,6286200,MO
2014-01-17,37.290000915527344,37.33000183105469,36.90999984741211,37.029998779296875,16.855751037597656,8391300,MO
2014-01-21,37.189998626708984,37.369998931884766,37.0,37.369998931884766,17.010520935058594,10031900,MO
2014-01-22,37.400001525878906,37.630001068115234,37.279998779296875,37.5,17.06969451904297,5495000,MO
2014-01-23,37.36000061035156,37.40999984741211,36.95000076293945,37.369998931884766,17.010520935058594,8265500,MO
2014-01-24,37.150001525878906,37.47999954223633,37.029998779296875,37.29999923706055,16.978654861450195,13593800,MO
2014-01-27,37.31999969482422,37.31999969482422,36.70000076293945,36.83000183105469,16.76471519470215,10823100,MO
2014-01-28,36.880001068115234,36.880001068115234,36.56999969482422,36.849998474121094,16.77381706237793,8115400,MO
2014-01-29,36.68000030517578,36.689998626708984,36.15999984741211,36.43000030517578,16.5826358795166,14367300,MO
2014-01-30,36.2400016784668,36.2400016784668,35.15999984741211,35.349998474121094,16.091028213500977,18659600,MO
2014-01-31,35.0,35.529998779296875,34.33000183105469,35.220001220703125,16.0318603515625,15457100,MO
2014-02-03,35.16999816894531,35.18000030517578,34.08000183105469,34.11000061035156,15.526598930358887,16108500,MO
2014-02-04,34.29999923706055,34.58000183105469,34.150001525878906,34.43000030517578,15.672257423400879,9864000,MO
2014-02-05,34.150001525878906,34.33000183105469,33.79999923706055,34.0,15.476526260375977,15802600,MO
2014-02-06,34.099998474121094,34.7400016784668,34.04999923706055,34.709999084472656,15.799705505371094,18468900,MO
2014-02-07,34.91999816894531,35.34000015258789,34.779998779296875,35.29999923706055,16.068269729614258,11611300,MO
2014-02-10,35.40999984741211,35.5,35.04999923706055,35.189998626708984,16.018207550048828,7507800,MO
2014-02-11,35.099998474121094,35.25,34.779998779296875,35.13999938964844,15.995437622070312,9588800,MO
2014-02-12,35.25,35.2599983215332,34.810001373291016,34.93000030517578,15.899855613708496,10043700,MO
2014-02-13,34.75,35.279998779296875,34.7400016784668,35.279998779296875,16.05916976928711,8231700,MO
2014-02-14,35.18000030517578,35.619998931884766,35.04999923706055,35.56999969482422,16.191173553466797,6584300,MO
2014-02-18,35.54999923706055,35.70000076293945,35.369998931884766,35.459999084472656,16.14109992980957,5701100,MO
2014-02-19,35.400001525878906,35.5,35.099998474121094,35.15999984741211,16.004549026489258,6337400,MO
2014-02-20,35.18000030517578,35.619998931884766,35.11000061035156,35.529998779296875,16.17296600341797,5979400,MO
2014-02-21,35.54999923706055,35.58000183105469,35.27000045776367,35.369998931884766,16.10013771057129,7104400,MO
2014-02-24,35.34000015258789,35.70000076293945,35.279998779296875,35.380001068115234,16.10468864440918,6287400,MO
2014-02-25,35.38999938964844,35.869998931884766,35.380001068115234,35.56999969482422,16.191173553466797,7845200,MO
2014-02-26,35.630001068115234,35.79999923706055,35.400001525878906,35.439998626708984,16.131994247436523,5787400,MO
2014-02-27,35.4900016784668,35.939998626708984,35.47999954223633,35.869998931884766,16.327728271484375,5595500,MO
2014-02-28,35.970001220703125,36.40999984741211,35.970001220703125,36.2599983215332,16.505252838134766,8773100,MO
2014-03-03,36.06999969482422,36.900001525878906,36.0,36.45000076293945,16.59174346923828,12823800,MO
2014-03-04,36.869998931884766,37.33000183105469,36.81999969482422,37.06999969482422,16.87396240234375,11932400,MO
2014-03-05,37.04999923706055,37.29999923706055,36.849998474121094,36.95000076293945,16.819339752197266,7815700,MO
2014-03-06,37.029998779296875,37.029998779296875,36.630001068115234,36.88999938964844,16.792028427124023,10801200,MO
2014-03-07,37.0,37.029998779296875,36.58000183105469,36.810001373291016,16.755613327026367,6629300,MO
2014-03-10,36.810001373291016,36.93000030517578,36.66999816894531,36.86000061035156,16.778371810913086,5162900,MO
2014-03-11,37.0,37.150001525878906,36.65999984741211,36.7599983215332,16.732851028442383,7791500,MO
2014-03-12,36.22999954223633,36.25,35.97999954223633,36.13999938964844,16.66828155517578,7220900,MO
2014-03-13,36.279998779296875,36.380001068115234,35.90999984741211,35.970001220703125,16.589872360229492,7924200,MO
2014-03-14,35.86000061035156,36.560001373291016,35.86000061035156,36.34000015258789,16.76052474975586,7843300,MO
2014-03-17,36.45000076293945,36.599998474121094,36.25,36.380001068115234,16.77897071838379,5416000,MO
2014-03-18,36.369998931884766,36.66999816894531,36.25,36.59000015258789,16.87582778930664,4939900,MO
2014-03-19,36.59000015258789,36.709999084472656,35.86000061035156,36.02000045776367,16.61293601989746,7321800,MO
2014-03-20,35.939998626708984,36.380001068115234,35.84000015258789,36.349998474121094,16.765134811401367,6574800,MO
2014-03-21,36.540000915527344,36.90999984741211,36.400001525878906,36.45000076293945,16.811254501342773,11001500,MO
2014-03-24,36.54999923706055,36.72999954223633,36.439998626708984,36.689998626708984,16.921945571899414,7088700,MO
2014-03-25,36.83000183105469,37.0,36.70000076293945,36.90999984741211,17.023414611816406,6760900,MO
2014-03-26,36.95000076293945,37.349998474121094,36.90999984741211,37.25,17.18022918701172,10929200,MO
2014-03-27,37.16999816894531,37.439998626708984,37.06999969482422,37.22999954223633,17.171005249023438,8328400,MO
2014-03-28,37.310001373291016,37.36000061035156,36.970001220703125,37.119998931884766,17.120267868041992,5252100,MO
2014-03-31,37.25,37.4900016784668,37.13999938964844,37.43000030517578,17.26324462890625,5335800,MO
2014-04-01,37.45000076293945,37.59000015258789,37.130001068115234,37.38999938964844,17.244802474975586,5613100,MO
2014-04-02,37.41999816894531,37.63999938964844,37.279998779296875,37.58000183105469,17.332427978515625,7720400,MO
2014-04-03,37.70000076293945,37.75,37.41999816894531,37.59000015258789,17.337039947509766,4667900,MO
2014-04-04,37.75,37.900001525878906,37.5099983215332,37.56999969482422,17.32781982421875,6233900,MO
2014-04-07,37.56999969482422,37.970001220703125,37.56999969482422,37.650001525878906,17.36471176147461,8815700,MO
2014-04-08,37.599998474121094,38.119998931884766,37.54999923706055,37.88999938964844,17.47541046142578,8755600,MO
2014-04-09,37.869998931884766,38.18000030517578,37.81999969482422,38.13999938964844,17.590709686279297,7739300,MO
2014-04-10,38.27000045776367,38.560001373291016,37.77000045776367,37.81999969482422,17.443119049072266,12591800,MO
2014-04-11,37.709999084472656,38.189998626708984,37.560001373291016,37.650001525878906,17.36471176147461,8729800,MO
2014-04-14,37.880001068115234,38.2599983215332,37.7400016784668,38.25,17.641441345214844,6864400,MO
2014-04-15,38.25,38.34000015258789,38.04999923706055,38.209999084472656,17.622995376586914,7911800,MO
2014-04-16,38.36000061035156,38.560001373291016,38.22999954223633,38.36000061035156,17.69217872619629,6615500,MO
2014-04-17,38.22999954223633,38.459999084472656,37.939998626708984,38.45000076293945,17.733684539794922,8498400,MO
2014-04-21,38.36000061035156,38.459999084472656,37.880001068115234,38.41999816894531,17.719846725463867,4581700,MO
2014-04-22,38.380001068115234,38.65999984741211,38.27000045776367,38.63999938964844,17.821319580078125,8907300,MO
2014-04-23,38.540000915527344,38.59000015258789,38.150001525878906,38.310001373291016,17.669116973876953,9972300,MO
2014-04-24,38.34000015258789,38.79999923706055,38.06999969482422,38.400001525878906,17.71063232421875,8667600,MO
2014-04-25,38.400001525878906,39.11000061035156,38.20000076293945,39.11000061035156,18.038087844848633,8560700,MO
2014-04-28,39.220001220703125,40.150001525878906,39.220001220703125,39.93000030517578,18.416282653808594,13563000,MO
2014-04-29,40.02000045776367,40.2400016784668,39.880001068115234,40.119998931884766,18.50391960144043,8536300,MO
2014-04-30,39.650001525878906,40.15999984741211,39.599998474121094,40.11000061035156,18.49930191040039,10221100,MO
2014-05-01,40.15999984741211,40.34000015258789,39.79999923706055,39.83000183105469,18.370162963867188,11871300,MO
2014-05-02,39.75,40.06999969482422,39.72999954223633,39.970001220703125,18.434736251831055,7622200,MO
2014-05-05,39.810001373291016,39.97999954223633,39.599998474121094,39.88999938964844,18.39783477783203,5746500,MO
2014-05-06,39.849998474121094,39.91999816894531,39.72999954223633,39.7599983215332,18.337873458862305,4302500,MO
2014-05-07,39.939998626708984,40.18000030517578,39.869998931884766,40.060001373291016,18.476238250732422,7257300,MO
2014-05-08,40.099998474121094,40.20000076293945,39.970001220703125,40.11000061035156,18.49930191040039,6997000,MO
2014-05-09,40.02000045776367,40.2400016784668,39.9900016784668,40.20000076293945,18.540813446044922,4930000,MO
2014-05-12,40.43000030517578,40.56999969482422,40.22999954223633,40.369998931884766,18.619216918945312,5028600,MO
2014-05-13,40.439998626708984,40.63999938964844,40.29999923706055,40.61000061035156,18.729900360107422,9944300,MO
2014-05-14,40.54999923706055,40.56999969482422,40.22999954223633,40.33000183105469,18.60077476501465,6105800,MO
2014-05-15,40.16999816894531,40.29999923706055,39.970001220703125,40.04999923706055,18.471633911132812,7215000,MO
2014-05-16,40.06999969482422,40.689998626708984,40.0099983215332,40.689998626708984,18.766809463500977,8203800,MO
2014-05-19,40.290000915527344,40.439998626708984,40.0,40.209999084472656,18.545425415039062,10646700,MO
2014-05-20,40.18000030517578,40.279998779296875,39.959999084472656,40.029998779296875,18.462400436401367,5959500,MO
2014-05-21,40.099998474121094,40.77000045776367,40.0099983215332,40.63999938964844,18.74375343322754,7952700,MO
2014-05-22,40.59000015258789,40.9900016784668,40.43000030517578,40.68000030517578,18.762195587158203,8387500,MO
2014-05-23,40.709999084472656,40.83000183105469,40.58000183105469,40.68000030517578,18.762195587158203,4293500,MO
2014-05-27,40.75,40.849998474121094,40.630001068115234,40.77000045776367,18.803701400756836,4079000,MO
2014-05-28,40.79999923706055,40.88999938964844,40.65999984741211,40.77000045776367,18.803701400756836,3865800,MO
2014-05-29,40.84000015258789,41.369998931884766,40.77000045776367,41.310001373291016,19.052757263183594,5591100,MO
2014-05-30,41.189998626708984,41.619998931884766,41.099998474121094,41.560001373291016,19.16805648803711,7319600,MO
2014-06-02,41.630001068115234,41.63999938964844,41.25,41.25,19.025083541870117,4501700,MO
2014-06-03,41.20000076293945,41.36000061035156,41.150001525878906,41.2400016784668,19.020477294921875,4386400,MO
2014-06-04,41.20000076293945,41.31999969482422,41.099998474121094,41.22999954223633,19.01586151123047,3349900,MO
2014-06-05,41.22999954223633,41.47999954223633,41.150001525878906,41.290000915527344,19.043529510498047,4116300,MO
2014-06-06,41.290000915527344,41.439998626708984,41.2599983215332,41.38999938964844,19.089656829833984,3964200,MO
2014-06-09,41.31999969482422,41.63999938964844,41.279998779296875,41.61000061035156,19.19112205505371,5173900,MO
2014-06-10,41.540000915527344,42.38999938964844,41.47999954223633,42.349998474121094,19.532424926757812,11193600,MO
2014-06-11,42.220001220703125,42.709999084472656,42.15999984741211,42.59000015258789,19.643117904663086,12157300,MO
2014-06-12,42.04999923706055,42.189998626708984,41.22999954223633,41.279998779296875,19.25594139099121,8391300,MO
2014-06-13,41.34000015258789,41.619998931884766,41.189998626708984,41.45000076293945,19.33523941040039,5470100,MO
2014-06-16,41.439998626708984,41.970001220703125,41.2599983215332,41.810001373291016,19.5031681060791,5133900,MO
2014-06-17,41.689998626708984,41.79999923706055,41.52000045776367,41.68000030517578,19.442529678344727,4496200,MO
2014-06-18,41.689998626708984,42.369998931884766,41.52000045776367,42.349998474121094,19.75507164001465,8340100,MO
2014-06-19,42.41999816894531,43.150001525878906,42.380001068115234,43.06999969482422,20.090923309326172,10498500,MO
2014-06-20,43.22999954223633,43.380001068115234,42.95000076293945,43.119998931884766,20.11424446105957,12356800,MO
2014-06-23,43.0099983215332,43.02000045776367,42.5,42.689998626708984,19.91366195678711,5750500,MO
2014-06-24,42.5,42.5,42.040000915527344,42.349998474121094,19.75507164001465,8291600,MO
2014-06-25,42.13999938964844,42.20000076293945,41.900001525878906,42.029998779296875,19.605798721313477,6983900,MO
2014-06-26,41.97999954223633,42.0,41.52000045776367,41.900001525878906,19.54515266418457,7161300,MO
2014-06-27,41.790000915527344,41.86000061035156,41.130001068115234,41.81999969482422,19.50783348083496,12779900,MO
2014-06-30,41.7599983215332,42.279998779296875,41.560001373291016,41.939998626708984,19.56381607055664,9322600,MO
2014-07-01,41.869998931884766,42.0,41.52000045776367,41.83000183105469,19.512500762939453,5197700,MO
2014-07-02,41.849998474121094,41.970001220703125,41.720001220703125,41.869998931884766,19.531158447265625,3579200,MO
2014-07-03,42.02000045776367,42.58000183105469,41.9900016784668,42.38999938964844,19.773725509643555,5819600,MO
2014-07-07,42.25,42.779998779296875,42.25,42.619998931884766,19.881010055541992,5212400,MO
2014-07-08,42.650001525878906,42.810001373291016,42.5099983215332,42.709999084472656,19.92299461364746,5145000,MO
2014-07-09,42.849998474121094,43.04999923706055,42.720001220703125,42.79999923706055,19.964981079101562,5904300,MO
2014-07-10,42.61000061035156,42.95000076293945,42.61000061035156,42.95000076293945,20.034948348999023,7554700,MO
2014-07-11,43.529998779296875,43.599998474121094,43.02000045776367,43.43000030517578,20.25885772705078,9915900,MO
2014-07-14,43.61000061035156,43.70000076293945,43.2599983215332,43.349998474121094,20.221534729003906,8341300,MO
2014-07-15,43.0,43.08000183105469,41.75,41.7599983215332,19.479841232299805,18024000,MO
2014-07-16,42.08000183105469,42.36000061035156,41.70000076293945,41.81999969482422,19.50783348083496,7922300,MO
2014-07-17,41.709999084472656,41.97999954223633,41.54999923706055,41.58000183105469,19.3958797454834,6506800,MO
2014-07-18,41.790000915527344,42.2599983215332,41.599998474121094,42.16999816894531,19.671106338500977,6800500,MO
2014-07-21,41.540000915527344,42.04999923706055,41.45000076293945,42.0099983215332,19.59646987915039,8636800,MO
2014-07-22,41.779998779296875,42.25,41.150001525878906,41.93000030517578,19.55914878845215,8835500,MO
2014-07-23,41.9900016784668,42.0,41.650001525878906,41.720001220703125,19.46118927001953,6523500,MO
2014-07-24,41.869998931884766,42.150001525878906,41.790000915527344,42.040000915527344,19.61046028137207,6824500,MO
2014-07-25,41.880001068115234,42.02000045776367,41.52000045776367,41.7400016784668,19.470518112182617,4829600,MO
2014-07-28,41.72999954223633,41.86000061035156,41.369998931884766,41.650001525878906,19.428539276123047,4501800,MO
2014-07-29,41.59000015258789,41.81999969482422,41.470001220703125,41.540000915527344,19.377227783203125,8603900,MO
2014-07-30,41.83000183105469,41.88999938964844,41.060001373291016,41.119998931884766,19.181303024291992,7223700,MO
2014-07-31,40.93000030517578,41.040000915527344,40.59000015258789,40.599998474121094,18.938737869262695,7194000,MO
2014-08-01,40.369998931884766,40.79999923706055,40.2599983215332,40.5,18.892093658447266,6192600,MO
2014-08-04,40.470001220703125,40.83000183105469,40.400001525878906,40.72999954223633,18.999378204345703,6302200,MO
2014-08-05,40.720001220703125,40.959999084472656,40.40999984741211,40.56999969482422,18.92474365234375,4395800,MO
2014-08-06,40.470001220703125,41.54999923706055,40.470001220703125,41.43000030517578,19.325904846191406,7964000,MO
2014-08-07,41.439998626708984,41.52000045776367,40.90999984741211,41.150001525878906,19.195301055908203,7828400,MO
2014-08-08,41.20000076293945,41.65999984741211,41.130001068115234,41.630001068115234,19.41921043395996,4407600,MO
2014-08-11,41.81999969482422,42.310001373291016,41.63999938964844,42.0099983215332,19.59646987915039,6134700,MO
2014-08-12,41.900001525878906,42.0099983215332,41.720001220703125,41.959999084472656,19.573148727416992,3843500,MO
2014-08-13,42.08000183105469,42.279998779296875,41.88999938964844,42.06999969482422,19.624446868896484,3724800,MO
2014-08-14,42.11000061035156,42.2599983215332,42.0099983215332,42.2599983215332,19.71308708190918,2976900,MO
2014-08-15,42.38999938964844,42.470001220703125,41.93000030517578,42.20000076293945,19.68509292602539,4737300,MO
2014-08-18,42.29999923706055,42.59000015258789,42.29999923706055,42.5,19.82503318786621,3987100,MO
2014-08-19,42.599998474121094,42.709999084472656,42.29999923706055,42.70000076293945,19.918331146240234,4320700,MO
2014-08-20,42.709999084472656,42.720001220703125,42.31999969482422,42.459999084472656,19.80637550354004,4538600,MO
2014-08-21,42.470001220703125,42.68000030517578,42.34000015258789,42.58000183105469,19.862354278564453,4830000,MO
2014-08-22,42.59000015258789,42.70000076293945,42.43000030517578,42.59000015258789,19.867021560668945,3796900,MO
2014-08-25,42.7400016784668,42.93000030517578,42.65999984741211,42.77000045776367,19.95098114013672,3278700,MO
2014-08-26,42.90999984741211,42.97999954223633,42.709999084472656,42.86000061035156,19.992969512939453,4468100,MO
2014-08-27,42.79999923706055,42.86000061035156,42.58000183105469,42.81999969482422,19.974306106567383,3489300,MO
2014-08-28,42.70000076293945,43.0,42.63999938964844,42.90999984741211,20.016286849975586,3195500,MO
2014-08-29,43.0,43.119998931884766,42.93000030517578,43.08000183105469,20.09559440612793,3645300,MO
2014-09-02,43.15999984741211,43.68000030517578,43.04999923706055,43.189998626708984,20.146902084350586,4573300,MO
2014-09-03,43.38999938964844,43.459999084472656,43.11000061035156,43.220001220703125,20.16089630126953,3497000,MO
2014-09-04,43.220001220703125,43.47999954223633,43.04999923706055,43.13999938964844,20.123580932617188,4583100,MO
2014-09-05,43.130001068115234,43.40999984741211,43.08000183105469,43.38999938964844,20.240198135375977,4949600,MO
2014-09-08,43.380001068115234,43.599998474121094,43.36000061035156,43.4900016784668,20.28684425354004,6454800,MO
2014-09-09,43.61000061035156,43.65999984741211,43.459999084472656,43.650001525878906,20.361478805541992,8571300,MO
2014-09-10,43.70000076293945,44.04999923706055,43.4900016784668,43.86000061035156,20.459434509277344,8282400,MO
2014-09-11,43.33000183105469,43.470001220703125,42.91999816894531,43.189998626708984,20.388633728027344,6328700,MO
2014-09-12,43.189998626708984,43.29999923706055,42.959999084472656,43.15999984741211,20.374465942382812,7312900,MO
2014-09-15,43.599998474121094,44.5,43.369998931884766,44.27000045776367,20.898466110229492,11428100,MO
2014-09-16,44.06999969482422,44.5,44.029998779296875,44.36000061035156,20.940946578979492,6636800,MO
2014-09-17,44.38999938964844,44.79999923706055,44.16999816894531,44.61000061035156,21.058969497680664,6738100,MO
2014-09-18,44.79999923706055,44.79999923706055,44.459999084472656,44.7400016784668,21.120330810546875,4925100,MO
2014-09-19,44.95000076293945,45.099998474121094,44.81999969482422,44.9900016784668,21.23835563659668,8048800,MO
2014-09-22,45.029998779296875,45.45000076293945,44.970001220703125,45.349998474121094,21.408296585083008,7470000,MO
2014-09-23,45.27000045776367,45.439998626708984,44.81999969482422,44.81999969482422,21.15810203552246,6335500,MO
2014-09-24,44.790000915527344,45.72999954223633,44.790000915527344,45.70000076293945,21.573518753051758,7610600,MO
2014-09-25,45.540000915527344,45.599998474121094,45.06999969482422,45.11000061035156,21.295005798339844,5678100,MO
2014-09-26,45.41999816894531,45.970001220703125,45.36000061035156,45.810001373291016,21.62544059753418,7870300,MO
2014-09-29,45.630001068115234,46.09000015258789,45.470001220703125,46.040000915527344,21.734024047851562,7477200,MO
2014-09-30,46.119998931884766,46.20000076293945,45.869998931884766,45.939998626708984,21.68681526184082,6343900,MO
2014-10-01,45.97999954223633,46.130001068115234,45.68000030517578,45.77000045776367,21.606563568115234,7517300,MO
2014-10-02,45.7599983215332,45.81999969482422,45.189998626708984,45.470001220703125,21.464946746826172,8062900,MO
2014-10-03,45.68000030517578,46.2400016784668,45.56999969482422,46.189998626708984,21.804832458496094,7187900,MO
2014-10-06,46.38999938964844,46.599998474121094,46.060001373291016,46.5099983215332,21.955894470214844,6741400,MO
2014-10-07,46.439998626708984,46.540000915527344,46.0099983215332,46.04999923706055,21.73874855041504,6144600,MO
2014-10-08,46.08000183105469,46.810001373291016,45.90999984741211,46.79999923706055,22.092798233032227,6551200,MO
2014-10-09,46.689998626708984,47.099998474121094,46.20000076293945,46.369998931884766,21.889806747436523,7887200,MO
2014-10-10,46.70000076293945,47.40999984741211,46.66999816894531,46.720001220703125,22.05502700805664,9347400,MO
2014-10-13,46.560001373291016,46.93000030517578,46.04999923706055,46.04999923706055,21.73874855041504,8658100,MO
2014-10-14,46.099998474121094,46.470001220703125,45.79999923706055,46.18000030517578,21.80010414123535,7133300,MO
2014-10-15,45.63999938964844,46.0099983215332,44.59000015258789,45.529998779296875,21.493267059326172,14208400,MO
2014-10-16,44.86000061035156,45.459999084472656,44.63999938964844,45.16999816894531,21.32332420349121,10720000,MO
2014-10-17,45.41999816894531,45.79999923706055,45.060001373291016,45.65999984741211,21.55463409423828,9306300,MO
2014-10-20,45.720001220703125,46.5,45.61000061035156,46.41999816894531,21.913408279418945,5280700,MO
2014-10-21,46.540000915527344,47.029998779296875,46.209999084472656,47.02000045776367,22.1966495513916,5607300,MO
2014-10-22,47.0099983215332,47.619998931884766,47.0099983215332,47.060001373291016,22.21552848815918,6445400,MO
2014-10-23,47.58000183105469,47.689998626708984,47.06999969482422,47.130001068115234,22.248577117919922,4893500,MO
2014-10-24,47.22999954223633,47.5,47.08000183105469,47.4900016784668,22.418521881103516,3669700,MO
2014-10-27,47.54999923706055,47.939998626708984,47.4900016784668,47.63999938964844,22.489328384399414,4350100,MO
2014-10-28,47.869998931884766,47.880001068115234,47.060001373291016,47.529998779296875,22.437408447265625,6468900,MO
2014-10-29,47.65999984741211,47.900001525878906,47.310001373291016,47.56999969482422,22.45628547668457,7240000,MO
2014-10-30,47.52000045776367,47.779998779296875,47.09000015258789,47.5,22.423240661621094,7670800,MO
2014-10-31,47.93000030517578,48.36000061035156,47.7599983215332,48.34000015258789,22.81978416442871,7816900,MO
2014-11-03,48.290000915527344,49.06999969482422,48.290000915527344,48.91999816894531,23.093582153320312,5325100,MO
2014-11-04,49.0099983215332,49.630001068115234,49.0099983215332,49.41999816894531,23.329614639282227,5511500,MO
2014-11-05,49.77000045776367,49.959999084472656,49.119998931884766,49.75,23.485397338867188,6709400,MO
2014-11-06,49.84000015258789,49.900001525878906,49.43000030517578,49.560001373291016,23.395700454711914,4936500,MO
2014-11-07,49.560001373291016,49.880001068115234,49.27000045776367,49.869998931884766,23.54203987121582,5876600,MO
2014-11-10,49.91999816894531,50.09000015258789,49.61000061035156,49.869998931884766,23.54203987121582,8124600,MO
2014-11-11,49.83000183105469,49.959999084472656,49.18000030517578,49.279998779296875,23.26352310180664,5412000,MO
2014-11-12,49.20000076293945,49.45000076293945,48.68000030517578,49.33000183105469,23.287124633789062,7538500,MO
2014-11-13,49.56999969482422,49.95000076293945,49.220001220703125,49.45000076293945,23.34377670288086,5253000,MO
2014-11-14,49.45000076293945,49.45000076293945,48.59000015258789,48.779998779296875,23.027484893798828,6768800,MO
2014-11-17,48.7400016784668,49.130001068115234,48.70000076293945,49.04999923706055,23.15494728088379,6026800,MO
2014-11-18,49.20000076293945,49.439998626708984,49.119998931884766,49.27000045776367,23.258798599243164,6096000,MO
2014-11-19,49.22999954223633,49.290000915527344,49.02000045776367,49.13999938964844,23.197433471679688,5979700,MO
2014-11-20,48.900001525878906,49.029998779296875,48.709999084472656,48.83000183105469,23.05109405517578,8905500,MO
2014-11-21,49.09000015258789,49.27000045776367,49.0,49.2400016784668,23.24464225769043,10017200,MO
2014-11-24,49.52000045776367,49.7599983215332,49.220001220703125,49.25,23.249361038208008,5589100,MO
2014-11-25,49.25,49.560001373291016,48.959999084472656,49.459999084472656,23.348501205444336,7133800,MO
2014-11-26,49.459999084472656,49.779998779296875,49.40999984741211,49.720001220703125,23.471229553222656,4210300,MO
2014-11-28,49.970001220703125,50.45000076293945,49.970001220703125,50.2599983215332,23.726154327392578,3083100,MO
2014-12-01,50.130001068115234,50.5,50.11000061035156,50.29999923706055,23.745037078857422,6171800,MO
2014-12-02,50.349998474121094,50.599998474121094,50.150001525878906,50.560001373291016,23.867769241333008,8365300,MO
2014-12-03,50.5099983215332,51.25,50.400001525878906,51.189998626708984,24.165180206298828,9451300,MO
2014-12-04,51.0,51.06999969482422,50.560001373291016,50.939998626708984,24.04715919494629,6962800,MO
2014-12-05,50.91999816894531,51.09000015258789,50.650001525878906,51.06999969482422,24.108531951904297,4529600,MO
2014-12-08,51.11000061035156,51.54999923706055,50.81999969482422,50.93000030517578,24.042438507080078,5871300,MO
2014-12-09,50.66999816894531,50.880001068115234,50.119998931884766,50.70000076293945,23.93385124206543,5160600,MO
2014-12-10,50.849998474121094,50.91999816894531,49.939998626708984,49.9900016784668,23.598690032958984,6387100,MO
2014-12-11,49.93000030517578,50.59000015258789,49.810001373291016,50.209999084472656,23.702545166015625,5263400,MO
2014-12-12,49.86000061035156,50.5,49.63999938964844,49.650001525878906,23.43819236755371,6031800,MO
2014-12-15,49.849998474121094,50.119998931884766,49.150001525878906,49.5099983215332,23.37209701538086,8122000,MO
2014-12-16,49.20000076293945,50.400001525878906,48.90999984741211,49.33000183105469,23.287124633789062,8658100,MO
2014-12-17,49.540000915527344,50.20000076293945,49.13999938964844,49.939998626708984,23.575084686279297,7948100,MO
2014-12-18,50.43000030517578,51.27000045776367,50.04999923706055,51.27000045776367,24.202930450439453,7566500,MO
2014-12-19,51.279998779296875,51.66999816894531,50.220001220703125,50.560001373291016,23.867769241333008,16275500,MO
2014-12-22,49.97999954223633,50.29999923706055,49.810001373291016,50.20000076293945,23.944093704223633,8944900,MO
2014-12-23,50.369998931884766,50.63999938964844,50.189998626708984,50.529998779296875,24.101482391357422,4631300,MO
2014-12-24,50.650001525878906,50.77000045776367,50.33000183105469,50.36000061035156,24.020404815673828,4081100,MO
2014-12-26,50.349998474121094,50.81999969482422,50.34000015258789,50.599998474121094,24.134878158569336,2991600,MO
2014-12-29,50.36000061035156,50.459999084472656,49.97999954223633,50.22999954223633,23.958396911621094,4029600,MO
2014-12-30,50.150001525878906,50.41999816894531,49.77000045776367,49.83000183105469,23.767614364624023,3664200,MO
2014-12-31,49.90999984741211,50.02000045776367,49.16999816894531,49.27000045776367,23.500497817993164,5109600,MO
2015-01-02,49.29999923706055,49.63999938964844,48.58000183105469,48.970001220703125,23.357412338256836,6078100,MO
2015-01-05,48.63999938964844,48.9900016784668,48.52000045776367,48.689998626708984,23.223848342895508,6900200,MO
2015-01-06,49.0,49.650001525878906,48.88999938964844,48.97999954223633,23.3621768951416,7240000,MO
2015-01-07,49.33000183105469,50.029998779296875,49.31999969482422,49.880001068115234,23.791460037231445,5492500,MO
2015-01-08,50.2599983215332,50.93000030517578,50.20000076293945,50.720001220703125,24.19211196899414,4692600,MO
2015-01-09,50.97999954223633,51.11000061035156,50.47999954223633,50.599998474121094,24.134878158569336,6488200,MO
2015-01-12,50.790000915527344,51.20000076293945,50.70000076293945,50.91999816894531,24.287513732910156,6369600,MO
2015-01-13,51.15999984741211,51.779998779296875,50.90999984741211,51.31999969482422,24.478294372558594,7461000,MO
2015-01-14,51.0,51.75,50.75,51.72999954223633,24.673856735229492,6235200,MO
2015-01-15,51.959999084472656,52.849998474121094,51.81999969482422,52.470001220703125,25.026811599731445,8102800,MO
2015-01-16,52.349998474121094,53.119998931884766,52.31999969482422,53.04999923706055,25.30345916748047,10072200,MO
2015-01-20,53.959999084472656,54.47999954223633,53.20000076293945,53.83000183105469,25.675506591796875,6484700,MO
2015-01-21,53.7599983215332,54.34000015258789,53.540000915527344,54.27000045776367,25.885366439819336,5742700,MO
2015-01-22,54.650001525878906,54.689998626708984,54.08000183105469,54.65999984741211,26.071392059326172,7169000,MO
2015-01-23,54.68000030517578,54.709999084472656,54.18000030517578,54.189998626708984,25.847213745117188,6589200,MO
2015-01-26,54.209999084472656,54.459999084472656,53.849998474121094,54.439998626708984,25.966459274291992,6149600,MO
2015-01-27,54.029998779296875,54.77000045776367,54.0,54.560001373291016,26.023693084716797,5640200,MO
2015-01-28,54.75,55.18000030517578,53.93000030517578,54.0099983215332,25.761362075805664,6298200,MO
2015-01-29,53.939998626708984,54.54999923706055,53.619998931884766,54.38999938964844,25.94260597229004,6468800,MO
2015-01-30,54.060001373291016,54.630001068115234,53.0,53.099998474121094,25.327308654785156,9952300,MO
2015-02-02,53.25,53.84000015258789,52.97999954223633,53.79999923706055,25.661184310913086,9183600,MO
2015-02-03,53.83000183105469,54.38999938964844,53.58000183105469,54.2599983215332,25.880605697631836,9729300,MO
2015-02-04,54.18000030517578,54.630001068115234,53.880001068115234,54.029998779296875,25.770891189575195,8190500,MO
2015-02-05,54.369998931884766,54.400001525878906,53.599998474121094,53.66999816894531,25.599185943603516,8452200,MO
2015-02-06,53.52000045776367,53.63999938964844,53.220001220703125,53.33000183105469,25.437013626098633,7806700,MO
2015-02-09,53.15999984741211,53.4900016784668,52.90999984741211,53.15999984741211,25.355932235717773,5816400,MO
2015-02-10,53.5,53.84000015258789,53.369998931884766,53.77000045776367,25.646879196166992,4499800,MO
2015-02-11,53.939998626708984,54.84000015258789,53.790000915527344,54.7599983215332,26.119089126586914,7889700,MO
2015-02-12,54.810001373291016,55.540000915527344,54.58000183105469,55.540000915527344,26.49112892150879,7249000,MO
2015-02-13,55.4900016784668,55.58000183105469,54.5099983215332,54.7599983215332,26.119089126586914,5962900,MO
2015-02-17,54.45000076293945,55.310001373291016,54.11000061035156,55.13999938964844,26.300323486328125,7141300,MO
2015-02-18,54.900001525878906,55.2400016784668,54.779998779296875,55.2400016784668,26.34804344177246,4638800,MO
2015-02-19,55.40999984741211,55.689998626708984,55.09000015258789,55.47999954223633,26.46250343322754,6332900,MO
2015-02-20,55.43000030517578,55.70000076293945,54.90999984741211,55.61000061035156,26.524520874023438,6881500,MO
2015-02-23,55.7400016784668,55.900001525878906,55.470001220703125,55.5099983215332,26.476818084716797,5265700,MO
2015-02-24,55.66999816894531,55.88999938964844,55.349998474121094,55.720001220703125,26.576988220214844,6443700,MO
2015-02-25,55.810001373291016,55.9900016784668,55.54999923706055,55.63999938964844,26.538822174072266,5125100,MO
2015-02-26,55.72999954223633,56.189998626708984,55.599998474121094,56.09000015258789,26.753463745117188,4479600,MO
2015-02-27,56.09000015258789,56.599998474121094,55.95000076293945,56.290000915527344,26.848854064941406,4957900,MO
2015-03-02,56.290000915527344,56.70000076293945,56.2400016784668,56.5,26.949020385742188,4931400,MO
2015-03-03,56.5,56.68000030517578,56.06999969482422,56.459999084472656,26.929933547973633,4428800,MO
2015-03-04,56.27000045776367,56.38999938964844,55.65999984741211,55.790000915527344,26.61037254333496,5460600,MO
2015-03-05,56.040000915527344,56.09000015258789,55.31999969482422,55.5,26.4720458984375,5550800,MO
2015-03-06,55.279998779296875,55.31999969482422,53.20000076293945,53.369998931884766,25.45609474182129,12205000,MO
2015-03-09,53.720001220703125,53.95000076293945,53.400001525878906,53.83000183105469,25.675506591796875,6262500,MO
2015-03-10,53.47999954223633,53.63999938964844,53.099998474121094,53.20000076293945,25.3750057220459,5563800,MO
2015-03-11,53.41999816894531,53.47999954223633,52.060001373291016,52.220001220703125,24.90757179260254,9012400,MO
2015-03-12,52.09000015258789,52.38999938964844,51.93000030517578,52.0099983215332,25.056926727294922,7941100,MO
2015-03-13,51.93000030517578,51.95000076293945,51.08000183105469,51.38999938964844,24.75822639465332,7955500,MO
2015-03-16,51.7599983215332,52.09000015258789,51.70000076293945,52.09000015258789,25.0954647064209,7626200,MO
2015-03-17,51.81999969482422,51.970001220703125,51.150001525878906,51.619998931884766,24.869033813476562,6048600,MO
2015-03-18,51.36000061035156,51.65999984741211,50.150001525878906,51.34000015258789,24.73414421081543,14050500,MO
2015-03-19,51.22999954223633,51.540000915527344,51.060001373291016,51.27000045776367,24.700407028198242,6697400,MO
2015-03-20,51.36000061035156,51.650001525878906,51.20000076293945,51.41999816894531,24.77267837524414,13743100,MO
2015-03-23,51.310001373291016,51.970001220703125,51.310001373291016,51.619998931884766,24.869033813476562,8649500,MO
2015-03-24,51.52000045776367,52.0,51.11000061035156,51.11000061035156,24.623327255249023,7223800,MO
2015-03-25,51.27000045776367,51.290000915527344,50.13999938964844,50.150001525878906,24.160825729370117,10189300,MO
2015-03-26,49.68000030517578,50.540000915527344,49.029998779296875,50.0,24.08856773376465,14549100,MO
2015-03-27,49.91999816894531,50.43000030517578,49.880001068115234,50.34000015258789,24.252361297607422,8565700,MO
2015-03-30,50.709999084472656,50.79999923706055,50.349998474121094,50.529998779296875,24.343896865844727,7215800,MO
2015-03-31,50.52000045776367,50.52000045776367,50.0099983215332,50.02000045776367,24.098194122314453,7905600,MO
2015-04-01,50.15999984741211,50.400001525878906,49.54999923706055,50.29999923706055,24.23309898376465,7768800,MO
2015-04-02,50.41999816894531,51.290000915527344,50.36000061035156,51.189998626708984,24.66187286376953,9000900,MO
2015-04-06,51.02000045776367,51.90999984741211,51.0099983215332,51.4900016784668,24.806407928466797,7575000,MO
2015-04-07,51.61000061035156,52.130001068115234,51.5099983215332,51.70000076293945,24.907575607299805,7369200,MO
2015-04-08,51.54999923706055,51.97999954223633,51.31999969482422,51.619998931884766,24.869033813476562,5883500,MO
2015-04-09,51.650001525878906,51.93000030517578,51.47999954223633,51.86000061035156,24.984661102294922,4556400,MO
2015-04-10,52.150001525878906,52.9900016784668,52.0099983215332,52.5099983215332,25.297809600830078,6442200,MO
2015-04-13,52.349998474121094,52.470001220703125,51.70000076293945,51.77000045776367,24.9412899017334,6731100,MO
2015-04-14,51.68000030517578,52.25,51.529998779296875,52.119998931884766,25.109912872314453,4956600,MO
2015-04-15,52.11000061035156,52.560001373291016,51.540000915527344,51.61000061035156,24.864208221435547,5944500,MO
2015-04-16,51.97999954223633,52.400001525878906,51.61000061035156,52.04999923706055,25.076194763183594,7569700,MO
2015-04-17,51.93000030517578,52.08000183105469,51.650001525878906,51.75,24.931657791137695,7499300,MO
2015-04-20,52.0,52.84000015258789,52.0,52.630001068115234,25.355623245239258,8742700,MO
2015-04-21,52.77000045776367,52.9900016784668,52.02000045776367,52.099998474121094,25.100276947021484,6473900,MO
2015-04-22,52.08000183105469,52.130001068115234,51.5099983215332,52.119998931884766,25.109912872314453,9813700,MO
2015-04-23,52.040000915527344,52.91999816894531,51.79999923706055,52.349998474121094,25.220720291137695,8189800,MO
2015-04-24,52.5099983215332,52.63999938964844,52.040000915527344,52.06999969482422,25.085834503173828,4911100,MO
2015-04-27,52.13999938964844,52.150001525878906,51.29999923706055,51.400001525878906,24.76304054260254,6451800,MO
2015-04-28,51.25,51.709999084472656,51.15999984741211,51.709999084472656,24.912389755249023,6596600,MO
2015-04-29,51.38999938964844,51.560001373291016,50.060001373291016,50.20000076293945,24.18491554260254,11261300,MO
2015-04-30,50.150001525878906,50.29999923706055,49.83000183105469,50.04999923706055,24.112653732299805,10130900,MO
2015-05-01,50.119998931884766,50.66999816894531,50.11000061035156,50.65999984741211,24.406524658203125,5958300,MO
2015-05-04,50.900001525878906,50.900001525878906,50.45000076293945,50.68000030517578,24.416170120239258,4963100,MO
2015-05-05,50.5,50.58000183105469,50.150001525878906,50.349998474121094,24.257184982299805,4968700,MO
2015-05-06,50.43000030517578,50.779998779296875,50.130001068115234,50.68000030517578,24.416170120239258,7011100,MO
2015-05-07,50.47999954223633,51.36000061035156,50.41999816894531,51.2400016784668,24.685962677001953,5127300,MO
2015-05-08,51.61000061035156,52.439998626708984,51.529998779296875,52.16999816894531,25.133996963500977,5545500,MO
2015-05-11,52.20000076293945,52.310001373291016,51.290000915527344,51.34000015258789,24.73414421081543,5396500,MO
2015-05-12,50.790000915527344,51.290000915527344,50.709999084472656,51.150001525878906,24.64259910583496,5850100,MO
2015-05-13,51.22999954223633,51.47999954223633,50.88999938964844,51.0,24.570337295532227,5759100,MO
2015-05-14,51.40999984741211,52.630001068115234,51.380001068115234,52.599998474121094,25.341167449951172,6822000,MO
2015-05-15,52.560001373291016,52.880001068115234,52.560001373291016,52.81999969482422,25.44715118408203,5023000,MO
2015-05-18,52.61000061035156,52.79999923706055,51.93000030517578,51.95000076293945,25.02801513671875,4937700,MO
2015-05-19,52.029998779296875,52.029998779296875,51.630001068115234,51.779998779296875,24.946117401123047,4764700,MO
2015-05-20,51.939998626708984,52.279998779296875,51.779998779296875,51.79999923706055,24.95575714111328,4430600,MO
2015-05-21,51.84000015258789,51.84000015258789,51.220001220703125,51.63999938964844,24.87866973876953,6577600,MO
2015-05-22,51.5,51.56999969482422,51.20000076293945,51.22999954223633,24.68115234375,4141800,MO
2015-05-26,51.22999954223633,51.45000076293945,50.9900016784668,51.279998779296875,24.705224990844727,5673300,MO
2015-05-27,51.400001525878906,52.029998779296875,51.2400016784668,51.83000183105469,24.970205307006836,5564700,MO
2015-05-28,51.939998626708984,52.0099983215332,51.5,51.619998931884766,24.869033813476562,4634400,MO
2015-05-29,51.45000076293945,51.72999954223633,51.119998931884766,51.20000076293945,24.666683197021484,7490800,MO
2015-06-01,51.290000915527344,51.47999954223633,50.849998474121094,51.20000076293945,24.666683197021484,3842200,MO
2015-06-02,51.040000915527344,51.06999969482422,50.5099983215332,50.630001068115234,24.392072677612305,4778800,MO
2015-06-03,50.90999984741211,50.93000030517578,50.25,50.349998474121094,24.257184982299805,5866300,MO
2015-06-04,50.2599983215332,50.38999938964844,49.779998779296875,49.880001068115234,24.030750274658203,6077400,MO
2015-06-05,49.709999084472656,49.709999084472656,48.099998474121094,48.209999084472656,23.22618865966797,10415100,MO
2015-06-08,48.16999816894531,48.5099983215332,47.779998779296875,48.31999969482422,23.279184341430664,7983800,MO
2015-06-09,48.349998474121094,48.77000045776367,48.119998931884766,48.560001373291016,23.39480972290039,6326300,MO
2015-06-10,48.68000030517578,49.63999938964844,48.68000030517578,49.220001220703125,23.712783813476562,10217600,MO
2015-06-11,48.70000076293945,48.810001373291016,48.27000045776367,48.33000183105469,23.532623291015625,7135100,MO
2015-06-12,48.2599983215332,48.29999923706055,47.310001373291016,48.040000915527344,23.39141273498535,8740600,MO
2015-06-15,47.709999084472656,48.119998931884766,47.52000045776367,47.540000915527344,23.147960662841797,6494900,MO
2015-06-16,47.65999984741211,48.13999938964844,47.470001220703125,48.02000045776367,23.381683349609375,4561300,MO
2015-06-17,48.0099983215332,48.72999954223633,47.9900016784668,48.560001373291016,23.644617080688477,5714500,MO
2015-06-18,48.68000030517578,49.650001525878906,48.65999984741211,49.459999084472656,24.082834243774414,6494500,MO
2015-06-19,49.290000915527344,49.63999938964844,49.22999954223633,49.31999969482422,24.014667510986328,8188700,MO
2015-06-22,49.58000183105469,49.880001068115234,49.540000915527344,49.790000915527344,24.243515014648438,5805200,MO
2015-06-23,49.9900016784668,49.9900016784668,49.040000915527344,49.08000183105469,23.897808074951172,5248100,MO
2015-06-24,49.119998931884766,49.25,48.959999084472656,48.970001220703125,23.844249725341797,6505500,MO
2015-06-25,49.060001373291016,49.27000045776367,48.959999084472656,49.15999984741211,23.9367618560791,5807800,MO
2015-06-26,49.290000915527344,49.66999816894531,49.16999816894531,49.47999954223633,24.09257698059082,7631700,MO
2015-06-29,49.25,49.5099983215332,48.63999938964844,48.66999816894531,23.698169708251953,7300100,MO
2015-06-30,48.970001220703125,49.279998779296875,48.56999969482422,48.90999984741211,23.815032958984375,8247300,MO
2015-07-01,49.09000015258789,49.2599983215332,48.7400016784668,49.099998474121094,23.907535552978516,4897100,MO
2015-07-02,49.279998779296875,49.45000076293945,48.70000076293945,48.9900016784668,23.853984832763672,4575100,MO
2015-07-06,48.880001068115234,49.88999938964844,48.7599983215332,49.869998931884766,24.2824649810791,7862700,MO
2015-07-07,49.970001220703125,51.81999969482422,49.939998626708984,51.68000030517578,25.16379165649414,13341000,MO
2015-07-08,51.31999969482422,51.4900016784668,50.95000076293945,51.029998779296875,24.8472843170166,8154600,MO
2015-07-09,51.630001068115234,51.79999923706055,50.93000030517578,50.95000076293945,24.80834197998047,7010000,MO
2015-07-10,51.47999954223633,51.779998779296875,51.22999954223633,51.310001373291016,24.98362922668457,7263100,MO
2015-07-13,51.560001373291016,51.79999923706055,51.2599983215332,51.33000183105469,24.99336814880371,8124400,MO
2015-07-14,51.33000183105469,51.459999084472656,51.209999084472656,51.349998474121094,25.003101348876953,7433200,MO
2015-07-15,51.36000061035156,51.52000045776367,51.130001068115234,51.22999954223633,24.944683074951172,6862400,MO
2015-07-16,51.58000183105469,53.36000061035156,51.52000045776367,52.90999984741211,25.762697219848633,12569300,MO
2015-07-17,52.77000045776367,53.34000015258789,52.52000045776367,53.220001220703125,25.913639068603516,7806000,MO
2015-07-20,53.2400016784668,53.84000015258789,53.22999954223633,53.709999084472656,26.1522216796875,6572600,MO
2015-07-21,53.66999816894531,53.70000076293945,53.43000030517578,53.54999923706055,26.074317932128906,5658400,MO
2015-07-22,53.65999984741211,54.02000045776367,53.650001525878906,53.959999084472656,26.27395248413086,7980000,MO
2015-07-23,53.95000076293945,53.970001220703125,53.47999954223633,53.81999969482422,26.205787658691406,4768800,MO
2015-07-24,53.77000045776367,53.970001220703125,53.61000061035156,53.790000915527344,26.19118309020996,5441200,MO
2015-07-27,53.529998779296875,54.130001068115234,53.5099983215332,53.95000076293945,26.269086837768555,5979900,MO
2015-07-28,54.099998474121094,55.29999923706055,54.0,55.25,26.90207290649414,9298900,MO
2015-07-29,55.5099983215332,55.720001220703125,54.04999923706055,54.400001525878906,26.48819923400879,9425600,MO
2015-07-30,53.72999954223633,54.36000061035156,53.5,54.20000076293945,26.390823364257812,7259100,MO
2015-07-31,54.54999923706055,54.59000015258789,54.2599983215332,54.380001068115234,26.47845458984375,4843900,MO
2015-08-03,54.43000030517578,54.68000030517578,54.099998474121094,54.65999984741211,26.61479949951172,4055000,MO
2015-08-04,54.54999923706055,55.08000183105469,54.5,54.91999816894531,26.741392135620117,4901600,MO
2015-08-05,55.130001068115234,55.630001068115234,54.95000076293945,55.470001220703125,27.009191513061523,6200800,MO
2015-08-06,55.650001525878906,55.79999923706055,55.47999954223633,55.56999969482422,27.057899475097656,5965500,MO
2015-08-07,55.5,55.65999984741211,55.06999969482422,55.4900016784668,27.01893424987793,5507700,MO
2015-08-10,55.70000076293945,55.9900016784668,55.5099983215332,55.709999084472656,27.12605094909668,4658400,MO
2015-08-11,55.43000030517578,56.38999938964844,55.2400016784668,55.72999954223633,27.135799407958984,8357800,MO
2015-08-12,55.310001373291016,55.7400016784668,55.20000076293945,55.7400016784668,27.140666961669922,5880900,MO
2015-08-13,55.5099983215332,55.66999816894531,55.119998931884766,55.56999969482422,27.057899475097656,6094100,MO
2015-08-14,55.56999969482422,55.790000915527344,55.27000045776367,55.7599983215332,27.150394439697266,4105000,MO
2015-08-17,55.5,55.77000045776367,55.099998474121094,55.66999816894531,27.106576919555664,3382600,MO
2015-08-18,55.58000183105469,55.68000030517578,55.099998474121094,55.20000076293945,26.877721786499023,4944400,MO
2015-08-19,55.0,55.279998779296875,54.16999816894531,54.810001373291016,26.687841415405273,8330000,MO
2015-08-20,54.34000015258789,55.34000015258789,54.20000076293945,54.72999954223633,26.648874282836914,6020800,MO
2015-08-21,54.220001220703125,54.9900016784668,53.900001525878906,53.939998626708984,26.26421546936035,10551300,MO
2015-08-24,48.709999084472656,52.13999938964844,47.40999984741211,52.13999938964844,25.387767791748047,17160800,MO
2015-08-25,53.5099983215332,53.83000183105469,51.81999969482422,51.81999969482422,25.231948852539062,9402700,MO
2015-08-26,53.0,53.29999923706055,51.599998474121094,53.209999084472656,25.908761978149414,10016200,MO
2015-08-27,53.65999984741211,53.97999954223633,52.68000030517578,53.709999084472656,26.1522216796875,7654000,MO
2015-08-28,53.70000076293945,54.29999923706055,53.63999938964844,54.16999816894531,26.376211166381836,7450100,MO
2015-08-31,53.970001220703125,54.119998931884766,53.5,53.58000183105469,26.088930130004883,5035700,MO
2015-09-01,52.720001220703125,52.720001220703125,51.70000076293945,52.029998779296875,25.334211349487305,8717100,MO
2015-09-02,52.56999969482422,53.20000076293945,52.459999084472656,53.130001068115234,25.869813919067383,6616100,MO
2015-09-03,53.400001525878906,53.93000030517578,53.29999923706055,53.59000015258789,26.09379005432129,4961600,MO
2015-09-04,53.0,53.08000183105469,52.13999938964844,52.380001068115234,25.5046329498291,7089600,MO
2015-09-08,52.959999084472656,53.5,52.650001525878906,53.4900016784668,26.045103073120117,5792800,MO
2015-09-09,53.97999954223633,54.150001525878906,52.86000061035156,53.02000045776367,25.816251754760742,6454000,MO
2015-09-10,52.97999954223633,53.47999954223633,52.81999969482422,53.27000045776367,25.93799591064453,7974700,MO
2015-09-11,52.689998626708984,53.119998931884766,52.20000076293945,52.59000015258789,25.881383895874023,5373400,MO
2015-09-14,52.720001220703125,52.79999923706055,52.150001525878906,52.45000076293945,25.812490463256836,5568700,MO
2015-09-15,52.689998626708984,54.20000076293945,52.27000045776367,54.11000061035156,26.629432678222656,10665600,MO
2015-09-16,55.5,55.65999984741211,54.81999969482422,55.36000061035156,27.244598388671875,10713500,MO
2015-09-17,55.220001220703125,55.36000061035156,54.400001525878906,54.689998626708984,26.914871215820312,9801600,MO
2015-09-18,54.0,55.2400016784668,53.880001068115234,54.04999923706055,26.599903106689453,12866900,MO
2015-09-21,54.4900016784668,54.959999084472656,54.279998779296875,54.790000915527344,26.964075088500977,4085100,MO
2015-09-22,54.189998626708984,54.54999923706055,53.88999938964844,54.20000076293945,26.67373275756836,4949900,MO
2015-09-23,54.06999969482422,54.4900016784668,54.0,54.400001525878906,26.77215576171875,3677100,MO
2015-09-24,54.13999938964844,54.790000915527344,54.040000915527344,54.61000061035156,26.87550926208496,5602300,MO
2015-09-25,54.77000045776367,55.36000061035156,54.59000015258789,54.790000915527344,26.964075088500977,5656800,MO
2015-09-28,54.34000015258789,55.5,54.29999923706055,54.630001068115234,26.88534164428711,7882700,MO
2015-09-29,54.63999938964844,54.81999969482422,53.869998931884766,54.22999954223633,26.68848991394043,7335900,MO
2015-09-30,54.81999969482422,54.939998626708984,54.02000045776367,54.400001525878906,26.77215576171875,7766600,MO
2015-10-01,54.459999084472656,54.540000915527344,53.75,54.220001220703125,26.68356704711914,7114600,MO
2015-10-02,53.81999969482422,54.869998931884766,53.68000030517578,54.86000061035156,26.998525619506836,5000000,MO
2015-10-05,55.2400016784668,55.75,55.0099983215332,55.72999954223633,27.426687240600586,8563500,MO
2015-10-06,55.59000015258789,55.959999084472656,55.25,55.40999984741211,27.269216537475586,5639300,MO
2015-10-07,55.40999984741211,55.900001525878906,55.34000015258789,55.900001525878906,27.510356903076172,5922100,MO
2015-10-08,55.869998931884766,56.380001068115234,55.38999938964844,56.369998931884766,27.741653442382812,5587600,MO
2015-10-09,56.599998474121094,57.5,56.5,56.810001373291016,27.958206176757812,8383100,MO
2015-10-12,56.849998474121094,57.66999816894531,56.810001373291016,57.459999084472656,28.278078079223633,6053200,MO
2015-10-13,57.54999923706055,57.77000045776367,57.15999984741211,57.619998931884766,28.356822967529297,6167600,MO
2015-10-14,57.43000030517578,57.93000030517578,57.41999816894531,57.54999923706055,28.322378158569336,6087300,MO
2015-10-15,57.970001220703125,58.31999969482422,57.720001220703125,57.869998931884766,28.4798641204834,7314500,MO
2015-10-16,58.27000045776367,59.119998931884766,58.04999923706055,58.720001220703125,28.89817237854004,9116200,MO
2015-10-19,58.66999816894531,59.720001220703125,58.41999816894531,59.65999984741211,29.36078643798828,6403700,MO
2015-10-20,59.66999816894531,59.939998626708984,59.369998931884766,59.7400016784668,29.400156021118164,5432000,MO
2015-10-21,59.7400016784668,60.33000183105469,59.369998931884766,59.84000015258789,29.44936752319336,5204700,MO
2015-10-22,60.099998474121094,61.56999969482422,60.09000015258789,61.400001525878906,30.217100143432617,7372700,MO
2015-10-23,61.5099983215332,61.58000183105469,60.220001220703125,61.04999923706055,30.044843673706055,8025000,MO
2015-10-26,61.36000061035156,61.58000183105469,60.939998626708984,61.400001525878906,30.217100143432617,5101700,MO
2015-10-27,61.060001373291016,61.279998779296875,60.61000061035156,61.060001373291016,30.049772262573242,4500900,MO
2015-10-28,61.33000183105469,61.439998626708984,60.56999969482422,61.439998626708984,30.236778259277344,5143900,MO
2015-10-29,61.459999084472656,61.7400016784668,60.529998779296875,61.529998779296875,30.28107261657715,6018100,MO
2015-10-30,61.20000076293945,61.29999923706055,60.45000076293945,60.470001220703125,29.759410858154297,6882500,MO
2015-11-02,60.81999969482422,60.88999938964844,59.9900016784668,60.5,29.774181365966797,5921200,MO
2015-11-03,59.939998626708984,60.0,57.72999954223633,57.849998474121094,28.470016479492188,12133800,MO
2015-11-04,57.88999938964844,58.22999954223633,57.77000045776367,58.029998779296875,28.558605194091797,9298800,MO
2015-11-05,58.400001525878906,58.459999084472656,57.77000045776367,58.04999923706055,28.568449020385742,5382100,MO
2015-11-06,57.75,57.790000915527344,56.349998474121094,57.09000015258789,28.09599494934082,7996300,MO
2015-11-09,56.779998779296875,57.380001068115234,56.58000183105469,57.08000183105469,28.091075897216797,6247700,MO
2015-11-10,57.0099983215332,57.290000915527344,56.709999084472656,56.790000915527344,27.94835662841797,4866800,MO
2015-11-11,57.0,57.7400016784668,57.0,57.209999084472656,28.155048370361328,8123400,MO
2015-11-12,57.150001525878906,57.400001525878906,56.59000015258789,56.7599983215332,27.933597564697266,5254100,MO
2015-11-13,56.7599983215332,57.040000915527344,56.2599983215332,56.279998779296875,27.697357177734375,4651700,MO
2015-11-16,56.279998779296875,56.91999816894531,56.25,56.77000045776367,27.938512802124023,5152000,MO
2015-11-17,56.849998474121094,57.099998474121094,56.5099983215332,56.68000030517578,27.89421844482422,3883400,MO
2015-11-18,56.88999938964844,57.150001525878906,56.439998626708984,57.060001373291016,28.08123016357422,6322200,MO
2015-11-19,57.220001220703125,58.029998779296875,57.220001220703125,57.459999084472656,28.278078079223633,5583700,MO
2015-11-20,57.54999923706055,58.380001068115234,57.08000183105469,57.130001068115234,28.115680694580078,6329000,MO
2015-11-23,57.31999969482422,57.84000015258789,57.13999938964844,57.619998931884766,28.356822967529297,4521800,MO
2015-11-24,57.38999938964844,57.83000183105469,57.0099983215332,57.56999969482422,28.332223892211914,3714300,MO
2015-11-25,57.599998474121094,57.72999954223633,57.15999984741211,57.5,28.297775268554688,2980100,MO
2015-11-27,57.59000015258789,58.029998779296875,57.5,57.75,28.420808792114258,1767900,MO
2015-11-30,57.959999084472656,58.5,57.5,57.599998474121094,28.34698486328125,7878400,MO
2015-12-01,57.65999984741211,57.959999084472656,57.27000045776367,57.88999938964844,28.489707946777344,4852100,MO
2015-12-02,57.88999938964844,58.400001525878906,57.75,57.84000015258789,28.46509552001953,5269500,MO
2015-12-03,57.70000076293945,58.0,56.86000061035156,57.09000015258789,28.09599494934082,5165000,MO
2015-12-04,57.459999084472656,58.56999969482422,57.43000030517578,58.5099983215332,28.794822692871094,7450900,MO
2015-12-07,58.59000015258789,58.90999984741211,58.06999969482422,58.27000045776367,28.676708221435547,4262000,MO
2015-12-08,58.18000030517578,58.36000061035156,57.7599983215332,58.22999954223633,28.657028198242188,3227300,MO
2015-12-09,58.02000045776367,58.470001220703125,57.04999923706055,57.33000183105469,28.214113235473633,5427900,MO
2015-12-10,57.47999954223633,57.65999984741211,56.83000183105469,57.18000030517578,28.140287399291992,4717800,MO
2015-12-11,56.720001220703125,57.09000015258789,56.2400016784668,56.459999084472656,27.785947799682617,5310900,MO
2015-12-14,56.38999938964844,57.59000015258789,56.16999816894531,57.52000045776367,28.307619094848633,6497300,MO
2015-12-15,57.779998779296875,58.2400016784668,57.15999984741211,57.34000015258789,28.21904182434082,6042900,MO
2015-12-16,57.720001220703125,59.150001525878906,57.400001525878906,58.95000076293945,29.0113582611084,6865100,MO
2015-12-17,58.790000915527344,58.95000076293945,58.34000015258789,58.43000030517578,28.755451202392578,5165700,MO
2015-12-18,58.130001068115234,58.189998626708984,57.11000061035156,57.130001068115234,28.115680694580078,11698500,MO
2015-12-21,57.43000030517578,57.720001220703125,56.63999938964844,57.439998626708984,28.26824188232422,7881700,MO
2015-12-22,57.16999816894531,57.88999938964844,56.75,57.77000045776367,28.713083267211914,6713700,MO
2015-12-23,57.939998626708984,58.4900016784668,57.68000030517578,58.43000030517578,29.041112899780273,4148700,MO
2015-12-24,58.31999969482422,58.58000183105469,58.25,58.290000915527344,28.971538543701172,1785200,MO
2015-12-28,58.11000061035156,58.439998626708984,57.83000183105469,58.27000045776367,28.961585998535156,3376900,MO
2015-12-29,58.59000015258789,58.9900016784668,58.349998474121094,58.91999816894531,29.284656524658203,3813300,MO
2015-12-30,58.97999954223633,59.130001068115234,58.619998931884766,58.79999923706055,29.22501564025879,3236800,MO
2015-12-31,58.5099983215332,58.70000076293945,58.099998474121094,58.209999084472656,28.93177604675293,3652200,MO
2016-01-04,57.540000915527344,57.58000183105469,56.560001373291016,57.38999938964844,28.52420997619629,6800600,MO
2016-01-05,57.47999954223633,58.7400016784668,57.41999816894531,58.54999923706055,29.100759506225586,6407700,MO
2016-01-06,58.04999923706055,59.470001220703125,58.0,59.16999816894531,29.40892219543457,7686600,MO
2016-01-07,57.91999816894531,59.29999923706055,57.83000183105469,58.13999938964844,28.8969783782959,7314200,MO
2016-01-08,58.29999923706055,59.22999954223633,58.029998779296875,58.2400016784668,28.94668960571289,7059500,MO
2016-01-11,58.68000030517578,59.7400016784668,58.68000030517578,59.459999084472656,29.553049087524414,8228800,MO
2016-01-12,59.959999084472656,60.08000183105469,58.91999816894531,59.380001068115234,29.51329803466797,5628400,MO
2016-01-13,59.349998474121094,59.349998474121094,57.70000076293945,57.779998779296875,28.71805763244629,7714600,MO
2016-01-14,57.70000076293945,58.70000076293945,57.5099983215332,58.220001220703125,28.936735153198242,6739100,MO
2016-01-15,57.04999923706055,58.150001525878906,56.83000183105469,57.20000076293945,28.429771423339844,9785800,MO
2016-01-19,57.779998779296875,58.650001525878906,57.689998626708984,58.400001525878906,29.026208877563477,7911500,MO
2016-01-20,57.56999969482422,58.13999938964844,56.150001525878906,57.220001220703125,28.439720153808594,9562900,MO
2016-01-21,57.47999954223633,57.7400016784668,56.7599983215332,57.45000076293945,28.554033279418945,6150900,MO
2016-01-22,58.150001525878906,58.40999984741211,57.52000045776367,58.279998779296875,28.966564178466797,6449300,MO
2016-01-25,58.4900016784668,59.13999938964844,58.27000045776367,58.400001525878906,29.026208877563477,6677800,MO
2016-01-26,58.709999084472656,59.70000076293945,58.349998474121094,58.959999084472656,29.304536819458008,8360900,MO
2016-01-27,58.9900016784668,60.119998931884766,58.5099983215332,58.959999084472656,29.304536819458008,8297200,MO
2016-01-28,58.11000061035156,59.88999938964844,58.02000045776367,59.630001068115234,29.637540817260742,7445900,MO
2016-01-29,60.220001220703125,61.18000030517578,60.02000045776367,61.11000061035156,30.373136520385742,10240000,MO
2016-02-01,60.72999954223633,61.380001068115234,60.70000076293945,60.939998626708984,30.288639068603516,6017600,MO
2016-02-02,60.439998626708984,60.79999923706055,60.04999923706055,60.4900016784668,30.064985275268555,6734700,MO
2016-02-03,60.5,61.02000045776367,59.13999938964844,59.84000015258789,29.741920471191406,7979700,MO
2016-02-04,59.349998474121094,59.959999084472656,58.869998931884766,59.47999954223633,29.56298828125,6364700,MO
2016-02-05,59.79999923706055,60.0,58.84000015258789,59.79999923706055,29.722034454345703,7506300,MO
2016-02-08,59.11000061035156,60.41999816894531,59.0,60.119998931884766,29.881084442138672,7922900,MO
2016-02-09,60.150001525878906,61.130001068115234,59.72999954223633,60.45000076293945,30.04510498046875,7670800,MO
2016-02-10,60.61000061035156,61.08000183105469,59.91999816894531,60.04999923706055,29.846290588378906,6137500,MO
2016-02-11,59.56999969482422,60.29999923706055,59.18000030517578,59.9900016784668,29.816471099853516,5865900,MO
2016-02-12,60.33000183105469,60.63999938964844,59.5099983215332,59.970001220703125,29.80653190612793,6719700,MO
2016-02-16,60.2599983215332,60.540000915527344,59.72999954223633,60.29999923706055,29.970550537109375,6590900,MO
2016-02-17,60.470001220703125,60.75,59.849998474121094,60.400001525878906,30.020259857177734,5311700,MO
2016-02-18,60.31999969482422,60.70000076293945,60.22999954223633,60.619998931884766,30.129596710205078,5524700,MO
2016-02-19,60.619998931884766,60.93000030517578,60.029998779296875,60.560001373291016,30.09978485107422,4982300,MO
2016-02-22,60.560001373291016,61.36000061035156,60.560001373291016,61.209999084472656,30.422840118408203,4590500,MO
2016-02-23,61.220001220703125,61.77000045776367,61.040000915527344,61.52000045776367,30.57692527770996,4686100,MO
2016-02-24,61.20000076293945,61.41999816894531,60.630001068115234,61.36000061035156,30.497406005859375,4186900,MO
2016-02-25,61.5,62.45000076293945,61.380001068115234,62.380001068115234,31.004358291625977,5207200,MO
2016-02-26,62.529998779296875,62.529998779296875,61.279998779296875,61.540000915527344,30.586868286132812,5543600,MO
2016-02-29,61.5099983215332,62.2400016784668,61.27000045776367,61.56999969482422,30.601764678955078,6266400,MO
2016-03-01,62.130001068115234,62.290000915527344,61.31999969482422,61.72999954223633,30.68129539489746,7102000,MO
2016-03-02,61.47999954223633,61.689998626708984,61.029998779296875,61.5,30.566984176635742,5623100,MO
2016-03-03,61.5,62.290000915527344,61.15999984741211,62.22999954223633,30.929805755615234,5119100,MO
2016-03-04,62.150001525878906,63.06999969482422,61.880001068115234,62.97999954223633,31.302583694458008,5930900,MO
2016-03-07,62.86000061035156,63.08000183105469,61.599998474121094,61.810001373291016,30.721050262451172,9973000,MO
2016-03-08,61.77000045776367,62.38999938964844,61.45000076293945,62.29999923706055,30.964597702026367,5875100,MO
2016-03-09,62.63999938964844,62.88999938964844,62.400001525878906,62.810001373291016,31.218082427978516,5932700,MO
2016-03-10,62.90999984741211,63.150001525878906,62.41999816894531,63.0,31.312524795532227,6126100,MO
2016-03-11,62.79999923706055,62.86000061035156,61.7400016784668,62.0099983215332,31.0993709564209,7469800,MO
2016-03-14,62.13999938964844,62.29999923706055,61.56999969482422,62.0099983215332,31.0993709564209,4755100,MO
2016-03-15,61.689998626708984,62.060001373291016,61.66999816894531,61.86000061035156,31.024133682250977,5815100,MO
2016-03-16,61.83000183105469,62.220001220703125,61.279998779296875,62.06999969482422,31.12946319580078,5282300,MO
2016-03-17,62.06999969482422,62.68000030517578,62.0099983215332,62.33000183105469,31.259859085083008,7225100,MO
2016-03-18,62.38999938964844,62.439998626708984,61.38999938964844,61.540000915527344,30.86366081237793,16636600,MO
2016-03-21,61.45000076293945,62.0,61.060001373291016,61.720001220703125,30.95393180847168,4124700,MO
2016-03-22,61.45000076293945,61.65999984741211,60.77000045776367,61.0,30.592830657958984,5198500,MO
2016-03-23,60.86000061035156,61.779998779296875,60.33000183105469,61.40999984741211,30.798458099365234,6229300,MO
2016-03-24,60.810001373291016,61.290000915527344,60.5099983215332,60.880001068115234,30.53265380859375,5652700,MO
2016-03-28,60.869998931884766,61.849998474121094,60.849998474121094,61.630001068115234,30.908788681030273,4468500,MO
2016-03-29,61.86000061035156,62.58000183105469,61.47999954223633,62.029998779296875,31.10940170288086,8973300,MO
2016-03-30,62.15999984741211,62.79999923706055,62.029998779296875,62.58000183105469,31.38524627685547,6623100,MO
2016-03-31,62.58000183105469,63.0,62.369998931884766,62.65999984741211,31.42536163330078,6442800,MO
2016-04-01,62.349998474121094,63.150001525878906,62.11000061035156,63.060001373291016,31.6259708404541,5833100,MO
2016-04-04,63.029998779296875,63.29999923706055,62.66999816894531,63.22999954223633,31.711225509643555,5093000,MO
2016-04-05,63.040000915527344,63.27000045776367,62.790000915527344,62.93000030517578,31.560773849487305,4729100,MO
2016-04-06,63.0,63.63999938964844,62.91999816894531,63.560001373291016,31.876728057861328,5581300,MO
2016-04-07,63.220001220703125,63.709999084472656,62.83000183105469,63.40999984741211,31.80150032043457,5600200,MO
2016-04-08,63.41999816894531,63.959999084472656,63.41999816894531,63.79999923706055,31.997093200683594,5044800,MO
2016-04-11,64.11000061035156,64.16000366210938,63.220001220703125,63.310001373291016,31.75135040283203,5929000,MO
2016-04-12,63.599998474121094,63.97999954223633,63.33000183105469,63.81999969482422,32.00713348388672,4980600,MO
2016-04-13,64.11000061035156,64.11000061035156,61.029998779296875,62.06999969482422,31.12946319580078,14748200,MO
2016-04-14,62.189998626708984,62.65999984741211,61.5,61.59000015258789,30.888729095458984,7386500,MO
2016-04-15,61.709999084472656,61.75,60.849998474121094,61.68000030517578,30.93385887145996,6738700,MO
2016-04-18,61.68000030517578,62.41999816894531,61.58000183105469,62.16999816894531,31.179611206054688,4344000,MO
2016-04-19,61.9900016784668,62.09000015258789,61.130001068115234,61.709999084472656,30.948911666870117,4966500,MO
2016-04-20,61.56999969482422,61.91999816894531,61.209999084472656,61.47999954223633,30.833568572998047,4636900,MO
2016-04-21,61.349998474121094,61.41999816894531,60.09000015258789,60.18000030517578,30.18157958984375,6611700,MO
2016-04-22,60.2400016784668,60.560001373291016,59.47999954223633,60.52000045776367,30.352094650268555,6978100,MO
2016-04-25,60.5,61.22999954223633,60.189998626708984,61.220001220703125,30.70317268371582,4785800,MO
2016-04-26,61.27000045776367,61.529998779296875,60.790000915527344,61.349998474121094,30.76835823059082,5619400,MO
2016-04-27,61.439998626708984,61.97999954223633,60.97999954223633,61.54999923706055,30.868663787841797,6189400,MO
2016-04-28,61.599998474121094,62.599998474121094,61.560001373291016,62.189998626708984,31.189638137817383,5545000,MO
2016-04-29,62.279998779296875,63.130001068115234,62.25,62.709999084472656,31.450435638427734,6470300,MO
2016-05-02,62.83000183105469,63.41999816894531,62.599998474121094,63.119998931884766,31.65605926513672,4740200,MO
2016-05-03,63.04999923706055,63.459999084472656,62.779998779296875,63.20000076293945,31.696176528930664,5197900,MO
2016-05-04,62.939998626708984,63.59000015258789,62.689998626708984,63.22999954223633,31.711225509643555,5468800,MO
2016-05-05,62.66999816894531,63.58000183105469,62.59000015258789,62.84000015258789,31.515636444091797,8835500,MO
2016-05-06,62.720001220703125,63.209999084472656,62.65999984741211,62.93000030517578,31.560773849487305,7225400,MO
2016-05-09,63.15999984741211,63.779998779296875,62.91999816894531,63.65999984741211,31.9268798828125,6759300,MO
2016-05-10,63.97999954223633,64.6500015258789,63.709999084472656,64.5999984741211,32.3983039855957,6489200,MO
2016-05-11,64.52999877929688,64.87000274658203,64.31999969482422,64.61000061035156,32.40332794189453,4776400,MO
2016-05-12,64.66000366210938,65.23999786376953,64.3499984741211,65.0199966430664,32.608951568603516,5652800,MO
2016-05-13,64.69999694824219,65.52999877929688,64.37000274658203,64.58000183105469,32.38827896118164,5643500,MO
2016-05-16,64.30000305175781,64.93000030517578,63.65999984741211,64.76000213623047,32.47856140136719,4811000,MO
2016-05-17,64.44999694824219,64.48999786376953,63.5,63.880001068115234,32.037208557128906,6949500,MO
2016-05-18,63.709999084472656,63.7400016784668,62.650001525878906,62.9900016784668,31.59086036682129,6277100,MO
2016-05-19,62.880001068115234,63.380001068115234,62.56999969482422,63.349998474121094,31.771404266357422,4379800,MO
2016-05-20,63.59000015258789,63.70000076293945,62.7599983215332,62.959999084472656,31.5758113861084,4815400,MO
2016-05-23,62.9900016784668,63.349998474121094,62.810001373291016,63.2400016784668,31.716245651245117,3709800,MO
2016-05-24,63.59000015258789,64.12000274658203,63.5099983215332,63.790000915527344,31.99207305908203,5209700,MO
2016-05-25,63.790000915527344,64.1500015258789,63.63999938964844,63.91999816894531,32.05728530883789,4265900,MO
2016-05-26,63.849998474121094,64.08999633789062,63.650001525878906,64.0,32.09740447998047,3732700,MO
2016-05-27,64.05999755859375,64.2699966430664,63.66999816894531,63.959999084472656,32.077335357666016,3255700,MO
2016-05-31,64.12000274658203,64.29000091552734,63.2400016784668,63.63999938964844,31.916860580444336,6922600,MO
2016-06-01,63.68000030517578,64.5,63.65999984741211,64.3499984741211,32.2729377746582,5993500,MO
2016-06-02,64.26000213623047,64.36000061035156,63.91999816894531,64.30999755859375,32.252872467041016,3673000,MO
2016-06-03,64.5,65.5,64.38999938964844,65.30000305175781,32.74938201904297,6829500,MO
2016-06-06,65.45999908447266,65.6500015258789,64.87999725341797,65.19999694824219,32.69921875,4813400,MO
2016-06-07,65.22000122070312,65.44000244140625,64.97000122070312,65.0999984741211,32.64907455444336,4177200,MO
2016-06-08,65.0199966430664,65.68000030517578,64.87000274658203,65.62000274658203,32.90986633300781,5437700,MO
2016-06-09,65.5,66.0,65.25,65.86000061035156,33.03022384643555,4638100,MO
2016-06-10,65.55999755859375,66.19000244140625,65.5199966430664,66.12999725341797,33.165645599365234,5208200,MO
2016-06-13,65.5,65.9000015258789,64.80999755859375,64.83999633789062,32.79890060424805,7761100,MO
2016-06-14,64.97000122070312,65.38999938964844,64.5199966430664,65.30000305175781,33.03159713745117,7870400,MO
2016-06-15,65.43000030517578,65.72000122070312,64.83000183105469,65.33000183105469,33.046756744384766,5361500,MO
2016-06-16,65.33000183105469,66.0,65.05999755859375,65.94999694824219,33.36038589477539,5778300,MO
2016-06-17,65.8499984741211,65.93000030517578,64.94000244140625,65.4000015258789,33.08217239379883,7311700,MO
2016-06-20,65.7699966430664,66.18000030517578,65.56999969482422,65.87999725341797,33.32496643066406,5787300,MO
2016-06-21,66.29000091552734,66.75,66.16000366210938,66.18000030517578,33.47672653198242,4710400,MO
2016-06-22,66.36000061035156,66.5999984741211,66.08999633789062,66.1500015258789,33.46155548095703,4919400,MO
2016-06-23,66.48999786376953,66.56999969482422,65.95999908447266,66.30999755859375,33.5424919128418,5042000,MO
2016-06-24,65.13999938964844,68.0,65.06999969482422,67.0199966430664,33.90163040161133,16923900,MO
2016-06-27,67.06999969482422,67.9800033569336,66.94999694824219,67.93000030517578,34.36195755004883,11135200,MO
2016-06-28,67.69000244140625,67.91999816894531,66.97000122070312,67.91000366210938,34.351837158203125,8631600,MO
2016-06-29,68.23999786376953,68.41999816894531,67.5199966430664,67.83000183105469,34.311370849609375,7191100,MO
2016-06-30,67.9000015258789,69.26000213623047,67.5999984741211,68.95999908447266,34.882972717285156,9858600,MO
2016-07-01,69.27999877929688,69.62999725341797,68.86000061035156,69.0199966430664,34.913330078125,7087400,MO
2016-07-05,69.12000274658203,70.1500015258789,69.0,69.61000061035156,35.21177291870117,7905300,MO
2016-07-06,69.56999969482422,70.0,69.19999694824219,69.72000122070312,35.26741409301758,6665600,MO
2016-07-07,69.9000015258789,69.94999694824219,69.25,69.30000305175781,35.054962158203125,5330900,MO
2016-07-08,69.44000244140625,69.88999938964844,68.88999938964844,69.83000183105469,35.32306671142578,5339500,MO
2016-07-11,69.9000015258789,70.05999755859375,69.12999725341797,69.87000274658203,35.34330368041992,5101300,MO
2016-07-12,69.6500015258789,69.86000061035156,68.83999633789062,68.87000274658203,34.837459564208984,7752900,MO
2016-07-13,68.9000015258789,69.31999969482422,68.87999725341797,69.08000183105469,34.94367599487305,5661300,MO
2016-07-14,68.87999725341797,69.30999755859375,68.69999694824219,68.91999816894531,34.86275100708008,5170500,MO
2016-07-15,69.16999816894531,69.4800033569336,68.94999694824219,69.41000366210938,35.11061096191406,5714100,MO
2016-07-18,69.30999755859375,69.41999816894531,68.81999969482422,69.16999816894531,34.989200592041016,4570000,MO
2016-07-19,68.80999755859375,69.2300033569336,68.44999694824219,69.22000122070312,35.01451110839844,4725400,MO
2016-07-20,69.23999786376953,69.36000061035156,68.86000061035156,69.01000213623047,34.90826416015625,4272300,MO
2016-07-21,68.94999694824219,69.0,68.25,68.7300033569336,34.76663589477539,5259500,MO
2016-07-22,68.94000244140625,69.02999877929688,68.70999908447266,68.86000061035156,34.832401275634766,5772400,MO
2016-07-25,68.77999877929688,68.94000244140625,68.44000244140625,68.80000305175781,34.802040100097656,3916700,MO
2016-07-26,68.79000091552734,68.91999816894531,67.61000061035156,67.93000030517578,34.36195755004883,7358700,MO
2016-07-27,68.63999938964844,68.63999938964844,66.12000274658203,66.75,33.765071868896484,11250200,MO
2016-07-28,66.80999755859375,67.25,66.30999755859375,67.11000061035156,33.947166442871094,5816400,MO
2016-07-29,67.19999694824219,68.05000305175781,66.80999755859375,67.69999694824219,34.245609283447266,6147700,MO
2016-08-01,67.66000366210938,68.0,67.2300033569336,67.6500015258789,34.22032165527344,5038200,MO
2016-08-02,67.87999725341797,68.0,67.2300033569336,67.33999633789062,34.063514709472656,3974400,MO
2016-08-03,67.26000213623047,67.30000305175781,66.05999755859375,66.37000274658203,33.57284927368164,5662900,MO
2016-08-04,66.55000305175781,66.97000122070312,66.36000061035156,66.62000274658203,33.69931411743164,3512800,MO
2016-08-05,66.63999938964844,66.88999938964844,66.26000213623047,66.52999877929688,33.653778076171875,4695200,MO
2016-08-08,66.31999969482422,66.6500015258789,65.69999694824219,66.48999786376953,33.63353729248047,4947300,MO
2016-08-09,66.55000305175781,66.91999816894531,66.16999816894531,66.62000274658203,33.69931411743164,3305200,MO
2016-08-10,66.66999816894531,67.08000183105469,66.63999938964844,66.83999633789062,33.81058120727539,3161400,MO
2016-08-11,67.05999755859375,67.20999908447266,66.72000122070312,66.73999786376953,33.760013580322266,4341000,MO
2016-08-12,66.94999694824219,67.12999725341797,66.68000030517578,66.73999786376953,33.760013580322266,4174700,MO
2016-08-15,66.66999816894531,66.69000244140625,66.25,66.26000213623047,33.51719665527344,4072500,MO
2016-08-16,66.08000183105469,66.5,66.01000213623047,66.26000213623047,33.51719665527344,4876700,MO
2016-08-17,66.41999816894531,66.68000030517578,65.87999725341797,66.45999908447266,33.61836242675781,4736700,MO
2016-08-18,66.45999908447266,66.56999969482422,66.11000061035156,66.30999755859375,33.5424919128418,4432600,MO
2016-08-19,66.4000015258789,66.56999969482422,65.93000030517578,66.33000183105469,33.5526123046875,3274800,MO
2016-08-22,66.38999938964844,66.47000122070312,66.08999633789062,66.33999633789062,33.55765914916992,2963100,MO
2016-08-23,66.58000183105469,66.70999908447266,66.37999725341797,66.45999908447266,33.61836242675781,3072800,MO
2016-08-24,66.27999877929688,66.37000274658203,65.80999755859375,66.16000366210938,33.46662139892578,5184600,MO
2016-08-25,66.25,66.30999755859375,65.69999694824219,65.91999816894531,33.34522247314453,4749100,MO
2016-08-26,65.97000122070312,66.58000183105469,65.72000122070312,65.83000183105469,33.2996940612793,5136300,MO
2016-08-29,65.83000183105469,66.13999938964844,65.72000122070312,66.0999984741211,33.43626022338867,3616800,MO
2016-08-30,66.12000274658203,66.23999786376953,65.76000213623047,65.87999725341797,33.32496643066406,3865600,MO
2016-08-31,65.70999908447266,66.12999725341797,65.69999694824219,66.08999633789062,33.431209564208984,4882000,MO
2016-09-01,65.91000366210938,66.33999633789062,65.7300033569336,66.31999969482422,33.54755401611328,4515100,MO
2016-09-02,66.61000061035156,67.2300033569336,66.44999694824219,66.87999725341797,33.8308219909668,4352000,MO
2016-09-06,66.88999938964844,67.31999969482422,66.75,67.19999694824219,33.99269485473633,4722700,MO
2016-09-07,67.12000274658203,67.30999755859375,66.5,66.72000122070312,33.74989700317383,4253500,MO
2016-09-08,66.83999633789062,67.08000183105469,66.16999816894531,66.4000015258789,33.588016510009766,4721200,MO
2016-09-09,66.05999755859375,66.08000183105469,63.560001373291016,63.560001373291016,32.151424407958984,10546400,MO
2016-09-12,63.52000045776367,64.80999755859375,63.5099983215332,64.66999816894531,32.71290969848633,8601900,MO
2016-09-13,64.20999908447266,64.4800033569336,63.470001220703125,63.54999923706055,32.452476501464844,6437700,MO
2016-09-14,63.58000183105469,63.77000045776367,62.81999969482422,63.119998931884766,32.23288345336914,6725400,MO
2016-09-15,62.91999816894531,63.380001068115234,62.59000015258789,63.25,32.29927444458008,5748100,MO
2016-09-16,63.02000045776367,63.06999969482422,62.459999084472656,62.79999923706055,32.06947326660156,7103300,MO
2016-09-19,62.81999969482422,63.0,62.599998474121094,62.720001220703125,32.02862548828125,3543100,MO
2016-09-20,62.79999923706055,63.220001220703125,62.70000076293945,62.970001220703125,32.15628433227539,4137500,MO
2016-09-21,62.83000183105469,63.630001068115234,62.599998474121094,63.5,32.42693328857422,4967100,MO
2016-09-22,63.75,64.31999969482422,63.709999084472656,64.12000274658203,32.74354553222656,4586700,MO
2016-09-23,64.37000274658203,64.38999938964844,63.709999084472656,63.869998931884766,32.61588668823242,4428500,MO
2016-09-26,63.83000183105469,63.880001068115234,62.97999954223633,63.029998779296875,32.18692398071289,4793900,MO
2016-09-27,63.279998779296875,63.43000030517578,62.790000915527344,63.31999969482422,32.33501434326172,4487000,MO
2016-09-28,63.52000045776367,63.900001525878906,63.36000061035156,63.77000045776367,32.56481170654297,7021000,MO
2016-09-29,63.52000045776367,63.59000015258789,62.810001373291016,62.81999969482422,32.079689025878906,5211500,MO
2016-09-30,63.09000015258789,63.54999923706055,62.900001525878906,63.22999954223633,32.289058685302734,6599900,MO
2016-10-03,63.040000915527344,63.18000030517578,62.56999969482422,62.849998474121094,32.095008850097656,5113600,MO
2016-10-04,62.70000076293945,62.79999923706055,61.5099983215332,61.779998779296875,31.54861068725586,7866100,MO
2016-10-05,61.58000183105469,61.7599983215332,60.81999969482422,61.220001220703125,31.262638092041016,10026400,MO
2016-10-06,61.0,61.79999923706055,60.849998474121094,61.779998779296875,31.54861068725586,6217000,MO
2016-10-07,62.08000183105469,62.33000183105469,61.5099983215332,61.91999816894531,31.62009620666504,6315300,MO
2016-10-10,62.18000030517578,62.41999816894531,61.650001525878906,61.75,31.533283233642578,5284100,MO
2016-10-11,62.52000045776367,62.54999923706055,61.599998474121094,61.9900016784668,31.655845642089844,7261000,MO
2016-10-12,62.20000076293945,62.75,61.86000061035156,62.540000915527344,31.936697006225586,5035600,MO
2016-10-13,62.459999084472656,62.9900016784668,62.150001525878906,62.689998626708984,32.013301849365234,4911800,MO
2016-10-14,62.65999984741211,62.72999954223633,62.290000915527344,62.439998626708984,31.885644912719727,4716600,MO
2016-10-17,62.439998626708984,62.79999923706055,62.34000015258789,62.43000030517578,31.88053321838379,4040800,MO
2016-10-18,62.779998779296875,63.099998474121094,62.540000915527344,62.65999984741211,31.997983932495117,3622500,MO
2016-10-19,62.2599983215332,62.29999923706055,61.439998626708984,61.90999984741211,31.614994049072266,6374000,MO
2016-10-20,61.849998474121094,62.040000915527344,61.61000061035156,61.849998474121094,31.5843448638916,5131400,MO
2016-10-21,63.810001373291016,64.33999633789062,63.36000061035156,63.70000076293945,32.52907943725586,15060300,MO
2016-10-24,63.869998931884766,65.30000305175781,63.790000915527344,64.94999694824219,33.167396545410156,10831600,MO
2016-10-25,65.04000091552734,65.0999984741211,64.56999969482422,64.70999908447266,33.044837951660156,5101500,MO
2016-10-26,64.55999755859375,64.73999786376953,64.2300033569336,64.5199966430664,32.94781494140625,4700600,MO
2016-10-27,64.05999755859375,65.33999633789062,64.02999877929688,64.43000030517578,32.90184783935547,5680700,MO
2016-10-28,64.86000061035156,66.0999984741211,64.77999877929688,65.87999725341797,33.64230728149414,9130900,MO
2016-10-31,65.87000274658203,66.22000122070312,65.66000366210938,66.12000274658203,33.76487350463867,6012300,MO
2016-11-01,66.19000244140625,66.25,65.4000015258789,65.4800033569336,33.43804168701172,6161100,MO
2016-11-02,65.27999877929688,65.80999755859375,65.11000061035156,65.12000274658203,33.25421142578125,4758100,MO
2016-11-03,65.08999633789062,65.30999755859375,64.38999938964844,65.06999969482422,33.228668212890625,7963200,MO
2016-11-04,64.87999725341797,65.16999816894531,64.30999755859375,64.37999725341797,32.87632751464844,5908700,MO
2016-11-07,64.5999984741211,65.4000015258789,64.5999984741211,65.2699966430664,33.330806732177734,7389200,MO
2016-11-08,65.29000091552734,66.19999694824219,65.19000244140625,65.83999633789062,33.62187194824219,6376400,MO
2016-11-09,64.13999938964844,64.33999633789062,62.630001068115234,64.04000091552734,32.70269775390625,11233200,MO
2016-11-10,63.31999969482422,63.41999816894531,60.93000030517578,61.720001220703125,31.51796531677246,15240000,MO
2016-11-11,61.939998626708984,62.2599983215332,61.599998474121094,61.7599983215332,31.538394927978516,7437600,MO
2016-11-14,61.38999938964844,61.779998779296875,61.029998779296875,61.189998626708984,31.247312545776367,8980100,MO
2016-11-15,61.02000045776367,61.81999969482422,61.02000045776367,61.810001373291016,31.563920974731445,8604600,MO
2016-11-16,61.790000915527344,62.709999084472656,61.7400016784668,62.65999984741211,31.997983932495117,7641500,MO
2016-11-17,62.65999984741211,62.970001220703125,62.459999084472656,62.810001373291016,32.07457733154297,6550500,MO
2016-11-18,62.75,63.279998779296875,62.349998474121094,62.77000045776367,32.05415725708008,6905000,MO
2016-11-21,62.77000045776367,63.72999954223633,62.5,63.689998626708984,32.523963928222656,6933700,MO
2016-11-22,64.0,64.4000015258789,63.79999923706055,64.20999908447266,32.789512634277344,6731300,MO
2016-11-23,63.9900016784668,64.08999633789062,63.619998931884766,64.0199966430664,32.69248580932617,4788700,MO
2016-11-25,64.26000213623047,64.56999969482422,64.16999816894531,64.4800033569336,32.92739486694336,3459400,MO
2016-11-28,64.47000122070312,65.12999725341797,64.33999633789062,64.83000183105469,33.106117248535156,5887700,MO
2016-11-29,64.72000122070312,65.36000061035156,64.66000366210938,65.18000030517578,33.284854888916016,7004400,MO
2016-11-30,64.7300033569336,65.38999938964844,63.869998931884766,63.93000030517578,32.64651870727539,9381700,MO
2016-12-01,63.5099983215332,63.599998474121094,62.400001525878906,62.88999938964844,32.11543655395508,8675100,MO
2016-12-02,62.959999084472656,64.0199966430664,62.959999084472656,63.9900016784668,32.67716979980469,7635000,MO
2016-12-05,63.91999816894531,64.22000122070312,63.41999816894531,63.529998779296875,32.4422607421875,8448800,MO
2016-12-06,63.400001525878906,64.31999969482422,63.25,64.30000305175781,32.83546829223633,6749200,MO
2016-12-07,64.48999786376953,65.4800033569336,64.30999755859375,65.41000366210938,33.40230178833008,8147500,MO
2016-12-08,65.02999877929688,65.62999725341797,64.68000030517578,65.36000061035156,33.37677001953125,6695000,MO
2016-12-09,65.4800033569336,66.56999969482422,65.41000366210938,66.2699966430664,33.84146499633789,7464500,MO
2016-12-12,66.30000305175781,66.77999877929688,66.19999694824219,66.48999786376953,33.95381164550781,5590300,MO
2016-12-13,66.5,67.16000366210938,66.45999908447266,66.69000244140625,34.055938720703125,6968000,MO
2016-12-14,66.86000061035156,67.19000244140625,65.83000183105469,65.94000244140625,33.67295455932617,6359200,MO
2016-12-15,65.69000244140625,66.37999725341797,65.55000305175781,66.26000213623047,33.83635711669922,6465200,MO
2016-12-16,66.25,67.23999786376953,65.81999969482422,67.04000091552734,34.234683990478516,9694200,MO
2016-12-19,67.37000274658203,67.86000061035156,67.20999908447266,67.76000213623047,34.60236358642578,6987600,MO
2016-12-20,67.1500015258789,67.33999633789062,66.33000183105469,67.33999633789062,34.700260162353516,6976500,MO
2016-12-21,67.47000122070312,67.88999938964844,67.23999786376953,67.2699966430664,34.664188385009766,4643400,MO
2016-12-22,67.0999984741211,67.73999786376953,67.08000183105469,67.68000030517578,34.87545394897461,4858800,MO
2016-12-23,67.73999786376953,67.80000305175781,67.51000213623047,67.72000122070312,34.89607238769531,3226400,MO
2016-12-27,67.80000305175781,68.0,67.61000061035156,67.81999969482422,34.94760513305664,3346400,MO
2016-12-28,67.56999969482422,67.75,67.38999938964844,67.51000213623047,34.78785705566406,5333300,MO
2016-12-29,67.2699966430664,68.0,67.12000274658203,67.8499984741211,34.963069915771484,3662800,MO
2016-12-30,67.97000122070312,68.02999877929688,67.5,67.62000274658203,34.844547271728516,5369200,MO
2017-01-03,67.73999786376953,68.04000091552734,67.25,67.62999725341797,34.849693298339844,5799500,MO
2017-01-04,68.16999816894531,68.79000091552734,67.76000213623047,67.8499984741211,34.963069915771484,7553000,MO
2017-01-05,67.97000122070312,68.2699966430664,67.48999786376953,67.93000030517578,35.00429153442383,8173400,MO
2017-01-06,67.94000244140625,68.31999969482422,67.77999877929688,68.2300033569336,35.15888214111328,4925900,MO
2017-01-09,68.2300033569336,68.33000183105469,67.86000061035156,67.94999694824219,35.01459503173828,4815900,MO
2017-01-10,68.13999938964844,68.16999816894531,67.55000305175781,67.72000122070312,34.89607238769531,5226800,MO
2017-01-11,67.77999877929688,68.08000183105469,67.54000091552734,67.6500015258789,34.86000442504883,5618700,MO
2017-01-12,67.47000122070312,67.69000244140625,67.27999877929688,67.51000213623047,34.78785705566406,5007000,MO
2017-01-13,67.4800033569336,67.69000244140625,67.27999877929688,67.58000183105469,34.82393264770508,4073100,MO
2017-01-17,67.81999969482422,68.5199966430664,67.54000091552734,68.4800033569336,35.2877082824707,9012500,MO
2017-01-18,68.55999755859375,69.19999694824219,68.55000305175781,69.16000366210938,35.63811492919922,8063400,MO
2017-01-19,69.13999938964844,69.5999984741211,69.01000213623047,69.55000305175781,35.839073181152344,7853600,MO
2017-01-20,69.66000366210938,70.11000061035156,69.6500015258789,70.01000213623047,36.07611846923828,10188200,MO
2017-01-23,70.22000122070312,70.62999725341797,70.0,70.55000305175781,36.3543815612793,6508800,MO
2017-01-24,70.55000305175781,70.79000091552734,70.4000015258789,70.76000213623047,36.46258544921875,6510500,MO
2017-01-25,71.04000091552734,71.22000122070312,70.7699966430664,70.95999908447266,36.565643310546875,6112700,MO
2017-01-26,71.06999969482422,71.0999984741211,70.63999938964844,70.8499984741211,36.50896453857422,5969700,MO
2017-01-27,70.8499984741211,71.05000305175781,70.5999984741211,71.02999877929688,36.60171127319336,5915600,MO
2017-01-30,70.9800033569336,71.38999938964844,70.81999969482422,71.30000305175781,36.7408561706543,8574700,MO
2017-01-31,71.33000183105469,71.44000244140625,70.97000122070312,71.18000030517578,36.67900848388672,11463000,MO
2017-02-01,69.95999908447266,72.0,68.80000305175781,71.38999938964844,36.78722381591797,11416300,MO
2017-02-02,71.66000366210938,72.08000183105469,71.33000183105469,71.44999694824219,36.818138122558594,8108500,MO
2017-02-03,71.48999786376953,71.95999908447266,71.06999969482422,71.48999786376953,36.83875274658203,6817400,MO
2017-02-06,71.4000015258789,71.80000305175781,71.29000091552734,71.29000091552734,36.735694885253906,5192500,MO
2017-02-07,71.52999877929688,72.2699966430664,71.48999786376953,72.19999694824219,37.20461654663086,5239900,MO
2017-02-08,72.11000061035156,72.58999633789062,72.04000091552734,72.1500015258789,37.17885208129883,4848500,MO
2017-02-09,72.1500015258789,72.55000305175781,71.91000366210938,72.48999786376953,37.35404586791992,5183200,MO
2017-02-10,72.38999938964844,72.58000183105469,72.16999816894531,72.41999816894531,37.31797409057617,4154900,MO
2017-02-13,72.47000122070312,72.58999633789062,71.98999786376953,72.04000091552734,37.12215805053711,5175800,MO
2017-02-14,72.0,72.20999908447266,71.68000030517578,71.87999725341797,37.03971862792969,5120200,MO
2017-02-15,71.72000122070312,72.2699966430664,71.52999877929688,72.16999816894531,37.18914794921875,5222300,MO
2017-02-16,72.16999816894531,72.70999908447266,72.01000213623047,72.70999908447266,37.4674186706543,5594000,MO
2017-02-17,72.4000015258789,72.9800033569336,72.37999725341797,72.97000122070312,37.60139465332031,5568400,MO
2017-02-21,72.79000091552734,73.7300033569336,72.75,73.6500015258789,37.95179748535156,5329300,MO
2017-02-22,73.55000305175781,73.76000213623047,73.29000091552734,73.5999984741211,37.9260368347168,4401200,MO
2017-02-23,73.80999755859375,74.55000305175781,73.69000244140625,74.45999908447266,38.36919403076172,4116800,MO
2017-02-24,74.36000061035156,74.70999908447266,74.26000213623047,74.43000030517578,38.353736877441406,4960000,MO
2017-02-27,74.4800033569336,74.76000213623047,74.44000244140625,74.58999633789062,38.43618392944336,6320000,MO
2017-02-28,74.31999969482422,75.13999938964844,74.30000305175781,74.91999816894531,38.60623550415039,7160900,MO
2017-03-01,74.9800033569336,75.75,74.66999816894531,75.5999984741211,38.956642150878906,6044100,MO
2017-03-02,75.5199966430664,76.04000091552734,75.2699966430664,75.72000122070312,39.01848220825195,7491100,MO
2017-03-03,75.80000305175781,75.80000305175781,74.95999908447266,75.56999969482422,38.94117736816406,6041500,MO
2017-03-06,75.55000305175781,75.61000061035156,74.95999908447266,75.58000183105469,38.94632339477539,5762400,MO
2017-03-07,75.2699966430664,76.30000305175781,75.2699966430664,76.0999984741211,39.21427536010742,6108300,MO
2017-03-08,75.79000091552734,76.12000274658203,75.55999755859375,75.83999633789062,39.08030700683594,4860500,MO
2017-03-09,75.98999786376953,76.44000244140625,75.9000015258789,76.19000244140625,39.260650634765625,5344900,MO
2017-03-10,76.41999816894531,76.55000305175781,76.12999725341797,76.44999694824219,39.39463424682617,6877500,MO
2017-03-13,75.94000244140625,76.19999694824219,75.38999938964844,75.6500015258789,39.29594421386719,6836200,MO
2017-03-14,75.70999908447266,75.80000305175781,75.13999938964844,75.33999633789062,39.134918212890625,8255500,MO
2017-03-15,75.58000183105469,75.81999969482422,75.11000061035156,75.66999816894531,39.306331634521484,8470800,MO
2017-03-16,75.83000183105469,75.83999633789062,75.16999816894531,75.30000305175781,39.11414337158203,5706800,MO
2017-03-17,75.41999816894531,75.87000274658203,75.1500015258789,75.16000366210938,39.041419982910156,9947000,MO
2017-03-20,75.26000213623047,75.8499984741211,75.26000213623047,75.58000183105469,39.25959014892578,5793100,MO
2017-03-21,75.72000122070312,76.19999694824219,75.62999725341797,75.93000030517578,39.44138717651367,6488000,MO
2017-03-22,76.06999969482422,76.37999725341797,75.05999755859375,75.06999969482422,38.99467086791992,7680000,MO
2017-03-23,73.91999816894531,74.69999694824219,73.54000091552734,74.0199966430664,38.44925308227539,10714400,MO
2017-03-24,73.66999816894531,73.72000122070312,73.02999877929688,73.16999816894531,38.007728576660156,11786000,MO
2017-03-27,72.72000122070312,73.45999908447266,72.44000244140625,73.19999694824219,38.023311614990234,6421300,MO
2017-03-28,72.97000122070312,73.29000091552734,72.83999633789062,73.19000244140625,38.01811599731445,5587300,MO
2017-03-29,73.12000274658203,73.16999816894531,72.77999877929688,72.95999908447266,37.89864730834961,4211100,MO
2017-03-30,72.88999938964844,72.94999694824219,72.05000305175781,72.05000305175781,37.42594909667969,7907900,MO
2017-03-31,72.02999877929688,72.18000030517578,71.41999816894531,71.41999816894531,37.09870147705078,9146000,MO
2017-04-03,71.5999984741211,71.9800033569336,70.77999877929688,71.62000274658203,37.20258331298828,7508300,MO
2017-04-04,71.72000122070312,71.97000122070312,71.48999786376953,71.94999694824219,37.37400436401367,5218500,MO
2017-04-05,72.26000213623047,72.31999969482422,71.76000213623047,71.93000030517578,37.36360168457031,7092400,MO
2017-04-06,71.9000015258789,71.9000015258789,71.22000122070312,71.41999816894531,37.09870147705078,6398900,MO
2017-04-07,71.4800033569336,72.19999694824219,71.4800033569336,71.70999908447266,37.24933624267578,4331100,MO
2017-04-10,71.9800033569336,72.02999877929688,71.61000061035156,71.76000213623047,37.27531433105469,5576800,MO
2017-04-11,71.77999877929688,72.30000305175781,71.77999877929688,72.08000183105469,37.441524505615234,4472800,MO
2017-04-12,72.25,72.30000305175781,71.91000366210938,72.16000366210938,37.48308181762695,5131500,MO
2017-04-13,71.94000244140625,72.08999633789062,71.27999877929688,71.30000305175781,37.0363655090332,5120600,MO
2017-04-17,71.33000183105469,72.33000183105469,71.33000183105469,72.30999755859375,37.56100845336914,4781800,MO
2017-04-18,72.30000305175781,72.75,72.25,72.33999633789062,37.576568603515625,5010500,MO
2017-04-19,72.27999877929688,72.44000244140625,72.02999877929688,72.11000061035156,37.45711135864258,3374300,MO
2017-04-20,71.55999755859375,71.69999694824219,71.2300033569336,71.41000366210938,37.093505859375,5736800,MO
2017-04-21,71.3499984741211,71.97000122070312,71.3499984741211,71.47000122070312,37.124664306640625,6814900,MO
2017-04-24,71.88999938964844,72.69000244140625,71.77999877929688,72.55000305175781,37.68567657470703,5590200,MO
2017-04-25,72.54000091552734,72.5999984741211,72.31999969482422,72.43000030517578,37.62333679199219,6748000,MO
2017-04-26,72.4000015258789,72.4000015258789,71.47000122070312,71.51000213623047,37.14545440673828,7477900,MO
2017-04-27,71.5,71.7300033569336,71.31999969482422,71.52999877929688,37.15583801269531,4857300,MO
2017-04-28,71.4000015258789,71.80000305175781,71.16000366210938,71.77999877929688,37.28569793701172,4089900,MO
2017-05-01,71.75,71.80000305175781,70.80000305175781,70.80000305175781,36.77665328979492,6380700,MO
2017-05-02,70.05000305175781,71.58999633789062,69.79000091552734,70.83000183105469,36.792240142822266,8482100,MO
2017-05-03,70.69999694824219,70.91999816894531,70.12000274658203,70.22000122070312,36.475372314453125,5869800,MO
2017-05-04,70.47000122070312,70.87000274658203,70.29000091552734,70.30999755859375,36.52211380004883,6309300,MO
2017-05-05,70.55000305175781,70.94999694824219,70.44999694824219,70.91999816894531,36.83897399902344,4499600,MO
2017-05-08,70.81999969482422,71.08000183105469,70.6500015258789,70.70999908447266,36.729888916015625,4455200,MO
2017-05-09,70.8499984741211,70.93000030517578,69.94999694824219,70.29000091552734,36.51172637939453,5170800,MO
2017-05-10,70.2699966430664,70.47000122070312,70.02999877929688,70.30999755859375,36.52211380004883,5205800,MO
2017-05-11,70.08000183105469,70.55000305175781,69.98999786376953,70.4800033569336,36.61042022705078,4073200,MO
2017-05-12,70.43000030517578,70.87999725341797,70.43000030517578,70.6500015258789,36.69872283935547,3401400,MO
2017-05-15,70.37999725341797,70.80000305175781,70.11000061035156,70.66999816894531,36.70912551879883,4951500,MO
2017-05-16,70.80000305175781,71.45999908447266,70.80000305175781,70.94999694824219,36.85455322265625,4234200,MO
2017-05-17,70.94999694824219,71.2300033569336,70.52999877929688,70.55000305175781,36.646793365478516,5313800,MO
2017-05-18,70.62999725341797,70.8499984741211,70.2699966430664,70.54000091552734,36.64158630371094,5352300,MO
2017-05-19,70.47000122070312,71.12999725341797,70.44000244140625,70.9000015258789,36.828582763671875,5460000,MO
2017-05-22,71.0,72.12000274658203,71.0,72.04000091552734,37.420745849609375,7974600,MO
2017-05-23,72.08999633789062,72.72000122070312,72.04000091552734,72.12999725341797,37.46751022338867,6492800,MO
2017-05-24,72.41000366210938,72.97000122070312,72.08000183105469,72.8499984741211,37.84150314331055,4759400,MO
2017-05-25,73.02999877929688,74.62999725341797,73.0,74.13999938964844,38.5115852355957,7525000,MO
2017-05-26,74.08000183105469,74.47000122070312,73.9000015258789,74.41000366210938,38.65183639526367,5681000,MO
2017-05-30,74.55999755859375,75.19000244140625,74.31999969482422,75.06999969482422,38.99467086791992,6075000,MO
2017-05-31,75.23999786376953,75.44000244140625,74.51000213623047,75.44000244140625,39.186859130859375,18510100,MO
2017-06-01,75.08000183105469,75.4000015258789,74.5999984741211,75.4000015258789,39.16608810424805,6831500,MO
2017-06-02,75.33000183105469,75.41999816894531,74.80000305175781,75.12000274658203,39.02064895629883,7908900,MO
2017-06-05,75.13999938964844,75.26000213623047,74.8499984741211,75.05999755859375,38.989463806152344,6149400,MO
2017-06-06,74.87999725341797,75.33000183105469,74.70999908447266,75.2699966430664,39.098548889160156,5779300,MO
2017-06-07,75.19999694824219,75.95999908447266,75.18000030517578,75.61000061035156,39.27516174316406,5019600,MO
2017-06-08,75.61000061035156,75.66000366210938,74.81999969482422,75.20999908447266,39.0673942565918,5453100,MO
2017-06-09,75.05999755859375,75.55999755859375,75.0,75.45999908447266,39.19724655151367,5637700,MO
2017-06-12,75.45999908447266,75.55000305175781,74.98999786376953,75.4000015258789,39.16608810424805,5951500,MO
2017-06-13,74.72000122070312,74.98999786376953,74.47000122070312,74.94999694824219,39.249881744384766,5196500,MO
2017-06-14,75.33999633789062,76.0,75.08999633789062,75.75,39.668819427490234,6227000,MO
2017-06-15,75.62000274658203,76.4800033569336,75.33000183105469,76.41000366210938,40.01445007324219,4746900,MO
2017-06-16,76.66999816894531,77.29000091552734,76.31999969482422,77.27999877929688,40.47004318237305,9783900,MO
2017-06-19,77.37999725341797,77.77999877929688,77.19999694824219,77.70999908447266,40.695228576660156,4612300,MO
2017-06-20,77.62999725341797,77.79000091552734,77.29000091552734,77.33000183105469,40.49623489379883,3660800,MO
2017-06-21,77.4000015258789,77.61000061035156,76.83999633789062,77.02999877929688,40.33912658691406,4395000,MO
2017-06-22,76.9800033569336,76.9800033569336,76.38999938964844,76.4800033569336,40.051116943359375,4232000,MO
2017-06-23,76.4000015258789,76.93000030517578,76.4000015258789,76.48999786376953,40.05634307861328,3876700,MO
2017-06-26,76.54000091552734,77.0,76.41999816894531,76.52999877929688,40.0772819519043,3969200,MO
2017-06-27,76.37000274658203,76.44000244140625,75.19000244140625,75.37999725341797,39.47505187988281,5488100,MO
2017-06-28,75.75,76.05999755859375,75.48999786376953,75.83999633789062,39.715946197509766,3377900,MO
2017-06-29,75.54000091552734,75.76000213623047,74.12000274658203,74.4000015258789,38.96186065673828,5467700,MO
2017-06-30,74.68000030517578,74.83000183105469,74.36000061035156,74.47000122070312,38.99850845336914,5158000,MO
2017-07-03,74.70999908447266,74.91000366210938,74.38999938964844,74.52999877929688,39.0299186706543,2452300,MO
2017-07-05,74.51000213623047,74.9800033569336,74.41000366210938,74.61000061035156,39.07182693481445,4015200,MO
2017-07-06,74.3499984741211,74.55000305175781,74.16999816894531,74.31999969482422,38.91994857788086,3394200,MO
2017-07-07,74.5999984741211,74.62000274658203,73.91999816894531,74.25,38.88329315185547,3933100,MO
2017-07-10,74.36000061035156,74.66999816894531,73.44999694824219,73.69000244140625,38.59004211425781,4937400,MO
2017-07-11,73.8499984741211,73.95999908447266,73.27999877929688,73.43000030517578,38.45387649536133,5513200,MO
2017-07-12,73.72000122070312,74.06999969482422,73.69000244140625,73.88999938964844,38.69477081298828,3698400,MO
2017-07-13,73.86000061035156,74.0,73.4000015258789,73.4800033569336,38.480064392089844,4004900,MO
2017-07-14,73.69999694824219,74.13999938964844,73.69999694824219,73.93000030517578,38.71571350097656,3607300,MO
2017-07-17,73.77999877929688,73.9000015258789,73.20999908447266,73.37000274658203,38.422454833984375,4916400,MO
2017-07-18,73.23999786376953,73.63999938964844,73.19999694824219,73.33000183105469,38.40150451660156,3725100,MO
2017-07-19,73.41999816894531,73.58999633789062,73.18000030517578,73.55000305175781,38.5167236328125,4478800,MO
2017-07-20,73.5,73.88999938964844,73.2699966430664,73.58999633789062,38.53766632080078,4276500,MO
2017-07-21,73.44000244140625,73.5999984741211,73.22000122070312,73.41999816894531,38.448646545410156,4203400,MO
2017-07-24,73.33000183105469,73.41000366210938,72.63999938964844,72.63999938964844,38.0401725769043,6336700,MO
2017-07-25,73.0,73.06999969482422,72.16999816894531,72.23999786376953,37.830711364746094,7015100,MO
2017-07-26,72.2300033569336,72.3499984741211,71.69000244140625,71.7300033569336,37.563621520996094,10744300,MO
2017-07-27,71.02999877929688,73.9800033569336,71.0,73.95999908447266,38.73143768310547,9693500,MO
2017-07-28,73.98999786376953,74.16999816894531,60.0099983215332,66.94000244140625,35.05519485473633,54403900,MO
2017-07-31,65.44999694824219,66.16000366210938,64.33000183105469,64.97000122070312,34.0235481262207,26663600,MO
2017-08-01,65.19999694824219,66.62999725341797,64.9000015258789,65.5,34.30109786987305,16542700,MO
2017-08-02,65.72000122070312,65.91999816894531,65.0199966430664,65.55000305175781,34.32727813720703,19252100,MO
2017-08-03,65.86000061035156,66.11000061035156,65.37999725341797,65.54000091552734,34.3220329284668,13837100,MO
2017-08-04,65.86000061035156,66.43000030517578,65.2699966430664,65.5199966430664,34.311561584472656,9553700,MO
2017-08-07,65.5199966430664,66.08000183105469,65.37999725341797,65.98999786376953,34.55769729614258,5962300,MO
2017-08-08,65.91000366210938,66.11000061035156,65.20999908447266,65.37999725341797,34.23824691772461,7102400,MO
2017-08-09,65.43000030517578,65.80000305175781,65.20999908447266,65.30999755859375,34.20159149169922,5600000,MO
2017-08-10,65.1500015258789,65.37999725341797,64.72000122070312,64.7699966430664,33.918792724609375,6279500,MO
2017-08-11,65.08000183105469,65.19999694824219,64.12000274658203,64.30999755859375,33.67790985107422,7275600,MO
2017-08-14,64.37000274658203,65.11000061035156,64.19000244140625,64.83999633789062,33.95546340942383,6393800,MO
2017-08-15,64.91999816894531,65.6500015258789,64.76000213623047,65.30000305175781,34.196346282958984,4967300,MO
2017-08-16,65.18000030517578,65.58000183105469,65.01000213623047,65.44999694824219,34.2748908996582,4328300,MO
2017-08-17,65.44999694824219,65.55000305175781,64.27999877929688,64.30000305175781,33.672672271728516,6678500,MO
2017-08-18,64.2300033569336,64.58999633789062,63.66999816894531,63.689998626708984,33.35322952270508,10210600,MO
2017-08-21,63.599998474121094,64.56999969482422,63.34000015258789,64.38999938964844,33.71979904174805,5065700,MO
2017-08-22,64.38999938964844,64.61000061035156,63.97999954223633,64.05999755859375,33.54698944091797,5031600,MO
2017-08-23,63.95000076293945,64.2300033569336,63.630001068115234,63.709999084472656,33.36370086669922,5198700,MO
2017-08-24,63.810001373291016,63.93000030517578,63.310001373291016,63.599998474121094,33.30609130859375,5239000,MO
2017-08-25,63.88999938964844,64.55999755859375,63.79999923706055,64.08000183105469,33.557456970214844,4860600,MO
2017-08-28,64.0,64.26000213623047,63.779998779296875,63.93000030517578,33.478919982910156,6742000,MO
2017-08-29,63.619998931884766,64.38999938964844,63.61000061035156,63.810001373291016,33.416072845458984,4329300,MO
2017-08-30,63.91999816894531,64.19999694824219,63.689998626708984,64.05000305175781,33.541751861572266,4378500,MO
2017-08-31,64.2300033569336,64.23999786376953,63.36000061035156,63.400001525878906,33.20137405395508,8028700,MO
2017-09-01,63.5,63.619998931884766,63.029998779296875,63.540000915527344,33.27467727661133,6110500,MO
2017-09-05,63.310001373291016,63.599998474121094,62.54999923706055,62.869998931884766,32.92381286621094,8107600,MO
2017-09-06,62.90999984741211,63.650001525878906,62.5,63.27000045776367,33.13328170776367,9466600,MO
2017-09-07,63.45000076293945,63.54999923706055,62.5,62.72999954223633,32.850486755371094,7027800,MO
2017-09-08,62.68000030517578,62.86000061035156,62.029998779296875,62.22999954223633,32.588653564453125,6736900,MO
2017-09-11,62.59000015258789,62.779998779296875,62.439998626708984,62.4900016784668,32.72480773925781,7197500,MO
2017-09-12,62.439998626708984,62.529998779296875,62.11000061035156,62.5,32.73004913330078,5887200,MO
2017-09-13,62.75,62.939998626708984,62.400001525878906,62.5099983215332,32.73528289794922,6454100,MO
2017-09-14,62.119998931884766,62.41999816894531,61.849998474121094,62.279998779296875,32.96286392211914,7552400,MO
2017-09-15,62.33000183105469,62.810001373291016,61.59000015258789,62.38999938964844,33.021087646484375,16567300,MO
2017-09-18,62.0099983215332,62.630001068115234,62.0099983215332,62.560001373291016,33.111061096191406,6381500,MO
2017-09-19,62.54999923706055,62.56999969482422,62.16999816894531,62.22999954223633,32.93640899658203,5610000,MO
2017-09-20,62.29999923706055,62.380001068115234,60.779998779296875,61.220001220703125,32.40184783935547,7026200,MO
2017-09-21,61.11000061035156,61.54999923706055,60.779998779296875,61.5,32.55004119873047,6432100,MO
2017-09-22,61.54999923706055,62.720001220703125,61.43000030517578,62.4900016784668,33.07400894165039,8550100,MO
2017-09-25,62.5099983215332,63.849998474121094,62.439998626708984,63.790000915527344,33.76205825805664,11248400,MO
2017-09-26,64.1500015258789,65.16999816894531,64.02999877929688,64.5199966430664,34.14842987060547,12651900,MO
2017-09-27,64.4800033569336,64.5199966430664,63.75,64.41000366210938,34.090206146240234,8743600,MO
2017-09-28,64.48999786376953,64.83999633789062,64.04000091552734,64.19000244140625,33.97377395629883,8932800,MO
2017-09-29,64.19000244140625,64.2699966430664,63.290000915527344,63.41999816894531,33.56624221801758,7758900,MO
2017-10-02,63.349998474121094,63.4900016784668,62.79999923706055,62.900001525878906,33.291015625,7883000,MO
2017-10-03,62.939998626708984,63.529998779296875,62.93000030517578,63.369998931884766,33.53976821899414,6400200,MO
2017-10-04,63.45000076293945,63.77000045776367,63.22999954223633,63.4900016784668,33.6032829284668,6653700,MO
2017-10-05,63.720001220703125,63.939998626708984,63.5099983215332,63.810001373291016,33.77266311645508,5234200,MO
2017-10-06,63.689998626708984,63.779998779296875,62.31999969482422,62.54999923706055,33.10577392578125,9563300,MO
2017-10-09,62.83000183105469,64.06999969482422,62.75,63.56999969482422,33.645626068115234,7275600,MO
2017-10-10,64.08000183105469,65.12999725341797,63.900001525878906,65.01000213623047,34.407779693603516,8300800,MO
2017-10-11,65.12999725341797,65.23999786376953,64.58000183105469,64.87000274658203,34.333675384521484,5552200,MO
2017-10-12,64.66999816894531,65.48999786376953,64.27999877929688,65.3499984741211,34.58771896362305,6895900,MO
2017-10-13,65.58000183105469,65.9000015258789,64.91999816894531,65.05000305175781,34.42894744873047,6437200,MO
2017-10-16,65.05000305175781,65.48999786376953,64.94000244140625,65.37000274658203,34.59831619262695,4748000,MO
2017-10-17,65.22000122070312,65.4000015258789,64.80999755859375,64.87000274658203,34.333675384521484,7507900,MO
2017-10-18,64.80000305175781,64.98999786376953,64.5,64.80999755859375,34.30192565917969,5614600,MO
2017-10-19,64.33000183105469,64.7300033569336,63.880001068115234,64.37000274658203,34.069053649902344,6037000,MO
2017-10-20,64.48999786376953,65.13999938964844,64.4800033569336,65.0,34.40247344970703,6430300,MO
2017-10-23,64.98999786376953,65.16000366210938,64.23999786376953,64.5,34.137840270996094,4833600,MO
2017-10-24,64.38999938964844,64.44000244140625,63.58000183105469,64.12999725341797,33.942012786865234,7686900,MO
2017-10-25,64.19999694824219,64.44999694824219,63.38999938964844,63.790000915527344,33.76205825805664,7114100,MO
2017-10-26,64.33999633789062,65.94000244140625,63.709999084472656,65.79000091552734,34.82060241699219,8939500,MO
2017-10-27,65.55000305175781,65.7699966430664,64.76000213623047,64.91999816894531,34.360137939453125,6473800,MO
2017-10-30,64.75,64.80000305175781,63.65999984741211,64.05000305175781,33.89967727661133,6842300,MO
2017-10-31,63.9900016784668,64.7300033569336,63.83000183105469,64.22000122070312,33.98965072631836,7025400,MO
2017-11-01,64.55999755859375,65.02999877929688,64.33999633789062,64.69999694824219,34.24369430541992,5669200,MO
2017-11-02,64.56999969482422,64.75,63.349998474121094,63.900001525878906,33.82028579711914,8668100,MO
2017-11-03,64.02999877929688,64.30000305175781,63.630001068115234,63.90999984741211,33.825584411621094,7290200,MO
2017-11-06,63.689998626708984,63.95000076293945,63.2599983215332,63.45000076293945,33.58210372924805,6319400,MO
2017-11-07,63.25,64.37000274658203,63.25,64.30999755859375,34.03727340698242,6007400,MO
2017-11-08,64.25,65.16999816894531,64.12000274658203,64.58999633789062,34.18547439575195,5700500,MO
2017-11-09,64.41000366210938,64.79000091552734,64.12000274658203,64.51000213623047,34.14314651489258,3792600,MO
2017-11-10,64.29000091552734,65.26000213623047,64.29000091552734,65.0199966430664,34.4130744934082,4998200,MO
2017-11-13,65.05000305175781,66.05999755859375,64.86000061035156,65.83999633789062,34.84706115722656,8183800,MO
2017-11-14,65.75,66.27999877929688,65.33999633789062,65.7300033569336,34.788848876953125,8154100,MO
2017-11-15,65.69000244140625,65.98999786376953,65.01000213623047,65.26000213623047,34.540096282958984,4572700,MO
2017-11-16,65.44000244140625,66.11000061035156,65.44000244140625,65.87999725341797,34.86823272705078,5205700,MO
2017-11-17,65.52999877929688,66.5,65.29000091552734,66.41999816894531,35.15403747558594,6926800,MO
2017-11-20,66.26000213623047,66.73999786376953,65.76000213623047,65.83000183105469,34.841773986816406,5098700,MO
2017-11-21,65.86000061035156,66.36000061035156,65.63999938964844,65.6500015258789,34.74650573730469,4916400,MO
2017-11-22,65.7300033569336,65.8499984741211,65.44999694824219,65.48999786376953,34.66182327270508,5437700,MO
2017-11-24,65.5999984741211,65.5999984741211,65.04000091552734,65.4800033569336,34.65653610229492,2075600,MO
2017-11-27,65.41000366210938,65.58999633789062,64.94999694824219,65.06999969482422,34.43952941894531,4854700,MO
2017-11-28,65.27999877929688,66.5,64.5,66.4000015258789,35.143463134765625,9686300,MO
2017-11-29,66.2300033569336,68.3499984741211,66.2300033569336,67.37000274658203,35.656856536865234,9229500,MO
2017-11-30,67.5999984741211,68.19000244140625,67.18000030517578,67.83000183105469,35.90031814575195,10224500,MO
2017-12-01,67.95999908447266,68.6500015258789,66.77999877929688,68.58000183105469,36.29726028442383,8049500,MO
2017-12-04,68.6500015258789,70.19999694824219,68.62000274658203,70.08000183105469,37.09115982055664,9630900,MO
2017-12-05,70.2699966430664,70.48999786376953,69.7300033569336,70.18000030517578,37.14408493041992,8431900,MO
2017-12-06,70.9800033569336,71.77999877929688,70.19999694824219,71.66000366210938,37.927406311035156,9716800,MO
2017-12-07,71.44000244140625,71.56999969482422,70.8499984741211,71.5,37.84272766113281,6043400,MO
2017-12-08,71.41000366210938,71.55000305175781,71.04000091552734,71.54000091552734,37.863895416259766,5270200,MO
2017-12-11,71.5199966430664,71.66999816894531,71.19000244140625,71.6500015258789,37.92212677001953,4400000,MO
2017-12-12,71.69999694824219,72.08999633789062,71.05000305175781,71.72000122070312,37.95916748046875,8366200,MO
2017-12-13,71.83999633789062,72.6500015258789,71.75,72.31999969482422,38.276737213134766,5975200,MO
2017-12-14,72.1500015258789,72.66999816894531,71.12000274658203,71.79000091552734,37.996219635009766,9072700,MO
2017-12-15,72.05000305175781,72.3499984741211,71.55999755859375,71.66999816894531,37.932701110839844,14169100,MO
2017-12-18,71.77999877929688,72.77999877929688,71.73999786376953,72.6500015258789,38.45138931274414,7451200,MO
2017-12-19,73.9000015258789,74.37999725341797,73.31999969482422,73.9000015258789,39.11296844482422,8475500,MO
2017-12-20,73.20999908447266,73.25,71.29000091552734,72.5999984741211,38.77118682861328,7400700,MO
2017-12-21,72.55000305175781,72.66999816894531,71.80000305175781,71.94000244140625,38.41872787475586,4170200,MO
2017-12-22,72.01000213623047,72.2699966430664,71.7699966430664,72.13999938964844,38.5255241394043,4807600,MO
2017-12-26,71.97000122070312,72.41000366210938,71.91000366210938,72.08000183105469,38.493492126464844,3839500,MO
2017-12-27,72.19999694824219,72.94999694824219,72.08999633789062,72.43000030517578,38.68039321899414,4616800,MO
2017-12-28,72.41000366210938,72.44999694824219,71.0199966430664,71.2699966430664,38.060916900634766,13351300,MO
2017-12-29,71.29000091552734,72.1500015258789,71.12000274658203,71.41000366210938,38.135684967041016,5504400,MO
2018-01-02,71.51000213623047,71.81999969482422,70.02999877929688,70.73999786376953,37.77787780761719,5917300,MO
2018-01-03,70.66000366210938,70.94999694824219,70.2699966430664,70.4800033569336,37.63903045654297,6036400,MO
2018-01-04,70.5999984741211,70.80000305175781,70.12999725341797,70.19999694824219,37.489501953125,6177300,MO
2018-01-05,70.33000183105469,70.55000305175781,69.86000061035156,70.4000015258789,37.5963020324707,6383400,MO
2018-01-08,70.19999694824219,70.54000091552734,69.81999969482422,70.30999755859375,37.548240661621094,6054800,MO
2018-01-09,70.58999633789062,70.7699966430664,69.4000015258789,69.56999969482422,37.15305709838867,6269300,MO
2018-01-10,69.81999969482422,70.41999816894531,68.87000274658203,70.29000091552734,37.537567138671875,6709900,MO
2018-01-11,70.30999755859375,71.04000091552734,70.02999877929688,70.29000091552734,37.537567138671875,7486300,MO
2018-01-12,70.20999908447266,70.45999908447266,69.52999877929688,69.61000061035156,37.1744270324707,7413600,MO
2018-01-16,69.83999633789062,69.91999816894531,68.23999786376953,68.91999816894531,36.80592346191406,10521000,MO
2018-01-17,69.12000274658203,70.5199966430664,68.9800033569336,70.1500015258789,37.46279525756836,7724500,MO
2018-01-18,69.98999786376953,70.41999816894531,69.56999969482422,70.02999877929688,37.39870834350586,8605000,MO
2018-01-19,70.83999633789062,71.68000030517578,70.62999725341797,71.12000274658203,37.98080062866211,8714000,MO
2018-01-22,71.0999984741211,71.56999969482422,70.9000015258789,71.27999877929688,38.066253662109375,4987800,MO
2018-01-23,71.36000061035156,71.61000061035156,70.94000244140625,71.44999694824219,38.157039642333984,4596400,MO
2018-01-24,71.47000122070312,71.86000061035156,71.19999694824219,71.55999755859375,38.21579360961914,6121800,MO
2018-01-25,71.51000213623047,71.69000244140625,67.6500015258789,69.91000366210938,37.334625244140625,12691800,MO
2018-01-26,70.04000091552734,71.23999786376953,69.98999786376953,71.0199966430664,37.92741012573242,6819100,MO
2018-01-29,70.68000030517578,70.81999969482422,69.80000305175781,69.83000183105469,37.291900634765625,5387900,MO
2018-01-30,69.81999969482422,70.20999908447266,69.31999969482422,69.81999969482422,37.28657531738281,6365200,MO
2018-01-31,69.87000274658203,70.6500015258789,69.77999877929688,70.33999633789062,37.564266204833984,9800300,MO
2018-02-01,69.9000015258789,70.48999786376953,68.45999908447266,69.93000030517578,37.34530258178711,14240400,MO
2018-02-02,69.9000015258789,70.66000366210938,69.16000366210938,69.4000015258789,37.062255859375,8652400,MO
2018-02-05,68.44000244140625,68.87000274658203,65.87999725341797,66.04000091552734,35.26790237426758,12619800,MO
2018-02-06,64.79000091552734,66.66999816894531,63.459999084472656,66.52999877929688,35.52957534790039,16146400,MO
2018-02-07,66.44999694824219,68.20999908447266,66.2699966430664,66.79000091552734,35.6684455871582,8352900,MO
2018-02-08,66.66000366210938,67.2699966430664,64.0,64.05000305175781,34.20516586303711,13457400,MO
2018-02-09,64.52999877929688,64.68000030517578,62.83000183105469,64.02999877929688,34.194480895996094,10713100,MO
2018-02-12,64.47000122070312,65.80000305175781,64.33999633789062,65.3499984741211,34.8994026184082,6739900,MO
2018-02-13,65.0,65.81999969482422,64.7300033569336,65.63999938964844,35.054283142089844,5226300,MO
2018-02-14,65.37999725341797,65.86000061035156,64.91999816894531,65.18000030517578,34.80863571166992,5532500,MO
2018-02-15,65.3499984741211,65.4800033569336,64.5999984741211,65.31999969482422,34.88338851928711,5366500,MO
2018-02-16,65.3499984741211,66.05000305175781,64.8499984741211,65.45999908447266,34.95816421508789,6202700,MO
2018-02-20,65.0999984741211,65.18000030517578,64.18000030517578,64.19000244140625,34.279930114746094,6294000,MO
2018-02-21,64.19000244140625,64.72000122070312,63.79999923706055,63.93000030517578,34.141075134277344,7077300,MO
2018-02-22,64.04000091552734,65.08999633789062,63.25,63.34000015258789,33.825992584228516,5701500,MO
2018-02-23,63.720001220703125,64.62999725341797,63.529998779296875,64.58999633789062,34.4935302734375,5632500,MO
2018-02-26,64.80000305175781,65.55000305175781,64.69999694824219,65.43000030517578,34.94213104248047,6320400,MO
2018-02-27,65.31999969482422,65.55000305175781,63.88999938964844,64.0,34.1784553527832,8860400,MO
2018-02-28,64.20999908447266,64.52999877929688,62.93000030517578,62.95000076293945,33.617713928222656,9254200,MO
2018-03-01,62.75,63.79999923706055,62.099998474121094,62.43000030517578,33.34001159667969,11718000,MO
2018-03-02,62.310001373291016,63.099998474121094,62.11000061035156,62.54999923706055,33.404109954833984,14796300,MO
2018-03-05,62.59000015258789,64.23999786376953,62.459999084472656,64.12999725341797,34.24788284301758,9725600,MO
2018-03-06,64.37000274658203,64.9800033569336,64.0999984741211,64.7699966430664,34.58966827392578,9306500,MO
2018-03-07,64.33000183105469,65.19000244140625,63.900001525878906,64.06999969482422,34.21584701538086,8154200,MO
2018-03-08,64.22000122070312,65.47000122070312,64.11000061035156,65.43000030517578,34.94213104248047,6437200,MO
2018-03-09,65.70999908447266,65.79000091552734,65.12999725341797,65.6500015258789,35.059627532958984,6775900,MO
2018-03-12,65.77999877929688,66.37000274658203,65.55999755859375,65.7699966430664,35.12370681762695,8236400,MO
2018-03-13,66.22000122070312,66.52999877929688,65.76000213623047,66.12999725341797,35.315956115722656,7166200,MO
2018-03-14,65.69999694824219,65.9000015258789,63.61000061035156,63.81999969482422,34.446956634521484,7939600,MO
2018-03-15,63.65999984741211,64.5,63.400001525878906,63.810001373291016,34.44157028198242,9641800,MO
2018-03-16,63.900001525878906,64.30000305175781,63.060001373291016,63.189998626708984,34.10691452026367,13398100,MO
2018-03-19,63.150001525878906,63.40999984741211,62.2599983215332,62.47999954223633,33.72369384765625,8199500,MO
2018-03-20,62.689998626708984,62.779998779296875,61.459999084472656,61.52000045776367,33.205528259277344,6505200,MO
2018-03-21,61.08000183105469,61.4900016784668,59.83000183105469,60.0,32.38510513305664,10480200,MO
2018-03-22,59.81999969482422,61.380001068115234,59.650001525878906,60.38999938964844,32.59560775756836,9788600,MO
2018-03-23,60.66999816894531,60.75,59.06999969482422,59.27000045776367,31.99109649658203,7997200,MO
2018-03-26,59.880001068115234,59.9900016784668,59.099998474121094,59.599998474121094,32.16920852661133,7256500,MO
2018-03-27,59.720001220703125,61.439998626708984,59.689998626708984,60.720001220703125,32.77372741699219,10135900,MO
2018-03-28,61.150001525878906,62.75,61.11000061035156,62.45000076293945,33.70749282836914,9587400,MO
2018-03-29,62.599998474121094,63.150001525878906,62.15999984741211,62.31999969482422,33.637325286865234,5888300,MO
2018-04-02,62.52000045776367,62.61000061035156,60.45000076293945,60.5099983215332,32.66038513183594,7740900,MO
2018-04-03,60.939998626708984,62.959999084472656,60.68000030517578,62.65999984741211,33.82085418701172,8837900,MO
2018-04-04,62.27000045776367,63.630001068115234,62.20000076293945,63.349998474121094,34.193275451660156,6956800,MO
2018-04-05,63.66999816894531,64.62000274658203,63.029998779296875,64.54000091552734,34.8355827331543,8546500,MO
2018-04-06,64.4800033569336,64.80999755859375,63.459999084472656,63.849998474121094,34.463157653808594,6456800,MO
2018-04-09,63.88999938964844,64.01000213623047,63.18000030517578,63.25,34.13930892944336,7270000,MO
2018-04-10,64.02999877929688,64.44999694824219,63.70000076293945,64.22000122070312,34.662864685058594,6242400,MO
2018-04-11,64.1500015258789,64.69999694824219,63.79999923706055,63.84000015258789,34.4577522277832,6168400,MO
2018-04-12,64.22000122070312,64.36000061035156,63.209999084472656,63.400001525878906,34.22026443481445,4633200,MO
2018-04-13,63.84000015258789,64.19000244140625,63.45000076293945,63.95000076293945,34.51712417602539,4263300,MO
2018-04-16,64.18000030517578,64.56999969482422,63.91999816894531,64.25,34.679054260253906,5136000,MO
2018-04-17,64.48999786376953,64.55000305175781,63.77000045776367,63.97999954223633,34.533321380615234,4877300,MO
2018-04-18,62.91999816894531,63.20000076293945,60.56999969482422,61.5,33.194740295410156,16672600,MO
2018-04-19,60.5099983215332,60.5099983215332,56.09000015258789,57.779998779296875,31.186857223510742,24260600,MO
2018-04-20,57.630001068115234,57.81999969482422,56.56999969482422,57.22999954223633,30.889995574951172,13541900,MO
2018-04-23,57.04999923706055,57.43000030517578,56.459999084472656,56.56999969482422,30.533761978149414,8776600,MO
2018-04-24,56.689998626708984,56.689998626708984,54.83000183105469,55.29999923706055,29.848276138305664,13878900,MO
2018-04-25,55.22999954223633,56.0099983215332,55.02000045776367,55.84000015258789,30.139732360839844,14061000,MO
2018-04-26,55.90999984741211,56.34000015258789,54.22999954223633,54.77000045776367,29.562210083007812,18536600,MO
2018-04-27,54.70000076293945,56.290000915527344,54.689998626708984,56.130001068115234,30.296268463134766,10368400,MO
2018-04-30,56.75,56.779998779296875,56.029998779296875,56.11000061035156,30.285480499267578,12236400,MO
2018-05-01,55.720001220703125,56.119998931884766,55.54999923706055,56.029998779296875,30.242294311523438,6046400,MO
2018-05-02,56.150001525878906,56.439998626708984,55.41999816894531,55.689998626708984,30.05877685546875,8519200,MO
2018-05-03,55.709999084472656,56.790000915527344,55.619998931884766,56.36000061035156,30.4204158782959,7291300,MO
2018-05-04,56.150001525878906,56.77000045776367,56.150001525878906,56.2599983215332,30.366437911987305,6661300,MO
2018-05-07,56.2599983215332,56.38999938964844,55.59000015258789,55.709999084472656,30.06957244873047,5298000,MO
2018-05-08,55.4900016784668,55.5,54.72999954223633,55.27000045776367,29.83208656311035,7690400,MO
2018-05-09,55.380001068115234,56.459999084472656,55.15999984741211,55.91999816894531,30.18291664123535,5983200,MO
2018-05-10,56.0,56.599998474121094,55.97999954223633,56.040000915527344,30.247697830200195,4966000,MO
2018-05-11,55.869998931884766,56.33000183105469,55.06999969482422,55.189998626708984,29.78890037536621,10885300,MO
2018-05-14,55.209999084472656,55.650001525878906,54.959999084472656,55.02000045776367,29.6971492767334,9358100,MO
2018-05-15,54.66999816894531,54.810001373291016,53.90999984741211,54.52000045776367,29.427265167236328,9726600,MO
2018-05-16,54.709999084472656,55.29999923706055,54.52000045776367,54.869998931884766,29.616178512573242,9329800,MO
2018-05-17,55.13999938964844,55.599998474121094,55.0,55.290000915527344,29.842878341674805,11738300,MO
2018-05-18,55.34000015258789,55.880001068115234,55.04999923706055,55.540000915527344,29.977813720703125,8572400,MO
2018-05-21,55.619998931884766,55.869998931884766,55.470001220703125,55.63999938964844,30.03179359436035,6338300,MO
2018-05-22,55.599998474121094,55.79999923706055,55.150001525878906,55.209999084472656,29.79969596862793,7550200,MO
2018-05-23,55.27000045776367,55.97999954223633,55.13999938964844,55.880001068115234,30.161331176757812,6632100,MO
2018-05-24,55.95000076293945,56.02000045776367,55.63999938964844,55.88999938964844,30.166728973388672,7274400,MO
2018-05-25,55.869998931884766,56.150001525878906,55.45000076293945,55.630001068115234,30.02638816833496,5333000,MO
2018-05-29,55.2599983215332,55.77000045776367,55.09000015258789,55.72999954223633,30.080373764038086,7769900,MO
2018-05-30,55.91999816894531,56.70000076293945,55.41999816894531,56.59000015258789,30.5445499420166,7187400,MO
2018-05-31,56.40999984741211,56.52000045776367,55.540000915527344,55.7400016784668,30.08576774597168,10678300,MO
2018-06-01,55.90999984741211,56.11000061035156,55.59000015258789,55.720001220703125,30.07497215270996,4696500,MO
2018-06-04,55.70000076293945,56.33000183105469,55.52000045776367,56.02000045776367,30.236896514892578,5854400,MO
2018-06-05,56.06999969482422,56.43000030517578,55.56999969482422,56.33000183105469,30.404218673706055,7740800,MO
2018-06-06,56.349998474121094,56.470001220703125,55.939998626708984,56.310001373291016,30.393436431884766,8910700,MO
2018-06-07,56.279998779296875,57.11000061035156,55.939998626708984,56.689998626708984,30.598527908325195,7626600,MO
2018-06-08,56.72999954223633,57.720001220703125,56.70000076293945,57.709999084472656,31.149076461791992,6839800,MO
2018-06-11,57.779998779296875,58.459999084472656,57.59000015258789,58.25,31.44054412841797,7772600,MO
2018-06-12,58.25,58.29999923706055,57.720001220703125,57.880001068115234,31.24083137512207,7555700,MO
2018-06-13,57.90999984741211,57.90999984741211,57.029998779296875,57.43000030517578,30.997940063476562,9204500,MO
2018-06-14,56.79999923706055,56.939998626708984,56.400001525878906,56.70000076293945,30.981555938720703,5602500,MO
2018-06-15,56.5099983215332,57.810001373291016,56.5099983215332,57.790000915527344,31.57714080810547,11512100,MO
2018-06-18,57.380001068115234,57.38999938964844,56.13999938964844,56.599998474121094,30.926904678344727,7621600,MO
2018-06-19,56.47999954223633,57.209999084472656,56.2400016784668,56.790000915527344,31.030731201171875,11703700,MO
2018-06-20,56.91999816894531,56.97999954223633,56.470001220703125,56.75,31.00887680053711,8086800,MO
2018-06-21,56.790000915527344,56.88999938964844,56.4900016784668,56.689998626708984,30.976085662841797,6183900,MO
2018-06-22,56.790000915527344,57.279998779296875,56.7400016784668,57.02000045776367,31.156410217285156,7354700,MO
2018-06-25,56.79999923706055,57.220001220703125,56.59000015258789,57.06999969482422,31.18372917175293,6492500,MO
2018-06-26,56.880001068115234,57.11000061035156,56.06999969482422,56.099998474121094,30.65370750427246,7626300,MO
2018-06-27,56.16999816894531,56.459999084472656,55.650001525878906,55.9900016784668,30.593595504760742,7188700,MO
2018-06-28,56.47999954223633,57.349998474121094,56.36000061035156,57.290000915527344,31.303930282592773,6534100,MO
2018-06-29,57.36000061035156,57.45000076293945,56.75,56.790000915527344,31.030731201171875,6602900,MO
2018-07-02,56.400001525878906,56.709999084472656,55.45000076293945,55.869998931884766,30.528030395507812,6454500,MO
2018-07-03,56.08000183105469,56.650001525878906,55.66999816894531,56.459999084472656,30.85041046142578,5003000,MO
2018-07-05,56.45000076293945,57.63999938964844,56.349998474121094,57.630001068115234,31.48971176147461,6716300,MO
2018-07-06,57.75,58.560001373291016,57.63999938964844,58.290000915527344,31.85034942626953,8720100,MO
2018-07-09,58.290000915527344,58.349998474121094,57.630001068115234,58.02000045776367,31.70281219482422,7837900,MO
2018-07-10,58.470001220703125,58.790000915527344,58.09000015258789,58.7599983215332,32.10717010498047,9760400,MO
2018-07-11,58.79999923706055,58.97999954223633,58.27000045776367,58.689998626708984,32.068912506103516,7697600,MO
2018-07-12,58.81999969482422,58.95000076293945,57.86000061035156,58.0099983215332,31.69734764099121,5279800,MO
2018-07-13,58.060001373291016,58.720001220703125,58.02000045776367,58.5,31.965091705322266,5428200,MO
2018-07-16,58.34000015258789,58.43000030517578,56.959999084472656,57.13999938964844,31.221982955932617,7032200,MO
2018-07-17,57.150001525878906,57.7400016784668,57.09000015258789,57.349998474121094,31.336719512939453,8012100,MO
2018-07-18,57.16999816894531,57.79999923706055,57.09000015258789,57.43000030517578,31.380435943603516,5066200,MO
2018-07-19,56.66999816894531,57.029998779296875,55.18000030517578,56.939998626708984,31.11269187927246,9201100,MO
2018-07-20,56.77000045776367,57.86000061035156,56.7599983215332,57.63999938964844,31.49517822265625,6533900,MO
2018-07-23,57.56999969482422,57.7599983215332,57.060001373291016,57.59000015258789,31.467864990234375,4729000,MO
2018-07-24,57.61000061035156,58.29999923706055,57.41999816894531,57.9900016784668,31.686424255371094,7627400,MO
2018-07-25,58.04999923706055,58.439998626708984,57.529998779296875,57.849998474121094,31.609922409057617,8150900,MO
2018-07-26,56.34000015258789,57.56999969482422,55.779998779296875,56.099998474121094,30.65370750427246,10404300,MO
2018-07-27,56.36000061035156,58.16999816894531,56.08000183105469,57.900001525878906,31.637252807617188,12220200,MO
2018-07-30,57.72999954223633,58.779998779296875,57.72999954223633,58.45000076293945,31.93777084350586,6430600,MO
2018-07-31,58.72999954223633,59.099998474121094,58.459999084472656,58.68000030517578,32.06344985961914,11759700,MO
2018-08-01,58.52000045776367,58.63999938964844,58.029998779296875,58.08000183105469,31.735599517822266,8070800,MO
2018-08-02,58.130001068115234,59.040000915527344,58.040000915527344,58.83000183105469,32.145408630371094,6375400,MO
2018-08-03,58.880001068115234,59.9900016784668,58.83000183105469,59.72999954223633,32.63717269897461,6341800,MO
2018-08-06,59.63999938964844,60.25,59.5099983215332,60.209999084472656,32.89946365356445,6938000,MO
2018-08-07,60.04999923706055,60.130001068115234,59.34000015258789,59.560001373291016,32.54429626464844,5661900,MO
2018-08-08,59.36000061035156,59.54999923706055,58.5,58.61000061035156,32.025203704833984,5302100,MO
2018-08-09,58.5099983215332,59.33000183105469,58.4900016784668,59.220001220703125,32.35850524902344,4646700,MO
2018-08-10,59.209999084472656,59.45000076293945,58.86000061035156,59.04999923706055,32.26561737060547,4284200,MO
2018-08-13,59.040000915527344,59.29999923706055,58.709999084472656,58.97999954223633,32.227378845214844,5962400,MO
2018-08-14,59.119998931884766,59.65999984741211,58.91999816894531,59.209999084472656,32.35305404663086,4028800,MO
2018-08-15,59.06999969482422,60.29999923706055,59.02000045776367,60.18000030517578,32.8830680847168,6894100,MO
2018-08-16,60.380001068115234,61.0,60.27000045776367,60.83000183105469,33.23823547363281,7166700,MO
2018-08-17,60.91999816894531,61.31999969482422,60.790000915527344,61.0,33.331119537353516,5438300,MO
2018-08-20,61.0,61.310001373291016,60.720001220703125,60.9900016784668,33.32564926147461,4488900,MO
2018-08-21,60.939998626708984,60.939998626708984,59.58000183105469,59.93000030517578,32.746463775634766,8386400,MO
2018-08-22,60.06999969482422,60.22999954223633,59.310001373291016,59.31999969482422,32.413150787353516,4580600,MO
2018-08-23,59.29999923706055,59.93000030517578,59.2599983215332,59.81999969482422,32.68635177612305,4137800,MO
2018-08-24,59.25,59.369998931884766,58.54999923706055,58.779998779296875,32.11808776855469,7705000,MO
2018-08-27,58.810001373291016,59.310001373291016,58.70000076293945,59.0099983215332,32.24376678466797,6103200,MO
2018-08-28,59.0,59.099998474121094,58.29999923706055,58.45000076293945,31.93777084350586,5691700,MO
2018-08-29,58.47999954223633,58.7599983215332,58.33000183105469,58.41999816894531,31.9213809967041,3895600,MO
2018-08-30,58.31999969482422,58.86000061035156,58.31999969482422,58.68000030517578,32.06344985961914,3901100,MO
2018-08-31,58.54999923706055,59.02000045776367,58.349998474121094,58.52000045776367,31.976028442382812,4278000,MO
2018-09-04,58.63999938964844,59.36000061035156,58.45000076293945,59.11000061035156,32.29841232299805,4734800,MO
2018-09-05,59.08000183105469,60.68000030517578,58.93000030517578,60.650001525878906,33.13987731933594,6635300,MO
2018-09-06,60.619998931884766,60.900001525878906,60.31999969482422,60.790000915527344,33.21638107299805,5806000,MO
2018-09-07,60.5099983215332,61.060001373291016,60.40999984741211,60.93000030517578,33.29287338256836,7558900,MO
2018-09-10,61.02000045776367,61.689998626708984,60.540000915527344,60.58000183105469,33.10163497924805,5694100,MO
2018-09-11,60.560001373291016,60.70000076293945,59.349998474121094,59.470001220703125,32.495113372802734,7138800,MO
2018-09-12,59.5099983215332,64.04000091552734,59.119998931884766,63.43000030517578,34.658897399902344,18202000,MO
2018-09-13,62.40999984741211,62.47999954223633,60.63999938964844,61.459999084472656,34.011444091796875,8938300,MO
2018-09-14,61.63999938964844,62.150001525878906,60.70000076293945,62.06999969482422,34.3489990234375,7372500,MO
2018-09-17,62.06999969482422,62.59000015258789,61.72999954223633,62.439998626708984,34.55376052856445,6050000,MO
2018-09-18,62.66999816894531,62.810001373291016,61.810001373291016,62.13999938964844,34.38774490356445,6420800,MO
2018-09-19,61.880001068115234,62.70000076293945,61.349998474121094,61.84000015258789,34.22172927856445,4490800,MO
2018-09-20,62.0,62.5,61.70000076293945,62.2599983215332,34.45415496826172,5076800,MO
2018-09-21,62.45000076293945,62.650001525878906,62.150001525878906,62.54999923706055,34.6146354675293,9754300,MO
2018-09-24,62.060001373291016,62.4900016784668,61.02000045776367,61.060001373291016,33.790077209472656,7323400,MO
2018-09-25,61.599998474121094,61.810001373291016,60.68000030517578,60.709999084472656,33.59639358520508,8229100,MO
2018-09-26,61.029998779296875,61.290000915527344,60.7400016784668,60.810001373291016,33.6517333984375,7455300,MO
2018-09-27,60.790000915527344,61.5,60.630001068115234,60.77000045776367,33.62959671020508,4213300,MO
2018-09-28,60.84000015258789,60.959999084472656,60.27000045776367,60.310001373291016,33.375038146972656,6649100,MO
2018-10-01,60.34000015258789,60.65999984741211,59.599998474121094,60.33000183105469,33.38610076904297,5885200,MO
2018-10-02,60.25,61.38999938964844,60.060001373291016,61.290000915527344,33.917362213134766,9370200,MO
2018-10-03,61.41999816894531,62.099998474121094,60.77000045776367,60.86000061035156,33.67940139770508,7324000,MO
2018-10-04,60.45000076293945,61.90999984741211,60.02000045776367,61.779998779296875,34.18852233886719,6229400,MO
2018-10-05,61.75,62.22999954223633,61.45000076293945,62.06999969482422,34.3489990234375,7176800,MO
2018-10-08,62.349998474121094,63.470001220703125,62.20000076293945,63.16999816894531,34.95773696899414,7689200,MO
2018-10-09,63.22999954223633,63.560001373291016,62.7599983215332,63.099998474121094,34.91899871826172,5837600,MO
2018-10-10,63.20000076293945,64.5,62.84000015258789,62.90999984741211,34.81385803222656,11685300,MO
2018-10-11,62.90999984741211,63.56999969482422,60.84000015258789,61.119998931884766,33.82328414916992,9076200,MO
2018-10-12,60.31999969482422,60.61000061035156,59.5,60.060001373291016,33.236698150634766,10604200,MO
2018-10-15,60.189998626708984,62.290000915527344,60.06999969482422,61.439998626708984,34.00035858154297,8122900,MO
2018-10-16,61.13999938964844,61.279998779296875,60.43000030517578,60.77000045776367,33.62959671020508,6829000,MO
2018-10-17,60.66999816894531,61.290000915527344,60.40999984741211,60.619998931884766,33.54657745361328,6192100,MO
2018-10-18,61.20000076293945,62.15999984741211,60.70000076293945,60.93000030517578,33.718143463134766,5979400,MO
2018-10-19,60.959999084472656,62.099998474121094,60.959999084472656,61.95000076293945,34.2826042175293,5398300,MO
2018-10-22,61.95000076293945,62.47999954223633,61.220001220703125,61.310001373291016,33.92844009399414,4550000,MO
2018-10-23,61.25,62.119998931884766,60.880001068115234,61.849998474121094,34.22726058959961,5563300,MO
2018-10-24,62.029998779296875,63.09000015258789,61.810001373291016,62.310001373291016,34.48181915283203,6561000,MO
2018-10-25,61.5,63.84000015258789,60.91999816894531,63.15999984741211,34.95219802856445,7975800,MO
2018-10-26,63.88999938964844,64.13999938964844,62.369998931884766,63.09000015258789,34.9134635925293,9740100,MO
2018-10-29,63.38999938964844,64.98999786376953,63.25,64.58999633789062,35.743553161621094,9684000,MO
2018-10-30,64.91000366210938,66.0,64.63999938964844,65.87000274658203,36.45188903808594,11658500,MO
2018-10-31,65.5,65.80999755859375,64.44999694824219,65.04000091552734,35.99258041381836,9911700,MO
2018-11-01,64.69999694824219,65.23999786376953,63.15999984741211,63.66999816894531,35.234432220458984,8897000,MO
2018-11-02,63.599998474121094,64.18000030517578,62.779998779296875,63.66999816894531,35.234432220458984,9939600,MO
2018-11-05,63.869998931884766,65.08999633789062,63.70000076293945,64.62999725341797,35.765682220458984,7185200,MO
2018-11-06,64.3499984741211,64.9800033569336,64.0999984741211,64.87000274658203,35.89849853515625,6977400,MO
2018-11-07,65.26000213623047,65.80999755859375,64.73999786376953,65.37000274658203,36.17519760131836,4793100,MO
2018-11-08,65.12999725341797,65.62999725341797,65.05999755859375,65.37000274658203,36.17519760131836,5698400,MO
2018-11-09,65.45999908447266,66.04000091552734,62.66999816894531,63.41999816894531,35.0960807800293,14986300,MO
2018-11-12,61.29999923706055,62.95000076293945,61.13999938964844,61.20000076293945,33.8675537109375,16509200,MO
2018-11-13,61.150001525878906,61.4900016784668,59.619998931884766,60.0,33.20348358154297,11639600,MO
2018-11-14,60.540000915527344,60.68000030517578,58.900001525878906,59.099998474121094,32.7054328918457,9124400,MO
2018-11-15,58.77000045776367,58.83000183105469,57.150001525878906,57.279998779296875,31.698261260986328,13850900,MO
2018-11-16,57.16999816894531,57.2599983215332,56.209999084472656,56.779998779296875,31.421558380126953,11827900,MO
2018-11-19,56.939998626708984,57.16999816894531,55.34000015258789,55.68000030517578,30.812847137451172,10301600,MO
2018-11-20,55.83000183105469,56.54999923706055,55.619998931884766,55.630001068115234,30.785175323486328,10165700,MO
2018-11-21,55.7400016784668,55.79999923706055,54.130001068115234,54.38999938964844,30.098957061767578,9007700,MO
2018-11-23,54.4900016784668,54.790000915527344,53.439998626708984,53.720001220703125,29.72819709777832,4674300,MO
2018-11-26,53.619998931884766,53.810001373291016,52.900001525878906,53.209999084472656,29.445955276489258,12202700,MO
2018-11-27,53.34000015258789,54.2400016784668,53.22999954223633,53.790000915527344,29.766925811767578,8955700,MO
2018-11-28,53.790000915527344,55.18000030517578,53.310001373291016,54.95000076293945,30.40886688232422,10652100,MO
2018-11-29,55.47999954223633,56.279998779296875,55.029998779296875,55.939998626708984,30.956716537475586,15437200,MO
2018-11-30,55.90999984741211,56.119998931884766,54.540000915527344,54.83000183105469,30.34245491027832,13911300,MO
2018-12-03,54.70000076293945,56.119998931884766,54.54999923706055,55.72999954223633,30.84050178527832,9370000,MO
2018-12-04,55.790000915527344,56.22999954223633,54.29999923706055,54.400001525878906,30.104490280151367,12359900,MO
2018-12-06,54.400001525878906,55.04999923706055,53.189998626708984,54.400001525878906,30.104490280151367,12456700,MO
2018-12-07,55.41999816894531,56.13999938964844,53.91999816894531,54.18000030517578,29.982746124267578,12371700,MO
2018-12-10,54.40999984741211,54.47999954223633,52.72999954223633,53.36000061035156,29.52895736694336,10323000,MO
2018-12-11,53.75,54.65999984741211,53.47999954223633,53.95000076293945,29.855466842651367,9348000,MO
2018-12-12,54.439998626708984,54.88999938964844,53.16999816894531,53.33000183105469,29.512367248535156,9310400,MO
2018-12-13,53.36000061035156,54.099998474121094,53.22999954223633,53.91999816894531,29.838869094848633,8120000,MO
2018-12-14,53.5099983215332,53.65999984741211,52.45000076293945,52.72999954223633,29.180326461791992,9411600,MO
2018-12-17,52.70000076293945,53.45000076293945,52.04999923706055,52.349998474121094,28.970033645629883,10744000,MO
2018-12-18,52.36000061035156,52.439998626708984,50.689998626708984,50.88999938964844,28.162086486816406,11108300,MO
2018-12-19,51.18000030517578,52.290000915527344,50.68000030517578,51.400001525878906,28.44432830810547,17742300,MO
2018-12-20,50.4900016784668,50.650001525878906,49.290000915527344,50.439998626708984,27.91306495666504,28763400,MO
2018-12-21,48.970001220703125,49.560001373291016,48.630001068115234,49.09000015258789,27.165983200073242,34460600,MO
2018-12-24,47.7599983215332,48.2599983215332,47.5,47.560001373291016,26.755308151245117,9548700,MO
2018-12-26,47.47999954223633,48.43000030517578,46.4900016784668,48.43000030517578,27.244749069213867,15019500,MO
2018-12-27,48.08000183105469,48.709999084472656,47.16999816894531,48.70000076293945,27.396635055541992,13388800,MO
2018-12-28,49.400001525878906,49.56999969482422,48.599998474121094,48.88999938964844,27.503520965576172,11424300,MO
2018-12-31,49.06999969482422,49.38999938964844,48.599998474121094,49.38999938964844,27.784801483154297,9726400,MO
2019-01-02,48.90999984741211,49.52000045776367,47.95000076293945,49.310001373291016,27.73979949951172,9412800,MO
2019-01-03,48.79999923706055,49.5,48.66999816894531,49.040000915527344,27.587909698486328,9835100,MO
2019-01-04,49.4900016784668,50.310001373291016,49.349998474121094,50.29999923706055,28.29673194885254,10464000,MO
2019-01-07,49.68000030517578,49.689998626708984,48.529998779296875,48.779998779296875,27.441635131835938,11432900,MO
2019-01-08,49.2599983215332,49.869998931884766,49.0099983215332,49.060001373291016,27.599153518676758,10725400,MO
2019-01-09,49.189998626708984,50.04999923706055,49.099998474121094,49.65999984741211,27.93668556213379,9824200,MO
2019-01-10,49.83000183105469,49.959999084472656,48.849998474121094,48.86000061035156,27.486648559570312,15910200,MO
2019-01-11,49.0,49.45000076293945,48.54999923706055,48.900001525878906,27.5091495513916,11219900,MO
2019-01-14,48.959999084472656,48.970001220703125,48.06999969482422,48.2599983215332,27.149105072021484,10563400,MO
2019-01-15,48.099998474121094,48.349998474121094,47.70000076293945,47.90999984741211,26.952211380004883,10655000,MO
2019-01-16,47.84000015258789,47.93000030517578,47.130001068115234,47.20000076293945,26.552799224853516,13711000,MO
2019-01-17,47.0,47.400001525878906,46.65999984741211,47.060001373291016,26.474035263061523,13407100,MO
2019-01-18,47.52000045776367,48.5099983215332,47.29999923706055,48.310001373291016,27.17723846435547,13831400,MO
2019-01-22,47.36000061035156,47.4900016784668,44.56999969482422,44.970001220703125,25.29829216003418,23885200,MO
2019-01-23,45.0099983215332,45.220001220703125,44.5099983215332,44.70000076293945,25.14640235900879,15006600,MO
2019-01-24,44.560001373291016,44.560001373291016,42.400001525878906,43.33000183105469,24.375694274902344,27841900,MO
2019-01-25,43.720001220703125,44.599998474121094,43.599998474121094,44.2400016784668,24.887624740600586,14265700,MO
2019-01-28,44.58000183105469,45.5,43.970001220703125,45.29999923706055,25.483928680419922,17772000,MO
2019-01-29,45.689998626708984,46.060001373291016,45.36000061035156,45.90999984741211,25.827096939086914,16785500,MO
2019-01-30,46.16999816894531,47.810001373291016,45.61000061035156,47.79999923706055,26.890329360961914,23371900,MO
2019-01-31,49.16999816894531,49.66999816894531,47.599998474121094,49.349998474121094,27.762296676635742,23635100,MO
2019-02-01,49.529998779296875,49.630001068115234,48.79999923706055,49.20000076293945,27.67792510986328,15596800,MO
2019-02-04,48.900001525878906,49.20000076293945,48.630001068115234,49.11000061035156,27.62729263305664,11725800,MO
2019-02-05,49.119998931884766,49.150001525878906,48.619998931884766,49.040000915527344,27.587909698486328,17882100,MO
2019-02-06,49.15999984741211,49.369998931884766,48.7400016784668,49.27000045776367,27.7172908782959,8815400,MO
2019-02-07,49.15999984741211,49.38999938964844,48.279998779296875,48.720001220703125,27.407894134521484,8849400,MO
2019-02-08,48.59000015258789,48.869998931884766,47.83000183105469,48.84000015258789,27.475391387939453,8577800,MO
2019-02-11,48.91999816894531,48.97999954223633,48.34000015258789,48.88999938964844,27.503520965576172,7786800,MO
2019-02-12,48.970001220703125,49.72999954223633,48.95000076293945,49.65999984741211,27.93668556213379,8930100,MO
2019-02-13,49.77000045776367,49.84000015258789,48.83000183105469,49.0,27.56540870666504,9106900,MO
2019-02-14,48.9900016784668,49.439998626708984,48.7400016784668,49.13999938964844,27.644161224365234,7401400,MO
2019-02-15,49.290000915527344,49.400001525878906,48.7400016784668,48.7400016784668,27.419137954711914,9161700,MO
2019-02-19,48.81999969482422,49.380001068115234,48.36000061035156,48.9900016784668,27.55977439880371,11662900,MO
2019-02-20,49.22999954223633,50.959999084472656,49.150001525878906,50.5099983215332,28.414867401123047,11133600,MO
2019-02-21,50.38999938964844,50.79999923706055,50.0099983215332,50.369998931884766,28.33611297607422,7337100,MO
2019-02-22,50.650001525878906,51.540000915527344,50.400001525878906,51.5,28.9718074798584,8232900,MO
2019-02-25,52.04999923706055,52.31999969482422,51.5099983215332,51.84000015258789,29.163070678710938,15052000,MO
2019-02-26,51.91999816894531,52.310001373291016,51.84000015258789,52.099998474121094,29.309341430664062,12231100,MO
2019-02-27,52.400001525878906,52.75,51.709999084472656,52.31999969482422,29.433095932006836,8597400,MO
2019-02-28,52.40999984741211,52.650001525878906,51.869998931884766,52.40999984741211,29.483732223510742,11194800,MO
2019-03-01,52.66999816894531,52.939998626708984,52.130001068115234,52.75,29.675004959106445,7386500,MO
2019-03-04,52.95000076293945,53.25,52.220001220703125,52.459999084472656,29.51186180114746,8437100,MO
2019-03-05,52.310001373291016,53.900001525878906,51.959999084472656,52.880001068115234,29.748136520385742,9527800,MO
2019-03-06,53.25,54.75,52.97999954223633,54.66999816894531,30.75511360168457,13335200,MO
2019-03-07,54.880001068115234,54.880001068115234,53.869998931884766,54.7400016784668,30.79449462890625,20093400,MO
2019-03-08,54.72999954223633,55.54999923706055,54.68000030517578,55.369998931884766,31.148908615112305,13411200,MO
2019-03-11,55.31999969482422,56.16999816894531,55.29999923706055,56.0099983215332,31.508939743041992,11709200,MO
2019-03-12,56.11000061035156,56.369998931884766,55.09000015258789,55.75,31.36267852783203,17503300,MO
2019-03-13,55.65999984741211,56.290000915527344,55.34000015258789,56.130001068115234,31.576457977294922,11166300,MO
2019-03-14,56.08000183105469,56.4900016784668,55.77000045776367,56.400001525878906,31.728343963623047,11896000,MO
2019-03-15,56.7599983215332,57.06999969482422,56.0099983215332,56.75,31.925243377685547,24580600,MO
2019-03-18,56.83000183105469,57.439998626708984,56.58000183105469,57.29999923706055,32.23463821411133,8272400,MO
2019-03-19,57.29999923706055,57.68000030517578,55.15999984741211,56.0099983215332,31.508939743041992,16077100,MO
2019-03-20,55.9900016784668,56.439998626708984,55.0099983215332,55.720001220703125,31.345802307128906,16750600,MO
2019-03-21,55.5099983215332,57.20000076293945,55.5099983215332,56.93000030517578,32.02649688720703,10413400,MO
2019-03-22,56.02000045776367,56.56999969482422,55.90999984741211,55.91999816894531,31.906675338745117,8850200,MO
2019-03-25,55.66999816894531,56.630001068115234,55.560001373291016,56.54999923706055,32.266143798828125,8620400,MO
2019-03-26,56.849998474121094,57.279998779296875,56.72999954223633,57.029998779296875,32.54001235961914,7146400,MO
2019-03-27,56.790000915527344,57.15999984741211,56.189998626708984,56.29999923706055,32.123497009277344,7819700,MO
2019-03-28,56.31999969482422,57.22999954223633,56.310001373291016,56.70000076293945,32.35172653198242,9951000,MO
2019-03-29,56.83000183105469,57.5,56.77000045776367,57.43000030517578,32.768245697021484,9447400,MO
2019-04-01,57.380001068115234,57.790000915527344,56.86000061035156,57.72999954223633,32.939422607421875,7011900,MO
2019-04-02,57.849998474121094,57.880001068115234,56.61000061035156,56.689998626708984,32.34601974487305,8457900,MO
2019-04-03,55.72999954223633,56.31999969482422,53.43000030517578,53.97999954223633,30.79975700378418,18583800,MO
2019-04-04,54.34000015258789,54.91999816894531,54.25,54.599998474121094,31.153514862060547,8452600,MO
2019-04-05,54.5,54.90999984741211,54.02000045776367,54.77000045776367,31.250516891479492,7743700,MO
2019-04-08,54.77000045776367,55.38999938964844,54.599998474121094,55.279998779296875,31.541500091552734,5607100,MO
2019-04-09,55.13999938964844,55.59000015258789,54.849998474121094,55.11000061035156,31.444507598876953,6045700,MO
2019-04-10,55.2599983215332,55.529998779296875,54.90999984741211,55.41999816894531,31.621389389038086,5786400,MO
2019-04-11,55.63999938964844,56.040000915527344,55.5099983215332,55.97999954223633,31.94091033935547,5259700,MO
2019-04-12,56.040000915527344,56.599998474121094,55.72999954223633,56.560001373291016,32.2718391418457,4689000,MO
2019-04-15,56.68000030517578,57.11000061035156,56.5099983215332,56.939998626708984,32.488670349121094,4667200,MO
2019-04-16,56.70000076293945,56.79999923706055,56.02000045776367,56.38999938964844,32.17484664916992,5403800,MO
2019-04-17,56.75,56.7599983215332,56.06999969482422,56.18000030517578,32.05502700805664,6002100,MO
2019-04-18,56.15999984741211,56.310001373291016,53.279998779296875,54.369998931884766,31.02228546142578,18001200,MO
2019-04-22,54.029998779296875,54.95000076293945,53.709999084472656,54.61000061035156,31.159217834472656,9066800,MO
2019-04-23,54.70000076293945,54.9900016784668,53.900001525878906,54.81999969482422,31.279048919677734,9228900,MO
2019-04-24,54.560001373291016,55.029998779296875,54.36000061035156,54.709999084472656,31.216276168823242,9662200,MO
2019-04-25,52.09000015258789,52.75,50.65999984741211,51.40999984741211,29.333370208740234,16929600,MO
2019-04-26,51.540000915527344,52.939998626708984,51.5,52.790000915527344,30.120773315429688,9129600,MO
2019-04-29,52.900001525878906,53.63999938964844,52.720001220703125,53.5099983215332,30.531583786010742,8045500,MO
2019-04-30,53.81999969482422,54.9900016784668,53.36000061035156,54.33000183105469,30.99945640563965,15760100,MO
2019-05-01,54.52000045776367,54.7400016784668,53.36000061035156,53.38999938964844,30.463119506835938,7372100,MO
2019-05-02,53.060001373291016,53.54999923706055,52.939998626708984,53.15999984741211,30.331886291503906,5803000,MO
2019-05-03,53.45000076293945,53.90999984741211,53.20000076293945,53.7599983215332,30.674232482910156,5138100,MO
2019-05-06,53.11000061035156,54.0,53.099998474121094,53.529998779296875,30.542999267578125,7234300,MO
2019-05-07,53.27000045776367,53.439998626708984,52.5,52.939998626708984,30.20635414123535,6808400,MO
2019-05-08,52.59000015258789,52.84000015258789,51.95000076293945,51.959999084472656,29.64719009399414,8784600,MO
2019-05-09,51.77000045776367,52.27000045776367,51.18000030517578,51.9900016784668,29.6643123626709,7161400,MO
2019-05-10,51.5,52.22999954223633,50.790000915527344,52.11000061035156,29.73276710510254,7825800,MO
2019-05-13,51.7400016784668,51.95000076293945,51.029998779296875,51.439998626708984,29.35049057006836,6150200,MO
2019-05-14,51.279998779296875,52.380001068115234,51.189998626708984,51.88999938964844,29.607248306274414,5527600,MO
2019-05-15,51.75,52.380001068115234,51.47999954223633,52.130001068115234,29.744192123413086,4803900,MO
2019-05-16,52.0099983215332,52.7599983215332,51.880001068115234,52.029998779296875,29.687135696411133,6350800,MO
2019-05-17,51.7599983215332,52.52000045776367,51.459999084472656,52.349998474121094,29.869712829589844,6129900,MO
2019-05-20,52.150001525878906,53.09000015258789,52.060001373291016,52.33000183105469,29.858306884765625,7133900,MO
2019-05-21,52.599998474121094,52.599998474121094,51.83000183105469,51.869998931884766,29.595834732055664,6218900,MO
2019-05-22,51.93000030517578,53.02000045776367,51.75,52.83000183105469,30.143596649169922,6970600,MO
2019-05-23,52.5099983215332,52.880001068115234,52.16999816894531,52.810001373291016,30.132183074951172,6493700,MO
2019-05-24,52.970001220703125,53.11000061035156,51.599998474121094,52.400001525878906,29.89824676513672,5735000,MO
2019-05-28,52.029998779296875,52.029998779296875,49.75,49.869998931884766,28.454679489135742,18094100,MO
2019-05-29,49.20000076293945,50.45000076293945,48.70000076293945,50.189998626708984,28.637277603149414,10412200,MO
2019-05-30,50.31999969482422,50.4900016784668,49.93000030517578,50.209999084472656,28.648685455322266,5801700,MO
2019-05-31,49.91999816894531,49.95000076293945,48.939998626708984,49.060001373291016,27.992511749267578,6416500,MO
2019-06-03,49.25,50.150001525878906,49.130001068115234,50.099998474121094,28.585920333862305,6306400,MO
2019-06-04,50.779998779296875,50.810001373291016,50.25,50.41999816894531,28.76849937438965,5846400,MO
2019-06-05,50.59000015258789,50.66999816894531,48.970001220703125,49.689998626708984,28.351980209350586,8692100,MO
2019-06-06,49.90999984741211,51.16999816894531,49.88999938964844,50.75,28.9567928314209,7267900,MO
2019-06-07,51.189998626708984,51.720001220703125,51.119998931884766,51.380001068115234,29.316253662109375,5161500,MO
2019-06-10,51.5,51.70000076293945,50.97999954223633,51.209999084472656,29.219261169433594,4989100,MO
2019-06-11,51.349998474121094,52.459999084472656,51.310001373291016,52.150001525878906,29.755603790283203,6709000,MO
2019-06-12,51.439998626708984,52.040000915527344,51.119998931884766,51.59000015258789,29.436079025268555,6698600,MO
2019-06-13,51.13999938964844,51.43000030517578,50.68000030517578,51.209999084472656,29.67949676513672,4074200,MO
2019-06-14,51.11000061035156,51.47999954223633,50.47999954223633,50.86000061035156,29.476642608642578,5669300,MO
2019-06-17,50.38999938964844,51.189998626708984,50.380001068115234,50.86000061035156,29.476642608642578,4876200,MO
2019-06-18,51.06999969482422,51.25,50.0099983215332,50.119998931884766,29.04776382446289,6253400,MO
2019-06-19,50.11000061035156,50.25,49.599998474121094,49.900001525878906,28.920263290405273,8193500,MO
2019-06-20,50.2400016784668,50.40999984741211,49.900001525878906,50.2599983215332,29.12890625,9301900,MO
2019-06-21,50.060001373291016,50.34000015258789,47.90999984741211,48.0,27.819087982177734,23069000,MO
2019-06-24,48.11000061035156,49.029998779296875,47.90999984741211,48.4900016784668,28.103076934814453,10215100,MO
2019-06-25,48.66999816894531,48.939998626708984,48.099998474121094,48.779998779296875,28.27114486694336,7197100,MO
2019-06-26,48.119998931884766,48.36000061035156,47.619998931884766,47.939998626708984,27.784324645996094,10469300,MO
2019-06-27,47.900001525878906,48.279998779296875,47.560001373291016,47.900001525878906,27.761138916015625,5906900,MO
2019-06-28,47.81999969482422,48.060001373291016,47.310001373291016,47.349998474121094,27.44237518310547,20573100,MO
2019-07-01,47.72999954223633,48.40999984741211,47.5099983215332,47.689998626708984,27.63942527770996,7173700,MO
2019-07-02,47.86000061035156,48.619998931884766,47.619998931884766,48.599998474121094,28.166828155517578,6098300,MO
2019-07-03,48.970001220703125,49.349998474121094,48.43000030517578,49.189998626708984,28.50876808166504,3909200,MO
2019-07-05,49.06999969482422,49.25,48.27000045776367,48.779998779296875,28.27114486694336,5291000,MO
2019-07-08,48.93000030517578,49.52000045776367,48.599998474121094,49.08000183105469,28.445024490356445,6502400,MO
2019-07-09,48.81999969482422,48.939998626708984,48.209999084472656,48.349998474121094,28.02193260192871,6056300,MO
2019-07-10,48.220001220703125,49.5,48.189998626708984,49.0,28.398658752441406,6533000,MO
2019-07-11,49.0,49.72999954223633,48.880001068115234,49.2599983215332,28.549335479736328,5857000,MO
2019-07-12,50.04999923706055,50.16999816894531,49.439998626708984,49.5,28.688438415527344,6103600,MO
2019-07-15,49.79999923706055,49.939998626708984,49.400001525878906,49.540000915527344,28.71162223815918,4616900,MO
2019-07-16,49.310001373291016,49.619998931884766,49.029998779296875,49.40999984741211,28.636281967163086,5569400,MO
2019-07-17,49.40999984741211,49.619998931884766,49.0099983215332,49.45000076293945,28.659461975097656,5381800,MO
2019-07-18,50.040000915527344,51.119998931884766,49.72999954223633,50.529998779296875,29.285400390625,9852100,MO
2019-07-19,50.86000061035156,50.900001525878906,50.41999816894531,50.529998779296875,29.285400390625,5262500,MO
2019-07-22,50.52000045776367,50.52000045776367,49.540000915527344,49.66999816894531,28.786962509155273,4983700,MO
2019-07-23,49.86000061035156,50.29999923706055,49.709999084472656,50.040000915527344,29.001401901245117,6243400,MO
2019-07-24,49.97999954223633,50.099998474121094,49.619998931884766,49.779998779296875,28.850717544555664,4280200,MO
2019-07-25,49.77000045776367,50.45000076293945,49.459999084472656,49.59000015258789,28.7405948638916,4086800,MO
2019-07-26,49.52000045776367,50.119998931884766,49.040000915527344,49.86000061035156,28.897083282470703,7352900,MO
2019-07-29,49.95000076293945,50.58000183105469,49.91999816894531,50.310001373291016,29.157882690429688,6271600,MO
2019-07-30,49.599998474121094,49.66999816894531,47.349998474121094,48.5,28.108867645263672,13184600,MO
2019-07-31,48.310001373291016,48.54999923706055,46.720001220703125,47.06999969482422,27.28009796142578,12252300,MO
2019-08-01,47.5,48.65999984741211,47.400001525878906,47.880001068115234,27.74954605102539,9933800,MO
2019-08-02,48.20000076293945,48.439998626708984,47.75,47.93000030517578,27.778522491455078,7072200,MO
2019-08-05,47.540000915527344,47.70000076293945,46.16999816894531,46.650001525878906,27.036680221557617,10326000,MO
2019-08-06,46.90999984741211,46.91999816894531,45.93000030517578,46.15999984741211,26.75269317626953,8779100,MO
2019-08-07,45.90999984741211,46.439998626708984,45.25,46.22999954223633,26.79326629638672,13216200,MO
2019-08-08,46.220001220703125,46.65999984741211,45.900001525878906,46.5,26.949745178222656,10565400,MO
2019-08-09,46.47999954223633,46.599998474121094,45.630001068115234,46.15999984741211,26.75269317626953,8125000,MO
2019-08-12,46.029998779296875,46.33000183105469,45.70000076293945,45.97999954223633,26.648372650146484,4558500,MO
2019-08-13,45.779998779296875,46.93000030517578,45.72999954223633,46.779998779296875,27.112024307250977,5744700,MO
2019-08-14,46.400001525878906,46.4900016784668,45.849998474121094,45.869998931884766,26.584613800048828,8907400,MO
2019-08-15,45.880001068115234,46.18000030517578,45.220001220703125,45.4900016784668,26.3643798828125,6363500,MO
2019-08-16,45.70000076293945,46.72999954223633,45.689998626708984,46.47999954223633,26.938146591186523,6986700,MO
2019-08-19,46.83000183105469,47.189998626708984,46.63999938964844,46.70000076293945,27.065656661987305,4439900,MO
2019-08-20,46.619998931884766,46.720001220703125,45.58000183105469,46.029998779296875,26.677356719970703,5619400,MO
2019-08-21,46.33000183105469,46.529998779296875,45.93000030517578,46.25,26.804847717285156,5323600,MO
2019-08-22,46.0,46.900001525878906,45.9900016784668,46.59000015258789,27.001909255981445,8287000,MO
2019-08-23,46.90999984741211,47.18000030517578,46.150001525878906,46.40999984741211,26.897586822509766,10740100,MO
2019-08-26,46.970001220703125,47.61000061035156,46.5,47.119998931884766,27.3090763092041,12763200,MO
2019-08-27,51.16999816894531,52.45000076293945,44.83000183105469,45.25,26.225290298461914,58065900,MO
2019-08-28,45.16999816894531,46.689998626708984,44.66999816894531,45.849998474121094,26.573026657104492,20298000,MO
2019-08-29,46.16999816894531,46.29999923706055,43.849998474121094,44.25,25.645727157592773,18214200,MO
2019-08-30,44.060001373291016,44.58000183105469,43.56999969482422,43.7400016784668,25.35015106201172,13984600,MO
2019-09-03,43.70000076293945,44.13999938964844,43.06999969482422,44.040000915527344,25.524011611938477,8934800,MO
2019-09-04,44.2599983215332,44.5,43.40999984741211,44.29999923706055,25.67470932006836,7839500,MO
2019-09-05,44.54999923706055,44.599998474121094,43.810001373291016,43.849998474121094,25.41390037536621,9043300,MO
2019-09-06,44.02000045776367,44.31999969482422,43.65999984741211,43.849998474121094,25.41390037536621,10429600,MO
2019-09-09,44.0,44.279998779296875,43.619998931884766,44.040000915527344,25.524011611938477,10164500,MO
2019-09-10,43.5099983215332,44.2400016784668,43.470001220703125,44.2400016784668,25.639934539794922,11305600,MO
2019-09-11,44.29999923706055,44.970001220703125,43.650001525878906,44.720001220703125,25.918121337890625,16156100,MO
2019-09-12,44.900001525878906,44.91999816894531,44.0,44.459999084472656,25.767436981201172,9625500,MO
2019-09-13,43.439998626708984,43.5099983215332,41.970001220703125,42.0099983215332,24.816364288330078,21099500,MO
2019-09-16,41.4900016784668,42.08000183105469,41.27000045776367,41.40999984741211,24.461933135986328,16502700,MO
2019-09-17,41.5,41.79999923706055,41.2400016784668,41.310001373291016,24.402854919433594,11659500,MO
2019-09-18,41.08000183105469,41.380001068115234,40.75,40.84000015258789,24.125215530395508,13290500,MO
2019-09-19,40.86000061035156,41.040000915527344,39.29999923706055,40.119998931884766,23.699892044067383,22526700,MO
2019-09-20,40.43000030517578,41.31999969482422,39.95000076293945,40.810001373291016,24.107498168945312,31224800,MO
2019-09-23,40.630001068115234,41.61000061035156,40.52000045776367,40.880001068115234,24.148845672607422,10826000,MO
2019-09-24,40.970001220703125,41.20000076293945,40.58000183105469,40.72999954223633,24.06023597717285,11577900,MO
2019-09-25,41.47999954223633,41.650001525878906,39.439998626708984,40.560001373291016,23.959810256958008,26028300,MO
2019-09-26,39.7599983215332,40.790000915527344,39.720001220703125,40.65999984741211,24.018890380859375,11894400,MO
2019-09-27,40.65999984741211,40.72999954223633,39.790000915527344,40.130001068115234,23.705806732177734,8618500,MO
2019-09-30,40.25,41.09000015258789,40.20000076293945,40.900001525878906,24.16065788269043,9891900,MO
2019-10-01,41.029998779296875,41.18000030517578,40.709999084472656,41.15999984741211,24.314247131347656,7696100,MO
2019-10-02,40.970001220703125,40.97999954223633,40.11000061035156,40.209999084472656,23.7530574798584,9586900,MO
2019-10-03,40.20000076293945,40.900001525878906,40.130001068115234,40.810001373291016,24.107498168945312,11412600,MO
2019-10-04,40.560001373291016,41.65999984741211,40.54999923706055,41.650001525878906,24.60370635986328,12485900,MO
2019-10-07,41.959999084472656,42.560001373291016,41.849998474121094,42.16999816894531,24.910884857177734,16154000,MO
2019-10-08,42.310001373291016,42.63999938964844,42.0,42.0,24.81045913696289,9985000,MO
2019-10-09,42.13999938964844,42.47999954223633,41.68000030517578,42.459999084472656,25.082191467285156,7764100,MO
2019-10-10,42.849998474121094,43.540000915527344,42.66999816894531,42.97999954223633,25.389368057250977,10563700,MO
2019-10-11,43.119998931884766,43.400001525878906,42.40999984741211,42.56999969482422,25.147172927856445,7714800,MO
2019-10-14,42.52000045776367,42.79999923706055,42.380001068115234,42.720001220703125,25.23577880859375,6743000,MO
2019-10-15,42.75,43.56999969482422,42.7400016784668,43.43000030517578,25.655195236206055,7003900,MO
2019-10-16,43.45000076293945,43.720001220703125,43.29999923706055,43.5099983215332,25.702449798583984,7916800,MO
2019-10-17,43.900001525878906,44.279998779296875,43.529998779296875,44.279998779296875,26.157306671142578,9255800,MO
2019-10-18,44.279998779296875,44.56999969482422,44.13999938964844,44.33000183105469,26.18684959411621,13209800,MO
2019-10-21,44.54999923706055,45.599998474121094,44.5099983215332,45.560001373291016,26.913434982299805,10422000,MO
2019-10-22,45.560001373291016,46.36000061035156,45.15999984741211,46.34000015258789,27.37420082092285,9921700,MO
2019-10-23,46.400001525878906,46.79999923706055,46.06999969482422,46.75,27.61640167236328,9323100,MO
2019-10-24,46.7599983215332,47.119998931884766,46.369998931884766,46.959999084472656,27.740449905395508,7872800,MO
2019-10-25,46.68000030517578,47.15999984741211,46.540000915527344,46.79999923706055,27.64594268798828,6805200,MO
2019-10-28,46.65999984741211,46.75,45.95000076293945,45.9900016784668,27.16745376586914,12435400,MO
2019-10-29,45.599998474121094,46.380001068115234,45.2599983215332,46.380001068115234,27.3978328704834,9042500,MO
2019-10-30,46.31999969482422,46.41999816894531,45.84000015258789,45.959999084472656,27.149728775024414,7848800,MO
2019-10-31,46.599998474121094,47.150001525878906,44.56999969482422,44.790000915527344,26.458587646484375,12698200,MO
2019-11-01,44.599998474121094,45.41999816894531,44.58000183105469,45.060001373291016,26.61807632446289,9254400,MO
2019-11-04,45.15999984741211,45.689998626708984,45.11000061035156,45.599998474121094,26.93706512451172,8863500,MO
2019-11-05,45.630001068115234,46.43000030517578,45.41999816894531,46.25,27.321035385131836,9413800,MO
2019-11-06,46.40999984741211,46.439998626708984,45.619998931884766,45.90999984741211,27.120197296142578,7713300,MO
2019-11-07,46.15999984741211,46.18000030517578,45.630001068115234,45.97999954223633,27.161540985107422,8383500,MO
2019-11-08,45.849998474121094,46.40999984741211,45.630001068115234,46.40999984741211,27.415559768676758,5604100,MO
2019-11-11,46.2599983215332,46.65999984741211,46.08000183105469,46.40999984741211,27.415559768676758,5895600,MO
2019-11-12,46.400001525878906,47.02000045776367,46.119998931884766,47.0,27.76408576965332,6631900,MO
2019-11-13,46.86000061035156,47.41999816894531,46.81999969482422,46.83000183105469,27.663663864135742,7733800,MO
2019-11-14,46.95000076293945,47.119998931884766,46.59000015258789,46.630001068115234,27.545515060424805,6413400,MO
2019-11-15,46.58000183105469,47.97999954223633,46.52000045776367,47.970001220703125,28.337085723876953,8329800,MO
2019-11-18,47.970001220703125,48.599998474121094,47.630001068115234,48.34000015258789,28.5556583404541,11529900,MO
2019-11-19,48.36000061035156,48.470001220703125,46.880001068115234,46.93000030517578,27.722734451293945,10280000,MO
2019-11-20,46.790000915527344,49.86000061035156,46.63999938964844,48.45000076293945,28.620637893676758,15262900,MO
2019-11-21,48.439998626708984,48.900001525878906,48.099998474121094,48.81999969482422,28.839210510253906,8500200,MO
2019-11-22,48.869998931884766,49.06999969482422,48.45000076293945,49.0,28.945533752441406,9256900,MO
2019-11-25,49.27000045776367,49.41999816894531,48.84000015258789,49.2599983215332,29.099119186401367,7685300,MO
2019-11-26,49.119998931884766,49.54999923706055,48.77000045776367,49.220001220703125,29.075498580932617,10749600,MO
2019-11-27,49.5,49.810001373291016,49.369998931884766,49.75,29.38857650756836,5679600,MO
2019-11-29,49.619998931884766,49.810001373291016,49.52000045776367,49.70000076293945,29.359039306640625,2678500,MO
2019-12-02,50.0,50.66999816894531,49.93000030517578,50.599998474121094,29.890697479248047,9551500,MO
2019-12-03,50.459999084472656,50.7400016784668,49.709999084472656,50.099998474121094,29.595335006713867,9241600,MO
2019-12-04,49.88999938964844,50.33000183105469,49.77000045776367,50.11000061035156,29.601245880126953,8266100,MO
2019-12-05,50.029998779296875,50.33000183105469,49.66999816894531,50.16999816894531,29.63667869567871,7279200,MO
2019-12-06,50.38999938964844,50.7599983215332,50.27000045776367,50.40999984741211,29.778453826904297,5144100,MO
2019-12-09,50.380001068115234,50.900001525878906,50.29999923706055,50.529998779296875,29.84935188293457,5337000,MO
2019-12-10,50.08000183105469,50.400001525878906,49.77000045776367,50.04999923706055,29.565797805786133,6073500,MO
2019-12-11,50.0,50.5099983215332,50.0,50.29999923706055,29.713476181030273,6415000,MO
2019-12-12,50.2400016784668,50.720001220703125,49.90999984741211,49.93000030517578,29.49490737915039,6433200,MO
2019-12-13,49.900001525878906,50.380001068115234,49.900001525878906,50.15999984741211,29.63077163696289,6103700,MO
2019-12-16,50.720001220703125,50.959999084472656,50.349998474121094,50.599998474121094,29.890697479248047,10791400,MO
2019-12-17,50.54999923706055,51.09000015258789,50.439998626708984,50.83000183105469,30.026559829711914,9646600,MO
2019-12-18,50.900001525878906,51.400001525878906,50.779998779296875,51.36000061035156,30.339651107788086,8097800,MO
2019-12-19,51.45000076293945,51.54999923706055,50.70000076293945,50.790000915527344,30.002931594848633,9876200,MO
2019-12-20,51.459999084472656,51.72999954223633,51.04999923706055,51.130001068115234,30.203781127929688,21655800,MO
2019-12-23,51.25,51.630001068115234,51.119998931884766,51.54999923706055,30.45189094543457,8046000,MO
2019-12-24,50.7599983215332,50.79999923706055,50.2599983215332,50.279998779296875,30.19366455078125,3684500,MO
2019-12-26,50.310001373291016,50.79999923706055,50.27000045776367,50.400001525878906,30.26572608947754,7351000,MO
2019-12-27,50.310001373291016,50.5099983215332,50.119998931884766,50.400001525878906,30.26572608947754,7700500,MO
2019-12-30,50.31999969482422,50.470001220703125,49.75,49.88999938964844,29.959457397460938,6691000,MO
2019-12-31,49.79999923706055,49.97999954223633,49.619998931884766,49.90999984741211,29.97147560119629,5978800,MO
2020-01-02,50.189998626708984,50.34000015258789,49.04999923706055,49.25,29.575143814086914,8717200,MO
2020-01-03,49.16999816894531,49.95000076293945,49.15999984741211,49.630001068115234,29.80332374572754,7850700,MO
2020-01-06,49.630001068115234,50.06999969482422,49.43000030517578,49.83000183105469,29.92343521118164,6532500,MO
2020-01-07,49.560001373291016,49.93000030517578,49.31999969482422,49.56999969482422,29.767301559448242,6423600,MO
2020-01-08,49.790000915527344,50.279998779296875,49.58000183105469,50.08000183105469,30.07356071472168,5987200,MO
2020-01-09,50.29999923706055,50.66999816894531,50.060001373291016,50.56999969482422,30.367816925048828,6449500,MO
2020-01-10,50.939998626708984,51.06999969482422,50.209999084472656,50.220001220703125,30.157625198364258,6049700,MO
2020-01-13,50.150001525878906,51.119998931884766,50.0,50.7599983215332,30.481908798217773,7776400,MO
2020-01-14,50.689998626708984,50.90999984741211,50.560001373291016,50.869998931884766,30.547971725463867,8455900,MO
2020-01-15,50.849998474121094,51.779998779296875,50.77000045776367,51.25,30.776159286499023,6748300,MO
2020-01-16,51.33000183105469,51.459999084472656,50.9900016784668,51.09000015258789,30.680078506469727,7159100,MO
2020-01-17,51.15999984741211,51.369998931884766,50.83000183105469,51.02000045776367,30.638044357299805,11468200,MO
2020-01-21,50.90999984741211,51.310001373291016,50.5099983215332,51.09000015258789,30.680078506469727,10192400,MO
2020-01-22,51.040000915527344,51.470001220703125,51.0099983215332,51.029998779296875,30.644044876098633,7300100,MO
2020-01-23,50.81999969482422,51.040000915527344,50.38999938964844,50.560001373291016,30.361812591552734,5699000,MO
2020-01-24,50.4900016784668,50.599998474121094,50.029998779296875,50.25,30.175647735595703,10049500,MO
2020-01-27,49.720001220703125,50.08000183105469,49.61000061035156,49.77000045776367,29.887399673461914,7419900,MO
2020-01-28,49.689998626708984,50.29999923706055,49.45000076293945,50.16999816894531,30.127605438232422,9545300,MO
2020-01-29,50.369998931884766,50.77000045776367,50.08000183105469,50.11000061035156,30.091575622558594,6318000,MO
2020-01-30,49.06999969482422,49.150001525878906,46.33000183105469,48.0,28.824501037597656,17717800,MO
2020-01-31,48.25,48.79999923706055,47.2400016784668,47.529998779296875,28.54225730895996,11794000,MO
2020-02-03,47.52000045776367,47.70000076293945,46.189998626708984,46.2599983215332,27.77961540222168,10197600,MO
2020-02-04,47.119998931884766,47.22999954223633,46.5,46.52000045776367,27.935739517211914,10126000,MO
2020-02-05,46.52000045776367,47.13999938964844,46.150001525878906,46.279998779296875,27.791624069213867,13515300,MO
2020-02-06,46.5,46.959999084472656,46.41999816894531,46.65999984741211,28.019819259643555,8763500,MO
2020-02-07,46.65999984741211,46.66999816894531,45.72999954223633,46.220001220703125,27.755592346191406,7138300,MO
2020-02-10,46.150001525878906,46.68000030517578,45.939998626708984,46.20000076293945,27.743587493896484,6272100,MO
2020-02-11,46.08000183105469,46.189998626708984,45.459999084472656,45.56999969482422,27.365253448486328,9814000,MO
2020-02-12,45.56999969482422,45.650001525878906,44.86000061035156,45.400001525878906,27.263179779052734,10533000,MO
2020-02-13,45.41999816894531,45.90999984741211,44.970001220703125,45.650001525878906,27.41330337524414,6111300,MO
2020-02-14,45.720001220703125,45.779998779296875,44.90999984741211,45.16999816894531,27.125049591064453,9026000,MO
2020-02-18,45.099998474121094,45.529998779296875,45.02000045776367,45.220001220703125,27.15507698059082,12033800,MO
2020-02-19,45.25,45.47999954223633,44.939998626708984,45.13999938964844,27.107038497924805,5888600,MO
2020-02-20,45.09000015258789,45.650001525878906,44.939998626708984,45.560001373291016,27.359251022338867,5242900,MO
2020-02-21,45.38999938964844,46.220001220703125,45.31999969482422,45.88999938964844,27.557424545288086,9367800,MO
2020-02-24,45.290000915527344,45.689998626708984,43.58000183105469,43.79999923706055,26.302352905273438,18907800,MO
2020-02-25,43.709999084472656,44.2599983215332,42.31999969482422,42.4900016784668,25.515687942504883,12475900,MO
2020-02-26,42.38999938964844,43.099998474121094,42.11000061035156,42.119998931884766,25.293498992919922,14293000,MO
2020-02-27,41.849998474121094,42.470001220703125,40.29999923706055,40.29999923706055,24.200563430786133,13884500,MO
2020-02-28,39.369998931884766,40.5,38.56999969482422,40.369998931884766,24.242603302001953,23998100,MO
2020-03-02,40.459999084472656,42.08000183105469,40.060001373291016,42.06999969482422,25.263479232788086,14560000,MO
2020-03-03,42.15999984741211,43.599998474121094,41.470001220703125,41.900001525878906,25.161392211914062,18031600,MO
2020-03-04,42.400001525878906,43.95000076293945,42.09000015258789,43.93000030517578,26.38042449951172,12612900,MO
2020-03-05,42.72999954223633,43.880001068115234,42.540000915527344,43.15999984741211,25.918031692504883,11502300,MO
2020-03-06,41.86000061035156,42.45000076293945,41.119998931884766,42.150001525878906,25.311511993408203,15485300,MO
2020-03-09,39.79999923706055,41.77000045776367,39.439998626708984,40.34000015258789,24.224592208862305,16480100,MO
2020-03-10,41.470001220703125,42.52000045776367,40.41999816894531,42.150001525878906,25.311511993408203,20532700,MO
2020-03-11,40.849998474121094,41.54999923706055,40.13999938964844,40.47999954223633,24.308656692504883,16557300,MO
2020-03-12,37.470001220703125,38.599998474121094,35.779998779296875,36.41999816894531,21.870580673217773,19322800,MO
2020-03-13,38.25,40.20000076293945,36.72999954223633,40.06999969482422,24.06245231628418,16308900,MO
2020-03-16,35.93000030517578,41.2599983215332,34.380001068115234,38.220001220703125,22.951509475708008,18032100,MO
2020-03-17,38.900001525878906,40.58000183105469,38.130001068115234,39.849998474121094,23.93033790588379,16972000,MO
2020-03-18,37.5,39.0,35.0,38.31999969482422,23.01156234741211,18217800,MO
2020-03-19,37.630001068115234,37.630001068115234,34.83000183105469,37.099998474121094,22.2789363861084,15889800,MO
2020-03-20,36.15999984741211,36.97999954223633,34.13999938964844,34.279998779296875,20.585498809814453,21595700,MO
2020-03-23,32.91999816894531,33.2599983215332,30.950000762939453,31.3799991607666,18.844018936157227,24246000,MO
2020-03-24,32.130001068115234,33.34000015258789,31.770000457763672,32.380001068115234,19.979347229003906,21746000,MO
2020-03-25,32.22999954223633,36.13999938964844,31.709999084472656,34.369998931884766,21.207231521606445,21540900,MO
2020-03-26,34.63999938964844,36.81999969482422,34.63999938964844,36.63999938964844,22.607885360717773,14403400,MO
2020-03-27,34.5,38.040000915527344,34.04999923706055,36.63999938964844,22.607885360717773,14679500,MO
2020-03-30,36.880001068115234,37.91999816894531,36.369998931884766,37.310001373291016,23.021291732788086,18352900,MO
2020-03-31,36.7599983215332,38.959999084472656,36.75,38.66999816894531,23.860448837280273,15865800,MO
2020-04-01,36.849998474121094,37.97999954223633,36.689998626708984,37.61000061035156,23.206401824951172,18310500,MO
2020-04-02,36.130001068115234,36.54999923706055,35.34000015258789,36.220001220703125,22.348735809326172,14393600,MO
2020-04-03,36.61000061035156,37.70000076293945,36.150001525878906,37.40999984741211,23.08299446105957,10338000,MO
2020-04-06,38.5099983215332,38.869998931884766,37.029998779296875,37.279998779296875,23.002782821655273,14463800,MO
2020-04-07,38.220001220703125,39.900001525878906,37.61000061035156,38.47999954223633,23.743215560913086,12021300,MO
2020-04-08,38.88999938964844,40.75,38.619998931884766,40.130001068115234,24.761314392089844,11727600,MO
2020-04-09,40.130001068115234,41.540000915527344,40.130001068115234,40.90999984741211,25.242584228515625,8933800,MO
2020-04-13,40.7599983215332,40.939998626708984,39.72999954223633,40.439998626708984,24.952579498291016,8449800,MO
2020-04-14,41.04999923706055,42.38999938964844,40.88999938964844,42.119998931884766,25.989192962646484,8526500,MO
2020-04-15,41.09000015258789,41.220001220703125,40.209999084472656,40.90999984741211,25.242584228515625,7415200,MO
2020-04-16,41.099998474121094,41.31999969482422,40.16999816894531,40.400001525878906,24.927900314331055,7429400,MO
2020-04-17,41.0,41.95000076293945,40.630001068115234,40.849998474121094,25.2055721282959,10455400,MO
2020-04-20,40.25,40.40999984741211,38.70000076293945,39.06999969482422,24.107257843017578,13229600,MO
2020-04-21,38.0,38.81999969482422,37.5,37.7599983215332,23.2989559173584,15089300,MO
2020-04-22,38.439998626708984,38.47999954223633,37.45000076293945,37.810001373291016,23.32980728149414,11190800,MO
2020-04-23,38.0099983215332,38.84000015258789,37.91999816894531,38.45000076293945,23.724700927734375,7182400,MO
2020-04-24,38.7599983215332,39.56999969482422,38.689998626708984,39.41999816894531,24.323219299316406,8785500,MO
2020-04-27,39.619998931884766,40.209999084472656,39.2400016784668,39.75,24.52684211730957,6066300,MO
2020-04-28,40.709999084472656,41.459999084472656,40.56999969482422,40.709999084472656,25.11918067932129,7098500,MO
2020-04-29,41.0,41.27000045776367,40.470001220703125,40.470001220703125,24.971101760864258,7350400,MO
2020-04-30,42.349998474121094,42.36000061035156,39.040000915527344,39.25,24.218324661254883,13830900,MO
2020-05-01,39.029998779296875,40.36000061035156,37.66999816894531,37.90999984741211,23.39150619506836,11765500,MO
2020-05-04,38.0,38.27000045776367,37.56999969482422,38.0099983215332,23.453205108642578,9177300,MO
2020-05-05,38.279998779296875,38.400001525878906,36.720001220703125,36.79999923706055,22.70660400390625,9590200,MO
2020-05-06,37.09000015258789,37.13999938964844,35.13999938964844,35.72999954223633,22.046388626098633,15203600,MO
2020-05-07,36.220001220703125,36.25,35.02000045776367,35.099998474121094,21.65766143798828,17855900,MO
2020-05-08,35.630001068115234,36.900001525878906,35.439998626708984,36.7400016784668,22.66958999633789,8451500,MO
2020-05-11,36.029998779296875,36.70000076293945,35.869998931884766,36.41999816894531,22.472129821777344,8254900,MO
2020-05-12,36.70000076293945,37.150001525878906,36.06999969482422,36.08000183105469,22.262353897094727,12086400,MO
2020-05-13,36.02000045776367,36.77000045776367,35.61000061035156,36.349998474121094,22.428945541381836,13141400,MO
2020-05-14,35.849998474121094,36.380001068115234,35.560001373291016,36.25,22.36724853515625,9128800,MO
2020-05-15,36.41999816894531,36.75,35.97999954223633,36.59000015258789,22.577035903930664,12566000,MO
2020-05-18,37.66999816894531,37.880001068115234,37.33000183105469,37.599998474121094,23.20022201538086,9826500,MO
2020-05-19,37.52000045776367,37.689998626708984,37.099998474121094,37.119998931884766,22.9040584564209,10010800,MO
2020-05-20,37.34000015258789,37.79999923706055,37.09000015258789,37.77000045776367,23.30512809753418,10310900,MO
2020-05-21,37.70000076293945,38.099998474121094,37.220001220703125,37.540000915527344,23.163209915161133,10212100,MO
2020-05-22,37.5,37.7599983215332,37.22999954223633,37.72999954223633,23.280441284179688,6943400,MO
2020-05-26,38.439998626708984,38.81999969482422,38.130001068115234,38.279998779296875,23.61980628967285,9596000,MO
2020-05-27,39.060001373291016,39.5,38.91999816894531,39.04999923706055,24.094919204711914,9502000,MO
2020-05-28,39.7400016784668,39.7400016784668,38.790000915527344,38.810001373291016,23.94683265686035,12056800,MO
2020-05-29,38.59000015258789,39.22999954223633,38.20000076293945,39.04999923706055,24.094919204711914,18946000,MO
2020-06-01,39.099998474121094,39.7599983215332,39.08000183105469,39.18000030517578,24.17513656616211,6573400,MO
2020-06-02,39.38999938964844,39.709999084472656,39.25,39.65999984741211,24.471309661865234,8952600,MO
2020-06-03,40.0,40.439998626708984,39.7599983215332,40.209999084472656,24.810670852661133,8422500,MO
2020-06-04,40.0,40.7400016784668,39.650001525878906,40.72999954223633,25.131519317626953,7842200,MO
2020-06-05,41.5099983215332,42.470001220703125,41.27000045776367,41.90999984741211,25.859617233276367,10776200,MO
2020-06-08,42.22999954223633,43.150001525878906,41.939998626708984,42.83000183105469,26.427276611328125,10509300,MO
2020-06-09,42.45000076293945,42.689998626708984,41.959999084472656,42.18000030517578,26.026220321655273,11903200,MO
2020-06-10,42.29999923706055,42.400001525878906,41.79999923706055,41.81999969482422,25.80408477783203,9795600,MO
2020-06-11,40.849998474121094,41.040000915527344,39.27000045776367,39.290000915527344,24.243003845214844,13488100,MO
2020-06-12,39.40999984741211,39.43000030517578,38.220001220703125,39.130001068115234,24.671751022338867,12543100,MO
2020-06-15,38.47999954223633,40.33000183105469,38.34000015258789,40.310001373291016,25.415756225585938,11940200,MO
2020-06-16,41.209999084472656,41.61000061035156,40.560001373291016,41.09000015258789,25.90754508972168,9531900,MO
2020-06-17,41.18000030517578,41.439998626708984,40.7599983215332,40.86000061035156,25.76252555847168,7960400,MO
2020-06-18,40.4900016784668,41.52000045776367,40.470001220703125,41.470001220703125,26.147138595581055,7192800,MO
2020-06-19,41.97999954223633,41.97999954223633,40.560001373291016,40.689998626708984,25.65534019470215,20025400,MO
2020-06-22,40.599998474121094,40.68000030517578,39.900001525878906,40.04999923706055,25.251815795898438,6756100,MO
2020-06-23,40.36000061035156,40.84000015258789,40.22999954223633,40.34000015258789,25.43467140197754,6061900,MO
2020-06-24,39.95000076293945,40.0,39.2400016784668,39.43000030517578,24.86090660095215,7186600,MO
2020-06-25,39.40999984741211,39.7400016784668,38.970001220703125,39.65999984741211,25.00592041015625,5981200,MO
2020-06-26,39.630001068115234,39.68000030517578,38.09000015258789,38.189998626708984,24.07907485961914,9693100,MO
2020-06-29,38.560001373291016,39.31999969482422,38.45000076293945,39.22999954223633,24.734800338745117,5919700,MO
2020-06-30,39.08000183105469,39.439998626708984,38.86000061035156,39.25,24.74740982055664,6825000,MO
2020-07-01,39.43000030517578,40.18000030517578,39.220001220703125,39.2400016784668,24.741106033325195,6326100,MO
2020-07-02,39.630001068115234,40.02000045776367,39.29999923706055,39.400001525878906,24.84199333190918,4389500,MO
2020-07-06,39.75,40.0099983215332,39.08000183105469,39.599998474121094,24.968093872070312,4883100,MO
2020-07-07,39.189998626708984,40.2400016784668,39.119998931884766,39.939998626708984,25.18246078491211,8659900,MO
2020-07-08,39.81999969482422,40.439998626708984,39.61000061035156,39.869998931884766,25.138322830200195,7530500,MO
2020-07-09,39.72999954223633,39.72999954223633,38.529998779296875,38.599998474121094,24.337587356567383,6257000,MO
2020-07-10,38.95000076293945,40.31999969482422,38.900001525878906,40.27000045776367,25.390527725219727,8406400,MO
2020-07-13,40.130001068115234,40.720001220703125,39.7400016784668,40.209999084472656,25.352693557739258,6931300,MO
2020-07-14,40.209999084472656,41.099998474121094,39.880001068115234,41.060001373291016,25.888629913330078,7783300,MO
2020-07-15,41.34000015258789,41.75,40.959999084472656,41.0,25.850799560546875,6499600,MO
2020-07-16,40.939998626708984,41.68000030517578,40.869998931884766,41.47999954223633,26.153438568115234,5670900,MO
2020-07-17,41.84000015258789,41.849998474121094,41.38999938964844,41.540000915527344,26.19127082824707,6242700,MO
2020-07-20,41.5,41.5,40.47999954223633,40.869998931884766,25.76883316040039,5915800,MO
2020-07-21,41.040000915527344,42.13999938964844,41.040000915527344,41.220001220703125,25.9895076751709,6212400,MO
2020-07-22,41.099998474121094,41.400001525878906,40.5099983215332,41.34000015258789,26.06517219543457,5437900,MO
2020-07-23,41.47999954223633,41.7400016784668,41.2599983215332,41.58000183105469,26.21649169921875,4803000,MO
2020-07-24,41.79999923706055,42.59000015258789,41.59000015258789,41.849998474121094,26.386737823486328,6186800,MO
2020-07-27,42.0,42.27000045776367,41.7599983215332,42.130001068115234,26.56327247619629,6052100,MO
2020-07-28,42.97999954223633,43.20000076293945,42.209999084472656,42.52000045776367,26.809173583984375,10794200,MO
2020-07-29,42.869998931884766,42.869998931884766,41.41999816894531,41.630001068115234,26.248016357421875,7890100,MO
2020-07-30,41.279998779296875,41.88999938964844,41.18000030517578,41.58000183105469,26.21649169921875,6256700,MO
2020-07-31,41.310001373291016,41.560001373291016,40.66999816894531,41.150001525878906,25.94537925720215,7572500,MO
2020-08-03,41.11000061035156,41.31999969482422,40.66999816894531,41.0099983215332,25.857105255126953,6063800,MO
2020-08-04,41.20000076293945,41.61000061035156,40.93000030517578,41.599998474121094,26.22909927368164,8747300,MO
2020-08-05,41.689998626708984,42.040000915527344,41.47999954223633,41.65999984741211,26.266925811767578,6425900,MO
2020-08-06,41.58000183105469,41.88999938964844,41.31999969482422,41.54999923706055,26.19757652282715,4085500,MO
2020-08-07,41.29999923706055,42.22999954223633,41.06999969482422,42.16999816894531,26.588491439819336,5620600,MO
2020-08-10,42.2599983215332,43.25,42.2599983215332,43.220001220703125,27.250526428222656,6734900,MO
2020-08-11,43.86000061035156,44.150001525878906,43.470001220703125,43.599998474121094,27.490114212036133,8538700,MO
2020-08-12,43.709999084472656,43.9900016784668,42.900001525878906,42.959999084472656,27.086593627929688,7866000,MO
2020-08-13,42.75,43.06999969482422,42.47999954223633,42.56999969482422,26.8406925201416,5347100,MO
2020-08-14,42.36000061035156,42.720001220703125,42.08000183105469,42.540000915527344,26.8217830657959,4881300,MO
2020-08-17,42.68000030517578,43.34000015258789,42.56999969482422,43.029998779296875,27.130722045898438,6948700,MO
2020-08-18,43.36000061035156,43.599998474121094,43.029998779296875,43.220001220703125,27.250526428222656,5865100,MO
2020-08-19,43.369998931884766,44.150001525878906,43.16999816894531,43.650001525878906,27.52164649963379,6439400,MO
2020-08-20,43.380001068115234,43.810001373291016,43.15999984741211,43.5,27.42707061767578,6160500,MO
2020-08-21,43.59000015258789,43.650001525878906,43.13999938964844,43.459999084472656,27.401844024658203,4334400,MO
2020-08-24,43.58000183105469,44.459999084472656,43.45000076293945,44.040000915527344,27.767541885375977,7911300,MO
2020-08-25,44.29999923706055,44.29999923706055,43.5,43.52000045776367,27.439672470092773,6117900,MO
2020-08-26,43.220001220703125,43.650001525878906,42.93000030517578,43.20000076293945,27.237913131713867,11083300,MO
2020-08-27,43.43000030517578,44.369998931884766,43.36000061035156,43.75,27.584697723388672,6558300,MO
2020-08-28,43.84000015258789,43.95000076293945,43.459999084472656,43.93000030517578,27.69818687438965,5476500,MO
2020-08-31,43.880001068115234,43.9900016784668,43.59000015258789,43.7400016784668,27.578384399414062,7826300,MO
2020-09-01,43.650001525878906,43.689998626708984,43.040000915527344,43.119998931884766,27.187477111816406,7105300,MO
2020-09-02,43.06999969482422,43.900001525878906,42.900001525878906,43.7599983215332,27.591001510620117,8021200,MO
2020-09-03,43.95000076293945,44.779998779296875,43.0099983215332,43.290000915527344,27.294662475585938,10906100,MO
2020-09-04,43.5099983215332,43.939998626708984,42.779998779296875,43.4900016784668,27.420761108398438,9461000,MO
2020-09-08,43.70000076293945,44.06999969482422,42.70000076293945,43.06999969482422,27.155948638916016,8765400,MO
2020-09-09,43.369998931884766,44.16999816894531,43.310001373291016,43.790000915527344,27.609920501708984,16628800,MO
2020-09-10,43.88999938964844,43.88999938964844,43.27000045776367,43.349998474121094,27.332496643066406,7569900,MO
2020-09-11,43.470001220703125,43.720001220703125,43.15999984741211,43.59000015258789,27.483814239501953,9282300,MO
2020-09-14,42.900001525878906,43.36000061035156,42.630001068115234,43.0,27.657472610473633,10177700,MO
2020-09-15,43.099998474121094,43.38999938964844,42.709999084472656,42.779998779296875,27.51597023010254,8482700,MO
2020-09-16,42.880001068115234,42.90999984741211,41.7400016784668,41.7599983215332,26.85991096496582,9752100,MO
2020-09-17,41.58000183105469,41.959999084472656,40.81999969482422,40.86000061035156,26.28104019165039,9770500,MO
2020-09-18,40.880001068115234,41.040000915527344,39.4900016784668,39.84000015258789,25.62497901916504,22715200,MO
2020-09-21,39.68000030517578,39.79999923706055,38.439998626708984,38.81999969482422,24.968917846679688,10251700,MO
2020-09-22,39.0,39.41999816894531,38.4900016784668,38.54999923706055,24.795251846313477,8560100,MO
2020-09-23,38.75,39.04999923706055,37.91999816894531,37.93000030517578,24.396467208862305,8258900,MO
2020-09-24,38.0,38.619998931884766,37.59000015258789,38.33000183105469,24.65374183654785,7301400,MO
2020-09-25,38.119998931884766,38.40999984741211,37.779998779296875,38.27000045776367,24.615158081054688,7854900,MO
2020-09-28,38.470001220703125,39.209999084472656,38.470001220703125,38.95000076293945,25.052528381347656,8003800,MO
2020-09-29,38.939998626708984,38.95000076293945,38.33000183105469,38.36000061035156,24.673038482666016,7030200,MO
2020-09-30,38.540000915527344,38.900001525878906,38.33000183105469,38.63999938964844,24.853137969970703,7706900,MO
2020-10-01,38.66999816894531,38.95000076293945,38.380001068115234,38.91999816894531,25.03322982788086,7656100,MO
2020-10-02,38.400001525878906,39.220001220703125,38.349998474121094,38.970001220703125,25.06538963317871,5268300,MO
2020-10-05,39.16999816894531,39.619998931884766,38.91999816894531,39.5,25.40629005432129,5154800,MO
2020-10-06,39.650001525878906,40.220001220703125,39.47999954223633,39.599998474121094,25.47060775756836,6555800,MO
2020-10-07,39.810001373291016,40.84000015258789,39.810001373291016,40.529998779296875,26.068777084350586,7425000,MO
2020-10-08,40.66999816894531,40.95000076293945,40.22999954223633,40.380001068115234,25.972301483154297,5715600,MO
2020-10-09,40.83000183105469,41.2599983215332,40.59000015258789,40.689998626708984,26.171689987182617,11445000,MO
2020-10-12,40.650001525878906,41.2400016784668,40.380001068115234,40.45000076293945,26.017324447631836,7167200,MO
2020-10-13,40.380001068115234,40.41999816894531,39.31999969482422,39.380001068115234,25.329103469848633,8704000,MO
2020-10-14,39.279998779296875,39.81999969482422,39.119998931884766,39.54999923706055,25.438444137573242,5087700,MO
2020-10-15,39.15999984741211,39.7400016784668,39.04999923706055,39.70000076293945,25.534927368164062,4206800,MO
2020-10-16,39.90999984741211,40.2400016784668,39.529998779296875,39.529998779296875,25.425582885742188,5968700,MO
2020-10-19,39.560001373291016,39.939998626708984,39.119998931884766,39.18000030517578,25.200469970703125,5184300,MO
2020-10-20,39.470001220703125,39.5,38.630001068115234,38.70000076293945,24.89173126220703,7308100,MO
2020-10-21,38.4900016784668,38.75,38.43000030517578,38.5099983215332,24.769519805908203,5799800,MO
2020-10-22,38.630001068115234,39.060001373291016,38.439998626708984,38.9900016784668,25.078262329101562,4621600,MO
2020-10-23,39.27000045776367,39.36000061035156,38.779998779296875,39.08000183105469,25.136152267456055,4504100,MO
2020-10-26,38.880001068115234,38.939998626708984,38.22999954223633,38.56999969482422,24.808116912841797,7152800,MO
2020-10-27,38.43000030517578,38.56999969482422,37.150001525878906,37.16999816894531,23.907638549804688,9627500,MO
2020-10-28,36.58000183105469,37.13999938964844,36.279998779296875,36.720001220703125,23.61819839477539,12641100,MO
2020-10-29,36.650001525878906,37.20000076293945,36.22999954223633,36.869998931884766,23.714679718017578,12650800,MO
2020-10-30,36.25,36.75,35.83000183105469,36.08000183105469,23.206554412841797,12782500,MO
2020-11-02,36.4900016784668,36.77000045776367,36.130001068115234,36.47999954223633,23.46383285522461,9370800,MO
2020-11-03,36.720001220703125,37.56999969482422,36.709999084472656,37.38999938964844,24.04914093017578,10594100,MO
2020-11-04,37.7400016784668,38.81999969482422,37.65999984741211,38.08000183105469,24.49294662475586,12802800,MO
2020-11-05,38.439998626708984,38.459999084472656,37.29999923706055,37.310001373291016,23.997684478759766,9608700,MO
2020-11-06,37.36000061035156,37.849998474121094,37.06999969482422,37.27000045776367,23.971960067749023,8016300,MO
2020-11-09,38.7400016784668,39.43000030517578,38.11000061035156,38.16999816894531,24.550832748413086,16564700,MO
2020-11-10,38.70000076293945,39.709999084472656,38.47999954223633,39.59000015258789,25.464174270629883,13246100,MO
2020-11-11,39.84000015258789,39.849998474121094,39.130001068115234,39.7599983215332,25.573514938354492,9146300,MO
2020-11-12,39.560001373291016,39.65999984741211,38.900001525878906,39.5,25.40629005432129,7815000,MO
2020-11-13,39.7400016784668,40.400001525878906,39.400001525878906,40.33000183105469,25.940134048461914,6552300,MO
2020-11-16,40.810001373291016,41.52000045776367,40.52000045776367,41.47999954223633,26.679813385009766,7296000,MO
2020-11-17,41.119998931884766,41.47999954223633,40.880001068115234,41.189998626708984,26.493289947509766,5204400,MO
2020-11-18,41.209999084472656,41.380001068115234,40.15999984741211,40.16999816894531,25.83721923828125,7850500,MO
2020-11-19,40.0099983215332,40.40999984741211,39.36000061035156,40.060001373291016,25.7664737701416,8198100,MO
2020-11-20,39.84000015258789,40.150001525878906,39.720001220703125,39.939998626708984,25.68929672241211,6053400,MO
2020-11-23,40.0,40.41999816894531,39.81999969482422,40.20000076293945,25.856525421142578,6676000,MO
2020-11-24,40.810001373291016,41.540000915527344,40.66999816894531,41.0,26.37108039855957,10679800,MO
2020-11-25,40.900001525878906,41.0,40.349998474121094,40.380001068115234,25.972301483154297,6483400,MO
2020-11-27,40.400001525878906,40.540000915527344,39.970001220703125,40.369998931884766,25.96586799621582,4664500,MO
2020-11-30,40.25,40.279998779296875,39.599998474121094,39.83000183105469,25.618541717529297,14473700,MO
2020-12-01,40.08000183105469,40.880001068115234,40.0099983215332,40.4900016784668,26.043054580688477,10720500,MO
2020-12-02,40.47999954223633,40.83000183105469,39.90999984741211,40.02000045776367,25.74074935913086,8990200,MO
2020-12-03,40.22999954223633,40.529998779296875,39.91999816894531,40.41999816894531,25.998027801513672,14800300,MO
2020-12-04,40.70000076293945,41.369998931884766,40.599998474121094,41.369998931884766,26.609066009521484,9814000,MO
2020-12-07,41.4900016784668,41.77000045776367,41.040000915527344,41.689998626708984,26.814889907836914,9947500,MO
2020-12-08,41.400001525878906,42.310001373291016,40.93000030517578,42.22999954223633,27.162220001220703,12791600,MO
2020-12-09,42.369998931884766,43.16999816894531,42.290000915527344,42.97999954223633,27.64461326599121,16687900,MO
2020-12-10,43.09000015258789,43.130001068115234,42.470001220703125,42.95000076293945,27.625316619873047,9647500,MO
2020-12-11,42.619998931884766,43.13999938964844,42.619998931884766,43.0,27.657472610473633,8352800,MO
2020-12-14,43.36000061035156,43.36000061035156,42.88999938964844,42.900001525878906,27.59316062927246,15216200,MO
2020-12-15,42.83000183105469,42.93000030517578,42.040000915527344,42.18000030517578,27.13005828857422,14433300,MO
2020-12-16,42.20000076293945,43.16999816894531,42.18000030517578,43.099998474121094,27.721797943115234,13036000,MO
2020-12-17,42.970001220703125,43.119998931884766,42.709999084472656,43.0,27.657472610473633,8628700,MO
2020-12-18,42.959999084472656,43.869998931884766,42.91999816894531,43.779998779296875,28.159170150756836,23929700,MO
2020-12-21,43.11000061035156,43.18000030517578,42.58000183105469,42.939998626708984,27.61888313293457,10118600,MO
2020-12-22,43.0,43.130001068115234,42.310001373291016,42.54999923706055,27.3680362701416,9063300,MO
2020-12-23,42.68000030517578,43.06999969482422,42.619998931884766,42.869998931884766,27.5738582611084,7550100,MO
2020-12-24,41.88999938964844,41.91999816894531,41.150001525878906,41.720001220703125,27.383522033691406,6055800,MO
2020-12-28,41.88999938964844,42.290000915527344,41.2400016784668,41.47999954223633,27.22598648071289,8657900,MO
2020-12-29,41.650001525878906,41.79999923706055,40.720001220703125,40.72999954223633,26.733715057373047,8979600,MO
2020-12-30,40.68000030517578,40.970001220703125,40.349998474121094,40.7400016784668,26.74028205871582,7038700,MO
2020-12-31,40.630001068115234,41.11000061035156,40.16999816894531,41.0,26.910930633544922,7286700,MO
2021-01-04,41.08000183105469,41.11000061035156,40.0,40.84000015258789,26.805910110473633,10657400,MO
2021-01-05,40.849998474121094,41.220001220703125,40.70000076293945,40.7599983215332,26.753400802612305,6375800,MO
2021-01-06,40.93000030517578,41.59000015258789,40.709999084472656,41.41999816894531,27.18660545349121,9048000,MO
2021-01-07,41.61000061035156,41.97999954223633,41.38999938964844,41.779998779296875,27.422901153564453,6962900,MO
2021-01-08,41.79999923706055,41.84000015258789,41.279998779296875,41.59000015258789,27.298192977905273,8314300,MO
2021-01-11,41.66999816894531,42.029998779296875,41.290000915527344,41.349998474121094,27.14065933227539,9718300,MO
2021-01-12,41.27000045776367,41.45000076293945,40.630001068115234,40.93000030517578,26.864990234375,7324500,MO
2021-01-13,40.77000045776367,41.25,40.77000045776367,41.09000015258789,26.970006942749023,7515000,MO
2021-01-14,41.18000030517578,41.779998779296875,40.880001068115234,41.11000061035156,26.983139038085938,6963400,MO
2021-01-15,41.0,41.34000015258789,40.869998931884766,41.20000076293945,27.042205810546875,8070000,MO
2021-01-19,41.380001068115234,41.83000183105469,41.0099983215332,41.22999954223633,27.06189727783203,9653800,MO
2021-01-20,41.459999084472656,42.189998626708984,41.33000183105469,42.099998474121094,27.632930755615234,7002300,MO
2021-01-21,42.04999923706055,42.290000915527344,41.709999084472656,41.939998626708984,27.52791404724121,7108200,MO
2021-01-22,41.81999969482422,42.09000015258789,41.5099983215332,41.83000183105469,27.455720901489258,5526300,MO
2021-01-25,41.77000045776367,42.2400016784668,41.34000015258789,41.959999084472656,27.541038513183594,8201200,MO
2021-01-26,42.02000045776367,42.38999938964844,41.849998474121094,42.22999954223633,27.718263626098633,5861200,MO
2021-01-27,41.959999084472656,42.5,41.68000030517578,41.81999969482422,27.449153900146484,8405400,MO
2021-01-28,41.81999969482422,43.040000915527344,41.779998779296875,42.650001525878906,27.993934631347656,9547200,MO
2021-01-29,42.25,42.439998626708984,41.029998779296875,41.08000183105469,26.96344757080078,11869400,MO
2021-02-01,41.08000183105469,41.36000061035156,40.459999084472656,40.77000045776367,26.759967803955078,9606000,MO
2021-02-02,41.18000030517578,41.779998779296875,40.56999969482422,41.56999969482422,27.28506851196289,10121600,MO
2021-02-03,41.349998474121094,42.130001068115234,41.209999084472656,42.0,27.567302703857422,8059800,MO
2021-02-04,42.11000061035156,42.560001373291016,41.93000030517578,42.529998779296875,27.915172576904297,7543500,MO
2021-02-05,42.779998779296875,42.970001220703125,42.43000030517578,42.470001220703125,27.87578773498535,6076400,MO
2021-02-08,42.54999923706055,43.33000183105469,42.54999923706055,42.970001220703125,28.2039737701416,7163800,MO
2021-02-09,43.130001068115234,43.540000915527344,42.77000045776367,43.36000061035156,28.4599552154541,7571800,MO
2021-02-10,43.56999969482422,43.91999816894531,43.29999923706055,43.54999923706055,28.584659576416016,6866300,MO
2021-02-11,43.529998779296875,43.849998474121094,43.13999938964844,43.310001373291016,28.427143096923828,6610400,MO
2021-02-12,43.2400016784668,43.540000915527344,43.0099983215332,43.400001525878906,28.48621368408203,7485000,MO
2021-02-16,43.310001373291016,43.630001068115234,43.099998474121094,43.40999984741211,28.492773056030273,6854100,MO
2021-02-17,43.400001525878906,43.90999984741211,43.22999954223633,43.599998474121094,28.61747169494629,5977700,MO
2021-02-18,43.61000061035156,44.060001373291016,43.56999969482422,43.630001068115234,28.63716697692871,6309100,MO
2021-02-19,43.81999969482422,43.95000076293945,43.540000915527344,43.79999923706055,28.74875259399414,7494700,MO
2021-02-22,43.7400016784668,44.47999954223633,43.70000076293945,44.41999816894531,29.155696868896484,7245100,MO
2021-02-23,44.880001068115234,44.9900016784668,44.029998779296875,44.290000915527344,29.070377349853516,11129500,MO
2021-02-24,44.369998931884766,45.18000030517578,44.27000045776367,45.0,29.536392211914062,7419500,MO
2021-02-25,45.0,45.34000015258789,44.45000076293945,44.630001068115234,29.29353904724121,9414600,MO
2021-02-26,44.5,44.65999984741211,43.54999923706055,43.599998474121094,28.61747169494629,12515900,MO
2021-03-01,44.150001525878906,45.15999984741211,44.0099983215332,44.540000915527344,29.234460830688477,8231800,MO
2021-03-02,44.61000061035156,45.130001068115234,44.540000915527344,44.720001220703125,29.352603912353516,7764500,MO
2021-03-03,44.720001220703125,45.63999938964844,44.61000061035156,45.04999923706055,29.56920623779297,9728200,MO
2021-03-04,45.040000915527344,45.54999923706055,44.08000183105469,44.2599983215332,29.050682067871094,12870200,MO
2021-03-05,44.68000030517578,45.29999923706055,44.400001525878906,45.119998931884766,29.615158081054688,11434000,MO
2021-03-08,45.45000076293945,47.06999969482422,45.060001373291016,46.900001525878906,30.783477783203125,16319900,MO
2021-03-09,46.869998931884766,47.9900016784668,46.59000015258789,47.68000030517578,31.295455932617188,13064100,MO
2021-03-10,47.900001525878906,48.439998626708984,47.7599983215332,48.20000076293945,31.63675880432129,9428200,MO
2021-03-11,47.959999084472656,48.439998626708984,47.7599983215332,47.79999923706055,31.374216079711914,8705100,MO
2021-03-12,48.060001373291016,48.810001373291016,48.0,48.650001525878906,31.932119369506836,9314100,MO
2021-03-15,49.06999969482422,49.95000076293945,49.029998779296875,49.84000015258789,32.713191986083984,12828100,MO
2021-03-16,49.209999084472656,49.90999984741211,48.90999984741211,49.439998626708984,32.450645446777344,10007200,MO
2021-03-17,49.41999816894531,49.869998931884766,48.91999816894531,49.779998779296875,32.67380905151367,11698300,MO
2021-03-18,49.849998474121094,50.84000015258789,49.75,50.56999969482422,33.19234085083008,10439900,MO
2021-03-19,50.70000076293945,51.16999816894531,50.13999938964844,50.54999923706055,33.17921447753906,37178900,MO
2021-03-22,50.45000076293945,51.720001220703125,50.18000030517578,51.63999938964844,33.894649505615234,10365200,MO
2021-03-23,51.56999969482422,51.65999984741211,50.33000183105469,50.5099983215332,33.15296173095703,12000100,MO
2021-03-24,49.189998626708984,49.91999816894531,49.13999938964844,49.5099983215332,33.059471130371094,9286000,MO
2021-03-25,49.08000183105469,50.38999938964844,49.08000183105469,50.189998626708984,33.51353454589844,7820600,MO
2021-03-26,51.0,52.59000015258789,50.83000183105469,52.5,35.055992126464844,15411700,MO
2021-03-29,51.9900016784668,52.58000183105469,51.689998626708984,52.29999923706055,34.922447204589844,9027400,MO
2021-03-30,52.29999923706055,52.58000183105469,51.13999938964844,51.2599983215332,34.228004455566406,8576100,MO
2021-03-31,51.18000030517578,51.369998931884766,50.959999084472656,51.15999984741211,34.16123580932617,8398200,MO
2021-04-01,51.0,51.15999984741211,50.27000045776367,51.0,34.05440139770508,8271900,MO
2021-04-05,51.369998931884766,51.869998931884766,51.27000045776367,51.31999969482422,34.268070220947266,6937500,MO
2021-04-06,51.16999816894531,51.779998779296875,51.150001525878906,51.380001068115234,34.308143615722656,7169300,MO
2021-04-07,51.400001525878906,51.54999923706055,50.86000061035156,51.130001068115234,34.14120864868164,6101600,MO
2021-04-08,51.220001220703125,51.630001068115234,50.939998626708984,51.47999954223633,34.374908447265625,6511200,MO
2021-04-09,51.400001525878906,51.720001220703125,51.349998474121094,51.4900016784668,34.381595611572266,5654700,MO
2021-04-12,51.720001220703125,51.91999816894531,51.40999984741211,51.75,34.555198669433594,5849400,MO
2021-04-13,51.22999954223633,51.439998626708984,51.02000045776367,51.16999816894531,34.167911529541016,7096700,MO
2021-04-14,51.040000915527344,51.619998931884766,51.040000915527344,51.349998474121094,34.28810119628906,6025200,MO
2021-04-15,51.599998474121094,51.970001220703125,51.47999954223633,51.61000061035156,34.46171569824219,9045200,MO
2021-04-16,51.93000030517578,52.380001068115234,51.72999954223633,52.310001373291016,34.92911911010742,16476700,MO
2021-04-19,52.310001373291016,52.54999923706055,48.27000045776367,49.08000183105469,32.77235412597656,27946000,MO
2021-04-20,45.939998626708984,47.59000015258789,45.15999984741211,47.189998626708984,31.510334014892578,43950300,MO
2021-04-21,47.18000030517578,48.2599983215332,47.18000030517578,47.58000183105469,31.770750045776367,14682000,MO
2021-04-22,47.58000183105469,47.7400016784668,46.2400016784668,46.5,31.049598693847656,18769900,MO
2021-04-23,46.47999954223633,47.5099983215332,46.45000076293945,47.38999938964844,31.643875122070312,9045100,MO
2021-04-26,47.349998474121094,47.5,47.02000045776367,47.220001220703125,31.530363082885742,7806200,MO
2021-04-27,47.15999984741211,47.41999816894531,46.959999084472656,47.15999984741211,31.49029541015625,5957100,MO
2021-04-28,47.5,47.849998474121094,46.88999938964844,47.18000030517578,31.503658294677734,8851400,MO
2021-04-29,46.06999969482422,47.060001373291016,45.68000030517578,46.599998474121094,31.11635971069336,11543200,MO
2021-04-30,47.2400016784668,47.779998779296875,46.83000183105469,47.75,31.884262084960938,11634900,MO
2021-05-03,48.06999969482422,48.630001068115234,47.75,48.369998931884766,32.298255920410156,7771300,MO
2021-05-04,48.2400016784668,48.63999938964844,47.619998931884766,47.849998474121094,31.951032638549805,9725900,MO
2021-05-05,47.83000183105469,48.36000061035156,47.59000015258789,48.349998474121094,32.2849006652832,6308100,MO
2021-05-06,48.529998779296875,49.529998779296875,48.529998779296875,49.4900016784668,33.04611587524414,8075800,MO
2021-05-07,49.290000915527344,50.08000183105469,49.18000030517578,49.95000076293945,33.3532829284668,6802100,MO
2021-05-10,50.20000076293945,51.13999938964844,50.13999938964844,50.68000030517578,33.840721130371094,8262300,MO
2021-05-11,50.68000030517578,50.83000183105469,49.880001068115234,50.43000030517578,33.673797607421875,7333700,MO
2021-05-12,50.720001220703125,50.720001220703125,49.2599983215332,49.349998474121094,32.95263671875,6783500,MO
2021-05-13,49.16999816894531,50.43000030517578,49.130001068115234,50.119998931884766,33.4667854309082,7385100,MO
2021-05-14,50.369998931884766,50.7599983215332,50.22999954223633,50.279998779296875,33.57362747192383,6545400,MO
2021-05-17,50.25,50.560001373291016,50.029998779296875,50.209999084472656,33.52688217163086,5211700,MO
2021-05-18,50.119998931884766,50.18000030517578,49.88999938964844,49.9900016784668,33.379981994628906,5281600,MO
2021-05-19,49.529998779296875,49.689998626708984,48.939998626708984,49.439998626708984,33.012733459472656,6314100,MO
2021-05-20,49.400001525878906,50.220001220703125,49.310001373291016,50.029998779296875,33.40669250488281,5165800,MO
2021-05-21,50.189998626708984,50.40999984741211,49.81999969482422,50.0,33.386661529541016,5828000,MO
2021-05-24,50.119998931884766,50.61000061035156,49.95000076293945,50.31999969482422,33.600337982177734,5551700,MO
2021-05-25,50.279998779296875,50.36000061035156,49.47999954223633,49.61000061035156,33.126251220703125,7174800,MO
2021-05-26,49.63999938964844,49.720001220703125,49.2599983215332,49.41999816894531,32.9993782043457,7160900,MO
2021-05-27,49.459999084472656,49.900001525878906,49.040000915527344,49.20000076293945,32.852481842041016,8097500,MO
2021-05-28,49.29999923706055,49.709999084472656,49.16999816894531,49.220001220703125,32.8658332824707,7507100,MO
2021-06-01,49.58000183105469,49.849998474121094,49.25,49.36000061035156,32.95931625366211,5576100,MO
2021-06-02,49.5,49.7400016784668,49.25,49.5099983215332,33.059471130371094,5552300,MO
2021-06-03,49.459999084472656,49.90999984741211,49.290000915527344,49.779998779296875,33.23976135253906,4655300,MO
2021-06-04,49.95000076293945,50.08000183105469,49.56999969482422,49.77000045776367,33.23308563232422,6496300,MO
2021-06-07,50.0,50.52000045776367,50.0,50.4900016784668,33.71385192871094,6384900,MO
2021-06-08,50.54999923706055,50.54999923706055,49.7400016784668,49.880001068115234,33.30654525756836,7106400,MO
2021-06-09,49.97999954223633,50.36000061035156,49.790000915527344,49.900001525878906,33.31989669799805,6384300,MO
2021-06-10,50.22999954223633,50.529998779296875,50.09000015258789,50.13999938964844,33.48014831542969,6029600,MO
2021-06-11,50.25,50.36000061035156,49.33000183105469,49.7599983215332,33.22639846801758,14453600,MO
2021-06-14,48.810001373291016,48.95000076293945,47.43000030517578,48.08000183105469,32.66923904418945,14503800,MO
2021-06-15,48.20000076293945,48.439998626708984,47.75,47.900001525878906,32.546932220458984,6940800,MO
2021-06-16,47.90999984741211,48.0099983215332,47.189998626708984,47.369998931884766,32.18681335449219,8258700,MO
2021-06-17,47.2400016784668,47.54999923706055,46.7599983215332,46.869998931884766,31.847078323364258,7811100,MO
2021-06-18,46.52000045776367,46.630001068115234,45.939998626708984,46.310001373291016,31.46656608581543,24095400,MO
2021-06-21,46.75,47.47999954223633,46.72999954223633,47.290000915527344,32.132450103759766,8149600,MO
2021-06-22,47.189998626708984,47.540000915527344,47.13999938964844,47.2400016784668,32.098480224609375,5024200,MO
2021-06-23,47.2400016784668,47.43000030517578,46.959999084472656,47.02000045776367,31.948999404907227,4864700,MO
2021-06-24,47.0099983215332,47.54999923706055,46.970001220703125,47.43000030517578,32.22758483886719,4425900,MO
2021-06-25,47.380001068115234,47.63999938964844,47.29999923706055,47.619998931884766,32.35667419433594,9929500,MO
2021-06-28,47.66999816894531,47.70000076293945,47.11000061035156,47.18000030517578,32.05771255493164,4877200,MO
2021-06-29,47.18000030517578,47.2599983215332,46.65999984741211,46.779998779296875,31.785921096801758,4945500,MO
2021-06-30,46.849998474121094,47.790000915527344,46.84000015258789,47.68000030517578,32.3974494934082,7965700,MO
2021-07-01,47.66999816894531,48.20000076293945,47.66999816894531,47.83000183105469,32.49937438964844,5888200,MO
2021-07-02,47.83000183105469,47.86000061035156,47.400001525878906,47.529998779296875,32.29552459716797,5514500,MO
2021-07-06,47.439998626708984,47.439998626708984,46.33000183105469,46.66999816894531,31.7111759185791,7767200,MO
2021-07-07,46.59000015258789,47.150001525878906,46.540000915527344,46.790000915527344,31.792713165283203,5300400,MO
2021-07-08,46.29999923706055,46.83000183105469,46.130001068115234,46.43000030517578,31.548097610473633,6788700,MO
2021-07-09,47.25,47.90999984741211,47.0,47.400001525878906,32.20719528198242,10042400,MO
2021-07-12,47.0099983215332,47.70000076293945,46.720001220703125,47.4900016784668,32.268341064453125,7416200,MO
2021-07-13,47.45000076293945,47.540000915527344,46.7599983215332,46.84000015258789,31.82668685913086,6525600,MO
2021-07-14,47.04999923706055,47.650001525878906,46.75,47.560001373291016,32.315914154052734,5734500,MO
2021-07-15,47.310001373291016,47.61000061035156,47.279998779296875,47.4900016784668,32.268341064453125,4831400,MO
2021-07-16,47.709999084472656,47.9900016784668,47.16999816894531,47.310001373291016,32.14603805541992,10172000,MO
2021-07-19,46.779998779296875,47.029998779296875,46.20000076293945,46.790000915527344,31.792713165283203,9741800,MO
2021-07-20,46.810001373291016,47.43000030517578,46.439998626708984,47.209999084472656,32.07809829711914,6723000,MO
2021-07-21,47.5,47.7400016784668,47.20000076293945,47.33000183105469,32.15963363647461,5606100,MO
2021-07-22,47.20000076293945,47.310001373291016,46.83000183105469,46.9900016784668,31.928607940673828,5732500,MO
2021-07-23,47.220001220703125,47.540000915527344,47.09000015258789,47.4900016784668,32.268341064453125,4440400,MO
2021-07-26,47.5,47.790000915527344,47.349998474121094,47.61000061035156,32.349884033203125,4249600,MO
2021-07-27,47.529998779296875,47.9900016784668,47.31999969482422,47.790000915527344,32.47219467163086,5008300,MO
2021-07-28,47.810001373291016,47.959999084472656,47.47999954223633,47.619998931884766,32.35667419433594,5425000,MO
2021-07-29,47.65999984741211,49.0099983215332,47.59000015258789,48.599998474121094,33.022560119628906,8281800,MO
2021-07-30,48.4900016784668,48.66999816894531,47.66999816894531,48.040000915527344,32.64206314086914,7104800,MO
2021-08-02,48.2400016784668,48.689998626708984,47.70000076293945,47.72999954223633,32.43141555786133,5852000,MO
2021-08-03,47.959999084472656,48.08000183105469,47.58000183105469,47.790000915527344,32.47219467163086,5416500,MO
2021-08-04,47.5,47.650001525878906,46.81999969482422,47.029998779296875,31.95578384399414,7383300,MO
2021-08-05,47.38999938964844,47.4900016784668,47.20000076293945,47.36000061035156,32.180015563964844,3720600,MO
2021-08-06,47.47999954223633,47.58000183105469,47.20000076293945,47.349998474121094,32.1732177734375,4621800,MO
2021-08-09,47.369998931884766,47.529998779296875,47.119998931884766,47.47999954223633,32.26155090332031,4044500,MO
2021-08-10,47.439998626708984,48.25,47.20000076293945,48.11000061035156,32.68961715698242,4770300,MO
2021-08-11,48.25,48.36000061035156,47.9900016784668,48.16999816894531,32.73039245605469,4651900,MO
2021-08-12,48.25,48.290000915527344,47.9900016784668,48.119998931884766,32.6964111328125,4058000,MO
2021-08-13,48.2599983215332,48.72999954223633,48.13999938964844,48.599998474121094,33.022560119628906,4956500,MO
2021-08-16,48.540000915527344,48.66999816894531,48.15999984741211,48.38999938964844,32.87987518310547,7685700,MO
2021-08-17,48.18000030517578,48.83000183105469,48.18000030517578,48.560001373291016,32.99539566040039,5921100,MO
2021-08-18,48.560001373291016,48.77000045776367,48.15999984741211,48.220001220703125,32.76436233520508,5359300,MO
2021-08-19,47.81999969482422,48.310001373291016,47.709999084472656,48.2400016784668,32.7779541015625,4747800,MO
2021-08-20,48.25,48.689998626708984,48.0099983215332,48.470001220703125,32.934234619140625,3892800,MO
2021-08-23,48.70000076293945,49.060001373291016,48.400001525878906,48.47999954223633,32.941036224365234,5043200,MO
2021-08-24,48.5,48.5099983215332,48.0099983215332,48.209999084472656,32.757564544677734,4557600,MO
2021-08-25,48.33000183105469,48.91999816894531,48.16999816894531,48.650001525878906,33.056541442871094,4299100,MO
2021-08-26,48.56999969482422,49.18000030517578,48.54999923706055,48.75,33.124481201171875,5103300,MO
2021-08-27,49.060001373291016,49.70000076293945,49.0099983215332,49.529998779296875,33.654476165771484,5911500,MO
2021-08-30,49.59000015258789,49.91999816894531,49.369998931884766,49.70000076293945,33.769989013671875,5703900,MO
2021-08-31,49.79999923706055,50.33000183105469,49.619998931884766,50.22999954223633,34.1301155090332,7935100,MO
2021-09-01,50.43000030517578,50.43000030517578,49.810001373291016,50.08000183105469,34.0281867980957,6847200,MO
2021-09-02,50.25,51.060001373291016,50.220001220703125,51.040000915527344,34.68049240112305,8742400,MO
2021-09-03,50.90999984741211,51.0,50.560001373291016,50.970001220703125,34.63292694091797,4172300,MO
2021-09-07,50.779998779296875,51.08000183105469,50.5099983215332,50.790000915527344,34.51061248779297,7558700,MO
2021-09-08,50.65999984741211,50.97999954223633,50.380001068115234,50.880001068115234,34.57176971435547,7131800,MO
2021-09-09,50.79999923706055,51.0,50.31999969482422,50.59000015258789,34.374725341796875,7100300,MO
2021-09-10,50.81999969482422,50.959999084472656,50.45000076293945,50.599998474121094,34.381507873535156,6129800,MO
2021-09-13,50.79999923706055,50.900001525878906,49.93000030517578,50.08000183105469,34.0281867980957,11223000,MO
2021-09-14,49.130001068115234,49.34000015258789,48.33000183105469,48.369998931884766,33.467742919921875,8440700,MO
2021-09-15,48.369998931884766,49.279998779296875,48.310001373291016,49.22999954223633,34.06278610229492,6012400,MO
2021-09-16,49.2400016784668,49.47999954223633,48.65999984741211,48.790000915527344,33.75835037231445,6367000,MO
2021-09-17,48.650001525878906,48.959999084472656,48.5099983215332,48.61000061035156,33.63379669189453,11339600,MO
2021-09-20,48.11000061035156,48.4900016784668,47.66999816894531,48.13999938964844,33.30860137939453,8054100,MO
2021-09-21,48.349998474121094,48.75,47.970001220703125,48.029998779296875,33.23249053955078,7612200,MO
2021-09-22,48.45000076293945,48.72999954223633,48.16999816894531,48.2400016784668,33.37779235839844,5251000,MO
2021-09-23,48.61000061035156,49.209999084472656,48.40999984741211,48.810001373291016,33.772186279296875,4556700,MO
2021-09-24,48.70000076293945,49.04999923706055,48.45000076293945,48.459999084472656,33.53001403808594,4396900,MO
2021-09-27,48.36000061035156,49.0099983215332,48.29999923706055,48.7400016784668,33.7237434387207,5080500,MO
2021-09-28,48.720001220703125,48.959999084472656,48.209999084472656,48.27000045776367,33.39854049682617,6754900,MO
2021-09-29,48.369998931884766,48.88999938964844,48.15999984741211,48.7400016784668,33.7237434387207,4854500,MO
2021-09-30,48.43000030517578,48.5,45.369998931884766,45.52000045776367,31.495800018310547,19641400,MO
2021-10-01,45.470001220703125,46.09000015258789,44.88999938964844,45.86000061035156,31.731046676635742,11793700,MO
2021-10-04,45.970001220703125,46.560001373291016,45.83000183105469,46.5,32.17386245727539,8940900,MO
2021-10-05,46.540000915527344,46.619998931884766,46.150001525878906,46.16999816894531,31.94553565979004,7461300,MO
2021-10-06,45.79999923706055,46.58000183105469,45.720001220703125,46.45000076293945,32.13927459716797,5471900,MO
2021-10-07,46.709999084472656,47.189998626708984,46.40999984741211,46.47999954223633,32.1600341796875,4893700,MO
2021-10-08,46.599998474121094,46.970001220703125,46.5,46.72999954223633,32.3330078125,4341600,MO
2021-10-11,46.709999084472656,47.189998626708984,46.5,46.709999084472656,32.319175720214844,4367900,MO
2021-10-12,47.54999923706055,48.220001220703125,46.88999938964844,47.150001525878906,32.62360382080078,11311800,MO
2021-10-13,47.16999816894531,48.22999954223633,46.79999923706055,47.91999816894531,33.15637969970703,7440700,MO
2021-10-14,48.08000183105469,48.72999954223633,48.02000045776367,48.66999816894531,33.675315856933594,5516400,MO
2021-10-15,48.91999816894531,49.0,48.56999969482422,48.70000076293945,33.69607925415039,5944000,MO
2021-10-18,48.38999938964844,48.5,48.099998474121094,48.130001068115234,33.30168533325195,3850300,MO
2021-10-19,48.220001220703125,48.36000061035156,47.7599983215332,47.900001525878906,33.14254379272461,4904100,MO
2021-10-20,47.900001525878906,48.5,47.84000015258789,48.43000030517578,33.50925827026367,4901300,MO
2021-10-21,48.20000076293945,48.5,48.060001373291016,48.22999954223633,33.37087631225586,4067000,MO
2021-10-22,48.5,48.61000061035156,48.209999084472656,48.220001220703125,33.36395263671875,9353600,MO
2021-10-25,48.459999084472656,48.599998474121094,47.75,47.95000076293945,33.17713165283203,7551300,MO
2021-10-26,47.95000076293945,48.29999923706055,47.91999816894531,48.11000061035156,33.287841796875,3963000,MO
2021-10-27,48.25,48.31999969482422,47.290000915527344,47.5,32.865779876708984,5521700,MO
2021-10-28,46.29999923706055,46.75,44.31999969482422,44.58000183105469,30.845396041870117,22546300,MO
2021-10-29,44.290000915527344,44.65999984741211,44.099998474121094,44.11000061035156,30.520204544067383,13384500,MO
2021-11-01,44.209999084472656,44.5099983215332,43.93000030517578,44.04999923706055,30.47867774963379,9181000,MO
2021-11-02,44.099998474121094,44.470001220703125,43.88999938964844,44.150001525878906,30.547876358032227,10743100,MO
2021-11-03,44.11000061035156,44.970001220703125,44.06999969482422,44.959999084472656,31.108327865600586,6740700,MO
2021-11-04,44.79999923706055,44.90999984741211,44.220001220703125,44.61000061035156,30.86614990234375,6775900,MO
2021-11-05,44.90999984741211,45.290000915527344,44.900001525878906,45.20000076293945,31.274381637573242,5872900,MO
2021-11-08,45.20000076293945,45.369998931884766,44.95000076293945,45.06999969482422,31.184425354003906,5864200,MO
2021-11-09,45.119998931884766,45.209999084472656,44.439998626708984,44.790000915527344,30.990703582763672,7988000,MO
2021-11-10,44.7599983215332,45.209999084472656,44.650001525878906,44.75,30.963024139404297,6459700,MO
2021-11-11,44.70000076293945,45.099998474121094,44.70000076293945,44.900001525878906,31.066808700561523,4279800,MO
2021-11-12,45.09000015258789,45.33000183105469,44.869998931884766,44.91999816894531,31.080636978149414,5075700,MO
2021-11-15,45.060001373291016,45.43000030517578,45.029998779296875,45.20000076293945,31.274381637573242,6482500,MO
2021-11-16,45.13999938964844,45.27000045776367,44.310001373291016,44.45000076293945,30.755441665649414,9067500,MO
2021-11-17,44.439998626708984,44.77000045776367,44.20000076293945,44.41999816894531,30.734697341918945,7766900,MO
2021-11-18,44.34000015258789,44.380001068115234,43.790000915527344,44.0099983215332,30.451013565063477,6190700,MO
2021-11-19,43.900001525878906,43.91999816894531,43.31999969482422,43.400001525878906,30.028945922851562,10553200,MO
2021-11-22,43.650001525878906,44.68000030517578,43.619998931884766,43.9900016784668,30.437171936035156,7853900,MO
2021-11-23,44.0,44.40999984741211,43.93000030517578,44.2400016784668,30.61015510559082,4852700,MO
2021-11-24,44.11000061035156,44.47999954223633,44.029998779296875,44.08000183105469,30.49944496154785,5274000,MO
2021-11-26,43.630001068115234,43.84000015258789,43.27000045776367,43.7400016784668,30.264196395874023,4999100,MO
2021-11-29,43.93000030517578,43.9900016784668,43.2599983215332,43.47999954223633,30.08429718017578,7673100,MO
2021-11-30,43.029998779296875,43.08000183105469,42.529998779296875,42.63999938964844,29.503101348876953,11402300,MO
2021-12-01,43.18000030517578,43.93000030517578,42.970001220703125,42.9900016784668,29.745254516601562,8286200,MO
2021-12-02,43.29999923706055,43.560001373291016,43.06999969482422,43.209999084472656,29.897478103637695,7996800,MO
2021-12-03,43.529998779296875,43.95000076293945,43.2599983215332,43.91999816894531,30.388731002807617,8629000,MO
2021-12-06,44.209999084472656,44.7599983215332,44.09000015258789,44.43000030517578,30.741605758666992,7029500,MO
2021-12-07,44.439998626708984,44.790000915527344,44.25,44.4900016784668,30.783138275146484,7280400,MO
2021-12-08,44.56999969482422,44.849998474121094,44.20000076293945,44.52000045776367,30.803884506225586,6403500,MO
2021-12-09,44.27000045776367,44.7599983215332,44.130001068115234,44.59000015258789,30.852313995361328,7656200,MO
2021-12-10,45.0,45.31999969482422,44.79999923706055,45.09000015258789,31.198272705078125,6358500,MO
2021-12-13,45.029998779296875,45.5,44.70000076293945,45.36000061035156,31.385089874267578,6921900,MO
2021-12-14,45.2599983215332,45.75,45.130001068115234,45.400001525878906,31.41276741027832,10750200,MO
2021-12-15,45.54999923706055,46.09000015258789,45.5,45.959999084472656,31.800233840942383,8402600,MO
2021-12-16,46.08000183105469,47.630001068115234,46.04999923706055,47.349998474121094,32.76198959350586,12663700,MO
2021-12-17,47.34000015258789,48.84000015258789,47.04999923706055,48.25,33.38471221923828,26676200,MO
2021-12-20,47.93000030517578,48.29999923706055,47.54999923706055,48.11000061035156,33.287841796875,11013800,MO
2021-12-21,48.189998626708984,48.400001525878906,47.66999816894531,47.77000045776367,33.05259704589844,9110800,MO
2021-12-22,46.869998931884766,46.97999954223633,45.810001373291016,46.880001068115234,33.05964660644531,7997400,MO
2021-12-23,46.79999923706055,47.150001525878906,46.61000061035156,46.70000076293945,32.932708740234375,7530600,MO
2021-12-27,46.439998626708984,46.83000183105469,46.279998779296875,46.790000915527344,32.996177673339844,5686300,MO
2021-12-28,46.72999954223633,47.41999816894531,46.72999954223633,47.380001068115234,33.4122428894043,5457100,MO
2021-12-29,47.310001373291016,47.54999923706055,47.22999954223633,47.400001525878906,33.42634963989258,6044900,MO
2021-12-30,47.52000045776367,47.619998931884766,47.209999084472656,47.25,33.32056427001953,4055500,MO
2021-12-31,47.27000045776367,47.439998626708984,47.04999923706055,47.38999938964844,33.4193000793457,5440200,MO
2022-01-03,47.369998931884766,48.0,47.18000030517578,47.970001220703125,33.82830810546875,10308100,MO
2022-01-04,48.0,49.34000015258789,47.97999954223633,49.029998779296875,34.5758171081543,11647900,MO
2022-01-05,48.54999923706055,49.27000045776367,48.33000183105469,48.63999938964844,34.30079650878906,11506500,MO
2022-01-06,49.18000030517578,49.720001220703125,48.869998931884766,49.209999084472656,34.7027587890625,10134100,MO
2022-01-07,49.20000076293945,50.0,49.099998474121094,49.77000045776367,35.0976676940918,8098600,MO
2022-01-10,50.09000015258789,50.65999984741211,49.959999084472656,50.540000915527344,35.64067077636719,13390600,MO
2022-01-11,50.349998474121094,50.5,49.2599983215332,49.47999954223633,34.89316177368164,15590400,MO
2022-01-12,49.310001373291016,49.560001373291016,48.61000061035156,49.4900016784668,34.900211334228516,12682400,MO
2022-01-13,49.61000061035156,50.43000030517578,49.52000045776367,50.310001373291016,35.47846984863281,9105100,MO
2022-01-14,50.369998931884766,50.90999984741211,50.09000015258789,50.810001373291016,35.83107376098633,10421500,MO
2022-01-18,50.970001220703125,51.369998931884766,50.36000061035156,50.459999084472656,35.584259033203125,8876200,MO
2022-01-19,50.43000030517578,50.52000045776367,49.86000061035156,50.09000015258789,35.323326110839844,6430200,MO
2022-01-20,49.869998931884766,50.619998931884766,49.59000015258789,50.33000183105469,35.492576599121094,9469700,MO
2022-01-21,50.470001220703125,50.97999954223633,50.09000015258789,50.31999969482422,35.48552322387695,8908700,MO
2022-01-24,50.22999954223633,50.689998626708984,48.849998474121094,49.95000076293945,35.22460174560547,12646900,MO
2022-01-25,49.470001220703125,50.2599983215332,48.650001525878906,50.029998779296875,35.28101348876953,9660300,MO
2022-01-26,50.060001373291016,50.400001525878906,49.119998931884766,49.470001220703125,34.886104583740234,11715000,MO
2022-01-27,49.900001525878906,51.209999084472656,49.56999969482422,50.34000015258789,35.49962615966797,11280600,MO
2022-01-28,49.95000076293945,50.5099983215332,49.38999938964844,50.47999954223633,35.598350524902344,7551400,MO
2022-01-31,50.09000015258789,51.06999969482422,50.0,50.880001068115234,35.88043212890625,9212600,MO
2022-02-01,50.970001220703125,51.029998779296875,50.36000061035156,50.63999938964844,35.71118927001953,7129400,MO
2022-02-02,50.56999969482422,50.91999816894531,50.38999938964844,50.5,35.61246109008789,6804400,MO
2022-02-03,50.900001525878906,50.9900016784668,50.2599983215332,50.41999816894531,35.55603790283203,6014600,MO
2022-02-04,50.22999954223633,50.720001220703125,49.88999938964844,50.189998626708984,35.39384841918945,6886800,MO
2022-02-07,50.279998779296875,50.709999084472656,50.0,50.38999938964844,35.53488540649414,7034600,MO
2022-02-08,50.650001525878906,50.81999969482422,50.20000076293945,50.41999816894531,35.55603790283203,5491200,MO
2022-02-09,50.560001373291016,50.88999938964844,50.5099983215332,50.599998474121094,35.6829719543457,6280400,MO
2022-02-10,50.599998474121094,51.040000915527344,50.0,50.18000030517578,35.38679885864258,7728100,MO
2022-02-11,50.220001220703125,50.720001220703125,50.130001068115234,50.369998931884766,35.520782470703125,6836800,MO
2022-02-14,50.369998931884766,50.599998474121094,49.47999954223633,50.09000015258789,35.323326110839844,6975300,MO
2022-02-15,50.33000183105469,50.720001220703125,50.04999923706055,50.31999969482422,35.48552322387695,5562900,MO
2022-02-16,50.34000015258789,50.939998626708984,50.13999938964844,50.61000061035156,35.69003677368164,7224800,MO
2022-02-17,50.29999923706055,51.470001220703125,50.2400016784668,51.369998931884766,36.225982666015625,7751900,MO
2022-02-18,51.349998474121094,52.16999816894531,51.2599983215332,51.7400016784668,36.486915588378906,11325200,MO
2022-02-22,51.689998626708984,51.939998626708984,50.7400016784668,51.279998779296875,36.162513732910156,8579900,MO
2022-02-23,51.4900016784668,52.060001373291016,51.20000076293945,51.95000076293945,36.63499450683594,8759700,MO
2022-02-24,50.720001220703125,50.88999938964844,48.61000061035156,49.56999969482422,34.95662307739258,19492500,MO
2022-02-25,50.09000015258789,51.97999954223633,50.060001373291016,51.47999954223633,36.303558349609375,11780700,MO
2022-02-28,50.880001068115234,51.369998931884766,50.560001373291016,51.290000915527344,36.16956329345703,8646400,MO
2022-03-01,51.2599983215332,51.93000030517578,50.7400016784668,51.56999969482422,36.36701202392578,9693000,MO
2022-03-02,51.5,53.290000915527344,51.40999984741211,52.810001373291016,37.24146270751953,12796800,MO
2022-03-03,52.81999969482422,53.84000015258789,52.810001373291016,53.16999816894531,37.49534225463867,11822500,MO
2022-03-04,52.029998779296875,53.54999923706055,52.0,53.4900016784668,37.721004486083984,8947400,MO
2022-03-07,52.79999923706055,53.529998779296875,52.2400016784668,52.849998474121094,37.26966857910156,9596500,MO
2022-03-08,52.900001525878906,53.119998931884766,50.63999938964844,50.88999938964844,35.88748550415039,14529600,MO
2022-03-09,51.54999923706055,51.77000045776367,50.900001525878906,51.0,35.96506118774414,9772300,MO
2022-03-10,50.88999938964844,51.439998626708984,50.310001373291016,51.22999954223633,36.12725830078125,7567200,MO
2022-03-11,51.08000183105469,51.54999923706055,50.40999984741211,50.47999954223633,35.598350524902344,9435200,MO
2022-03-14,50.650001525878906,51.119998931884766,49.790000915527344,50.540000915527344,35.64067077636719,11266400,MO
2022-03-15,51.34000015258789,51.869998931884766,51.04999923706055,51.540000915527344,36.34585952758789,8346900,MO
2022-03-16,51.15999984741211,51.45000076293945,50.45000076293945,51.279998779296875,36.162513732910156,10695500,MO
2022-03-17,51.279998779296875,51.880001068115234,51.08000183105469,51.689998626708984,36.45164489746094,7801800,MO
2022-03-18,51.959999084472656,52.08000183105469,51.349998474121094,51.68000030517578,36.4445915222168,25045000,MO
2022-03-21,51.849998474121094,52.58000183105469,51.79999923706055,52.25,36.846561431884766,9326900,MO
2022-03-22,53.2599983215332,53.959999084472656,52.84000015258789,53.310001373291016,37.59406661987305,9172800,MO
2022-03-23,53.459999084472656,53.63999938964844,53.13999938964844,53.220001220703125,37.530601501464844,8843900,MO
2022-03-24,52.5,52.68000030517578,51.88999938964844,52.5,37.65971374511719,11448500,MO
2022-03-25,52.75,53.63999938964844,52.709999084472656,53.619998931884766,38.46312713623047,7636000,MO
2022-03-28,52.439998626708984,52.77000045776367,51.5099983215332,52.029998779296875,37.32257080078125,10200300,MO
2022-03-29,51.810001373291016,52.040000915527344,51.20000076293945,51.68000030517578,37.07150650024414,8526400,MO
2022-03-30,51.709999084472656,52.04999923706055,51.43000030517578,52.04999923706055,37.3369255065918,6650400,MO
2022-03-31,51.9900016784668,52.4900016784668,51.869998931884766,52.25,37.48038864135742,7020700,MO
2022-04-01,52.560001373291016,52.790000915527344,52.13999938964844,52.709999084472656,37.81035232543945,5420400,MO
2022-04-04,52.720001220703125,52.83000183105469,52.04999923706055,52.720001220703125,37.81752395629883,6688200,MO
2022-04-05,52.470001220703125,53.36000061035156,52.38999938964844,52.63999938964844,37.760135650634766,7848600,MO
2022-04-06,53.41999816894531,53.869998931884766,53.20000076293945,53.83000183105469,38.6137580871582,7713400,MO
2022-04-07,53.720001220703125,53.790000915527344,53.13999938964844,53.72999954223633,38.542022705078125,6174900,MO
2022-04-08,53.75,54.369998931884766,53.63999938964844,54.11000061035156,38.81460189819336,7424500,MO
2022-04-11,54.47999954223633,54.7599983215332,54.060001373291016,54.45000076293945,39.05850601196289,6399800,MO
2022-04-12,54.279998779296875,54.95000076293945,54.16999816894531,54.90999984741211,39.38847732543945,8068000,MO
2022-04-13,54.849998474121094,55.33000183105469,54.66999816894531,54.79999923706055,39.30956268310547,8709600,MO
2022-04-14,54.72999954223633,55.2599983215332,54.650001525878906,54.97999954223633,39.438690185546875,12214100,MO
2022-04-18,54.90999984741211,55.16999816894531,54.599998474121094,54.599998474121094,39.16610336303711,5754300,MO
2022-04-19,54.970001220703125,55.31999969482422,54.7400016784668,55.220001220703125,39.61084747314453,7072400,MO
2022-04-20,55.34000015258789,55.599998474121094,55.02000045776367,55.369998931884766,39.71844482421875,6989300,MO
2022-04-21,55.470001220703125,57.04999923706055,55.36000061035156,56.529998779296875,40.5505485534668,8659800,MO
2022-04-22,56.5,56.650001525878906,55.470001220703125,55.529998779296875,39.83321762084961,8469900,MO
2022-04-25,55.189998626708984,55.470001220703125,54.41999816894531,55.22999954223633,39.618011474609375,12144400,MO
2022-04-26,55.33000183105469,55.72999954223633,54.86000061035156,54.880001068115234,39.3669548034668,6913400,MO
2022-04-27,54.900001525878906,55.709999084472656,54.7599983215332,54.91999816894531,39.3956413269043,7946600,MO
2022-04-28,54.0,55.45000076293945,53.25,55.20000076293945,39.596500396728516,8153900,MO
2022-04-29,55.95000076293945,56.9900016784668,55.529998779296875,55.56999969482422,39.861907958984375,10862800,MO
2022-05-02,56.09000015258789,56.36000061035156,54.470001220703125,55.380001068115234,39.725624084472656,10164800,MO
2022-05-03,55.439998626708984,55.970001220703125,54.79999923706055,55.439998626708984,39.768653869628906,8455900,MO
2022-05-04,55.709999084472656,56.40999984741211,55.29999923706055,56.400001525878906,40.45729446411133,7910100,MO
2022-05-05,56.45000076293945,56.7400016784668,55.630001068115234,55.95000076293945,40.13450241088867,10016300,MO
2022-05-06,55.689998626708984,56.75,55.59000015258789,56.56999969482422,40.5792350769043,11512300,MO
2022-05-09,56.5,57.029998779296875,55.119998931884766,55.2599983215332,39.6395378112793,16925900,MO
2022-05-10,53.84000015258789,53.9900016784668,50.36000061035156,51.56999969482422,36.99259567260742,25354700,MO
2022-05-11,51.9900016784668,52.75,51.540000915527344,51.689998626708984,37.078678131103516,16080100,MO
2022-05-12,52.20000076293945,52.75,51.65999984741211,52.16999816894531,37.422996520996094,12185000,MO
2022-05-13,52.459999084472656,53.099998474121094,52.290000915527344,53.040000915527344,38.04706954956055,8144600,MO
2022-05-16,53.209999084472656,54.11000061035156,52.95000076293945,53.7400016784668,38.549198150634766,7263300,MO
2022-05-17,54.02000045776367,54.459999084472656,53.619998931884766,54.2400016784668,38.907867431640625,8465300,MO
2022-05-18,54.15999984741211,54.189998626708984,53.02000045776367,53.20000076293945,38.16184616088867,9922500,MO
2022-05-19,52.61000061035156,52.779998779296875,51.02000045776367,51.09000015258789,36.648284912109375,13690300,MO
2022-05-20,51.380001068115234,51.79999923706055,50.599998474121094,51.09000015258789,36.648284912109375,16223600,MO
2022-05-23,51.560001373291016,52.41999816894531,51.560001373291016,52.119998931884766,37.38713455200195,10535400,MO
2022-05-24,52.27000045776367,53.0,52.02000045776367,52.93000030517578,37.968162536621094,10561600,MO
2022-05-25,53.06999969482422,54.08000183105469,52.75,53.88999938964844,38.656803131103516,9198000,MO
2022-05-26,53.88999938964844,54.88999938964844,53.88999938964844,54.5,39.09437561035156,7276700,MO
2022-05-27,54.619998931884766,54.7599983215332,54.11000061035156,54.43000030517578,39.044158935546875,7356700,MO
2022-05-31,54.29999923706055,54.349998474121094,53.5099983215332,54.09000015258789,38.80026626586914,11325100,MO
2022-06-01,54.22999954223633,54.369998931884766,53.43000030517578,54.08000183105469,38.7930908203125,6797300,MO
2022-06-02,54.16999816894531,54.25,52.880001068115234,54.150001525878906,38.84331130981445,5882200,MO
2022-06-03,54.04999923706055,54.369998931884766,53.66999816894531,53.81999969482422,38.60658645629883,4785100,MO
2022-06-06,53.97999954223633,54.15999984741211,53.5099983215332,53.59000015258789,38.44159698486328,8198200,MO
2022-06-07,53.27000045776367,54.060001373291016,53.0099983215332,54.0099983215332,38.74287796020508,5439700,MO
2022-06-08,52.04999923706055,52.25,49.43000030517578,49.4900016784668,35.50055694580078,31794300,MO
2022-06-09,49.52000045776367,50.31999969482422,48.63999938964844,48.65999984741211,34.90517044067383,25295200,MO
2022-06-10,48.09000015258789,49.38999938964844,47.90999984741211,48.939998626708984,35.10602951049805,13395400,MO
2022-06-13,47.939998626708984,48.439998626708984,47.0,47.15999984741211,33.82918930053711,18091300,MO
2022-06-14,46.400001525878906,46.619998931884766,45.81999969482422,46.290000915527344,33.85111999511719,12989100,MO
2022-06-15,46.65999984741211,46.959999084472656,45.119998931884766,45.66999816894531,33.39772415161133,22244800,MO
2022-06-16,44.91999816894531,45.47999954223633,44.34000015258789,45.380001068115234,33.1856575012207,16086500,MO
2022-06-17,45.779998779296875,45.779998779296875,45.04999923706055,45.310001373291016,33.13446807861328,30811200,MO
2022-06-21,45.61000061035156,45.779998779296875,45.02000045776367,45.70000076293945,33.41965866088867,14934100,MO
2022-06-22,45.279998779296875,45.279998779296875,41.0,41.5,30.348270416259766,41732700,MO
2022-06-23,41.34000015258789,42.59000015258789,41.34000015258789,42.5099983215332,31.08687400817871,18681700,MO
2022-06-24,43.279998779296875,43.83000183105469,42.220001220703125,43.400001525878906,31.73771858215332,31383200,MO
2022-06-27,43.56999969482422,44.0,43.13999938964844,43.189998626708984,31.584142684936523,11770300,MO
2022-06-28,43.720001220703125,44.119998931884766,43.0099983215332,43.189998626708984,31.584142684936523,9856600,MO
2022-06-29,41.54999923706055,42.75,41.41999816894531,41.7599983215332,30.538400650024414,12371600,MO
2022-06-30,41.38999938964844,41.970001220703125,41.209999084472656,41.77000045776367,30.54572105407715,10556500,MO
2022-07-01,41.560001373291016,42.31999969482422,41.27000045776367,42.25,30.89673614501953,8109600,MO
2022-07-05,41.779998779296875,41.84000015258789,41.0099983215332,41.720001220703125,30.509157180786133,8425300,MO
2022-07-06,42.29999923706055,42.459999084472656,41.06999969482422,41.15999984741211,30.099634170532227,11413700,MO
2022-07-07,41.470001220703125,41.9900016784668,41.41999816894531,41.810001373291016,30.57497215270996,8707900,MO
2022-07-08,41.290000915527344,41.81999969482422,41.2400016784668,41.52000045776367,30.362897872924805,6930700,MO
2022-07-11,41.7599983215332,42.93000030517578,41.650001525878906,41.95000076293945,30.677349090576172,10654700,MO
2022-07-12,42.029998779296875,43.33000183105469,41.939998626708984,42.310001373291016,30.940614700317383,8865000,MO
2022-07-13,42.09000015258789,42.459999084472656,41.88999938964844,41.959999084472656,30.68465805053711,7588200,MO
2022-07-14,41.5,41.7400016784668,41.20000076293945,41.630001068115234,30.443344116210938,8661700,MO
2022-07-15,42.2400016784668,42.279998779296875,41.54999923706055,41.9900016784668,30.70660400390625,14309000,MO
2022-07-18,42.33000183105469,42.68000030517578,42.060001373291016,42.27000045776367,30.91136932373047,10493500,MO
2022-07-19,42.65999984741211,43.04999923706055,42.599998474121094,42.959999084472656,31.41594696044922,7212600,MO
2022-07-20,42.900001525878906,42.9900016784668,42.209999084472656,42.31999969482422,30.947925567626953,8733800,MO
2022-07-21,42.04999923706055,42.790000915527344,42.0099983215332,42.77000045776367,31.27700424194336,7046100,MO
2022-07-22,42.900001525878906,43.290000915527344,42.83000183105469,43.09000015258789,31.511009216308594,5511100,MO
2022-07-25,43.2599983215332,43.869998931884766,43.18000030517578,43.83000183105469,32.05217361450195,5349200,MO
2022-07-26,43.81999969482422,44.2599983215332,43.81999969482422,44.13999938964844,32.27886199951172,5604100,MO
2022-07-27,43.97999954223633,44.20000076293945,43.56999969482422,44.06999969482422,32.2276725769043,9339500,MO
2022-07-28,44.0,44.5,43.72999954223633,44.0,32.176483154296875,7076600,MO
2022-07-29,43.709999084472656,44.119998931884766,43.58000183105469,43.86000061035156,32.07410430908203,11826800,MO
2022-08-01,43.709999084472656,44.279998779296875,43.709999084472656,44.04999923706055,32.21304702758789,9466500,MO
2022-08-02,44.099998474121094,44.189998626708984,43.2599983215332,43.83000183105469,32.05217361450195,8365000,MO
2022-08-03,44.0,44.38999938964844,43.720001220703125,44.22999954223633,32.34468460083008,6179400,MO
2022-08-04,44.13999938964844,44.38999938964844,43.81999969482422,44.25,32.35930252075195,6450800,MO
2022-08-05,44.16999816894531,44.16999816894531,43.779998779296875,44.099998474121094,32.249610900878906,4865600,MO
2022-08-08,44.380001068115234,44.54999923706055,44.20000076293945,44.220001220703125,32.337364196777344,4539300,MO
2022-08-09,44.41999816894531,44.45000076293945,44.0099983215332,44.220001220703125,32.337364196777344,4295700,MO
2022-08-10,44.45000076293945,44.790000915527344,44.34000015258789,44.7400016784668,32.71763610839844,4717200,MO
2022-08-11,44.93000030517578,45.439998626708984,44.810001373291016,45.130001068115234,33.00283432006836,4201600,MO
2022-08-12,45.20000076293945,45.380001068115234,45.0099983215332,45.150001525878906,33.017452239990234,7351600,MO
2022-08-15,45.150001525878906,45.36000061035156,44.630001068115234,45.279998779296875,33.11252212524414,6194600,MO
2022-08-16,45.279998779296875,45.880001068115234,45.189998626708984,45.7400016784668,33.44892501831055,6484000,MO
2022-08-17,45.630001068115234,45.65999984741211,45.279998779296875,45.45000076293945,33.236846923828125,3868800,MO
2022-08-18,45.540000915527344,45.650001525878906,45.290000915527344,45.61000061035156,33.353858947753906,3800500,MO
2022-08-19,45.540000915527344,45.880001068115234,45.31999969482422,45.470001220703125,33.251468658447266,9093900,MO
2022-08-22,45.36000061035156,45.689998626708984,45.310001373291016,45.380001068115234,33.1856575012207,7066600,MO
2022-08-23,45.279998779296875,45.61000061035156,45.130001068115234,45.529998779296875,33.29534912109375,5359300,MO
2022-08-24,45.5,45.84000015258789,45.400001525878906,45.79999923706055,33.49279022216797,4250500,MO
2022-08-25,45.900001525878906,46.47999954223633,45.7599983215332,46.38999938964844,33.924251556396484,6926800,MO
2022-08-26,46.5,46.61000061035156,45.849998474121094,45.880001068115234,33.551300048828125,6931200,MO
2022-08-29,45.810001373291016,46.04999923706055,45.58000183105469,45.709999084472656,33.426979064941406,6253400,MO
2022-08-30,45.72999954223633,45.810001373291016,44.9900016784668,45.119998931884766,32.99552536010742,7952000,MO
2022-08-31,45.18000030517578,45.529998779296875,45.0099983215332,45.119998931884766,32.99552536010742,6627300,MO
2022-09-01,45.0,45.4900016784668,44.779998779296875,45.369998931884766,33.1783447265625,6864200,MO
2022-09-02,45.68000030517578,45.91999816894531,44.83000183105469,45.0,32.90776443481445,8555000,MO
2022-09-06,45.20000076293945,45.88999938964844,44.5,44.56999969482422,32.59331512451172,12042000,MO
2022-09-07,44.650001525878906,44.970001220703125,44.119998931884766,44.95000076293945,32.87120056152344,10257100,MO
2022-09-08,45.0,45.33000183105469,44.66999816894531,45.150001525878906,33.017452239990234,8651100,MO
2022-09-09,45.2400016784668,45.86000061035156,45.040000915527344,45.56999969482422,33.3245964050293,7842200,MO
2022-09-12,45.560001373291016,45.68000030517578,45.09000015258789,45.150001525878906,33.017452239990234,10683200,MO
2022-09-13,45.029998779296875,45.06999969482422,42.939998626708984,42.970001220703125,31.423259735107422,17325800,MO
2022-09-14,42.099998474121094,42.20000076293945,41.40999984741211,41.7599983215332,31.221397399902344,11988200,MO
2022-09-15,41.650001525878906,42.130001068115234,41.56999969482422,42.0099983215332,31.40830421447754,9786400,MO
2022-09-16,42.0099983215332,42.40999984741211,41.810001373291016,42.290000915527344,31.61764907836914,28808600,MO
2022-09-19,41.959999084472656,43.0099983215332,41.959999084472656,42.90999984741211,32.081180572509766,12656400,MO
2022-09-20,42.709999084472656,43.060001373291016,42.59000015258789,42.91999816894531,32.08865737915039,6549300,MO
2022-09-21,43.15999984741211,43.77000045776367,43.0,43.0099983215332,32.155948638916016,7925100,MO
2022-09-22,43.279998779296875,43.66999816894531,43.119998931884766,43.27000045776367,32.350341796875,7648900,MO
2022-09-23,42.75,42.83000183105469,40.84000015258789,41.68000030517578,31.161588668823242,12898400,MO
2022-09-26,41.59000015258789,41.97999954223633,41.130001068115234,41.470001220703125,31.004587173461914,10887300,MO
2022-09-27,41.849998474121094,42.34000015258789,40.709999084472656,40.790000915527344,30.496187210083008,8432700,MO
2022-09-28,41.04999923706055,41.599998474121094,40.61000061035156,41.40999984741211,30.959728240966797,6647000,MO
2022-09-29,41.2599983215332,41.349998474121094,40.91999816894531,41.16999816894531,30.78029441833496,5834700,MO
2022-09-30,41.38999938964844,41.4900016784668,40.349998474121094,40.380001068115234,30.189655303955078,9121400,MO
2022-10-03,40.849998474121094,41.56999969482422,40.7400016784668,41.369998931884766,30.92981719970703,9322200,MO
2022-10-04,41.68000030517578,42.529998779296875,41.54999923706055,42.5,31.7746524810791,8393900,MO
2022-10-05,42.279998779296875,43.18000030517578,42.18000030517578,42.900001525878906,32.07371139526367,6535900,MO
2022-10-06,42.810001373291016,43.09000015258789,42.52000045776367,42.9900016784668,32.1409912109375,11154400,MO
2022-10-07,42.93000030517578,43.33000183105469,42.33000183105469,42.81999969482422,32.01389694213867,10524500,MO
2022-10-10,43.02000045776367,43.75,43.0099983215332,43.459999084472656,32.49238204956055,11408600,MO
2022-10-11,44.220001220703125,45.08000183105469,43.95000076293945,44.349998474121094,33.157779693603516,14565500,MO
2022-10-12,44.31999969482422,45.29999923706055,44.2599983215332,44.75,33.45684051513672,10794500,MO
2022-10-13,44.66999816894531,45.959999084472656,44.369998931884766,45.88999938964844,34.309146881103516,11909400,MO
2022-10-14,46.0,46.59000015258789,45.189998626708984,45.22999954223633,33.81570816040039,11226200,MO
2022-10-17,45.54999923706055,45.790000915527344,44.40999984741211,44.59000015258789,33.33721923828125,7872500,MO
2022-10-18,45.189998626708984,45.40999984741211,44.59000015258789,44.77000045776367,33.4717903137207,7176200,MO
2022-10-19,44.880001068115234,45.02000045776367,44.43000030517578,44.66999816894531,33.39702606201172,5930300,MO
2022-10-20,44.880001068115234,44.95000076293945,43.52000045776367,43.560001373291016,32.56715774536133,9710300,MO
2022-10-21,43.5,44.529998779296875,43.38999938964844,44.47999954223633,33.25497055053711,7471100,MO
2022-10-24,44.849998474121094,45.470001220703125,44.84000015258789,45.40999984741211,33.95028305053711,8428700,MO
2022-10-25,45.33000183105469,45.83000183105469,45.11000061035156,45.7400016784668,34.196998596191406,8282100,MO
2022-10-26,45.970001220703125,46.68000030517578,45.88999938964844,46.310001373291016,34.6231575012207,12132000,MO
2022-10-27,45.13999938964844,46.56999969482422,45.119998931884766,45.41999816894531,33.9577522277832,11332300,MO
2022-10-28,45.900001525878906,46.77000045776367,45.560001373291016,46.310001373291016,34.6231575012207,9253700,MO
2022-10-31,46.150001525878906,46.36000061035156,45.90999984741211,46.27000045776367,34.5932502746582,7711600,MO
2022-11-01,46.41999816894531,46.66999816894531,46.0099983215332,46.13999938964844,34.496063232421875,4859200,MO
2022-11-02,45.84000015258789,46.0099983215332,44.810001373291016,44.84000015258789,33.52412414550781,9000600,MO
2022-11-03,44.470001220703125,45.16999816894531,44.310001373291016,44.90999984741211,33.57646560668945,5705700,MO
2022-11-04,45.2599983215332,45.70000076293945,45.0,45.5,34.01757049560547,5512000,MO
2022-11-07,45.63999938964844,45.9900016784668,44.5099983215332,45.880001068115234,34.301673889160156,8277000,MO
2022-11-08,45.939998626708984,46.150001525878906,45.36000061035156,45.900001525878906,34.316619873046875,6889200,MO
2022-11-09,45.81999969482422,45.849998474121094,45.119998931884766,45.209999084472656,33.80075454711914,5348600,MO
2022-11-10,45.029998779296875,45.22999954223633,43.72999954223633,44.220001220703125,33.06059265136719,12330900,MO
2022-11-11,44.040000915527344,44.459999084472656,43.25,44.380001068115234,33.18021011352539,9820300,MO
2022-11-14,44.56999969482422,44.880001068115234,43.95000076293945,43.959999084472656,32.86620330810547,8145800,MO
2022-11-15,44.349998474121094,44.52000045776367,43.18000030517578,43.65999984741211,32.64191818237305,9262900,MO
2022-11-16,43.7599983215332,43.86000061035156,43.220001220703125,43.58000183105469,32.58210754394531,9891900,MO
2022-11-17,43.41999816894531,43.7400016784668,43.290000915527344,43.66999816894531,32.64938735961914,7834000,MO
2022-11-18,44.02000045776367,44.29999923706055,43.7599983215332,44.20000076293945,33.04563903808594,9640900,MO
2022-11-21,44.43000030517578,44.83000183105469,44.06999969482422,44.79999923706055,33.49422073364258,7644700,MO
2022-11-22,45.0,45.22999954223633,44.81999969482422,45.15999984741211,33.763370513916016,6068600,MO
2022-11-23,45.209999084472656,45.310001373291016,44.630001068115234,45.02000045776367,33.65869903564453,5192400,MO
2022-11-25,45.0,45.150001525878906,44.650001525878906,44.7400016784668,33.449363708496094,2734800,MO
2022-11-28,44.7400016784668,45.349998474121094,44.720001220703125,45.150001525878906,33.75590133666992,6760100,MO
2022-11-29,45.2599983215332,45.84000015258789,45.150001525878906,45.81999969482422,34.256813049316406,6897200,MO
2022-11-30,45.849998474121094,46.58000183105469,45.189998626708984,46.58000183105469,34.82501983642578,11309500,MO
2022-12-01,46.720001220703125,47.15999984741211,46.54999923706055,47.0099983215332,35.14649963378906,9115900,MO
2022-12-02,46.77000045776367,47.65999984741211,46.77000045776367,47.630001068115234,35.610042572021484,7653700,MO
2022-12-05,47.060001373291016,47.90999984741211,47.029998779296875,47.189998626708984,35.28107452392578,7451700,MO
2022-12-06,47.18000030517578,47.38999938964844,45.95000076293945,46.209999084472656,34.54838943481445,7721500,MO
2022-12-07,46.45000076293945,46.56999969482422,46.13999938964844,46.369998931884766,34.66801071166992,6189800,MO
2022-12-08,46.369998931884766,46.9900016784668,46.20000076293945,46.86000061035156,35.03435134887695,5850400,MO
2022-12-09,46.779998779296875,46.970001220703125,46.63999938964844,46.709999084472656,34.922210693359375,6183800,MO
2022-12-12,46.84000015258789,47.0,46.31999969482422,46.959999084472656,35.1091194152832,5527600,MO
2022-12-13,47.189998626708984,47.25,46.709999084472656,46.810001373291016,34.99697494506836,14083500,MO
2022-12-14,47.040000915527344,47.52000045776367,46.7599983215332,47.130001068115234,35.2362174987793,8636300,MO
2022-12-15,46.9900016784668,47.130001068115234,46.310001373291016,46.95000076293945,35.101646423339844,8019700,MO
2022-12-16,46.83000183105469,46.849998474121094,45.91999816894531,46.560001373291016,34.8100700378418,15186000,MO
2022-12-19,46.650001525878906,46.970001220703125,45.95000076293945,46.380001068115234,34.67549133300781,7887600,MO
2022-12-20,46.54999923706055,46.599998474121094,46.08000183105469,46.439998626708984,34.72034454345703,8395300,MO
2022-12-21,45.61000061035156,45.7599983215332,45.400001525878906,45.59000015258789,34.78902816772461,8372400,MO
2022-12-22,45.56999969482422,45.790000915527344,45.22999954223633,45.779998779296875,34.93400955200195,6709700,MO
2022-12-23,45.779998779296875,46.2400016784668,45.5099983215332,46.2400016784668,35.285030364990234,6759700,MO
2022-12-27,46.349998474121094,46.54999923706055,46.20000076293945,46.47999954223633,35.468170166015625,7957200,MO
2022-12-28,46.63999938964844,46.790000915527344,45.84000015258789,45.849998474121094,34.9874267578125,5848000,MO
2022-12-29,45.900001525878906,46.15999984741211,45.77000045776367,45.869998931884766,35.00269317626953,4270300,MO
2022-12-30,45.86000061035156,45.9900016784668,45.41999816894531,45.709999084472656,34.88059616088867,5025200,MO
2023-01-03,45.72999954223633,45.880001068115234,45.2599983215332,45.52000045776367,34.7356071472168,5127800,MO
2023-01-04,45.41999816894531,45.88999938964844,45.189998626708984,45.40999984741211,34.65167236328125,7907300,MO
2023-01-05,45.34000015258789,45.5,44.9900016784668,45.369998931884766,34.62114334106445,7648300,MO
2023-01-06,45.959999084472656,46.7400016784668,45.84000015258789,46.45000076293945,35.445274353027344,7031300,MO
2023-01-09,46.45000076293945,46.599998474121094,45.93000030517578,45.97999954223633,35.08662033081055,6881200,MO
2023-01-10,46.400001525878906,46.540000915527344,45.84000015258789,45.9900016784668,35.09425354003906,6962900,MO
2023-01-11,46.18000030517578,46.439998626708984,45.470001220703125,45.81999969482422,34.964534759521484,6740400,MO
2023-01-12,45.900001525878906,45.93000030517578,45.349998474121094,45.400001525878906,34.64403533935547,5671500,MO
2023-01-13,45.310001373291016,45.650001525878906,45.13999938964844,45.619998931884766,34.811920166015625,6283500,MO
2023-01-17,45.77000045776367,46.040000915527344,45.029998779296875,45.15999984741211,34.460899353027344,7214400,MO
2023-01-18,45.150001525878906,45.20000076293945,43.38999938964844,44.0099983215332,33.583351135253906,13300700,MO
2023-01-19,44.15999984741211,44.939998626708984,44.119998931884766,44.540000915527344,33.987789154052734,8093500,MO
2023-01-20,44.650001525878906,45.0099983215332,44.41999816894531,44.939998626708984,34.29302215576172,8401500,MO
2023-01-23,45.029998779296875,45.34000015258789,44.7599983215332,44.810001373291016,34.19382095336914,7585300,MO
2023-01-24,42.720001220703125,45.93000030517578,42.720001220703125,44.779998779296875,34.170928955078125,4989500,MO
2023-01-25,44.75,46.9900016784668,44.400001525878906,44.93000030517578,34.28538513183594,8034400,MO
2023-01-26,44.77000045776367,44.79999923706055,44.119998931884766,44.290000915527344,33.79701614379883,9449100,MO
2023-01-27,44.369998931884766,44.54999923706055,44.04999923706055,44.13999938964844,33.682552337646484,9247000,MO
2023-01-30,44.20000076293945,44.84000015258789,44.150001525878906,44.5,33.95726013183594,6868500,MO
2023-01-31,44.650001525878906,45.04999923706055,44.36000061035156,45.040000915527344,34.369327545166016,7584900,MO
2023-02-01,46.04999923706055,47.689998626708984,45.5099983215332,47.540000915527344,36.27703857421875,14734800,MO
2023-02-02,47.36000061035156,47.5099983215332,46.630001068115234,46.970001220703125,35.842079162597656,9920800,MO
2023-02-03,47.0,47.06999969482422,46.43000030517578,46.90999984741211,35.79629898071289,10245900,MO
2023-02-06,47.0099983215332,47.22999954223633,46.849998474121094,46.959999084472656,35.834449768066406,5911500,MO
2023-02-07,46.689998626708984,46.810001373291016,46.25,46.560001373291016,35.52922058105469,6920800,MO
2023-02-08,46.33000183105469,46.560001373291016,46.2400016784668,46.5,35.483428955078125,5736500,MO
2023-02-09,46.61000061035156,46.709999084472656,46.060001373291016,46.33000183105469,35.35370635986328,5838900,MO
2023-02-10,46.5,47.29999923706055,46.38999938964844,47.2400016784668,36.04811477661133,6899100,MO
2023-02-13,47.41999816894531,47.91999816894531,47.31999969482422,47.849998474121094,36.51359558105469,5370800,MO
2023-02-14,47.849998474121094,47.880001068115234,47.290000915527344,47.40999984741211,36.17782974243164,6397500,MO
2023-02-15,47.18000030517578,47.65999984741211,47.18000030517578,47.650001525878906,36.36097717285156,4893300,MO
2023-02-16,47.400001525878906,47.63999938964844,47.04999923706055,47.400001525878906,36.17021179199219,5422300,MO
2023-02-17,47.5,48.11000061035156,47.2599983215332,48.06999969482422,36.68147659301758,7825200,MO
2023-02-21,47.9900016784668,48.06999969482422,46.779998779296875,47.439998626708984,36.20072937011719,8236200,MO
2023-02-22,47.400001525878906,47.970001220703125,47.029998779296875,47.13999938964844,35.971805572509766,6908300,MO
2023-02-23,47.20000076293945,47.70000076293945,47.08000183105469,47.5099983215332,36.2541389465332,6284600,MO
2023-02-24,47.25,47.38999938964844,46.95000076293945,47.16999816894531,35.99470138549805,5704900,MO
2023-02-27,47.290000915527344,47.400001525878906,46.470001220703125,46.540000915527344,35.51395797729492,9168800,MO
2023-02-28,46.5,46.77000045776367,46.0099983215332,46.43000030517578,35.43002700805664,8018500,MO
2023-03-01,46.290000915527344,46.439998626708984,45.91999816894531,46.150001525878906,35.21635055541992,8102200,MO
2023-03-02,46.02000045776367,46.529998779296875,45.900001525878906,46.459999084472656,35.45290756225586,7355100,MO
2023-03-03,46.400001525878906,46.709999084472656,46.15999984741211,46.529998779296875,35.506317138671875,5755400,MO
2023-03-06,46.52000045776367,47.22999954223633,46.45000076293945,47.189998626708984,36.00996017456055,7112300,MO
2023-03-07,47.2599983215332,47.290000915527344,46.2400016784668,46.54999923706055,35.521583557128906,7032200,MO
2023-03-08,46.63999938964844,46.869998931884766,46.56999969482422,46.79999923706055,35.71236038208008,5304700,MO
2023-03-09,47.09000015258789,47.41999816894531,46.709999084472656,46.7400016784668,35.666568756103516,6671700,MO
2023-03-10,46.7599983215332,47.2599983215332,46.5099983215332,46.61000061035156,35.5673713684082,7987400,MO
2023-03-13,46.47999954223633,47.29999923706055,46.45000076293945,46.68000030517578,35.62078857421875,10962400,MO
2023-03-14,46.79999923706055,46.849998474121094,46.290000915527344,46.7400016784668,35.666568756103516,9327900,MO
2023-03-15,46.459999084472656,46.90999984741211,45.97999954223633,46.869998931884766,35.76576232910156,8897600,MO
2023-03-16,46.77000045776367,46.77000045776367,45.66999816894531,46.16999816894531,35.23160934448242,13617300,MO
2023-03-17,46.31999969482422,46.43000030517578,45.119998931884766,45.31999969482422,34.58298110961914,32421700,MO
2023-03-20,45.689998626708984,46.25,45.5099983215332,46.06999969482422,35.155303955078125,14074200,MO
2023-03-21,46.459999084472656,46.59000015258789,45.90999984741211,46.20000076293945,35.2545051574707,14067400,MO
2023-03-22,46.349998474121094,46.380001068115234,45.119998931884766,45.150001525878906,34.45327377319336,10883600,MO
2023-03-23,44.38999938964844,44.400001525878906,43.25,43.459999084472656,33.86878204345703,15549800,MO
2023-03-24,43.599998474121094,43.9900016784668,43.40999984741211,43.970001220703125,34.2662353515625,10444800,MO
2023-03-27,44.119998931884766,44.369998931884766,44.04999923706055,44.290000915527344,34.5156135559082,9624200,MO
2023-03-28,44.290000915527344,44.7400016784668,44.20000076293945,44.36000061035156,34.57016372680664,8796700,MO
2023-03-29,44.630001068115234,44.689998626708984,44.29999923706055,44.52000045776367,34.69485855102539,7530500,MO
2023-03-30,44.63999938964844,44.83000183105469,44.349998474121094,44.5,34.679264068603516,6862400,MO
2023-03-31,44.630001068115234,44.720001220703125,44.43000030517578,44.619998931884766,34.77278518676758,7711500,MO
2023-04-03,44.720001220703125,45.33000183105469,44.599998474121094,44.97999954223633,35.053340911865234,8385800,MO
2023-04-04,44.880001068115234,44.90999984741211,44.2400016784668,44.45000076293945,34.640296936035156,7379600,MO
2023-04-05,44.459999084472656,44.70000076293945,44.189998626708984,44.43000030517578,34.62471389770508,7865800,MO
2023-04-06,44.400001525878906,44.619998931884766,44.2599983215332,44.43000030517578,34.62471389770508,6337200,MO
2023-04-10,44.40999984741211,44.599998474121094,44.310001373291016,44.5,34.679264068603516,6197300,MO
2023-04-11,44.650001525878906,45.209999084472656,44.650001525878906,45.09000015258789,35.139060974121094,6553500,MO
2023-04-12,45.0099983215332,45.16999816894531,44.70000076293945,44.83000183105469,34.93645095825195,6124100,MO
2023-04-13,44.7599983215332,45.02000045776367,44.4900016784668,44.970001220703125,35.0455436706543,4844200,MO
2023-04-14,45.13999938964844,45.380001068115234,44.83000183105469,45.029998779296875,35.09230041503906,6262400,MO
2023-04-17,45.189998626708984,45.459999084472656,45.11000061035156,45.439998626708984,35.41181945800781,6707000,MO
2023-04-18,45.45000076293945,46.16999816894531,45.400001525878906,46.13999938964844,35.957340240478516,6364800,MO
2023-04-19,46.29999923706055,46.470001220703125,46.130001068115234,46.459999084472656,36.20671081542969,5103000,MO
2023-04-20,46.16999816894531,46.31999969482422,45.709999084472656,45.9900016784668,35.840431213378906,7371200,MO
2023-04-21,46.16999816894531,46.25,45.689998626708984,46.150001525878906,35.965126037597656,9082900,MO
2023-04-24,46.29999923706055,46.66999816894531,46.150001525878906,46.66999816894531,36.3703727722168,6552900,MO
2023-04-25,46.709999084472656,47.220001220703125,46.58000183105469,46.9900016784668,36.6197509765625,7510500,MO
2023-04-26,46.83000183105469,47.33000183105469,46.66999816894531,46.689998626708984,36.385955810546875,8936800,MO
2023-04-27,45.95000076293945,47.439998626708984,45.40999984741211,47.189998626708984,36.77560806274414,10977600,MO
2023-04-28,47.470001220703125,47.720001220703125,46.81999969482422,47.5099983215332,37.02498245239258,11070700,MO
2023-05-01,47.54999923706055,48.040000915527344,47.40999984741211,47.779998779296875,37.23539733886719,8844000,MO
2023-05-02,47.70000076293945,47.709999084472656,46.529998779296875,47.18000030517578,36.767818450927734,7606400,MO
2023-05-03,47.2400016784668,47.369998931884766,46.5099983215332,46.529998779296875,36.26125717163086,6536100,MO
2023-05-04,46.400001525878906,46.52000045776367,45.56999969482422,46.130001068115234,35.94954299926758,7333200,MO
2023-05-05,46.15999984741211,46.86000061035156,46.09000015258789,46.689998626708984,36.385955810546875,5962300,MO
2023-05-08,46.70000076293945,46.81999969482422,46.529998779296875,46.61000061035156,36.3236083984375,4434200,MO
2023-05-09,46.56999969482422,46.66999816894531,46.150001525878906,46.439998626708984,36.191123962402344,4401700,MO
2023-05-10,46.279998779296875,46.459999084472656,45.4900016784668,45.939998626708984,35.80146789550781,8391800,MO
2023-05-11,45.650001525878906,45.70000076293945,45.220001220703125,45.66999816894531,35.591064453125,6437300,MO
2023-05-12,45.54999923706055,45.79999923706055,45.29999923706055,45.66999816894531,35.591064453125,5602000,MO
2023-05-15,45.72999954223633,45.90999984741211,45.38999938964844,45.560001373291016,35.505332946777344,4920100,MO
2023-05-16,45.400001525878906,45.720001220703125,45.08000183105469,45.09000015258789,35.139060974121094,6163600,MO
2023-05-17,45.18000030517578,45.5,44.869998931884766,45.34000015258789,35.33388137817383,6316200,MO
2023-05-18,45.040000915527344,45.16999816894531,44.56999969482422,45.06999969482422,35.12347412109375,6580100,MO
2023-05-19,45.27000045776367,45.47999954223633,45.0099983215332,45.29999923706055,35.30271530151367,6557100,MO
2023-05-22,45.310001373291016,45.52000045776367,44.86000061035156,44.93000030517578,35.014366149902344,6472700,MO
2023-05-23,45.06999969482422,45.2599983215332,44.900001525878906,44.93000030517578,35.014366149902344,6167800,MO
2023-05-24,44.95000076293945,45.18000030517578,44.79999923706055,44.95000076293945,35.02995681762695,5400500,MO
2023-05-25,44.75,44.91999816894531,44.459999084472656,44.66999816894531,34.81174850463867,6859500,MO
2023-05-26,44.7599983215332,44.95000076293945,44.59000015258789,44.61000061035156,34.764991760253906,5498700,MO
2023-05-30,44.5099983215332,44.529998779296875,43.709999084472656,44.31999969482422,34.53899383544922,9183000,MO
2023-05-31,44.25,44.45000076293945,44.029998779296875,44.41999816894531,34.616920471191406,11075000,MO
2023-06-01,44.630001068115234,44.93000030517578,44.369998931884766,44.58000183105469,34.741615295410156,8763200,MO
2023-06-02,44.5099983215332,45.369998931884766,44.400001525878906,45.33000183105469,35.32609558105469,7208200,MO
2023-06-05,45.29999923706055,45.43000030517578,44.5099983215332,44.63999938964844,34.78836441040039,6880600,MO
2023-06-06,44.70000076293945,44.81999969482422,44.4900016784668,44.65999984741211,34.803955078125,7368600,MO
2023-06-07,44.720001220703125,45.29999923706055,44.619998931884766,45.099998474121094,35.146846771240234,8768100,MO
2023-06-08,45.220001220703125,45.38999938964844,44.900001525878906,45.36000061035156,35.349464416503906,5804100,MO
2023-06-09,45.400001525878906,45.54999923706055,45.16999816894531,45.220001220703125,35.24037170410156,6689900,MO
2023-06-12,45.25,45.599998474121094,45.13999938964844,45.529998779296875,35.48195266723633,6512200,MO
2023-06-13,45.529998779296875,45.93000030517578,45.33000183105469,45.7599983215332,35.66119384765625,9106700,MO
2023-06-14,44.900001525878906,44.97999954223633,43.86000061035156,43.95000076293945,34.96897506713867,11941300,MO
2023-06-15,44.119998931884766,44.29999923706055,44.029998779296875,44.150001525878906,35.12810516357422,8484400,MO
2023-06-16,44.220001220703125,44.27000045776367,43.91999816894531,44.06999969482422,35.064456939697266,13663100,MO
2023-06-20,44.029998779296875,44.08000183105469,43.470001220703125,43.470001220703125,34.587066650390625,8033300,MO
2023-06-21,43.470001220703125,44.060001373291016,43.38999938964844,43.95000076293945,34.96897506713867,6838400,MO
2023-06-22,44.099998474121094,44.20000076293945,43.689998626708984,43.7599983215332,34.81780242919922,5022500,MO
2023-06-23,43.869998931884766,44.09000015258789,43.34000015258789,43.41999816894531,34.54728317260742,8942100,MO
2023-06-26,43.5,44.290000915527344,43.43000030517578,44.2599983215332,35.21562576293945,9001200,MO
2023-06-27,44.15999984741211,44.380001068115234,43.97999954223633,44.34000015258789,35.27928924560547,6313100,MO
2023-06-28,44.15999984741211,44.5099983215332,43.81999969482422,44.5,35.40658187866211,7261100,MO
2023-06-29,44.41999816894531,44.97999954223633,44.31999969482422,44.970001220703125,35.780548095703125,6380400,MO
2023-06-30,45.06999969482422,45.40999984741211,44.97999954223633,45.29999923706055,36.04310989379883,9046700,MO
2023-07-03,45.189998626708984,45.91999816894531,45.0,45.91999816894531,36.536415100097656,6144000,MO
2023-07-05,45.65999984741211,46.040000915527344,45.47999954223633,45.97999954223633,36.58415603637695,8868500,MO
2023-07-06,45.900001525878906,46.34000015258789,45.70000076293945,46.09000015258789,36.67168045043945,8983000,MO
2023-07-07,46.099998474121094,46.29999923706055,45.91999816894531,45.97999954223633,36.58415603637695,8395600,MO
2023-07-10,46.20000076293945,46.2599983215332,44.689998626708984,44.95000076293945,35.76463317871094,11674700,MO
2023-07-11,44.95000076293945,45.689998626708984,44.95000076293945,45.63999938964844,36.31363296508789,7237100,MO
2023-07-12,45.7400016784668,45.959999084472656,45.56999969482422,45.689998626708984,36.35341262817383,5320600,MO
2023-07-13,45.560001373291016,45.72999954223633,45.2400016784668,45.58000183105469,36.26589584350586,5923900,MO
2023-07-14,45.66999816894531,45.68000030517578,45.349998474121094,45.4900016784668,36.19428253173828,4860400,MO
2023-07-17,45.31999969482422,45.4900016784668,45.20000076293945,45.380001068115234,36.10676956176758,4483400,MO
2023-07-18,45.400001525878906,45.70000076293945,45.25,45.38999938964844,36.114723205566406,5331100,MO
2023-07-19,45.599998474121094,45.72999954223633,45.349998474121094,45.380001068115234,36.10676956176758,6104300,MO
2023-07-20,45.689998626708984,45.849998474121094,45.540000915527344,45.65999984741211,36.329551696777344,6617800,MO
2023-07-21,45.66999816894531,45.709999084472656,45.349998474121094,45.599998474121094,36.281803131103516,6406300,MO
2023-07-24,45.56999969482422,45.880001068115234,45.56999969482422,45.599998474121094,36.281803131103516,4998300,MO
2023-07-25,45.5,45.599998474121094,45.15999984741211,45.459999084472656,36.170413970947266,6464700,MO
2023-07-26,45.439998626708984,45.84000015258789,45.34000015258789,45.560001373291016,36.249977111816406,4933900,MO
2023-07-27,45.65999984741211,45.95000076293945,45.56999969482422,45.599998474121094,36.281803131103516,4551900,MO
2023-07-28,45.689998626708984,45.84000015258789,45.43000030517578,45.4900016784668,36.19428253173828,5906000,MO
2023-07-31,45.290000915527344,45.599998474121094,45.209999084472656,45.41999816894531,36.138587951660156,8667200,MO
2023-08-01,45.68000030517578,46.209999084472656,44.91999816894531,45.18000030517578,35.947628021240234,9902800,MO
2023-08-02,45.04999923706055,45.06999969482422,44.11000061035156,44.56999969482422,35.46228790283203,11431300,MO
2023-08-03,44.5,44.54999923706055,44.099998474121094,44.29999923706055,35.24745559692383,9885200,MO
2023-08-04,44.27000045776367,44.5,43.91999816894531,44.0,35.008758544921875,8077100,MO
2023-08-07,44.029998779296875,44.22999954223633,43.90999984741211,44.119998931884766,35.104244232177734,7874300,MO
2023-08-08,44.0,44.310001373291016,43.72999954223633,44.2400016784668,35.1997184753418,6105200,MO
2023-08-09,44.2599983215332,44.599998474121094,44.06999969482422,44.09000015258789,35.08037185668945,5412300,MO
2023-08-10,44.11000061035156,44.34000015258789,43.83000183105469,43.91999816894531,34.94511032104492,6597900,MO
2023-08-11,43.88999938964844,43.91999816894531,43.619998931884766,43.72999954223633,34.7939338684082,7164300,MO
2023-08-14,43.79999923706055,43.939998626708984,43.439998626708984,43.529998779296875,34.634803771972656,7032500,MO
2023-08-15,43.38999938964844,43.38999938964844,43.0099983215332,43.06999969482422,34.268802642822266,6830900,MO
2023-08-16,43.02000045776367,43.220001220703125,42.709999084472656,42.75,34.014190673828125,6908600,MO
2023-08-17,42.79999923706055,43.0099983215332,42.459999084472656,42.56999969482422,33.8709716796875,7100000,MO
2023-08-18,42.56999969482422,43.119998931884766,42.54999923706055,42.90999984741211,34.141502380371094,6897600,MO
2023-08-21,42.81999969482422,43.02000045776367,42.56999969482422,42.72999954223633,33.99827575683594,5443400,MO
2023-08-22,42.72999954223633,42.970001220703125,42.70000076293945,42.77000045776367,34.03010177612305,6846100,MO
2023-08-23,42.97999954223633,43.130001068115234,42.790000915527344,43.119998931884766,34.30858612060547,6649000,MO
2023-08-24,43.08000183105469,43.529998779296875,42.970001220703125,43.400001525878906,34.531368255615234,8305400,MO
2023-08-25,43.61000061035156,43.880001068115234,43.43000030517578,43.66999816894531,34.746192932128906,7007100,MO
2023-08-28,43.7400016784668,44.099998474121094,43.7400016784668,43.970001220703125,34.984893798828125,5071000,MO
2023-08-29,44.040000915527344,44.33000183105469,43.599998474121094,44.220001220703125,35.183807373046875,8079200,MO
2023-08-30,44.310001373291016,44.54999923706055,44.18000030517578,44.52000045776367,35.42250061035156,5765300,MO
2023-08-31,44.58000183105469,44.7599983215332,44.209999084472656,44.220001220703125,35.183807373046875,7383700,MO
2023-09-01,44.439998626708984,44.52000045776367,43.83000183105469,44.11000061035156,35.09627914428711,6659900,MO
2023-09-05,44.060001373291016,44.459999084472656,44.040000915527344,44.09000015258789,35.08037185668945,9267900,MO
2023-09-06,44.0,44.029998779296875,43.45000076293945,43.529998779296875,34.634803771972656,10108400,MO
2023-09-07,43.72999954223633,43.880001068115234,43.41999816894531,43.720001220703125,34.78598403930664,7395700,MO
2023-09-08,43.83000183105469,44.099998474121094,43.63999938964844,44.08000183105469,35.072418212890625,6833900,MO
2023-09-11,44.220001220703125,44.880001068115234,44.18000030517578,44.459999084472656,35.374759674072266,9566100,MO
2023-09-12,44.529998779296875,45.029998779296875,44.52000045776367,44.869998931884766,35.70098114013672,7754900,MO
2023-09-13,45.0,45.0,44.599998474121094,44.75,35.60550308227539,8929000,MO
2023-09-14,43.81999969482422,44.150001525878906,43.61000061035156,44.099998474121094,35.87394332885742,9764000,MO
2023-09-15,43.93000030517578,44.130001068115234,43.4900016784668,43.529998779296875,35.41027069091797,28877500,MO
2023-09-18,43.7400016784668,43.75,43.22999954223633,43.349998474121094,35.26383972167969,7971900,MO
2023-09-19,43.36000061035156,43.45000076293945,42.9900016784668,43.060001373291016,35.02794647216797,8771800,MO
2023-09-20,43.150001525878906,43.439998626708984,43.0099983215332,43.040000915527344,35.01167297363281,5843800,MO
2023-09-21,43.0,43.11000061035156,42.70000076293945,42.90999984741211,34.905921936035156,7066100,MO
2023-09-22,42.849998474121094,42.939998626708984,42.29999923706055,42.33000183105469,34.43410873413086,8177200,MO
2023-09-25,42.209999084472656,42.310001373291016,41.88999938964844,42.09000015258789,34.23887634277344,6711200,MO
2023-09-26,42.09000015258789,42.189998626708984,41.849998474121094,41.900001525878906,34.084312438964844,6163700,MO
2023-09-27,41.90999984741211,42.0099983215332,41.59000015258789,41.90999984741211,34.09245300292969,6523000,MO
2023-09-28,41.9900016784668,42.2400016784668,41.779998779296875,42.13999938964844,34.27954864501953,5673700,MO
2023-09-29,42.25,42.380001068115234,41.91999816894531,42.04999923706055,34.206336975097656,5796400,MO
2023-10-02,42.02000045776367,42.040000915527344,41.380001068115234,41.58000183105469,33.824005126953125,7243200,MO
2023-10-03,41.36000061035156,41.400001525878906,40.90999984741211,41.130001068115234,33.457950592041016,8813800,MO
2023-10-04,41.150001525878906,41.709999084472656,40.9900016784668,41.650001525878906,33.88094711303711,7765800,MO
2023-10-05,41.77000045776367,42.13999938964844,41.66999816894531,41.9900016784668,34.15753173828125,7151400,MO
2023-10-06,41.72999954223633,42.25,41.470001220703125,42.06999969482422,34.22260284423828,10053200,MO
2023-10-09,42.0,42.72999954223633,42.0,42.70000076293945,34.7350959777832,6276300,MO
2023-10-10,43.290000915527344,43.52000045776367,42.470001220703125,42.4900016784668,34.56427001953125,10771100,MO
2023-10-11,42.63999938964844,42.849998474121094,42.369998931884766,42.560001373291016,34.6212043762207,6706000,MO
2023-10-12,42.630001068115234,42.709999084472656,41.83000183105469,42.2400016784668,34.36090087890625,7764200,MO
2023-10-13,42.25,42.72999954223633,42.25,42.65999984741211,34.702552795410156,5753800,MO
2023-10-16,42.90999984741211,43.040000915527344,42.599998474121094,42.869998931884766,34.873382568359375,7417200,MO
2023-10-17,42.77000045776367,43.209999084472656,42.59000015258789,43.189998626708984,35.133689880371094,5318000,MO
2023-10-18,43.119998931884766,43.43000030517578,42.88999938964844,43.119998931884766,35.07674789428711,5026400,MO
2023-10-19,42.90999984741211,43.029998779296875,42.5099983215332,42.61000061035156,34.66188049316406,6791500,MO
2023-10-20,42.540000915527344,43.040000915527344,42.529998779296875,42.709999084472656,34.743221282958984,6143900,MO
2023-10-23,42.650001525878906,42.68000030517578,42.09000015258789,42.130001068115234,34.27141571044922,5989400,MO
2023-10-24,42.130001068115234,42.619998931884766,42.130001068115234,42.540000915527344,34.604942321777344,6477400,MO
2023-10-25,42.529998779296875,43.0099983215332,42.5,42.81999969482422,34.832706451416016,6894400,MO
2023-10-26,42.13999938964844,42.18000030517578,39.06999969482422,39.2599983215332,31.9367618560791,22791500,MO
2023-10-27,39.720001220703125,40.36000061035156,39.189998626708984,39.29999923706055,31.969297409057617,14405900,MO
2023-10-30,39.5,40.45000076293945,39.4900016784668,40.25,32.74209213256836,10301400,MO
2023-10-31,40.279998779296875,40.56999969482422,39.79999923706055,40.16999816894531,32.67700958251953,14571000,MO
2023-11-01,40.290000915527344,40.38999938964844,39.630001068115234,39.900001525878906,32.45738220214844,9527200,MO
2023-11-02,39.95000076293945,40.689998626708984,39.7599983215332,40.66999816894531,33.0837516784668,8319000,MO
2023-11-03,40.95000076293945,41.209999084472656,40.59000015258789,40.66999816894531,33.0837516784668,7997300,MO
2023-11-06,40.75,40.880001068115234,40.459999084472656,40.540000915527344,32.97800064086914,8741500,MO
2023-11-07,40.459999084472656,40.70000076293945,40.40999984741211,40.5099983215332,32.95359802246094,5770600,MO
2023-11-08,40.4900016784668,40.810001373291016,40.04999923706055,40.20000076293945,32.701419830322266,7776100,MO
2023-11-09,40.25,40.439998626708984,40.0099983215332,40.11000061035156,32.628204345703125,10842100,MO
2023-11-10,40.189998626708984,40.290000915527344,39.70000076293945,40.02000045776367,32.554996490478516,12271600,MO
2023-11-13,40.09000015258789,40.16999816894531,39.939998626708984,40.0,32.53873062133789,11639600,MO
2023-11-14,40.22999954223633,40.41999816894531,39.959999084472656,40.220001220703125,32.717689514160156,12681100,MO
2023-11-15,40.45000076293945,40.77000045776367,40.18000030517578,40.75,33.148826599121094,9460300,MO
2023-11-16,40.70000076293945,40.95000076293945,40.130001068115234,40.70000076293945,33.108158111572266,10810000,MO
2023-11-17,40.79999923706055,40.970001220703125,40.5099983215332,40.81999969482422,33.20576858520508,6658700,MO
2023-11-20,40.650001525878906,40.970001220703125,40.63999938964844,40.84000015258789,33.222042083740234,6399800,MO
2023-11-21,40.849998474121094,40.939998626708984,40.56999969482422,40.7599983215332,33.156959533691406,6271300,MO
2023-11-22,40.849998474121094,41.220001220703125,40.7400016784668,41.189998626708984,33.50675582885742,8223300,MO
2023-11-24,41.310001373291016,41.47999954223633,41.279998779296875,41.470001220703125,33.73453140258789,3153700,MO
2023-11-27,41.439998626708984,41.61000061035156,41.2400016784668,41.439998626708984,33.710121154785156,6601700,MO
2023-11-28,41.439998626708984,42.0,41.41999816894531,41.81999969482422,34.01923370361328,7042800,MO
2023-11-29,41.880001068115234,41.97999954223633,41.689998626708984,41.7599983215332,33.970436096191406,4839100,MO
2023-11-30,41.90999984741211,42.04999923706055,41.7400016784668,42.040000915527344,34.198204040527344,8996700,MO
2023-12-01,42.150001525878906,42.630001068115234,42.119998931884766,42.599998474121094,34.653743743896484,6700100,MO
2023-12-04,42.54999923706055,42.959999084472656,42.41999816894531,42.5,34.5723991394043,6543600,MO
2023-12-05,42.31999969482422,42.77000045776367,42.25,42.56999969482422,34.629337310791016,7271800,MO
2023-12-06,41.31999969482422,41.650001525878906,40.959999084472656,41.36000061035156,33.64504623413086,14833000,MO
2023-12-07,41.47999954223633,41.66999816894531,41.2400016784668,41.31999969482422,33.61250305175781,10658000,MO
2023-12-08,41.34000015258789,41.43000030517578,41.16999816894531,41.29999923706055,33.59623718261719,7966400,MO
2023-12-11,41.5,41.619998931884766,41.31999969482422,41.38999938964844,33.66945266723633,8174700,MO
2023-12-12,41.5099983215332,41.5099983215332,41.279998779296875,41.36000061035156,33.64504623413086,7522100,MO
2023-12-13,41.279998779296875,42.040000915527344,41.08000183105469,42.02000045776367,34.18193435668945,14063400,MO
2023-12-14,42.33000183105469,42.849998474121094,42.060001373291016,42.11000061035156,34.25514221191406,12031600,MO
2023-12-15,41.95000076293945,42.150001525878906,41.720001220703125,41.75,33.96229934692383,23248700,MO
2023-12-18,42.04999923706055,42.38999938964844,41.9900016784668,42.20000076293945,34.3283576965332,9083800,MO
2023-12-19,42.380001068115234,42.45000076293945,42.150001525878906,42.439998626708984,34.52359390258789,12884600,MO
2023-12-20,41.290000915527344,41.34000015258789,40.279998779296875,40.29999923706055,33.55765914916992,13691300,MO
2023-12-21,40.40999984741211,40.59000015258789,40.029998779296875,40.310001373291016,33.56599426269531,10097800,MO
2023-12-22,40.41999816894531,40.650001525878906,40.27000045776367,40.36000061035156,33.60762405395508,7587800,MO
2023-12-26,40.31999969482422,40.52000045776367,40.20000076293945,40.34000015258789,33.59096908569336,8488100,MO
2023-12-27,40.25,40.380001068115234,40.09000015258789,40.18000030517578,33.45773696899414,9285800,MO
2023-12-28,40.11000061035156,40.290000915527344,40.029998779296875,40.18000030517578,33.45773696899414,7195700,MO
2023-12-29,40.150001525878906,40.400001525878906,40.09000015258789,40.34000015258789,33.59096908569336,8074900,MO
2024-01-02,40.36000061035156,41.65999984741211,40.34000015258789,41.58000183105469,34.623512268066406,12615200,MO
2024-01-03,41.650001525878906,41.79999923706055,41.310001373291016,41.400001525878906,34.4736328125,9807100,MO
2024-01-04,41.47999954223633,42.04999923706055,41.470001220703125,41.52000045776367,34.573551177978516,8894600,MO
2024-01-05,41.58000183105469,41.65999984741211,41.310001373291016,41.4900016784668,34.5485725402832,6126500,MO
2024-01-08,41.560001373291016,42.029998779296875,41.540000915527344,41.90999984741211,34.8983039855957,8563000,MO
2024-01-09,41.84000015258789,41.86000061035156,41.54999923706055,41.86000061035156,34.856666564941406,7414500,MO
2024-01-10,41.84000015258789,42.08000183105469,40.93000030517578,41.060001373291016,34.19050979614258,11082800,MO
2024-01-11,41.0,41.63999938964844,40.91999816894531,41.599998474121094,34.640167236328125,9499100,MO
2024-01-12,41.880001068115234,42.0099983215332,41.27000045776367,41.34000015258789,34.42366409301758,7703700,MO
2024-01-16,41.36000061035156,41.52000045776367,40.77000045776367,40.970001220703125,34.11557388305664,10541900,MO
2024-01-17,40.88999938964844,41.209999084472656,40.720001220703125,40.7400016784668,33.92404556274414,6334400,MO
2024-01-18,40.61000061035156,40.61000061035156,40.09000015258789,40.439998626708984,33.67424011230469,7832800,MO
2024-01-19,40.4900016784668,40.52000045776367,40.150001525878906,40.33000183105469,33.5826416015625,7827500,MO
2024-01-22,40.25,40.689998626708984,40.150001525878906,40.47999954223633,33.707550048828125,8186400,MO
2024-01-23,40.36000061035156,40.5099983215332,40.11000061035156,40.439998626708984,33.67424011230469,7957100,MO
2024-01-24,40.40999984741211,40.59000015258789,39.91999816894531,39.93000030517578,33.24956512451172,9232100,MO
2024-01-25,40.04999923706055,40.31999969482422,39.90999984741211,40.209999084472656,33.48271942138672,9566300,MO
2024-01-26,40.41999816894531,40.5,40.119998931884766,40.20000076293945,33.474395751953125,7286200,MO
2024-01-29,40.220001220703125,40.56999969482422,40.220001220703125,40.529998779296875,33.749183654785156,8047400,MO
2024-01-30,40.5,40.56999969482422,40.220001220703125,40.459999084472656,33.690895080566406,7127200,MO
2024-01-31,40.5,40.619998931884766,40.06999969482422,40.119998931884766,33.407772064208984,12462700,MO
2024-02-01,40.599998474121094,41.75,40.36000061035156,41.720001220703125,34.74009704589844,19419200,MO
2024-02-02,41.4900016784668,41.61000061035156,40.91999816894531,41.36000061035156,34.44032287597656,10858900,MO
2024-02-05,41.220001220703125,41.290000915527344,40.5,40.52000045776367,33.7408561706543,10440000,MO
2024-02-06,40.58000183105469,40.709999084472656,40.310001373291016,40.599998474121094,33.80746841430664,9818800,MO
2024-02-07,40.709999084472656,40.7599983215332,40.130001068115234,40.2599983215332,33.52435302734375,8046500,MO
2024-02-08,40.20000076293945,40.369998931884766,39.849998474121094,40.09000015258789,33.38279724121094,14659200,MO
2024-02-09,39.95000076293945,40.150001525878906,39.869998931884766,40.11000061035156,33.39944839477539,8420600,MO
2024-02-12,40.220001220703125,40.619998931884766,40.130001068115234,40.54999923706055,33.765838623046875,7995200,MO
2024-02-13,40.36000061035156,40.459999084472656,39.95000076293945,40.22999954223633,33.4993782043457,7140200,MO
2024-02-14,40.220001220703125,40.439998626708984,40.04999923706055,40.400001525878906,33.640926361083984,6044000,MO
2024-02-15,40.560001373291016,40.560001373291016,40.08000183105469,40.16999816894531,33.44940185546875,7833500,MO
2024-02-16,40.16999816894531,40.27000045776367,39.970001220703125,40.18000030517578,33.45773696899414,7323200,MO
2024-02-20,40.20000076293945,40.619998931884766,40.08000183105469,40.25,33.51602554321289,8768000,MO
2024-02-21,40.349998474121094,40.5099983215332,40.220001220703125,40.470001220703125,33.699222564697266,6623700,MO
2024-02-22,40.29999923706055,40.900001525878906,40.15999984741211,40.900001525878906,34.057273864746094,8211000,MO
2024-02-23,40.900001525878906,41.310001373291016,40.709999084472656,41.130001068115234,34.248802185058594,6808600,MO
2024-02-26,41.130001068115234,41.13999938964844,40.599998474121094,40.709999084472656,33.899070739746094,8093100,MO
2024-02-27,40.720001220703125,40.90999984741211,40.59000015258789,40.900001525878906,34.057273864746094,4876300,MO
2024-02-28,40.79999923706055,40.9900016784668,40.59000015258789,40.9900016784668,34.132225036621094,5540700,MO
2024-02-29,41.040000915527344,41.099998474121094,40.79999923706055,40.90999984741211,34.06560516357422,8394700,MO
2024-03-01,40.900001525878906,41.0,40.59000015258789,40.86000061035156,34.02397155761719,9135200,MO
2024-03-04,40.33000183105469,40.689998626708984,39.25,39.72999954223633,33.08302688598633,28577600,MO
2024-03-05,39.90999984741211,40.220001220703125,39.720001220703125,39.939998626708984,33.25788497924805,12606000,MO
2024-03-06,41.060001373291016,41.849998474121094,40.720001220703125,41.45000076293945,34.515262603759766,25872700,MO
2024-03-07,41.529998779296875,41.720001220703125,41.349998474121094,41.54999923706055,34.598533630371094,9760300,MO
2024-03-08,41.54999923706055,42.04999923706055,41.459999084472656,41.869998931884766,34.864990234375,9417500,MO
2024-03-11,41.97999954223633,42.7400016784668,41.959999084472656,42.68000030517578,35.53947830200195,10663800,MO
2024-03-12,42.77000045776367,43.279998779296875,42.77000045776367,43.04999923706055,35.84757614135742,13814500,MO
2024-03-13,43.189998626708984,43.470001220703125,43.16999816894531,43.349998474121094,36.097381591796875,7082400,MO
2024-03-14,43.400001525878906,44.369998931884766,43.22999954223633,44.279998779296875,36.87179183959961,22465800,MO
2024-03-15,43.90999984741211,44.5,43.869998931884766,43.869998931884766,36.5303840637207,45230800,MO
2024-03-18,43.86000061035156,44.7599983215332,43.7599983215332,44.5099983215332,37.063316345214844,31335400,MO
2024-03-19,44.56999969482422,44.97999954223633,44.349998474121094,44.630001068115234,37.16323471069336,22602500,MO
2024-03-20,44.709999084472656,44.81999969482422,44.52000045776367,44.790000915527344,37.29647445678711,18195800,MO
2024-03-21,44.83000183105469,45.0,44.59000015258789,44.95000076293945,37.42970275878906,21052500,MO
2024-03-22,43.90999984741211,43.93000030517578,42.86000061035156,42.97999954223633,36.58695602416992,23870300,MO
2024-03-25,42.93000030517578,43.56999969482422,42.91999816894531,43.2599983215332,36.8253059387207,19734300,MO
2024-03-26,43.22999954223633,43.400001525878906,43.060001373291016,43.119998931884766,36.70612716674805,10702000,MO
2024-03-27,43.31999969482422,43.66999816894531,43.290000915527344,43.65999984741211,37.165809631347656,9001700,MO
2024-03-28,43.779998779296875,43.95000076293945,43.599998474121094,43.619998931884766,37.13176345825195,9807500,MO
2024-04-01,43.619998931884766,43.869998931884766,43.18000030517578,43.220001220703125,36.791259765625,12174500,MO
2024-04-02,43.22999954223633,43.4900016784668,42.84000015258789,42.93000030517578,36.54439926147461,10038500,MO
2024-04-03,42.959999084472656,43.099998474121094,42.099998474121094,42.119998931884766,35.85487365722656,20090200,MO
2024-04-04,42.43000030517578,42.58000183105469,41.4900016784668,41.529998779296875,35.352638244628906,13031400,MO
2024-04-05,41.47999954223633,41.7599983215332,41.369998931884766,41.650001525878906,35.45478820800781,8515900,MO
2024-04-08,41.540000915527344,42.09000015258789,41.5,41.959999084472656,35.71867370605469,9402200,MO
2024-04-09,42.0,42.310001373291016,41.91999816894531,42.11000061035156,35.84636306762695,7685900,MO
2024-04-10,41.66999816894531,42.029998779296875,41.540000915527344,41.68000030517578,35.480323791503906,9510300,MO
2024-04-11,41.75,41.83000183105469,41.310001373291016,41.43000030517578,35.26750564575195,10889100,MO
2024-04-12,41.33000183105469,41.54999923706055,41.02000045776367,41.04999923706055,34.94403839111328,10669100,MO
2024-04-15,41.29999923706055,41.459999084472656,40.650001525878906,40.95000076293945,34.858909606933594,10727600,MO
2024-04-16,40.95000076293945,41.09000015258789,40.720001220703125,40.75,34.68865203857422,10407400,MO
2024-04-17,41.0099983215332,41.220001220703125,40.7400016784668,41.099998474121094,34.986602783203125,8787700,MO
2024-04-18,41.130001068115234,41.43000030517578,41.11000061035156,41.29999923706055,35.1568489074707,17571300,MO
2024-04-19,41.38999938964844,42.27000045776367,41.38999938964844,42.09000015258789,35.82933807373047,22325600,MO
2024-04-22,42.310001373291016,42.720001220703125,42.02000045776367,42.56999969482422,36.237937927246094,10775700,MO
2024-04-23,42.63999938964844,43.040000915527344,42.52000045776367,42.869998931884766,36.493316650390625,18917200,MO
2024-04-24,42.70000076293945,43.060001373291016,42.400001525878906,42.91999816894531,36.535884857177734,12938200,MO
2024-04-25,43.25,43.650001525878906,42.7599983215332,43.540000915527344,37.063663482666016,14924200,MO
2024-04-26,43.43000030517578,43.939998626708984,43.189998626708984,43.380001068115234,36.927459716796875,13794300,MO
2024-04-29,43.400001525878906,43.84000015258789,43.369998931884766,43.81999969482422,37.30200958251953,8627100,MO
2024-04-30,43.9900016784668,44.13999938964844,43.630001068115234,43.810001373291016,37.293495178222656,11816800,MO
2024-05-01,43.70000076293945,44.18000030517578,43.689998626708984,43.81999969482422,37.30200958251953,7365000,MO
2024-05-02,44.0,44.209999084472656,43.83000183105469,43.97999954223633,37.43821334838867,9054900,MO
2024-05-03,44.0,44.119998931884766,43.369998931884766,43.59000015258789,37.106224060058594,11229000,MO
2024-05-06,43.689998626708984,43.83000183105469,43.439998626708984,43.4900016784668,37.02110290527344,9035400,MO
2024-05-07,43.599998474121094,44.0,43.58000183105469,43.849998474121094,37.32754898071289,12052100,MO
2024-05-08,43.900001525878906,44.400001525878906,43.900001525878906,44.290000915527344,37.70209884643555,9946700,MO
2024-05-09,44.38999938964844,44.77000045776367,44.27000045776367,44.709999084472656,38.059627532958984,8140900,MO
2024-05-10,44.790000915527344,45.040000915527344,44.7400016784668,44.900001525878906,38.22136306762695,12160000,MO
2024-05-13,44.900001525878906,45.369998931884766,44.900001525878906,45.040000915527344,38.340538024902344,8229200,MO
2024-05-14,45.08000183105469,45.54999923706055,45.040000915527344,45.5,38.73211669921875,9436300,MO
2024-05-15,45.599998474121094,45.95000076293945,45.59000015258789,45.849998474121094,39.03006362915039,9435100,MO
2024-05-16,45.95000076293945,46.220001220703125,45.900001525878906,45.95000076293945,39.11518859863281,9131700,MO
2024-05-17,46.04999923706055,46.25,45.91999816894531,46.08000183105469,39.22585678100586,9243500,MO
2024-05-20,46.09000015258789,46.25,45.779998779296875,45.900001525878906,39.07262420654297,8077000,MO
2024-05-21,46.0099983215332,46.439998626708984,45.939998626708984,46.33000183105469,39.438663482666016,8596500,MO
2024-05-22,46.13999938964844,46.599998474121094,46.11000061035156,46.31999969482422,39.430152893066406,15142800,MO
2024-05-23,46.099998474121094,46.11000061035156,45.5099983215332,45.63999938964844,38.85129928588867,10349900,MO
2024-05-24,45.84000015258789,46.0,45.34000015258789,45.4900016784668,38.72360610961914,4727700,MO
2024-05-28,45.400001525878906,45.63999938964844,45.209999084472656,45.47999954223633,38.7150993347168,7582600,MO
2024-05-29,45.29999923706055,45.349998474121094,45.040000915527344,45.150001525878906,38.434181213378906,6472200,MO
2024-05-30,45.31999969482422,45.599998474121094,45.25,45.439998626708984,38.68104553222656,6579400,MO
2024-05-31,45.400001525878906,46.33000183105469,45.31999969482422,46.25,39.37056350708008,13899900,MO
2024-06-03,46.040000915527344,46.650001525878906,46.02000045776367,46.54999923706055,39.625938415527344,8197700,MO
2024-06-04,46.400001525878906,46.849998474121094,46.380001068115234,46.83000183105469,39.86429214477539,8681700,MO
2024-06-05,46.779998779296875,46.779998779296875,46.380001068115234,46.66999816894531,39.728092193603516,6859200,MO
2024-06-06,46.66999816894531,47.189998626708984,46.58000183105469,46.689998626708984,39.7451171875,9325300,MO
2024-06-07,46.689998626708984,46.9900016784668,46.58000183105469,46.70000076293945,39.753631591796875,6491300,MO
2024-06-10,46.599998474121094,46.790000915527344,46.2400016784668,46.4900016784668,39.57487106323242,7947400,MO
2024-06-11,46.529998779296875,46.59000015258789,46.209999084472656,46.400001525878906,39.49824905395508,9600700,MO
2024-06-12,46.540000915527344,46.599998474121094,45.709999084472656,45.869998931884766,39.04708480834961,9925800,MO
2024-06-13,45.849998474121094,46.06999969482422,45.529998779296875,45.75,38.94492721557617,8828900,MO
2024-06-14,44.4900016784668,44.54999923706055,43.83000183105469,44.31999969482422,38.55348587036133,10651600,MO
2024-06-17,44.220001220703125,44.720001220703125,43.91999816894531,44.70000076293945,38.8840446472168,8284200,MO
2024-06-18,44.630001068115234,44.88999938964844,44.40999984741211,44.79999923706055,38.971031188964844,16402600,MO
2024-06-20,44.650001525878906,45.54999923706055,44.529998779296875,45.43000030517578,39.519065856933594,8957800,MO
2024-06-21,45.599998474121094,45.9900016784668,45.45000076293945,45.7400016784668,39.78873062133789,28881400,MO
2024-06-24,45.9900016784668,46.59000015258789,45.849998474121094,46.45000076293945,40.40634536743164,10236400,MO
2024-06-25,46.4900016784668,46.59000015258789,46.27000045776367,46.41999816894531,40.380252838134766,9573000,MO
2024-06-26,46.20000076293945,46.560001373291016,46.18000030517578,46.36000061035156,40.328060150146484,7405200,MO
2024-06-27,46.31999969482422,46.400001525878906,45.16999816894531,45.459999084472656,39.54515838623047,8633300,MO
2024-06-28,45.5,45.619998931884766,45.27000045776367,45.54999923706055,39.62344741821289,12238500,MO
2024-07-01,45.900001525878906,46.41999816894531,45.75,46.029998779296875,40.04100036621094,7070000,MO
2024-07-02,46.0,46.130001068115234,45.7599983215332,46.04999923706055,40.05839920043945,5463400,MO
2024-07-03,46.04999923706055,46.13999938964844,45.72999954223633,45.95000076293945,39.971405029296875,3663800,MO
2024-07-05,45.88999938964844,46.099998474121094,45.7599983215332,46.099998474121094,40.101890563964844,6881500,MO
2024-07-08,46.099998474121094,46.369998931884766,45.869998931884766,46.02000045776367,40.03229904174805,5318800,MO
2024-07-09,46.029998779296875,46.9900016784668,46.02000045776367,46.70000076293945,40.62382125854492,9398100,MO
2024-07-10,46.869998931884766,47.209999084472656,46.540000915527344,46.93000030517578,40.82389831542969,9584400,MO
2024-07-11,46.79999923706055,47.13999938964844,46.599998474121094,47.08000183105469,40.954383850097656,7439600,MO
2024-07-12,47.20000076293945,47.83000183105469,47.11000061035156,47.72999954223633,41.519805908203125,7337400,MO
2024-07-15,47.79999923706055,48.060001373291016,47.529998779296875,47.720001220703125,41.5111083984375,8734000,MO
2024-07-16,47.849998474121094,48.18000030517578,47.65999984741211,48.029998779296875,41.7807731628418,6205400,MO
2024-07-17,48.130001068115234,49.470001220703125,48.130001068115234,49.38999938964844,42.96382141113281,10040100,MO
2024-07-18,49.04999923706055,49.91999816894531,48.939998626708984,49.33000183105469,42.91162872314453,6788500,MO
2024-07-19,49.61000061035156,49.63999938964844,49.27000045776367,49.45000076293945,43.016014099121094,5776500,MO
2024-07-22,49.40999984741211,49.560001373291016,49.040000915527344,49.400001525878906,42.97251892089844,5103200,MO
2024-07-23,49.4900016784668,49.72999954223633,49.0,49.119998931884766,42.72895812988281,6919300,MO
2024-07-24,49.189998626708984,49.540000915527344,48.709999084472656,49.41999816894531,42.98991775512695,8777200,MO
2024-07-25,49.72999954223633,50.470001220703125,49.599998474121094,49.79999923706055,43.32047653198242,10341100,MO
2024-07-26,49.79999923706055,50.470001220703125,49.54999923706055,50.43000030517578,43.868507385253906,6995700,MO
2024-07-29,50.349998474121094,50.72999954223633,49.9900016784668,50.529998779296875,43.95549392700195,6272600,MO
2024-07-30,50.380001068115234,50.849998474121094,50.27000045776367,50.54999923706055,43.972900390625,8663000,MO
2024-07-31,48.400001525878906,49.04999923706055,47.56999969482422,49.0099983215332,42.633262634277344,19166000,MO
2024-08-01,49.61000061035156,50.040000915527344,49.400001525878906,50.02000045776367,43.5118522644043,9974900,MO
2024-08-02,50.38999938964844,51.400001525878906,49.880001068115234,51.06999969482422,44.425235748291016,12662500,MO
2024-08-05,49.9900016784668,50.779998779296875,49.0099983215332,49.349998474121094,42.92902755737305,14335800,MO
2024-08-06,49.31999969482422,50.130001068115234,49.29999923706055,49.47999954223633,43.0421142578125,8012000,MO
2024-08-07,49.58000183105469,50.68000030517578,49.540000915527344,50.029998779296875,43.52054977416992,10292100,MO
2024-08-08,49.72999954223633,50.810001373291016,49.72999954223633,50.45000076293945,43.885902404785156,7662100,MO
2024-08-09,50.36000061035156,50.65999984741211,50.2599983215332,50.43000030517578,43.868507385253906,5449800,MO
2024-08-12,50.439998626708984,50.7400016784668,50.150001525878906,50.310001373291016,43.76412582397461,5941100,MO
2024-08-13,50.34000015258789,51.15999984741211,50.34000015258789,51.11000061035156,44.46003341674805,6652400,MO
2024-08-14,50.9900016784668,51.400001525878906,50.84000015258789,51.189998626708984,44.52961730957031,6000600,MO
2024-08-15,51.25,51.36000061035156,50.630001068115234,50.7400016784668,44.13816833496094,8382500,MO
2024-08-16,50.779998779296875,51.36000061035156,50.70000076293945,51.31999969482422,44.64270782470703,7722700,MO
2024-08-19,51.380001068115234,51.560001373291016,51.209999084472656,51.31999969482422,44.64270782470703,6500500,MO
2024-08-20,51.33000183105469,51.70000076293945,51.20000076293945,51.439998626708984,44.74709701538086,7306700,MO
2024-08-21,51.540000915527344,51.86000061035156,51.439998626708984,51.810001373291016,45.06895446777344,6169400,MO
2024-08-22,51.88999938964844,51.939998626708984,51.470001220703125,51.83000183105469,45.08635330200195,6982800,MO
2024-08-23,51.97999954223633,52.459999084472656,51.75,52.439998626708984,45.61698532104492,9149200,MO
2024-08-26,52.5099983215332,53.08000183105469,52.45000076293945,52.709999084472656,45.85185623168945,8068300,MO
2024-08-27,52.90999984741211,53.029998779296875,52.619998931884766,53.0099983215332,46.11281967163086,4705300,MO
2024-08-28,53.150001525878906,53.529998779296875,52.9900016784668,53.220001220703125,46.29549789428711,6794400,MO
2024-08-29,53.310001373291016,53.470001220703125,53.09000015258789,53.36000061035156,46.41728591918945,5265000,MO
2024-08-30,53.45000076293945,53.81999969482422,53.25,53.77000045776367,46.77393341064453,8010100,MO
2024-09-03,53.779998779296875,54.47999954223633,53.7400016784668,54.06999969482422,47.03490447998047,10688000,MO
2024-09-04,54.2400016784668,54.7599983215332,54.18000030517578,54.709999084472656,47.59163284301758,7810600,MO
2024-09-05,54.880001068115234,54.95000076293945,54.20000076293945,54.27000045776367,47.20888137817383,8077400,MO
2024-09-06,54.27000045776367,54.540000915527344,53.560001373291016,53.689998626708984,46.704345703125,8207700,MO
2024-09-09,53.70000076293945,54.20000076293945,53.599998474121094,54.130001068115234,47.087100982666016,8154000,MO
2024-09-10,54.11000061035156,54.290000915527344,53.84000015258789,54.08000183105469,47.04360580444336,6122500,MO
2024-09-11,53.959999084472656,53.959999084472656,52.529998779296875,53.16999816894531,46.25200271606445,7794700,MO
2024-09-12,53.0099983215332,53.220001220703125,52.52000045776367,52.63999938964844,45.79096221923828,7320800,MO
2024-09-13,52.79999923706055,52.970001220703125,52.58000183105469,52.959999084472656,46.06932830810547,7963200,MO
2024-09-16,52.040000915527344,52.29999923706055,51.619998931884766,51.70000076293945,45.8564567565918,11012200,MO
2024-09-17,51.470001220703125,51.59000015258789,50.43000030517578,50.5,44.79208755493164,10897500,MO
2024-09-18,50.5,51.04999923706055,50.380001068115234,50.630001068115234,44.90739822387695,7778400,MO
2024-09-19,50.619998931884766,50.7400016784668,50.06999969482422,50.22999954223633,44.55260467529297,10464400,MO
2024-09-20,50.25,50.400001525878906,49.91999816894531,50.38999938964844,44.694522857666016,22650500,MO
2024-09-23,50.400001525878906,51.20000076293945,50.29999923706055,51.02000045776367,45.25331115722656,10945000,MO
2024-09-24,50.790000915527344,51.380001068115234,50.63999938964844,51.189998626708984,45.40409851074219,7712700,MO
2024-09-25,51.439998626708984,51.470001220703125,50.93000030517578,51.040000915527344,45.27105712890625,7148000,MO
2024-09-26,50.790000915527344,51.439998626708984,50.72999954223633,51.09000015258789,45.31540298461914,6264500,MO
2024-09-27,51.20000076293945,51.369998931884766,51.0099983215332,51.04999923706055,45.27992630004883,4602400,MO
2024-09-30,51.16999816894531,51.36000061035156,50.560001373291016,51.040000915527344,45.27105712890625,10017000,MO
2024-10-01,51.060001373291016,51.33000183105469,50.77000045776367,50.93000030517578,45.17348098754883,7243900,MO
2024-10-02,50.900001525878906,50.93000030517578,50.36000061035156,50.59000015258789,44.871917724609375,7721700,MO
2024-10-03,50.5,50.5099983215332,49.68000030517578,49.97999954223633,44.33086013793945,6877600,MO
2024-10-04,49.70000076293945,50.119998931884766,49.599998474121094,50.099998474121094,44.437294006347656,7409500,MO
2024-10-07,50.099998474121094,50.13999938964844,49.689998626708984,49.91999816894531,44.277645111083984,6276400,MO
2024-10-08,49.97999954223633,50.150001525878906,49.459999084472656,49.54999923706055,43.949462890625,5272000,MO
2024-10-09,49.65999984741211,50.34000015258789,49.61000061035156,50.22999954223633,44.55260467529297,7375700,MO
2024-10-10,50.4900016784668,50.75,49.56999969482422,49.68000030517578,44.06476974487305,8847900,MO
2024-10-11,49.900001525878906,49.9900016784668,49.560001373291016,49.84000015258789,44.20668411254883,4542800,MO
2024-10-14,49.75,49.88999938964844,49.33000183105469,49.86000061035156,44.224422454833984,5696300,MO
2024-10-15,50.0,50.34000015258789,49.72999954223633,49.900001525878906,44.25990295410156,5140800,MO
2024-10-16,49.970001220703125,50.380001068115234,49.869998931884766,50.15999984741211,44.49051284790039,4928700,MO
2024-10-17,50.08000183105469,50.310001373291016,49.68000030517578,49.7400016784668,44.11798858642578,6263900,MO
2024-10-18,49.68000030517578,49.720001220703125,48.86000061035156,49.61000061035156,44.00267791748047,7148400,MO
2024-10-21,49.619998931884766,49.689998626708984,48.97999954223633,49.060001373291016,43.51485061645508,5011500,MO
2024-10-22,49.439998626708984,50.119998931884766,49.15999984741211,50.060001373291016,44.401817321777344,6087300,MO
2024-10-23,50.0,50.04999923706055,49.599998474121094,49.79999923706055,44.171207427978516,5520300,MO
2024-10-24,49.88999938964844,50.15999984741211,49.68000030517578,49.939998626708984,44.295379638671875,4282100,MO
2024-10-25,49.9900016784668,50.11000061035156,49.59000015258789,49.709999084472656,44.09138488769531,5325500,MO
2024-10-28,49.75,50.380001068115234,49.72999954223633,50.25,44.57034683227539,6314700,MO
2024-10-29,50.02000045776367,50.43000030517578,49.95000076293945,49.95000076293945,44.30424880981445,8017300,MO
2024-10-30,49.900001525878906,50.66999816894531,49.880001068115234,50.5,44.79208755493164,11067500,MO
2024-10-31,51.380001068115234,54.84000015258789,51.34000015258789,54.459999084472656,48.304500579833984,25560600,MO
2024-11-01,54.459999084472656,54.599998474121094,53.7400016784668,53.869998931884766,47.781185150146484,10986200,MO
2024-11-04,53.93000030517578,54.04999923706055,53.56999969482422,53.880001068115234,47.79005432128906,7831900,MO
2024-11-05,53.79999923706055,54.29999923706055,53.59000015258789,54.189998626708984,48.06501388549805,5864100,MO
2024-11-06,54.58000183105469,55.04999923706055,54.08000183105469,54.290000915527344,48.153709411621094,8953100,MO
2024-11-07,54.33000183105469,54.459999084472656,53.43000030517578,53.540000915527344,47.488487243652344,6368000,MO
2024-11-08,53.540000915527344,54.27000045776367,53.5,54.04999923706055,47.94083786010742,5712300,MO
2024-11-11,54.11000061035156,54.790000915527344,53.81999969482422,53.93000030517578,47.83440017700195,5610400,MO
2024-11-12,54.06999969482422,54.720001220703125,53.779998779296875,54.439998626708984,48.2867546081543,8101200,MO
2024-11-13,54.720001220703125,55.400001525878906,54.400001525878906,55.25,49.00520324707031,7233700,MO
2024-11-14,54.79999923706055,55.619998931884766,54.5,55.38999938964844,49.1293830871582,6815200,MO
2024-11-15,55.54999923706055,56.31999969482422,55.529998779296875,55.93000030517578,49.60834884643555,8201700,MO
2024-11-18,56.029998779296875,56.54999923706055,55.97999954223633,56.34000015258789,49.97200012207031,8718100,MO
2024-11-19,56.290000915527344,56.4900016784668,55.83000183105469,55.86000061035156,49.5462532043457,6915800,MO
2024-11-20,55.97999954223633,56.06999969482422,55.40999984741211,55.97999954223633,49.6526985168457,5716300,MO
2024-11-21,55.9900016784668,56.47999954223633,55.720001220703125,56.029998779296875,49.697044372558594,5333600,MO
2024-11-22,56.25,56.84000015258789,56.2400016784668,56.72999954223633,50.31792068481445,6617600,MO
2024-11-25,56.91999816894531,57.20000076293945,56.400001525878906,56.75,50.33565902709961,13567700,MO
2024-11-26,56.869998931884766,57.599998474121094,56.77000045776367,57.59000015258789,51.08072280883789,7787200,MO
2024-11-27,57.59000015258789,58.040000915527344,57.45000076293945,57.650001525878906,51.13393020629883,5723700,MO
2024-11-29,57.540000915527344,57.75,57.209999084472656,57.7400016784668,51.213768005371094,3635500,MO
2024-12-02,57.619998931884766,57.65999984741211,56.95000076293945,57.18000030517578,50.71706008911133,5625300,MO
2024-12-03,57.25,57.34000015258789,56.83000183105469,56.900001525878906,50.46871566772461,8734800,MO
2024-12-04,56.61000061035156,56.83000183105469,56.29999923706055,56.45000076293945,50.06957244873047,8579800,MO
2024-12-05,56.650001525878906,57.369998931884766,56.599998474121094,56.90999984741211,50.477577209472656,5398600,MO
2024-12-06,57.630001068115234,58.0099983215332,57.0099983215332,57.31999969482422,50.84123992919922,5733000,MO
2024-12-09,57.38999938964844,57.38999938964844,55.33000183105469,55.86000061035156,49.5462532043457,8641400,MO
2024-12-10,55.70000076293945,56.130001068115234,55.40999984741211,55.4900016784668,49.218074798583984,8319900,MO
2024-12-11,55.689998626708984,56.0,54.61000061035156,54.689998626708984,48.50849914550781,9363800,MO
2024-12-12,54.900001525878906,55.060001373291016,54.52000045776367,54.9900016784668,48.77458953857422,6278700,MO
2024-12-13,54.849998474121094,55.18000030517578,54.54999923706055,54.91999816894531,48.71250534057617,6532800,MO
2024-12-16,55.099998474121094,55.189998626708984,54.65999984741211,54.70000076293945,48.51736831665039,6723300,MO
2024-12-17,54.59000015258789,54.689998626708984,53.95000076293945,54.130001068115234,48.01179504394531,10125500,MO
2024-12-18,54.02000045776367,54.16999816894531,53.209999084472656,53.25,47.231266021728516,10619400,MO
2024-12-19,53.43000030517578,53.779998779296875,52.97999954223633,52.9900016784668,47.000648498535156,10822300,MO
2024-12-20,52.91999816894531,53.880001068115234,52.849998474121094,53.84000015258789,47.754573822021484,27063800,MO
2024-12-23,53.84000015258789,53.849998474121094,52.95000076293945,53.58000183105469,47.52396774291992,7199600,MO
2024-12-24,53.619998931884766,53.63999938964844,53.38999938964844,53.470001220703125,47.4263916015625,5406800,MO
2024-12-26,52.279998779296875,52.779998779296875,51.959999084472656,52.599998474121094,47.5620231628418,5230800,MO
2024-12-27,52.34000015258789,52.849998474121094,52.099998474121094,52.380001068115234,47.363101959228516,6425500,MO
2024-12-30,52.2400016784668,52.33000183105469,51.630001068115234,52.08000183105469,47.09183120727539,5409900,MO
2024-12-31,52.209999084472656,52.36000061035156,51.84000015258789,52.290000915527344,47.28171920776367,4708900,MO
2025-01-02,52.459999084472656,52.97999954223633,52.380001068115234,52.5099983215332,47.480648040771484,5472800,MO
2025-01-03,52.83000183105469,53.18000030517578,52.599998474121094,53.13999938964844,48.05030822753906,5604800,MO
2025-01-06,53.060001373291016,53.18000030517578,51.970001220703125,52.09000015258789,47.10087966918945,6242400,MO
2025-01-07,52.290000915527344,52.41999816894531,51.439998626708984,51.459999084472656,46.53121566772461,5365700,MO
2025-01-08,51.400001525878906,51.52000045776367,50.95000076293945,51.4900016784668,46.55834197998047,6487200,MO
2025-01-10,51.150001525878906,51.7400016784668,50.54999923706055,50.869998931884766,45.99772262573242,12003200,MO
2025-01-13,51.060001373291016,51.130001068115234,50.650001525878906,50.849998474121094,45.979637145996094,5816200,MO
2025-01-14,50.959999084472656,51.43000030517578,50.79999923706055,51.36000061035156,46.440792083740234,6391500,MO
2025-01-15,50.849998474121094,51.540000915527344,50.81999969482422,51.040000915527344,46.15144729614258,7026100,MO
2025-01-16,50.900001525878906,51.540000915527344,50.720001220703125,51.15999984741211,46.259944915771484,5969600,MO
2025-01-17,51.08000183105469,52.0099983215332,50.959999084472656,51.86000061035156,46.892906188964844,6532500,MO
2025-01-21,52.02000045776367,52.18000030517578,51.13999938964844,51.470001220703125,46.540260314941406,8195400,MO
2025-01-22,51.33000183105469,51.540000915527344,50.61000061035156,50.810001373291016,45.94347381591797,7840300,MO
2025-01-23,50.810001373291016,51.38999938964844,50.77000045776367,51.209999084472656,46.30515670776367,6539800,MO
2025-01-24,51.25,52.16999816894531,51.20000076293945,52.04999923706055,47.064697265625,8030400,MO
2025-01-27,52.41999816894531,53.810001373291016,52.41999816894531,53.45000076293945,48.33061599731445,9771200,MO
2025-01-28,53.38999938964844,53.56999969482422,52.16999816894531,52.599998474121094,47.5620231628418,10642000,MO
2025-01-29,52.79999923706055,53.11000061035156,52.540000915527344,52.65999984741211,47.616275787353516,8537600,MO
2025-01-30,51.02000045776367,51.650001525878906,50.08000183105469,51.540000915527344,46.603553771972656,16528200,MO
2025-01-31,51.29999923706055,52.459999084472656,51.29999923706055,52.22999954223633,47.22746276855469,9548400,MO
2025-02-03,52.0,52.939998626708984,51.849998474121094,52.849998474121094,47.788082122802734,8428500,MO
2025-02-04,52.90999984741211,53.0,52.0099983215332,52.619998931884766,47.58011245727539,6876300,MO
2025-02-05,52.90999984741211,52.91999816894531,52.40999984741211,52.58000183105469,47.543941497802734,5166500,MO
2025-02-06,53.380001068115234,53.5,52.369998931884766,52.63999938964844,47.59819412231445,6968100,MO
2025-02-07,52.77000045776367,53.060001373291016,52.43000030517578,52.65999984741211,47.616275787353516,5531100,MO
2025-02-10,52.720001220703125,53.869998931884766,52.720001220703125,53.84000015258789,48.68326187133789,5778600,MO
2025-02-11,53.849998474121094,53.939998626708984,53.310001373291016,53.849998474121094,48.69230270385742,5172700,MO
2025-02-12,53.5099983215332,53.880001068115234,53.18000030517578,53.34000015258789,48.23114776611328,4829400,MO
2025-02-13,53.33000183105469,53.72999954223633,52.400001525878906,53.619998931884766,48.48433303833008,6379300,MO
2025-02-14,53.56999969482422,53.849998474121094,53.279998779296875,53.290000915527344,48.18593978881836,4564900,MO
2025-02-18,53.290000915527344,53.29999923706055,52.529998779296875,52.75,47.69766616821289,8266700,MO
2025-02-19,53.040000915527344,53.75,52.459999084472656,53.34000015258789,48.23114776611328,6780700,MO
2025-02-20,53.04999923706055,54.40999984741211,53.0,54.33000183105469,49.12633514404297,6734300,MO
2025-02-21,54.33000183105469,55.290000915527344,54.310001373291016,55.04999923706055,49.777366638183594,8820200,MO
2025-02-24,55.16999816894531,55.72999954223633,54.810001373291016,55.25,49.95820999145508,11373000,MO
2025-02-25,55.36000061035156,56.59000015258789,55.36000061035156,56.0,50.63637924194336,12158600,MO
2025-02-26,55.77000045776367,56.06999969482422,54.66999816894531,54.849998474121094,49.59652328491211,7723300,MO
2025-02-27,54.75,55.29999923706055,54.56999969482422,55.08000183105469,49.80449676513672,6354200,MO
2025-02-28,55.54999923706055,56.09000015258789,55.27000045776367,55.849998474121094,50.50074768066406,9822200,MO
2025-03-03,55.79999923706055,57.4900016784668,55.790000915527344,57.310001373291016,51.82090759277344,10433800,MO
2025-03-04,57.81999969482422,58.59000015258789,56.2599983215332,56.29999923706055,50.90764236450195,16801900,MO
2025-03-05,56.150001525878906,56.599998474121094,55.790000915527344,55.95000076293945,50.59117126464844,7413200,MO
2025-03-06,56.099998474121094,57.220001220703125,55.529998779296875,57.0099983215332,51.54963684082031,9487700,MO
2025-03-07,56.849998474121094,58.54999923706055,56.79999923706055,57.790000915527344,52.25493621826172,12645200,MO
2025-03-10,58.0,59.66999816894531,57.9900016784668,58.9900016784668,53.34000015258789,16149900,MO
2025-03-11,58.79999923706055,58.900001525878906,57.869998931884766,58.150001525878906,52.58045196533203,12040100,MO
2025-03-12,57.86000061035156,58.06999969482422,57.310001373291016,57.810001373291016,52.27301788330078,8390400,MO
2025-03-13,58.119998931884766,58.869998931884766,58.0099983215332,58.54999923706055,52.942142486572266,8911700,MO
2025-03-14,58.150001525878906,59.11000061035156,58.150001525878906,58.90999984741211,53.26765823364258,8370800,MO
2025-03-17,59.08000183105469,59.31999969482422,58.70000076293945,58.900001525878906,53.25861740112305,8567800,MO
2025-03-18,58.900001525878906,59.25,58.29999923706055,58.34000015258789,52.75225830078125,8524400,MO
2025-03-19,58.279998779296875,58.400001525878906,57.59000015258789,57.95000076293945,52.39961624145508,8505000,MO
2025-03-20,57.97999954223633,58.209999084472656,57.75,58.09000015258789,52.52620315551758,7209400,MO
2025-03-21,58.130001068115234,58.130001068115234,57.06999969482422,57.599998474121094,52.0831298828125,33837100,MO
2025-03-24,57.56999969482422,57.869998931884766,57.38999938964844,57.650001525878906,52.12833786010742,11954800,MO
2025-03-25,56.5,56.790000915527344,56.22999954223633,56.709999084472656,52.20198059082031,10378300,MO
2025-03-26,56.68000030517578,57.93000030517578,56.68000030517578,57.75,53.15930938720703,9357600,MO
2025-03-27,57.86000061035156,58.47999954223633,57.86000061035156,58.29999923706055,53.665592193603516,8520100,MO
2025-03-28,58.5,58.560001373291016,57.7599983215332,58.150001525878906,53.52751541137695,10396600,MO
2025-03-31,58.45000076293945,60.18000030517578,58.45000076293945,60.02000045776367,55.24886703491211,17337300,MO
2025-04-01,59.90999984741211,60.099998474121094,58.5,58.790000915527344,54.11663818359375,19150200,MO
2025-04-02,58.779998779296875,58.91999816894531,55.709999084472656,57.119998931884766,52.57938766479492,20161000,MO
2025-04-03,58.0,59.2400016784668,57.77000045776367,57.88999938964844,53.288185119628906,14319800,MO
2025-04-04,57.650001525878906,58.83000183105469,55.810001373291016,56.06999969482422,51.612857818603516,16333000,MO
2025-04-07,53.0,56.16999816894531,52.81999969482422,55.65999984741211,51.23545455932617,16833100,MO
2025-04-08,56.439998626708984,56.970001220703125,55.08000183105469,55.560001373291016,51.14340591430664,12315600,MO
2025-04-09,55.0099983215332,57.150001525878906,54.939998626708984,56.36000061035156,51.87980651855469,15940600,MO
2025-04-10,56.529998779296875,56.77000045776367,55.5099983215332,56.380001068115234,51.898216247558594,13148000,MO
2025-04-11,56.560001373291016,56.939998626708984,55.93000030517578,56.650001525878906,52.14675521850586,9760300,MO
2025-04-14,56.790000915527344,57.5099983215332,56.43000030517578,57.130001068115234,52.588600158691406,9782600,MO
2025-04-15,57.650001525878906,57.900001525878906,57.16999816894531,57.52000045776367,52.94759750366211,6384000,MO
2025-04-16,57.9900016784668,58.189998626708984,57.060001373291016,57.27000045776367,52.717472076416016,8526100,MO
2025-04-17,57.47999954223633,58.52000045776367,57.439998626708984,58.15999984741211,53.536720275878906,8765700,MO
2025-04-21,58.29999923706055,58.45000076293945,57.02000045776367,57.630001068115234,53.048851013183594,6727900,MO
2025-04-22,57.79999923706055,59.0,57.779998779296875,58.81999969482422,54.144256591796875,9475200,MO
2025-04-23,58.529998779296875,58.93000030517578,57.95000076293945,58.560001373291016,53.90492248535156,8942500,MO
2025-04-24,58.4900016784668,58.779998779296875,58.22999954223633,58.709999084472656,54.042999267578125,6053700,MO
2025-04-25,58.75,58.93000030517578,57.95000076293945,58.2599983215332,53.6287727355957,5680300,MO
2025-04-28,58.25,58.779998779296875,57.869998931884766,58.189998626708984,53.564334869384766,8849800,MO
2025-04-29,57.0,59.439998626708984,56.810001373291016,58.77000045776367,54.09823226928711,12724200,MO
2025-04-30,59.119998931884766,59.65999984741211,58.58000183105469,59.150001525878906,54.44802474975586,13422300,MO
2025-05-01,58.91999816894531,59.560001373291016,58.61000061035156,59.310001373291016,54.595306396484375,9436800,MO
2025-05-02,59.36000061035156,59.720001220703125,59.04999923706055,59.61000061035156,54.871456146240234,7027500,MO
2025-05-05,59.7599983215332,60.04999923706055,59.119998931884766,59.869998931884766,55.11078643798828,6656000,MO
2025-05-06,59.91999816894531,60.619998931884766,59.849998474121094,60.47999954223633,55.67229461669922,6527400,MO
2025-05-07,60.529998779296875,61.2599983215332,60.369998931884766,60.90999984741211,56.068119049072266,9189200,MO
2025-05-08,60.47999954223633,60.97999954223633,60.09000015258789,60.400001525878906,55.598655700683594,7904400,MO
2025-05-09,60.119998931884766,60.15999984741211,59.36000061035156,59.43000030517578,54.70576477050781,5747300,MO
2025-05-12,58.27000045776367,58.27000045776367,56.52000045776367,56.95000076293945,52.42290496826172,16278600,MO
2025-05-13,56.95000076293945,56.970001220703125,56.310001373291016,56.470001220703125,51.98106384277344,11410600,MO
2025-05-14,56.349998474121094,56.72999954223633,56.060001373291016,56.33000183105469,51.85219192504883,9070600,MO
2025-05-15,56.650001525878906,58.349998474121094,56.630001068115234,58.060001373291016,53.444671630859375,8851100,MO
2025-05-16,58.20000076293945,58.95000076293945,58.08000183105469,58.88999938964844,54.20868682861328,5927700,MO
2025-05-19,59.04999923706055,59.47999954223633,58.790000915527344,59.470001220703125,54.742584228515625,6318300,MO
2025-05-20,59.400001525878906,60.09000015258789,59.400001525878906,59.900001525878906,55.138397216796875,5819900,MO
2025-05-21,59.900001525878906,59.95000076293945,59.380001068115234,59.45000076293945,54.724178314208984,7614300,MO
2025-05-22,59.400001525878906,59.59000015258789,58.7400016784668,59.29999923706055,54.586097717285156,5789200,MO
2025-05-23,59.630001068115234,59.810001373291016,59.2599983215332,59.7400016784668,54.99112319946289,4863100,MO
2025-05-27,59.72999954223633,59.779998779296875,59.13999938964844,59.619998931884766,54.88066101074219,5216200,MO
2025-05-28,59.599998474121094,59.72999954223633,59.34000015258789,59.47999954223633,54.75178909301758,4767100,MO
2025-05-29,59.189998626708984,59.560001373291016,58.88999938964844,59.47999954223633,54.75178909301758,5321400,MO
2025-05-30,59.52000045776367,60.619998931884766,59.5,60.61000061035156,55.79196548461914,12772800,MO
2025-06-02,60.36000061035156,60.63999938964844,60.150001525878906,60.630001068115234,55.81037521362305,6413400,MO
2025-06-03,60.54999923706055,60.880001068115234,59.83000183105469,60.369998931884766,55.571041107177734,6785200,MO
2025-06-04,60.349998474121094,60.40999984741211,59.18000030517578,59.310001373291016,54.595306396484375,7602600,MO
2025-06-05,59.41999816894531,59.61000061035156,58.93000030517578,59.38999938964844,54.6689453125,9055200,MO
2025-06-06,59.349998474121094,59.65999984741211,59.22999954223633,59.2400016784668,54.53086853027344,4858300,MO
2025-06-09,59.15999984741211,59.34000015258789,58.90999984741211,59.06999969482422,54.37438201904297,6357500,MO
2025-06-10,59.08000183105469,59.25,58.400001525878906,58.560001373291016,53.90492248535156,8697200,MO
2025-06-11,58.560001373291016,59.95000076293945,58.540000915527344,59.90999984741211,55.14760971069336,9052300,MO
2025-06-12,60.11000061035156,60.13999938964844,59.20000076293945,59.91999816894531,55.15681076049805,10489400,MO
2025-06-13,60.20000076293945,60.5,59.54999923706055,59.810001373291016,55.05556106567383,10174000,MO
2025-06-16,58.619998931884766,59.33000183105469,58.16999816894531,58.79999923706055,55.06492233276367,10536900,MO
2025-06-17,58.810001373291016,59.380001068115234,58.40999984741211,58.9900016784668,55.242855072021484,7222400,MO
2025-06-18,58.93000030517578,59.790000915527344,58.93000030517578,59.4900016784668,55.71109390258789,8262900,MO
2025-06-20,59.33000183105469,59.75,59.189998626708984,59.75,55.9545783996582,23289800,MO
2025-06-23,59.75,60.630001068115234,59.70000076293945,60.4900016784668,56.64757537841797,8956900,MO
2025-06-24,60.43000030517578,60.45000076293945,59.900001525878906,59.90999984741211,56.10441589355469,5767100,MO
2025-06-25,59.709999084472656,59.810001373291016,58.93000030517578,58.939998626708984,55.19602966308594,7040700,MO
2025-06-26,59.040000915527344,59.47999954223633,58.650001525878906,58.790000915527344,55.05555725097656,6974700,MO
2025-06-27,58.650001525878906,58.849998474121094,58.2400016784668,58.75,55.01810073852539,11502900,MO
2025-06-30,58.720001220703125,58.790000915527344,58.2599983215332,58.630001068115234,54.905723571777344,9462300,MO
2025-07-01,58.91999816894531,59.290000915527344,58.040000915527344,58.13999938964844,54.44684600830078,7656800,MO
2025-07-02,58.529998779296875,59.22999954223633,58.25,59.16999816894531,55.41142272949219,9264200,MO
2025-07-03,59.06999969482422,59.650001525878906,59.029998779296875,59.650001525878906,55.860931396484375,4776100,MO
2025-07-07,59.619998931884766,60.36000061035156,59.59000015258789,60.25,56.422813415527344,7376500,MO
2025-07-08,60.0,60.279998779296875,59.22999954223633,59.540000915527344,55.75791549682617,7939200,MO
2025-07-09,59.41999816894531,59.4900016784668,56.86000061035156,57.75,54.08161926269531,22224800,MO
2025-07-10,57.720001220703125,58.66999816894531,57.5,58.54999923706055,54.83080291748047,14342400,MO
2025-07-11,58.439998626708984,58.439998626708984,57.599998474121094,57.79999923706055,54.12844467163086,9431100,MO
2025-07-14,58.0,58.33000183105469,57.529998779296875,58.130001068115234,54.43748474121094,8320700,MO
2025-07-15,57.79999923706055,58.619998931884766,57.75,58.47999954223633,54.76525115966797,7739800,MO
2025-07-16,58.470001220703125,58.970001220703125,58.349998474121094,58.86000061035156,55.12111282348633,7054300,MO
2025-07-17,58.70000076293945,59.560001373291016,57.5,57.97999954223633,54.2970085144043,12501400,MO
2025-07-18,57.97999954223633,58.34000015258789,57.77000045776367,58.02000045776367,54.334468841552734,5688800,MO
2025-07-21,57.900001525878906,59.11000061035156,57.900001525878906,58.91999816894531,55.17729949951172,6946800,MO
2025-07-22,58.54999923706055,59.529998779296875,58.150001525878906,59.439998626708984,55.664268493652344,9649500,MO
2025-07-23,59.16999816894531,59.86000061035156,58.9900016784668,59.77000045776367,55.973304748535156,7172200,MO
2025-07-24,59.720001220703125,59.81999969482422,59.310001373291016,59.61000061035156,55.82347106933594,6933900,MO
2025-07-25,59.560001373291016,59.93000030517578,59.47999954223633,59.84000015258789,56.03886413574219,6368800,MO
2025-07-28,59.75,59.83000183105469,58.599998474121094,58.720001220703125,54.99000549316406,7419900,MO
2025-07-29,58.52000045776367,59.68000030517578,58.43000030517578,59.36000061035156,55.589351654052734,11825600,MO
2025-07-30,59.869998931884766,62.209999084472656,59.810001373291016,61.5,57.59341812133789,20487500,MO
2025-07-31,61.209999084472656,62.31999969482422,60.90999984741211,61.939998626708984,58.005462646484375,10623100,MO
2025-08-01,62.15999984741211,62.650001525878906,61.689998626708984,61.779998779296875,57.855628967285156,9689400,MO
2025-08-04,61.7599983215332,62.470001220703125,61.7599983215332,61.939998626708984,58.005462646484375,6384500,MO
2025-08-05,61.9900016784668,62.630001068115234,61.970001220703125,62.52000045776367,58.548622131347656,5889500,MO
2025-08-06,62.84000015258789,63.7599983215332,62.529998779296875,63.150001525878906,59.13860321044922,6482800,MO
2025-08-07,63.0,63.619998931884766,62.7400016784668,63.54999923706055,59.51319122314453,5124400,MO
2025-08-08,63.560001373291016,64.3499984741211,63.54999923706055,64.19000244140625,60.11254119873047,5434900,MO
2025-08-11,64.4000015258789,65.94999694824219,64.30999755859375,65.66999816894531,61.49852752685547,10650500,MO
2025-08-12,65.73999786376953,66.29000091552734,65.51000213623047,66.01000213623047,61.816932678222656,8848600,MO
2025-08-13,65.97000122070312,66.16000366210938,65.02999877929688,65.5,61.339324951171875,7508200,MO
2025-08-14,65.51000213623047,65.91999816894531,65.36000061035156,65.55000305175781,61.38615798950195,10791100,MO
2025-08-15,65.6500015258789,66.18000030517578,65.2300033569336,65.81999969482422,61.63900375366211,10137000,MO
2025-08-18,65.94999694824219,66.5999984741211,65.88999938964844,65.98999786376953,61.79820251464844,7371700,MO
2025-08-19,66.0,66.58999633789062,65.75,66.55999755859375,62.33199691772461,6482700,MO
2025-08-20,66.80000305175781,67.87000274658203,66.5999984741211,67.58000183105469,63.287200927734375,8893100,MO
2025-08-21,67.58999633789062,67.80000305175781,67.22000122070312,67.68000030517578,63.380855560302734,5963200,MO
2025-08-22,68.01000213623047,68.5999984741211,67.33000183105469,67.66999816894531,63.371482849121094,9603300,MO
2025-08-25,67.5,67.70999908447266,66.97000122070312,67.05000305175781,62.790870666503906,5706800,MO
2025-08-26,67.0199966430664,67.0199966430664,66.2300033569336,66.44999694824219,62.228981018066406,8535600,MO
2025-08-27,66.45999908447266,66.63999938964844,66.11000061035156,66.41000366210938,62.1915283203125,4973500,MO
2025-08-28,66.37000274658203,66.51000213623047,65.62000274658203,66.41999816894531,62.20088195800781,5807700,MO
2025-08-29,66.55000305175781,67.25,66.45999908447266,67.20999908447266,62.94070816040039,5930600,MO
2025-09-02,67.38999938964844,67.54000091552734,66.66000366210938,67.12999725341797,62.86578369140625,6919700,MO
2025-09-03,66.9000015258789,67.12999725341797,66.04000091552734,66.62999725341797,62.39754867553711,6722300,MO
2025-09-04,66.81999969482422,67.41000366210938,66.25,66.58999633789062,62.360084533691406,6388600,MO
2025-09-05,66.5,66.83000183105469,66.19000244140625,66.55000305175781,62.3226318359375,5935900,MO
2025-09-08,66.48999786376953,66.86000061035156,65.47000122070312,65.7699966430664,61.59217071533203,10316600,MO
2025-09-09,65.69999694824219,66.30000305175781,65.04000091552734,66.19000244140625,61.985496520996094,6918500,MO
2025-09-10,66.16999816894531,66.5199966430664,65.87000274658203,66.2300033569336,62.02295684814453,6677300,MO
2025-09-11,66.27999877929688,66.62999725341797,65.98999786376953,66.36000061035156,62.14469909667969,10022800,MO
2025-09-12,66.30999755859375,66.7300033569336,65.91999816894531,66.6500015258789,62.41627883911133,7975900,MO
2025-09-15,65.30000305175781,65.58000183105469,64.79000091552734,64.88999938964844,61.75014877319336,9129700,MO
2025-09-16,64.77999877929688,64.98999786376953,64.08999633789062,64.80999755859375,61.67401885986328,9536300,MO
2025-09-17,65.18000030517578,65.5999984741211,64.93000030517578,65.51000213623047,62.34014892578125,7261100,MO
2025-09-18,65.0,65.0,63.939998626708984,63.939998626708984,60.84611511230469,10329700,MO
2025-09-19,64.05000305175781,64.97000122070312,63.869998931884766,64.88999938964844,61.75014877319336,22705100,MO
2025-09-22,64.80000305175781,64.8499984741211,63.40999984741211,63.790000915527344,60.703372955322266,7628300,MO
2025-09-23,63.77000045776367,64.87999725341797,63.63999938964844,64.87000274658203,61.731117248535156,7417400,MO
2025-09-24,64.72000122070312,65.37000274658203,64.54000091552734,65.12999725341797,61.97853088378906,6838200,MO
2025-09-25,65.75,65.98999786376953,65.05999755859375,65.19000244140625,62.03563690185547,5747900,MO
2025-09-26,65.3499984741211,65.81999969482422,65.13999938964844,65.70999908447266,62.53046798706055,5513800,MO
2025-09-29,65.5,65.69000244140625,65.05999755859375,65.66999816894531,62.492408752441406,6867400,MO
2025-09-30,65.69000244140625,66.18000030517578,65.36000061035156,66.05999755859375,62.863529205322266,7797300,MO
2025-10-01,66.16000366210938,66.33999633789062,65.7699966430664,66.29000091552734,63.082401275634766,8514600,MO
2025-10-02,66.18000030517578,66.62000274658203,65.5,65.75,62.56853485107422,6043300,MO
2025-10-03,65.66999816894531,66.23999786376953,65.19000244140625,65.7300033569336,62.54950714111328,7028800,MO
2025-10-06,65.13999938964844,65.5,64.77999877929688,65.37000274658203,62.20692443847656,7768400,MO
2025-10-07,65.48999786376953,66.6500015258789,65.44999694824219,66.6500015258789,63.424983978271484,8825500,MO
2025-10-08,66.61000061035156,66.72000122070312,65.2300033569336,65.41999816894531,62.25450134277344,10933700,MO
2025-10-09,65.55000305175781,65.9800033569336,65.30000305175781,65.72000122070312,62.53998947143555,6965100,MO
2025-10-10,66.0999984741211,67.12000274658203,65.69000244140625,66.54000091552734,63.32030487060547,11649600,MO
2025-10-13,65.87000274658203,66.25,64.68000030517578,64.94999694824219,61.80724334716797,8089700,MO
2025-10-14,65.0,65.87000274658203,64.83000183105469,65.4000015258789,62.235469818115234,6584800,MO
2025-10-15,65.2300033569336,65.68000030517578,64.80000305175781,64.87000274658203,61.731117248535156,6790100,MO
2025-10-16,64.8499984741211,64.95999908447266,64.0999984741211,64.26000213623047,61.150634765625,6458100,MO
2025-10-17,64.72000122070312,65.06999969482422,64.27999877929688,65.05000305175781,61.902408599853516,6389600,MO
2025-10-20,65.0999984741211,65.19999694824219,64.12000274658203,64.4000015258789,61.28385925292969,6209000,MO
2025-10-21,64.44999694824219,64.58999633789062,62.95000076293945,63.75,60.66530990600586,9162400,MO
2025-10-22,64.0999984741211,64.54000091552734,63.779998779296875,64.43000030517578,61.31240463256836,6025900,MO
2025-10-23,64.66000366210938,64.83000183105469,64.19999694824219,64.56999969482422,61.44563293457031,5163200,MO
2025-10-24,64.54000091552734,64.97000122070312,64.54000091552734,64.66999816894531,61.540794372558594,4489700,MO
2025-10-27,64.41999816894531,64.41999816894531,63.59000015258789,63.7400016784668,60.65579605102539,7713000,MO
2025-10-28,63.70000076293945,63.97999954223633,63.209999084472656,63.279998779296875,60.21805191040039,6000600,MO
2025-10-29,63.02000045776367,63.38999938964844,61.900001525878906,61.970001220703125,58.971439361572266,10276100,MO
2025-10-30,59.16999816894531,59.5,56.5,57.130001068115234,54.365631103515625,24613800,MO
2025-10-31,57.15999984741211,58.08000183105469,56.33000183105469,56.380001068115234,53.65192794799805,15679900,MO
2025-11-03,56.41999816894531,57.0,56.18000030517578,56.66999816894531,53.92789077758789,12745000,MO
2025-11-04,57.09000015258789,57.380001068115234,56.41999816894531,57.310001373291016,54.53692626953125,9866000,MO
2025-11-05,57.599998474121094,58.16999816894531,56.88999938964844,57.15999984741211,54.39418029785156,8448400,MO
2025-11-06,57.04999923706055,57.72999954223633,56.79999923706055,57.27000045776367,54.498863220214844,7864600,MO
2025-11-07,57.59000015258789,58.130001068115234,57.150001525878906,58.029998779296875,55.22208023071289,8937400,MO
2025-11-10,57.849998474121094,57.900001525878906,57.2599983215332,57.54999923706055,54.76530838012695,7814300,MO
2025-11-11,57.79999923706055,58.7400016784668,57.77000045776367,58.40999984741211,55.58369827270508,6974800,MO
2025-11-12,58.400001525878906,58.79999923706055,58.029998779296875,58.04999923706055,55.24111557006836,8902000,MO
2025-11-13,58.20000076293945,58.279998779296875,57.540000915527344,57.810001373291016,55.01272964477539,7925200,MO
2025-11-14,58.0,58.29999923706055,57.369998931884766,58.189998626708984,55.37434387207031,7788000,MO
2025-11-17,58.2400016784668,58.4900016784668,57.91999816894531,58.130001068115234,55.31724548339844,9692500,MO
2025-11-18,58.5,59.27000045776367,58.380001068115234,58.939998626708984,56.088050842285156,9548800,MO
2025-11-19,58.7400016784668,59.09000015258789,58.45000076293945,58.61000061035156,55.77402114868164,5915000,MO
2025-11-20,58.439998626708984,58.65999984741211,58.0,58.18000030517578,55.36482620239258,6158700,MO
2025-11-21,58.38999938964844,58.95000076293945,58.04999923706055,58.189998626708984,55.37434387207031,9461000,MO
2025-11-24,58.29999923706055,58.470001220703125,57.08000183105469,57.33000183105469,54.55595779418945,12757800,MO
2025-11-25,57.720001220703125,58.439998626708984,57.45000076293945,58.34000015258789,55.517086029052734,9621300,MO
2025-11-26,58.5,58.900001525878906,58.400001525878906,58.689998626708984,55.85014724731445,5909700,MO
2025-11-28,58.689998626708984,59.0099983215332,58.68000030517578,59.0099983215332,56.1546630859375,3207200,MO
2025-12-01,59.0,59.18000030517578,58.70000076293945,59.13999938964844,56.27837371826172,7823400,MO
2025-12-02,59.11000061035156,59.349998474121094,58.47999954223633,58.81999969482422,55.973854064941406,8318800,MO
2025-12-03,59.0099983215332,59.34000015258789,58.349998474121094,58.40999984741211,55.58369827270508,9344400,MO
2025-12-04,58.56999969482422,58.65999984741211,57.9900016784668,58.34000015258789,55.517086029052734,6733800,MO
2025-12-05,58.20000076293945,58.45000076293945,57.91999816894531,57.9900016784668,55.18402099609375,5746700,MO
2025-12-08,57.95000076293945,58.20000076293945,57.56999969482422,58.11000061035156,55.2982177734375,6814700,MO
2025-12-09,58.33000183105469,58.54999923706055,57.95000076293945,58.18000030517578,55.36482620239258,5700900,MO
2025-12-10,58.36000061035156,58.869998931884766,58.08000183105469,58.689998626708984,55.85014724731445,7834700,MO
2025-12-11,58.86000061035156,59.380001068115234,58.52000045776367,58.720001220703125,55.87869644165039,7515600,MO
2025-12-12,58.619998931884766,58.81999969482422,58.220001220703125,58.75,55.90724563598633,8571400,MO
2025-12-15,58.7599983215332,59.810001373291016,58.75,59.09000015258789,56.230796813964844,10998400,MO
2025-12-16,59.189998626708984,59.47999954223633,58.939998626708984,59.33000183105469,56.45918273925781,9078200,MO
2025-12-17,59.5099983215332,59.75,58.869998931884766,59.18000030517578,56.31644058227539,8385300,MO
2025-12-18,58.91999816894531,59.130001068115234,58.380001068115234,58.38999938964844,55.56466293334961,10777700,MO
2025-12-19,58.25,58.720001220703125,58.029998779296875,58.06999969482422,55.26014709472656,35088900,MO
2025-12-22,58.15999984741211,58.83000183105469,58.0099983215332,58.61000061035156,55.77402114868164,8682800,MO
2025-12-23,58.61000061035156,58.7599983215332,58.31999969482422,58.75,55.90724563598633,7780900,MO
2025-12-24,58.86000061035156,58.9900016784668,58.68000030517578,58.97999954223633,56.12611389160156,5050900,MO
2025-12-26,57.849998474121094,58.08000183105469,57.40999984741211,57.599998474121094,55.81602478027344,8976100,MO
2025-12-29,57.63999938964844,57.90999984741211,57.529998779296875,57.619998931884766,55.83540725708008,8275400,MO
2025-12-30,57.61000061035156,57.86000061035156,57.5099983215332,57.77000045776367,55.98076248168945,5854800,MO
2025-12-31,57.77000045776367,57.90999984741211,57.54999923706055,57.65999984741211,55.874168395996094,5231300,MO
2026-01-02,57.65999984741211,57.790000915527344,57.04999923706055,57.310001373291016,55.535011291503906,12112500,MO
2026-01-05,57.06999969482422,57.119998931884766,55.5,56.29999923706055,54.55628967285156,14083500,MO
2026-01-06,56.060001373291016,56.34000015258789,54.779998779296875,55.15999984741211,53.451595306396484,11952900,MO
2026-01-07,55.22999954223633,55.40999984741211,54.70000076293945,54.720001220703125,53.02522659301758,8704700,MO
2026-01-08,54.75,56.290000915527344,54.75,55.900001525878906,54.168678283691406,11042300,MO
2026-01-09,56.779998779296875,57.560001373291016,56.650001525878906,57.529998779296875,55.748191833496094,12679200,MO
2026-01-12,57.529998779296875,58.56999969482422,57.45000076293945,58.540000915527344,56.72691345214844,10461200,MO
2026-01-13,58.54999923706055,60.150001525878906,58.36000061035156,60.150001525878906,58.287052154541016,12441800,MO
2026-01-14,60.150001525878906,61.54999923706055,60.099998474121094,61.470001220703125,59.566165924072266,10394200,MO
2026-01-15,61.380001068115234,61.88999938964844,60.900001525878906,61.58000183105469,59.672760009765625,7588600,MO
2026-01-16,61.47999954223633,61.939998626708984,60.939998626708984,61.7599983215332,59.84718322753906,8980100,MO
2026-01-20,61.7400016784668,62.08000183105469,61.02000045776367,61.150001525878906,59.25607681274414,14211100,MO
2026-01-21,61.310001373291016,61.5,60.2599983215332,61.08000183105469,59.18824768066406,9095400,MO
2026-01-22,60.81999969482422,61.34000015258789,60.400001525878906,61.029998779296875,59.139793395996094,6273800,MO
2026-01-23,61.209999084472656,61.95000076293945,60.959999084472656,61.90999984741211,59.99253845214844,6558900,MO
2026-01-26,62.099998474121094,63.20000076293945,62.0,62.97999954223633,61.02939987182617,11043900,MO
2026-01-27,63.0,63.70000076293945,62.47999954223633,63.619998931884766,61.64957809448242,8740800,MO
2026-01-28,63.5,64.22000122070312,63.11000061035156,63.130001068115234,61.17475509643555,11620100,MO
2026-01-29,61.09000015258789,62.52000045776367,59.40999984741211,59.7599983215332,57.909122467041016,27882900,MO
2026-01-30,60.0,62.0,59.79999923706055,61.9900016784668,60.070064544677734,13245500,MO
2026-02-02,62.369998931884766,62.56999969482422,61.52000045776367,62.22999954223633,60.30262756347656,12912800,MO
2026-02-03,62.4900016784668,64.52999877929688,62.0,64.16000366210938,62.172855377197266,12478500,MO
2026-02-04,64.58000183105469,65.33000183105469,64.41000366210938,65.16000366210938,63.14188003540039,13033900,MO
2026-02-05,65.5,66.2300033569336,64.61000061035156,65.38999938964844,63.364749908447266,11079300,MO
2026-02-06,65.37999725341797,65.91999816894531,65.08000183105469,65.4000015258789,63.374446868896484,7952800,MO
2026-02-09,65.30000305175781,65.43000030517578,64.0,64.4000015258789,62.405418395996094,8081200,MO
2026-02-10,64.12000274658203,64.83000183105469,63.599998474121094,64.4000015258789,62.405418395996094,10775400,MO
2026-02-11,64.19000244140625,66.45999908447266,63.84000015258789,65.91999816894531,63.87834167480469,12241000,MO
2026-02-12,65.76000213623047,67.45999908447266,65.63999938964844,67.01000213623047,64.93458557128906,9407900,MO
2026-02-13,66.81999969482422,67.7699966430664,66.41000366210938,67.25,65.16715240478516,8578400,MO
2026-02-17,67.51000213623047,67.76000213623047,66.25,66.54000091552734,64.47913360595703,7807400,MO
2026-02-18,66.6500015258789,67.12000274658203,66.41000366210938,66.7699966430664,64.70201110839844,7135100,MO
2026-02-19,66.98999786376953,68.1500015258789,66.80000305175781,67.98999786376953,65.88422393798828,7836700,MO
2026-02-20,68.01000213623047,68.25,66.72000122070312,67.56999969482422,65.47724151611328,7058600,MO
2026-02-23,67.75,69.0999984741211,67.75,68.9800033569336,66.84357452392578,7152600,MO
2026-02-24,68.79000091552734,69.27999877929688,68.18000030517578,69.25,67.10520935058594,7049600,MO
2026-02-25,68.8499984741211,69.9800033569336,68.33999633789062,69.69999694824219,67.54126739501953,6519800,MO
2026-02-26,69.69000244140625,70.23999786376953,69.1500015258789,69.47000122070312,67.31838989257812,6468300,MO
2026-02-27,69.73999786376953,70.51000213623047,68.91000366210938,69.04000091552734,66.9017105102539,12272900,MO
2026-03-02,69.13999938964844,69.7300033569336,68.58000183105469,68.69000244140625,66.56255340576172,7275700,MO
2026-03-03,68.43000030517578,69.19999694824219,67.52999877929688,68.88999938964844,66.75635528564453,8280600,MO
2026-03-04,68.62999725341797,68.7300033569336,67.63999938964844,68.12000274658203,66.01020050048828,10640200,MO
2026-03-05,67.6500015258789,67.69999694824219,66.16000366210938,66.9800033569336,64.905517578125,12131600,MO
2026-03-06,66.88999938964844,66.98999786376953,65.94999694824219,66.51000213623047,64.45006561279297,9125100,MO
2026-03-09,66.51000213623047,67.11000061035156,66.04000091552734,67.04000091552734,64.96365356445312,9488500,MO
2026-03-10,66.88999938964844,67.30999755859375,66.27999877929688,67.13999938964844,65.06055450439453,6738600,MO
2026-03-11,66.94999694824219,66.94999694824219,65.66000366210938,66.33999633789062,64.28532409667969,9212700,MO
2026-03-12,65.88999938964844,67.7300033569336,65.5999984741211,67.72000122070312,65.62259674072266,8794400,MO
2026-03-13,67.94999694824219,68.4800033569336,67.66000366210938,67.88999938964844,65.78732299804688,7307900,MO
2026-03-16,68.26000213623047,68.55000305175781,67.52999877929688,67.52999877929688,65.4384765625,7328100,MO
2026-03-17,67.80999755859375,68.06999969482422,66.70999908447266,66.97000122070312,64.89582824707031,8339200,MO
2026-03-18,66.30000305175781,66.58000183105469,65.05000305175781,65.12999725341797,63.1128044128418,10221400,MO
2026-03-19,65.0,65.7699966430664,64.94999694824219,65.06999969482422,63.054664611816406,8080900,MO
2026-03-20,65.30000305175781,65.55000305175781,64.08000183105469,64.47000122070312,62.47325134277344,38329600,MO
2026-03-23,64.68000030517578,65.16000366210938,64.08000183105469,64.38999938964844,62.39572525024414,9969300,MO
2026-03-24,64.69000244140625,65.48999786376953,64.2699966430664,64.31999969482422,62.32789611816406,9144000,MO
2026-03-25,63.04999923706055,64.19000244140625,62.869998931884766,63.779998779296875,62.840232849121094,8133000,MO
2026-03-26,64.02999877929688,65.08000183105469,63.959999084472656,64.62000274658203,63.6678581237793,8226000,MO
2026-03-27,65.0,66.73999786376953,64.94999694824219,66.4800033569336,65.50045013427734,10227300,MO
2026-03-30,66.88999938964844,67.22000122070312,66.25,67.0199966430664,66.0324935913086,8841000,MO
2026-03-31,67.02999877929688,67.26000213623047,65.80000305175781,65.98999786376953,65.01766967773438,10606900,MO
2026-04-01,65.36000061035156,65.73999786376953,63.68000030517578,65.4800033569336,64.51519012451172,11515300,MO
2026-04-02,66.0,66.66000366210938,65.5199966430664,65.76000213623047,64.79106140136719,9795700,MO
2026-04-06,65.70999908447266,66.55000305175781,65.31999969482422,66.55000305175781,65.56941986083984,5268200,MO
2026-04-07,66.72000122070312,67.61000061035156,66.16999816894531,66.25,65.27384185791016,10982100,MO
2026-04-08,65.4800033569336,66.86000061035156,64.36000061035156,66.80000305175781,65.81573486328125,10805900,MO
2026-04-09,66.05999755859375,67.73999786376953,65.80000305175781,67.45999908447266,66.46601104736328,6937500,MO
2026-04-10,67.47000122070312,67.93000030517578,66.9000015258789,67.37999725341797,66.3871841430664,7115600,MO
2026-04-13,67.48999786376953,67.56999969482422,66.38999938964844,66.80999755859375,65.8255844116211,6795700,MO
2026-04-14,66.19999694824219,66.33999633789062,64.9000015258789,65.62000274658203,64.65312194824219,8943300,MO
2026-04-15,65.25,65.3499984741211,64.29000091552734,64.41999816894531,63.470802307128906,7076600,MO
2026-04-16,64.3499984741211,65.25,64.26000213623047,64.94000244140625,63.9831428527832,5810000,MO
2026-04-17,64.16000366210938,64.69000244140625,64.08000183105469,64.16999816894531,63.224483489990234,9420400,MO
2026-04-20,64.66000366210938,65.16999816894531,64.20999908447266,64.61000061035156,63.65800476074219,5967300,MO
2026-04-21,64.5999984741211,64.94999694824219,64.12000274658203,64.6500015258789,63.69741439819336,5723400,MO
2026-04-22,64.83999633789062,65.66000366210938,64.6500015258789,65.18000030517578,64.2196044921875,7849000,MO
2026-04-23,65.5,67.43000030517578,65.37999725341797,67.1500015258789,66.16057586669922,7525800,MO
2026-04-24,67.0,67.37000274658203,66.29000091552734,66.87999725341797,65.8945541381836,9523100,MO
2026-04-27,66.76000213623047,66.91999816894531,65.5,66.0,65.02751922607422,7924900,MO
2026-04-28,67.0,68.12000274658203,66.81999969482422,67.80000305175781,66.8010025024414,10257600,MO
2026-04-29,67.48999786376953,68.61000061035156,67.4000015258789,68.19999694824219,67.19510650634766,12059600,MO
2026-04-30,73.8499984741211,73.8499984741211,70.25,72.6500015258789,71.57953643798828,24768800,MO
2026-05-01,73.23999786376953,74.55999755859375,72.72000122070312,74.55000305175781,73.45154571533203,11813800,MO
2026-05-04,73.75,74.33999633789062,72.86000061035156,73.41000366210938,72.3283462524414,11334200,MO
2026-05-05,73.19000244140625,73.83000183105469,72.70999908447266,72.79000091552734,71.71747589111328,10730000,MO
2026-05-06,72.0199966430664,72.41000366210938,70.16000366210938,70.16999816894531,69.13607788085938,11135600,MO
2026-05-07,69.5,69.77999877929688,69.0,69.04000091552734,68.0227279663086,8693400,MO
2026-05-08,69.16000366210938,69.69000244140625,68.06999969482422,68.12000274658203,67.11628723144531,7335000,MO
2026-05-11,68.69999694824219,68.98999786376953,68.02999877929688,68.61000061035156,67.59906768798828,10608300,MO
2026-05-12,69.25,70.73999786376953,68.68000030517578,69.88999938964844,68.8602066040039,8349400,MO
2026-05-13,70.29000091552734,71.61000061035156,69.9000015258789,71.54000091552734,70.48589324951172,8313100,MO
2026-05-14,71.62999725341797,72.44999694824219,71.4800033569336,72.41000366210938,71.34307861328125,8674800,MO
2026-05-15,73.0199966430664,73.13999938964844,72.23999786376953,73.08999633789062,72.01305389404297,10383800,MO
2026-05-18,73.23999786376953,73.76000213623047,72.69999694824219,73.72000122070312,72.63377380371094,6040100,MO
2026-05-19,73.6500015258789,74.41000366210938,73.0999984741211,74.0,72.9096450805664,6180000,MO
2026-05-20,74.0,74.30999755859375,73.12999725341797,73.33000183105469,72.24951934814453,8020400,MO
2026-05-21,73.44999694824219,74.38999938964844,73.30000305175781,73.70999908447266,72.62391662597656,6477000,MO
2026-05-22,73.69000244140625,74.16000366210938,73.4800033569336,73.9000015258789,72.81111907958984,4505300,MO
2026-05-26,74.0,74.11000061035156,71.80000305175781,72.37000274658203,71.30366516113281,9219500,MO
2026-05-27,72.4800033569336,73.08000183105469,71.9800033569336,72.11000061035156,71.04749298095703,6766600,MO
2026-05-28,72.47000122070312,72.69999694824219,71.75,71.97000122070312,70.90956115722656,8654800,MO
2026-05-29,71.19999694824219,71.43000030517578,69.44999694824219,69.58000183105469,68.55477142333984,13116100,MO
2026-06-01,69.66999816894531,70.0,68.43000030517578,68.6500015258789,67.63848114013672,7182300,MO
2026-06-02,68.48999786376953,69.43000030517578,68.2300033569336,69.23999786376953,68.21977996826172,7732800,MO
2026-06-03,69.4000015258789,71.2699966430664,69.30999755859375,70.30000305175781,69.26416778564453,7735200,MO
2026-06-04,70.70999908447266,71.19999694824219,70.36000061035156,70.5999984741211,69.55974578857422,5794500,MO
2026-06-05,71.2699966430664,73.18000030517578,71.1500015258789,72.19000244140625,71.1263198852539,8059500,MO
2026-06-08,72.13999938964844,72.61000061035156,71.27999877929688,71.29000091552734,70.23957824707031,6332300,MO
2026-06-09,71.29000091552734,72.33000183105469,70.33999633789062,71.55999755859375,70.50559997558594,9620900,MO
2026-06-10,72.33999633789062,73.4800033569336,71.7300033569336,73.12999725341797,72.05245971679688,8115400,MO
2026-06-11,73.23999786376953,73.75,71.36000061035156,71.41000366210938,70.3578109741211,7405600,MO
2026-06-12,71.69000244140625,72.0199966430664,71.13999938964844,71.94000244140625,70.8800048828125,8409100,MO
2026-06-15,70.08000183105469,70.30999755859375,69.19000244140625,69.58999633789062,69.58999633789062,11461600,MO
2026-06-16,69.94000244140625,70.87999725341797,69.44000244140625,70.19000244140625,70.19000244140625,5377700,MO
2026-06-17,69.51000213623047,69.77999877929688,68.52999877929688,68.94999694824219,68.94999694824219,6897500,MO
2026-06-18,68.9800033569336,69.30000305175781,68.06999969482422,69.12000274658203,69.12000274658203,19057500,MO
2026-06-22,69.16999816894531,70.37999725341797,69.01000213623047,69.51000213623047,69.51000213623047,8813700,MO
2026-06-23,70.93000030517578,71.73999786376953,70.33000183105469,71.61000061035156,71.61000061035156,9851000,MO
2026-06-24,71.6500015258789,72.37000274658203,71.12999725341797,72.06999969482422,72.06999969482422,7456000,MO
2026-06-25,71.38999938964844,73.56999969482422,71.16999816894531,73.20999908447266,73.20999908447266,6742400,MO
2026-06-26,73.48999786376953,73.91999816894531,72.8499984741211,73.79000091552734,73.79000091552734,15697700,MO
2026-06-29,73.9000015258789,74.1500015258789,73.13999938964844,74.05000305175781,74.05000305175781,5519900,MO
2026-06-30,73.58999633789062,73.7699966430664,71.72000122070312,71.94999694824219,71.94999694824219,8241300,MO
2026-07-01,72.48999786376953,72.5,71.08999633789062,71.54000091552734,71.54000091552734,6425300,MO
2026-07-02,72.23999786376953,73.19000244140625,71.94999694824219,72.70999908447266,72.70999908447266,6372600,MO
2026-07-06,72.3499984741211,72.55000305175781,71.2699966430664,71.87999725341797,71.87999725341797,6047900,MO
2026-07-07,73.16000366210938,74.04000091552734,72.37999725341797,72.95999908447266,72.95999908447266,5260700,MO
2026-07-08,72.91999816894531,74.06999969482422,72.66000366210938,72.80999755859375,72.80999755859375,6124500,MO
2026-07-09,73.27999877929688,73.5999984741211,71.31999969482422,71.58999633789062,71.58999633789062,6518800,MO
2026-07-10,71.83999633789062,72.1500015258789,70.76000213623047,71.79000091552734,71.79000091552734,7335200,MO
2026-07-13,71.83999633789062,73.02999877929688,71.58999633789062,71.87000274658203,71.87000274658203,4857700,MO
2026-07-14,71.93000030517578,71.94999694824219,69.9000015258789,70.16000366210938,70.16000366210938,5956800,MO
2026-07-15,70.0,71.43000030517578,69.87000274658203,70.5199966430664,70.5199966430664,6854900,MO
2026-07-16,71.25,73.0999984741211,70.94000244140625,73.02999877929688,73.02999877929688,10532900,MO
2026-07-17,74.08000183105469,75.27999877929688,73.5999984741211,74.20999908447266,74.20999908447266,8608500,MO
2026-07-20,74.05000305175781,74.83999633789062,73.83999633789062,74.66000366210938,74.66000366210938,6710800,MO
2026-07-21,74.37000274658203,74.7300033569336,72.91999816894531,72.98999786376953,72.98999786376953,6219500,MO
2026-07-22,73.33999633789062,74.27999877929688,72.16999816894531,72.16999816894531,72.16999816894531,6798900,MO
2026-07-23,72.08999633789062,72.68000030517578,71.55999755859375,72.08000183105469,72.08000183105469,6939900,MO
2026-07-24,72.29000091552734,73.54000091552734,72.19999694824219,72.98999786376953,72.98999786376953,4798000,MO
2026-07-27,72.33000183105469,73.30000305175781,71.91999816894531,72.88999938964844,72.88999938964844,6468300,MO
2026-07-28,74.73999786376953,77.05999755859375,74.05999755859375,74.81999969482422,74.81999969482422,10108000,MO
2026-07-29,74.77999877929688,75.94000244140625,74.61000061035156,74.91999816894531,74.91999816894531,8962500,MO
2026-07-30,70.69999694824219,70.69999694824219,67.62999725341797,67.94000244140625,67.94000244140625,21341200,MO
2026-07-31,67.55999755859375,69.7699966430664,66.83000183105469,68.33000183105469,68.33000183105469,11159100,MO
2026-08-03,68.37999725341797,69.08000183105469,67.69999694824219,68.26000213623047,68.26000213623047,9746300,MO
