Date,Open,High,Low,Close,Adj Close,Volume,Symbol
2006-08-04,23.3700008392334,24.174999237060547,22.764999389648438,23.06999969482422,18.28863525390625,267200,NDSN
2006-08-07,22.850000381469727,23.1200008392334,22.5,22.8799991607666,18.13800621032715,159000,NDSN
2006-08-08,23.024999618530273,23.075000762939453,21.90999984741211,22.0049991607666,17.444355010986328,288600,NDSN
2006-08-09,22.229999542236328,22.594999313354492,21.44499969482422,21.475000381469727,17.024202346801758,224400,NDSN
2006-08-10,21.315000534057617,21.69499969482422,21.1299991607666,21.59000015258789,17.115371704101562,261200,NDSN
2006-08-11,21.625,21.639999389648438,21.364999771118164,21.540000915527344,17.07573127746582,117600,NDSN
2006-08-14,21.71500015258789,22.290000915527344,21.520000457763672,21.524999618530273,17.063840866088867,169200,NDSN
2006-08-15,21.895000457763672,22.204999923706055,21.3799991607666,21.96500015258789,17.41265296936035,302000,NDSN
2006-08-16,21.979999542236328,22.3700008392334,21.760000228881836,22.34000015258789,17.70993423461914,136400,NDSN
2006-08-17,22.19499969482422,23.114999771118164,22.19499969482422,22.96500015258789,18.205394744873047,334800,NDSN
2006-08-18,23.079999923706055,23.424999237060547,22.760000228881836,23.239999771118164,18.42340850830078,212400,NDSN
2006-08-21,23.065000534057617,23.165000915527344,22.764999389648438,22.78499984741211,18.062702178955078,274400,NDSN
2006-08-22,22.864999771118164,22.875,22.459999084472656,22.5,17.83677864074707,1166400,NDSN
2006-08-23,22.915000915527344,22.915000915527344,21.600000381469727,21.674999237060547,17.182756423950195,317600,NDSN
2006-08-24,20.584999084472656,21.489999771118164,20.100000381469727,20.78499984741211,16.477214813232422,1797200,NDSN
2006-08-25,20.639999389648438,20.795000076293945,19.94499969482422,20.110000610351562,15.94211483001709,594800,NDSN
2006-08-28,19.9950008392334,20.100000381469727,19.829999923706055,19.985000610351562,15.843022346496582,616400,NDSN
2006-08-29,20.104999542236328,20.479999542236328,19.860000610351562,19.979999542236328,15.839056968688965,556800,NDSN
2006-08-30,20.079999923706055,20.329999923706055,19.924999237060547,19.989999771118164,15.846972465515137,361600,NDSN
2006-08-31,20.100000381469727,20.264999389648438,19.96500015258789,20.020000457763672,15.870765686035156,498000,NDSN
2006-09-01,19.975000381469727,20.25,19.950000762939453,20.0,15.92250919342041,345000,NDSN
2006-09-05,20.065000534057617,20.209999084472656,19.81999969482422,20.024999618530273,15.942419052124023,967200,NDSN
2006-09-06,19.844999313354492,20.010000228881836,19.665000915527344,19.665000915527344,15.65580940246582,529200,NDSN
2006-09-07,19.594999313354492,19.65999984741211,19.350000381469727,19.40999984741211,15.45279598236084,501600,NDSN
2006-09-08,19.514999389648438,19.655000686645508,19.420000076293945,19.514999389648438,15.536393165588379,257000,NDSN
2006-09-11,19.44499969482422,19.649999618530273,19.40999984741211,19.4950008392334,15.520468711853027,477600,NDSN
2006-09-12,19.565000534057617,19.875,19.559999465942383,19.674999237060547,15.66376781463623,539200,NDSN
2006-09-13,19.704999923706055,19.940000534057617,19.524999618530273,19.825000762939453,15.783188819885254,383600,NDSN
2006-09-14,19.78499984741211,19.915000915527344,19.549999237060547,19.81999969482422,15.77920150756836,210800,NDSN
2006-09-15,19.969999313354492,20.44499969482422,19.80500030517578,19.875,15.822991371154785,549200,NDSN
2006-09-18,19.950000762939453,20.21500015258789,19.790000915527344,19.954999923706055,15.886688232421875,433600,NDSN
2006-09-19,20.045000076293945,20.100000381469727,19.770000457763672,19.915000915527344,15.854843139648438,532800,NDSN
2006-09-20,20.149999618530273,20.270000457763672,19.834999084472656,19.969999313354492,15.898624420166016,448200,NDSN
2006-09-21,20.1299991607666,20.18000030517578,19.690000534057617,19.7450008392334,15.719503402709961,430600,NDSN
2006-09-22,19.690000534057617,19.959999084472656,19.514999389648438,19.829999923706055,15.7871732711792,557400,NDSN
2006-09-25,19.924999237060547,20.2450008392334,19.709999084472656,20.094999313354492,15.998140335083008,340600,NDSN
2006-09-26,20.145000457763672,20.264999389648438,19.954999923706055,20.049999237060547,15.962318420410156,287200,NDSN
2006-09-27,19.924999237060547,20.31999969482422,19.78499984741211,20.260000228881836,16.129514694213867,224800,NDSN
2006-09-28,20.3799991607666,20.78499984741211,19.895000457763672,20.229999542236328,16.105623245239258,354000,NDSN
2006-09-29,20.295000076293945,20.479999542236328,19.885000228881836,19.93000030517578,15.866787910461426,359400,NDSN
2006-10-02,19.860000610351562,20.135000228881836,19.75,19.94499969482422,15.878726959228516,262800,NDSN
2006-10-03,19.940000534057617,20.290000915527344,19.7450008392334,20.010000228881836,15.930476188659668,293600,NDSN
2006-10-04,19.899999618530273,20.7450008392334,19.81999969482422,20.65999984741211,16.447952270507812,275800,NDSN
2006-10-05,20.625,20.985000610351562,20.420000076293945,20.899999618530273,16.639020919799805,256400,NDSN
2006-10-06,21.040000915527344,21.260000228881836,20.75,21.114999771118164,16.81018829345703,461200,NDSN
2006-10-09,21.059999465942383,21.75,21.024999618530273,21.540000915527344,17.148544311523438,326000,NDSN
2006-10-10,21.354999542236328,21.78499984741211,21.049999237060547,21.674999237060547,17.25601577758789,300200,NDSN
2006-10-11,21.565000534057617,21.854999542236328,21.389999389648438,21.69499969482422,17.271940231323242,227800,NDSN
2006-10-12,21.860000610351562,22.475000381469727,21.704999923706055,22.459999084472656,17.880977630615234,223000,NDSN
2006-10-13,22.559999465942383,23.219999313354492,22.329999923706055,23.06999969482422,18.366615295410156,688600,NDSN
2006-10-16,23.020000457763672,23.485000610351562,22.760000228881836,23.200000762939453,18.47011375427246,324200,NDSN
2006-10-17,22.954999923706055,22.969999313354492,22.725000381469727,22.809999465942383,18.159624099731445,248600,NDSN
2006-10-18,22.920000076293945,23.190000534057617,22.375,22.485000610351562,17.900882720947266,266400,NDSN
2006-10-19,22.459999084472656,23.059999465942383,22.459999084472656,23.059999465942383,18.35866928100586,243000,NDSN
2006-10-20,23.190000534057617,23.190000534057617,22.415000915527344,22.565000534057617,17.964574813842773,195000,NDSN
2006-10-23,22.3799991607666,22.885000228881836,22.264999389648438,22.600000381469727,17.992443084716797,283000,NDSN
2006-10-24,22.450000762939453,22.510000228881836,22.03499984741211,22.469999313354492,17.888931274414062,242600,NDSN
2006-10-25,22.40999984741211,22.719999313354492,22.280000686645508,22.645000457763672,18.028268814086914,181400,NDSN
2006-10-26,22.844999313354492,23.28499984741211,22.594999313354492,23.28499984741211,18.537790298461914,233400,NDSN
2006-10-27,23.270000457763672,23.389999389648438,22.7549991607666,22.81999969482422,18.167593002319336,166600,NDSN
2006-10-30,22.68000030517578,23.19499969482422,22.520000457763672,23.114999771118164,18.402441024780273,145000,NDSN
2006-10-31,23.219999313354492,23.530000686645508,22.719999313354492,23.024999618530273,18.330791473388672,203400,NDSN
2006-11-01,23.1299991607666,23.135000228881836,22.385000228881836,22.385000228881836,17.821269989013672,298200,NDSN
2006-11-02,22.149999618530273,22.43000030517578,21.94499969482422,22.174999237060547,17.654085159301758,156000,NDSN
2006-11-03,22.3700008392334,22.645000457763672,21.84000015258789,21.854999542236328,17.39932632446289,380000,NDSN
2006-11-06,21.969999313354492,22.219999313354492,21.93000030517578,22.03499984741211,17.54262924194336,598200,NDSN
2006-11-07,21.985000610351562,22.3799991607666,21.78499984741211,22.239999771118164,17.705839157104492,460400,NDSN
2006-11-08,22.065000534057617,22.649999618530273,21.975000381469727,22.55500030517578,17.95661163330078,108000,NDSN
2006-11-09,22.594999313354492,22.645000457763672,21.989999771118164,22.100000381469727,17.594379425048828,141000,NDSN
2006-11-10,22.170000076293945,22.655000686645508,22.170000076293945,22.655000686645508,18.036224365234375,109000,NDSN
2006-11-13,22.579999923706055,23.170000076293945,22.575000762939453,23.1200008392334,18.40642547607422,258600,NDSN
2006-11-14,23.2450008392334,23.7549991607666,23.014999389648438,23.719999313354492,18.884090423583984,249200,NDSN
2006-11-15,23.719999313354492,24.19499969482422,23.719999313354492,24.1299991607666,19.21051788330078,296400,NDSN
2006-11-16,24.31999969482422,24.354999542236328,23.8799991607666,23.90999984741211,19.03536033630371,223400,NDSN
2006-11-17,23.959999084472656,24.375,23.625,24.299999237060547,19.345848083496094,418600,NDSN
2006-11-20,24.2450008392334,24.735000610351562,24.225000381469727,24.5049991607666,19.509057998657227,448400,NDSN
2006-11-21,24.405000686645508,24.405000686645508,23.979999542236328,24.2450008392334,19.30206298828125,331400,NDSN
2006-11-22,24.219999313354492,24.549999237060547,24.219999313354492,24.270000457763672,19.321971893310547,213800,NDSN
2006-11-24,24.209999084472656,24.559999465942383,24.18000030517578,24.479999542236328,19.489158630371094,63200,NDSN
2006-11-27,24.28499984741211,24.43000030517578,23.645000457763672,23.684999465942383,18.856239318847656,289400,NDSN
2006-11-28,23.670000076293945,24.094999313354492,23.625,24.014999389648438,19.11895751953125,308600,NDSN
2006-11-29,24.18000030517578,24.459999084472656,24.010000228881836,24.264999389648438,19.317983627319336,430000,NDSN
2006-11-30,24.18000030517578,24.469999313354492,23.924999237060547,24.145000457763672,19.222454071044922,430600,NDSN
2006-12-01,24.110000610351562,24.395000457763672,23.53499984741211,23.899999618530273,19.02739715576172,304600,NDSN
2006-12-04,23.924999237060547,24.665000915527344,23.924999237060547,24.579999923706055,19.56876564025879,230200,NDSN
2006-12-05,24.709999084472656,24.78499984741211,24.485000610351562,24.579999923706055,19.56876564025879,202800,NDSN
2006-12-06,24.5,24.6200008392334,24.290000915527344,24.295000076293945,19.341869354248047,266800,NDSN
2006-12-07,24.3799991607666,24.46500015258789,24.094999313354492,24.145000457763672,19.222454071044922,176600,NDSN
2006-12-08,23.950000762939453,24.40999984741211,23.875,24.09000015258789,19.178661346435547,301200,NDSN
2006-12-11,24.100000381469727,24.100000381469727,23.84000015258789,23.93000030517578,19.051288604736328,128200,NDSN
2006-12-12,23.950000762939453,23.975000381469727,23.614999771118164,23.899999618530273,19.02739715576172,208400,NDSN
2006-12-13,23.950000762939453,24.084999084472656,23.739999771118164,23.950000762939453,19.067209243774414,329400,NDSN
2006-12-14,24.03499984741211,24.434999465942383,24.03499984741211,24.1299991607666,19.21051788330078,251800,NDSN
2006-12-15,24.145000457763672,24.184999465942383,23.834999084472656,23.96500015258789,19.148582458496094,683200,NDSN
2006-12-18,24.149999618530273,24.450000762939453,23.895000457763672,24.014999389648438,19.188535690307617,294400,NDSN
2006-12-19,23.950000762939453,23.950000762939453,23.299999237060547,23.844999313354492,19.052698135375977,370200,NDSN
2006-12-20,23.9950008392334,25.299999237060547,23.8799991607666,24.760000228881836,19.7838134765625,1046000,NDSN
2006-12-21,24.979999542236328,25.270000457763672,24.25,24.399999618530273,19.49616050720215,700400,NDSN
2006-12-22,24.375,24.549999237060547,24.065000534057617,24.219999313354492,19.35234260559082,571800,NDSN
2006-12-26,24.149999618530273,25.204999923706055,24.149999618530273,25.165000915527344,20.107419967651367,459400,NDSN
2006-12-27,25.21500015258789,25.520000457763672,25.184999465942383,25.485000610351562,20.36310386657715,267000,NDSN
2006-12-28,25.389999389648438,25.5,25.094999313354492,25.110000610351562,20.06346321105957,371200,NDSN
2006-12-29,25.2450008392334,25.399999618530273,24.885000228881836,24.915000915527344,19.90765380859375,255200,NDSN
2007-01-03,25.270000457763672,25.635000228881836,24.899999618530273,25.239999771118164,20.16733741760254,457800,NDSN
2007-01-04,25.350000381469727,25.420000076293945,24.80500030517578,25.329999923706055,20.239248275756836,533800,NDSN
2007-01-05,25.1200008392334,25.1200008392334,24.790000915527344,24.905000686645508,19.89966583251953,550400,NDSN
2007-01-08,24.959999084472656,25.049999237060547,24.424999237060547,24.729999542236328,19.759828567504883,417400,NDSN
2007-01-09,24.834999084472656,24.875,24.395000457763672,24.700000762939453,19.735876083374023,381800,NDSN
2007-01-10,24.485000610351562,24.940000534057617,24.450000762939453,24.844999313354492,19.85171890258789,363400,NDSN
2007-01-11,24.93000030517578,25.375,24.864999771118164,25.059999465942383,20.02351188659668,317800,NDSN
2007-01-12,25.0,25.405000686645508,25.0,25.405000686645508,20.299177169799805,202400,NDSN
2007-01-16,25.360000610351562,25.7450008392334,25.014999389648438,25.219999313354492,20.1513614654541,336200,NDSN
2007-01-17,25.235000610351562,25.614999771118164,25.110000610351562,25.5,20.375085830688477,339400,NDSN
2007-01-18,25.475000381469727,25.530000686645508,24.920000076293945,24.954999923706055,19.939620971679688,200400,NDSN
2007-01-19,24.854999542236328,25.7450008392334,24.850000381469727,25.735000610351562,20.562854766845703,314200,NDSN
2007-01-22,25.770000457763672,25.770000457763672,25.18000030517578,25.190000534057617,20.127399444580078,299800,NDSN
2007-01-23,25.165000915527344,25.889999389648438,25.110000610351562,25.75,20.574846267700195,231200,NDSN
2007-01-24,25.739999771118164,26.049999237060547,25.625,26.0,20.77460289001465,219200,NDSN
2007-01-25,25.924999237060547,25.9950008392334,25.014999389648438,25.06999969482422,20.031509399414062,275400,NDSN
2007-01-26,25.084999084472656,25.559999465942383,24.885000228881836,25.5049991607666,20.379077911376953,256400,NDSN
2007-01-29,25.545000076293945,25.600000381469727,24.950000762939453,25.239999771118164,20.16733741760254,277600,NDSN
2007-01-30,25.30500030517578,25.844999313354492,25.28499984741211,25.799999237060547,20.614788055419922,290400,NDSN
2007-01-31,25.69499969482422,25.975000381469727,25.450000762939453,25.860000610351562,20.66274070739746,329200,NDSN
2007-02-01,25.96500015258789,26.5049991607666,25.924999237060547,26.43000030517578,21.118175506591797,193200,NDSN
2007-02-02,26.395000457763672,26.684999465942383,26.375,26.584999084472656,21.242023468017578,140600,NDSN
2007-02-05,26.584999084472656,26.584999084472656,25.96500015258789,26.190000534057617,20.926424026489258,273000,NDSN
2007-02-06,26.295000076293945,26.770000457763672,26.145000457763672,26.594999313354492,21.250017166137695,255400,NDSN
2007-02-07,26.690000534057617,26.80500030517578,26.424999237060547,26.799999237060547,21.4138126373291,180200,NDSN
2007-02-08,26.719999313354492,27.079999923706055,26.719999313354492,27.06999969482422,21.629552841186523,241800,NDSN
2007-02-09,26.6299991607666,26.704999923706055,26.03499984741211,26.170000076293945,20.910436630249023,359400,NDSN
2007-02-12,26.100000381469727,27.5,26.100000381469727,26.604999542236328,21.25800895690918,505200,NDSN
2007-02-13,26.704999923706055,26.875,26.540000915527344,26.795000076293945,21.409832000732422,280200,NDSN
2007-02-14,26.770000457763672,27.530000686645508,26.770000457763672,27.44499969482422,21.929187774658203,439600,NDSN
2007-02-15,27.395000457763672,27.69499969482422,27.30500030517578,27.584999084472656,22.041053771972656,252600,NDSN
2007-02-16,27.584999084472656,27.94499969482422,27.315000534057617,27.864999771118164,22.2647762298584,452200,NDSN
2007-02-20,27.78499984741211,28.18000030517578,27.440000534057617,28.149999618530273,22.492504119873047,209600,NDSN
2007-02-21,28.05500030517578,28.825000762939453,28.024999618530273,28.56999969482422,22.828092575073242,293400,NDSN
2007-02-22,28.25,28.579999923706055,27.5,27.915000915527344,22.304731369018555,406600,NDSN
2007-02-23,27.864999771118164,28.084999084472656,27.459999084472656,27.934999465942383,22.320701599121094,207200,NDSN
2007-02-26,28.125,28.139999389648438,27.530000686645508,27.78499984741211,22.200851440429688,371400,NDSN
2007-02-27,27.604999542236328,27.604999542236328,26.100000381469727,26.135000228881836,20.882463455200195,389800,NDSN
2007-02-28,25.520000457763672,25.520000457763672,24.0,24.389999389648438,19.48816680908203,997600,NDSN
2007-03-01,24.280000686645508,24.524999618530273,23.584999084472656,24.114999771118164,19.268436431884766,540400,NDSN
2007-03-02,23.799999237060547,23.799999237060547,23.155000686645508,23.30500030517578,18.689044952392578,939600,NDSN
2007-03-05,23.010000228881836,23.28499984741211,22.19499969482422,22.28499984741211,17.871074676513672,1050200,NDSN
2007-03-06,22.645000457763672,23.200000762939453,22.280000686645508,23.030000686645508,18.468507766723633,907000,NDSN
2007-03-07,23.610000610351562,23.924999237060547,23.385000228881836,23.5,18.84541893005371,806000,NDSN
2007-03-08,23.625,24.0049991607666,23.229999542236328,23.415000915527344,18.777254104614258,576600,NDSN
2007-03-09,23.545000076293945,23.545000076293945,23.03499984741211,23.399999618530273,18.765233993530273,329000,NDSN
2007-03-12,23.415000915527344,23.625,23.170000076293945,23.55500030517578,18.88953399658203,498000,NDSN
2007-03-13,23.325000762939453,23.440000534057617,22.68000030517578,22.75,18.243972778320312,574800,NDSN
2007-03-14,22.809999465942383,23.049999237060547,22.350000381469727,22.774999618530273,18.26402473449707,593000,NDSN
2007-03-15,22.799999237060547,23.184999465942383,22.584999084472656,22.774999618530273,18.26402473449707,499200,NDSN
2007-03-16,22.770000457763672,22.80500030517578,22.280000686645508,22.454999923706055,18.007394790649414,639600,NDSN
2007-03-19,22.510000228881836,22.8700008392334,22.454999923706055,22.764999389648438,18.256006240844727,417400,NDSN
2007-03-20,22.780000686645508,22.8799991607666,22.639999389648438,22.764999389648438,18.256006240844727,380800,NDSN
2007-03-21,22.774999618530273,23.354999542236328,22.520000457763672,23.315000534057617,18.69705581665039,395400,NDSN
2007-03-22,23.424999237060547,23.545000076293945,23.139999389648438,23.325000762939453,18.705081939697266,413600,NDSN
2007-03-23,23.34000015258789,23.584999084472656,23.260000228881836,23.315000534057617,18.69705581665039,306600,NDSN
2007-03-26,23.295000076293945,23.350000381469727,23.0049991607666,23.270000457763672,18.660966873168945,299200,NDSN
2007-03-27,23.170000076293945,23.5,22.975000381469727,23.104999542236328,18.528661727905273,534200,NDSN
2007-03-28,22.985000610351562,23.290000915527344,22.889999389648438,23.1200008392334,18.540687561035156,432600,NDSN
2007-03-29,23.31999969482422,23.3799991607666,22.905000686645508,23.219999313354492,18.620874404907227,194600,NDSN
2007-03-30,23.239999771118164,23.420000076293945,22.895000457763672,23.229999542236328,18.628902435302734,382400,NDSN
2007-04-02,23.274999618530273,23.545000076293945,23.100000381469727,23.3700008392334,18.74117088317871,244800,NDSN
2007-04-03,23.454999923706055,23.645000457763672,23.30500030517578,23.440000534057617,18.797306060791016,340000,NDSN
2007-04-04,23.479999542236328,23.489999771118164,22.954999923706055,23.024999618530273,18.464500427246094,291800,NDSN
2007-04-05,22.969999313354492,23.264999389648438,22.920000076293945,22.969999313354492,18.420400619506836,228400,NDSN
2007-04-09,22.959999084472656,23.024999618530273,22.75,22.924999237060547,18.384305953979492,333200,NDSN
2007-04-10,22.864999771118164,23.059999465942383,22.665000915527344,22.774999618530273,18.26402473449707,422600,NDSN
2007-04-11,22.584999084472656,22.645000457763672,22.334999084472656,22.5049991607666,18.04749298095703,565800,NDSN
2007-04-12,22.5049991607666,22.78499984741211,22.3799991607666,22.735000610351562,18.231931686401367,640000,NDSN
2007-04-13,22.780000686645508,22.885000228881836,22.4950008392334,22.75,18.243972778320312,538000,NDSN
2007-04-16,22.799999237060547,23.424999237060547,22.739999771118164,23.420000076293945,18.781261444091797,215600,NDSN
2007-04-17,23.3700008392334,23.3700008392334,23.125,23.270000457763672,18.660966873168945,379200,NDSN
2007-04-18,23.190000534057617,23.434999465942383,22.954999923706055,23.299999237060547,18.685022354125977,380000,NDSN
2007-04-19,23.209999084472656,23.43000030517578,23.05500030517578,23.385000228881836,18.753202438354492,676400,NDSN
2007-04-20,23.565000534057617,23.940000534057617,23.5049991607666,23.760000228881836,19.053918838500977,278000,NDSN
2007-04-23,23.68000030517578,23.84000015258789,23.3799991607666,23.530000686645508,18.869482040405273,226200,NDSN
2007-04-24,23.610000610351562,23.610000610351562,23.334999084472656,23.459999084472656,18.813337326049805,230600,NDSN
2007-04-25,23.56999969482422,23.854999542236328,23.360000610351562,23.540000915527344,18.87749481201172,308000,NDSN
2007-04-26,23.489999771118164,23.739999771118164,23.315000534057617,23.684999465942383,18.9937801361084,261000,NDSN
2007-04-27,23.625,23.700000762939453,23.450000762939453,23.530000686645508,18.869482040405273,205000,NDSN
2007-04-30,23.625,23.625,22.895000457763672,22.915000915527344,18.37628936767578,439800,NDSN
2007-05-01,22.950000762939453,23.024999618530273,22.375,22.655000686645508,18.167783737182617,400600,NDSN
2007-05-02,22.71500015258789,23.110000610351562,22.6200008392334,23.06999969482422,18.50058937072754,294200,NDSN
2007-05-03,23.065000534057617,23.155000686645508,22.684999465942383,23.03499984741211,18.4725284576416,570400,NDSN
2007-05-04,23.1299991607666,23.15999984741211,22.860000610351562,23.15999984741211,18.57276725769043,206600,NDSN
2007-05-07,23.209999084472656,23.405000686645508,23.030000686645508,23.219999313354492,18.620874404907227,252400,NDSN
2007-05-08,22.9950008392334,23.219999313354492,22.549999237060547,22.739999771118164,18.235958099365234,210200,NDSN
2007-05-09,22.260000228881836,24.135000228881836,22.165000915527344,23.8799991607666,19.150156021118164,972600,NDSN
2007-05-10,23.825000762939453,24.190000534057617,23.415000915527344,23.610000610351562,18.933631896972656,896400,NDSN
2007-05-11,23.665000915527344,23.9950008392334,23.56999969482422,23.81999969482422,19.102033615112305,388800,NDSN
2007-05-14,23.780000686645508,24.024999618530273,23.575000762939453,23.670000076293945,18.981761932373047,584600,NDSN
2007-05-15,23.575000762939453,24.094999313354492,23.329999923706055,23.3700008392334,18.74117088317871,629400,NDSN
2007-05-16,23.489999771118164,23.510000228881836,23.020000457763672,23.46500015258789,18.81736183166504,296200,NDSN
2007-05-17,23.46500015258789,23.524999618530273,23.014999389648438,23.18000030517578,18.58879852294922,226400,NDSN
2007-05-18,23.25,23.440000534057617,23.110000610351562,23.18000030517578,18.58879852294922,373800,NDSN
2007-05-21,23.1200008392334,23.725000381469727,23.079999923706055,23.684999465942383,18.9937801361084,712000,NDSN
2007-05-22,23.795000076293945,23.90999984741211,23.5,23.809999465942383,19.094013214111328,250000,NDSN
2007-05-23,23.8799991607666,24.135000228881836,23.71500015258789,23.815000534057617,19.098033905029297,216600,NDSN
2007-05-24,23.690000534057617,24.05500030517578,23.469999313354492,23.684999465942383,18.9937801361084,612200,NDSN
2007-05-25,24.799999237060547,27.139999389648438,24.799999237060547,26.764999389648438,21.463727951049805,1864400,NDSN
2007-05-29,26.71500015258789,27.225000381469727,26.485000610351562,26.84000015258789,21.52387237548828,894400,NDSN
2007-05-30,26.459999084472656,26.610000610351562,25.704999923706055,26.3700008392334,21.146970748901367,750200,NDSN
2007-05-31,26.399999618530273,26.469999313354492,25.829999923706055,25.9950008392334,20.846240997314453,548400,NDSN
2007-06-01,26.024999618530273,26.420000076293945,25.760000228881836,26.149999618530273,21.041366577148438,315600,NDSN
2007-06-04,26.135000228881836,26.31999969482422,25.905000686645508,26.2450008392334,21.1178035736084,514400,NDSN
2007-06-05,26.065000534057617,26.06999969482422,25.329999923706055,25.7450008392334,20.715490341186523,374800,NDSN
2007-06-06,25.614999771118164,25.614999771118164,25.125,25.260000228881836,20.32524871826172,377600,NDSN
2007-06-07,25.084999084472656,25.2450008392334,24.524999618530273,24.575000762939453,19.774059295654297,584600,NDSN
2007-06-08,24.510000228881836,24.969999313354492,24.295000076293945,24.934999465942383,20.063724517822266,409200,NDSN
2007-06-11,24.850000381469727,25.06999969482422,24.395000457763672,24.985000610351562,20.103965759277344,665000,NDSN
2007-06-12,24.834999084472656,25.135000228881836,24.549999237060547,24.725000381469727,19.89475440979004,563400,NDSN
2007-06-13,24.780000686645508,25.104999542236328,24.55500030517578,25.014999389648438,20.128101348876953,622400,NDSN
2007-06-14,25.104999542236328,25.655000686645508,25.010000228881836,25.184999465942383,20.264888763427734,354000,NDSN
2007-06-15,25.4950008392334,25.915000915527344,25.315000534057617,25.454999923706055,20.482139587402344,700800,NDSN
2007-06-18,25.475000381469727,25.559999465942383,25.264999389648438,25.405000686645508,20.441905975341797,305200,NDSN
2007-06-19,25.30500030517578,25.399999618530273,24.954999923706055,25.25,20.317184448242188,340400,NDSN
2007-06-20,25.200000762939453,25.344999313354492,24.655000686645508,24.655000686645508,19.838430404663086,308800,NDSN
2007-06-21,24.549999237060547,25.094999313354492,24.315000534057617,25.040000915527344,20.148218154907227,418200,NDSN
2007-06-22,24.924999237060547,24.989999771118164,24.6299991607666,24.729999542236328,19.898784637451172,950200,NDSN
2007-06-25,24.655000686645508,24.844999313354492,24.165000915527344,24.424999237060547,19.65335464477539,521000,NDSN
2007-06-26,24.514999389648438,24.725000381469727,24.239999771118164,24.53499984741211,19.741878509521484,334000,NDSN
2007-06-27,24.399999618530273,25.079999923706055,24.174999237060547,25.06999969482422,20.17235565185547,503800,NDSN
2007-06-28,25.125,25.614999771118164,25.020000457763672,25.225000381469727,20.297075271606445,391000,NDSN
2007-06-29,25.329999923706055,25.68000030517578,25.06999969482422,25.079999923706055,20.18039894104004,439800,NDSN
2007-07-02,25.309999465942383,25.860000610351562,25.075000762939453,25.809999465942383,20.767791748046875,307600,NDSN
2007-07-03,25.825000762939453,25.94499969482422,25.604999542236328,25.799999237060547,20.759742736816406,115000,NDSN
2007-07-05,25.770000457763672,25.790000915527344,25.3700008392334,25.549999237060547,20.55858039855957,229800,NDSN
2007-07-06,25.40999984741211,25.75,25.200000762939453,25.594999313354492,20.594791412353516,211800,NDSN
2007-07-09,25.5,25.709999084472656,25.344999313354492,25.635000228881836,20.62697410583496,201600,NDSN
2007-07-10,25.3700008392334,25.3700008392334,24.81999969482422,24.84000015258789,19.987289428710938,402200,NDSN
2007-07-11,24.885000228881836,25.170000076293945,24.6299991607666,25.104999542236328,20.200517654418945,244600,NDSN
2007-07-12,25.21500015258789,25.690000534057617,24.9950008392334,25.655000686645508,20.64307403564453,284000,NDSN
2007-07-13,25.579999923706055,25.6299991607666,25.31999969482422,25.4950008392334,20.514320373535156,112600,NDSN
2007-07-16,25.3700008392334,25.3700008392334,24.93000030517578,25.045000076293945,20.15224266052246,259200,NDSN
2007-07-17,25.049999237060547,25.514999389648438,25.049999237060547,25.264999389648438,20.329265594482422,265000,NDSN
2007-07-18,25.094999313354492,25.53499984741211,24.635000228881836,25.030000686645508,20.140169143676758,373200,NDSN
2007-07-19,25.165000915527344,25.454999923706055,25.059999465942383,25.309999465942383,20.365461349487305,288600,NDSN
2007-07-20,25.2549991607666,25.2549991607666,24.719999313354492,25.1200008392334,20.212587356567383,521600,NDSN
2007-07-23,25.0,25.264999389648438,24.68000030517578,25.030000686645508,20.140169143676758,507600,NDSN
2007-07-24,24.71500015258789,24.825000762939453,24.44499969482422,24.55500030517578,19.75796890258789,559000,NDSN
2007-07-25,24.780000686645508,25.260000228881836,24.2549991607666,24.975000381469727,20.09591293334961,772400,NDSN
2007-07-26,24.485000610351562,24.850000381469727,23.7549991607666,24.135000228881836,19.420015335083008,664600,NDSN
2007-07-27,24.059999465942383,24.229999542236328,23.075000762939453,23.094999313354492,18.583192825317383,574000,NDSN
2007-07-30,23.045000076293945,23.434999465942383,22.399999618530273,22.780000686645508,18.329723358154297,1024400,NDSN
2007-07-31,23.03499984741211,23.75,22.704999923706055,22.8799991607666,18.41018295288086,673000,NDSN
2007-08-01,22.780000686645508,23.549999237060547,22.40999984741211,23.344999313354492,18.784351348876953,474200,NDSN
2007-08-02,23.424999237060547,23.729999542236328,23.139999389648438,23.545000076293945,18.945283889770508,286400,NDSN
2007-08-03,23.530000686645508,23.530000686645508,22.530000686645508,22.68000030517578,18.2492618560791,497400,NDSN
2007-08-06,22.5049991607666,23.645000457763672,22.315000534057617,23.600000381469727,18.989538192749023,576000,NDSN
2007-08-07,23.5049991607666,24.30500030517578,23.075000762939453,24.155000686645508,19.436113357543945,554400,NDSN
2007-08-08,24.354999542236328,26.25,24.31999969482422,25.75,20.719507217407227,826200,NDSN
2007-08-09,24.80500030517578,26.09000015258789,23.875,25.385000228881836,20.42581558227539,1049200,NDSN
2007-08-10,24.96500015258789,26.235000610351562,24.565000534057617,24.934999465942383,20.063724517822266,711800,NDSN
2007-08-13,25.270000457763672,25.75,23.530000686645508,23.645000457763672,19.025747299194336,449200,NDSN
2007-08-14,23.635000228881836,23.850000381469727,22.889999389648438,23.049999237060547,18.546985626220703,344600,NDSN
2007-08-15,22.954999923706055,24.049999237060547,22.905000686645508,22.934999465942383,18.454452514648438,348000,NDSN
2007-08-16,22.90999984741211,24.5049991607666,22.80500030517578,23.600000381469727,18.989538192749023,845200,NDSN
2007-08-17,24.434999465942383,24.645000457763672,23.540000915527344,23.8799991607666,19.21483039855957,640400,NDSN
2007-08-20,23.979999542236328,24.25,23.68000030517578,24.200000762939453,19.472312927246094,203000,NDSN
2007-08-21,24.104999542236328,24.334999084472656,23.809999465942383,23.8799991607666,19.21483039855957,115600,NDSN
2007-08-22,24.145000457763672,24.399999618530273,23.860000610351562,24.354999542236328,19.5970401763916,145800,NDSN
2007-08-23,24.399999618530273,24.399999618530273,23.139999389648438,23.434999465942383,18.856754302978516,397200,NDSN
2007-08-24,24.989999771118164,26.0,24.614999771118164,25.045000076293945,20.15224266052246,1697400,NDSN
2007-08-27,25.059999465942383,25.059999465942383,24.5,24.56999969482422,19.77003288269043,529400,NDSN
2007-08-28,24.30500030517578,24.530000686645508,24.049999237060547,24.09000015258789,19.383804321289062,451200,NDSN
2007-08-29,24.209999084472656,24.924999237060547,24.040000915527344,24.899999618530273,20.035560607910156,708800,NDSN
2007-08-30,24.645000457763672,25.219999313354492,24.424999237060547,24.850000381469727,20.065847396850586,453400,NDSN
2007-08-31,25.209999084472656,25.3700008392334,24.885000228881836,25.104999542236328,20.27174949645996,307200,NDSN
2007-09-04,25.079999923706055,25.420000076293945,24.979999542236328,25.049999237060547,20.227344512939453,313000,NDSN
2007-09-05,24.829999923706055,25.065000534057617,24.725000381469727,24.950000762939453,20.146596908569336,303200,NDSN
2007-09-06,25.0,25.149999618530273,24.600000381469727,25.020000457763672,20.203123092651367,287400,NDSN
2007-09-07,24.610000610351562,25.34000015258789,23.93000030517578,24.104999542236328,19.464277267456055,282400,NDSN
2007-09-10,24.114999771118164,24.415000915527344,23.649999618530273,23.895000457763672,19.294706344604492,302600,NDSN
2007-09-11,24.010000228881836,24.415000915527344,23.670000076293945,24.329999923706055,19.64596176147461,257000,NDSN
2007-09-12,24.264999389648438,24.415000915527344,23.795000076293945,24.030000686645508,19.40372085571289,444600,NDSN
2007-09-13,24.209999084472656,24.3799991607666,23.774999618530273,24.075000762939453,19.4400577545166,305600,NDSN
2007-09-14,23.850000381469727,24.1200008392334,23.625,24.05500030517578,19.42389678955078,370400,NDSN
2007-09-17,24.03499984741211,24.05500030517578,23.44499969482422,23.530000686645508,18.999980926513672,698600,NDSN
2007-09-18,23.700000762939453,25.309999465942383,23.65999984741211,25.290000915527344,20.421144485473633,527400,NDSN
2007-09-19,25.5,25.9950008392334,25.15999984741211,25.34000015258789,20.461509704589844,518800,NDSN
2007-09-20,25.264999389648438,25.440000534057617,24.68000030517578,24.985000610351562,20.174861907958984,361200,NDSN
2007-09-21,25.219999313354492,25.614999771118164,24.899999618530273,25.475000381469727,20.570524215698242,810200,NDSN
2007-09-24,25.31999969482422,25.584999084472656,24.479999542236328,24.850000381469727,20.065847396850586,493000,NDSN
2007-09-25,24.690000534057617,25.049999237060547,24.4950008392334,24.864999771118164,20.07795524597168,437400,NDSN
2007-09-26,25.079999923706055,25.815000534057617,24.979999542236328,25.565000534057617,20.64319610595703,396400,NDSN
2007-09-27,25.704999923706055,25.809999465942383,25.094999313354492,25.46500015258789,20.562450408935547,299200,NDSN
2007-09-28,25.43000030517578,25.69499969482422,24.96500015258789,25.104999542236328,20.27174949645996,329400,NDSN
2007-10-01,26.459999084472656,27.344999313354492,26.219999313354492,27.15999984741211,21.93112564086914,664000,NDSN
2007-10-02,26.985000610351562,27.334999084472656,26.780000686645508,27.09000015258789,21.874601364135742,322800,NDSN
2007-10-03,26.96500015258789,27.145000457763672,26.229999542236328,26.454999923706055,21.361852645874023,292800,NDSN
2007-10-04,26.56999969482422,27.020000457763672,26.25,26.31999969482422,21.252851486206055,292800,NDSN
2007-10-05,26.15999984741211,27.014999389648438,26.024999618530273,26.9950008392334,21.797887802124023,595400,NDSN
2007-10-08,26.885000228881836,27.829999923706055,26.815000534057617,27.354999542236328,22.08858299255371,430200,NDSN
2007-10-09,27.485000610351562,27.639999389648438,27.014999389648438,27.600000381469727,22.286422729492188,338000,NDSN
2007-10-10,27.5,27.71500015258789,27.399999618530273,27.625,22.30660629272461,284000,NDSN
2007-10-11,27.69499969482422,28.15999984741211,26.65999984741211,27.075000762939453,21.862491607666016,341200,NDSN
2007-10-12,27.15999984741211,27.424999237060547,26.709999084472656,26.80500030517578,21.644468307495117,294200,NDSN
2007-10-15,26.764999389648438,27.114999771118164,26.209999084472656,26.485000610351562,21.386079788208008,234800,NDSN
2007-10-16,26.510000228881836,26.920000076293945,26.295000076293945,26.479999542236328,21.382038116455078,150200,NDSN
2007-10-17,26.854999542236328,26.969999313354492,26.059999465942383,26.6299991607666,21.503150939941406,192000,NDSN
2007-10-18,26.469999313354492,26.93000030517578,26.145000457763672,26.764999389648438,21.612167358398438,147000,NDSN
2007-10-19,26.764999389648438,26.844999313354492,25.420000076293945,25.485000610351562,20.57859230041504,329800,NDSN
2007-10-22,25.174999237060547,26.2549991607666,25.0,26.104999542236328,21.079233169555664,240000,NDSN
2007-10-23,26.424999237060547,26.424999237060547,25.674999237060547,26.299999237060547,21.236682891845703,240000,NDSN
2007-10-24,26.065000534057617,26.68000030517578,25.774999618530273,26.55500030517578,21.44260025024414,266800,NDSN
2007-10-25,26.645000457763672,27.0,26.15999984741211,26.729999542236328,21.583906173706055,423200,NDSN
2007-10-26,27.110000610351562,27.4950008392334,26.75,27.280000686645508,22.028018951416016,287000,NDSN
2007-10-29,27.34000015258789,27.434999465942383,26.80500030517578,27.075000762939453,21.862491607666016,211600,NDSN
2007-10-30,26.94499969482422,26.950000762939453,26.469999313354492,26.520000457763672,21.414329528808594,210400,NDSN
2007-10-31,26.565000534057617,27.040000915527344,26.1299991607666,26.75,21.60005760192871,457400,NDSN
2007-11-01,26.350000381469727,26.7450008392334,25.559999465942383,26.350000381469727,21.277069091796875,491200,NDSN
2007-11-02,26.614999771118164,26.739999771118164,26.010000228881836,26.545000076293945,21.434526443481445,258800,NDSN
2007-11-05,26.15999984741211,26.34000015258789,25.700000762939453,26.014999389648438,21.006561279296875,212400,NDSN
2007-11-06,26.014999389648438,26.385000228881836,25.545000076293945,26.344999313354492,21.273033142089844,246000,NDSN
2007-11-07,25.940000534057617,26.05500030517578,25.424999237060547,25.69499969482422,20.748170852661133,325000,NDSN
2007-11-08,25.920000076293945,26.190000534057617,25.424999237060547,26.075000762939453,21.055011749267578,289400,NDSN
2007-11-09,25.725000381469727,26.040000915527344,25.329999923706055,25.645000457763672,20.70779037475586,421400,NDSN
2007-11-12,25.5,26.0,25.084999084472656,25.364999771118164,20.481698989868164,218000,NDSN
2007-11-13,25.59000015258789,26.25,25.364999771118164,26.174999237060547,21.135751724243164,232400,NDSN
2007-11-14,26.260000228881836,26.260000228881836,25.299999237060547,25.479999542236328,20.57455825805664,295800,NDSN
2007-11-15,25.399999618530273,25.674999237060547,25.114999771118164,25.385000228881836,20.497852325439453,271600,NDSN
2007-11-16,25.450000762939453,25.520000457763672,24.829999923706055,25.184999465942383,20.336353302001953,354400,NDSN
2007-11-19,24.969999313354492,25.094999313354492,24.545000076293945,24.725000381469727,19.96491813659668,736600,NDSN
2007-11-20,24.684999465942383,25.030000686645508,24.264999389648438,24.7549991607666,19.9891300201416,382600,NDSN
2007-11-21,24.549999237060547,25.19499969482422,24.549999237060547,24.774999618530273,20.00528335571289,237800,NDSN
2007-11-23,25.024999618530273,25.434999465942383,24.594999313354492,25.239999771118164,20.380760192871094,112600,NDSN
2007-11-26,25.25,25.690000534057617,25.024999618530273,25.229999542236328,20.372690200805664,323800,NDSN
2007-11-27,25.329999923706055,25.950000762939453,24.934999465942383,25.690000534057617,20.744138717651367,253600,NDSN
2007-11-28,26.0,27.844999313354492,25.940000534057617,27.7549991607666,22.41157341003418,537600,NDSN
2007-11-29,27.579999923706055,27.614999771118164,26.739999771118164,26.84000015258789,21.6727237701416,509400,NDSN
2007-11-30,27.059999465942383,27.34000015258789,26.049999237060547,26.399999618530273,21.317441940307617,460800,NDSN
2007-12-03,26.270000457763672,26.53499984741211,25.950000762939453,25.954999923706055,20.958101272583008,226800,NDSN
2007-12-04,25.68000030517578,25.899999618530273,25.135000228881836,25.6299991607666,20.695682525634766,272400,NDSN
2007-12-05,26.094999313354492,26.549999237060547,25.94499969482422,26.454999923706055,21.361852645874023,340000,NDSN
2007-12-06,26.3799991607666,27.329999923706055,26.165000915527344,27.040000915527344,21.834228515625,399400,NDSN
2007-12-07,27.155000686645508,27.225000381469727,26.780000686645508,27.15999984741211,21.93112564086914,192800,NDSN
2007-12-10,27.125,27.875,27.03499984741211,27.59000015258789,22.278337478637695,215200,NDSN
2007-12-11,27.709999084472656,27.709999084472656,26.325000762939453,26.329999923706055,21.260921478271484,308400,NDSN
2007-12-12,26.975000381469727,27.625,26.649999618530273,26.924999237060547,21.741363525390625,341400,NDSN
2007-12-13,26.670000076293945,27.6200008392334,26.354999542236328,27.579999923706055,22.270267486572266,267400,NDSN
2007-12-14,27.25,27.25,26.1200008392334,26.260000228881836,21.204391479492188,287200,NDSN
2007-12-17,26.084999084472656,26.375,25.524999618530273,25.524999618530273,20.61089515686035,285000,NDSN
2007-12-18,26.014999389648438,26.2549991607666,25.354999542236328,25.985000610351562,20.982336044311523,446000,NDSN
2007-12-19,26.979999542236328,28.635000228881836,26.709999084472656,27.989999771118164,22.68120002746582,855200,NDSN
2007-12-20,28.5,29.389999389648438,27.889999389648438,29.350000381469727,23.783254623413086,589000,NDSN
2007-12-21,29.84000015258789,29.959999084472656,29.139999389648438,29.645000457763672,24.022300720214844,1258000,NDSN
2007-12-24,29.725000381469727,30.790000915527344,29.6200008392334,30.149999618530273,24.4315128326416,208200,NDSN
2007-12-26,29.274999618530273,30.719999313354492,29.274999618530273,30.450000762939453,24.67461585998535,311200,NDSN
2007-12-27,30.399999618530273,30.399999618530273,29.104999542236328,29.274999618530273,23.72246742248535,257200,NDSN
2007-12-28,29.665000915527344,29.975000381469727,29.209999084472656,29.584999084472656,23.97367286682129,162400,NDSN
2007-12-31,29.415000915527344,29.635000228881836,28.834999084472656,28.979999542236328,23.483421325683594,388600,NDSN
2008-01-02,28.834999084472656,29.084999084472656,27.709999084472656,27.899999618530273,22.60826301574707,350600,NDSN
2008-01-03,28.059999465942383,28.264999389648438,27.40999984741211,27.520000457763672,22.300334930419922,439000,NDSN
2008-01-04,27.184999465942383,27.274999618530273,26.399999618530273,26.485000610351562,21.461647033691406,263000,NDSN
2008-01-07,26.625,27.190000534057617,26.2450008392334,26.565000534057617,21.526472091674805,349200,NDSN
2008-01-08,26.579999923706055,27.049999237060547,25.440000534057617,25.450000762939453,20.622949600219727,414200,NDSN
2008-01-09,25.3700008392334,26.09000015258789,25.280000686645508,26.05500030517578,21.11320686340332,392800,NDSN
2008-01-10,25.815000534057617,26.780000686645508,25.46500015258789,26.469999313354492,21.449487686157227,381000,NDSN
2008-01-11,26.125,26.4950008392334,24.969999313354492,25.125,20.359588623046875,399800,NDSN
2008-01-14,25.344999313354492,25.96500015258789,25.270000457763672,25.6299991607666,20.768814086914062,405200,NDSN
2008-01-15,25.270000457763672,25.594999313354492,24.514999389648438,24.690000534057617,20.00710678100586,509000,NDSN
2008-01-16,24.540000915527344,24.639999389648438,23.385000228881836,23.434999465942383,18.990131378173828,831600,NDSN
2008-01-17,23.579999923706055,23.674999237060547,22.200000762939453,22.395000457763672,18.14739227294922,1168000,NDSN
2008-01-18,22.2549991607666,23.014999389648438,22.170000076293945,22.469999313354492,18.20815658569336,1039400,NDSN
2008-01-22,21.614999771118164,22.934999465942383,21.149999618530273,22.31999969482422,18.086610794067383,620400,NDSN
2008-01-23,21.729999542236328,23.049999237060547,21.584999084472656,22.924999237060547,18.576866149902344,1001400,NDSN
2008-01-24,23.295000076293945,23.584999084472656,22.954999923706055,23.170000076293945,18.7753963470459,781200,NDSN
2008-01-25,23.3799991607666,24.170000076293945,23.184999465942383,23.719999313354492,19.221080780029297,571800,NDSN
2008-01-28,23.584999084472656,24.135000228881836,23.25,23.645000457763672,19.160310745239258,702400,NDSN
2008-01-29,23.81999969482422,24.0049991607666,23.309999465942383,23.875,19.3466796875,381400,NDSN
2008-01-30,23.684999465942383,25.09000015258789,23.540000915527344,24.15999984741211,19.577625274658203,600400,NDSN
2008-01-31,23.7549991607666,25.25,23.6299991607666,24.940000534057617,20.20968246459961,590400,NDSN
2008-02-01,25.03499984741211,25.829999923706055,24.829999923706055,25.540000915527344,20.695884704589844,447600,NDSN
2008-02-04,25.540000915527344,25.600000381469727,25.049999237060547,25.3799991607666,20.566226959228516,320000,NDSN
2008-02-05,24.8799991607666,25.360000610351562,24.219999313354492,24.270000457763672,19.666770935058594,394400,NDSN
2008-02-06,24.450000762939453,24.950000762939453,24.03499984741211,24.114999771118164,19.541156768798828,265800,NDSN
2008-02-07,23.924999237060547,25.2549991607666,23.579999923706055,24.270000457763672,19.666770935058594,314800,NDSN
2008-02-08,23.815000534057617,24.424999237060547,23.815000534057617,24.094999313354492,19.52495765686035,313400,NDSN
2008-02-11,24.06999969482422,24.364999771118164,23.709999084472656,24.114999771118164,19.541156768798828,288600,NDSN
2008-02-12,24.290000915527344,24.899999618530273,23.954999923706055,24.395000457763672,19.768051147460938,294000,NDSN
2008-02-13,24.645000457763672,25.334999084472656,24.145000457763672,24.9950008392334,20.254255294799805,607200,NDSN
2008-02-14,25.079999923706055,25.84000015258789,24.5,24.579999923706055,19.91796875,435000,NDSN
2008-02-15,24.364999771118164,24.825000762939453,24.0049991607666,24.239999771118164,19.6424503326416,838000,NDSN
2008-02-19,24.540000915527344,24.975000381469727,24.18000030517578,24.575000762939453,19.91390609741211,651400,NDSN
2008-02-20,24.46500015258789,25.280000686645508,24.21500015258789,25.040000915527344,20.290721893310547,686800,NDSN
2008-02-21,25.329999923706055,25.579999923706055,24.84000015258789,24.895000457763672,20.17321014404297,803200,NDSN
2008-02-22,26.020000457763672,26.020000457763672,24.690000534057617,25.014999389648438,20.270450592041016,1355200,NDSN
2008-02-25,25.2549991607666,26.325000762939453,25.239999771118164,26.260000228881836,21.27931785583496,1123800,NDSN
2008-02-26,26.274999618530273,27.100000381469727,26.125,26.80500030517578,21.720949172973633,830800,NDSN
2008-02-27,26.530000686645508,27.760000228881836,26.530000686645508,27.34000015258789,22.15447425842285,800400,NDSN
2008-02-28,27.229999542236328,27.299999237060547,26.475000381469727,26.600000381469727,21.554834365844727,764200,NDSN
2008-02-29,26.100000381469727,26.329999923706055,25.530000686645508,25.69499969482422,20.893360137939453,1008800,NDSN
2008-03-03,25.645000457763672,26.415000915527344,25.18000030517578,26.024999618530273,21.161684036254883,770400,NDSN
2008-03-04,25.704999923706055,26.145000457763672,25.145000457763672,25.674999237060547,20.877086639404297,758800,NDSN
2008-03-05,25.80500030517578,26.184999465942383,25.40999984741211,26.155000686645508,21.267396926879883,783600,NDSN
2008-03-06,25.96500015258789,26.34000015258789,25.790000915527344,25.875,21.03972625732422,919200,NDSN
2008-03-07,25.594999313354492,26.209999084472656,25.149999618530273,25.735000610351562,20.925880432128906,586400,NDSN
2008-03-10,25.825000762939453,25.825000762939453,25.299999237060547,25.434999465942383,20.68194007873535,735800,NDSN
2008-03-11,26.350000381469727,26.80500030517578,25.625,26.80500030517578,21.795927047729492,905800,NDSN
2008-03-12,26.96500015258789,27.09000015258789,26.469999313354492,26.68000030517578,21.69428062438965,626000,NDSN
2008-03-13,26.0,26.979999542236328,25.920000076293945,26.739999771118164,21.743078231811523,885800,NDSN
2008-03-14,26.905000686645508,26.905000686645508,25.295000076293945,25.665000915527344,20.86896514892578,617600,NDSN
2008-03-17,25.014999389648438,25.739999771118164,25.014999389648438,25.34000015258789,20.604692459106445,720000,NDSN
2008-03-18,25.815000534057617,26.450000762939453,25.424999237060547,26.399999618530273,21.466609954833984,702200,NDSN
2008-03-19,26.479999542236328,26.915000915527344,25.6299991607666,25.6299991607666,20.840503692626953,694800,NDSN
2008-03-20,25.8799991607666,26.575000762939453,25.469999313354492,26.34000015258789,21.417827606201172,1493000,NDSN
2008-03-24,26.489999771118164,27.360000610351562,26.3700008392334,27.100000381469727,22.035804748535156,338400,NDSN
2008-03-25,27.165000915527344,27.719999313354492,26.9950008392334,27.610000610351562,22.45049285888672,369400,NDSN
2008-03-26,27.434999465942383,27.5,26.940000534057617,27.30500030517578,22.202497482299805,389000,NDSN
2008-03-27,27.415000915527344,27.5,26.809999465942383,26.854999542236328,21.836576461791992,287600,NDSN
2008-03-28,26.94499969482422,27.229999542236328,26.770000457763672,26.8700008392334,21.848779678344727,323800,NDSN
2008-03-31,26.954999923706055,27.1299991607666,26.270000457763672,26.924999237060547,21.89350128173828,501600,NDSN
2008-04-01,27.225000381469727,28.2450008392334,27.190000534057617,28.239999771118164,22.9627685546875,371600,NDSN
2008-04-02,28.239999771118164,28.475000381469727,28.0049991607666,28.334999084472656,23.040016174316406,345200,NDSN
2008-04-03,27.875,27.954999923706055,27.270000457763672,27.774999618530273,22.58466148376465,460200,NDSN
2008-04-04,27.790000915527344,28.30500030517578,27.5,27.975000381469727,22.747285842895508,345000,NDSN
2008-04-07,28.139999389648438,28.405000686645508,27.579999923706055,27.78499984741211,22.592788696289062,357000,NDSN
2008-04-08,27.094999313354492,27.920000076293945,27.094999313354492,27.690000534057617,22.515546798706055,340200,NDSN
2008-04-09,27.774999618530273,27.924999237060547,27.309999465942383,27.5,22.361051559448242,430000,NDSN
2008-04-10,27.56999969482422,28.125,27.25,28.05500030517578,22.812347412109375,220200,NDSN
2008-04-11,27.770000457763672,28.165000915527344,27.104999542236328,27.290000915527344,22.190303802490234,343400,NDSN
2008-04-14,27.184999465942383,27.68000030517578,27.020000457763672,27.059999465942383,22.003276824951172,241600,NDSN
2008-04-15,27.200000762939453,27.415000915527344,26.7549991607666,27.280000686645508,22.182167053222656,204600,NDSN
2008-04-16,27.440000534057617,28.135000228881836,27.420000076293945,28.075000762939453,22.828601837158203,495600,NDSN
2008-04-17,28.024999618530273,28.024999618530273,27.3799991607666,27.635000228881836,22.470827102661133,168400,NDSN
2008-04-18,28.114999771118164,28.690000534057617,27.90999984741211,28.59000015258789,23.247360229492188,326800,NDSN
2008-04-21,28.309999465942383,28.850000381469727,28.200000762939453,28.809999465942383,23.426258087158203,270400,NDSN
2008-04-22,28.639999389648438,28.639999389648438,28.174999237060547,28.559999465942383,23.22297477722168,537800,NDSN
2008-04-23,28.639999389648438,28.94499969482422,28.3799991607666,28.895000457763672,23.4953670501709,325600,NDSN
2008-04-24,28.864999771118164,29.28499984741211,28.125,29.024999618530273,23.601072311401367,355000,NDSN
2008-04-25,29.15999984741211,29.530000686645508,28.760000228881836,29.424999237060547,23.92631721496582,266200,NDSN
2008-04-28,29.3799991607666,29.575000762939453,29.2549991607666,29.469999313354492,23.96291732788086,512600,NDSN
2008-04-29,29.485000610351562,29.584999084472656,29.18000030517578,29.344999313354492,23.86128044128418,299800,NDSN
2008-04-30,29.46500015258789,29.829999923706055,27.950000762939453,29.514999389648438,23.999502182006836,382400,NDSN
2008-05-01,29.524999618530273,30.209999084472656,29.450000762939453,30.110000610351562,24.483325958251953,402000,NDSN
2008-05-02,30.290000915527344,30.424999237060547,29.729999542236328,29.770000457763672,24.206867218017578,364000,NDSN
2008-05-05,29.739999771118164,29.7549991607666,29.270000457763672,29.69499969482422,24.14586639404297,284800,NDSN
2008-05-06,29.469999313354492,30.104999542236328,29.174999237060547,29.979999542236328,24.377622604370117,294200,NDSN
2008-05-07,30.030000686645508,30.125,29.395000457763672,29.565000534057617,24.040163040161133,316800,NDSN
2008-05-08,29.520000457763672,29.959999084472656,29.28499984741211,29.825000762939453,24.25157928466797,191000,NDSN
2008-05-09,29.5049991607666,30.09000015258789,29.184999465942383,30.0,24.39387321472168,152800,NDSN
2008-05-12,29.989999771118164,30.834999084472656,29.579999923706055,30.809999465942383,25.05251121520996,319400,NDSN
2008-05-13,30.829999923706055,31.520000457763672,30.385000228881836,31.450000762939453,25.572908401489258,395000,NDSN
2008-05-14,31.40999984741211,31.40999984741211,30.459999084472656,30.5,24.80044174194336,500600,NDSN
2008-05-15,30.46500015258789,31.565000534057617,30.399999618530273,31.450000762939453,25.572908401489258,361600,NDSN
2008-05-16,31.68000030517578,31.934999465942383,30.674999237060547,31.44499969482422,25.56884765625,273800,NDSN
2008-05-19,31.395000457763672,31.90999984741211,31.145000457763672,31.354999542236328,25.495670318603516,467800,NDSN
2008-05-20,31.325000762939453,31.579999923706055,30.725000381469727,31.110000610351562,25.296449661254883,359400,NDSN
2008-05-21,31.270000457763672,31.459999084472656,30.06999969482422,30.56999969482422,24.85736083984375,481600,NDSN
2008-05-22,34.189998626708984,35.2400016784668,33.76499938964844,34.8650016784668,28.34975242614746,2141800,NDSN
2008-05-23,33.47999954223633,34.779998779296875,33.47999954223633,34.529998779296875,28.07735252380371,833600,NDSN
2008-05-27,34.744998931884766,35.209999084472656,34.60499954223633,34.79999923706055,28.296903610229492,1029800,NDSN
2008-05-28,35.0099983215332,36.08000183105469,34.900001525878906,36.08000183105469,29.337709426879883,1261000,NDSN
2008-05-29,35.849998474121094,36.244998931884766,34.93000030517578,35.73500061035156,29.057180404663086,823000,NDSN
2008-05-30,35.974998474121094,36.255001068115234,35.70000076293945,35.92499923706055,29.286653518676758,1023200,NDSN
2008-06-02,35.92499923706055,36.2400016784668,34.404998779296875,35.790000915527344,29.176612854003906,608800,NDSN
2008-06-03,35.834999084472656,36.290000915527344,35.099998474121094,35.38999938964844,28.85052490234375,752200,NDSN
2008-06-04,35.244998931884766,36.724998474121094,35.18000030517578,36.125,29.449687957763672,926200,NDSN
2008-06-05,36.275001525878906,37.459999084472656,36.25,37.31999969482422,30.42388916015625,1039200,NDSN
2008-06-06,36.96500015258789,37.47999954223633,36.53499984741211,36.53499984741211,29.783945083618164,852600,NDSN
2008-06-09,36.33000183105469,37.345001220703125,35.974998474121094,37.10499954223633,30.248613357543945,832400,NDSN
2008-06-10,36.790000915527344,37.29499816894531,36.02000045776367,36.040000915527344,29.380403518676758,1423000,NDSN
2008-06-11,36.040000915527344,36.46500015258789,35.435001373291016,35.45000076293945,28.8994197845459,857200,NDSN
2008-06-12,35.33000183105469,36.71500015258789,34.56999969482422,36.224998474121094,29.53120994567871,839000,NDSN
2008-06-13,36.84000015258789,37.494998931884766,36.79999923706055,37.345001220703125,30.444257736206055,970800,NDSN
2008-06-16,37.505001068115234,37.810001373291016,37.35499954223633,37.720001220703125,30.749958038330078,1188000,NDSN
2008-06-17,38.040000915527344,38.040000915527344,37.470001220703125,37.63999938964844,30.68474578857422,624600,NDSN
2008-06-18,37.42499923706055,38.150001525878906,37.20000076293945,37.54999923706055,30.611385345458984,977400,NDSN
2008-06-19,37.16999816894531,38.209999084472656,37.16999816894531,38.20000076293945,31.14128875732422,406600,NDSN
2008-06-20,38.0,38.0,37.1150016784668,37.71500015258789,30.745901107788086,901400,NDSN
2008-06-23,37.68000030517578,38.64500045776367,37.505001068115234,38.15999984741211,31.108661651611328,470200,NDSN
2008-06-24,37.90999984741211,38.349998474121094,37.52000045776367,37.52000045776367,30.586915969848633,470600,NDSN
2008-06-25,37.56999969482422,38.44499969482422,37.529998779296875,38.03499984741211,31.006763458251953,653600,NDSN
2008-06-26,37.7400016784668,37.7400016784668,36.61000061035156,36.7400016784668,29.9510498046875,549600,NDSN
2008-06-27,36.814998626708984,37.15999984741211,36.404998779296875,36.72999954223633,29.942916870117188,1256800,NDSN
2008-06-30,36.775001525878906,37.27000045776367,36.35499954223633,36.44499969482422,29.710567474365234,471000,NDSN
2008-07-01,36.345001220703125,37.275001525878906,35.849998474121094,36.89500045776367,30.077411651611328,439800,NDSN
2008-07-02,36.83000183105469,37.18000030517578,34.505001068115234,34.54499816894531,28.161651611328125,758400,NDSN
2008-07-03,34.560001373291016,34.58000183105469,33.01499938964844,33.47999954223633,27.29344940185547,797800,NDSN
2008-07-07,33.75,34.30500030517578,33.025001525878906,33.42499923706055,27.248619079589844,741000,NDSN
2008-07-08,33.46500015258789,35.02000045776367,33.40999984741211,35.0099983215332,28.540725708007812,910400,NDSN
2008-07-09,35.08000183105469,35.744998931884766,34.53499984741211,34.845001220703125,28.406221389770508,764200,NDSN
2008-07-10,34.599998474121094,34.9900016784668,34.185001373291016,34.685001373291016,28.275787353515625,741800,NDSN
2008-07-11,34.349998474121094,35.15999984741211,33.83000183105469,35.02000045776367,28.54888153076172,591200,NDSN
2008-07-14,35.345001220703125,35.80500030517578,34.084999084472656,35.43000030517578,28.883134841918945,694400,NDSN
2008-07-15,34.95500183105469,36.96500015258789,34.43000030517578,36.494998931884766,29.751319885253906,1602600,NDSN
2008-07-16,36.68000030517578,38.4900016784668,35.814998626708984,38.36000061035156,31.271713256835938,1101600,NDSN
2008-07-17,38.45500183105469,38.459999084472656,37.779998779296875,38.20000076293945,31.14128875732422,605800,NDSN
2008-07-18,38.25,38.46500015258789,37.525001525878906,37.86000061035156,30.864099502563477,427200,NDSN
2008-07-21,38.05500030517578,38.689998626708984,37.54999923706055,38.51499938964844,31.3980712890625,402800,NDSN
2008-07-22,38.20500183105469,39.4900016784668,37.8849983215332,39.310001373291016,32.04615783691406,1015200,NDSN
2008-07-23,38.47999954223633,38.619998931884766,36.96500015258789,37.459999084472656,30.53800392150879,1292400,NDSN
2008-07-24,37.5,37.915000915527344,36.27000045776367,36.40999984741211,29.68202781677246,776600,NDSN
2008-07-25,36.81999969482422,37.3849983215332,36.03499984741211,36.779998779296875,29.98366355895996,523600,NDSN
2008-07-28,36.72999954223633,37.15999984741211,36.0,36.1349983215332,29.457847595214844,414200,NDSN
2008-07-29,36.334999084472656,36.875,35.77000045776367,36.779998779296875,29.98366355895996,523800,NDSN
2008-07-30,37.1349983215332,37.52000045776367,36.44499969482422,37.0,30.16301155090332,831200,NDSN
2008-07-31,36.5099983215332,36.59000015258789,35.32500076293945,35.33000183105469,28.801610946655273,744200,NDSN
2008-08-01,35.68000030517578,35.845001220703125,34.66999816894531,34.85499954223633,28.414386749267578,785400,NDSN
2008-08-04,34.93000030517578,35.165000915527344,34.31999969482422,34.560001373291016,28.17388153076172,454800,NDSN
2008-08-05,34.13999938964844,35.244998931884766,34.13999938964844,34.76499938964844,28.34100914001465,432000,NDSN
2008-08-06,34.125,35.39500045776367,34.125,35.099998474121094,28.61408805847168,518400,NDSN
2008-08-07,34.619998931884766,34.79499816894531,34.255001068115234,34.38999938964844,28.035287857055664,577000,NDSN
2008-08-08,34.279998779296875,35.150001525878906,34.279998779296875,35.04999923706055,28.573354721069336,587600,NDSN
2008-08-11,35.32500076293945,36.290000915527344,35.03499984741211,36.150001525878906,29.47007942199707,718200,NDSN
2008-08-12,36.084999084472656,36.084999084472656,35.435001373291016,35.599998474121094,29.021705627441406,442800,NDSN
2008-08-13,35.435001373291016,35.98500061035156,35.084999084472656,35.810001373291016,29.192895889282227,432000,NDSN
2008-08-14,35.435001373291016,36.040000915527344,35.415000915527344,35.9900016784668,29.339645385742188,380000,NDSN
2008-08-15,36.45500183105469,36.5,35.82500076293945,35.935001373291016,29.2947998046875,636000,NDSN
2008-08-18,36.07500076293945,36.4900016784668,35.529998779296875,35.84000015258789,29.217365264892578,257000,NDSN
2008-08-19,35.560001373291016,36.459999084472656,35.52000045776367,35.8849983215332,29.25403594970703,404000,NDSN
2008-08-20,35.974998474121094,36.48500061035156,35.73500061035156,36.2400016784668,29.543458938598633,496600,NDSN
2008-08-21,36.060001373291016,36.224998474121094,35.38999938964844,35.8849983215332,29.25403594970703,719200,NDSN
2008-08-22,28.43000030517578,28.979999542236328,26.950000762939453,27.3700008392334,22.312484741210938,6761200,NDSN
2008-08-25,27.204999923706055,27.424999237060547,26.239999771118164,26.334999084472656,21.468732833862305,1915800,NDSN
2008-08-26,25.7450008392334,27.0,25.670000076293945,26.549999237060547,21.643997192382812,1819000,NDSN
2008-08-27,26.670000076293945,26.75,26.184999465942383,26.450000762939453,21.562482833862305,770400,NDSN
2008-08-28,26.30500030517578,26.799999237060547,26.110000610351562,26.764999389648438,21.895008087158203,889200,NDSN
2008-08-29,26.844999313354492,27.040000915527344,26.344999313354492,26.815000534057617,21.9359130859375,1061800,NDSN
2008-09-02,26.524999618530273,26.579999923706055,25.165000915527344,25.19499969482422,20.61068344116211,1575600,NDSN
2008-09-03,25.25,25.719999313354492,24.69499969482422,25.0049991607666,20.45525550842285,603600,NDSN
2008-09-04,25.100000381469727,25.584999084472656,24.625,24.700000762939453,20.205751419067383,861000,NDSN
2008-09-05,24.55500030517578,25.059999465942383,24.170000076293945,24.704999923706055,20.209835052490234,661800,NDSN
2008-09-08,25.530000686645508,25.850000381469727,24.540000915527344,24.80500030517578,20.291648864746094,507000,NDSN
2008-09-09,24.80500030517578,25.225000381469727,23.459999084472656,23.514999389648438,19.236358642578125,960800,NDSN
2008-09-10,23.860000610351562,25.19499969482422,23.834999084472656,25.104999542236328,20.537052154541016,999600,NDSN
2008-09-11,24.934999465942383,25.299999237060547,24.229999542236328,25.05500030517578,20.496152877807617,708400,NDSN
2008-09-12,25.045000076293945,25.299999237060547,24.600000381469727,25.020000457763672,20.467527389526367,533200,NDSN
2008-09-15,23.670000076293945,25.329999923706055,23.670000076293945,24.149999618530273,19.755821228027344,918000,NDSN
2008-09-16,23.420000076293945,24.825000762939453,23.395000457763672,24.674999237060547,20.18529510498047,901800,NDSN
2008-09-17,24.2549991607666,24.9950008392334,22.514999389648438,22.940000534057617,18.765993118286133,1135200,NDSN
2008-09-18,23.545000076293945,26.170000076293945,23.420000076293945,26.094999313354492,21.346925735473633,1447800,NDSN
2008-09-19,27.315000534057617,28.625,26.46500015258789,27.15999984741211,22.218149185180664,1835200,NDSN
2008-09-22,27.424999237060547,27.739999771118164,25.850000381469727,25.96500015258789,21.240575790405273,595800,NDSN
2008-09-23,25.90999984741211,26.334999084472656,24.579999923706055,24.735000610351562,20.234384536743164,524200,NDSN
2008-09-24,24.7450008392334,25.450000762939453,23.655000686645508,23.725000381469727,19.408151626586914,462400,NDSN
2008-09-25,23.915000915527344,24.614999771118164,23.760000228881836,24.139999389648438,19.747636795043945,384800,NDSN
2008-09-26,24.09000015258789,24.260000228881836,23.385000228881836,24.1299991607666,19.73946762084961,398200,NDSN
2008-09-29,23.690000534057617,24.655000686645508,22.6200008392334,22.790000915527344,18.643281936645508,478400,NDSN
2008-09-30,23.34000015258789,24.709999084472656,23.31999969482422,24.55500030517578,20.087129592895508,529400,NDSN
2008-10-01,24.424999237060547,24.790000915527344,23.80500030517578,23.989999771118164,19.624929428100586,450800,NDSN
2008-10-02,23.8799991607666,23.979999542236328,22.309999465942383,22.43000030517578,18.348777770996094,333600,NDSN
2008-10-03,22.809999465942383,23.709999084472656,21.950000762939453,22.059999465942383,18.046112060546875,573600,NDSN
2008-10-06,21.8700008392334,22.19499969482422,20.049999237060547,21.899999618530273,17.915220260620117,817600,NDSN
2008-10-07,22.190000534057617,22.34000015258789,20.149999618530273,20.15999984741211,16.491817474365234,713000,NDSN
2008-10-08,19.479999542236328,20.684999465942383,19.385000228881836,19.7450008392334,16.152326583862305,1331800,NDSN
2008-10-09,20.024999618530273,20.44499969482422,18.014999389648438,18.135000228881836,14.8352689743042,762800,NDSN
2008-10-10,17.290000915527344,20.219999313354492,15.595000267028809,19.795000076293945,16.1932315826416,1256800,NDSN
2008-10-13,20.9950008392334,22.139999389648438,19.8700008392334,22.014999389648438,18.00929069519043,906000,NDSN
2008-10-14,22.899999618530273,23.1200008392334,20.225000381469727,20.860000610351562,17.06444549560547,663600,NDSN
2008-10-15,20.235000610351562,21.299999237060547,18.559999465942383,18.600000381469727,15.215673446655273,525200,NDSN
2008-10-16,18.53499984741211,20.03499984741211,17.389999389648438,19.834999084472656,16.2259521484375,842200,NDSN
2008-10-17,18.850000381469727,20.854999542236328,18.850000381469727,19.350000381469727,15.829208374023438,708800,NDSN
2008-10-20,19.649999618530273,20.809999465942383,19.600000381469727,20.780000686645508,16.99900245666504,577200,NDSN
2008-10-21,20.6200008392334,21.34000015258789,19.885000228881836,20.520000457763672,16.78631019592285,579400,NDSN
2008-10-22,19.920000076293945,19.920000076293945,17.735000610351562,18.43000030517578,15.076597213745117,912400,NDSN
2008-10-23,18.235000610351562,19.354999542236328,16.924999237060547,17.65999984741211,14.446702003479004,808000,NDSN
2008-10-24,15.989999771118164,17.7549991607666,15.595000267028809,16.915000915527344,13.837257385253906,600800,NDSN
2008-10-27,16.635000228881836,17.639999389648438,16.399999618530273,16.485000610351562,13.485494613647461,692600,NDSN
2008-10-28,16.920000076293945,17.344999313354492,16.219999313354492,17.290000915527344,14.144023895263672,1622400,NDSN
2008-10-29,17.31999969482422,19.165000915527344,16.885000228881836,17.899999618530273,14.643033027648926,717400,NDSN
2008-10-30,18.614999771118164,18.635000228881836,17.31999969482422,18.100000381469727,14.806636810302734,1496800,NDSN
2008-10-31,18.190000534057617,18.940000534057617,18.05500030517578,18.46500015258789,15.105226516723633,1337800,NDSN
2008-11-03,18.3799991607666,19.530000686645508,18.375,19.114999771118164,15.636955261230469,881800,NDSN
2008-11-04,19.5,19.975000381469727,18.934999465942383,19.584999084472656,16.021438598632812,532600,NDSN
2008-11-05,19.25,19.940000534057617,18.459999084472656,18.524999618530273,15.15431022644043,691200,NDSN
2008-11-06,18.344999313354492,18.450000762939453,17.31999969482422,17.5,14.315817832946777,744400,NDSN
2008-11-07,17.614999771118164,17.950000762939453,17.170000076293945,17.764999389648438,14.5325927734375,560000,NDSN
2008-11-10,18.299999237060547,18.8799991607666,17.584999084472656,17.854999542236328,14.606218338012695,409600,NDSN
2008-11-11,17.649999618530273,18.325000762939453,16.93000030517578,17.415000915527344,14.2462797164917,637400,NDSN
2008-11-12,17.024999618530273,17.770000457763672,15.789999961853027,15.954999923706055,13.051926612854004,1083200,NDSN
2008-11-13,16.05500030517578,17.71500015258789,15.204999923706055,17.559999465942383,14.364892959594727,892600,NDSN
2008-11-14,15.354999542236328,16.145000457763672,14.989999771118164,15.100000381469727,12.352502822875977,1326400,NDSN
2008-11-17,14.975000381469727,15.609999656677246,14.545000076293945,15.0,12.270695686340332,909000,NDSN
2008-11-18,15.100000381469727,15.484999656677246,14.149999618530273,14.8149995803833,12.119359016418457,999200,NDSN
2008-11-19,14.875,15.029999732971191,13.515000343322754,13.53499984741211,11.072257041931152,734000,NDSN
2008-11-20,13.510000228881836,13.789999961853027,12.295000076293945,12.359999656677246,10.111052513122559,991400,NDSN
2008-11-21,12.675000190734863,13.585000038146973,12.020000457763672,13.399999618530273,10.961820602416992,1405800,NDSN
2008-11-24,13.574999809265137,14.664999961853027,13.28499984741211,14.550000190734863,11.90257740020752,1012000,NDSN
2008-11-25,14.78499984741211,14.994999885559082,13.890000343322754,14.9399995803833,12.221617698669434,818200,NDSN
2008-11-26,14.489999771118164,15.805000305175781,14.225000381469727,15.789999961853027,12.91695499420166,870400,NDSN
2008-11-28,15.625,16.25,15.625,16.225000381469727,13.272801399230957,259400,NDSN
2008-12-01,15.625,16.600000381469727,13.600000381469727,13.704999923706055,11.211326599121094,996400,NDSN
2008-12-02,14.09000015258789,14.739999771118164,13.770000457763672,14.675000190734863,12.00483226776123,700600,NDSN
2008-12-03,14.279999732971191,15.364999771118164,14.1850004196167,15.199999809265137,12.434305191040039,640800,NDSN
2008-12-04,14.925000190734863,15.645000457763672,13.859999656677246,14.369999885559082,11.755329132080078,736600,NDSN
2008-12-05,14.085000038146973,14.994999885559082,13.489999771118164,14.954999923706055,12.233885765075684,779400,NDSN
2008-12-08,15.520000457763672,16.209999084472656,15.345000267028809,16.1200008392334,13.186908721923828,1352400,NDSN
2008-12-09,16.020000457763672,16.71500015258789,15.399999618530273,15.664999961853027,12.814699172973633,634200,NDSN
2008-12-10,15.829999923706055,16.795000076293945,15.829999923706055,16.020000457763672,13.105106353759766,659800,NDSN
2008-12-11,15.824999809265137,16.399999618530273,14.399999618530273,14.675000190734863,12.00483226776123,900200,NDSN
2008-12-12,14.244999885559082,15.329999923706055,13.944999694824219,15.09000015258789,12.344322204589844,706000,NDSN
2008-12-15,15.135000228881836,15.579999923706055,14.350000381469727,14.619999885559082,11.9598388671875,557200,NDSN
2008-12-16,14.9350004196167,15.59000015258789,14.25,15.520000457763672,12.696085929870605,685800,NDSN
2008-12-17,15.335000038146973,16.53499984741211,15.335000038146973,16.399999618530273,13.41596508026123,1233600,NDSN
2008-12-18,15.25,15.75,14.710000038146973,15.600000381469727,12.833124160766602,1379200,NDSN
2008-12-19,16.065000534057617,16.485000610351562,15.595000267028809,16.190000534057617,13.318480491638184,1546600,NDSN
2008-12-22,16.235000610351562,16.30500030517578,14.9350004196167,15.574999809265137,12.812556266784668,639000,NDSN
2008-12-23,15.609999656677246,16.014999389648438,15.020000457763672,15.244999885559082,12.54108715057373,636800,NDSN
2008-12-24,15.170000076293945,15.515000343322754,14.954999923706055,15.454999923706055,12.713844299316406,106800,NDSN
2008-12-26,15.489999771118164,15.635000228881836,15.170000076293945,15.574999809265137,12.812556266784668,220800,NDSN
2008-12-29,15.600000381469727,15.720000267028809,15.324999809265137,15.510000228881836,12.759087562561035,313000,NDSN
2008-12-30,15.734999656677246,16.104999542236328,15.175000190734863,16.094999313354492,13.240330696105957,432600,NDSN
2008-12-31,16.19499969482422,16.360000610351562,15.850000381469727,16.145000457763672,13.281462669372559,794600,NDSN
2009-01-02,16.280000686645508,17.44499969482422,16.104999542236328,17.290000915527344,14.223377227783203,604200,NDSN
2009-01-05,17.325000762939453,17.625,16.905000686645508,17.520000457763672,14.41258716583252,655200,NDSN
2009-01-06,17.739999771118164,18.59000015258789,17.524999618530273,18.045000076293945,14.84446907043457,632200,NDSN
2009-01-07,17.75,17.84000015258789,16.71500015258789,16.954999923706055,13.947798728942871,539400,NDSN
2009-01-08,16.825000762939453,17.100000381469727,16.53499984741211,17.06999969482422,14.042404174804688,620400,NDSN
2009-01-09,17.0049991607666,17.0049991607666,15.970000267028809,16.665000915527344,13.709233283996582,641600,NDSN
2009-01-12,16.65999984741211,16.65999984741211,15.96500015258789,16.18000030517578,13.310254096984863,530000,NDSN
2009-01-13,16.045000076293945,16.579999923706055,15.954999923706055,16.3799991607666,13.47477912902832,549200,NDSN
2009-01-14,16.100000381469727,16.649999618530273,15.609999656677246,15.920000076293945,13.096367835998535,553600,NDSN
2009-01-15,15.9350004196167,16.459999084472656,15.460000038146973,16.28499984741211,13.396628379821777,606200,NDSN
2009-01-16,16.34000015258789,16.549999237060547,15.46500015258789,16.135000228881836,13.273234367370605,365200,NDSN
2009-01-20,15.914999961853027,15.914999961853027,14.595000267028809,14.6899995803833,12.084528923034668,830600,NDSN
2009-01-21,14.890000343322754,16.190000534057617,14.890000343322754,16.100000381469727,13.244443893432617,620000,NDSN
2009-01-22,15.630000114440918,15.744999885559082,15.005000114440918,15.40999984741211,12.6768217086792,359000,NDSN
2009-01-23,14.930000305175781,16.125,14.765000343322754,15.640000343322754,12.866025924682617,555200,NDSN
2009-01-26,15.65999984741211,16.2450008392334,15.40999984741211,15.6850004196167,12.903047561645508,542600,NDSN
2009-01-27,15.78499984741211,16.424999237060547,15.78499984741211,16.139999389648438,13.27734661102295,312000,NDSN
2009-01-28,16.5,16.704999923706055,16.334999084472656,16.545000076293945,13.610515594482422,498800,NDSN
2009-01-29,16.389999389648438,16.4950008392334,15.734999656677246,15.845000267028809,13.034668922424316,255600,NDSN
2009-01-30,16.06999969482422,16.110000610351562,14.975000381469727,15.104999542236328,12.425920486450195,360400,NDSN
2009-02-02,14.779999732971191,15.385000228881836,14.729999542236328,15.34000015258789,12.619237899780273,459600,NDSN
2009-02-03,15.6850004196167,15.720000267028809,15.255000114440918,15.625,12.853687286376953,371600,NDSN
2009-02-04,15.59000015258789,16.040000915527344,15.350000381469727,15.595000267028809,12.82901382446289,283800,NDSN
2009-02-05,15.399999618530273,16.165000915527344,15.220000267028809,15.859999656677246,13.04701042175293,451200,NDSN
2009-02-06,15.819999694824219,16.655000686645508,15.789999961853027,16.594999313354492,13.651649475097656,479200,NDSN
2009-02-09,16.6200008392334,16.885000228881836,16.2549991607666,16.510000228881836,13.581727027893066,325000,NDSN
2009-02-10,16.295000076293945,16.545000076293945,15.4350004196167,15.5600004196167,12.800214767456055,442400,NDSN
2009-02-11,15.694999694824219,16.075000762939453,15.300000190734863,15.550000190734863,12.79198932647705,402400,NDSN
2009-02-12,15.265000343322754,15.529999732971191,14.8149995803833,15.319999694824219,12.602781295776367,543000,NDSN
2009-02-13,15.385000228881836,15.729999542236328,15.145000457763672,15.295000076293945,12.582218170166016,468400,NDSN
2009-02-17,15.005000114440918,15.369999885559082,14.609999656677246,15.0,12.33953857421875,818200,NDSN
2009-02-18,15.220000267028809,15.619999885559082,14.845000267028809,15.09000015258789,12.41357707977295,515400,NDSN
2009-02-19,15.414999961853027,15.880000114440918,14.75,14.774999618530273,12.154449462890625,542600,NDSN
2009-02-20,14.34000015258789,14.449999809265137,13.40999984741211,13.739999771118164,11.303019523620605,1029400,NDSN
2009-02-23,13.835000038146973,14.204999923706055,12.574999809265137,12.604999542236328,10.369328498840332,636600,NDSN
2009-02-24,12.739999771118164,12.96500015258789,12.395000457763672,12.864999771118164,10.583216667175293,597200,NDSN
2009-02-25,12.729999542236328,12.729999542236328,11.890000343322754,12.109999656677246,9.962125778198242,737600,NDSN
2009-02-26,13.175000190734863,13.175000190734863,12.375,12.494999885559082,10.278836250305176,958800,NDSN
2009-02-27,12.3100004196167,12.824999809265137,12.204999923706055,12.449999809265137,10.31736946105957,558200,NDSN
2009-03-02,11.904999732971191,12.204999923706055,11.170000076293945,11.335000038146973,9.393369674682617,705400,NDSN
2009-03-03,11.484999656677246,11.510000228881836,11.0649995803833,11.085000038146973,9.186192512512207,485000,NDSN
2009-03-04,11.305000305175781,11.864999771118164,11.135000228881836,11.53499984741211,9.559109687805176,497400,NDSN
2009-03-05,11.25,11.369999885559082,10.8149995803833,10.895000457763672,9.028733253479004,497800,NDSN
2009-03-06,11.010000228881836,11.15999984741211,10.329999923706055,10.614999771118164,8.796698570251465,352800,NDSN
2009-03-09,10.5,10.704999923706055,10.149999618530273,10.199999809265137,8.452786445617676,407800,NDSN
2009-03-10,10.5,11.274999618530273,10.454999923706055,11.260000228881836,9.331216812133789,422000,NDSN
2009-03-11,11.305000305175781,11.595000267028809,11.0649995803833,11.274999618530273,9.343647956848145,317600,NDSN
2009-03-12,11.3100004196167,12.050000190734863,11.039999961853027,11.954999923706055,9.9071626663208,431800,NDSN
2009-03-13,12.024999618530273,12.145000457763672,11.699999809265137,12.0649995803833,9.998321533203125,337200,NDSN
2009-03-16,12.244999885559082,12.550000190734863,11.970000267028809,12.020000457763672,9.961030006408691,387400,NDSN
2009-03-17,12.010000228881836,12.420000076293945,11.795000076293945,12.324999809265137,10.213786125183105,740800,NDSN
2009-03-18,11.914999961853027,12.90999984741211,11.914999961853027,12.90999984741211,10.698575019836426,497000,NDSN
2009-03-19,12.989999771118164,13.414999961853027,12.744999885559082,13.199999809265137,10.9389009475708,665600,NDSN
2009-03-20,13.3149995803833,13.399999618530273,12.579999923706055,12.854999542236328,10.653000831604004,707800,NDSN
2009-03-23,13.085000038146973,14.140000343322754,12.954999923706055,14.140000343322754,11.717884063720703,440800,NDSN
2009-03-24,13.880000114440918,14.774999618530273,13.645000457763672,14.21500015258789,11.780041694641113,604200,NDSN
2009-03-25,14.369999885559082,15.25,13.930000305175781,14.505000114440918,12.02035903930664,646600,NDSN
2009-03-26,14.779999732971191,15.755000114440918,14.779999732971191,15.729999542236328,13.035524368286133,748800,NDSN
2009-03-27,15.470000267028809,15.805000305175781,14.880000114440918,14.979999542236328,12.413996696472168,534800,NDSN
2009-03-30,14.930000305175781,14.930000305175781,13.5649995803833,13.744999885559082,11.390542984008789,708200,NDSN
2009-03-31,14.015000343322754,14.819999694824219,13.925000190734863,14.21500015258789,11.780041694641113,827200,NDSN
2009-04-01,13.904999732971191,14.989999771118164,13.854999542236328,14.795000076293945,12.260686874389648,820200,NDSN
2009-04-02,15.180000305175781,16.56999969482422,14.819999694824219,15.984999656677246,13.246843338012695,726200,NDSN
2009-04-03,16.024999618530273,16.43000030517578,15.795000076293945,16.325000762939453,13.528606414794922,589200,NDSN
2009-04-06,16.219999313354492,16.649999618530273,15.510000228881836,15.9399995803833,13.209553718566895,447200,NDSN
2009-04-07,15.604999542236328,15.8100004196167,15.170000076293945,15.229999542236328,12.621170997619629,439200,NDSN
2009-04-08,15.395000457763672,15.800000190734863,15.244999885559082,15.795000076293945,13.08939266204834,393000,NDSN
2009-04-09,16.31999969482422,17.31999969482422,16.024999618530273,17.2450008392334,14.291016578674316,643800,NDSN
2009-04-13,17.040000915527344,17.09000015258789,16.25,16.5049991607666,13.677763938903809,364400,NDSN
2009-04-14,16.204999923706055,16.420000076293945,15.739999771118164,15.994999885559082,13.255135536193848,339400,NDSN
2009-04-15,15.899999618530273,16.635000228881836,15.899999618530273,16.510000228881836,13.68191909790039,530400,NDSN
2009-04-16,16.7450008392334,17.68000030517578,16.34000015258789,17.325000762939453,14.357315063476562,641000,NDSN
2009-04-17,17.40999984741211,17.700000762939453,17.155000686645508,17.559999465942383,14.552056312561035,597600,NDSN
2009-04-20,17.010000228881836,17.03499984741211,16.139999389648438,16.360000610351562,13.557613372802734,485000,NDSN
2009-04-21,16.235000610351562,17.549999237060547,16.235000610351562,17.354999542236328,14.382172584533691,551000,NDSN
2009-04-22,17.0049991607666,18.395000457763672,16.8799991607666,17.84000015258789,14.78409194946289,587800,NDSN
2009-04-23,17.850000381469727,18.170000076293945,17.219999313354492,17.649999618530273,14.626636505126953,462200,NDSN
2009-04-24,17.81999969482422,18.4950008392334,17.5,18.190000534057617,15.074139595031738,444000,NDSN
2009-04-27,17.7450008392334,18.704999923706055,17.7450008392334,18.065000534057617,14.970553398132324,951200,NDSN
2009-04-28,17.34000015258789,18.0049991607666,17.114999771118164,17.600000381469727,14.585203170776367,829400,NDSN
2009-04-29,17.735000610351562,18.4950008392334,17.350000381469727,18.204999923706055,15.086562156677246,964600,NDSN
2009-04-30,18.639999389648438,19.030000686645508,18.075000762939453,18.139999389648438,15.032698631286621,892400,NDSN
2009-05-01,18.100000381469727,18.260000228881836,17.625,18.040000915527344,14.949837684631348,459200,NDSN
2009-05-04,18.315000534057617,18.940000534057617,17.920000076293945,18.934999465942383,15.691516876220703,819600,NDSN
2009-05-05,18.915000915527344,18.94499969482422,18.219999313354492,18.684999465942383,15.48435115814209,379000,NDSN
2009-05-06,19.030000686645508,19.030000686645508,17.8799991607666,18.645000457763672,15.451200485229492,508800,NDSN
2009-05-07,18.924999237060547,19.094999313354492,17.780000686645508,17.989999771118164,14.908392906188965,413600,NDSN
2009-05-08,18.364999771118164,18.799999237060547,17.989999771118164,18.68000030517578,15.480210304260254,506600,NDSN
2009-05-11,18.295000076293945,18.950000762939453,17.885000228881836,18.399999618530273,15.2481689453125,388600,NDSN
2009-05-12,19.040000915527344,19.040000915527344,17.790000915527344,18.344999313354492,15.20258903503418,429200,NDSN
2009-05-13,17.920000076293945,18.579999923706055,17.454999923706055,17.700000762939453,14.668065071105957,913200,NDSN
2009-05-14,17.895000457763672,18.28499984741211,17.670000076293945,17.959999084472656,14.883540153503418,835800,NDSN
2009-05-15,17.899999618530273,18.540000915527344,17.780000686645508,18.040000915527344,14.949837684631348,492400,NDSN
2009-05-18,18.209999084472656,18.459999084472656,17.96500015258789,18.354999542236328,15.2108736038208,551400,NDSN
2009-05-19,18.329999923706055,18.670000076293945,17.920000076293945,18.3799991607666,15.231595039367676,629000,NDSN
2009-05-20,18.5049991607666,19.084999084472656,18.145000457763672,18.219999313354492,15.09899616241455,585600,NDSN
2009-05-21,17.899999618530273,18.059999465942383,17.235000610351562,17.625,14.60591983795166,613800,NDSN
2009-05-22,20.03499984741211,20.670000076293945,18.75,18.844999313354492,15.616937637329102,1900200,NDSN
2009-05-26,18.80500030517578,19.34000015258789,18.760000228881836,19.084999084472656,15.815827369689941,1011200,NDSN
2009-05-27,18.93000030517578,19.385000228881836,18.594999313354492,18.665000915527344,15.467768669128418,809800,NDSN
2009-05-28,18.940000534057617,19.350000381469727,18.395000457763672,19.155000686645508,15.873839378356934,665800,NDSN
2009-05-29,19.139999389648438,19.354999542236328,18.774999618530273,19.200000762939453,15.98750114440918,510200,NDSN
2009-06-01,19.59000015258789,20.165000915527344,19.59000015258789,20.0049991607666,16.657812118530273,823000,NDSN
2009-06-02,19.975000381469727,20.2549991607666,19.690000534057617,20.190000534057617,16.811864852905273,615800,NDSN
2009-06-03,20.030000686645508,20.325000762939453,19.875,20.21500015258789,16.832672119140625,624400,NDSN
2009-06-04,20.235000610351562,20.96500015258789,20.209999084472656,20.940000534057617,17.436359405517578,835400,NDSN
2009-06-05,21.2549991607666,21.520000457763672,21.014999389648438,21.350000381469727,17.77776336669922,683200,NDSN
2009-06-08,21.274999618530273,21.514999389648438,20.260000228881836,20.540000915527344,17.103300094604492,629600,NDSN
2009-06-09,20.479999542236328,20.850000381469727,20.375,20.565000534057617,17.12411880493164,368000,NDSN
2009-06-10,20.655000686645508,20.84000015258789,19.809999465942383,20.280000686645508,16.886795043945312,501200,NDSN
2009-06-11,20.3799991607666,20.920000076293945,20.184999465942383,20.579999923706055,17.136608123779297,452400,NDSN
2009-06-12,20.450000762939453,20.450000762939453,19.735000610351562,20.270000457763672,16.87847900390625,538600,NDSN
2009-06-15,19.90999984741211,20.625,18.864999771118164,19.209999084472656,15.995827674865723,552200,NDSN
2009-06-16,19.399999618530273,19.399999618530273,18.700000762939453,18.809999465942383,15.662753105163574,397200,NDSN
2009-06-17,18.84000015258789,19.170000076293945,18.5049991607666,18.915000915527344,15.750185012817383,388400,NDSN
2009-06-18,18.899999618530273,19.3799991607666,18.700000762939453,19.19499969482422,15.983329772949219,507200,NDSN
2009-06-19,19.520000457763672,19.780000686645508,19.209999084472656,19.514999389648438,16.249786376953125,777000,NDSN
2009-06-22,19.239999771118164,19.274999618530273,18.825000762939453,18.979999542236328,15.80430793762207,509000,NDSN
2009-06-23,19.1299991607666,19.200000762939453,18.329999923706055,18.34000015258789,15.271390914916992,603400,NDSN
2009-06-24,18.875,18.94499969482422,18.295000076293945,18.375,15.300543785095215,583200,NDSN
2009-06-25,18.354999542236328,19.28499984741211,18.125,19.184999465942383,15.975015640258789,563400,NDSN
2009-06-26,18.9950008392334,19.889999389648438,18.950000762939453,19.889999389648438,16.56205177307129,2305000,NDSN
2009-06-29,19.635000228881836,19.635000228881836,19.059999465942383,19.469999313354492,16.212322235107422,575000,NDSN
2009-06-30,19.514999389648438,19.725000381469727,19.264999389648438,19.40999984741211,16.16236114501953,487600,NDSN
2009-07-01,19.565000534057617,20.024999618530273,19.065000534057617,19.905000686645508,16.574541091918945,599800,NDSN
2009-07-02,19.489999771118164,19.540000915527344,18.875,19.104999542236328,15.9083890914917,474200,NDSN
2009-07-06,18.905000686645508,19.059999465942383,18.760000228881836,19.0,15.820962905883789,799800,NDSN
2009-07-07,19.030000686645508,19.030000686645508,18.610000610351562,18.639999389648438,15.521195411682129,499800,NDSN
2009-07-08,18.78499984741211,18.78499984741211,18.434999465942383,18.649999618530273,15.529525756835938,533000,NDSN
2009-07-09,18.780000686645508,19.155000686645508,18.674999237060547,18.7450008392334,15.608627319335938,487800,NDSN
2009-07-10,18.545000076293945,18.96500015258789,18.5049991607666,18.885000228881836,15.725202560424805,400200,NDSN
2009-07-13,19.020000457763672,19.584999084472656,18.639999389648438,19.485000610351562,16.22481346130371,434400,NDSN
2009-07-14,19.549999237060547,19.649999618530273,19.239999771118164,19.489999771118164,16.228979110717773,429800,NDSN
2009-07-15,19.84000015258789,20.549999237060547,19.7450008392334,20.5,17.06998634338379,410200,NDSN
2009-07-16,20.364999771118164,20.825000762939453,20.114999771118164,20.7549991607666,17.282320022583008,310000,NDSN
2009-07-17,20.854999542236328,21.174999237060547,20.59000015258789,20.764999389648438,17.290651321411133,573600,NDSN
2009-07-20,20.93000030517578,21.625,20.81999969482422,21.290000915527344,17.72780990600586,302600,NDSN
2009-07-21,21.5,21.6299991607666,21.030000686645508,21.530000686645508,17.92764663696289,666800,NDSN
2009-07-22,21.354999542236328,21.799999237060547,21.079999923706055,21.625,18.006752014160156,543400,NDSN
2009-07-23,21.4950008392334,22.459999084472656,21.354999542236328,22.270000457763672,18.543838500976562,442200,NDSN
2009-07-24,22.110000610351562,22.280000686645508,21.774999618530273,22.235000610351562,18.514694213867188,223600,NDSN
2009-07-27,22.1200008392334,22.420000076293945,21.90999984741211,22.135000228881836,18.43142318725586,229200,NDSN
2009-07-28,21.854999542236328,22.209999084472656,21.6200008392334,22.024999618530273,18.339826583862305,293800,NDSN
2009-07-29,21.770000457763672,22.0049991607666,21.639999389648438,21.979999542236328,18.302356719970703,290600,NDSN
2009-07-30,22.395000457763672,23.145000457763672,22.09000015258789,22.639999389648438,18.8519287109375,380000,NDSN
2009-07-31,22.469999313354492,22.889999389648438,22.415000915527344,22.450000762939453,18.693727493286133,480600,NDSN
2009-08-03,22.649999618530273,23.219999313354492,22.4950008392334,23.05500030517578,19.197490692138672,398800,NDSN
2009-08-04,22.825000762939453,23.549999237060547,22.790000915527344,23.434999465942383,19.513906478881836,416000,NDSN
2009-08-05,23.415000915527344,23.4950008392334,23.0049991607666,23.21500015258789,19.330720901489258,408400,NDSN
2009-08-06,23.260000228881836,23.420000076293945,22.795000076293945,23.219999313354492,19.33487892150879,445600,NDSN
2009-08-07,23.55500030517578,24.6200008392334,23.440000534057617,24.19499969482422,20.146745681762695,542000,NDSN
2009-08-10,23.915000915527344,24.2549991607666,23.80500030517578,24.045000076293945,20.021841049194336,162800,NDSN
2009-08-11,23.94499969482422,23.969999313354492,23.260000228881836,23.56999969482422,19.626327514648438,160000,NDSN
2009-08-12,23.649999618530273,24.670000076293945,23.604999542236328,24.364999771118164,20.28830337524414,257400,NDSN
2009-08-13,24.440000534057617,24.674999237060547,24.0,24.375,20.296632766723633,198600,NDSN
2009-08-14,24.270000457763672,24.315000534057617,23.30500030517578,23.665000915527344,19.705427169799805,241600,NDSN
2009-08-17,23.200000762939453,23.729999542236328,22.8700008392334,22.989999771118164,19.14336585998535,325600,NDSN
2009-08-18,23.190000534057617,23.674999237060547,22.770000457763672,23.600000381469727,19.65130615234375,235800,NDSN
2009-08-19,23.219999313354492,24.079999923706055,23.204999923706055,24.06999969482422,20.042661666870117,326400,NDSN
2009-08-20,23.94499969482422,25.170000076293945,23.780000686645508,24.915000915527344,20.74628448486328,815800,NDSN
2009-08-21,27.454999923706055,27.454999923706055,26.344999313354492,26.594999313354492,22.14518928527832,1944800,NDSN
2009-08-24,26.7549991607666,27.5,26.559999465942383,27.25,22.690589904785156,608000,NDSN
2009-08-25,27.235000610351562,27.610000610351562,27.1200008392334,27.21500015258789,22.661449432373047,442600,NDSN
2009-08-26,27.264999389648438,27.709999084472656,26.96500015258789,27.6299991607666,23.007007598876953,479000,NDSN
2009-08-27,27.450000762939453,27.6200008392334,26.93000030517578,27.53499984741211,22.927906036376953,426400,NDSN
2009-08-28,27.700000762939453,27.834999084472656,26.924999237060547,27.094999313354492,22.639636993408203,403200,NDSN
2009-08-31,26.920000076293945,27.09000015258789,26.645000457763672,26.790000915527344,22.38478660583496,625200,NDSN
2009-09-01,26.635000228881836,27.40999984741211,26.170000076293945,26.459999084472656,22.109054565429688,696600,NDSN
2009-09-02,26.375,26.55500030517578,26.104999542236328,26.350000381469727,22.01713752746582,353600,NDSN
2009-09-03,26.434999465942383,26.540000915527344,25.975000381469727,26.53499984741211,22.17171859741211,269400,NDSN
2009-09-04,26.4950008392334,26.969999313354492,26.219999313354492,26.790000915527344,22.38478660583496,266400,NDSN
2009-09-08,26.96500015258789,27.114999771118164,26.729999542236328,27.114999771118164,22.65634536743164,328200,NDSN
2009-09-09,26.90999984741211,28.19499969482422,26.584999084472656,28.145000457763672,23.516979217529297,458200,NDSN
2009-09-10,28.040000915527344,28.43000030517578,27.905000686645508,28.325000762939453,23.66737937927246,372800,NDSN
2009-09-11,28.385000228881836,28.770000457763672,28.06999969482422,28.5,23.81360626220703,238000,NDSN
2009-09-14,28.31999969482422,28.729999542236328,28.235000610351562,28.610000610351562,23.905519485473633,510600,NDSN
2009-09-15,28.524999618530273,28.725000381469727,28.315000534057617,28.594999313354492,23.89298439025879,497600,NDSN
2009-09-16,28.610000610351562,28.875,28.4950008392334,28.875,24.12693977355957,292600,NDSN
2009-09-17,28.875,29.364999771118164,28.774999618530273,29.149999618530273,24.35672378540039,189200,NDSN
2009-09-18,29.225000381469727,29.315000534057617,28.975000381469727,29.075000762939453,24.29405403137207,525800,NDSN
2009-09-21,28.684999465942383,28.844999313354492,28.559999465942383,28.71500015258789,23.99325180053711,178000,NDSN
2009-09-22,28.815000534057617,29.100000381469727,28.014999389648438,28.690000534057617,23.972368240356445,210600,NDSN
2009-09-23,28.649999618530273,28.69499969482422,28.334999084472656,28.344999313354492,23.68408966064453,320000,NDSN
2009-09-24,28.40999984741211,29.114999771118164,27.700000762939453,28.0,23.395824432373047,263600,NDSN
2009-09-25,27.864999771118164,27.924999237060547,27.334999084472656,27.575000762939453,23.04071044921875,169800,NDSN
2009-09-28,27.809999465942383,29.024999618530273,27.6200008392334,28.725000381469727,24.001611709594727,323200,NDSN
2009-09-29,28.725000381469727,29.2450008392334,28.59000015258789,28.704999923706055,23.984893798828125,376400,NDSN
2009-09-30,28.799999237060547,28.954999923706055,27.75,28.045000076293945,23.433425903320312,532200,NDSN
2009-10-01,28.010000228881836,28.010000228881836,26.920000076293945,26.920000076293945,22.493408203125,297800,NDSN
2009-10-02,26.709999084472656,28.09000015258789,26.655000686645508,26.725000381469727,22.330480575561523,212200,NDSN
2009-10-05,26.93000030517578,27.209999084472656,26.709999084472656,27.049999237060547,22.602031707763672,627800,NDSN
2009-10-06,27.274999618530273,27.530000686645508,27.020000457763672,27.395000457763672,22.89030647277832,347800,NDSN
2009-10-07,27.309999465942383,27.5,26.989999771118164,27.209999084472656,22.73572540283203,239400,NDSN
2009-10-08,27.25,27.575000762939453,27.0,27.575000762939453,23.04071044921875,724400,NDSN
2009-10-09,27.469999313354492,28.385000228881836,27.415000915527344,28.30500030517578,23.650672912597656,236000,NDSN
2009-10-12,28.299999237060547,28.815000534057617,27.950000762939453,28.059999465942383,23.445959091186523,265000,NDSN
2009-10-13,27.924999237060547,27.96500015258789,27.350000381469727,27.655000686645508,23.107561111450195,225000,NDSN
2009-10-14,27.954999923706055,28.649999618530273,27.71500015258789,28.524999618530273,23.834495544433594,264400,NDSN
2009-10-15,28.354999542236328,28.725000381469727,28.18000030517578,28.559999465942383,23.863737106323242,196800,NDSN
2009-10-16,28.3700008392334,28.420000076293945,27.520000457763672,28.114999771118164,23.491920471191406,248200,NDSN
2009-10-19,28.2450008392334,28.905000686645508,28.049999237060547,28.655000686645508,23.943119049072266,314600,NDSN
2009-10-20,28.729999542236328,28.905000686645508,28.165000915527344,28.65999984741211,23.94729232788086,311200,NDSN
2009-10-21,28.584999084472656,29.885000228881836,28.584999084472656,29.274999618530273,24.461164474487305,663800,NDSN
2009-10-22,29.174999237060547,29.510000228881836,28.760000228881836,29.28499984741211,24.469518661499023,365600,NDSN
2009-10-23,29.489999771118164,29.565000534057617,28.3700008392334,28.530000686645508,23.83867073059082,297200,NDSN
2009-10-26,28.655000686645508,29.354999542236328,27.84000015258789,28.204999923706055,23.56711769104004,225000,NDSN
2009-10-27,28.059999465942383,28.524999618530273,27.399999618530273,27.604999542236328,23.06578254699707,444200,NDSN
2009-10-28,27.600000381469727,27.65999984741211,26.594999313354492,26.68000030517578,22.292871475219727,387200,NDSN
2009-10-29,26.989999771118164,27.524999618530273,26.395000457763672,27.399999618530273,22.894481658935547,470400,NDSN
2009-10-30,27.114999771118164,27.385000228881836,26.010000228881836,26.385000228881836,22.046390533447266,476600,NDSN
2009-11-02,26.450000762939453,26.649999618530273,25.635000228881836,26.045000076293945,21.76229476928711,572200,NDSN
2009-11-03,25.809999465942383,26.739999771118164,25.53499984741211,26.655000686645508,22.271987915039062,487800,NDSN
2009-11-04,26.875,26.875,26.084999084472656,26.1200008392334,21.824966430664062,340800,NDSN
2009-11-05,26.485000610351562,27.69499969482422,26.309999465942383,27.645000457763672,23.09919548034668,339400,NDSN
2009-11-06,27.260000228881836,27.920000076293945,26.790000915527344,27.44499969482422,22.932083129882812,192400,NDSN
2009-11-09,27.739999771118164,28.405000686645508,27.299999237060547,28.334999084472656,23.675737380981445,293200,NDSN
2009-11-10,28.114999771118164,28.625,27.889999389648438,28.21500015258789,23.575471878051758,359000,NDSN
2009-11-11,28.594999313354492,28.684999465942383,27.834999084472656,28.135000228881836,23.50862693786621,318000,NDSN
2009-11-12,28.139999389648438,28.540000915527344,27.684999465942383,27.78499984741211,23.216176986694336,268800,NDSN
2009-11-13,28.0,28.354999542236328,27.295000076293945,28.149999618530273,23.52115821838379,193400,NDSN
2009-11-16,28.424999237060547,29.540000915527344,28.424999237060547,29.235000610351562,24.427738189697266,286000,NDSN
2009-11-17,28.989999771118164,29.15999984741211,28.899999618530273,29.09000015258789,24.306589126586914,221200,NDSN
2009-11-18,29.149999618530273,29.149999618530273,28.454999923706055,28.770000457763672,24.039215087890625,203000,NDSN
2009-11-19,28.479999542236328,28.520000457763672,27.78499984741211,27.954999923706055,23.358226776123047,291000,NDSN
2009-11-20,27.709999084472656,27.905000686645508,27.354999542236328,27.420000076293945,22.911205291748047,273000,NDSN
2009-11-23,27.979999542236328,28.709999084472656,27.885000228881836,28.030000686645508,23.42089080810547,298400,NDSN
2009-11-24,27.94499969482422,28.0,27.420000076293945,27.665000915527344,23.115909576416016,244200,NDSN
2009-11-25,27.760000228881836,27.950000762939453,27.46500015258789,27.670000076293945,23.120094299316406,125200,NDSN
2009-11-27,26.969999313354492,27.4950008392334,26.825000762939453,27.014999389648438,22.57279396057129,147200,NDSN
2009-11-30,26.94499969482422,27.135000228881836,26.170000076293945,26.80500030517578,22.397323608398438,471000,NDSN
2009-12-01,27.114999771118164,27.760000228881836,27.094999313354492,27.354999542236328,22.856882095336914,471000,NDSN
2009-12-02,27.399999618530273,29.204999923706055,27.375,27.559999465942383,23.028175354003906,278000,NDSN
2009-12-03,27.670000076293945,27.924999237060547,27.21500015258789,27.260000228881836,22.777503967285156,397200,NDSN
2009-12-04,27.885000228881836,28.600000381469727,27.325000762939453,28.0,23.395824432373047,269200,NDSN
2009-12-07,27.899999618530273,28.174999237060547,27.7450008392334,28.0,23.395824432373047,379200,NDSN
2009-12-08,27.635000228881836,27.889999389648438,27.190000534057617,27.479999542236328,22.961328506469727,289600,NDSN
2009-12-09,27.360000610351562,27.489999771118164,26.75,27.280000686645508,22.79421043395996,318000,NDSN
2009-12-10,27.559999465942383,27.80500030517578,27.270000457763672,27.43000030517578,22.9195556640625,261600,NDSN
2009-12-11,27.604999542236328,27.815000534057617,27.15999984741211,27.65999984741211,23.11173439025879,263600,NDSN
2009-12-14,27.829999923706055,28.2450008392334,27.4950008392334,28.21500015258789,23.575471878051758,289400,NDSN
2009-12-15,27.94499969482422,28.96500015258789,27.329999923706055,28.485000610351562,23.801071166992188,383800,NDSN
2009-12-16,28.735000610351562,29.0,28.6299991607666,28.920000076293945,24.16453742980957,552800,NDSN
2009-12-17,27.2450008392334,27.5,26.5,27.09000015258789,22.635459899902344,1181800,NDSN
2009-12-18,27.540000915527344,28.145000457763672,27.25,28.084999084472656,23.54943084716797,1325400,NDSN
2009-12-21,27.885000228881836,30.2549991607666,27.885000228881836,30.165000915527344,25.293527603149414,855000,NDSN
2009-12-22,30.174999237060547,31.2450008392334,30.174999237060547,31.165000915527344,26.132020950317383,711000,NDSN
2009-12-23,31.235000610351562,32.23500061035156,31.235000610351562,31.844999313354492,26.70221519470215,838400,NDSN
2009-12-24,32.029998779296875,32.029998779296875,31.584999084472656,31.8700008392334,26.723173141479492,149000,NDSN
2009-12-28,32.1349983215332,32.415000915527344,31.655000686645508,31.934999465942383,26.777679443359375,457400,NDSN
2009-12-29,31.895000457763672,31.895000457763672,31.454999923706055,31.559999465942383,26.463237762451172,209000,NDSN
2009-12-30,31.475000381469727,31.584999084472656,30.924999237060547,31.274999618530273,26.224258422851562,248200,NDSN
2009-12-31,31.18000030517578,31.479999542236328,30.579999923706055,30.59000015258789,25.649883270263672,216000,NDSN
2010-01-04,30.979999542236328,32.474998474121094,30.940000534057617,31.530000686645508,26.438091278076172,288800,NDSN
2010-01-05,31.514999389648438,31.71500015258789,31.135000228881836,31.489999771118164,26.4045467376709,348200,NDSN
2010-01-06,31.5,31.53499984741211,31.020000457763672,31.139999389648438,26.11106300354004,372800,NDSN
2010-01-07,30.9950008392334,31.559999465942383,30.7549991607666,31.514999389648438,26.425498962402344,499400,NDSN
2010-01-08,31.344999313354492,31.975000381469727,31.344999313354492,31.875,26.72736930847168,266800,NDSN
2010-01-11,32.0,32.0,31.360000610351562,31.725000381469727,26.601585388183594,156600,NDSN
2010-01-12,31.385000228881836,31.709999084472656,30.770000457763672,31.020000457763672,26.01044273376465,269000,NDSN
2010-01-13,31.235000610351562,31.420000076293945,30.84000015258789,31.204999923706055,26.16556739807129,217800,NDSN
2010-01-14,31.18000030517578,31.325000762939453,30.895000457763672,31.239999771118164,26.194915771484375,297200,NDSN
2010-01-15,31.3700008392334,31.6299991607666,30.59000015258789,30.69499969482422,25.73793601989746,281800,NDSN
2010-01-19,30.649999618530273,31.3700008392334,30.649999618530273,31.34000015258789,26.278762817382812,417400,NDSN
2010-01-20,30.969999313354492,31.049999237060547,30.540000915527344,30.924999237060547,25.930789947509766,436000,NDSN
2010-01-21,31.045000076293945,31.065000534057617,29.530000686645508,29.68000030517578,24.886844635009766,380200,NDSN
2010-01-22,29.739999771118164,29.950000762939453,28.969999313354492,29.094999313354492,24.39632225036621,276000,NDSN
2010-01-25,29.40999984741211,29.434999465942383,28.790000915527344,29.174999237060547,24.463401794433594,323000,NDSN
2010-01-26,29.170000076293945,29.645000457763672,28.625,28.940000534057617,24.266357421875,270000,NDSN
2010-01-27,28.665000915527344,29.104999542236328,28.2549991607666,29.0,24.316661834716797,257200,NDSN
2010-01-28,29.0049991607666,29.0049991607666,27.604999542236328,28.424999237060547,23.834524154663086,381800,NDSN
2010-01-29,28.489999771118164,29.045000076293945,28.114999771118164,28.270000457763672,23.70455551147461,485200,NDSN
2010-02-01,28.329999923706055,28.68000030517578,27.940000534057617,28.4950008392334,23.893226623535156,278200,NDSN
2010-02-02,28.635000228881836,29.075000762939453,28.415000915527344,29.0,24.316661834716797,340800,NDSN
2010-02-03,28.764999389648438,29.190000534057617,28.75,28.924999237060547,24.25377082824707,414600,NDSN
2010-02-04,28.684999465942383,28.684999465942383,27.639999389648438,27.639999389648438,23.17629623413086,486600,NDSN
2010-02-05,27.690000534057617,27.690000534057617,26.920000076293945,27.450000762939453,23.016990661621094,492600,NDSN
2010-02-08,27.420000076293945,27.450000762939453,26.735000610351562,27.110000610351562,22.731891632080078,214600,NDSN
2010-02-09,27.530000686645508,27.829999923706055,27.25,27.530000686645508,23.08405876159668,295200,NDSN
2010-02-10,27.354999542236328,27.610000610351562,26.81999969482422,27.274999618530273,22.870237350463867,227600,NDSN
2010-02-11,27.135000228881836,28.184999465942383,26.760000228881836,28.149999618530273,23.60392951965332,268400,NDSN
2010-02-12,27.829999923706055,28.375,27.479999542236328,28.364999771118164,23.784212112426758,309200,NDSN
2010-02-16,28.6299991607666,29.014999389648438,28.30500030517578,28.975000381469727,24.29570770263672,272800,NDSN
2010-02-17,29.145000457763672,29.344999313354492,28.829999923706055,29.045000076293945,24.354394912719727,197000,NDSN
2010-02-18,29.100000381469727,29.34000015258789,28.774999618530273,29.21500015258789,24.4969482421875,472600,NDSN
2010-02-19,29.184999465942383,29.704999923706055,28.4950008392334,29.44499969482422,24.689804077148438,355600,NDSN
2010-02-22,29.530000686645508,29.8799991607666,29.145000457763672,29.71500015258789,24.91619300842285,375800,NDSN
2010-02-23,33.0099983215332,33.220001220703125,31.459999084472656,32.32500076293945,27.104692459106445,1533200,NDSN
2010-02-24,32.51499938964844,33.6150016784668,31.985000610351562,33.53499984741211,28.119298934936523,770400,NDSN
2010-02-25,33.03499984741211,33.40999984741211,32.755001068115234,33.279998779296875,27.90546989440918,434400,NDSN
2010-02-26,33.20500183105469,33.34000015258789,32.7400016784668,32.900001525878906,27.665803909301758,472800,NDSN
2010-03-01,33.130001068115234,33.724998474121094,33.06999969482422,33.52000045776367,28.18716812133789,558200,NDSN
2010-03-02,33.505001068115234,33.94499969482422,33.025001525878906,33.54499816894531,28.20819854736328,867800,NDSN
2010-03-03,33.720001220703125,34.220001220703125,33.53499984741211,33.650001525878906,28.296485900878906,398600,NDSN
2010-03-04,33.744998931884766,34.45500183105469,33.525001525878906,33.775001525878906,28.401611328125,290400,NDSN
2010-03-05,33.904998779296875,34.474998474121094,33.904998779296875,34.14500045776367,28.712739944458008,346000,NDSN
2010-03-08,34.03499984741211,34.34000015258789,33.90999984741211,34.11000061035156,28.683307647705078,314800,NDSN
2010-03-09,33.9900016784668,34.66999816894531,33.9900016784668,34.40999984741211,28.935583114624023,495400,NDSN
2010-03-10,34.310001373291016,35.064998626708984,34.310001373291016,35.05500030517578,29.477954864501953,582400,NDSN
2010-03-11,34.720001220703125,35.0,34.44499969482422,35.0,29.431713104248047,402800,NDSN
2010-03-12,35.0,35.189998626708984,34.6349983215332,35.0,29.431713104248047,557800,NDSN
2010-03-15,34.82500076293945,35.09000015258789,34.53499984741211,34.7599983215332,29.229877471923828,323600,NDSN
2010-03-16,34.939998626708984,34.974998474121094,34.4900016784668,34.834999084472656,29.292959213256836,286000,NDSN
2010-03-17,35.04499816894531,35.525001525878906,34.82500076293945,35.15999984741211,29.56625747680664,301200,NDSN
2010-03-18,35.029998779296875,35.720001220703125,35.029998779296875,35.564998626708984,29.906837463378906,509400,NDSN
2010-03-19,35.82500076293945,35.82500076293945,33.709999084472656,33.79499816894531,28.418418884277344,853800,NDSN
2010-03-22,33.53499984741211,34.70000076293945,33.02000045776367,34.46500015258789,28.981822967529297,392600,NDSN
2010-03-23,34.400001525878906,35.380001068115234,34.334999084472656,35.29499816894531,29.679777145385742,443000,NDSN
2010-03-24,34.959999084472656,35.20000076293945,34.23500061035156,34.310001373291016,28.85148048400879,732600,NDSN
2010-03-25,34.77000045776367,35.34000015258789,34.19499969482422,34.505001068115234,29.015466690063477,519800,NDSN
2010-03-26,34.689998626708984,34.935001373291016,34.099998474121094,34.38999938964844,28.918758392333984,334600,NDSN
2010-03-29,34.439998626708984,34.875,34.10499954223633,34.619998931884766,29.112165451049805,358000,NDSN
2010-03-30,34.73500061035156,35.07500076293945,34.31999969482422,34.72999954223633,29.204666137695312,211200,NDSN
2010-03-31,34.45000076293945,34.97999954223633,33.875,33.959999084472656,28.557170867919922,572400,NDSN
2010-04-01,34.119998931884766,34.665000915527344,33.75,34.42499923706055,28.94819450378418,401400,NDSN
2010-04-05,34.43000030517578,35.04499816894531,34.28499984741211,34.96500015258789,29.402271270751953,194000,NDSN
2010-04-06,34.6150016784668,35.29999923706055,34.3849983215332,35.255001068115234,29.646156311035156,254200,NDSN
2010-04-07,35.04499816894531,35.86000061035156,34.95500183105469,35.54499816894531,29.889999389648438,579800,NDSN
2010-04-08,35.33000183105469,35.63999938964844,34.970001220703125,35.255001068115234,29.646156311035156,320400,NDSN
2010-04-09,35.35499954223633,35.57500076293945,34.775001525878906,35.48500061035156,29.83955955505371,219400,NDSN
2010-04-12,35.619998931884766,35.709999084472656,35.3650016784668,35.564998626708984,29.906837463378906,506000,NDSN
2010-04-13,35.5,35.654998779296875,35.09000015258789,35.470001220703125,29.826940536499023,295800,NDSN
2010-04-14,35.599998474121094,36.39500045776367,35.369998931884766,36.39500045776367,30.604772567749023,471600,NDSN
2010-04-15,36.099998474121094,36.744998931884766,36.099998474121094,36.47999954223633,30.676244735717773,263400,NDSN
2010-04-16,36.470001220703125,36.869998931884766,35.80500030517578,36.2400016784668,30.474437713623047,336000,NDSN
2010-04-19,35.959999084472656,36.314998626708984,35.10499954223633,35.7599983215332,30.070810317993164,278400,NDSN
2010-04-20,35.845001220703125,36.3849983215332,35.7400016784668,35.97999954223633,30.255800247192383,349800,NDSN
2010-04-21,35.875,36.6150016784668,35.875,36.505001068115234,30.69727325439453,301600,NDSN
2010-04-22,36.20000076293945,37.970001220703125,35.93000030517578,37.790000915527344,31.77785301208496,595200,NDSN
2010-04-23,37.70500183105469,38.0,37.54999923706055,37.91999816894531,31.887168884277344,385000,NDSN
2010-04-26,37.78499984741211,38.70000076293945,37.60499954223633,37.95500183105469,31.91659164428711,268600,NDSN
2010-04-27,37.81999969482422,38.279998779296875,36.8849983215332,37.064998626708984,31.16817283630371,393800,NDSN
2010-04-28,37.375,37.52000045776367,36.724998474121094,36.779998779296875,30.92852210998535,261800,NDSN
2010-04-29,36.974998474121094,37.44499969482422,36.755001068115234,37.380001068115234,31.43307113647461,388600,NDSN
2010-04-30,37.35499954223633,37.45500183105469,35.900001525878906,35.90999984741211,30.196937561035156,532800,NDSN
2010-05-03,36.189998626708984,37.130001068115234,36.08000183105469,36.869998931884766,31.00420570373535,569600,NDSN
2010-05-04,36.185001373291016,36.61000061035156,35.415000915527344,35.64500045776367,29.974102020263672,581800,NDSN
2010-05-05,35.41999816894531,35.65999984741211,34.595001220703125,35.25,29.641937255859375,486400,NDSN
2010-05-06,35.07500076293945,35.66999816894531,32.3650016784668,33.96500015258789,28.561376571655273,515800,NDSN
2010-05-07,33.83000183105469,34.16999816894531,32.5,32.970001220703125,27.72467803955078,754800,NDSN
2010-05-10,34.65999984741211,35.290000915527344,33.60499954223633,35.15999984741211,29.56625747680664,463000,NDSN
2010-05-11,34.80500030517578,35.89500045776367,34.57500076293945,35.255001068115234,29.646156311035156,227600,NDSN
2010-05-12,35.459999084472656,37.220001220703125,35.459999084472656,36.8650016784668,31.000003814697266,413400,NDSN
2010-05-13,36.665000915527344,36.83000183105469,36.08000183105469,36.244998931884766,30.4786376953125,335400,NDSN
2010-05-14,35.939998626708984,35.939998626708984,34.86000061035156,35.45500183105469,29.814332962036133,278800,NDSN
2010-05-17,35.7400016784668,36.20000076293945,33.91999816894531,34.875,29.326601028442383,249000,NDSN
2010-05-18,35.36000061035156,35.79999923706055,34.060001373291016,34.2599983215332,28.809450149536133,290400,NDSN
2010-05-19,34.189998626708984,34.40999984741211,32.95000076293945,33.345001220703125,28.04000473022461,374200,NDSN
2010-05-20,32.650001525878906,33.224998474121094,31.190000534057617,31.415000915527344,26.417068481445312,492600,NDSN
2010-05-21,32.45000076293945,34.125,32.01499938964844,34.04999923706055,28.632850646972656,1745600,NDSN
2010-05-24,33.744998931884766,33.875,32.95000076293945,33.099998474121094,27.8339900970459,737800,NDSN
2010-05-25,32.52000045776367,32.915000915527344,31.575000762939453,32.77000045776367,27.55649185180664,776200,NDSN
2010-05-26,33.09000015258789,33.8849983215332,32.20500183105469,32.439998626708984,27.27899742126465,675200,NDSN
2010-05-27,33.099998474121094,33.959999084472656,32.755001068115234,33.93000030517578,28.615741729736328,484200,NDSN
2010-05-28,33.7400016784668,34.08000183105469,32.97999954223633,33.314998626708984,28.097070693969727,528800,NDSN
2010-06-01,33.154998779296875,33.654998779296875,32.099998474121094,32.099998474121094,27.07236671447754,429800,NDSN
2010-06-02,32.529998779296875,33.16999816894531,31.920000076293945,33.09000015258789,27.907312393188477,361200,NDSN
2010-06-03,33.064998626708984,33.40999984741211,32.56999969482422,33.22999954223633,28.025381088256836,426200,NDSN
2010-06-04,32.255001068115234,33.08000183105469,31.3700008392334,31.489999771118164,26.557903289794922,570400,NDSN
2010-06-07,31.520000457763672,31.635000228881836,30.19499969482422,30.264999389648438,25.52477264404297,690000,NDSN
2010-06-08,30.350000381469727,30.790000915527344,29.559999465942383,30.280000686645508,25.537431716918945,737800,NDSN
2010-06-09,30.454999923706055,30.93000030517578,29.760000228881836,29.940000534057617,25.25067710876465,533400,NDSN
2010-06-10,30.545000076293945,31.274999618530273,30.5,30.875,26.039228439331055,699600,NDSN
2010-06-11,30.354999542236328,31.190000534057617,30.354999542236328,31.09000015258789,26.22056007385254,557400,NDSN
2010-06-14,31.389999389648438,31.75,30.850000381469727,30.989999771118164,26.13621711730957,314000,NDSN
2010-06-15,31.084999084472656,31.975000381469727,30.700000762939453,31.915000915527344,26.916343688964844,387800,NDSN
2010-06-16,31.540000915527344,32.15999984741211,31.40999984741211,31.625,26.67176628112793,268800,NDSN
2010-06-17,31.90999984741211,31.90999984741211,30.954999923706055,31.454999923706055,26.52838897705078,309000,NDSN
2010-06-18,31.579999923706055,32.0,30.0049991607666,31.520000457763672,26.58320426940918,507600,NDSN
2010-06-21,32.06999969482422,32.19499969482422,31.05500030517578,31.354999542236328,26.444047927856445,430000,NDSN
2010-06-22,31.520000457763672,32.11000061035156,30.489999771118164,30.575000762939453,25.78622055053711,333200,NDSN
2010-06-23,30.614999771118164,31.059999465942383,30.030000686645508,30.545000076293945,25.760915756225586,287400,NDSN
2010-06-24,30.19499969482422,30.43000030517578,28.440000534057617,28.625,24.141639709472656,972600,NDSN
2010-06-25,28.75,29.674999237060547,28.1299991607666,28.969999313354492,24.43260383605957,2650600,NDSN
2010-06-28,29.0049991607666,30.040000915527344,28.989999771118164,29.549999237060547,24.921762466430664,543200,NDSN
2010-06-29,29.010000228881836,29.204999923706055,28.1200008392334,28.364999771118164,23.922361373901367,675800,NDSN
2010-06-30,28.3700008392334,28.90999984741211,27.975000381469727,28.040000915527344,23.64826011657715,627000,NDSN
2010-07-01,28.03499984741211,28.239999771118164,26.975000381469727,27.385000228881836,23.095848083496094,607800,NDSN
2010-07-02,27.565000534057617,27.7450008392334,27.18000030517578,27.405000686645508,23.112712860107422,354600,NDSN
2010-07-06,27.96500015258789,28.235000610351562,27.239999771118164,27.415000915527344,23.12114906311035,690200,NDSN
2010-07-07,27.565000534057617,28.520000457763672,27.4950008392334,28.489999771118164,24.02778434753418,529600,NDSN
2010-07-08,28.78499984741211,28.9950008392334,28.219999313354492,28.94499969482422,24.411508560180664,463800,NDSN
2010-07-09,28.875,29.235000610351562,28.6299991607666,29.075000762939453,24.521146774291992,249400,NDSN
2010-07-12,28.854999542236328,29.065000534057617,28.059999465942383,28.385000228881836,23.939218521118164,279000,NDSN
2010-07-13,28.764999389648438,29.645000457763672,28.559999465942383,29.524999618530273,24.900671005249023,409600,NDSN
2010-07-14,29.309999465942383,29.78499984741211,28.9950008392334,29.725000381469727,25.069351196289062,558200,NDSN
2010-07-15,29.825000762939453,30.0049991607666,29.2549991607666,29.739999771118164,25.082000732421875,552200,NDSN
2010-07-16,29.5049991607666,29.71500015258789,28.690000534057617,28.78499984741211,24.276578903198242,722600,NDSN
2010-07-19,28.854999542236328,29.15999984741211,28.530000686645508,29.135000228881836,24.571758270263672,308200,NDSN
2010-07-20,28.68000030517578,29.81999969482422,28.610000610351562,29.7549991607666,25.094650268554688,362000,NDSN
2010-07-21,30.0,30.280000686645508,29.56999969482422,29.7549991607666,25.094650268554688,383800,NDSN
2010-07-22,30.239999771118164,30.950000762939453,29.540000915527344,30.559999465942383,25.77356719970703,413800,NDSN
2010-07-23,30.34000015258789,31.399999618530273,30.34000015258789,31.200000762939453,26.31332778930664,362400,NDSN
2010-07-26,31.40999984741211,32.0,31.149999618530273,31.969999313354492,26.962730407714844,344800,NDSN
2010-07-27,32.224998474121094,32.51499938964844,31.684999465942383,31.829999923706055,26.844654083251953,469800,NDSN
2010-07-28,31.690000534057617,32.07500076293945,31.19499969482422,31.315000534057617,26.410310745239258,231200,NDSN
2010-07-29,31.53499984741211,31.764999389648438,30.889999389648438,31.3799991607666,26.46513557434082,214800,NDSN
2010-07-30,30.875,31.665000915527344,30.68000030517578,31.524999618530273,26.587425231933594,288200,NDSN
2010-08-02,32.564998626708984,33.459999084472656,32.564998626708984,33.32500076293945,28.105499267578125,735600,NDSN
2010-08-03,33.1150016784668,33.64500045776367,32.755001068115234,32.88999938964844,27.73862648010254,292600,NDSN
2010-08-04,32.970001220703125,33.70500183105469,32.935001373291016,33.65999984741211,28.38803482055664,324600,NDSN
2010-08-05,33.39500045776367,33.98500061035156,33.275001525878906,33.89500045776367,28.586227416992188,536400,NDSN
2010-08-06,33.39500045776367,34.18000030517578,33.14500045776367,34.1150016784668,28.771766662597656,445800,NDSN
2010-08-09,34.209999084472656,34.599998474121094,34.040000915527344,34.224998474121094,28.86454200744629,300400,NDSN
2010-08-10,33.75,34.375,33.6349983215332,33.92499923706055,28.611522674560547,332200,NDSN
2010-08-11,33.08000183105469,33.31999969482422,32.0099983215332,32.189998626708984,27.148269653320312,482200,NDSN
2010-08-12,31.600000381469727,32.334999084472656,31.270000457763672,32.084999084472656,27.059709548950195,294400,NDSN
2010-08-13,32.04999923706055,32.5,31.700000762939453,31.954999923706055,26.9500789642334,381200,NDSN
2010-08-16,31.514999389648438,32.5099983215332,31.3700008392334,32.23500061035156,27.186222076416016,218600,NDSN
2010-08-17,32.619998931884766,33.584999084472656,32.5099983215332,33.19499969482422,27.995866775512695,246800,NDSN
2010-08-18,32.96500015258789,33.775001525878906,32.494998931884766,33.11000061035156,27.92417335510254,300600,NDSN
2010-08-19,32.79499816894531,33.375,32.150001525878906,32.29499816894531,27.236820220947266,448600,NDSN
2010-08-20,33.96500015258789,34.005001068115234,32.04999923706055,32.47999954223633,27.392860412597656,621600,NDSN
2010-08-23,32.7599983215332,32.900001525878906,31.875,31.889999389648438,26.895261764526367,353200,NDSN
2010-08-24,31.510000228881836,32.15999984741211,30.8799991607666,31.790000915527344,26.81092071533203,598600,NDSN
2010-08-25,31.5,32.32500076293945,31.225000381469727,32.20500183105469,27.160921096801758,367400,NDSN
2010-08-26,32.29499816894531,32.79999923706055,31.704999923706055,31.959999084472656,26.954296112060547,315400,NDSN
2010-08-27,32.30500030517578,32.98500061035156,31.764999389648438,32.875,27.817371368408203,305200,NDSN
2010-08-30,32.619998931884766,32.744998931884766,31.6299991607666,31.635000228881836,26.76814079284668,299400,NDSN
2010-08-31,31.5049991607666,32.45000076293945,31.389999389648438,32.084999084472656,27.14890480041504,346000,NDSN
2010-09-01,32.994998931884766,33.650001525878906,32.564998626708984,33.32500076293945,28.198139190673828,394800,NDSN
2010-09-02,33.334999084472656,34.09000015258789,33.060001373291016,34.04499816894531,28.807376861572266,340400,NDSN
2010-09-03,34.525001525878906,34.90999984741211,34.38999938964844,34.65999984741211,29.32775115966797,384800,NDSN
2010-09-07,34.96500015258789,34.96500015258789,33.89500045776367,34.0,28.7692928314209,297400,NDSN
2010-09-08,34.14500045776367,34.45500183105469,33.96500015258789,34.09000015258789,28.845449447631836,309200,NDSN
2010-09-09,34.45000076293945,34.54999923706055,33.81999969482422,34.060001373291016,28.820072174072266,316000,NDSN
2010-09-10,34.20000076293945,34.369998931884766,33.96500015258789,34.11000061035156,28.86237907409668,315200,NDSN
2010-09-13,34.54499816894531,35.13999938964844,34.03499984741211,34.98500061035156,29.60274887084961,500000,NDSN
2010-09-14,34.935001373291016,35.20500183105469,34.709999084472656,34.994998931884766,29.61121940612793,342200,NDSN
2010-09-15,34.86000061035156,35.26499938964844,34.53499984741211,34.97999954223633,29.59853744506836,289600,NDSN
2010-09-16,34.845001220703125,35.404998779296875,34.81999969482422,34.95500183105469,29.577375411987305,272400,NDSN
2010-09-17,35.38999938964844,35.404998779296875,34.595001220703125,35.224998474121094,29.80583381652832,566800,NDSN
2010-09-20,35.28499984741211,36.435001373291016,35.06999969482422,36.400001525878906,30.800086975097656,511600,NDSN
2010-09-21,36.3849983215332,36.7599983215332,36.209999084472656,36.25,30.67314910888672,393400,NDSN
2010-09-22,36.005001068115234,36.67499923706055,35.564998626708984,35.82500076293945,30.313533782958984,219200,NDSN
2010-09-23,35.400001525878906,35.92499923706055,34.650001525878906,34.709999084472656,29.370075225830078,602400,NDSN
2010-09-24,35.224998474121094,36.119998931884766,35.095001220703125,36.03499984741211,30.49123191833496,383200,NDSN
2010-09-27,36.005001068115234,36.064998626708984,35.35499954223633,35.724998474121094,30.228914260864258,344200,NDSN
2010-09-28,35.97999954223633,36.6150016784668,35.209999084472656,36.57500076293945,30.948152542114258,330200,NDSN
2010-09-29,36.36000061035156,36.98500061035156,36.244998931884766,36.57500076293945,30.948152542114258,240400,NDSN
2010-09-30,36.95000076293945,37.66999816894531,36.75,36.845001220703125,31.176620483398438,430600,NDSN
2010-10-01,37.33000183105469,37.33000183105469,36.23500061035156,36.88999938964844,31.21468162536621,333200,NDSN
2010-10-04,36.744998931884766,36.94499969482422,35.584999084472656,35.845001220703125,30.330459594726562,270400,NDSN
2010-10-05,36.35499954223633,37.6150016784668,35.904998779296875,37.47999954223633,31.713911056518555,392200,NDSN
2010-10-06,37.255001068115234,37.45000076293945,37.095001220703125,37.30500030517578,31.56584358215332,311600,NDSN
2010-10-07,37.665000915527344,37.70500183105469,37.095001220703125,37.46500015258789,31.70122718811035,152400,NDSN
2010-10-08,37.48500061035156,37.869998931884766,36.68000030517578,37.63999938964844,31.849306106567383,547400,NDSN
2010-10-11,37.630001068115234,37.75,37.189998626708984,37.400001525878906,31.646228790283203,172200,NDSN
2010-10-12,37.20000076293945,37.43000030517578,36.57500076293945,37.22999954223633,31.502376556396484,126800,NDSN
2010-10-13,37.52000045776367,37.810001373291016,37.22999954223633,37.6349983215332,31.8450870513916,540800,NDSN
2010-10-14,37.630001068115234,38.150001525878906,37.39500045776367,37.81999969482422,32.00160598754883,449000,NDSN
2010-10-15,38.31999969482422,38.36000061035156,37.525001525878906,38.0,32.15392303466797,434600,NDSN
2010-10-18,38.125,38.630001068115234,37.939998626708984,38.625,32.682777404785156,289600,NDSN
2010-10-19,37.915000915527344,38.64500045776367,37.36000061035156,37.89500045776367,32.06508255004883,392400,NDSN
2010-10-20,38.16999816894531,39.314998626708984,38.16999816894531,38.83000183105469,32.856231689453125,292200,NDSN
2010-10-21,39.084999084472656,39.415000915527344,38.5099983215332,38.994998931884766,32.995849609375,271200,NDSN
2010-10-22,39.09000015258789,39.2599983215332,39.03499984741211,39.185001373291016,33.156620025634766,166000,NDSN
2010-10-25,39.474998474121094,40.084999084472656,39.345001220703125,39.880001068115234,33.74469757080078,314600,NDSN
2010-10-26,39.73500061035156,40.040000915527344,39.45500183105469,39.70000076293945,33.59239196777344,217400,NDSN
2010-10-27,39.525001525878906,39.599998474121094,38.96500015258789,39.255001068115234,33.21583938598633,354000,NDSN
2010-10-28,39.4900016784668,39.685001373291016,38.83000183105469,39.13999938964844,33.118534088134766,206200,NDSN
2010-10-29,38.959999084472656,39.290000915527344,38.93000030517578,39.0099983215332,33.008544921875,170200,NDSN
2010-11-01,39.0099983215332,39.904998779296875,38.755001068115234,39.14500045776367,33.12277603149414,199000,NDSN
2010-11-02,39.439998626708984,40.11000061035156,39.439998626708984,40.060001373291016,33.89701461791992,324800,NDSN
2010-11-03,39.20000076293945,39.8849983215332,39.0099983215332,39.650001525878906,33.550086975097656,318800,NDSN
2010-11-04,40.125,41.08000183105469,39.8849983215332,41.040000915527344,34.72624588012695,362200,NDSN
2010-11-05,41.0,41.125,40.7400016784668,41.125,34.79815673828125,220400,NDSN
2010-11-08,40.86000061035156,41.17499923706055,40.584999084472656,40.994998931884766,34.688148498535156,184200,NDSN
2010-11-09,40.974998474121094,41.2400016784668,40.7400016784668,41.125,34.79815673828125,371400,NDSN
2010-11-10,41.25,41.599998474121094,40.81999969482422,41.505001068115234,35.11968994140625,394800,NDSN
2010-11-11,41.10499954223633,41.7400016784668,40.63999938964844,40.970001220703125,34.66701889038086,225000,NDSN
2010-11-12,39.880001068115234,40.119998931884766,38.790000915527344,38.80500030517578,32.83507537841797,863800,NDSN
2010-11-15,38.900001525878906,39.75,38.810001373291016,39.064998626708984,33.05507278442383,337800,NDSN
2010-11-16,38.53499984741211,38.73500061035156,37.724998474121094,38.060001373291016,32.2047004699707,329600,NDSN
2010-11-17,38.209999084472656,38.474998474121094,37.775001525878906,38.415000915527344,32.50507736206055,359400,NDSN
2010-11-18,38.904998779296875,39.52000045776367,38.904998779296875,39.25,33.211631774902344,283800,NDSN
2010-11-19,39.21500015258789,39.91999816894531,38.79999923706055,39.505001068115234,33.42738342285156,281400,NDSN
2010-11-22,39.22999954223633,39.95500183105469,38.900001525878906,39.82500076293945,33.69815444946289,277000,NDSN
2010-11-23,39.279998779296875,39.595001220703125,38.345001220703125,39.41999816894531,33.355445861816406,322600,NDSN
2010-11-24,39.810001373291016,40.42499923706055,39.60499954223633,40.42499923706055,34.205848693847656,250400,NDSN
2010-11-26,39.939998626708984,40.65999984741211,39.939998626708984,40.32500076293945,34.121238708496094,56800,NDSN
2010-11-29,40.0,40.2599983215332,39.16999816894531,40.150001525878906,33.97315216064453,137400,NDSN
2010-11-30,39.64500045776367,40.22999954223633,39.10499954223633,39.71500015258789,33.60507583618164,700200,NDSN
2010-12-01,40.52000045776367,41.310001373291016,39.94499969482422,41.119998931884766,34.793922424316406,247600,NDSN
2010-12-02,41.095001220703125,42.224998474121094,40.88999938964844,42.17499923706055,35.686622619628906,241400,NDSN
2010-12-03,41.95500183105469,42.97999954223633,41.95500183105469,42.82500076293945,36.23662185668945,246200,NDSN
2010-12-06,42.39500045776367,43.54499816894531,42.34000015258789,43.474998474121094,36.7866325378418,344800,NDSN
2010-12-07,43.869998931884766,44.59000015258789,43.1150016784668,43.314998626708984,36.6512336730957,543200,NDSN
2010-12-08,43.23500061035156,43.77000045776367,43.130001068115234,43.224998474121094,36.57508850097656,263800,NDSN
2010-12-09,43.665000915527344,43.92499923706055,42.814998626708984,42.8849983215332,36.28739929199219,502000,NDSN
2010-12-10,42.92499923706055,44.08000183105469,42.869998931884766,44.0099983215332,37.239322662353516,234600,NDSN
2010-12-13,44.154998779296875,44.32500076293945,43.630001068115234,43.73500061035156,37.006622314453125,324600,NDSN
2010-12-14,43.92499923706055,44.05500030517578,43.650001525878906,43.814998626708984,37.07430648803711,484200,NDSN
2010-12-15,43.75,44.39500045776367,43.58000183105469,43.584999084472656,36.87971115112305,527000,NDSN
2010-12-16,45.25,45.5,44.625,45.29999923706055,38.33086013793945,1313000,NDSN
2010-12-17,45.0,46.060001373291016,44.7400016784668,45.61000061035156,38.682830810546875,1337800,NDSN
2010-12-20,45.69499969482422,46.494998931884766,45.54499816894531,46.22999954223633,39.20866012573242,542200,NDSN
2010-12-21,46.4900016784668,47.1349983215332,46.22999954223633,47.10499954223633,39.95077896118164,387000,NDSN
2010-12-22,47.07500076293945,47.2599983215332,46.8849983215332,47.05500030517578,39.908363342285156,425000,NDSN
2010-12-23,47.0,47.310001373291016,46.56999969482422,46.775001525878906,39.67088317871094,211600,NDSN
2010-12-27,46.67499923706055,47.22999954223633,46.51499938964844,47.05500030517578,39.908363342285156,100800,NDSN
2010-12-28,47.05500030517578,47.30500030517578,46.244998931884766,46.724998474121094,39.62847900390625,286600,NDSN
2010-12-29,46.875,46.875,46.3849983215332,46.56999969482422,39.49702453613281,103800,NDSN
2010-12-30,46.44499969482422,47.0,46.1349983215332,46.38999938964844,39.34436798095703,145600,NDSN
2010-12-31,46.334999084472656,46.650001525878906,45.939998626708984,45.939998626708984,38.962703704833984,247800,NDSN
2011-01-03,46.54499816894531,47.810001373291016,46.54499816894531,47.58000183105469,40.353633880615234,646400,NDSN
2011-01-04,47.90999984741211,47.90999984741211,46.125,46.650001525878906,39.564876556396484,355600,NDSN
2011-01-05,46.5,47.064998626708984,46.095001220703125,46.84000015258789,39.72603225708008,249600,NDSN
2011-01-06,46.779998779296875,46.915000915527344,45.76499938964844,46.084999084472656,39.0856819152832,226000,NDSN
2011-01-07,46.29999923706055,46.689998626708984,44.92499923706055,45.810001373291016,38.85245895385742,225000,NDSN
2011-01-10,45.44499969482422,46.849998474121094,45.04499816894531,46.77000045776367,39.66663360595703,425600,NDSN
2011-01-11,46.88999938964844,47.18000030517578,46.55500030517578,46.93000030517578,39.802364349365234,303000,NDSN
2011-01-12,47.5,47.5,46.814998626708984,47.04999923706055,39.90412902832031,261600,NDSN
2011-01-13,46.91999816894531,47.35499954223633,46.54999923706055,46.915000915527344,39.78963851928711,182200,NDSN
2011-01-14,46.80500030517578,47.1349983215332,46.400001525878906,46.775001525878906,39.67088317871094,340400,NDSN
2011-01-18,46.540000915527344,46.814998626708984,46.04499816894531,46.790000915527344,39.68362808227539,690600,NDSN
2011-01-19,46.70000076293945,46.70000076293945,45.380001068115234,45.650001525878906,38.71675491333008,379800,NDSN
2011-01-20,45.290000915527344,45.82500076293945,44.619998931884766,45.119998931884766,38.267242431640625,292200,NDSN
2011-01-21,45.44499969482422,45.625,44.685001373291016,44.72999954223633,37.93647766113281,477600,NDSN
2011-01-24,44.80500030517578,45.939998626708984,44.755001068115234,45.70000076293945,38.7591667175293,236800,NDSN
2011-01-25,45.345001220703125,45.584999084472656,44.7400016784668,45.584999084472656,38.661624908447266,285600,NDSN
2011-01-26,45.86000061035156,46.845001220703125,45.53499984741211,46.75,39.64969253540039,318400,NDSN
2011-01-27,46.84000015258789,47.095001220703125,46.275001525878906,46.70500183105469,39.61153030395508,265800,NDSN
2011-01-28,46.584999084472656,47.0,45.619998931884766,46.03499984741211,39.04328155517578,425600,NDSN
2011-01-31,46.23500061035156,46.869998931884766,45.68000030517578,46.154998779296875,39.145050048828125,261200,NDSN
2011-02-01,46.5099983215332,47.709999084472656,46.05500030517578,47.560001373291016,40.336666107177734,442200,NDSN
2011-02-02,47.36000061035156,48.349998474121094,47.36000061035156,47.849998474121094,40.58262634277344,350400,NDSN
2011-02-03,47.84000015258789,48.154998779296875,47.290000915527344,47.96500015258789,40.68014907836914,201800,NDSN
2011-02-04,47.98500061035156,48.35499954223633,47.63999938964844,48.029998779296875,40.73528289794922,289200,NDSN
2011-02-07,48.040000915527344,48.97999954223633,48.040000915527344,48.689998626708984,41.295040130615234,375000,NDSN
2011-02-08,48.685001373291016,48.935001373291016,48.400001525878906,48.59000015258789,41.210243225097656,235000,NDSN
2011-02-09,48.279998779296875,48.48500061035156,47.650001525878906,48.08000183105469,40.777687072753906,173200,NDSN
2011-02-10,47.82500076293945,48.72999954223633,47.67499923706055,48.404998779296875,41.053340911865234,376600,NDSN
2011-02-11,48.25,49.099998474121094,48.25,49.02000045776367,41.57491683959961,293200,NDSN
2011-02-14,48.93000030517578,49.310001373291016,48.58000183105469,48.970001220703125,41.53251266479492,412800,NDSN
2011-02-15,48.81999969482422,49.25,48.724998474121094,48.95000076293945,41.51555633544922,286000,NDSN
2011-02-16,49.19499969482422,49.375,48.86000061035156,49.255001068115234,41.774234771728516,273800,NDSN
2011-02-17,49.119998931884766,49.900001525878906,49.005001068115234,49.685001373291016,42.13892364501953,335400,NDSN
2011-02-18,50.0,50.125,49.54499816894531,50.03499984741211,42.43577194213867,516600,NDSN
2011-02-22,49.47999954223633,50.099998474121094,48.10499954223633,48.25,40.921871185302734,313200,NDSN
2011-02-23,55.04999923706055,56.89500045776367,52.82500076293945,54.22999954223633,45.9936408996582,2196800,NDSN
2011-02-24,54.07500076293945,55.994998931884766,53.875,54.90999984741211,46.57036209106445,806200,NDSN
2011-02-25,54.88999938964844,55.525001525878906,54.369998931884766,54.91999816894531,46.6680793762207,513600,NDSN
2011-02-28,55.29499816894531,55.98500061035156,54.040000915527344,54.45500183105469,46.27295684814453,487400,NDSN
2011-03-01,54.724998474121094,55.0,53.07500076293945,53.279998779296875,45.274478912353516,471400,NDSN
2011-03-02,53.31999969482422,54.70000076293945,53.290000915527344,53.744998931884766,45.66962432861328,474000,NDSN
2011-03-03,54.095001220703125,55.5,54.07500076293945,55.19499969482422,46.90176010131836,523400,NDSN
2011-03-04,55.349998474121094,55.89500045776367,54.65999984741211,55.20500183105469,46.9102783203125,344800,NDSN
2011-03-07,55.5,55.5,54.334999084472656,54.90999984741211,46.65959548950195,422000,NDSN
2011-03-08,55.09000015258789,56.654998779296875,54.525001525878906,55.834999084472656,47.44559860229492,327200,NDSN
2011-03-09,55.84000015258789,56.25,54.790000915527344,55.0099983215332,46.74456787109375,242000,NDSN
2011-03-10,54.279998779296875,54.66999816894531,52.2400016784668,52.439998626708984,44.56070327758789,517200,NDSN
2011-03-11,52.29999923706055,53.400001525878906,51.71500015258789,52.9900016784668,45.02806854248047,315000,NDSN
2011-03-14,52.43000030517578,53.45500183105469,52.025001525878906,53.209999084472656,45.21501922607422,323800,NDSN
2011-03-15,51.439998626708984,54.470001220703125,50.15999984741211,52.59000015258789,44.68817138671875,365400,NDSN
2011-03-16,52.5,53.130001068115234,51.540000915527344,51.78499984741211,44.004119873046875,449600,NDSN
2011-03-17,52.625,52.97999954223633,51.89500045776367,52.39500045776367,44.522483825683594,427400,NDSN
2011-03-18,52.90999984741211,53.400001525878906,52.43000030517578,52.755001068115234,44.8283576965332,488000,NDSN
2011-03-21,53.42499923706055,54.89500045776367,52.404998779296875,54.53499984741211,46.34092712402344,308600,NDSN
2011-03-22,54.779998779296875,54.97999954223633,53.65999984741211,53.935001373291016,45.8310661315918,157000,NDSN
2011-03-23,53.744998931884766,54.404998779296875,52.849998474121094,54.165000915527344,46.02653884887695,236200,NDSN
2011-03-24,54.48500061035156,55.17499923706055,53.935001373291016,54.900001525878906,46.65110397338867,231400,NDSN
2011-03-25,55.25,56.81999969482422,55.0,56.224998474121094,47.77700424194336,451200,NDSN
2011-03-28,57.845001220703125,57.849998474121094,55.80500030517578,56.154998779296875,47.71751022338867,342800,NDSN
2011-03-29,56.15999984741211,57.5,55.505001068115234,57.11000061035156,48.529022216796875,339400,NDSN
2011-03-30,57.529998779296875,57.88999938964844,56.790000915527344,57.435001373291016,48.80520248413086,166800,NDSN
2011-03-31,57.369998931884766,57.619998931884766,56.97999954223633,57.529998779296875,48.88591384887695,229600,NDSN
2011-04-01,58.04999923706055,58.494998931884766,57.005001068115234,57.59000015258789,48.936912536621094,346000,NDSN
2011-04-04,58.005001068115234,58.005001068115234,57.33000183105469,57.834999084472656,49.14508819580078,273400,NDSN
2011-04-05,57.79999923706055,58.654998779296875,57.625,58.19499969482422,49.450992584228516,284600,NDSN
2011-04-06,58.779998779296875,59.04999923706055,58.154998779296875,58.744998931884766,49.91836166381836,297600,NDSN
2011-04-07,58.90999984741211,59.415000915527344,57.400001525878906,57.53499984741211,48.89016342163086,414200,NDSN
2011-04-08,58.244998931884766,58.69499969482422,56.40999984741211,57.04999923706055,48.47805404663086,285200,NDSN
2011-04-11,57.1150016784668,57.54999923706055,56.79999923706055,56.93000030517578,48.3760986328125,225800,NDSN
2011-04-12,56.5,56.84000015258789,55.52000045776367,55.55500030517578,47.20768356323242,249400,NDSN
2011-04-13,56.11000061035156,56.119998931884766,54.25,55.400001525878906,47.07594680786133,489900,NDSN
2011-04-14,55.119998931884766,55.43000030517578,54.58000183105469,55.38999938964844,47.06747055053711,221000,NDSN
2011-04-15,55.099998474121094,56.2599983215332,54.75,55.599998474121094,47.24589538574219,336800,NDSN
2011-04-18,54.93000030517578,54.93000030517578,53.13999938964844,53.650001525878906,45.58892822265625,335600,NDSN
2011-04-19,53.880001068115234,54.599998474121094,53.25,54.099998474121094,45.97128677368164,310800,NDSN
2011-04-20,55.189998626708984,55.33000183105469,54.36000061035156,55.220001220703125,46.92302322387695,227400,NDSN
2011-04-21,55.83000183105469,56.209999084472656,54.869998931884766,55.16999816894531,46.8805046081543,255600,NDSN
2011-04-25,54.88999938964844,55.150001525878906,54.06999969482422,54.58000183105469,46.37916946411133,230900,NDSN
2011-04-26,54.849998474121094,55.90999984741211,54.77000045776367,55.31999969482422,47.00797653198242,364400,NDSN
2011-04-27,55.2400016784668,55.79999923706055,54.56999969482422,55.68000030517578,47.313899993896484,426600,NDSN
2011-04-28,55.68000030517578,56.040000915527344,55.369998931884766,55.7400016784668,47.36487579345703,249000,NDSN
2011-04-29,55.970001220703125,57.61000061035156,55.970001220703125,56.970001220703125,48.41006088256836,335000,NDSN
2011-05-02,57.36000061035156,58.0099983215332,55.40999984741211,55.43000030517578,47.1014404296875,315200,NDSN
2011-05-03,55.45000076293945,56.439998626708984,53.84000015258789,54.369998931884766,46.20072937011719,392100,NDSN
2011-05-04,54.41999816894531,54.599998474121094,52.02000045776367,52.810001373291016,44.875118255615234,400100,NDSN
2011-05-05,52.15999984741211,53.45000076293945,51.560001373291016,52.529998779296875,44.63718795776367,282500,NDSN
2011-05-06,53.290000915527344,53.7400016784668,51.869998931884766,52.18000030517578,44.33977127075195,242000,NDSN
2011-05-09,52.2599983215332,53.779998779296875,51.810001373291016,53.16999816894531,45.181026458740234,249000,NDSN
2011-05-10,53.61000061035156,53.959999084472656,52.9900016784668,53.349998474121094,45.33397674560547,159300,NDSN
2011-05-11,53.209999084472656,53.2400016784668,51.630001068115234,51.7400016784668,43.96588134765625,305900,NDSN
2011-05-12,51.400001525878906,52.720001220703125,50.779998779296875,52.2599983215332,44.40775680541992,225300,NDSN
2011-05-13,52.560001373291016,52.83000183105469,51.33000183105469,51.880001068115234,44.084861755371094,387100,NDSN
2011-05-16,51.380001068115234,52.25,50.970001220703125,51.0099983215332,43.345558166503906,256700,NDSN
2011-05-17,50.540000915527344,51.119998931884766,50.130001068115234,50.810001373291016,43.175628662109375,320800,NDSN
2011-05-18,51.04999923706055,52.349998474121094,50.61000061035156,52.27000045776367,44.416255950927734,399500,NDSN
2011-05-19,52.79999923706055,54.650001525878906,52.79999923706055,54.40999984741211,46.23472595214844,923200,NDSN
2011-05-20,50.959999084472656,52.939998626708984,50.560001373291016,50.65999984741211,43.04817581176758,1522700,NDSN
2011-05-23,50.0,50.79999923706055,49.25,50.2599983215332,42.70825958251953,542200,NDSN
2011-05-24,50.36000061035156,50.5099983215332,49.400001525878906,49.41999816894531,41.994483947753906,406500,NDSN
2011-05-25,49.130001068115234,50.13999938964844,48.630001068115234,49.72999954223633,42.257911682128906,482700,NDSN
2011-05-26,49.5,50.41999816894531,49.29999923706055,50.29999923706055,42.742244720458984,365500,NDSN
2011-05-27,50.54999923706055,51.029998779296875,50.150001525878906,50.41999816894531,42.933841705322266,308000,NDSN
2011-05-31,51.290000915527344,52.040000915527344,50.459999084472656,52.02000045776367,44.2962760925293,767000,NDSN
2011-06-01,51.970001220703125,52.709999084472656,50.470001220703125,50.65999984741211,43.13821029663086,572300,NDSN
2011-06-02,50.61000061035156,51.31999969482422,49.65999984741211,51.11000061035156,43.52138900756836,345400,NDSN
2011-06-03,50.09000015258789,51.45000076293945,49.709999084472656,50.900001525878906,43.34257507324219,460000,NDSN
2011-06-06,50.77000045776367,51.15999984741211,50.290000915527344,50.540000915527344,43.036033630371094,475000,NDSN
2011-06-07,51.09000015258789,51.31999969482422,50.310001373291016,50.790000915527344,43.24892044067383,367000,NDSN
2011-06-08,50.470001220703125,50.959999084472656,50.310001373291016,50.630001068115234,43.1126708984375,443200,NDSN
2011-06-09,50.810001373291016,51.18000030517578,50.43000030517578,50.43000030517578,42.94236373901367,385300,NDSN
2011-06-10,49.9900016784668,50.40999984741211,48.959999084472656,48.97999954223633,41.70764923095703,439700,NDSN
2011-06-13,49.2599983215332,49.650001525878906,48.7599983215332,48.9900016784668,41.7161750793457,479400,NDSN
2011-06-14,49.77000045776367,51.619998931884766,49.7599983215332,51.41999816894531,43.78535461425781,828100,NDSN
2011-06-15,50.63999938964844,51.5,50.2400016784668,50.599998474121094,43.087127685546875,650300,NDSN
2011-06-16,50.529998779296875,51.2400016784668,49.7599983215332,50.380001068115234,42.8997917175293,362900,NDSN
2011-06-17,50.83000183105469,51.63999938964844,50.310001373291016,50.52000045776367,43.01900863647461,559800,NDSN
2011-06-20,50.279998779296875,51.0,50.060001373291016,50.459999084472656,42.9678955078125,585900,NDSN
2011-06-21,51.0,52.09000015258789,50.630001068115234,51.869998931884766,44.16855239868164,554100,NDSN
2011-06-22,51.650001525878906,52.470001220703125,51.34000015258789,51.4900016784668,43.8449821472168,512500,NDSN
2011-06-23,50.720001220703125,52.0,49.560001373291016,51.84000015258789,44.14301681518555,590400,NDSN
2011-06-24,51.9900016784668,52.25,50.7400016784668,51.34000015258789,43.71725082397461,8337900,NDSN
2011-06-27,51.68000030517578,52.369998931884766,51.13999938964844,51.61000061035156,43.94715881347656,656200,NDSN
2011-06-28,51.91999816894531,53.61000061035156,51.630001068115234,53.400001525878906,45.471405029296875,642000,NDSN
2011-06-29,53.81999969482422,54.349998474121094,53.02000045776367,54.0099983215332,45.99080276489258,381000,NDSN
2011-06-30,54.209999084472656,55.38999938964844,53.939998626708984,54.849998474121094,46.70608901977539,315200,NDSN
2011-07-01,55.04999923706055,56.33000183105469,54.95000076293945,56.119998931884766,47.78752136230469,355100,NDSN
2011-07-05,56.0099983215332,56.41999816894531,55.7599983215332,56.09000015258789,47.76198959350586,348800,NDSN
2011-07-06,56.08000183105469,57.52000045776367,55.810001373291016,57.52000045776367,48.97966003417969,453000,NDSN
2011-07-07,57.93000030517578,59.06999969482422,57.439998626708984,59.0099983215332,50.248435974121094,827900,NDSN
2011-07-08,58.220001220703125,58.90999984741211,57.90999984741211,58.650001525878906,49.94187927246094,499300,NDSN
2011-07-11,57.91999816894531,58.13999938964844,56.54999923706055,56.810001373291016,48.37507629394531,266400,NDSN
2011-07-12,56.83000183105469,57.060001373291016,55.7400016784668,55.86000061035156,47.566139221191406,351500,NDSN
2011-07-13,55.88999938964844,57.0099983215332,55.5099983215332,55.849998474121094,47.557613372802734,346300,NDSN
2011-07-14,56.16999816894531,56.849998474121094,54.970001220703125,55.09000015258789,46.91046905517578,279300,NDSN
2011-07-15,55.38999938964844,55.4900016784668,54.22999954223633,54.81999969482422,46.6805419921875,573100,NDSN
2011-07-18,54.68000030517578,54.75,53.209999084472656,53.66999816894531,45.7012939453125,471100,NDSN
2011-07-19,54.040000915527344,55.34000015258789,53.81999969482422,55.209999084472656,47.01263427734375,433000,NDSN
2011-07-20,55.27000045776367,56.25,54.08000183105469,55.2599983215332,47.055213928222656,299500,NDSN
2011-07-21,55.61000061035156,56.4900016784668,54.7599983215332,55.77000045776367,47.489501953125,322800,NDSN
2011-07-22,55.709999084472656,56.36000061035156,55.11000061035156,55.95000076293945,47.642784118652344,239700,NDSN
2011-07-25,55.310001373291016,56.779998779296875,55.189998626708984,56.47999954223633,48.09407043457031,458500,NDSN
2011-07-26,56.349998474121094,56.93000030517578,55.08000183105469,55.25,47.046714782714844,280300,NDSN
2011-07-27,54.86000061035156,54.97999954223633,52.459999084472656,52.599998474121094,44.790157318115234,387900,NDSN
2011-07-28,52.75,53.5,51.150001525878906,51.279998779296875,43.666160583496094,557600,NDSN
2011-07-29,50.5,51.470001220703125,49.849998474121094,51.029998779296875,43.45326232910156,477600,NDSN
2011-08-01,51.720001220703125,51.790000915527344,49.790000915527344,50.5,43.00197982788086,516500,NDSN
2011-08-02,50.0,50.779998779296875,48.380001068115234,48.47999954223633,41.281898498535156,575700,NDSN
2011-08-03,48.65999984741211,48.65999984741211,46.75,47.90999984741211,40.79652404785156,608200,NDSN
2011-08-04,47.15999984741211,47.15999984741211,44.38999938964844,44.41999816894531,37.82471466064453,975000,NDSN
2011-08-05,45.2599983215332,45.2599983215332,42.029998779296875,43.130001068115234,36.72622299194336,779000,NDSN
2011-08-08,41.45000076293945,42.38999938964844,38.40999984741211,38.5,32.78368377685547,769600,NDSN
2011-08-09,39.380001068115234,41.79999923706055,38.099998474121094,41.7599983215332,35.559635162353516,1123800,NDSN
2011-08-10,40.380001068115234,41.47999954223633,39.79999923706055,39.88999938964844,33.967308044433594,577300,NDSN
2011-08-11,40.150001525878906,43.65999984741211,39.939998626708984,43.0,36.615535736083984,804800,NDSN
2011-08-12,43.41999816894531,44.86000061035156,42.900001525878906,44.060001373291016,37.518157958984375,635800,NDSN
2011-08-15,44.650001525878906,45.31999969482422,44.349998474121094,45.29999923706055,38.574039459228516,440400,NDSN
2011-08-16,44.72999954223633,45.34000015258789,44.150001525878906,44.52000045776367,37.909854888916016,835200,NDSN
2011-08-17,44.849998474121094,45.209999084472656,43.470001220703125,43.900001525878906,37.38191604614258,464600,NDSN
2011-08-18,42.2599983215332,43.68000030517578,40.869998931884766,41.290000915527344,35.15943145751953,505500,NDSN
2011-08-19,36.5099983215332,41.130001068115234,36.119998931884766,39.310001373291016,33.47341537475586,1680000,NDSN
2011-08-22,40.41999816894531,40.41999816894531,38.04999923706055,38.209999084472656,32.5367317199707,773400,NDSN
2011-08-23,38.2400016784668,40.06999969482422,37.88999938964844,40.06999969482422,34.12057113647461,670900,NDSN
2011-08-24,40.0,40.75,39.08000183105469,40.56999969482422,34.54635238647461,570300,NDSN
2011-08-25,40.970001220703125,41.349998474121094,39.290000915527344,39.72999954223633,33.831050872802734,349000,NDSN
2011-08-26,39.150001525878906,41.810001373291016,38.70000076293945,41.72999954223633,35.6462516784668,563600,NDSN
2011-08-29,42.380001068115234,44.029998779296875,41.880001068115234,43.93000030517578,37.52552032470703,448500,NDSN
2011-08-30,43.560001373291016,44.459999084472656,43.08000183105469,44.040000915527344,37.619483947753906,354500,NDSN
2011-08-31,44.43000030517578,45.25,43.470001220703125,43.900001525878906,37.499900817871094,286500,NDSN
2011-09-01,43.93000030517578,44.61000061035156,42.88999938964844,43.09000015258789,36.807987213134766,341200,NDSN
2011-09-02,42.040000915527344,42.88999938964844,41.22999954223633,41.45000076293945,35.40708541870117,622400,NDSN
2011-09-06,39.7599983215332,41.02000045776367,39.369998931884766,40.61000061035156,34.68952941894531,933300,NDSN
2011-09-07,41.52000045776367,42.959999084472656,41.290000915527344,42.619998931884766,36.406494140625,713400,NDSN
2011-09-08,42.04999923706055,42.880001068115234,41.52000045776367,41.63999938964844,35.56936264038086,944400,NDSN
2011-09-09,41.15999984741211,42.36000061035156,40.09000015258789,40.5099983215332,34.60409927368164,1205300,NDSN
2011-09-12,39.790000915527344,40.869998931884766,39.13999938964844,40.40999984741211,34.51869201660156,617300,NDSN
2011-09-13,40.779998779296875,42.709999084472656,40.65999984741211,42.5,36.30400848388672,729000,NDSN
2011-09-14,42.93000030517578,44.4900016784668,41.88999938964844,43.75,37.371768951416016,577500,NDSN
2011-09-15,44.27000045776367,44.869998931884766,43.86000061035156,44.56999969482422,38.07221221923828,428000,NDSN
2011-09-16,44.75,45.130001068115234,44.0099983215332,44.619998931884766,38.11491775512695,1556000,NDSN
2011-09-19,43.619998931884766,44.650001525878906,43.20000076293945,44.130001068115234,37.69635772705078,455200,NDSN
2011-09-20,44.290000915527344,44.439998626708984,43.130001068115234,43.15999984741211,36.867767333984375,696500,NDSN
2011-09-21,43.0099983215332,43.34000015258789,41.880001068115234,41.95000076293945,35.83417892456055,667800,NDSN
2011-09-22,40.33000183105469,40.4900016784668,38.90999984741211,39.5099983215332,33.74989700317383,605700,NDSN
2011-09-23,39.22999954223633,40.25,38.869998931884766,39.099998474121094,33.39966583251953,515400,NDSN
2011-09-26,39.4900016784668,40.9900016784668,38.36000061035156,40.93000030517578,34.962886810302734,472900,NDSN
2011-09-27,41.97999954223633,43.459999084472656,41.7400016784668,42.09000015258789,35.953773498535156,283900,NDSN
2011-09-28,42.2400016784668,42.560001373291016,39.90999984741211,40.02000045776367,34.185550689697266,317900,NDSN
2011-09-29,40.970001220703125,41.400001525878906,39.970001220703125,41.209999084472656,35.202064514160156,524400,NDSN
2011-09-30,40.34000015258789,40.84000015258789,39.66999816894531,39.7400016784668,33.94636917114258,446100,NDSN
2011-10-03,39.43000030517578,39.900001525878906,37.150001525878906,37.209999084472656,31.785221099853516,510400,NDSN
2011-10-04,36.61000061035156,40.4900016784668,36.61000061035156,40.40999984741211,34.51869201660156,579300,NDSN
2011-10-05,40.29999923706055,40.9900016784668,39.869998931884766,40.400001525878906,34.510154724121094,652800,NDSN
2011-10-06,40.400001525878906,41.13999938964844,39.709999084472656,41.11000061035156,35.116641998291016,1196400,NDSN
2011-10-07,41.25,41.810001373291016,40.29999923706055,40.650001525878906,34.72370147705078,323300,NDSN
2011-10-10,41.63999938964844,42.59000015258789,41.540000915527344,42.560001373291016,36.35525131225586,317100,NDSN
2011-10-11,42.15999984741211,43.279998779296875,42.08000183105469,43.029998779296875,36.75673294067383,177800,NDSN
2011-10-12,43.45000076293945,45.34000015258789,43.13999938964844,44.70000076293945,38.183284759521484,388100,NDSN
2011-10-13,44.16999816894531,45.060001373291016,42.9900016784668,43.540000915527344,37.19237518310547,389800,NDSN
2011-10-14,44.2400016784668,45.36000061035156,43.72999954223633,45.15999984741211,38.57621765136719,345600,NDSN
2011-10-17,44.849998474121094,45.11000061035156,43.33000183105469,43.619998931884766,37.260719299316406,258400,NDSN
2011-10-18,43.900001525878906,45.880001068115234,43.220001220703125,45.16999816894531,38.58475112915039,273300,NDSN
2011-10-19,45.04999923706055,45.150001525878906,43.43000030517578,43.650001525878906,37.286354064941406,398300,NDSN
2011-10-20,43.709999084472656,44.459999084472656,42.18000030517578,43.25,36.944644927978516,282900,NDSN
2011-10-21,44.150001525878906,44.5,43.40999984741211,44.439998626708984,37.96116638183594,333300,NDSN
2011-10-24,44.66999816894531,46.34000015258789,44.209999084472656,46.22999954223633,39.490211486816406,163600,NDSN
2011-10-25,45.7400016784668,46.189998626708984,44.33000183105469,44.47999954223633,37.99534225463867,259000,NDSN
2011-10-26,45.369998931884766,45.61000061035156,43.56999969482422,45.20000076293945,38.610374450683594,497100,NDSN
2011-10-27,46.779998779296875,48.70000076293945,46.779998779296875,47.9900016784668,40.993621826171875,356400,NDSN
2011-10-28,47.810001373291016,48.220001220703125,47.040000915527344,47.56999969482422,40.634857177734375,283600,NDSN
2011-10-31,46.63999938964844,47.77000045776367,46.0099983215332,46.369998931884766,39.60980224609375,351100,NDSN
2011-11-01,44.72999954223633,46.18000030517578,44.310001373291016,45.20000076293945,38.610374450683594,349600,NDSN
2011-11-02,45.95000076293945,46.72999954223633,45.22999954223633,46.2400016784668,39.49875259399414,227300,NDSN
2011-11-03,46.90999984741211,47.790000915527344,45.7599983215332,47.59000015258789,40.651939392089844,340800,NDSN
2011-11-04,47.0099983215332,47.810001373291016,46.18000030517578,47.689998626708984,40.73734664916992,149600,NDSN
2011-11-07,47.33000183105469,47.88999938964844,45.349998474121094,46.029998779296875,39.31935119628906,379800,NDSN
2011-11-08,46.540000915527344,47.13999938964844,45.7400016784668,46.779998779296875,39.96002197265625,238200,NDSN
2011-11-09,45.38999938964844,46.060001373291016,43.59000015258789,44.0,37.5853157043457,349600,NDSN
2011-11-10,44.7400016784668,45.040000915527344,43.90999984741211,44.43000030517578,37.952640533447266,228000,NDSN
2011-11-11,45.13999938964844,45.869998931884766,44.709999084472656,45.5,38.866634368896484,181200,NDSN
2011-11-14,45.349998474121094,45.66999816894531,43.97999954223633,44.58000183105469,38.08076095581055,232100,NDSN
2011-11-15,44.349998474121094,45.709999084472656,43.90999984741211,45.41999816894531,38.79829025268555,164200,NDSN
2011-11-16,44.79999923706055,46.029998779296875,44.66999816894531,44.84000015258789,38.30283737182617,177100,NDSN
2011-11-17,44.84000015258789,45.04999923706055,43.540000915527344,43.79999923706055,37.41446304321289,310100,NDSN
2011-11-18,44.099998474121094,44.119998931884766,43.40999984741211,43.810001373291016,37.42301559448242,146700,NDSN
2011-11-21,42.939998626708984,43.209999084472656,42.33000183105469,42.88999938964844,36.63711929321289,237100,NDSN
2011-11-22,42.86000061035156,43.54999923706055,42.540000915527344,43.09000015258789,36.807987213134766,218900,NDSN
2011-11-23,42.70000076293945,42.720001220703125,41.900001525878906,42.08000183105469,35.945220947265625,268600,NDSN
2011-11-25,41.779998779296875,42.86000061035156,41.779998779296875,42.209999084472656,36.05628204345703,170500,NDSN
2011-11-28,43.41999816894531,44.16999816894531,43.040000915527344,43.72999954223633,37.35465621948242,405800,NDSN
2011-11-29,43.65999984741211,44.5,43.61000061035156,44.040000915527344,37.619483947753906,263500,NDSN
2011-11-30,45.900001525878906,47.06999969482422,45.900001525878906,47.060001373291016,40.19921875,571100,NDSN
2011-12-01,46.650001525878906,47.52000045776367,46.29999923706055,46.52000045776367,39.737937927246094,229100,NDSN
2011-12-02,47.22999954223633,47.689998626708984,46.83000183105469,47.06999969482422,40.207740783691406,188800,NDSN
2011-12-05,47.959999084472656,48.56999969482422,47.27000045776367,47.959999084472656,40.967979431152344,244200,NDSN
2011-12-06,48.09000015258789,48.959999084472656,47.650001525878906,48.38999938964844,41.335296630859375,269000,NDSN
2011-12-07,47.9900016784668,48.4900016784668,46.97999954223633,48.04999923706055,41.04486846923828,232300,NDSN
2011-12-08,47.439998626708984,47.709999084472656,45.95000076293945,46.2400016784668,39.49875259399414,262300,NDSN
2011-12-09,46.54999923706055,47.709999084472656,46.16999816894531,47.31999969482422,40.42130661010742,458200,NDSN
2011-12-12,46.630001068115234,46.72999954223633,45.95000076293945,46.650001525878906,39.8489875793457,272600,NDSN
2011-12-13,47.189998626708984,47.630001068115234,45.959999084472656,46.22999954223633,39.490211486816406,325600,NDSN
2011-12-14,45.810001373291016,46.029998779296875,44.34000015258789,44.529998779296875,38.038047790527344,562400,NDSN
2011-12-15,43.93000030517578,44.310001373291016,39.380001068115234,40.43000030517578,34.53577423095703,1830800,NDSN
2011-12-16,40.560001373291016,41.779998779296875,39.97999954223633,40.25,34.48865509033203,1138400,NDSN
2011-12-19,40.540000915527344,40.540000915527344,39.5,39.650001525878906,33.97453689575195,469900,NDSN
2011-12-20,40.529998779296875,41.95000076293945,40.27000045776367,41.34000015258789,35.42263412475586,290600,NDSN
2011-12-21,41.060001373291016,41.34000015258789,39.849998474121094,41.0099983215332,35.13986587524414,311100,NDSN
2011-12-22,41.209999084472656,41.54999923706055,40.72999954223633,40.959999084472656,35.09702682495117,250800,NDSN
2011-12-23,40.939998626708984,42.130001068115234,40.939998626708984,41.36000061035156,35.43976593017578,180800,NDSN
2011-12-27,41.06999969482422,41.66999816894531,40.9900016784668,41.220001220703125,35.3198127746582,124900,NDSN
2011-12-28,41.18000030517578,41.290000915527344,40.2599983215332,40.380001068115234,34.60005187988281,139600,NDSN
2011-12-29,40.400001525878906,41.52000045776367,40.400001525878906,41.400001525878906,35.47403335571289,142800,NDSN
2011-12-30,41.22999954223633,41.65999984741211,41.119998931884766,41.18000030517578,35.285526275634766,202100,NDSN
2012-01-03,42.13999938964844,42.709999084472656,41.45000076293945,41.59000015258789,35.63683319091797,412100,NDSN
2012-01-04,41.16999816894531,41.75,40.81999969482422,41.599998474121094,35.64541244506836,470100,NDSN
2012-01-05,41.369998931884766,42.349998474121094,41.04999923706055,42.040000915527344,36.022422790527344,378500,NDSN
2012-01-06,42.060001373291016,42.209999084472656,41.630001068115234,41.849998474121094,35.8596305847168,336400,NDSN
2012-01-09,42.0099983215332,42.18000030517578,41.2400016784668,41.31999969482422,35.40548324584961,444300,NDSN
2012-01-10,42.0,42.130001068115234,41.619998931884766,42.0099983215332,35.99673080444336,314900,NDSN
2012-01-11,41.95000076293945,42.34000015258789,41.91999816894531,41.9900016784668,35.979583740234375,692400,NDSN
2012-01-12,42.2400016784668,42.59000015258789,41.709999084472656,42.41999816894531,36.34804153442383,621600,NDSN
2012-01-13,42.040000915527344,42.279998779296875,41.7400016784668,42.15999984741211,36.1252555847168,283000,NDSN
2012-01-17,42.77000045776367,43.31999969482422,42.77000045776367,42.86000061035156,36.725059509277344,306000,NDSN
2012-01-18,42.83000183105469,43.939998626708984,42.65999984741211,43.720001220703125,37.461978912353516,341700,NDSN
2012-01-19,43.83000183105469,45.18000030517578,43.7599983215332,45.0,38.55873107910156,381700,NDSN
2012-01-20,44.66999816894531,45.099998474121094,44.43000030517578,44.91999816894531,38.49018859863281,336100,NDSN
2012-01-23,44.810001373291016,45.56999969482422,44.810001373291016,45.400001525878906,38.90148162841797,239300,NDSN
2012-01-24,44.970001220703125,45.77000045776367,44.63999938964844,45.54999923706055,39.0300178527832,202900,NDSN
2012-01-25,45.529998779296875,46.0099983215332,45.0099983215332,45.939998626708984,39.364200592041016,196200,NDSN
2012-01-26,46.209999084472656,46.58000183105469,45.720001220703125,45.83000183105469,39.269927978515625,298200,NDSN
2012-01-27,45.650001525878906,46.13999938964844,45.470001220703125,46.11000061035156,39.50986099243164,189000,NDSN
2012-01-30,45.439998626708984,45.81999969482422,44.790000915527344,45.65999984741211,39.1242561340332,162400,NDSN
2012-01-31,45.93000030517578,46.15999984741211,44.9900016784668,45.34000015258789,38.8500862121582,230100,NDSN
2012-02-01,45.72999954223633,46.68000030517578,45.5,46.349998474121094,39.71550750732422,199100,NDSN
2012-02-02,46.36000061035156,46.689998626708984,46.150001525878906,46.4900016784668,39.83546829223633,230700,NDSN
2012-02-03,46.93000030517578,47.959999084472656,46.709999084472656,47.900001525878906,41.04363250732422,415000,NDSN
2012-02-06,47.400001525878906,48.529998779296875,47.25,48.5099983215332,41.56631851196289,335900,NDSN
2012-02-07,48.290000915527344,49.029998779296875,48.02000045776367,49.0099983215332,41.99474334716797,286800,NDSN
2012-02-08,48.9900016784668,49.349998474121094,48.689998626708984,49.060001373291016,42.03759765625,306800,NDSN
2012-02-09,49.119998931884766,50.650001525878906,48.93000030517578,50.540000915527344,43.30575180053711,527400,NDSN
2012-02-10,49.810001373291016,50.060001373291016,49.099998474121094,49.88999938964844,42.748779296875,438200,NDSN
2012-02-13,50.130001068115234,50.58000183105469,49.59000015258789,50.25,43.05727005004883,313600,NDSN
2012-02-14,49.810001373291016,50.77000045776367,49.689998626708984,50.68000030517578,43.42572021484375,210300,NDSN
2012-02-15,50.95000076293945,51.459999084472656,50.470001220703125,51.18000030517578,43.85414505004883,396900,NDSN
2012-02-16,51.02000045776367,52.29999923706055,51.02000045776367,52.209999084472656,44.73670959472656,332600,NDSN
2012-02-17,52.380001068115234,52.900001525878906,51.97999954223633,52.459999084472656,44.9509391784668,250500,NDSN
2012-02-21,52.709999084472656,52.959999084472656,52.290000915527344,52.90999984741211,45.33650207519531,313000,NDSN
2012-02-22,51.9900016784668,52.790000915527344,51.689998626708984,51.86000061035156,44.43680953979492,476400,NDSN
2012-02-23,51.97999954223633,51.97999954223633,50.540000915527344,50.95000076293945,43.65707015991211,753400,NDSN
2012-02-24,54.15999984741211,59.0,53.9900016784668,54.459999084472656,46.77942657470703,2441000,NDSN
2012-02-27,54.099998474121094,55.279998779296875,53.7599983215332,54.810001373291016,47.0800666809082,856200,NDSN
2012-02-28,54.52000045776367,55.08000183105469,54.5,54.880001068115234,47.14017868041992,423800,NDSN
2012-02-29,54.86000061035156,55.400001525878906,54.33000183105469,54.970001220703125,47.21747589111328,383800,NDSN
2012-03-01,55.349998474121094,55.84000015258789,55.279998779296875,55.58000183105469,47.741458892822266,296900,NDSN
2012-03-02,55.599998474121094,55.810001373291016,54.63999938964844,54.88999938964844,47.148765563964844,193200,NDSN
2012-03-05,54.81999969482422,54.900001525878906,54.0,54.47999954223633,46.79658889770508,249000,NDSN
2012-03-06,53.84000015258789,54.33000183105469,52.52000045776367,52.7599983215332,45.319156646728516,304100,NDSN
2012-03-07,53.68000030517578,54.029998779296875,52.65999984741211,53.560001373291016,46.00633239746094,236500,NDSN
2012-03-08,54.060001373291016,55.11000061035156,53.70000076293945,54.959999084472656,47.208885192871094,254600,NDSN
2012-03-09,54.97999954223633,55.779998779296875,54.45000076293945,55.150001525878906,47.372100830078125,192100,NDSN
2012-03-12,54.97999954223633,55.0,54.5,54.709999084472656,46.9941520690918,171600,NDSN
2012-03-13,55.0,56.31999969482422,54.880001068115234,56.310001373291016,48.36849594116211,265100,NDSN
2012-03-14,55.939998626708984,56.459999084472656,55.060001373291016,55.25,47.4580078125,303100,NDSN
2012-03-15,54.93000030517578,56.15999984741211,54.869998931884766,56.0099983215332,48.110809326171875,214400,NDSN
2012-03-16,56.16999816894531,56.349998474121094,55.630001068115234,55.84000015258789,47.964786529541016,794300,NDSN
2012-03-19,55.81999969482422,56.9900016784668,55.41999816894531,56.459999084472656,48.497344970703125,321200,NDSN
2012-03-20,56.5,56.63999938964844,55.38999938964844,55.529998779296875,47.69850540161133,410400,NDSN
2012-03-21,55.529998779296875,55.619998931884766,54.61000061035156,54.849998474121094,47.11441421508789,469800,NDSN
2012-03-22,54.470001220703125,54.59000015258789,53.20000076293945,53.619998931884766,46.057884216308594,360600,NDSN
2012-03-23,53.779998779296875,54.119998931884766,53.029998779296875,53.7400016784668,46.160953521728516,246900,NDSN
2012-03-26,54.5,54.9900016784668,54.119998931884766,54.900001525878906,47.15736770629883,295200,NDSN
2012-03-27,54.790000915527344,55.779998779296875,54.689998626708984,55.150001525878906,47.372100830078125,289500,NDSN
2012-03-28,55.400001525878906,55.400001525878906,54.290000915527344,54.81999969482422,47.08864212036133,282200,NDSN
2012-03-29,54.2599983215332,54.90999984741211,54.060001373291016,54.709999084472656,46.9941520690918,205300,NDSN
2012-03-30,54.959999084472656,55.06999969482422,54.060001373291016,54.5099983215332,46.822364807128906,592900,NDSN
2012-04-02,54.369998931884766,55.08000183105469,53.7400016784668,54.52000045776367,46.83095932006836,296300,NDSN
2012-04-03,54.31999969482422,54.93000030517578,54.0099983215332,54.5,46.81376647949219,241700,NDSN
2012-04-04,53.790000915527344,54.20000076293945,53.380001068115234,53.66999816894531,46.100807189941406,310000,NDSN
2012-04-05,53.13999938964844,53.7599983215332,53.13999938964844,53.45000076293945,45.91183853149414,193600,NDSN
2012-04-09,52.560001373291016,52.81999969482422,52.09000015258789,52.27000045776367,44.89827346801758,239700,NDSN
2012-04-10,52.11000061035156,52.130001068115234,50.880001068115234,51.0,43.807376861572266,287800,NDSN
2012-04-11,51.65999984741211,52.040000915527344,51.27000045776367,51.630001068115234,44.34852981567383,211600,NDSN
2012-04-12,51.68000030517578,53.16999816894531,51.560001373291016,53.02000045776367,45.54249572753906,324700,NDSN
2012-04-13,52.720001220703125,53.08000183105469,52.310001373291016,52.72999954223633,45.293399810791016,244400,NDSN
2012-04-16,52.9900016784668,53.27000045776367,52.279998779296875,52.66999816894531,45.24187469482422,182400,NDSN
2012-04-17,53.33000183105469,53.959999084472656,52.88999938964844,53.54999923706055,45.99776077270508,241200,NDSN
2012-04-18,53.09000015258789,53.38999938964844,52.59000015258789,52.7599983215332,45.319156646728516,258400,NDSN
2012-04-19,52.7400016784668,53.709999084472656,52.11000061035156,52.40999984741211,45.018531799316406,205100,NDSN
2012-04-20,52.529998779296875,53.16999816894531,52.380001068115234,52.54999923706055,45.138771057128906,172200,NDSN
2012-04-23,51.84000015258789,51.959999084472656,50.959999084472656,51.65999984741211,44.37430191040039,318000,NDSN
2012-04-24,51.70000076293945,52.47999954223633,51.619998931884766,52.36000061035156,44.9755859375,180300,NDSN
2012-04-25,52.9900016784668,53.380001068115234,51.47999954223633,53.13999938964844,45.64556884765625,174100,NDSN
2012-04-26,53.0,53.709999084472656,52.400001525878906,53.439998626708984,45.903263092041016,120800,NDSN
2012-04-27,53.720001220703125,54.7599983215332,53.47999954223633,54.41999816894531,46.74504089355469,283800,NDSN
2012-04-30,54.29999923706055,54.369998931884766,53.650001525878906,53.900001525878906,46.29838943481445,308900,NDSN
2012-05-01,53.7400016784668,55.0,53.529998779296875,54.119998931884766,46.48736572265625,215000,NDSN
2012-05-02,53.65999984741211,54.529998779296875,53.59000015258789,54.189998626708984,46.547489166259766,176300,NDSN
2012-05-03,54.16999816894531,54.41999816894531,53.22999954223633,53.40999984741211,45.877498626708984,129200,NDSN
2012-05-04,53.029998779296875,53.029998779296875,50.779998779296875,51.36000061035156,44.116607666015625,549100,NDSN
2012-05-07,51.2599983215332,51.38999938964844,50.619998931884766,51.08000183105469,43.87607955932617,295000,NDSN
2012-05-08,50.650001525878906,51.029998779296875,49.77000045776367,50.880001068115234,43.70431137084961,361900,NDSN
2012-05-09,50.119998931884766,51.470001220703125,49.86000061035156,51.18000030517578,43.962005615234375,300000,NDSN
2012-05-10,51.66999816894531,51.939998626708984,51.2599983215332,51.65999984741211,44.37430191040039,159000,NDSN
2012-05-11,51.31999969482422,52.529998779296875,51.31999969482422,51.97999954223633,44.649173736572266,181100,NDSN
2012-05-14,51.4900016784668,51.79999923706055,50.61000061035156,51.279998779296875,44.04790496826172,160900,NDSN
2012-05-15,51.2599983215332,51.77000045776367,50.72999954223633,50.869998931884766,43.69570541381836,210000,NDSN
2012-05-16,51.13999938964844,51.939998626708984,50.77000045776367,50.869998931884766,43.69570541381836,172100,NDSN
2012-05-17,50.9900016784668,50.9900016784668,48.38999938964844,48.43000030517578,41.599849700927734,298300,NDSN
2012-05-18,48.900001525878906,49.36000061035156,48.08000183105469,48.20000076293945,41.40226364135742,451100,NDSN
2012-05-21,48.470001220703125,49.290000915527344,48.15999984741211,49.0,42.089447021484375,561500,NDSN
2012-05-22,54.0,54.31999969482422,52.22999954223633,53.279998779296875,45.76581954956055,1085600,NDSN
2012-05-23,52.97999954223633,53.97999954223633,52.2599983215332,53.75,46.16954040527344,480000,NDSN
2012-05-24,53.810001373291016,54.31999969482422,53.16999816894531,53.79999923706055,46.32020950317383,284900,NDSN
2012-05-25,53.68000030517578,54.0099983215332,53.13999938964844,53.349998474121094,45.932762145996094,214400,NDSN
2012-05-29,53.720001220703125,54.79999923706055,53.529998779296875,54.099998474121094,46.57849884033203,164100,NDSN
2012-05-30,53.470001220703125,53.65999984741211,53.029998779296875,53.54999923706055,46.10498046875,250800,NDSN
2012-05-31,53.459999084472656,53.880001068115234,52.5,53.61000061035156,46.1566276550293,526400,NDSN
2012-06-01,52.130001068115234,52.5099983215332,51.5099983215332,51.880001068115234,44.66714859008789,456600,NDSN
2012-06-04,51.869998931884766,51.97999954223633,49.70000076293945,50.119998931884766,43.15184020996094,400500,NDSN
2012-06-05,50.0099983215332,50.2400016784668,49.0,49.63999938964844,42.738590240478516,347600,NDSN
2012-06-06,50.209999084472656,50.790000915527344,49.970001220703125,50.56999969482422,43.53929138183594,395600,NDSN
2012-06-07,51.099998474121094,52.11000061035156,51.099998474121094,51.209999084472656,44.09029769897461,283700,NDSN
2012-06-08,50.900001525878906,51.81999969482422,50.5099983215332,51.650001525878906,44.469139099121094,126600,NDSN
2012-06-11,52.15999984741211,52.54999923706055,50.369998931884766,50.43000030517578,43.41874313354492,145800,NDSN
2012-06-12,50.72999954223633,51.810001373291016,49.5,51.720001220703125,44.529380798339844,233100,NDSN
2012-06-13,51.720001220703125,51.95000076293945,50.38999938964844,50.619998931884766,43.582332611083984,284300,NDSN
2012-06-14,50.720001220703125,52.25,50.720001220703125,51.95000076293945,44.7274055480957,383200,NDSN
2012-06-15,52.22999954223633,52.38999938964844,51.41999816894531,51.5099983215332,44.348602294921875,335800,NDSN
2012-06-18,51.20000076293945,52.5,50.84000015258789,52.380001068115234,45.09762954711914,185500,NDSN
2012-06-19,52.630001068115234,54.029998779296875,52.38999938964844,53.470001220703125,46.036094665527344,199500,NDSN
2012-06-20,53.36000061035156,53.709999084472656,52.7400016784668,53.20000076293945,45.80363464355469,144300,NDSN
2012-06-21,53.189998626708984,53.33000183105469,50.720001220703125,50.79999923706055,43.73732376098633,205000,NDSN
2012-06-22,50.97999954223633,51.02000045776367,50.33000183105469,50.43000030517578,43.41874313354492,639700,NDSN
2012-06-25,50.0099983215332,50.0099983215332,48.5,48.84000015258789,42.0498046875,232100,NDSN
2012-06-26,48.849998474121094,49.13999938964844,47.81999969482422,47.849998474121094,41.19744110107422,461800,NDSN
2012-06-27,49.0,49.029998779296875,48.029998779296875,48.95000076293945,42.1445198059082,363900,NDSN
2012-06-28,48.560001373291016,49.52000045776367,48.36000061035156,49.369998931884766,42.50612258911133,568300,NDSN
2012-06-29,50.5,51.31999969482422,50.18000030517578,51.290000915527344,44.1591682434082,529300,NDSN
2012-07-02,51.31999969482422,51.47999954223633,50.470001220703125,50.97999954223633,43.892269134521484,286800,NDSN
2012-07-03,51.06999969482422,52.38999938964844,51.06999969482422,52.38999938964844,45.10624694824219,134200,NDSN
2012-07-05,52.09000015258789,52.939998626708984,51.709999084472656,52.599998474121094,45.28704071044922,213500,NDSN
2012-07-06,51.91999816894531,52.15999984741211,50.95000076293945,51.2400016784668,44.11613464355469,267400,NDSN
2012-07-09,51.060001373291016,51.720001220703125,50.90999984741211,51.43000030517578,44.27970886230469,266300,NDSN
2012-07-10,51.63999938964844,52.349998474121094,49.95000076293945,50.400001525878906,43.392913818359375,208200,NDSN
2012-07-11,50.439998626708984,50.720001220703125,49.52000045776367,50.11000061035156,43.14323806762695,299800,NDSN
2012-07-12,49.58000183105469,49.720001220703125,48.88999938964844,49.40999984741211,42.54054641723633,494600,NDSN
2012-07-13,49.7599983215332,51.150001525878906,49.5,50.88999938964844,43.81478500366211,305600,NDSN
2012-07-16,51.09000015258789,51.119998931884766,49.83000183105469,50.810001373291016,43.74592208862305,289500,NDSN
2012-07-17,51.0,51.720001220703125,50.369998931884766,51.09000015258789,43.98697280883789,496800,NDSN
2012-07-18,51.02000045776367,52.369998931884766,50.77000045776367,52.279998779296875,45.01153564453125,277600,NDSN
2012-07-19,52.400001525878906,53.209999084472656,52.20000076293945,53.06999969482422,45.69169998168945,330500,NDSN
2012-07-20,52.43000030517578,52.560001373291016,50.95000076293945,51.91999816894531,44.70158386230469,2582600,NDSN
2012-07-23,50.869998931884766,51.56999969482422,50.5,51.119998931884766,44.012794494628906,153600,NDSN
2012-07-24,51.16999816894531,51.279998779296875,49.220001220703125,49.650001525878906,42.7471809387207,215400,NDSN
2012-07-25,49.70000076293945,50.119998931884766,48.97999954223633,49.38999938964844,42.52333068847656,253200,NDSN
2012-07-26,50.029998779296875,50.59000015258789,49.5,50.560001373291016,43.53065872192383,153600,NDSN
2012-07-27,50.470001220703125,52.279998779296875,50.470001220703125,52.0099983215332,44.779075622558594,251900,NDSN
2012-07-30,52.119998931884766,52.38999938964844,51.380001068115234,51.599998474121094,44.426082611083984,116300,NDSN
2012-07-31,51.41999816894531,52.380001068115234,51.189998626708984,51.2599983215332,44.13335037231445,140400,NDSN
2012-08-01,51.380001068115234,51.90999984741211,50.380001068115234,50.63999938964844,43.59954071044922,118900,NDSN
2012-08-02,50.060001373291016,50.72999954223633,49.529998779296875,50.16999816894531,43.19488525390625,136400,NDSN
2012-08-03,50.97999954223633,52.689998626708984,50.869998931884766,51.83000183105469,44.62411117553711,152100,NDSN
2012-08-06,52.02000045776367,52.52000045776367,51.2599983215332,51.27000045776367,44.14196014404297,212700,NDSN
2012-08-07,51.54999923706055,52.97999954223633,51.54999923706055,52.40999984741211,45.12347412109375,219200,NDSN
2012-08-08,51.040000915527344,53.33000183105469,50.849998474121094,53.220001220703125,45.82085418701172,259300,NDSN
2012-08-09,53.2400016784668,53.9900016784668,53.2400016784668,53.7599983215332,46.28578186035156,218100,NDSN
2012-08-10,53.630001068115234,54.0,53.13999938964844,53.93000030517578,46.43213653564453,194200,NDSN
2012-08-13,53.88999938964844,54.18000030517578,53.560001373291016,53.93000030517578,46.43213653564453,174600,NDSN
2012-08-14,54.290000915527344,54.88999938964844,53.93000030517578,54.40999984741211,46.84540557861328,352400,NDSN
2012-08-15,53.83000183105469,54.470001220703125,53.65999984741211,54.349998474121094,46.79374694824219,343000,NDSN
2012-08-16,54.22999954223633,55.349998474121094,53.81999969482422,55.04999923706055,47.396419525146484,212500,NDSN
2012-08-17,55.099998474121094,55.650001525878906,54.849998474121094,55.2400016784668,47.56000518798828,178000,NDSN
2012-08-20,54.59000015258789,55.439998626708984,54.22999954223633,55.0,47.35337448120117,383100,NDSN
2012-08-21,60.5,62.439998626708984,59.150001525878906,61.06999969482422,52.5794677734375,2321100,NDSN
2012-08-22,60.09000015258789,61.65999984741211,60.02000045776367,61.290000915527344,52.76887893676758,602100,NDSN
2012-08-23,61.18000030517578,61.18000030517578,59.20000076293945,59.2400016784668,51.003902435302734,453600,NDSN
2012-08-24,58.86000061035156,59.810001373291016,58.439998626708984,59.369998931884766,51.245582580566406,259800,NDSN
2012-08-27,59.59000015258789,60.0,58.959999084472656,59.529998779296875,51.3836784362793,208500,NDSN
2012-08-28,59.52000045776367,60.150001525878906,59.150001525878906,59.47999954223633,51.34052658081055,222800,NDSN
2012-08-29,59.47999954223633,59.869998931884766,58.63999938964844,59.279998779296875,51.16789627075195,278400,NDSN
2012-08-30,58.93000030517578,59.45000076293945,58.34000015258789,59.040000915527344,50.96073532104492,367800,NDSN
2012-08-31,59.4900016784668,59.790000915527344,58.540000915527344,58.810001373291016,50.762210845947266,207100,NDSN
2012-09-04,58.91999816894531,59.810001373291016,58.02000045776367,59.709999084472656,51.5390510559082,272700,NDSN
2012-09-05,60.0,61.20000076293945,59.65999984741211,60.209999084472656,51.97063446044922,448900,NDSN
2012-09-06,60.779998779296875,62.20000076293945,60.779998779296875,62.119998931884766,53.619258880615234,265400,NDSN
2012-09-07,61.9900016784668,63.2400016784668,61.9900016784668,62.810001373291016,54.21485137939453,222000,NDSN
2012-09-10,62.43000030517578,62.880001068115234,62.2400016784668,62.36000061035156,53.826419830322266,200900,NDSN
2012-09-11,62.540000915527344,62.540000915527344,61.47999954223633,61.560001373291016,53.13588333129883,160100,NDSN
2012-09-12,61.540000915527344,62.119998931884766,61.13999938964844,61.93000030517578,53.45526885986328,359100,NDSN
2012-09-13,61.95000076293945,62.5,61.22999954223633,62.38999938964844,53.852294921875,205700,NDSN
2012-09-14,62.400001525878906,62.61000061035156,61.88999938964844,62.400001525878906,53.860939025878906,351700,NDSN
2012-09-17,62.22999954223633,62.43000030517578,61.880001068115234,62.09000015258789,53.593353271484375,204000,NDSN
2012-09-18,62.0,62.2599983215332,61.630001068115234,61.90999984741211,53.43799591064453,199900,NDSN
2012-09-19,61.75,62.900001525878906,61.54999923706055,62.560001373291016,53.999046325683594,238200,NDSN
2012-09-20,61.91999816894531,62.220001220703125,61.04999923706055,61.36000061035156,52.9632568359375,196100,NDSN
2012-09-21,61.81999969482422,62.290000915527344,61.0,61.0099983215332,52.66115951538086,412400,NDSN
2012-09-24,60.7400016784668,61.25,60.29999923706055,60.91999816894531,52.58347702026367,168900,NDSN
2012-09-25,61.150001525878906,61.150001525878906,59.08000183105469,59.290000915527344,51.17654037475586,217200,NDSN
2012-09-26,59.209999084472656,59.68000030517578,57.72999954223633,58.380001068115234,50.39105224609375,222200,NDSN
2012-09-27,58.54999923706055,59.33000183105469,58.099998474121094,59.060001373291016,50.97799301147461,173400,NDSN
2012-09-28,58.61000061035156,59.0,58.150001525878906,58.54999923706055,50.53779983520508,172800,NDSN
2012-10-01,58.849998474121094,58.849998474121094,57.2400016784668,58.08000183105469,50.132102966308594,301900,NDSN
2012-10-02,58.27000045776367,58.459999084472656,57.529998779296875,57.95000076293945,50.019901275634766,155600,NDSN
2012-10-03,58.22999954223633,58.95000076293945,57.5099983215332,58.5,50.49464797973633,253300,NDSN
2012-10-04,58.720001220703125,59.16999816894531,57.59000015258789,58.86000061035156,50.80536651611328,226900,NDSN
2012-10-05,59.060001373291016,59.75,58.290000915527344,58.5,50.49464797973633,146300,NDSN
2012-10-08,57.959999084472656,58.34000015258789,57.849998474121094,58.16999816894531,50.20979309082031,87300,NDSN
2012-10-09,58.220001220703125,58.459999084472656,57.56999969482422,57.630001068115234,49.743690490722656,263900,NDSN
2012-10-10,57.7400016784668,58.09000015258789,57.0099983215332,57.08000183105469,49.268959045410156,163500,NDSN
2012-10-11,57.529998779296875,57.959999084472656,57.06999969482422,57.22999954223633,49.39842224121094,207800,NDSN
2012-10-12,57.43000030517578,57.4900016784668,56.63999938964844,56.939998626708984,49.148101806640625,130200,NDSN
2012-10-15,57.189998626708984,57.5,56.58000183105469,57.25,49.41569900512695,89600,NDSN
2012-10-16,57.439998626708984,57.7599983215332,57.04999923706055,57.63999938964844,49.7523307800293,166700,NDSN
2012-10-17,57.869998931884766,58.16999816894531,57.54999923706055,58.029998779296875,50.08893585205078,206300,NDSN
2012-10-18,57.880001068115234,58.56999969482422,57.720001220703125,58.4900016784668,50.48601150512695,116200,NDSN
2012-10-19,58.43000030517578,58.43000030517578,57.290000915527344,57.5,49.63146209716797,277500,NDSN
2012-10-22,57.5099983215332,58.099998474121094,57.11000061035156,57.45000076293945,49.588314056396484,126400,NDSN
2012-10-23,56.869998931884766,57.90999984741211,56.150001525878906,57.79999923706055,49.890411376953125,278600,NDSN
2012-10-24,58.18000030517578,58.18000030517578,57.45000076293945,57.810001373291016,49.899044036865234,222800,NDSN
2012-10-25,58.34000015258789,58.459999084472656,57.56999969482422,58.119998931884766,50.166629791259766,107900,NDSN
2012-10-26,58.060001373291016,58.43000030517578,57.310001373291016,58.349998474121094,50.36515426635742,114700,NDSN
2012-10-31,58.7599983215332,59.849998474121094,57.7400016784668,59.029998779296875,50.952110290527344,177400,NDSN
2012-11-01,58.970001220703125,61.849998474121094,58.84000015258789,61.029998779296875,52.67840576171875,294500,NDSN
2012-11-02,61.18000030517578,61.91999816894531,59.959999084472656,60.029998779296875,51.81526184082031,175000,NDSN
2012-11-05,59.849998474121094,61.900001525878906,59.52000045776367,61.33000183105469,52.93735885620117,364500,NDSN
2012-11-06,61.439998626708984,62.02000045776367,61.02000045776367,61.84000015258789,53.37758255004883,245300,NDSN
2012-11-07,61.02000045776367,61.38999938964844,60.040000915527344,60.209999084472656,51.97063446044922,170300,NDSN
2012-11-08,59.97999954223633,60.40999984741211,59.7400016784668,59.790000915527344,51.608089447021484,172600,NDSN
2012-11-09,59.290000915527344,60.790000915527344,59.220001220703125,59.91999816894531,51.72030258178711,169200,NDSN
2012-11-12,60.470001220703125,60.470001220703125,59.79999923706055,60.119998931884766,51.8929443359375,151300,NDSN
2012-11-13,59.939998626708984,61.56999969482422,59.619998931884766,60.470001220703125,52.195045471191406,209300,NDSN
2012-11-14,60.529998779296875,61.18000030517578,58.810001373291016,58.88999938964844,50.831260681152344,215000,NDSN
2012-11-15,58.7400016784668,59.599998474121094,58.40999984741211,59.52000045776367,51.37503433227539,201300,NDSN
2012-11-16,59.66999816894531,60.279998779296875,59.15999984741211,59.810001373291016,51.625362396240234,177300,NDSN
2012-11-19,60.27000045776367,60.86000061035156,59.20000076293945,60.59000015258789,52.29862594604492,170500,NDSN
2012-11-20,60.38999938964844,61.130001068115234,57.95000076293945,60.95000076293945,52.60935592651367,181500,NDSN
2012-11-21,61.029998779296875,61.560001373291016,60.5099983215332,61.33000183105469,52.93735885620117,109900,NDSN
2012-11-23,61.61000061035156,62.29999923706055,61.31999969482422,61.5,53.0841064453125,86500,NDSN
2012-11-26,61.16999816894531,62.209999084472656,61.16999816894531,62.16999816894531,53.66240692138672,304300,NDSN
2012-11-27,62.0,62.75,61.59000015258789,62.029998779296875,53.541561126708984,247700,NDSN
2012-11-28,61.56999969482422,61.72999954223633,60.75,61.59000015258789,53.161781311035156,225100,NDSN
2012-11-29,62.0,62.04999923706055,60.689998626708984,61.5099983215332,53.09273147583008,311500,NDSN
2012-11-30,61.81999969482422,61.81999969482422,60.189998626708984,61.189998626708984,52.8165168762207,2188400,NDSN
2012-12-03,61.529998779296875,62.13999938964844,60.720001220703125,61.5099983215332,53.09273147583008,237700,NDSN
2012-12-04,61.36000061035156,61.93000030517578,61.09000015258789,61.68000030517578,53.239471435546875,179600,NDSN
2012-12-05,61.65999984741211,62.81999969482422,61.540000915527344,62.59000015258789,54.024940490722656,233600,NDSN
2012-12-06,62.369998931884766,63.119998931884766,61.90999984741211,63.04999923706055,54.422000885009766,209200,NDSN
2012-12-07,63.040000915527344,63.380001068115234,62.310001373291016,63.279998779296875,54.62053298950195,163200,NDSN
2012-12-10,63.0,64.5,62.779998779296875,63.70000076293945,54.98304748535156,414300,NDSN
2012-12-11,64.13999938964844,64.38999938964844,62.65999984741211,62.77000045776367,54.18031692504883,291400,NDSN
2012-12-12,62.709999084472656,63.0,61.7599983215332,61.9900016784668,53.50703430175781,446400,NDSN
2012-12-13,62.0,62.34000015258789,61.599998474121094,61.970001220703125,53.48979568481445,310700,NDSN
2012-12-14,64.5,64.73999786376953,60.779998779296875,61.099998474121094,52.73883056640625,428700,NDSN
2012-12-17,61.099998474121094,62.16999816894531,60.75,61.099998474121094,52.73883056640625,305200,NDSN
2012-12-18,61.2599983215332,62.369998931884766,60.72999954223633,62.0,53.51565933227539,563500,NDSN
2012-12-19,62.15999984741211,62.400001525878906,61.810001373291016,62.29999923706055,53.9050407409668,315800,NDSN
2012-12-20,62.439998626708984,63.09000015258789,62.18000030517578,63.02000045776367,54.528018951416016,220200,NDSN
2012-12-21,62.0,62.75,61.38999938964844,62.709999084472656,54.25979232788086,739200,NDSN
2012-12-24,62.5,63.0099983215332,62.13999938964844,62.54999923706055,54.12135696411133,101600,NDSN
2012-12-26,62.61000061035156,62.97999954223633,62.04999923706055,62.11000061035156,53.740638732910156,133600,NDSN
2012-12-27,62.31999969482422,62.5099983215332,61.880001068115234,62.11000061035156,53.740638732910156,251800,NDSN
2012-12-28,61.95000076293945,62.75,61.540000915527344,61.849998474121094,53.51569366455078,175100,NDSN
2012-12-31,61.7400016784668,63.349998474121094,61.41999816894531,63.119998931884766,54.61454772949219,237500,NDSN
2013-01-02,64.58000183105469,65.45999908447266,64.08999633789062,65.29000091552734,56.49213790893555,362500,NDSN
2013-01-03,65.16999816894531,65.87999725341797,64.63999938964844,65.02999877929688,56.267173767089844,205100,NDSN
2013-01-04,65.11000061035156,65.69999694824219,64.7699966430664,65.5199966430664,56.691162109375,158000,NDSN
2013-01-07,65.23999786376953,65.76000213623047,65.04000091552734,65.08000183105469,56.31044387817383,179900,NDSN
2013-01-08,64.94000244140625,65.37999725341797,63.970001220703125,64.36000061035156,55.68747329711914,192100,NDSN
2013-01-09,64.80000305175781,65.55000305175781,64.2300033569336,65.44999694824219,56.630577087402344,137900,NDSN
2013-01-10,65.76000213623047,65.83000183105469,64.36000061035156,64.91000366210938,56.16333770751953,136000,NDSN
2013-01-11,64.87000274658203,65.0999984741211,64.08000183105469,64.48999786376953,55.79993438720703,231800,NDSN
2013-01-14,64.0999984741211,64.81999969482422,64.0,64.37999725341797,55.70474624633789,216700,NDSN
2013-01-15,64.20999908447266,64.8499984741211,64.11000061035156,64.62999725341797,55.92105484008789,164000,NDSN
2013-01-16,64.58000183105469,65.66999816894531,64.4800033569336,65.62999725341797,56.78631591796875,172300,NDSN
2013-01-17,65.88999938964844,66.29000091552734,65.61000061035156,66.05999755859375,57.158382415771484,159700,NDSN
2013-01-18,65.9000015258789,66.47000122070312,65.43000030517578,66.0999984741211,57.19298553466797,585100,NDSN
2013-01-22,65.9800033569336,66.86000061035156,65.9800033569336,66.69000244140625,57.703495025634766,159800,NDSN
2013-01-23,66.62999725341797,66.87000274658203,66.3499984741211,66.48999786376953,57.53043746948242,108600,NDSN
2013-01-24,66.44000244140625,67.25,66.33999633789062,67.02999877929688,57.9976806640625,212800,NDSN
2013-01-25,67.5,67.80000305175781,67.13999938964844,67.62000274658203,58.50817108154297,118900,NDSN
2013-01-28,67.75,68.06999969482422,66.69000244140625,66.86000061035156,57.85057067871094,251000,NDSN
2013-01-29,66.66999816894531,67.4000015258789,66.66999816894531,67.26000213623047,58.196678161621094,140000,NDSN
2013-01-30,67.0,67.29000091552734,66.33999633789062,66.41000366210938,57.461238861083984,193700,NDSN
2013-01-31,66.36000061035156,67.79000091552734,66.08999633789062,67.62000274658203,58.50817108154297,391700,NDSN
2013-02-01,67.66999816894531,69.29000091552734,67.26000213623047,69.0199966430664,59.71953201293945,239900,NDSN
2013-02-04,68.29000091552734,69.01000213623047,67.98999786376953,68.41000366210938,59.19171905517578,196200,NDSN
2013-02-05,69.0199966430664,69.5,68.11000061035156,69.26000213623047,59.92717742919922,163500,NDSN
2013-02-06,68.98999786376953,69.58000183105469,68.87000274658203,69.58000183105469,60.20405578613281,151200,NDSN
2013-02-07,69.61000061035156,69.61000061035156,68.31999969482422,69.11000061035156,59.797386169433594,350300,NDSN
2013-02-08,69.12000274658203,69.69999694824219,69.12000274658203,69.68000030517578,60.29057693481445,138300,NDSN
2013-02-11,69.43000030517578,69.6500015258789,68.94999694824219,69.19999694824219,59.875267028808594,139700,NDSN
2013-02-12,69.2300033569336,70.1500015258789,69.2300033569336,69.94000244140625,60.51554870605469,107100,NDSN
2013-02-13,69.94999694824219,70.30999755859375,69.77999877929688,70.13999938964844,60.688575744628906,165900,NDSN
2013-02-14,70.05999755859375,70.66999816894531,70.05999755859375,70.16999816894531,60.71453857421875,107000,NDSN
2013-02-15,70.02999877929688,70.83999633789062,69.87999725341797,69.98999786376953,60.55880355834961,149600,NDSN
2013-02-19,69.94000244140625,70.79000091552734,69.81999969482422,70.5999984741211,61.086612701416016,258600,NDSN
2013-02-20,70.52999877929688,70.80000305175781,68.70999908447266,68.75,59.48591613769531,257500,NDSN
2013-02-21,68.56999969482422,68.58999633789062,66.58000183105469,66.86000061035156,57.85057067871094,383800,NDSN
2013-02-22,64.12000274658203,64.12000274658203,60.7599983215332,62.0,53.76607131958008,1630600,NDSN
2013-02-25,63.560001373291016,64.5199966430664,61.31999969482422,61.33000183105469,53.185062408447266,598400,NDSN
2013-02-26,61.70000076293945,62.95000076293945,61.459999084472656,62.77000045776367,54.433837890625,436600,NDSN
2013-02-27,62.91999816894531,64.37000274658203,62.91999816894531,63.709999084472656,55.24899673461914,530700,NDSN
2013-02-28,63.7599983215332,64.29000091552734,63.380001068115234,63.400001525878906,54.98014831542969,299000,NDSN
2013-03-01,63.11000061035156,63.599998474121094,62.290000915527344,62.95000076293945,54.58992004394531,663300,NDSN
2013-03-04,62.83000183105469,62.970001220703125,61.880001068115234,62.83000183105469,54.48586654663086,277900,NDSN
2013-03-05,63.0099983215332,63.849998474121094,63.0099983215332,63.779998779296875,55.3096923828125,280600,NDSN
2013-03-06,64.0199966430664,64.88999938964844,63.88999938964844,64.80000305175781,56.1942253112793,317800,NDSN
2013-03-07,64.75,65.6500015258789,64.66999816894531,65.51000213623047,56.8099365234375,327000,NDSN
2013-03-08,66.2300033569336,66.9000015258789,66.20999908447266,66.62999725341797,57.781185150146484,201000,NDSN
2013-03-11,66.37999725341797,67.66999816894531,66.31999969482422,67.4000015258789,58.44894790649414,339100,NDSN
2013-03-12,67.3499984741211,67.44000244140625,66.45999908447266,66.66999816894531,57.81590270996094,163200,NDSN
2013-03-13,66.73999786376953,66.83000183105469,66.4800033569336,66.62000274658203,57.77253341674805,120100,NDSN
2013-03-14,66.91999816894531,67.5199966430664,66.72000122070312,67.3499984741211,58.405574798583984,152900,NDSN
2013-03-15,67.45999908447266,68.06999969482422,67.1500015258789,67.72000122070312,58.7264404296875,550900,NDSN
2013-03-18,67.0199966430664,68.41999816894531,67.0199966430664,68.02999877929688,58.995269775390625,330900,NDSN
2013-03-19,67.94999694824219,68.41000366210938,66.5999984741211,67.2699966430664,58.33621597290039,127400,NDSN
2013-03-20,67.41999816894531,67.80999755859375,66.94999694824219,67.66000366210938,58.674434661865234,150700,NDSN
2013-03-21,67.1500015258789,67.58000183105469,66.63999938964844,66.66999816894531,57.81590270996094,146500,NDSN
2013-03-22,66.7300033569336,67.12999725341797,66.51000213623047,66.98999786376953,58.093387603759766,131100,NDSN
2013-03-25,67.01000213623047,67.27999877929688,64.61000061035156,64.77999877929688,56.17689514160156,403800,NDSN
2013-03-26,64.97000122070312,65.19999694824219,64.7300033569336,65.04000091552734,56.40236282348633,219800,NDSN
2013-03-27,64.68000030517578,64.80000305175781,64.06999969482422,64.5999984741211,56.02078628540039,175000,NDSN
2013-03-28,64.62999725341797,66.05999755859375,64.47000122070312,65.94999694824219,57.191505432128906,205300,NDSN
2013-04-01,65.77999877929688,65.77999877929688,64.0999984741211,64.94000244140625,56.31566619873047,327500,NDSN
2013-04-02,65.33999633789062,65.33999633789062,64.44999694824219,64.83000183105469,56.220237731933594,505900,NDSN
2013-04-03,64.88999938964844,65.08999633789062,64.19999694824219,64.33999633789062,55.79532241821289,311200,NDSN
2013-04-04,64.3499984741211,64.9800033569336,64.27999877929688,64.80999755859375,56.20291519165039,162400,NDSN
2013-04-05,64.19999694824219,65.66000366210938,63.66999816894531,65.55999755859375,56.85330581665039,354200,NDSN
2013-04-08,65.19999694824219,67.16999816894531,65.19999694824219,67.0999984741211,58.18877029418945,272200,NDSN
2013-04-09,67.37999725341797,67.37999725341797,66.6500015258789,67.0199966430664,58.11939239501953,232100,NDSN
2013-04-10,67.08999633789062,68.06999969482422,67.01000213623047,68.01000213623047,58.97794723510742,261400,NDSN
2013-04-11,68.13999938964844,68.43000030517578,67.69999694824219,67.98999786376953,58.96059036254883,434400,NDSN
2013-04-12,67.6500015258789,68.2699966430664,67.4800033569336,67.93000030517578,58.908546447753906,223100,NDSN
2013-04-15,67.54000091552734,67.5999984741211,66.29000091552734,66.44000244140625,57.61643600463867,571100,NDSN
2013-04-16,67.18000030517578,68.0999984741211,66.9800033569336,68.04000091552734,59.003936767578125,269800,NDSN
2013-04-17,67.5999984741211,67.7300033569336,66.54000091552734,67.18000030517578,58.258155822753906,315300,NDSN
2013-04-18,67.29000091552734,67.37999725341797,64.79000091552734,65.43000030517578,56.740562438964844,589200,NDSN
2013-04-19,65.5999984741211,66.5999984741211,64.70999908447266,66.5199966430664,57.68582534790039,403300,NDSN
2013-04-22,66.66000366210938,66.66000366210938,65.43000030517578,66.01000213623047,57.24354934692383,320100,NDSN
2013-04-23,66.19999694824219,67.20999908447266,65.75,67.12999725341797,58.21479034423828,219100,NDSN
2013-04-24,66.9800033569336,67.94000244140625,66.9800033569336,67.58000183105469,58.605064392089844,321700,NDSN
2013-04-25,67.62000274658203,69.26000213623047,67.62000274658203,68.69000244140625,59.56764221191406,288300,NDSN
2013-04-26,68.69999694824219,69.0,67.58000183105469,67.98999786376953,58.96059036254883,211400,NDSN
2013-04-29,68.23999786376953,68.91999816894531,67.61000061035156,68.73999786376953,59.61097717285156,165400,NDSN
2013-04-30,68.66999816894531,69.48999786376953,67.91000366210938,69.48999786376953,60.26138687133789,299200,NDSN
2013-05-01,69.0999984741211,69.4800033569336,67.79000091552734,68.08000183105469,59.03863525390625,323100,NDSN
2013-05-02,68.12999725341797,69.30999755859375,67.76000213623047,69.12000274658203,59.940513610839844,407400,NDSN
2013-05-03,69.91999816894531,71.62999725341797,69.81999969482422,71.36000061035156,61.88304138183594,392200,NDSN
2013-05-06,71.1500015258789,72.18000030517578,71.12999725341797,71.6500015258789,62.13451385498047,276300,NDSN
2013-05-07,71.62999725341797,73.20999908447266,71.58000183105469,73.16000366210938,63.44398880004883,217100,NDSN
2013-05-08,73.1500015258789,73.43000030517578,72.44000244140625,72.73999786376953,63.079742431640625,235800,NDSN
2013-05-09,72.56999969482422,73.8499984741211,72.56999969482422,73.0,63.305240631103516,277100,NDSN
2013-05-10,72.83999633789062,73.12000274658203,72.79000091552734,73.01000213623047,63.31392288208008,118500,NDSN
2013-05-13,72.58000183105469,73.01000213623047,71.77999877929688,72.5199966430664,62.88895797729492,208700,NDSN
2013-05-14,72.66999816894531,73.3499984741211,72.44999694824219,73.0999984741211,63.391944885253906,317200,NDSN
2013-05-15,72.62999725341797,73.69999694824219,72.62999725341797,73.69999694824219,63.91227340698242,224500,NDSN
2013-05-16,73.70999908447266,74.36000061035156,72.93000030517578,73.0,63.305240631103516,144800,NDSN
2013-05-17,73.43000030517578,74.20999908447266,73.04000091552734,74.0999984741211,64.25918579101562,178600,NDSN
2013-05-20,74.0199966430664,75.1500015258789,73.91999816894531,75.0,65.03961181640625,226200,NDSN
2013-05-21,74.93000030517578,75.23999786376953,74.8499984741211,75.0,65.03961181640625,225300,NDSN
2013-05-22,75.23999786376953,75.25,72.97000122070312,73.4000015258789,63.65211486816406,308800,NDSN
2013-05-23,72.87000274658203,73.31999969482422,71.7300033569336,73.13999938964844,63.55650329589844,337800,NDSN
2013-05-24,66.5,70.0,65.45999908447266,68.0,59.09001922607422,1522000,NDSN
2013-05-28,68.63999938964844,69.29000091552734,68.05000305175781,69.23999786376953,60.16754913330078,488600,NDSN
2013-05-29,68.58999633789062,69.62000274658203,68.58999633789062,69.18000030517578,60.115394592285156,321700,NDSN
2013-05-30,69.56999969482422,71.04000091552734,69.37000274658203,70.73999786376953,61.47099304199219,237500,NDSN
2013-05-31,70.16000366210938,71.52999877929688,70.08999633789062,71.22000122070312,61.88809585571289,268900,NDSN
2013-06-03,71.08999633789062,71.86000061035156,70.75,71.30000305175781,61.9576301574707,410400,NDSN
2013-06-04,71.3499984741211,71.8499984741211,69.95999908447266,70.54000091552734,61.297203063964844,291200,NDSN
2013-06-05,70.37999725341797,70.37999725341797,68.22000122070312,68.37000274658203,59.411529541015625,252100,NDSN
2013-06-06,68.08000183105469,69.41999816894531,67.9800033569336,69.36000061035156,60.27178955078125,371800,NDSN
2013-06-07,69.69000244140625,70.38999938964844,69.08000183105469,70.25,61.04521942138672,111500,NDSN
2013-06-10,70.58999633789062,70.83999633789062,69.29000091552734,70.02999877929688,60.85399627685547,197100,NDSN
2013-06-11,69.4800033569336,70.69000244140625,68.73999786376953,69.83000183105469,60.680213928222656,260400,NDSN
2013-06-12,70.5199966430664,70.5199966430664,68.33999633789062,68.44999694824219,59.48105239868164,156900,NDSN
2013-06-13,68.2300033569336,69.13999938964844,68.19999694824219,69.05000305175781,60.00242233276367,300900,NDSN
2013-06-14,69.08999633789062,69.4000015258789,68.44999694824219,69.05999755859375,60.0111083984375,160900,NDSN
2013-06-17,69.54000091552734,70.22000122070312,69.41000366210938,69.8499984741211,60.69762420654297,235800,NDSN
2013-06-18,69.95999908447266,71.16000366210938,69.9000015258789,70.94999694824219,61.65346145629883,160800,NDSN
2013-06-19,71.04000091552734,71.20999908447266,70.05000305175781,70.05999755859375,60.880096435546875,172500,NDSN
2013-06-20,69.26000213623047,69.7300033569336,67.48999786376953,67.55999755859375,58.70768356323242,285900,NDSN
2013-06-21,67.88999938964844,68.52999877929688,67.38999938964844,67.55999755859375,58.70768356323242,757300,NDSN
2013-06-24,67.05999755859375,67.86000061035156,66.5,67.26000213623047,58.446998596191406,391800,NDSN
2013-06-25,67.91999816894531,68.0999984741211,67.31999969482422,67.75,58.87278366088867,192200,NDSN
2013-06-26,68.23999786376953,68.87000274658203,67.93000030517578,68.37000274658203,59.411529541015625,166200,NDSN
2013-06-27,68.91999816894531,69.94999694824219,68.91999816894531,69.77999877929688,60.636783599853516,172700,NDSN
2013-06-28,69.3499984741211,69.98999786376953,69.2300033569336,69.30999755859375,60.22837448120117,339600,NDSN
2013-07-01,70.0,70.75,69.01000213623047,70.41999816894531,61.19293212890625,207200,NDSN
2013-07-02,70.33000183105469,70.97000122070312,69.2699966430664,69.38999938964844,60.29788589477539,216900,NDSN
2013-07-03,68.7300033569336,69.12999725341797,68.08000183105469,69.06999969482422,60.019813537597656,186700,NDSN
2013-07-05,69.5,70.91000366210938,69.38999938964844,70.87999725341797,61.592655181884766,117600,NDSN
2013-07-08,71.0,71.0,70.41000366210938,70.80000305175781,61.523136138916016,184300,NDSN
2013-07-09,71.02999877929688,72.61000061035156,71.02999877929688,72.30000305175781,62.82661819458008,143300,NDSN
2013-07-10,72.19999694824219,72.75,71.69999694824219,72.2699966430664,62.80052947998047,154300,NDSN
2013-07-11,72.75,73.5,72.75,73.41999816894531,63.79983901977539,101300,NDSN
2013-07-12,73.29000091552734,74.37000274658203,72.91000366210938,74.33000183105469,64.590576171875,171300,NDSN
2013-07-15,74.12999725341797,74.62999725341797,73.87000274658203,74.19000244140625,64.468994140625,128500,NDSN
2013-07-16,74.16000366210938,74.91999816894531,73.75,73.77999877929688,64.1126480102539,177100,NDSN
2013-07-17,74.0999984741211,74.0999984741211,73.25,73.58000183105469,63.93885803222656,97300,NDSN
2013-07-18,73.75,74.5,73.5,73.95999908447266,64.26911163330078,124200,NDSN
2013-07-19,73.68000030517578,73.91999816894531,73.20999908447266,73.7300033569336,64.06922149658203,408700,NDSN
2013-07-22,73.62999725341797,74.16000366210938,73.45999908447266,73.7300033569336,64.06922149658203,91000,NDSN
2013-07-23,74.0,74.0,73.26000213623047,73.52999877929688,63.89542007446289,124700,NDSN
2013-07-24,73.66000366210938,73.93000030517578,72.4800033569336,72.55999755859375,63.052528381347656,93200,NDSN
2013-07-25,72.16999816894531,72.91999816894531,72.05999755859375,72.44000244140625,62.94825744628906,137300,NDSN
2013-07-26,72.0,72.04000091552734,71.25,71.72000122070312,62.32255935668945,199500,NDSN
2013-07-29,71.2300033569336,71.62000274658203,70.61000061035156,70.7300033569336,61.462310791015625,185300,NDSN
2013-07-30,70.94000244140625,71.44000244140625,70.55999755859375,71.37999725341797,62.02713394165039,197400,NDSN
2013-07-31,71.80000305175781,72.87999725341797,71.38999938964844,72.16000366210938,62.7049560546875,146300,NDSN
2013-08-01,73.06999969482422,75.87999725341797,72.27999877929688,74.6500015258789,64.86866760253906,397700,NDSN
2013-08-02,74.33999633789062,74.56999969482422,73.62999725341797,74.18000030517578,64.46025085449219,145900,NDSN
2013-08-05,73.88999938964844,74.62000274658203,73.75,74.48999786376953,64.7296371459961,63500,NDSN
2013-08-06,74.18000030517578,74.4800033569336,73.25,73.87999725341797,64.1995620727539,96300,NDSN
2013-08-07,73.63999938964844,73.63999938964844,72.13999938964844,72.37000274658203,62.88743591308594,246700,NDSN
2013-08-08,72.3499984741211,74.16999816894531,72.3499984741211,73.66999816894531,64.01708984375,124900,NDSN
2013-08-09,73.51000213623047,73.94999694824219,73.18000030517578,73.4000015258789,63.78246307373047,95500,NDSN
2013-08-12,72.9800033569336,74.01000213623047,72.41999816894531,73.58000183105469,63.93885803222656,102200,NDSN
2013-08-13,73.69999694824219,74.11000061035156,72.66999816894531,73.76000213623047,64.09532165527344,89200,NDSN
2013-08-14,73.94999694824219,74.33000183105469,72.69999694824219,72.87999725341797,63.33059310913086,198400,NDSN
2013-08-15,71.83000183105469,73.22000122070312,69.87999725341797,70.05000305175781,60.87141418457031,252900,NDSN
2013-08-16,70.2699966430664,71.41999816894531,69.94000244140625,70.33999633789062,61.12340545654297,240100,NDSN
2013-08-19,70.51000213623047,70.87000274658203,69.44999694824219,69.5,60.39346694946289,159300,NDSN
2013-08-20,69.58999633789062,70.33000183105469,69.48999786376953,69.94999694824219,60.784507751464844,237700,NDSN
2013-08-21,69.76000213623047,70.68000030517578,69.37999725341797,69.68000030517578,60.54990005493164,138400,NDSN
2013-08-22,69.72000122070312,71.41999816894531,69.72000122070312,71.37000274658203,62.018463134765625,119500,NDSN
2013-08-23,69.0,70.44999694824219,65.77999877929688,69.75,60.763973236083984,919900,NDSN
2013-08-26,69.68000030517578,70.16999816894531,69.0199966430664,69.2699966430664,60.34579849243164,210200,NDSN
2013-08-27,68.4000015258789,68.51000213623047,67.05000305175781,67.06999969482422,58.42924499511719,213300,NDSN
2013-08-28,67.0,68.16000366210938,66.66000366210938,67.88999938964844,59.143585205078125,414800,NDSN
2013-08-29,67.77999877929688,68.86000061035156,67.41999816894531,67.47000122070312,58.777706146240234,196100,NDSN
2013-08-30,67.5999984741211,67.5999984741211,66.55000305175781,66.6500015258789,58.0633544921875,237300,NDSN
2013-09-03,67.66999816894531,69.20999908447266,66.0,67.11000061035156,58.464080810546875,463100,NDSN
2013-09-04,67.08999633789062,68.72000122070312,67.02999877929688,68.55000305175781,59.71858596801758,366300,NDSN
2013-09-05,68.69999694824219,69.55999755859375,68.62999725341797,69.23999786376953,60.31967544555664,181600,NDSN
2013-09-06,69.37000274658203,69.83000183105469,68.54000091552734,68.81999969482422,59.953792572021484,149700,NDSN
2013-09-09,68.94000244140625,70.26000213623047,68.83000183105469,70.18000030517578,61.13857650756836,247700,NDSN
2013-09-10,70.73999786376953,72.1500015258789,70.44000244140625,72.0999984741211,62.81119918823242,232400,NDSN
2013-09-11,72.0,72.2699966430664,71.06999969482422,71.6500015258789,62.419185638427734,221300,NDSN
2013-09-12,71.63999938964844,72.36000061035156,71.48999786376953,71.86000061035156,62.602169036865234,174200,NDSN
2013-09-13,72.16999816894531,72.37000274658203,71.6500015258789,72.08999633789062,62.80248260498047,161600,NDSN
2013-09-16,73.16999816894531,73.5999984741211,72.94999694824219,73.08000183105469,63.66499710083008,166200,NDSN
2013-09-17,73.1500015258789,73.76000213623047,72.66999816894531,73.73999786376953,64.23992919921875,197400,NDSN
2013-09-18,73.66999816894531,74.56999969482422,72.93000030517578,74.48999786376953,64.89330291748047,217400,NDSN
2013-09-19,74.51000213623047,74.94000244140625,74.12999725341797,74.13999938964844,64.58839416503906,242800,NDSN
2013-09-20,74.44999694824219,74.44999694824219,73.69999694824219,74.06999969482422,64.52741241455078,787400,NDSN
2013-09-23,73.98999786376953,74.13999938964844,73.16000366210938,74.06999969482422,64.52741241455078,191500,NDSN
2013-09-24,74.08000183105469,75.12000274658203,73.66000366210938,74.44000244140625,64.8497543334961,204400,NDSN
2013-09-25,74.54000091552734,74.87000274658203,73.5199966430664,73.62999725341797,64.14410400390625,266800,NDSN
2013-09-26,73.58999633789062,74.48999786376953,73.30999755859375,74.2699966430664,64.70161437988281,245100,NDSN
2013-09-27,73.70999908447266,74.06999969482422,73.08999633789062,73.44000244140625,63.97856140136719,252400,NDSN
2013-09-30,72.45999908447266,73.95999908447266,72.44999694824219,73.62999725341797,64.14410400390625,326800,NDSN
2013-10-01,73.66999816894531,75.12000274658203,73.12999725341797,74.9000015258789,65.25047302246094,644400,NDSN
2013-10-02,74.5999984741211,75.12000274658203,74.16000366210938,74.76000213623047,65.12850952148438,281100,NDSN
2013-10-03,74.3499984741211,75.0199966430664,73.7699966430664,74.27999877929688,64.71035766601562,350900,NDSN
2013-10-04,74.18000030517578,74.73999786376953,73.83000183105469,73.98999786376953,64.45771026611328,386300,NDSN
2013-10-07,73.33999633789062,73.94000244140625,72.63999938964844,72.63999938964844,63.28164291381836,296200,NDSN
2013-10-08,72.68000030517578,73.0999984741211,71.2699966430664,71.3499984741211,62.15781784057617,191100,NDSN
2013-10-09,71.41999816894531,71.80000305175781,70.19000244140625,70.72000122070312,61.609004974365234,222100,NDSN
2013-10-10,71.77999877929688,72.55999755859375,71.25,72.55000305175781,63.20323181152344,192700,NDSN
2013-10-11,72.4000015258789,73.22000122070312,72.12999725341797,73.16000366210938,63.73467254638672,151600,NDSN
2013-10-14,72.41999816894531,73.80999755859375,72.41999816894531,73.7699966430664,64.26606750488281,167800,NDSN
2013-10-15,73.61000061035156,73.61000061035156,72.58000183105469,72.83999633789062,63.455833435058594,200300,NDSN
2013-10-16,73.2300033569336,73.70999908447266,72.2699966430664,72.9800033569336,63.57784652709961,191400,NDSN
2013-10-17,72.69000244140625,74.1500015258789,72.69000244140625,74.0,64.46644592285156,202800,NDSN
2013-10-18,74.22000122070312,74.9800033569336,73.87000274658203,74.75,65.11980438232422,607900,NDSN
2013-10-21,74.6500015258789,75.08000183105469,74.12000274658203,74.58999633789062,64.98040771484375,191500,NDSN
2013-10-22,74.75,74.97000122070312,73.66999816894531,74.1500015258789,64.59710693359375,225900,NDSN
2013-10-23,73.8499984741211,74.41999816894531,72.97000122070312,73.54000091552734,64.06570434570312,98300,NDSN
2013-10-24,73.8499984741211,74.04000091552734,73.19999694824219,73.45999908447266,63.99601364135742,186400,NDSN
2013-10-25,73.52999877929688,73.6500015258789,73.05000305175781,73.41000366210938,63.95248031616211,166500,NDSN
2013-10-28,73.37999725341797,73.56999969482422,72.72000122070312,73.06999969482422,63.656246185302734,140500,NDSN
2013-10-29,73.02999877929688,73.43000030517578,72.5,72.73999786376953,63.36875915527344,234800,NDSN
2013-10-30,72.73999786376953,73.37999725341797,71.6500015258789,71.91000366210938,62.64570236206055,261900,NDSN
2013-10-31,71.91999816894531,73.19000244140625,71.91999816894531,72.08999633789062,62.80248260498047,182200,NDSN
2013-11-01,72.16000366210938,72.44999694824219,71.0199966430664,71.81999969482422,62.56726837158203,242600,NDSN
2013-11-04,73.11000061035156,73.31999969482422,71.62000274658203,73.0,63.59524917602539,245800,NDSN
2013-11-05,72.3499984741211,72.88999938964844,71.87000274658203,72.37999725341797,63.055152893066406,189600,NDSN
2013-11-06,72.87999725341797,72.87999725341797,71.6500015258789,71.95999908447266,62.68926239013672,112900,NDSN
2013-11-07,71.98999786376953,72.37000274658203,70.0199966430664,70.06999969482422,61.042747497558594,148500,NDSN
2013-11-08,70.27999877929688,70.7699966430664,69.93000030517578,70.73999786376953,61.62641906738281,182300,NDSN
2013-11-11,70.79000091552734,71.25,70.79000091552734,71.0199966430664,61.87034606933594,84400,NDSN
2013-11-12,71.0,71.04000091552734,70.23999786376953,70.94000244140625,61.800662994384766,157600,NDSN
2013-11-13,70.5,72.6500015258789,70.5,72.29000091552734,62.97670364379883,207500,NDSN
2013-11-14,72.11000061035156,72.5199966430664,71.69999694824219,72.31999969482422,63.00286102294922,94600,NDSN
2013-11-15,72.56999969482422,73.23999786376953,71.98999786376953,73.19000244140625,63.76081085205078,148100,NDSN
2013-11-18,73.06999969482422,73.08000183105469,71.91000366210938,72.05999755859375,62.77637481689453,160200,NDSN
2013-11-19,72.1500015258789,72.2300033569336,71.33999633789062,71.4000015258789,62.201416015625,112800,NDSN
2013-11-20,71.5,71.80999755859375,70.5999984741211,70.86000061035156,61.73094940185547,90300,NDSN
2013-11-21,71.04000091552734,71.6500015258789,70.94999694824219,71.58999633789062,62.36689376831055,101600,NDSN
2013-11-22,71.61000061035156,72.12999725341797,71.55000305175781,71.7699966430664,62.523738861083984,104800,NDSN
2013-11-25,71.8499984741211,72.66000366210938,71.52999877929688,71.75,62.506282806396484,234400,NDSN
2013-11-26,71.9000015258789,72.0,71.38999938964844,71.93000030517578,62.663116455078125,150600,NDSN
2013-11-27,71.9800033569336,72.33999633789062,71.63999938964844,72.11000061035156,62.81993103027344,109800,NDSN
2013-11-29,72.06999969482422,72.62000274658203,71.81999969482422,72.12000274658203,62.82862091064453,67700,NDSN
2013-12-02,72.0199966430664,72.8499984741211,71.76000213623047,72.08000183105469,62.79379653930664,172700,NDSN
2013-12-03,71.62000274658203,72.33999633789062,71.33000183105469,71.95999908447266,62.68926239013672,187300,NDSN
2013-12-04,71.37000274658203,72.36000061035156,71.1500015258789,72.08000183105469,62.79379653930664,223700,NDSN
2013-12-05,71.83999633789062,72.47000122070312,71.47000122070312,72.43000030517578,63.09869384765625,164200,NDSN
2013-12-06,73.0,74.33999633789062,72.43000030517578,73.7699966430664,64.26606750488281,237400,NDSN
2013-12-09,73.58000183105469,74.44000244140625,73.47000122070312,74.30000305175781,64.72779846191406,178800,NDSN
2013-12-10,73.95999908447266,74.5,73.19000244140625,73.2300033569336,63.79563522338867,351200,NDSN
2013-12-11,73.2699966430664,73.2699966430664,71.37000274658203,71.76000213623047,62.5150146484375,299600,NDSN
2013-12-12,70.2699966430664,71.66000366210938,70.0,71.56999969482422,62.34949493408203,592200,NDSN
2013-12-13,71.58000183105469,72.66000366210938,71.4800033569336,72.19000244140625,62.88961410522461,271000,NDSN
2013-12-16,72.37999725341797,72.37999725341797,71.7699966430664,72.19000244140625,62.88961410522461,325100,NDSN
2013-12-17,72.13999938964844,72.48999786376953,71.93000030517578,72.2699966430664,62.95930862426758,348000,NDSN
2013-12-18,72.1500015258789,73.20999908447266,71.38999938964844,73.16999816894531,63.90251159667969,314600,NDSN
2013-12-19,72.97000122070312,73.94000244140625,72.5199966430664,73.41000366210938,64.1121597290039,278600,NDSN
2013-12-20,73.76000213623047,74.73999786376953,73.75,74.0199966430664,64.64486694335938,579200,NDSN
2013-12-23,74.66000366210938,74.93000030517578,74.22000122070312,74.5999984741211,65.15142059326172,141100,NDSN
2013-12-24,74.61000061035156,75.23999786376953,74.23999786376953,75.0199966430664,65.51819610595703,132700,NDSN
2013-12-26,75.19999694824219,75.52999877929688,74.36000061035156,74.83000183105469,65.35226440429688,183800,NDSN
2013-12-27,74.98999786376953,75.0999984741211,74.48999786376953,74.62000274658203,65.16886138916016,143000,NDSN
2013-12-30,74.69999694824219,75.05000305175781,74.1500015258789,74.7699966430664,65.29985809326172,174400,NDSN
2013-12-31,74.7300033569336,75.26000213623047,74.19999694824219,74.30000305175781,64.88941192626953,304400,NDSN
2014-01-02,74.25,74.41999816894531,72.98999786376953,73.55000305175781,64.234375,193900,NDSN
2014-01-03,73.5,74.2699966430664,73.0999984741211,73.7699966430664,64.4265365600586,212600,NDSN
2014-01-06,73.87000274658203,74.2300033569336,72.0199966430664,72.5,63.31740188598633,319000,NDSN
2014-01-07,72.94999694824219,73.1500015258789,72.1500015258789,72.23999786376953,63.09031295776367,241100,NDSN
2014-01-08,72.38999938964844,72.5199966430664,71.41999816894531,71.70999908447266,62.62745666503906,301900,NDSN
2014-01-09,72.0199966430664,72.48999786376953,71.18000030517578,71.88999938964844,62.784637451171875,213000,NDSN
2014-01-10,72.11000061035156,72.68000030517578,71.44999694824219,72.29000091552734,63.133949279785156,251000,NDSN
2014-01-13,71.87000274658203,72.37999725341797,70.56999969482422,70.87000274658203,61.89381790161133,189300,NDSN
2014-01-14,71.16999816894531,71.98999786376953,70.45999908447266,71.88999938964844,62.784637451171875,205900,NDSN
2014-01-15,72.0,72.79000091552734,71.55999755859375,72.33000183105469,63.168907165527344,227500,NDSN
2014-01-16,72.23999786376953,72.63999938964844,71.7699966430664,72.04000091552734,62.915645599365234,155500,NDSN
2014-01-17,71.91000366210938,72.7699966430664,71.5999984741211,72.45999908447266,63.282440185546875,422400,NDSN
2014-01-21,73.18000030517578,73.18000030517578,72.08000183105469,72.41000366210938,63.23878860473633,217700,NDSN
2014-01-22,72.69999694824219,73.08999633789062,72.4000015258789,73.08000183105469,63.82395935058594,211900,NDSN
2014-01-23,72.69999694824219,73.0199966430664,72.0,72.30000305175781,63.142730712890625,251400,NDSN
2014-01-24,71.62999725341797,71.86000061035156,70.43000030517578,70.4800033569336,61.55323028564453,372800,NDSN
2014-01-27,70.7300033569336,70.94999694824219,69.37000274658203,69.69999694824219,60.87201690673828,252500,NDSN
2014-01-28,69.9800033569336,70.5999984741211,69.5,70.05000305175781,61.17769241333008,197400,NDSN
2014-01-29,69.5,70.33000183105469,69.06999969482422,69.13999938964844,60.38296890258789,247300,NDSN
2014-01-30,69.94000244140625,70.2300033569336,69.05000305175781,69.75,60.91569519042969,341200,NDSN
2014-01-31,69.0,70.05000305175781,68.80999755859375,69.31999969482422,60.540138244628906,271200,NDSN
2014-02-03,69.44999694824219,69.77999877929688,67.05999755859375,67.9800033569336,59.3698616027832,746600,NDSN
2014-02-04,68.22000122070312,69.44999694824219,67.38999938964844,69.37999725341797,60.59255599975586,496300,NDSN
2014-02-05,69.0999984741211,69.0999984741211,67.58999633789062,68.0,59.387332916259766,515000,NDSN
2014-02-06,68.12999725341797,68.69999694824219,67.56999969482422,68.3499984741211,59.692989349365234,274100,NDSN
2014-02-07,68.55999755859375,69.44999694824219,68.3499984741211,69.12999725341797,60.37422180175781,308700,NDSN
2014-02-10,68.9800033569336,69.61000061035156,68.55000305175781,69.30999755859375,60.53142547607422,299200,NDSN
2014-02-11,69.33999633789062,70.38999938964844,69.33000183105469,70.2300033569336,61.33488845825195,134600,NDSN
2014-02-12,70.19999694824219,71.44000244140625,70.19999694824219,70.8499984741211,61.876380920410156,217500,NDSN
2014-02-13,70.33999633789062,70.81999969482422,69.63999938964844,70.68000030517578,61.727867126464844,302000,NDSN
2014-02-14,70.58000183105469,70.83999633789062,70.18000030517578,70.45999908447266,61.53575897216797,282700,NDSN
2014-02-18,70.4000015258789,70.62999725341797,69.77999877929688,70.12000274658203,61.23883056640625,288800,NDSN
2014-02-19,69.79000091552734,70.38999938964844,69.66999816894531,69.80000305175781,60.9593620300293,211500,NDSN
2014-02-20,69.91000366210938,70.37000274658203,69.80999755859375,70.2699966430664,61.369834899902344,171700,NDSN
2014-02-21,70.41999816894531,70.45999908447266,69.79000091552734,69.80000305175781,61.115901947021484,210100,NDSN
2014-02-24,69.86000061035156,70.77999877929688,69.80999755859375,70.01000213623047,61.29976272583008,313700,NDSN
2014-02-25,71.27999877929688,71.27999877929688,70.25,70.87999725341797,62.061527252197266,380800,NDSN
2014-02-26,70.47000122070312,71.75,69.6500015258789,71.41000366210938,62.52559280395508,396500,NDSN
2014-02-27,72.47000122070312,73.22000122070312,71.9000015258789,72.44000244140625,63.427452087402344,404700,NDSN
2014-02-28,72.75,73.87000274658203,72.16000366210938,73.16000366210938,64.0578842163086,310000,NDSN
2014-03-03,72.37000274658203,72.6500015258789,71.5199966430664,72.04000091552734,63.077247619628906,233300,NDSN
2014-03-04,73.02999877929688,73.5,72.7699966430664,72.87000274658203,63.80398941040039,243700,NDSN
2014-03-05,73.0,73.2699966430664,72.55000305175781,72.83999633789062,63.77767562866211,154200,NDSN
2014-03-06,72.7699966430664,73.37000274658203,72.16999816894531,72.86000061035156,63.795169830322266,217200,NDSN
2014-03-07,73.06999969482422,73.47000122070312,72.58000183105469,73.11000061035156,64.01406860351562,184300,NDSN
2014-03-10,72.93000030517578,73.4000015258789,72.30000305175781,72.76000213623047,63.70766067504883,120800,NDSN
2014-03-11,72.81999969482422,73.02999877929688,71.52999877929688,71.77999877929688,62.849578857421875,118300,NDSN
2014-03-12,71.44000244140625,71.79000091552734,70.73999786376953,71.55000305175781,62.64818572998047,177600,NDSN
2014-03-13,71.87999725341797,72.23999786376953,69.72000122070312,70.2699966430664,61.527400970458984,207600,NDSN
2014-03-14,70.19999694824219,70.86000061035156,70.0,70.0999984741211,61.37860107421875,207900,NDSN
2014-03-17,70.54000091552734,71.52999877929688,70.5,71.0,62.1666145324707,265900,NDSN
2014-03-18,71.0,71.62000274658203,70.51000213623047,70.94999694824219,62.12283706665039,460500,NDSN
2014-03-19,70.83999633789062,71.45999908447266,70.45999908447266,70.83000183105469,62.01776885986328,274200,NDSN
2014-03-20,70.62000274658203,71.44999694824219,70.44000244140625,71.08000183105469,62.23664093017578,147900,NDSN
2014-03-21,71.2300033569336,72.51000213623047,71.16999816894531,71.83000183105469,62.89335250854492,464700,NDSN
2014-03-24,71.91000366210938,72.19000244140625,70.0,70.36000061035156,61.606204986572266,182200,NDSN
2014-03-25,70.47000122070312,71.04000091552734,69.97000122070312,70.30999755859375,61.562461853027344,158600,NDSN
2014-03-26,70.5999984741211,70.5999984741211,69.08999633789062,69.12999725341797,60.52927780151367,204100,NDSN
2014-03-27,69.02999877929688,69.22000122070312,68.36000061035156,68.83000183105469,60.2665901184082,212900,NDSN
2014-03-28,68.91000366210938,69.80000305175781,68.45999908447266,69.08000183105469,60.48548889160156,250100,NDSN
2014-03-31,69.55999755859375,70.61000061035156,69.36000061035156,70.48999786376953,61.72005844116211,266300,NDSN
2014-04-01,70.54000091552734,71.33999633789062,70.45999908447266,71.06999969482422,62.2279167175293,239000,NDSN
2014-04-02,71.1500015258789,72.12000274658203,71.13999938964844,71.55000305175781,62.64818572998047,151700,NDSN
2014-04-03,71.80000305175781,72.08999633789062,71.30000305175781,71.76000213623047,62.8320426940918,225400,NDSN
2014-04-04,72.19999694824219,72.3499984741211,71.44999694824219,71.51000213623047,62.61314010620117,477400,NDSN
2014-04-07,71.5999984741211,71.5999984741211,69.88999938964844,70.4800033569336,61.71131134033203,396900,NDSN
2014-04-08,70.62000274658203,71.30999755859375,70.18000030517578,71.2699966430664,62.40303039550781,309800,NDSN
2014-04-09,71.72000122070312,72.5999984741211,71.41999816894531,72.5,63.479984283447266,233700,NDSN
2014-04-10,72.27999877929688,72.5999984741211,71.30999755859375,71.36000061035156,62.4818000793457,365400,NDSN
2014-04-11,71.2300033569336,71.62999725341797,70.26000213623047,70.5,61.72882080078125,260200,NDSN
2014-04-14,71.0999984741211,71.5999984741211,70.25,70.52999877929688,61.75508499145508,211300,NDSN
2014-04-15,70.69000244140625,71.86000061035156,70.16000366210938,71.76000213623047,62.8320426940918,277300,NDSN
2014-04-16,72.08000183105469,73.0999984741211,71.83000183105469,73.0,63.91776657104492,222100,NDSN
2014-04-17,72.91999816894531,73.97000122070312,72.77999877929688,73.77999877929688,64.60076904296875,263600,NDSN
2014-04-21,73.58999633789062,74.05000305175781,73.4000015258789,73.72000122070312,64.54818725585938,255300,NDSN
2014-04-22,73.72000122070312,74.41000366210938,73.55000305175781,73.69999694824219,64.53070068359375,392400,NDSN
2014-04-23,73.69999694824219,74.3499984741211,73.16000366210938,73.9000015258789,64.7057876586914,304400,NDSN
2014-04-24,74.05000305175781,75.0,73.5199966430664,74.54000091552734,65.26620483398438,254300,NDSN
2014-04-25,74.08999633789062,74.97000122070312,73.68000030517578,74.04000091552734,64.8283920288086,306700,NDSN
2014-04-28,74.29000091552734,74.83000183105469,73.54000091552734,74.31999969482422,65.07353210449219,385100,NDSN
2014-04-29,74.63999938964844,75.22000122070312,73.94999694824219,74.37000274658203,65.11734008789062,265900,NDSN
2014-04-30,74.19000244140625,74.77999877929688,73.9000015258789,74.3499984741211,65.09982299804688,270500,NDSN
2014-05-01,74.52999877929688,75.22000122070312,73.8499984741211,74.48999786376953,65.22240447998047,197100,NDSN
2014-05-02,74.56999969482422,75.13999938964844,73.94000244140625,74.61000061035156,65.32746887207031,247500,NDSN
2014-05-05,74.20999908447266,74.88999938964844,73.54000091552734,74.3499984741211,65.09982299804688,165100,NDSN
2014-05-06,74.26000213623047,74.98999786376953,74.05000305175781,74.47000122070312,65.20487976074219,179500,NDSN
2014-05-07,74.58999633789062,74.94000244140625,73.91999816894531,74.81999969482422,65.51132202148438,216700,NDSN
2014-05-08,74.45999908447266,75.62000274658203,74.0999984741211,75.0999984741211,65.7564926147461,336200,NDSN
2014-05-09,74.8499984741211,75.12000274658203,74.31999969482422,74.94000244140625,65.61642456054688,241700,NDSN
2014-05-12,74.95999908447266,76.11000061035156,74.61000061035156,75.7699966430664,66.3431167602539,180700,NDSN
2014-05-13,75.7699966430664,76.58999633789062,75.30000305175781,75.44999694824219,66.0630111694336,152700,NDSN
2014-05-14,75.25,77.41000366210938,74.91000366210938,75.08000183105469,65.739013671875,117100,NDSN
2014-05-15,74.83000183105469,75.0,73.58000183105469,74.54000091552734,65.26620483398438,118300,NDSN
2014-05-16,74.52999877929688,75.1500015258789,74.37000274658203,75.05999755859375,65.72148132324219,100300,NDSN
2014-05-19,74.93000030517578,76.08000183105469,74.91000366210938,75.5,66.10675048828125,121500,NDSN
2014-05-20,75.33999633789062,75.68000030517578,73.94000244140625,74.08000183105469,64.8634033203125,156300,NDSN
2014-05-21,74.5199966430664,75.13999938964844,73.9000015258789,74.94999694824219,65.62518310546875,153200,NDSN
2014-05-22,75.0199966430664,75.37999725341797,74.76000213623047,74.87999725341797,65.72169494628906,171700,NDSN
2014-05-23,78.0,82.23999786376953,78.0,81.86000061035156,71.84800720214844,821000,NDSN
2014-05-27,81.91999816894531,84.5199966430664,81.91999816894531,83.33000183105469,73.13825225830078,371800,NDSN
2014-05-28,83.41999816894531,83.98999786376953,82.1500015258789,82.16999816894531,72.1200942993164,335800,NDSN
2014-05-29,82.81999969482422,82.86000061035156,81.70999908447266,82.69000244140625,72.57649230957031,285800,NDSN
2014-05-30,82.48999786376953,83.4000015258789,81.54000091552734,81.54000091552734,71.56714630126953,381800,NDSN
2014-06-02,81.9800033569336,82.63999938964844,81.02999877929688,82.4000015258789,72.32199096679688,246200,NDSN
2014-06-03,82.44999694824219,82.4800033569336,81.3499984741211,81.55000305175781,71.57594299316406,175900,NDSN
2014-06-04,81.68000030517578,82.3499984741211,81.31999969482422,81.5999984741211,71.61979675292969,204700,NDSN
2014-06-05,81.79000091552734,82.70999908447266,81.16000366210938,82.69999694824219,72.58528900146484,178100,NDSN
2014-06-06,82.94000244140625,83.83000183105469,82.9000015258789,83.69000244140625,73.45421600341797,147200,NDSN
2014-06-09,83.7699966430664,84.94999694824219,82.55999755859375,84.30000305175781,73.98959350585938,183500,NDSN
2014-06-10,84.31999969482422,84.31999969482422,83.51000213623047,83.9000015258789,73.6385269165039,259800,NDSN
2014-06-11,83.66999816894531,83.72000122070312,82.66000366210938,83.0,72.8486099243164,155600,NDSN
2014-06-12,82.8499984741211,82.98999786376953,81.94000244140625,82.0,71.97089385986328,143000,NDSN
2014-06-13,82.19999694824219,82.31999969482422,81.62000274658203,82.0,71.97089385986328,142200,NDSN
2014-06-16,81.80000305175781,81.98999786376953,81.18000030517578,81.29000091552734,71.34773254394531,188200,NDSN
2014-06-17,81.44999694824219,82.94000244140625,80.98999786376953,81.91999816894531,71.90069580078125,378200,NDSN
2014-06-18,82.73999786376953,84.11000061035156,81.86000061035156,82.20999908447266,72.15521240234375,411300,NDSN
2014-06-19,82.05999755859375,82.31999969482422,81.4800033569336,81.88999938964844,71.8743667602539,232500,NDSN
2014-06-20,81.75,82.29000091552734,79.5,79.91000366210938,70.13653564453125,786800,NDSN
2014-06-23,80.16000366210938,81.58000183105469,79.94999694824219,80.87000274658203,70.97908782958984,223100,NDSN
2014-06-24,80.62000274658203,81.0,79.51000213623047,79.76000213623047,70.00489807128906,294800,NDSN
2014-06-25,79.66000366210938,80.19999694824219,79.16000366210938,79.45999908447266,69.74154663085938,309000,NDSN
2014-06-26,79.62000274658203,79.68000030517578,78.27999877929688,79.0999984741211,69.42557525634766,312400,NDSN
2014-06-27,78.95999908447266,79.44999694824219,78.61000061035156,79.16000366210938,69.47823333740234,340400,NDSN
2014-06-30,79.27999877929688,80.33999633789062,78.69999694824219,80.19000244140625,70.38225555419922,586700,NDSN
2014-07-01,80.43000030517578,81.23999786376953,80.37999725341797,80.5999984741211,70.74212646484375,332200,NDSN
2014-07-02,80.5999984741211,81.05000305175781,79.68000030517578,80.02999877929688,70.24182891845703,214500,NDSN
2014-07-03,80.33999633789062,80.93000030517578,79.76000213623047,80.68000030517578,70.81237030029297,155700,NDSN
2014-07-07,80.0199966430664,80.4800033569336,78.8499984741211,79.01000213623047,69.34660339355469,206800,NDSN
2014-07-08,79.05999755859375,79.41999816894531,78.16999816894531,78.61000061035156,68.99551391601562,212600,NDSN
2014-07-09,78.91000366210938,79.02999877929688,77.88999938964844,78.30999755859375,68.732177734375,157500,NDSN
2014-07-10,77.4000015258789,77.56999969482422,76.58999633789062,77.0999984741211,67.67019653320312,182400,NDSN
2014-07-11,77.2300033569336,77.56999969482422,76.7300033569336,77.05999755859375,67.63508605957031,149600,NDSN
2014-07-14,78.52999877929688,79.83999633789062,78.41000366210938,78.5199966430664,68.91651153564453,239200,NDSN
2014-07-15,78.66999816894531,78.81999969482422,77.58999633789062,77.79000091552734,68.27580261230469,181200,NDSN
2014-07-16,78.08999633789062,78.4800033569336,77.19000244140625,78.02999877929688,68.48645782470703,260600,NDSN
2014-07-17,77.68000030517578,77.9800033569336,76.87000274658203,77.3499984741211,67.88963317871094,296400,NDSN
2014-07-18,77.6500015258789,78.77999877929688,77.55000305175781,78.70999908447266,69.0832748413086,436300,NDSN
2014-07-21,78.41000366210938,78.97000122070312,77.12999725341797,78.36000061035156,68.77608489990234,185600,NDSN
2014-07-22,78.7699966430664,79.7699966430664,78.44999694824219,78.83999633789062,69.19738006591797,169200,NDSN
2014-07-23,79.16999816894531,79.16999816894531,77.91999816894531,78.31999969482422,68.74099731445312,211300,NDSN
2014-07-24,78.55999755859375,79.01000213623047,77.76000213623047,78.37000274658203,68.78487396240234,142300,NDSN
2014-07-25,78.23999786376953,78.7300033569336,77.75,78.20999908447266,68.6444320678711,192300,NDSN
2014-07-28,78.30000305175781,78.30000305175781,77.16000366210938,77.88999938964844,68.36359405517578,163900,NDSN
2014-07-29,77.9000015258789,78.5,77.19999694824219,77.20999908447266,67.76675415039062,198400,NDSN
2014-07-30,77.58000183105469,78.12999725341797,76.55999755859375,77.16999816894531,67.73165130615234,197700,NDSN
2014-07-31,76.69000244140625,77.18000030517578,75.0999984741211,75.16999816894531,65.97622680664062,227700,NDSN
2014-08-01,75.04000091552734,75.33999633789062,73.45999908447266,74.5,65.38819885253906,307600,NDSN
2014-08-04,74.7300033569336,75.12999725341797,74.08999633789062,75.0,65.82703399658203,172000,NDSN
2014-08-05,74.5999984741211,75.27999877929688,74.26000213623047,74.86000061035156,65.70419311523438,160100,NDSN
2014-08-06,74.4000015258789,75.18000030517578,73.72000122070312,74.27999877929688,65.1950912475586,154000,NDSN
2014-08-07,74.62999725341797,75.18000030517578,74.38999938964844,74.5,65.38819885253906,172500,NDSN
2014-08-08,74.62000274658203,75.91000366210938,74.2300033569336,75.9000015258789,66.61698913574219,147700,NDSN
2014-08-11,75.87999725341797,76.8499984741211,75.87999725341797,76.48999786376953,67.13483428955078,177500,NDSN
2014-08-12,76.16000366210938,76.94999694824219,75.94999694824219,76.37999725341797,67.03825378417969,102700,NDSN
2014-08-13,76.55999755859375,77.93000030517578,76.38999938964844,77.27999877929688,67.82817077636719,177400,NDSN
2014-08-14,77.41000366210938,77.9800033569336,76.91000366210938,77.87999725341797,68.35482025146484,118300,NDSN
2014-08-15,78.0,78.30999755859375,76.81999969482422,77.95999908447266,68.42501831054688,196200,NDSN
2014-08-18,78.38999938964844,79.6500015258789,78.0,79.58999633789062,69.85563659667969,162700,NDSN
2014-08-19,79.72000122070312,80.06999969482422,79.2699966430664,79.63999938964844,69.89954376220703,133900,NDSN
2014-08-20,79.4000015258789,79.80999755859375,79.04000091552734,79.7300033569336,69.97852325439453,178600,NDSN
2014-08-21,79.75,80.16999816894531,79.05000305175781,79.80000305175781,70.03994750976562,196400,NDSN
2014-08-22,81.76000213623047,81.94000244140625,78.76000213623047,80.36000061035156,70.72648620605469,347500,NDSN
2014-08-25,80.8499984741211,81.87000274658203,80.19000244140625,81.13999938964844,71.41294860839844,351000,NDSN
2014-08-26,81.29000091552734,81.55999755859375,80.73999786376953,81.33999633789062,71.58898162841797,185500,NDSN
2014-08-27,81.48999786376953,81.48999786376953,80.54000091552734,80.83999633789062,71.14891815185547,107800,NDSN
2014-08-28,80.73999786376953,81.11000061035156,80.01000213623047,80.7300033569336,71.05207061767578,125400,NDSN
2014-08-29,81.0,81.1500015258789,80.5,81.05999755859375,71.34257507324219,201300,NDSN
2014-09-02,81.19999694824219,82.5999984741211,80.91000366210938,81.33999633789062,71.58898162841797,338900,NDSN
2014-09-03,81.77999877929688,81.77999877929688,80.77999877929688,81.22000122070312,71.48336791992188,158200,NDSN
2014-09-04,81.51000213623047,82.0,81.02999877929688,81.5,71.72979736328125,255500,NDSN
2014-09-05,81.23999786376953,81.63999938964844,80.55999755859375,81.2300033569336,71.49219512939453,179200,NDSN
2014-09-08,80.87000274658203,81.26000213623047,80.36000061035156,80.91999816894531,71.21936798095703,196200,NDSN
2014-09-09,80.87000274658203,81.0999984741211,80.25,80.41000366210938,70.77045440673828,171100,NDSN
2014-09-10,80.51000213623047,80.7300033569336,79.36000061035156,80.30999755859375,70.68244171142578,197000,NDSN
2014-09-11,79.91999816894531,80.16999816894531,79.55999755859375,79.87999725341797,70.30400848388672,226000,NDSN
2014-09-12,79.70999908447266,79.94999694824219,79.19999694824219,79.3499984741211,69.83751678466797,131000,NDSN
2014-09-15,79.45999908447266,79.45999908447266,78.8499984741211,79.2300033569336,69.73194122314453,153300,NDSN
2014-09-16,79.11000061035156,79.69999694824219,78.72000122070312,79.3499984741211,69.83751678466797,273700,NDSN
2014-09-17,79.45999908447266,79.73999786376953,78.70999908447266,78.95999908447266,69.4942855834961,123000,NDSN
2014-09-18,79.30000305175781,79.86000061035156,78.80000305175781,79.37999725341797,69.86394500732422,135600,NDSN
2014-09-19,79.44999694824219,79.79000091552734,78.0199966430664,78.45999908447266,69.05423736572266,432800,NDSN
2014-09-22,78.43000030517578,78.43000030517578,76.55999755859375,76.83999633789062,67.62845611572266,313500,NDSN
2014-09-23,76.44000244140625,77.18000030517578,75.81999969482422,76.25,67.10917663574219,256500,NDSN
2014-09-24,76.5199966430664,77.12000274658203,75.91999816894531,76.56999969482422,67.39080047607422,195200,NDSN
2014-09-25,76.22000122070312,76.72000122070312,75.48999786376953,75.62999725341797,66.5634765625,175000,NDSN
2014-09-26,75.68000030517578,76.94999694824219,75.37000274658203,76.55000305175781,67.37319946289062,212700,NDSN
2014-09-29,75.58999633789062,76.98999786376953,75.58999633789062,76.86000061035156,67.64602661132812,224000,NDSN
2014-09-30,76.80999755859375,77.2699966430664,76.05000305175781,76.06999969482422,66.95076751708984,292500,NDSN
2014-10-01,75.7699966430664,76.47000122070312,74.37000274658203,74.63999938964844,65.6921615600586,421400,NDSN
2014-10-02,74.3499984741211,74.81999969482422,73.51000213623047,74.0999984741211,65.2169189453125,162400,NDSN
2014-10-03,74.6500015258789,74.9800033569336,74.12999725341797,74.18000030517578,65.28731536865234,229900,NDSN
2014-10-06,74.55999755859375,75.20999908447266,73.91000366210938,74.75,65.78899383544922,301200,NDSN
2014-10-07,74.12000274658203,74.4000015258789,73.06999969482422,73.11000061035156,64.34559631347656,183100,NDSN
2014-10-08,73.0199966430664,74.38999938964844,72.48999786376953,74.29000091552734,65.38414764404297,194800,NDSN
2014-10-09,73.98999786376953,74.22000122070312,71.66000366210938,71.88999938964844,63.2718505859375,286200,NDSN
2014-10-10,70.19999694824219,70.70999908447266,67.97000122070312,69.7300033569336,61.37077331542969,523100,NDSN
2014-10-13,69.52999877929688,69.98999786376953,67.63999938964844,67.75,59.628150939941406,465400,NDSN
2014-10-14,67.94000244140625,70.12999725341797,67.80999755859375,69.62999725341797,61.28278350830078,486900,NDSN
2014-10-15,68.43000030517578,68.91999816894531,66.7699966430664,68.41000366210938,60.20905303955078,559900,NDSN
2014-10-16,66.87999725341797,69.7699966430664,66.80000305175781,69.61000061035156,61.265167236328125,538100,NDSN
2014-10-17,70.4800033569336,71.38999938964844,69.37999725341797,70.12000274658203,61.71401596069336,1052700,NDSN
2014-10-20,69.77999877929688,70.6500015258789,69.51000213623047,70.38999938964844,61.95165252685547,250200,NDSN
2014-10-21,70.79000091552734,72.23999786376953,70.12999725341797,72.18000030517578,63.52706527709961,276200,NDSN
2014-10-22,72.48999786376953,72.79000091552734,71.2300033569336,71.3499984741211,62.79657745361328,157400,NDSN
2014-10-23,72.33000183105469,73.87000274658203,72.29000091552734,73.37000274658203,64.5744400024414,182000,NDSN
2014-10-24,73.4000015258789,73.97000122070312,73.11000061035156,73.94999694824219,65.08488464355469,177100,NDSN
2014-10-27,73.41999816894531,73.94999694824219,72.98999786376953,73.6500015258789,64.82085418701172,170000,NDSN
2014-10-28,74.2300033569336,75.51000213623047,73.98999786376953,75.37000274658203,66.33468627929688,175500,NDSN
2014-10-29,75.51000213623047,75.98999786376953,74.93000030517578,75.2300033569336,66.21144104003906,209200,NDSN
2014-10-30,75.19000244140625,75.83999633789062,74.3499984741211,75.58999633789062,66.52828979492188,192000,NDSN
2014-10-31,76.26000213623047,76.7300033569336,75.80999755859375,76.55000305175781,67.37319946289062,269400,NDSN
2014-11-03,76.83999633789062,77.16999816894531,75.93000030517578,76.19000244140625,67.05635070800781,246400,NDSN
2014-11-04,76.12000274658203,76.30999755859375,75.3499984741211,75.4000015258789,66.36106872558594,196800,NDSN
2014-11-05,76.13999938964844,76.98999786376953,75.5999984741211,76.11000061035156,66.98595428466797,171900,NDSN
2014-11-06,76.2699966430664,77.45999908447266,76.2699966430664,77.18000030517578,67.92766571044922,187200,NDSN
2014-11-07,77.33000183105469,77.97000122070312,77.16000366210938,77.63999938964844,68.3325424194336,218500,NDSN
2014-11-10,77.83000183105469,78.47000122070312,77.66000366210938,77.88999938964844,68.5525894165039,163500,NDSN
2014-11-11,77.7300033569336,78.55000305175781,77.2699966430664,78.19999694824219,68.82538604736328,223700,NDSN
2014-11-12,77.58999633789062,79.06999969482422,77.58999633789062,78.56999969482422,69.1510238647461,199800,NDSN
2014-11-13,78.51000213623047,78.68000030517578,77.66999816894531,77.9800033569336,68.63176727294922,149900,NDSN
2014-11-14,77.86000061035156,78.5999984741211,77.66000366210938,77.98999786376953,68.64057922363281,140100,NDSN
2014-11-17,77.97000122070312,78.41000366210938,77.26000213623047,78.0199966430664,68.6669921875,219400,NDSN
2014-11-18,78.16999816894531,79.62999725341797,78.16999816894531,78.44999694824219,69.0454330444336,249500,NDSN
2014-11-19,78.16999816894531,78.16999816894531,77.0,77.66000366210938,68.35015869140625,174600,NDSN
2014-11-20,77.11000061035156,78.31999969482422,76.69000244140625,77.08999633789062,67.84847259521484,322600,NDSN
2014-11-21,77.98999786376953,79.93000030517578,77.81999969482422,79.51000213623047,69.9783706665039,250900,NDSN
2014-11-24,79.6500015258789,80.16999816894531,79.58000183105469,79.66000366210938,70.11039733886719,197000,NDSN
2014-11-25,79.5199966430664,80.20999908447266,79.11000061035156,79.70999908447266,70.15437316894531,126300,NDSN
2014-11-26,79.66999816894531,79.91999816894531,78.94000244140625,79.23999786376953,69.74075317382812,117900,NDSN
2014-11-28,79.05999755859375,79.08000183105469,77.91000366210938,78.1500015258789,68.78138732910156,99900,NDSN
2014-12-01,77.63999938964844,78.73999786376953,76.91000366210938,77.22000122070312,67.96288299560547,188400,NDSN
2014-12-02,77.80999755859375,78.94999694824219,77.5999984741211,78.3499984741211,68.95743560791016,195200,NDSN
2014-12-03,78.58999633789062,79.22000122070312,78.56999969482422,79.01000213623047,69.5383071899414,406500,NDSN
2014-12-04,78.68000030517578,78.87000274658203,77.98999786376953,78.52999877929688,69.1158676147461,184700,NDSN
2014-12-05,78.5199966430664,78.98999786376953,78.20999908447266,78.87999725341797,69.42387390136719,142000,NDSN
2014-12-08,78.43000030517578,79.36000061035156,76.86000061035156,77.29000091552734,68.02450561523438,215600,NDSN
2014-12-09,76.43000030517578,77.0999984741211,75.58000183105469,76.97000122070312,67.74287414550781,230300,NDSN
2014-12-10,76.62000274658203,77.01000213623047,75.16000366210938,75.26000213623047,66.23787689208984,175400,NDSN
2014-12-11,75.5199966430664,77.02999877929688,75.16000366210938,76.44999694824219,67.28520202636719,288900,NDSN
2014-12-12,75.91000366210938,77.48999786376953,74.52999877929688,76.98999786376953,67.76045989990234,404700,NDSN
2014-12-15,77.52999877929688,77.52999877929688,75.08000183105469,75.19000244140625,66.17623901367188,313100,NDSN
2014-12-16,74.83000183105469,75.75,74.01000213623047,74.58000183105469,65.63939666748047,288600,NDSN
2014-12-17,74.58000183105469,76.1500015258789,73.69999694824219,75.88999938964844,66.98992919921875,196100,NDSN
2014-12-18,77.47000122070312,78.11000061035156,76.7699966430664,77.87999725341797,68.7465591430664,207100,NDSN
2014-12-19,77.91000366210938,78.68000030517578,77.31999969482422,77.73999786376953,68.62297058105469,468900,NDSN
2014-12-22,77.98999786376953,78.7699966430664,77.55999755859375,78.44999694824219,69.24969482421875,176400,NDSN
2014-12-23,78.97000122070312,79.4000015258789,78.72000122070312,78.80000305175781,69.55865478515625,229100,NDSN
2014-12-24,78.80000305175781,79.77999877929688,78.44000244140625,79.25,69.95591735839844,92900,NDSN
2014-12-26,79.58999633789062,80.41999816894531,79.47000122070312,79.48999786376953,70.16775512695312,144500,NDSN
2014-12-29,79.3499984741211,80.4000015258789,79.0,79.72000122070312,70.37078094482422,102500,NDSN
2014-12-30,79.55000305175781,79.58999633789062,78.58999633789062,78.95999908447266,69.69988250732422,124600,NDSN
2014-12-31,79.08999633789062,79.69000244140625,77.93000030517578,77.95999908447266,68.8171615600586,162300,NDSN
2015-01-02,78.06999969482422,78.66000366210938,76.76000213623047,78.25,69.07317352294922,169100,NDSN
2015-01-05,78.08999633789062,78.0999984741211,75.6500015258789,75.69999694824219,66.82220458984375,268400,NDSN
2015-01-06,76.0,76.36000061035156,74.33000183105469,74.70999908447266,65.94832611083984,257600,NDSN
2015-01-07,75.2699966430664,75.94000244140625,73.75,73.93000030517578,65.25979614257812,358700,NDSN
2015-01-08,74.5199966430664,76.0,74.25,75.33000183105469,66.49561309814453,286900,NDSN
2015-01-09,75.58000183105469,75.73999786376953,73.95999908447266,74.16999816894531,65.47164154052734,226300,NDSN
2015-01-12,74.26000213623047,74.26000213623047,72.97000122070312,73.36000061035156,64.75660705566406,375600,NDSN
2015-01-13,73.87999725341797,74.97000122070312,72.44000244140625,73.52999877929688,64.90670013427734,349800,NDSN
2015-01-14,72.51000213623047,73.6500015258789,72.5,73.25,64.65953826904297,182900,NDSN
2015-01-15,73.36000061035156,73.95999908447266,72.06999969482422,72.19000244140625,63.72385025024414,229100,NDSN
2015-01-16,72.02999877929688,72.91999816894531,71.58000183105469,72.52999877929688,64.02397155761719,286200,NDSN
2015-01-20,72.66000366210938,73.36000061035156,71.88999938964844,72.20999908447266,63.74152374267578,259100,NDSN
2015-01-21,72.0,73.11000061035156,71.81999969482422,72.76000213623047,64.22701263427734,355100,NDSN
2015-01-22,73.08000183105469,73.72000122070312,72.05999755859375,73.01000213623047,64.44768524169922,347700,NDSN
2015-01-23,72.86000061035156,73.48999786376953,72.2300033569336,72.5,63.99749755859375,263300,NDSN
2015-01-26,72.18000030517578,73.76000213623047,71.94000244140625,73.52999877929688,64.90670013427734,297100,NDSN
2015-01-27,72.62000274658203,73.94999694824219,72.62000274658203,73.38999938964844,64.78314208984375,271900,NDSN
2015-01-28,73.69000244140625,74.47000122070312,72.41999816894531,72.51000213623047,64.00634002685547,150300,NDSN
2015-01-29,72.55000305175781,73.83999633789062,72.0199966430664,73.68000030517578,65.03910827636719,248900,NDSN
2015-01-30,73.18000030517578,74.19999694824219,72.6500015258789,72.86000061035156,64.31529235839844,390900,NDSN
2015-02-02,73.02999877929688,73.62000274658203,72.0999984741211,73.45999908447266,64.84493255615234,342500,NDSN
2015-02-03,73.73999786376953,75.41000366210938,73.38999938964844,75.30999755859375,66.47795104980469,616800,NDSN
2015-02-04,75.12999725341797,75.44999694824219,74.33000183105469,74.43000030517578,65.70115661621094,189400,NDSN
2015-02-05,75.01000213623047,75.55999755859375,74.80999755859375,75.36000061035156,66.52208709716797,193800,NDSN
2015-02-06,76.12000274658203,76.18000030517578,74.93000030517578,75.75,66.86636352539062,207300,NDSN
2015-02-09,75.22000122070312,76.13999938964844,75.08999633789062,75.69999694824219,66.82220458984375,115100,NDSN
2015-02-10,76.31999969482422,76.31999969482422,75.0,75.72000122070312,66.83985137939453,160300,NDSN
2015-02-11,75.68000030517578,76.33999633789062,75.22000122070312,76.0999984741211,67.1753158569336,102500,NDSN
2015-02-12,76.05000305175781,76.75,75.94000244140625,76.66999816894531,67.67847442626953,188200,NDSN
2015-02-13,76.61000061035156,78.36000061035156,76.61000061035156,78.04000091552734,68.88780212402344,163100,NDSN
2015-02-17,77.83000183105469,78.33000183105469,77.27999877929688,77.68000030517578,68.57001495361328,133400,NDSN
2015-02-18,77.33999633789062,78.83000183105469,77.33999633789062,78.26000213623047,69.0820083618164,153200,NDSN
2015-02-19,77.87000274658203,78.56999969482422,77.61000061035156,78.29000091552734,69.10847473144531,143400,NDSN
2015-02-20,78.0199966430664,78.51000213623047,77.5,78.45999908447266,69.45372009277344,138200,NDSN
2015-02-23,78.37999725341797,78.61000061035156,77.52999877929688,78.5999984741211,69.5776596069336,221300,NDSN
2015-02-24,78.62999725341797,79.12999725341797,77.83000183105469,78.41000366210938,69.4094467163086,411500,NDSN
2015-02-25,77.72000122070312,80.5,77.41999816894531,78.5999984741211,69.5776596069336,552300,NDSN
2015-02-26,78.37999725341797,78.62000274658203,77.08999633789062,77.55000305175781,68.64814758300781,290800,NDSN
2015-02-27,76.94000244140625,77.4800033569336,76.66999816894531,76.93000030517578,68.09931945800781,170100,NDSN
2015-03-02,76.97000122070312,77.94000244140625,76.95999908447266,77.91999816894531,68.97569274902344,172100,NDSN
2015-03-03,77.94000244140625,78.33999633789062,77.30000305175781,77.44999694824219,68.55965423583984,151300,NDSN
2015-03-04,77.02999877929688,77.69000244140625,76.1500015258789,76.43000030517578,67.6567153930664,120500,NDSN
2015-03-05,76.55999755859375,76.9800033569336,75.9000015258789,76.5,67.71870422363281,155800,NDSN
2015-03-06,76.1500015258789,76.61000061035156,75.06999969482422,75.41000366210938,66.7538070678711,177300,NDSN
2015-03-09,75.56999969482422,76.12000274658203,75.26000213623047,75.31999969482422,66.67411804199219,175200,NDSN
2015-03-10,74.51000213623047,75.83000183105469,73.68000030517578,73.69999694824219,65.24008178710938,228300,NDSN
2015-03-11,73.33000183105469,73.95999908447266,72.93000030517578,73.80000305175781,65.32861328125,347300,NDSN
2015-03-12,74.41999816894531,75.87000274658203,74.37000274658203,75.58000183105469,66.9043197631836,241800,NDSN
2015-03-13,75.55999755859375,75.97000122070312,74.68000030517578,75.27999877929688,66.63874816894531,273700,NDSN
2015-03-16,75.88999938964844,76.94000244140625,74.87000274658203,76.80000305175781,67.9842529296875,234900,NDSN
2015-03-17,76.83999633789062,77.87999725341797,76.44000244140625,77.7699966430664,68.8429183959961,379700,NDSN
2015-03-18,77.30000305175781,79.4000015258789,77.0999984741211,79.01000213623047,69.94055938720703,271500,NDSN
2015-03-19,78.87000274658203,79.0,77.83999633789062,78.12999725341797,69.16159057617188,176300,NDSN
2015-03-20,78.55000305175781,79.0999984741211,78.19999694824219,78.26000213623047,69.27669525146484,410900,NDSN
2015-03-23,78.38999938964844,78.93000030517578,77.80000305175781,77.87999725341797,68.9402847290039,163300,NDSN
2015-03-24,77.87999725341797,78.0199966430664,77.01000213623047,77.16999816894531,68.31180572509766,173000,NDSN
2015-03-25,77.45999908447266,77.93000030517578,76.3499984741211,76.44999694824219,67.67444610595703,125700,NDSN
2015-03-26,76.0,76.81999969482422,75.62999725341797,76.43000030517578,67.6567153930664,167900,NDSN
2015-03-27,76.56999969482422,77.83000183105469,76.2300033569336,77.41999816894531,68.53306579589844,242600,NDSN
2015-03-30,77.91999816894531,78.69999694824219,77.91000366210938,78.5199966430664,69.50682067871094,158700,NDSN
2015-03-31,77.91000366210938,78.4000015258789,77.63999938964844,78.33999633789062,69.34748077392578,155500,NDSN
2015-04-01,78.27999877929688,78.4800033569336,76.52999877929688,76.72000122070312,67.91341400146484,254600,NDSN
2015-04-02,76.87000274658203,77.56999969482422,76.37000274658203,77.23999786376953,68.37376403808594,198600,NDSN
2015-04-06,76.94000244140625,79.01000213623047,76.9000015258789,78.77999877929688,69.7369613647461,276700,NDSN
2015-04-07,79.0,79.0,78.31999969482422,78.43000030517578,69.42716979980469,223600,NDSN
2015-04-08,78.3499984741211,78.93000030517578,77.87000274658203,78.6500015258789,69.62190246582031,189800,NDSN
2015-04-09,78.33999633789062,78.81999969482422,77.9800033569336,78.68000030517578,69.64844512939453,127500,NDSN
2015-04-10,78.62999725341797,79.5199966430664,78.5,78.80000305175781,69.75467681884766,152600,NDSN
2015-04-13,78.55999755859375,79.48999786376953,78.30000305175781,78.30000305175781,69.31204223632812,185600,NDSN
2015-04-14,78.36000061035156,79.05999755859375,77.87000274658203,78.83000183105469,69.78123474121094,247600,NDSN
2015-04-15,79.16000366210938,79.98999786376953,79.0,79.26000213623047,70.16188049316406,171000,NDSN
2015-04-16,79.0999984741211,79.41999816894531,78.69999694824219,79.01000213623047,69.94055938720703,164100,NDSN
2015-04-17,78.62000274658203,79.20999908447266,78.30999755859375,79.0,69.93173217773438,359300,NDSN
2015-04-20,79.33999633789062,80.33999633789062,79.33999633789062,79.83999633789062,70.67528533935547,126900,NDSN
2015-04-21,80.0,80.25,79.19000244140625,79.58999633789062,70.45398712158203,157400,NDSN
2015-04-22,79.5999984741211,80.47000122070312,78.83999633789062,80.38999938964844,71.16216278076172,116600,NDSN
2015-04-23,80.0,81.05000305175781,79.98999786376953,80.08000183105469,70.88775634765625,263300,NDSN
2015-04-24,80.16999816894531,80.47000122070312,79.36000061035156,79.68000030517578,70.5336685180664,190900,NDSN
2015-04-27,79.9800033569336,80.37000274658203,79.38999938964844,79.94000244140625,70.76384735107422,226600,NDSN
2015-04-28,80.0999984741211,80.16999816894531,79.4000015258789,80.01000213623047,70.82576751708984,131600,NDSN
2015-04-29,79.55000305175781,80.55999755859375,79.11000061035156,80.45999908447266,71.22411346435547,216700,NDSN
2015-04-30,79.83000183105469,80.33999633789062,79.16999816894531,79.6500015258789,70.50711822509766,446800,NDSN
2015-05-01,80.16000366210938,80.9800033569336,79.91000366210938,80.68000030517578,71.41887664794922,267100,NDSN
2015-05-04,80.68000030517578,81.9800033569336,80.56999969482422,81.62999725341797,72.25983428955078,262200,NDSN
2015-05-05,81.0199966430664,82.12999725341797,80.5199966430664,80.83999633789062,71.56050872802734,245700,NDSN
2015-05-06,81.16999816894531,81.16999816894531,80.4000015258789,80.86000061035156,71.57820892333984,244700,NDSN
2015-05-07,80.9800033569336,81.16999816894531,80.45999908447266,81.1500015258789,71.83492279052734,143400,NDSN
2015-05-08,81.44999694824219,82.05999755859375,81.2300033569336,81.69000244140625,72.31294250488281,170700,NDSN
2015-05-11,81.44999694824219,82.06999969482422,81.26000213623047,81.91000366210938,72.50769805908203,136600,NDSN
2015-05-12,81.41000366210938,82.11000061035156,81.0,82.0,72.58735656738281,563200,NDSN
2015-05-13,82.0,82.3499984741211,81.70999908447266,81.91000366210938,72.50769805908203,402300,NDSN
2015-05-14,82.25,83.38999938964844,81.88999938964844,83.05999755859375,73.52568054199219,334000,NDSN
2015-05-15,83.29000091552734,83.5,82.62000274658203,83.12000274658203,73.57878875732422,197700,NDSN
2015-05-18,83.13999938964844,84.02999877929688,82.86000061035156,83.97000122070312,74.33121490478516,232600,NDSN
2015-05-19,83.5,84.44999694824219,83.11000061035156,83.55000305175781,73.95944213867188,344500,NDSN
2015-05-20,82.19000244140625,83.2300033569336,79.26000213623047,82.79000091552734,73.28665161132812,919400,NDSN
2015-05-21,82.30999755859375,83.30000305175781,82.0999984741211,82.9000015258789,73.57958221435547,254100,NDSN
2015-05-22,82.7300033569336,83.47000122070312,82.7300033569336,82.98999786376953,73.65946960449219,359200,NDSN
2015-05-26,82.88999938964844,83.30000305175781,81.87000274658203,82.0999984741211,72.86951446533203,256300,NDSN
2015-05-27,82.33999633789062,82.75,81.98999786376953,82.51000213623047,73.2334213256836,152700,NDSN
2015-05-28,82.56999969482422,83.30999755859375,81.76000213623047,82.68000030517578,73.38431549072266,211400,NDSN
2015-05-29,82.37000274658203,82.91000366210938,80.83999633789062,80.91000366210938,71.81331634521484,186300,NDSN
2015-06-01,80.95999908447266,81.58000183105469,80.3499984741211,81.0,71.8931884765625,139200,NDSN
2015-06-02,80.69999694824219,81.76000213623047,80.3499984741211,81.18000030517578,72.05294799804688,124800,NDSN
2015-06-03,81.33000183105469,82.81999969482422,81.12999725341797,81.97000122070312,72.75414276123047,179300,NDSN
2015-06-04,81.36000061035156,81.9800033569336,81.1500015258789,81.58999633789062,72.41686248779297,186300,NDSN
2015-06-05,81.30999755859375,82.19999694824219,81.08999633789062,82.11000061035156,72.87840270996094,162800,NDSN
2015-06-08,82.05999755859375,82.05999755859375,80.9800033569336,81.0999984741211,71.98194122314453,128500,NDSN
2015-06-09,80.9800033569336,81.70999908447266,80.80000305175781,81.27999877929688,72.1417236328125,108900,NDSN
2015-06-10,81.72000122070312,82.62000274658203,81.45999908447266,82.1500015258789,72.9139175415039,155400,NDSN
2015-06-11,82.47000122070312,82.47000122070312,81.7300033569336,82.2300033569336,72.98490905761719,170300,NDSN
2015-06-12,82.02999877929688,82.20999908447266,81.26000213623047,81.38999938964844,72.23934936523438,130100,NDSN
2015-06-15,80.75,81.08000183105469,79.61000061035156,80.54000091552734,71.48492431640625,149300,NDSN
2015-06-16,80.62000274658203,80.94999694824219,80.33000183105469,80.47000122070312,71.42280578613281,197100,NDSN
2015-06-17,80.81999969482422,80.93000030517578,79.52999877929688,80.36000061035156,71.3251724243164,192700,NDSN
2015-06-18,80.44999694824219,80.86000061035156,79.91000366210938,80.37000274658203,71.33399963378906,310500,NDSN
2015-06-19,80.56999969482422,80.56999969482422,79.86000061035156,80.26000213623047,71.23639678955078,495200,NDSN
2015-06-22,80.75,81.0199966430664,80.45999908447266,80.69999694824219,71.62690734863281,145400,NDSN
2015-06-23,80.66000366210938,80.83000183105469,79.80000305175781,80.08999633789062,71.0854721069336,215000,NDSN
2015-06-24,80.08000183105469,80.4800033569336,79.5999984741211,79.69999694824219,70.73934936523438,132000,NDSN
2015-06-25,79.87000274658203,81.26000213623047,79.33000183105469,79.52999877929688,70.58846282958984,139300,NDSN
2015-06-26,79.72000122070312,80.1500015258789,79.4000015258789,80.08999633789062,71.0854721069336,389000,NDSN
2015-06-29,79.26000213623047,79.5199966430664,78.05999755859375,78.12999725341797,69.34585571289062,136400,NDSN
2015-06-30,78.62999725341797,79.13999938964844,77.80000305175781,77.88999938964844,69.13285064697266,215600,NDSN
2015-07-01,78.41000366210938,78.87000274658203,77.73999786376953,78.08000183105469,69.30147552490234,174300,NDSN
2015-07-02,78.12000274658203,78.4000015258789,77.54000091552734,77.72000122070312,68.98194885253906,141200,NDSN
2015-07-06,77.45999908447266,77.9800033569336,76.91999816894531,77.41000366210938,68.70681762695312,122800,NDSN
2015-07-07,77.44999694824219,77.51000213623047,75.97000122070312,77.43000030517578,68.72456359863281,158200,NDSN
2015-07-08,76.73999786376953,77.43000030517578,75.51000213623047,76.25,67.67724609375,331000,NDSN
2015-07-09,77.18000030517578,77.38999938964844,75.58999633789062,75.63999938964844,67.13582611083984,241500,NDSN
2015-07-10,76.23999786376953,76.72000122070312,75.61000061035156,75.9000015258789,67.36659240722656,159300,NDSN
2015-07-13,76.44000244140625,77.23999786376953,76.0199966430664,76.8499984741211,68.20977020263672,218800,NDSN
2015-07-14,76.91000366210938,77.5,76.77999877929688,77.33999633789062,68.64466094970703,182100,NDSN
2015-07-15,77.22000122070312,77.93000030517578,75.94999694824219,76.04000091552734,67.49081420898438,181800,NDSN
2015-07-16,76.55999755859375,76.97000122070312,75.0199966430664,75.30000305175781,66.83402252197266,262200,NDSN
2015-07-17,75.51000213623047,75.79000091552734,74.08000183105469,75.13999938964844,66.69202423095703,303300,NDSN
2015-07-20,75.30999755859375,75.69000244140625,74.7300033569336,74.76000213623047,66.3547592163086,149100,NDSN
2015-07-21,74.5999984741211,75.0199966430664,74.0999984741211,74.30000305175781,65.94647216796875,132800,NDSN
2015-07-22,74.16000366210938,74.68000030517578,73.36000061035156,73.38999938964844,65.13878631591797,225200,NDSN
2015-07-23,73.63999938964844,74.11000061035156,73.19000244140625,73.70999908447266,65.42282104492188,227200,NDSN
2015-07-24,73.55999755859375,73.87000274658203,72.4800033569336,72.62000274658203,64.45533752441406,176300,NDSN
2015-07-27,72.33999633789062,72.97000122070312,71.75,72.29000091552734,64.16244506835938,158400,NDSN
2015-07-28,72.52999877929688,73.52999877929688,71.98999786376953,73.29000091552734,65.0500259399414,203600,NDSN
2015-07-29,73.12000274658203,74.45999908447266,73.08000183105469,74.41999816894531,66.05298614501953,171000,NDSN
2015-07-30,74.0999984741211,74.83000183105469,73.75,74.47000122070312,66.09732818603516,149900,NDSN
2015-07-31,74.80999755859375,74.91000366210938,74.0,74.11000061035156,65.77786254882812,262200,NDSN
2015-08-03,74.19999694824219,74.44999694824219,73.23999786376953,73.83000183105469,65.52930450439453,148900,NDSN
2015-08-04,73.83000183105469,74.41000366210938,73.1500015258789,73.5199966430664,65.25414276123047,124000,NDSN
2015-08-05,73.91999816894531,74.75,73.66999816894531,74.08999633789062,65.76006317138672,193500,NDSN
2015-08-06,74.16999816894531,74.98999786376953,73.72000122070312,74.05000305175781,65.72459411621094,129500,NDSN
2015-08-07,73.91000366210938,74.2699966430664,73.41000366210938,74.12999725341797,65.79558563232422,135700,NDSN
2015-08-10,74.54000091552734,75.94999694824219,74.54000091552734,75.5999984741211,67.10029602050781,165100,NDSN
2015-08-11,74.80000305175781,75.33999633789062,73.98999786376953,74.30000305175781,65.94647216796875,170600,NDSN
2015-08-12,73.4800033569336,74.55999755859375,72.97000122070312,74.36000061035156,65.9997329711914,186900,NDSN
2015-08-13,74.33000183105469,74.37999725341797,73.4800033569336,74.0999984741211,65.7689437866211,190400,NDSN
2015-08-14,73.98999786376953,74.20999908447266,73.61000061035156,74.11000061035156,65.77786254882812,239800,NDSN
2015-08-17,73.93000030517578,74.3499984741211,73.29000091552734,74.31999969482422,65.9642105102539,382400,NDSN
2015-08-18,74.06999969482422,75.75,73.79000091552734,73.91000366210938,65.60031127929688,249600,NDSN
2015-08-19,73.44999694824219,73.83999633789062,72.52999877929688,73.2699966430664,65.03226470947266,386500,NDSN
2015-08-20,72.58999633789062,73.0,70.95999908447266,71.1500015258789,63.15061950683594,424400,NDSN
2015-08-21,67.13999938964844,68.0,62.349998474121094,62.439998626708984,55.607460021972656,1418500,NDSN
2015-08-24,58.959999084472656,65.33999633789062,58.52000045776367,63.040000915527344,56.14179992675781,1034800,NDSN
2015-08-25,65.5,65.51000213623047,62.869998931884766,63.0099983215332,56.115081787109375,456800,NDSN
2015-08-26,64.19999694824219,64.31999969482422,62.349998474121094,64.04000091552734,57.032371520996094,500600,NDSN
2015-08-27,64.97000122070312,66.54000091552734,64.30999755859375,66.2699966430664,59.01835632324219,386500,NDSN
2015-08-28,66.0,66.9000015258789,65.62000274658203,66.73999786376953,59.43692398071289,388700,NDSN
2015-08-31,66.31999969482422,67.0999984741211,65.94999694824219,66.5199966430664,59.24100875854492,353400,NDSN
2015-09-01,64.9000015258789,65.83999633789062,63.65999984741211,63.81999969482422,56.8364372253418,469900,NDSN
2015-09-02,64.45999908447266,64.75,63.029998779296875,64.56999969482422,57.504390716552734,538100,NDSN
2015-09-03,64.5999984741211,65.69000244140625,64.33999633789062,65.12000274658203,57.99420166015625,284700,NDSN
2015-09-04,64.16999816894531,65.18000030517578,64.08999633789062,64.44000244140625,57.38861083984375,276800,NDSN
2015-09-08,65.61000061035156,66.08000183105469,65.19999694824219,65.88999938964844,58.6799430847168,444400,NDSN
2015-09-09,66.16999816894531,66.69999694824219,65.16000366210938,65.3499984741211,58.199031829833984,313700,NDSN
2015-09-10,65.25,66.58000183105469,65.06999969482422,66.11000061035156,58.87586212158203,433800,NDSN
2015-09-11,65.83000183105469,66.75,65.58999633789062,66.63999938964844,59.347869873046875,287300,NDSN
2015-09-14,66.62000274658203,66.62000274658203,65.48999786376953,65.58999633789062,58.41277313232422,188700,NDSN
2015-09-15,65.63999938964844,66.5,65.56999969482422,66.38999938964844,59.125221252441406,210800,NDSN
2015-09-16,66.48999786376953,67.47000122070312,66.2300033569336,67.27999877929688,59.91782760620117,216700,NDSN
2015-09-17,67.30000305175781,67.54000091552734,66.2699966430664,66.31999969482422,59.06288528442383,204000,NDSN
2015-09-18,65.43000030517578,65.6500015258789,64.75,65.01000213623047,57.896236419677734,415100,NDSN
2015-09-21,65.20999908447266,66.02999877929688,64.7699966430664,64.91999816894531,57.81608581542969,206100,NDSN
2015-09-22,64.0,64.56999969482422,63.2599983215332,63.68000030517578,56.71177673339844,247100,NDSN
2015-09-23,63.709999084472656,63.88999938964844,62.29999923706055,62.689998626708984,55.83009338378906,316900,NDSN
2015-09-24,62.06999969482422,62.380001068115234,61.130001068115234,61.83000183105469,55.064212799072266,307900,NDSN
2015-09-25,62.59000015258789,63.150001525878906,62.09000015258789,62.310001373291016,55.4916877746582,185100,NDSN
2015-09-28,61.9900016784668,62.02000045776367,61.41999816894531,61.47999954223633,54.75252914428711,209100,NDSN
2015-09-29,61.5,62.380001068115234,61.38999938964844,61.95000076293945,55.17107009887695,332000,NDSN
2015-09-30,62.560001373291016,63.279998779296875,61.43000030517578,62.939998626708984,56.052738189697266,286800,NDSN
2015-10-01,62.97999954223633,63.58000183105469,61.689998626708984,62.31999969482422,55.50058364868164,387700,NDSN
2015-10-02,61.779998779296875,64.37999725341797,61.66999816894531,64.18000030517578,57.15705108642578,393600,NDSN
2015-10-05,64.37000274658203,66.7699966430664,64.37000274658203,66.22000122070312,58.97383499145508,296800,NDSN
2015-10-06,66.45999908447266,67.2300033569336,66.16999816894531,66.61000061035156,59.3211669921875,273700,NDSN
2015-10-07,66.95999908447266,68.52999877929688,66.33999633789062,67.95999908447266,60.5234260559082,407200,NDSN
2015-10-08,67.55999755859375,69.20999908447266,65.04000091552734,69.12000274658203,61.55649948120117,439500,NDSN
2015-10-09,69.33000183105469,69.97000122070312,68.08999633789062,69.0999984741211,61.5386962890625,220900,NDSN
2015-10-12,69.20999908447266,69.20999908447266,67.93000030517578,68.63999938964844,61.12901306152344,133800,NDSN
2015-10-13,67.91999816894531,68.7300033569336,67.48999786376953,67.56999969482422,60.17610549926758,177500,NDSN
2015-10-14,67.37000274658203,67.7699966430664,66.51000213623047,67.01000213623047,59.67738342285156,179000,NDSN
2015-10-15,67.20999908447266,67.62999725341797,65.87000274658203,67.2300033569336,59.87331771850586,396300,NDSN
2015-10-16,67.0999984741211,67.5999984741211,66.2699966430664,66.9800033569336,59.650672912597656,332600,NDSN
2015-10-19,66.4800033569336,67.66999816894531,65.77999877929688,67.38999938964844,60.01579666137695,339400,NDSN
2015-10-20,67.20999908447266,68.26000213623047,67.16000366210938,67.58999633789062,60.19390869140625,265800,NDSN
2015-10-21,67.86000061035156,68.72000122070312,67.19000244140625,67.33000183105469,59.962379455566406,214100,NDSN
2015-10-22,67.81999969482422,69.4800033569336,67.31999969482422,69.25,61.67226791381836,221700,NDSN
2015-10-23,69.79000091552734,70.16000366210938,69.23999786376953,69.8499984741211,62.20661163330078,247300,NDSN
2015-10-26,69.80000305175781,70.16000366210938,69.1500015258789,69.55000305175781,61.93943786621094,285200,NDSN
2015-10-27,68.80999755859375,69.69999694824219,68.41000366210938,69.0,61.44963073730469,318300,NDSN
2015-10-28,69.22000122070312,70.94999694824219,69.22000122070312,70.94000244140625,63.1773567199707,279200,NDSN
2015-10-29,70.54000091552734,71.38999938964844,69.43000030517578,70.55000305175781,62.830039978027344,313600,NDSN
2015-10-30,70.51000213623047,71.43000030517578,69.0,71.23999786376953,63.44453048706055,666000,NDSN
2015-11-02,71.11000061035156,72.13999938964844,70.30000305175781,72.01000213623047,64.13026428222656,314700,NDSN
2015-11-03,72.68000030517578,73.62999725341797,72.12000274658203,72.87999725341797,64.90505981445312,307900,NDSN
2015-11-04,73.02999877929688,73.72000122070312,72.69000244140625,72.97000122070312,64.9852066040039,225000,NDSN
2015-11-05,72.94000244140625,73.41000366210938,72.5199966430664,73.0999984741211,65.10096740722656,385500,NDSN
2015-11-06,72.7300033569336,73.48999786376953,72.0199966430664,73.22000122070312,65.20783996582031,240600,NDSN
2015-11-09,73.19000244140625,74.23999786376953,71.72000122070312,72.16000366210938,64.26385498046875,272300,NDSN
2015-11-10,71.80000305175781,72.80999755859375,71.58000183105469,72.80999755859375,64.84272003173828,204500,NDSN
2015-11-11,73.05999755859375,73.05999755859375,71.8499984741211,71.93000030517578,64.05900573730469,170500,NDSN
2015-11-12,71.19999694824219,71.47000122070312,69.44000244140625,69.6500015258789,62.02849197387695,331700,NDSN
2015-11-13,69.58000183105469,70.55999755859375,69.0999984741211,69.69999694824219,62.073036193847656,199200,NDSN
2015-11-16,69.47000122070312,70.58000183105469,69.27999877929688,70.05999755859375,62.39365005493164,326400,NDSN
2015-11-17,70.38999938964844,70.93000030517578,68.80000305175781,69.05000305175781,61.494144439697266,385000,NDSN
2015-11-18,68.63999938964844,69.5999984741211,68.61000061035156,69.37000274658203,61.77914810180664,832400,NDSN
2015-11-19,69.55000305175781,70.87000274658203,69.20999908447266,70.58999633789062,62.865631103515625,743800,NDSN
2015-11-20,70.76000213623047,71.33999633789062,70.37999725341797,70.88999938964844,63.1328125,290900,NDSN
2015-11-23,70.66000366210938,71.36000061035156,70.55000305175781,70.91000366210938,63.150638580322266,581300,NDSN
2015-11-24,70.72000122070312,71.9800033569336,70.48999786376953,71.75,63.8986930847168,201300,NDSN
2015-11-25,71.73999786376953,72.83999633789062,71.73999786376953,72.19999694824219,64.2994613647461,218700,NDSN
2015-11-27,72.20999908447266,73.23999786376953,71.9000015258789,72.55999755859375,64.62007141113281,94200,NDSN
2015-11-30,72.81999969482422,73.2699966430664,72.20999908447266,72.52999877929688,64.59335327148438,227700,NDSN
2015-12-01,72.62999725341797,73.51000213623047,72.52999877929688,73.19999694824219,65.1900405883789,499400,NDSN
2015-12-02,72.93000030517578,73.5999984741211,72.12999725341797,72.5999984741211,64.65569305419922,230500,NDSN
2015-12-03,72.70999908447266,73.11000061035156,71.13999938964844,71.13999938964844,63.35544204711914,367100,NDSN
2015-12-04,70.80999755859375,72.38999938964844,70.80999755859375,72.08000183105469,64.1926040649414,284800,NDSN
2015-12-07,71.63999938964844,72.23999786376953,70.86000061035156,72.01000213623047,64.13026428222656,578500,NDSN
2015-12-08,71.2699966430664,71.44999694824219,68.73999786376953,69.98999786376953,62.331298828125,253900,NDSN
2015-12-09,69.75,70.80999755859375,68.91999816894531,69.1500015258789,61.58320236206055,382400,NDSN
2015-12-10,69.29000091552734,69.36000061035156,68.13999938964844,68.38999938964844,60.9063606262207,410900,NDSN
2015-12-11,63.90999984741211,65.37999725341797,62.720001220703125,63.540000915527344,56.58707046508789,1153700,NDSN
2015-12-14,63.040000915527344,64.29000091552734,62.68000030517578,63.7400016784668,56.76521301269531,489800,NDSN
2015-12-15,64.29000091552734,64.73999786376953,62.959999084472656,63.599998474121094,56.64052200317383,587200,NDSN
2015-12-16,64.16000366210938,65.16999816894531,63.9900016784668,64.87000274658203,57.77154541015625,395400,NDSN
2015-12-17,65.0999984741211,65.0999984741211,64.19000244140625,64.22000122070312,57.19268798828125,596200,NDSN
2015-12-18,63.61000061035156,64.30999755859375,63.29999923706055,63.63999938964844,56.88874053955078,860000,NDSN
2015-12-21,63.81999969482422,64.69000244140625,63.150001525878906,63.540000915527344,56.79935836791992,267100,NDSN
2015-12-22,63.7400016784668,64.81999969482422,63.08000183105469,64.5199966430664,57.675392150878906,279600,NDSN
2015-12-23,65.0,66.02999877929688,64.33000183105469,65.52999877929688,58.57823944091797,233600,NDSN
2015-12-24,65.58000183105469,65.75,65.06999969482422,65.41999816894531,58.47991180419922,79600,NDSN
2015-12-28,65.13999938964844,65.13999938964844,64.13999938964844,64.48999786376953,57.648582458496094,322300,NDSN
2015-12-29,64.73999786376953,65.29000091552734,64.16000366210938,64.69999694824219,57.83629608154297,275400,NDSN
2015-12-30,64.63999938964844,64.87999725341797,64.23999786376953,64.56999969482422,57.7200927734375,230000,NDSN
2015-12-31,64.5,64.95999908447266,63.810001373291016,64.1500015258789,57.34464645385742,594500,NDSN
2016-01-04,63.4900016784668,64.13999938964844,62.540000915527344,63.349998474121094,56.629512786865234,341500,NDSN
2016-01-05,63.56999969482422,64.56999969482422,62.22999954223633,62.40999984741211,55.78922653198242,313500,NDSN
2016-01-06,61.5099983215332,61.95000076293945,60.43000030517578,60.72999954223633,54.2874641418457,455200,NDSN
2016-01-07,60.5,60.560001373291016,58.470001220703125,59.130001068115234,52.85720443725586,751600,NDSN
2016-01-08,59.380001068115234,59.40999984741211,57.720001220703125,57.86000061035156,51.72193145751953,685500,NDSN
2016-01-11,57.93000030517578,58.09000015258789,57.189998626708984,57.70000076293945,51.57890319824219,360400,NDSN
2016-01-12,58.290000915527344,58.540000915527344,57.029998779296875,57.83000183105469,51.69510269165039,262300,NDSN
2016-01-13,57.95000076293945,59.31999969482422,56.029998779296875,56.40999984741211,50.42573928833008,330600,NDSN
2016-01-14,56.599998474121094,56.91999816894531,55.7400016784668,56.25,50.28272247314453,523300,NDSN
2016-01-15,55.099998474121094,55.75,54.709999084472656,55.52000045776367,49.630165100097656,521800,NDSN
2016-01-19,55.849998474121094,56.11000061035156,54.40999984741211,54.900001525878906,49.07593536376953,358700,NDSN
2016-01-20,54.0,54.619998931884766,51.88999938964844,53.75,48.04792022705078,1264700,NDSN
2016-01-21,53.97999954223633,56.220001220703125,53.2400016784668,55.84000015258789,49.91621780395508,996300,NDSN
2016-01-22,56.959999084472656,58.099998474121094,56.40999984741211,57.119998931884766,51.060428619384766,442000,NDSN
2016-01-25,56.43000030517578,57.41999816894531,55.529998779296875,55.7400016784668,49.82682800292969,339900,NDSN
2016-01-26,56.119998931884766,58.40999984741211,55.9900016784668,58.16999816894531,51.9990234375,400500,NDSN
2016-01-27,57.900001525878906,60.099998474121094,57.380001068115234,58.220001220703125,52.043731689453125,475900,NDSN
2016-01-28,58.66999816894531,59.209999084472656,57.880001068115234,58.27000045776367,52.08842849731445,177700,NDSN
2016-01-29,58.36000061035156,60.58000183105469,58.36000061035156,60.43000030517578,54.01927947998047,589900,NDSN
2016-02-01,59.849998474121094,60.2599983215332,58.7599983215332,59.560001373291016,53.24156951904297,231500,NDSN
2016-02-02,58.709999084472656,58.790000915527344,57.29999923706055,57.43000030517578,51.337528228759766,195300,NDSN
2016-02-03,58.0099983215332,58.959999084472656,56.630001068115234,58.849998474121094,52.60689926147461,214400,NDSN
2016-02-04,58.650001525878906,61.130001068115234,58.41999816894531,59.84000015258789,53.491886138916016,258400,NDSN
2016-02-05,59.4900016784668,60.41999816894531,58.560001373291016,58.88999938964844,52.64265823364258,216300,NDSN
2016-02-08,58.06999969482422,58.47999954223633,57.400001525878906,58.34000015258789,52.15100860595703,312700,NDSN
2016-02-09,57.56999969482422,59.33000183105469,57.56999969482422,59.029998779296875,52.76780319213867,365700,NDSN
2016-02-10,59.150001525878906,60.58000183105469,59.150001525878906,59.720001220703125,53.38460159301758,370500,NDSN
2016-02-11,58.7599983215332,60.20000076293945,58.5099983215332,59.45000076293945,53.143245697021484,416300,NDSN
2016-02-12,60.25,61.59000015258789,60.11000061035156,61.40999984741211,54.89530944824219,208300,NDSN
2016-02-16,62.099998474121094,62.880001068115234,61.34000015258789,62.81999969482422,56.155738830566406,218200,NDSN
2016-02-17,63.08000183105469,64.6500015258789,63.08000183105469,64.37000274658203,57.541316986083984,274700,NDSN
2016-02-18,64.62000274658203,64.62000274658203,63.650001525878906,64.11000061035156,57.308895111083984,188700,NDSN
2016-02-19,63.2599983215332,64.0,62.5,63.84000015258789,57.2819709777832,299800,NDSN
2016-02-22,64.6500015258789,65.94000244140625,64.27999877929688,64.73999786376953,58.089534759521484,615400,NDSN
2016-02-23,68.69999694824219,71.3499984741211,68.08000183105469,69.68000030517578,62.522056579589844,926000,NDSN
2016-02-24,69.83999633789062,70.72000122070312,68.48999786376953,70.33000183105469,63.10528564453125,494000,NDSN
2016-02-25,70.51000213623047,70.97000122070312,69.56999969482422,70.63999938964844,63.383419036865234,328000,NDSN
2016-02-26,71.06999969482422,71.91000366210938,70.69000244140625,71.80000305175781,64.42426300048828,293400,NDSN
2016-02-29,71.62999725341797,72.23999786376953,70.76000213623047,71.66999816894531,64.30763244628906,360600,NDSN
2016-03-01,72.19999694824219,73.23999786376953,71.5199966430664,73.20999908447266,65.68943786621094,296900,NDSN
2016-03-02,72.80999755859375,73.47000122070312,72.04000091552734,73.41999816894531,65.87783813476562,196900,NDSN
2016-03-03,73.5,74.33000183105469,73.12000274658203,74.08000183105469,66.47005462646484,251700,NDSN
2016-03-04,74.05999755859375,75.30000305175781,73.23999786376953,74.93000030517578,67.23274993896484,338000,NDSN
2016-03-07,74.62999725341797,75.5,73.55000305175781,75.4800033569336,67.72624969482422,450000,NDSN
2016-03-08,75.20999908447266,75.52999877929688,73.27999877929688,73.51000213623047,65.95861053466797,283700,NDSN
2016-03-09,73.77999877929688,73.9000015258789,72.83999633789062,73.41000366210938,65.86888122558594,201400,NDSN
2016-03-10,73.56999969482422,74.06999969482422,72.5,73.56999969482422,66.01245880126953,280600,NDSN
2016-03-11,74.30999755859375,74.8499984741211,73.41999816894531,74.01000213623047,66.40725708007812,198200,NDSN
2016-03-14,73.62000274658203,74.22000122070312,73.12000274658203,73.8499984741211,66.26368713378906,158900,NDSN
2016-03-15,73.0999984741211,74.25,72.70999908447266,73.83000183105469,66.24573516845703,223800,NDSN
2016-03-16,73.69999694824219,75.31999969482422,73.41000366210938,75.16999816894531,67.44807434082031,210600,NDSN
2016-03-17,75.05000305175781,77.3499984741211,74.2300033569336,77.23999786376953,69.3054428100586,225000,NDSN
2016-03-18,76.72000122070312,77.9800033569336,76.72000122070312,77.61000061035156,69.63743591308594,660000,NDSN
2016-03-21,77.38999938964844,77.73999786376953,76.22000122070312,77.45999908447266,69.50284576416016,175300,NDSN
2016-03-22,76.87999725341797,77.70999908447266,76.72000122070312,77.37999725341797,69.43107604980469,226300,NDSN
2016-03-23,77.0999984741211,77.83000183105469,75.9000015258789,76.27999877929688,68.44406127929688,228500,NDSN
2016-03-24,75.91000366210938,76.77999877929688,75.05999755859375,76.7699966430664,68.88372039794922,185000,NDSN
2016-03-28,76.66000366210938,77.19000244140625,75.0199966430664,75.54000091552734,67.78005981445312,519300,NDSN
2016-03-29,75.23999786376953,77.0199966430664,75.0199966430664,76.95999908447266,69.05419921875,558400,NDSN
2016-03-30,77.4800033569336,77.88999938964844,76.29000091552734,76.33999633789062,68.49791717529297,243800,NDSN
2016-03-31,76.19999694824219,76.88999938964844,75.69000244140625,76.04000091552734,68.22869873046875,279700,NDSN
2016-04-01,75.4000015258789,76.5199966430664,74.72000122070312,76.41000366210938,68.56071472167969,220100,NDSN
2016-04-04,76.31999969482422,76.69000244140625,75.05999755859375,75.37999725341797,67.63651275634766,227700,NDSN
2016-04-05,74.88999938964844,75.23999786376953,74.41000366210938,74.70999908447266,67.03534698486328,230500,NDSN
2016-04-06,74.69000244140625,75.33999633789062,73.91999816894531,75.16999816894531,67.44807434082031,197200,NDSN
2016-04-07,74.7699966430664,74.94000244140625,73.80000305175781,74.3499984741211,66.71234130859375,247400,NDSN
2016-04-08,75.0199966430664,76.12000274658203,74.45999908447266,75.05000305175781,67.3404312133789,151400,NDSN
2016-04-11,75.43000030517578,76.44000244140625,74.93000030517578,75.19999694824219,67.47499084472656,157900,NDSN
2016-04-12,75.44999694824219,77.2300033569336,74.76000213623047,76.76000213623047,68.874755859375,287600,NDSN
2016-04-13,77.27999877929688,77.98999786376953,76.58000183105469,77.91999816894531,69.91558074951172,222400,NDSN
2016-04-14,77.79000091552734,77.94999694824219,77.2300033569336,77.58000183105469,69.61052703857422,136500,NDSN
2016-04-15,77.62999725341797,78.2300033569336,77.19999694824219,78.05000305175781,70.03224182128906,174000,NDSN
2016-04-18,77.6500015258789,78.41000366210938,77.6500015258789,78.02999877929688,70.0142822265625,116300,NDSN
2016-04-19,78.30000305175781,78.94000244140625,77.70999908447266,77.94999694824219,69.94248962402344,108500,NDSN
2016-04-20,77.91000366210938,78.77999877929688,77.45999908447266,78.48999786376953,70.42704772949219,265700,NDSN
2016-04-21,78.54000091552734,78.80999755859375,77.77999877929688,78.22000122070312,70.18478393554688,334000,NDSN
2016-04-22,78.41999816894531,79.16000366210938,78.06999969482422,78.98999786376953,70.87565612792969,229300,NDSN
2016-04-25,78.58000183105469,78.79000091552734,77.68000030517578,78.06999969482422,70.05017852783203,208000,NDSN
2016-04-26,78.37000274658203,79.5,78.0199966430664,79.41999816894531,71.26151275634766,212800,NDSN
2016-04-27,79.5199966430664,80.5,78.8499984741211,79.72000122070312,71.53068542480469,249000,NDSN
2016-04-28,79.77999877929688,79.9000015258789,77.13999938964844,77.3499984741211,69.40413665771484,296700,NDSN
2016-04-29,77.26000213623047,77.63999938964844,76.25,76.7300033569336,68.84785461425781,771100,NDSN
2016-05-02,76.80999755859375,77.88999938964844,76.33999633789062,77.7699966430664,69.78101348876953,167500,NDSN
2016-05-03,76.98999786376953,77.61000061035156,76.16999816894531,76.80999755859375,68.91961669921875,181400,NDSN
2016-05-04,76.4800033569336,77.30000305175781,75.5,75.5999984741211,67.83390045166016,269000,NDSN
2016-05-05,76.05000305175781,76.56999969482422,75.56999969482422,75.83000183105469,68.04027557373047,180900,NDSN
2016-05-06,75.5,76.27999877929688,75.27999877929688,76.18000030517578,68.35433197021484,254500,NDSN
2016-05-09,75.77999877929688,76.6500015258789,75.30999755859375,76.37000274658203,68.52481842041016,164500,NDSN
2016-05-10,76.41000366210938,77.7699966430664,76.0199966430664,77.7699966430664,69.78101348876953,204000,NDSN
2016-05-11,77.30999755859375,78.2699966430664,77.20999908447266,77.5999984741211,69.62847137451172,225000,NDSN
2016-05-12,77.80000305175781,78.58000183105469,77.16000366210938,78.1500015258789,70.12197875976562,212600,NDSN
2016-05-13,78.06999969482422,78.45999908447266,76.80999755859375,77.20999908447266,69.27851867675781,176800,NDSN
2016-05-16,77.26000213623047,78.41000366210938,77.26000213623047,77.66000366210938,69.68231964111328,190900,NDSN
2016-05-17,77.31999969482422,78.25,76.0999984741211,76.45999908447266,68.60559844970703,290100,NDSN
2016-05-18,76.26000213623047,77.52999877929688,75.5199966430664,75.93000030517578,68.1300277709961,275300,NDSN
2016-05-19,75.62999725341797,75.97000122070312,74.48999786376953,75.08000183105469,67.36734008789062,305500,NDSN
2016-05-20,75.12000274658203,76.05000305175781,75.12000274658203,75.73999786376953,67.95951843261719,396000,NDSN
2016-05-23,75.93000030517578,76.7300033569336,75.66000366210938,76.18000030517578,68.35433197021484,466000,NDSN
2016-05-24,83.73999786376953,87.87999725341797,81.76000213623047,87.61000061035156,78.61018371582031,1913600,NDSN
2016-05-25,87.41000366210938,88.91999816894531,86.9000015258789,87.87999725341797,79.06905364990234,720300,NDSN
2016-05-26,87.12000274658203,88.44999694824219,86.52999877929688,88.12999725341797,79.29398345947266,388500,NDSN
2016-05-27,87.38999938964844,89.19999694824219,87.18000030517578,88.47000122070312,79.59989166259766,479900,NDSN
2016-05-31,86.80000305175781,88.25,85.80000305175781,86.9800033569336,78.2592544555664,488000,NDSN
2016-06-01,86.2699966430664,87.30000305175781,85.61000061035156,87.02999877929688,78.30427551269531,345600,NDSN
2016-06-02,87.0199966430664,88.25,86.7300033569336,88.25,79.4019546508789,303200,NDSN
2016-06-03,88.20999908447266,88.20999908447266,86.93000030517578,87.87999725341797,79.06905364990234,283300,NDSN
2016-06-06,88.2300033569336,88.87000274658203,87.8499984741211,88.48999786376953,79.6178970336914,301800,NDSN
2016-06-07,88.6500015258789,88.87999725341797,87.83999633789062,87.95999908447266,79.14099884033203,739900,NDSN
2016-06-08,87.95999908447266,88.81999969482422,87.69000244140625,87.80000305175781,78.9970474243164,531600,NDSN
2016-06-09,87.01000213623047,88.55999755859375,86.69999694824219,86.95999908447266,78.24127197265625,476400,NDSN
2016-06-10,86.2699966430664,86.6500015258789,84.75,84.87999725341797,76.36982727050781,417400,NDSN
2016-06-13,84.75,86.29000091552734,84.72000122070312,84.8499984741211,76.34283447265625,319000,NDSN
2016-06-14,84.38999938964844,85.16999816894531,84.26000213623047,84.9000015258789,76.3878173828125,214900,NDSN
2016-06-15,85.54000091552734,88.0,84.80000305175781,85.0,76.47779083251953,216200,NDSN
2016-06-16,84.33999633789062,85.44999694824219,83.37999725341797,84.58000183105469,76.09989929199219,214400,NDSN
2016-06-17,84.80000305175781,85.19000244140625,84.08999633789062,84.66000366210938,76.1718978881836,342300,NDSN
2016-06-20,85.95999908447266,87.5199966430664,85.04000091552734,86.0999984741211,77.46749877929688,168900,NDSN
2016-06-21,85.94999694824219,86.0999984741211,84.97000122070312,85.18000030517578,76.6397476196289,138700,NDSN
2016-06-22,85.48999786376953,87.83999633789062,84.94000244140625,84.95999908447266,76.44181060791016,142200,NDSN
2016-06-23,85.93000030517578,87.4000015258789,85.93000030517578,87.37000274658203,78.61019897460938,296000,NDSN
2016-06-24,83.83000183105469,84.63999938964844,81.02999877929688,81.08000183105469,72.95083618164062,547800,NDSN
2016-06-27,79.72000122070312,79.72000122070312,78.16000366210938,78.68000030517578,70.79144287109375,393600,NDSN
2016-06-28,79.68000030517578,80.45999908447266,79.16000366210938,80.12000274658203,72.08706665039062,285900,NDSN
2016-06-29,81.29000091552734,82.19000244140625,80.68000030517578,81.58000183105469,73.40069580078125,231300,NDSN
2016-06-30,81.81999969482422,83.61000061035156,81.69000244140625,83.61000061035156,75.2271499633789,269100,NDSN
2016-07-01,83.70999908447266,84.93000030517578,83.16000366210938,84.7300033569336,76.23489379882812,298100,NDSN
2016-07-05,83.95999908447266,84.6500015258789,81.75,82.58000183105469,74.30043029785156,164900,NDSN
2016-07-06,82.02999877929688,83.91999816894531,81.4800033569336,83.80999755859375,75.4071044921875,246900,NDSN
2016-07-07,84.16999816894531,84.91000366210938,83.0999984741211,83.87999725341797,75.47010040283203,156200,NDSN
2016-07-08,84.58000183105469,85.9000015258789,84.58000183105469,85.87999725341797,77.26956939697266,228500,NDSN
2016-07-11,86.25,86.88999938964844,86.1500015258789,86.5,77.82738494873047,130400,NDSN
2016-07-12,87.0,88.08000183105469,86.83000183105469,87.55999755859375,78.78113555908203,234200,NDSN
2016-07-13,87.62000274658203,87.66999816894531,86.27999877929688,86.41999816894531,77.75540924072266,204500,NDSN
2016-07-14,87.0999984741211,87.69000244140625,86.47000122070312,86.4800033569336,77.8094253540039,179500,NDSN
2016-07-15,86.94000244140625,87.11000061035156,86.43000030517578,86.69000244140625,77.99835205078125,107100,NDSN
2016-07-18,86.73999786376953,86.73999786376953,86.0999984741211,86.41999816894531,77.75540924072266,97700,NDSN
2016-07-19,86.38999938964844,86.56999969482422,85.72000122070312,86.0,77.37752532958984,94700,NDSN
2016-07-20,86.16000366210938,86.86000061035156,85.83000183105469,86.68000030517578,77.98933410644531,167900,NDSN
2016-07-21,86.26000213623047,87.20999908447266,85.97000122070312,86.6500015258789,77.9623794555664,202700,NDSN
2016-07-22,86.66000366210938,88.13999938964844,85.93000030517578,88.12000274658203,79.28498077392578,187800,NDSN
2016-07-25,88.0,88.16999816894531,86.95999908447266,87.30000305175781,78.54718780517578,123500,NDSN
2016-07-26,87.30999755859375,88.62000274658203,87.02999877929688,88.58000183105469,79.69888305664062,172900,NDSN
2016-07-27,88.69000244140625,89.41999816894531,88.08999633789062,88.87000274658203,79.95978546142578,214600,NDSN
2016-07-28,88.69000244140625,88.95999908447266,88.04000091552734,88.41999816894531,79.55490112304688,124100,NDSN
2016-07-29,88.55999755859375,88.7699966430664,87.51000213623047,88.29000091552734,79.43794250488281,246100,NDSN
2016-08-01,88.1500015258789,88.62999725341797,87.62999725341797,88.30000305175781,79.44695281982422,133600,NDSN
2016-08-02,88.2300033569336,88.83000183105469,87.76000213623047,87.94999694824219,79.13203430175781,246400,NDSN
2016-08-03,88.06999969482422,88.66000366210938,87.76000213623047,88.30999755859375,79.4559326171875,152400,NDSN
2016-08-04,88.25,89.83000183105469,88.13999938964844,88.80000305175781,79.89679718017578,189800,NDSN
2016-08-05,89.37000274658203,90.63999938964844,88.91999816894531,90.38999938964844,81.32740783691406,187700,NDSN
2016-08-08,90.61000061035156,91.22000122070312,90.16999816894531,90.77999877929688,81.67830657958984,152600,NDSN
2016-08-09,90.98999786376953,90.98999786376953,89.81999969482422,90.38999938964844,81.32740783691406,160100,NDSN
2016-08-10,90.69000244140625,90.86000061035156,89.9800033569336,90.79000091552734,81.68729400634766,137200,NDSN
2016-08-11,90.97000122070312,91.54000091552734,90.62999725341797,91.29000091552734,82.13716125488281,170700,NDSN
2016-08-12,91.37999725341797,91.37999725341797,90.19000244140625,90.58999633789062,81.50731658935547,169800,NDSN
2016-08-15,90.93000030517578,91.4800033569336,90.5999984741211,91.0199966430664,81.89423370361328,222700,NDSN
2016-08-16,90.91000366210938,91.25,90.19000244140625,90.38999938964844,81.32740783691406,121700,NDSN
2016-08-17,90.52999877929688,90.7699966430664,89.87000274658203,90.0999984741211,81.06645965576172,130900,NDSN
2016-08-18,89.94999694824219,91.31999969482422,89.94999694824219,91.1500015258789,82.01118469238281,176100,NDSN
2016-08-19,90.73999786376953,92.30999755859375,90.38999938964844,92.19999694824219,83.20236206054688,289500,NDSN
2016-08-22,91.98999786376953,92.91000366210938,90.13999938964844,92.25,83.24749755859375,698900,NDSN
2016-08-23,97.0,102.19999694824219,96.16000366210938,101.95999908447266,92.0099105834961,1745300,NDSN
2016-08-24,101.56999969482422,101.87999725341797,99.12000274658203,99.9800033569336,90.22315216064453,439100,NDSN
2016-08-25,99.0,100.19000244140625,98.77999877929688,100.08000183105469,90.31342315673828,334900,NDSN
2016-08-26,99.83000183105469,100.8499984741211,99.01000213623047,99.55999755859375,89.84413146972656,224100,NDSN
2016-08-29,99.87999725341797,100.83999633789062,99.44000244140625,99.76000213623047,90.02461242675781,300600,NDSN
2016-08-30,99.9800033569336,100.0,98.48999786376953,99.13999938964844,89.46510314941406,362300,NDSN
2016-08-31,98.83000183105469,99.33999633789062,98.16000366210938,98.7300033569336,89.0951156616211,196300,NDSN
2016-09-01,99.06999969482422,99.2699966430664,98.01000213623047,99.19000244140625,89.51022338867188,237100,NDSN
2016-09-02,99.8499984741211,100.58999633789062,99.58999633789062,100.56999969482422,90.75557708740234,243900,NDSN
2016-09-06,100.56999969482422,101.44999694824219,99.38999938964844,100.01000213623047,90.2502212524414,279500,NDSN
2016-09-07,100.13999938964844,101.9800033569336,99.80000305175781,99.9000015258789,90.15096282958984,333600,NDSN
2016-09-08,99.91999816894531,99.91999816894531,98.87000274658203,99.08000183105469,89.41097259521484,162900,NDSN
2016-09-09,97.9800033569336,98.01000213623047,95.87000274658203,95.93000030517578,86.56838989257812,196800,NDSN
2016-09-12,96.22000122070312,97.70999908447266,94.9000015258789,97.63999938964844,88.11149597167969,196000,NDSN
2016-09-13,96.9800033569336,98.62000274658203,95.0199966430664,95.30000305175781,85.99986267089844,207900,NDSN
2016-09-14,95.56999969482422,96.20999908447266,94.55999755859375,95.2699966430664,85.9727783203125,260100,NDSN
2016-09-15,95.43000030517578,97.20999908447266,95.16999816894531,96.86000061035156,87.40763092041016,204500,NDSN
2016-09-16,96.16999816894531,96.77999877929688,95.37999725341797,96.27999877929688,86.88420104980469,481400,NDSN
2016-09-19,97.02999877929688,98.31999969482422,97.01000213623047,97.52999877929688,88.01224517822266,152400,NDSN
2016-09-20,98.19999694824219,98.19999694824219,97.0,97.05000305175781,87.5790786743164,197500,NDSN
2016-09-21,97.54000091552734,98.80000305175781,97.30999755859375,98.75,89.11317443847656,194800,NDSN
2016-09-22,99.77999877929688,101.19000244140625,99.05000305175781,100.98999786376953,91.13457489013672,280000,NDSN
2016-09-23,100.29000091552734,100.5,98.30000305175781,98.43000030517578,88.82440948486328,194000,NDSN
2016-09-26,97.7300033569336,98.80000305175781,97.12999725341797,97.94000244140625,88.38223266601562,121300,NDSN
2016-09-27,98.04000091552734,99.08999633789062,97.44999694824219,99.05000305175781,89.38389587402344,148100,NDSN
2016-09-28,99.33999633789062,100.44999694824219,98.62999725341797,100.27999877929688,90.49386596679688,167300,NDSN
2016-09-29,99.86000061035156,100.4000015258789,98.83999633789062,99.38999938964844,89.69071197509766,178900,NDSN
2016-09-30,100.0,100.08999633789062,99.13999938964844,99.62999725341797,89.90730285644531,263500,NDSN
2016-10-03,99.87000274658203,100.18000030517578,98.91000366210938,99.01000213623047,89.3478012084961,290100,NDSN
2016-10-04,99.2300033569336,99.76000213623047,98.1500015258789,98.69999694824219,89.06805419921875,183100,NDSN
2016-10-05,99.37999725341797,100.66000366210938,97.97000122070312,100.25,90.466796875,162200,NDSN
2016-10-06,99.95999908447266,100.76000213623047,98.81999969482422,100.58999633789062,90.77361297607422,134700,NDSN
2016-10-07,100.63999938964844,101.97000122070312,98.7300033569336,99.04000091552734,89.37487030029297,309900,NDSN
2016-10-10,99.58999633789062,100.6500015258789,98.5,98.56999969482422,88.95072937011719,118700,NDSN
2016-10-11,98.41000366210938,98.41000366210938,96.41000366210938,97.05000305175781,87.5790786743164,149500,NDSN
2016-10-12,97.37999725341797,98.0199966430664,96.62000274658203,97.43000030517578,87.92196655273438,131600,NDSN
2016-10-13,96.4000015258789,96.43000030517578,95.45999908447266,95.76000213623047,86.41497802734375,232700,NDSN
2016-10-14,96.05999755859375,97.22000122070312,95.91999816894531,96.0999984741211,86.72179412841797,199000,NDSN
2016-10-17,96.02999877929688,96.58000183105469,95.3499984741211,96.05999755859375,86.68568420410156,163900,NDSN
2016-10-18,97.11000061035156,97.11000061035156,96.0999984741211,96.29000091552734,86.89324188232422,168400,NDSN
2016-10-19,96.2300033569336,100.79000091552734,96.01000213623047,100.51000213623047,90.70142364501953,599100,NDSN
2016-10-20,100.0999984741211,101.11000061035156,99.69999694824219,100.5,90.6923828125,402600,NDSN
2016-10-21,99.52999877929688,100.62999725341797,99.4000015258789,100.45999908447266,90.65629577636719,224800,NDSN
2016-10-24,100.9000015258789,102.56999969482422,100.18000030517578,100.8499984741211,91.00821685791016,188900,NDSN
2016-10-25,100.51000213623047,101.23999786376953,99.7699966430664,100.3499984741211,90.5570068359375,243400,NDSN
2016-10-26,99.66000366210938,101.30000305175781,99.66000366210938,100.33999633789062,90.54801177978516,201000,NDSN
2016-10-27,100.48999786376953,100.95999908447266,99.18000030517578,99.63999938964844,89.91631317138672,223100,NDSN
2016-10-28,99.70999908447266,100.80999755859375,98.7699966430664,98.91000366210938,89.25757598876953,273200,NDSN
2016-10-31,99.23999786376953,100.5199966430664,98.68000030517578,100.12999725341797,90.35848236083984,486900,NDSN
2016-11-01,100.55000305175781,100.55000305175781,96.98999786376953,97.43000030517578,87.92196655273438,180800,NDSN
2016-11-02,97.0199966430664,97.94999694824219,96.68000030517578,96.88999938964844,87.4346923828125,150400,NDSN
2016-11-03,97.26000213623047,99.3499984741211,96.58999633789062,96.95999908447266,87.49784088134766,101600,NDSN
2016-11-04,97.05999755859375,97.80999755859375,96.05000305175781,96.43000030517578,87.01958465576172,199800,NDSN
2016-11-07,98.16000366210938,99.4800033569336,98.05000305175781,99.30999755859375,89.61852264404297,229900,NDSN
2016-11-08,98.86000061035156,100.58999633789062,98.0199966430664,99.87999725341797,90.13289642333984,172900,NDSN
2016-11-09,99.0199966430664,101.2699966430664,96.3499984741211,100.95999908447266,91.10749816894531,387400,NDSN
2016-11-10,102.20999908447266,103.8499984741211,100.76000213623047,103.2699966430664,93.19208526611328,348200,NDSN
2016-11-11,103.37000274658203,106.0,103.37000274658203,105.66000366210938,95.34883880615234,371400,NDSN
2016-11-14,106.80999755859375,108.12999725341797,106.80999755859375,107.70999908447266,97.19877624511719,285000,NDSN
2016-11-15,108.22000122070312,108.22000122070312,107.0999984741211,107.98999786376953,97.45146942138672,162600,NDSN
2016-11-16,108.05000305175781,108.68000030517578,106.9000015258789,108.06999969482422,97.52364349365234,149800,NDSN
2016-11-17,108.27999877929688,108.69000244140625,106.6500015258789,107.41999816894531,96.93708038330078,210400,NDSN
2016-11-18,107.33000183105469,107.33000183105469,105.45999908447266,106.69999694824219,96.28734588623047,166500,NDSN
2016-11-21,107.4800033569336,108.1500015258789,106.87999725341797,107.6500015258789,97.1446304321289,153400,NDSN
2016-11-22,108.0,108.91999816894531,107.33999633789062,108.86000061035156,98.23656463623047,135800,NDSN
2016-11-23,108.30000305175781,109.98999786376953,108.30000305175781,109.86000061035156,99.13896179199219,270500,NDSN
2016-11-25,109.79000091552734,110.6500015258789,109.26000213623047,110.55999755859375,99.77066802978516,111700,NDSN
2016-11-28,109.51000213623047,109.69999694824219,108.2699966430664,108.43000030517578,97.8485107421875,291000,NDSN
2016-11-29,108.0,108.5199966430664,107.55000305175781,107.62000274658203,97.1175537109375,151400,NDSN
2016-11-30,107.77999877929688,108.88999938964844,106.7300033569336,106.7300033569336,96.31442260742188,192200,NDSN
2016-12-01,107.31999969482422,108.44999694824219,106.66000366210938,107.12999725341797,96.67538452148438,314600,NDSN
2016-12-02,107.25,107.38999938964844,105.8499984741211,106.04000091552734,95.69175720214844,233500,NDSN
2016-12-05,106.4800033569336,108.08000183105469,105.80999755859375,107.44000244140625,96.95512390136719,203100,NDSN
2016-12-06,107.31999969482422,109.5,107.08000183105469,109.41000366210938,98.73289489746094,199000,NDSN
2016-12-07,109.1500015258789,110.20999908447266,107.4800033569336,109.75,99.0396957397461,238600,NDSN
2016-12-08,110.27999877929688,110.4000015258789,108.7300033569336,109.52999877929688,98.8411865234375,200000,NDSN
2016-12-09,109.83000183105469,110.43000030517578,106.5199966430664,106.6500015258789,96.24223327636719,382600,NDSN
2016-12-12,106.01000213623047,106.87999725341797,104.80000305175781,104.94000244140625,94.69908905029297,319000,NDSN
2016-12-13,104.62000274658203,105.73999786376953,103.76000213623047,104.54000091552734,94.338134765625,742800,NDSN
2016-12-14,110.55999755859375,114.41999816894531,108.94000244140625,110.37999725341797,99.86617279052734,1659400,NDSN
2016-12-15,110.7699966430664,114.05999755859375,109.55999755859375,113.91000366210938,103.05992889404297,508500,NDSN
2016-12-16,114.79000091552734,114.93000030517578,112.37999725341797,112.48999786376953,101.7751693725586,963400,NDSN
2016-12-19,112.44999694824219,114.80000305175781,112.0199966430664,114.12000274658203,103.24992370605469,358800,NDSN
2016-12-20,114.08000183105469,115.18000030517578,114.08000183105469,114.62999725341797,103.71133422851562,207000,NDSN
2016-12-21,114.22000122070312,115.69000244140625,113.66000366210938,114.98999786376953,104.03704071044922,294700,NDSN
2016-12-22,115.16999816894531,115.27999877929688,113.37000274658203,114.4000015258789,103.50323486328125,244500,NDSN
2016-12-23,114.36000061035156,115.04000091552734,113.19000244140625,114.44999694824219,103.54846954345703,185800,NDSN
2016-12-27,114.22000122070312,115.5999984741211,113.80000305175781,114.08000183105469,103.2137222290039,174600,NDSN
2016-12-28,113.86000061035156,115.20999908447266,112.4000015258789,112.5199966430664,101.80229949951172,152400,NDSN
2016-12-29,112.94000244140625,113.18000030517578,111.81999969482422,112.91000366210938,102.15518188476562,151000,NDSN
2016-12-30,113.5199966430664,113.7699966430664,111.93000030517578,112.05000305175781,101.37711334228516,259600,NDSN
2017-01-03,113.5199966430664,114.93000030517578,112.06999969482422,113.41999816894531,102.6165771484375,233900,NDSN
2017-01-04,113.58999633789062,116.01000213623047,113.45999908447266,115.94000244140625,104.89653778076172,363500,NDSN
2017-01-05,114.18000030517578,115.51000213623047,111.12000274658203,111.41000366210938,100.79804229736328,467600,NDSN
2017-01-06,111.06999969482422,113.31999969482422,111.0,111.91999816894531,101.25948333740234,276600,NDSN
2017-01-09,111.19999694824219,111.30999755859375,110.06999969482422,110.23999786376953,99.73948669433594,269600,NDSN
2017-01-10,110.7699966430664,113.5,110.43000030517578,112.5,101.7842025756836,305900,NDSN
2017-01-11,112.88999938964844,114.8499984741211,112.80999755859375,114.5,103.59369659423828,290600,NDSN
2017-01-12,114.18000030517578,114.18000030517578,109.88999938964844,112.26000213623047,101.56707000732422,319900,NDSN
2017-01-13,112.87000274658203,114.4000015258789,112.5199966430664,113.55999755859375,102.74324035644531,253400,NDSN
2017-01-17,112.44000244140625,112.93000030517578,110.75,111.41000366210938,100.79804229736328,180300,NDSN
2017-01-18,111.5199966430664,112.73999786376953,111.08000183105469,111.8499984741211,101.1961669921875,268500,NDSN
2017-01-19,112.0199966430664,112.37000274658203,110.87000274658203,111.66999816894531,101.03327178955078,173400,NDSN
2017-01-20,111.66999816894531,112.55000305175781,110.95999908447266,111.3499984741211,100.7437515258789,172100,NDSN
2017-01-23,111.19999694824219,112.43000030517578,110.41000366210938,111.44000244140625,100.8251724243164,138700,NDSN
2017-01-24,112.12000274658203,114.02999877929688,111.68000030517578,113.73999786376953,102.90608215332031,188900,NDSN
2017-01-25,114.4800033569336,115.83999633789062,112.08000183105469,115.58000183105469,104.57084655761719,191700,NDSN
2017-01-26,115.79000091552734,115.79000091552734,114.54000091552734,115.25,104.27227783203125,213300,NDSN
2017-01-27,115.58000183105469,115.69999694824219,113.62999725341797,114.97000122070312,104.01895904541016,221600,NDSN
2017-01-30,114.08000183105469,114.83000183105469,112.01000213623047,114.66999816894531,103.7475357055664,212500,NDSN
2017-01-31,114.26000213623047,115.26000213623047,112.27999877929688,113.52999877929688,102.71609497070312,390800,NDSN
2017-02-01,115.06999969482422,115.81999969482422,112.2300033569336,113.73999786376953,102.90608215332031,293000,NDSN
2017-02-02,113.8499984741211,113.91999816894531,112.25,113.3499984741211,102.55326843261719,202400,NDSN
2017-02-03,114.33999633789062,115.41999816894531,113.36000061035156,115.26000213623047,104.28132629394531,148100,NDSN
2017-02-06,114.66999816894531,115.47000122070312,112.63999938964844,114.05000305175781,103.18657684326172,177300,NDSN
2017-02-07,114.1500015258789,114.41999816894531,112.5999984741211,113.52999877929688,102.71609497070312,194400,NDSN
2017-02-08,113.36000061035156,114.4000015258789,112.7699966430664,113.6500015258789,102.82469177246094,133300,NDSN
2017-02-09,114.2699966430664,115.19999694824219,113.54000091552734,114.91999816894531,103.97372436523438,252700,NDSN
2017-02-10,115.04000091552734,116.58999633789062,114.69999694824219,116.47000122070312,105.37606048583984,206200,NDSN
2017-02-13,117.0,118.0,116.45999908447266,117.12999725341797,105.97322082519531,279700,NDSN
2017-02-14,116.91000366210938,116.91000366210938,115.66999816894531,116.5199966430664,105.42130279541016,155500,NDSN
2017-02-15,117.13999938964844,120.4000015258789,117.13999938964844,119.93000030517578,108.50650024414062,363800,NDSN
2017-02-16,117.81999969482422,120.91000366210938,117.79000091552734,119.18000030517578,108.07124328613281,240400,NDSN
2017-02-17,118.62999725341797,120.22000122070312,118.0199966430664,119.94999694824219,108.76947021484375,291200,NDSN
2017-02-21,120.5,120.7300033569336,117.87000274658203,120.04000091552734,108.85107421875,670800,NDSN
2017-02-22,119.30999755859375,120.43000030517578,118.08999633789062,120.30999755859375,109.09589385986328,225700,NDSN
2017-02-23,120.95999908447266,120.95999908447266,118.19999694824219,119.19000244140625,108.08031463623047,306300,NDSN
2017-02-24,118.01000213623047,120.77999877929688,118.01000213623047,120.5999984741211,109.35890197753906,240100,NDSN
2017-02-27,120.33999633789062,121.95999908447266,119.98999786376953,121.7300033569336,110.3835678100586,239000,NDSN
2017-02-28,121.4000015258789,121.81999969482422,120.01000213623047,120.04000091552734,108.85107421875,342400,NDSN
2017-03-01,121.80000305175781,124.80000305175781,121.80000305175781,124.70999908447266,113.08578491210938,377400,NDSN
2017-03-02,124.43000030517578,124.43000030517578,122.5,123.75,112.21527862548828,640700,NDSN
2017-03-03,123.95999908447266,125.11000061035156,123.80999755859375,125.02999877929688,113.37598419189453,386200,NDSN
2017-03-06,124.05999755859375,124.94999694824219,123.01000213623047,124.77999877929688,113.1492919921875,224200,NDSN
2017-03-07,124.52999877929688,124.8499984741211,123.12000274658203,124.37000274658203,112.77747344970703,186200,NDSN
2017-03-08,124.70999908447266,125.12999725341797,123.83000183105469,124.19999694824219,112.62330627441406,205500,NDSN
2017-03-09,124.0,124.7300033569336,123.54000091552734,123.93000030517578,112.37852478027344,402800,NDSN
2017-03-10,124.51000213623047,125.05000305175781,122.62000274658203,124.27999877929688,112.69586181640625,254500,NDSN
2017-03-13,124.27999877929688,125.95999908447266,124.05999755859375,125.87999725341797,114.14673614501953,270800,NDSN
2017-03-14,125.36000061035156,125.6500015258789,124.44999694824219,125.26000213623047,113.58451843261719,119800,NDSN
2017-03-15,126.05999755859375,127.12000274658203,125.0,126.83000183105469,115.00819396972656,301300,NDSN
2017-03-16,127.5,127.5,125.94000244140625,126.77999877929688,114.96281433105469,157200,NDSN
2017-03-17,126.72000122070312,126.72000122070312,125.22000122070312,126.22000122070312,114.45502471923828,626500,NDSN
2017-03-20,125.81999969482422,126.44999694824219,124.91000366210938,125.26000213623047,113.58451843261719,118600,NDSN
2017-03-21,125.7699966430664,125.87000274658203,121.7699966430664,122.05999755859375,110.68281555175781,257800,NDSN
2017-03-22,121.38999938964844,122.58999633789062,120.47000122070312,122.31999969482422,110.9185562133789,244500,NDSN
2017-03-23,122.12999725341797,123.27999877929688,121.16999816894531,123.02999877929688,111.5623779296875,238700,NDSN
2017-03-24,123.30999755859375,124.43000030517578,121.9800033569336,122.3499984741211,110.94576263427734,299200,NDSN
2017-03-27,120.5,121.79000091552734,118.80000305175781,121.2699966430664,109.96642303466797,239900,NDSN
2017-03-28,121.08999633789062,123.04000091552734,120.66000366210938,122.51000213623047,111.09086608886719,189300,NDSN
2017-03-29,122.45999908447266,122.98999786376953,121.55000305175781,122.27999877929688,110.88227844238281,264900,NDSN
2017-03-30,122.47000122070312,123.83999633789062,120.69999694824219,123.13999938964844,111.6621322631836,167800,NDSN
2017-03-31,123.08999633789062,123.52999877929688,122.4800033569336,122.83999633789062,111.39008331298828,339900,NDSN
2017-04-03,123.29000091552734,124.3499984741211,121.51000213623047,122.08999633789062,110.70999145507812,466400,NDSN
2017-04-04,121.88999938964844,123.55000305175781,121.87000274658203,122.52999877929688,111.10897064208984,341200,NDSN
2017-04-05,123.2300033569336,124.01000213623047,120.7300033569336,121.0,109.72159576416016,330800,NDSN
2017-04-06,121.13999938964844,122.5999984741211,120.7300033569336,121.91000366210938,110.54676818847656,169100,NDSN
2017-04-07,121.36000061035156,122.77999877929688,121.36000061035156,122.22000122070312,110.827880859375,196500,NDSN
2017-04-10,122.72000122070312,122.97000122070312,121.33000183105469,122.0,110.6283950805664,210100,NDSN
2017-04-11,121.7300033569336,123.0,121.19999694824219,123.0,111.53519439697266,282600,NDSN
2017-04-12,123.1500015258789,123.1500015258789,119.73999786376953,120.08000183105469,108.8873519897461,298200,NDSN
2017-04-13,120.0199966430664,120.62999725341797,118.7699966430664,118.94999694824219,107.8626708984375,180000,NDSN
2017-04-17,119.52999877929688,120.5999984741211,119.01000213623047,120.2300033569336,109.02339172363281,338300,NDSN
2017-04-18,120.0,121.0999984741211,119.22000122070312,120.80999755859375,109.54933166503906,224600,NDSN
2017-04-19,121.44999694824219,121.94000244140625,120.69999694824219,121.08000183105469,109.79412841796875,209500,NDSN
2017-04-20,121.76000213623047,122.48999786376953,121.26000213623047,121.66999816894531,110.32915496826172,257100,NDSN
2017-04-21,122.38999938964844,122.38999938964844,121.04000091552734,121.48999786376953,110.16595458984375,194100,NDSN
2017-04-24,123.7699966430664,124.1500015258789,122.63999938964844,123.3499984741211,111.8525619506836,209000,NDSN
2017-04-25,124.2300033569336,125.30000305175781,123.0,123.16999816894531,111.68932342529297,381300,NDSN
2017-04-26,123.19000244140625,125.7300033569336,120.55999755859375,125.13999938964844,113.47571563720703,236900,NDSN
2017-04-27,125.25,126.55999755859375,124.43000030517578,125.62999725341797,113.92001342773438,173700,NDSN
2017-04-28,125.51000213623047,126.0199966430664,124.4800033569336,125.19999694824219,113.53012084960938,316800,NDSN
2017-05-01,125.45999908447266,127.30000305175781,124.52999877929688,125.80999755859375,114.08325958251953,207900,NDSN
2017-05-02,125.75,126.54000091552734,123.83999633789062,126.45999908447266,114.67267608642578,223000,NDSN
2017-05-03,126.13999938964844,126.81999969482422,124.66000366210938,126.66999816894531,114.86310577392578,179900,NDSN
2017-05-04,126.68000030517578,128.0,125.95999908447266,127.88999938964844,115.96939086914062,180100,NDSN
2017-05-05,128.0399932861328,129.49000549316406,127.23999786376953,128.3699951171875,116.4046630859375,189200,NDSN
2017-05-08,128.39999389648438,129.72000122070312,127.72000122070312,127.98999786376953,116.06005096435547,216600,NDSN
2017-05-09,128.25999450683594,129.0,127.5199966430664,128.0800018310547,116.14164733886719,227700,NDSN
2017-05-10,128.11000061035156,130.61000061035156,127.7300033569336,130.49000549316406,118.32704162597656,288800,NDSN
2017-05-11,130.13999938964844,130.3300018310547,127.94000244140625,129.9499969482422,117.8373794555664,171200,NDSN
2017-05-12,129.55999755859375,129.8300018310547,128.0399932861328,129.30999755859375,117.25702667236328,104800,NDSN
2017-05-15,129.88999938964844,130.5800018310547,129.5,129.75999450683594,117.66508483886719,157300,NDSN
2017-05-16,130.35000610351562,131.39999389648438,129.8300018310547,131.0399932861328,118.82577514648438,196400,NDSN
2017-05-17,129.3300018310547,129.80999755859375,127.5199966430664,127.66000366210938,115.76080322265625,133400,NDSN
2017-05-18,126.97000122070312,128.5800018310547,119.83999633789062,127.75,115.84242248535156,175700,NDSN
2017-05-19,128.32000732421875,129.86000061035156,127.66000366210938,129.3000030517578,117.24795532226562,180100,NDSN
2017-05-22,129.89999389648438,131.49000549316406,128.8800048828125,131.05999755859375,118.8438949584961,325200,NDSN
2017-05-23,129.9499969482422,129.9499969482422,120.0999984741211,121.70999908447266,110.36541748046875,1224800,NDSN
2017-05-24,122.0199966430664,123.41999816894531,120.9000015258789,121.0199966430664,109.73975372314453,576200,NDSN
2017-05-25,121.08999633789062,122.37999725341797,119.33999633789062,120.20999908447266,109.24894714355469,332700,NDSN
2017-05-26,119.8499984741211,120.97000122070312,118.44000244140625,119.52999877929688,108.63097381591797,223700,NDSN
2017-05-30,119.06999969482422,119.75,117.95999908447266,118.68000030517578,107.85847473144531,242500,NDSN
2017-05-31,118.81999969482422,118.93000030517578,115.86000061035156,115.87999725341797,105.31378936767578,434400,NDSN
2017-06-01,116.13999938964844,117.43000030517578,115.48999786376953,117.43000030517578,106.72245788574219,460600,NDSN
2017-06-02,118.08999633789062,118.80000305175781,116.51000213623047,117.3499984741211,106.64974212646484,503300,NDSN
2017-06-05,117.37999725341797,117.47000122070312,116.19999694824219,116.70999908447266,106.06809997558594,392400,NDSN
2017-06-06,116.33999633789062,116.69999694824219,114.86000061035156,115.80999755859375,105.25016021728516,494600,NDSN
2017-06-07,116.0,116.0,113.69000244140625,114.27999877929688,103.85968780517578,301400,NDSN
2017-06-08,114.66000366210938,116.30999755859375,114.06999969482422,115.7300033569336,105.1774673461914,374300,NDSN
2017-06-09,115.91999816894531,117.1500015258789,115.05000305175781,115.29000091552734,104.77760314941406,294800,NDSN
2017-06-12,115.12999725341797,115.7300033569336,113.87000274658203,115.51000213623047,104.9775161743164,539900,NDSN
2017-06-13,116.05000305175781,117.43000030517578,115.44999694824219,117.12999725341797,106.4498291015625,545900,NDSN
2017-06-14,117.22000122070312,117.47000122070312,115.55999755859375,116.30000305175781,105.69551849365234,677100,NDSN
2017-06-15,115.6500015258789,118.41999816894531,115.6500015258789,117.72000122070312,106.98603057861328,675500,NDSN
2017-06-16,117.83000183105469,118.62999725341797,116.80000305175781,117.70999908447266,106.97694396972656,667200,NDSN
2017-06-19,117.91000366210938,119.22000122070312,117.91000366210938,119.13999938964844,108.27656555175781,573600,NDSN
2017-06-20,118.76000213623047,119.31999969482422,118.08000183105469,118.7699966430664,107.94027709960938,495800,NDSN
2017-06-21,118.87999725341797,119.37999725341797,117.87000274658203,118.66999816894531,107.8493881225586,504200,NDSN
2017-06-22,118.66000366210938,120.19000244140625,117.86000061035156,120.12000274658203,109.1672134399414,522100,NDSN
2017-06-23,120.12000274658203,122.6500015258789,119.18000030517578,121.83000183105469,110.72126007080078,762700,NDSN
2017-06-26,122.11000061035156,122.2699966430664,121.11000061035156,122.05000305175781,110.92121887207031,526700,NDSN
2017-06-27,122.16000366210938,122.23999786376953,120.45999908447266,120.47000122070312,109.48528289794922,474500,NDSN
2017-06-28,121.12999725341797,122.02999877929688,115.38999938964844,121.12999725341797,110.0850830078125,311200,NDSN
2017-06-29,121.12999725341797,121.1500015258789,118.41000366210938,119.06999969482422,108.21293640136719,531300,NDSN
2017-06-30,119.66000366210938,122.25,119.54000091552734,121.31999969482422,110.25775909423828,319200,NDSN
2017-07-03,121.91000366210938,122.1500015258789,120.20999908447266,120.23999786376953,109.2762451171875,177700,NDSN
2017-07-05,121.12000274658203,121.9000015258789,120.16000366210938,120.86000061035156,109.83971405029297,390800,NDSN
2017-07-06,120.2300033569336,121.5199966430664,118.41999816894531,119.30000305175781,108.4219741821289,798200,NDSN
2017-07-07,119.41000366210938,121.01000213623047,119.23999786376953,120.75,109.73973846435547,313300,NDSN
2017-07-10,120.3499984741211,121.56999969482422,120.04000091552734,120.55000305175781,109.55799102783203,362800,NDSN
2017-07-11,120.45999908447266,122.87999725341797,119.66999816894531,122.80999755859375,111.61189270019531,461800,NDSN
2017-07-12,123.26000213623047,124.3499984741211,123.1500015258789,123.20999908447266,111.97541809082031,241400,NDSN
2017-07-13,122.54000091552734,123.11000061035156,121.0199966430664,122.08999633789062,110.9575424194336,264300,NDSN
2017-07-14,122.30999755859375,122.77999877929688,121.95999908447266,122.12999725341797,110.99390411376953,180700,NDSN
2017-07-17,122.58000183105469,123.91000366210938,121.81999969482422,122.88999938964844,111.68460845947266,270100,NDSN
2017-07-18,122.75,122.7699966430664,121.5,121.80000305175781,110.69400024414062,210600,NDSN
2017-07-19,121.98999786376953,123.76000213623047,121.68000030517578,123.68000030517578,112.40257263183594,177100,NDSN
2017-07-20,123.9000015258789,124.31999969482422,122.76000213623047,123.83999633789062,112.5479736328125,147700,NDSN
2017-07-21,123.54000091552734,124.05999755859375,123.16999816894531,123.9800033569336,112.6751937866211,212100,NDSN
2017-07-24,123.79000091552734,125.55999755859375,123.79000091552734,125.30999755859375,113.88394927978516,301400,NDSN
2017-07-25,125.58999633789062,126.91000366210938,124.8499984741211,126.5,114.96541595458984,395700,NDSN
2017-07-26,126.54000091552734,126.88999938964844,124.3499984741211,124.44999694824219,113.10236358642578,194200,NDSN
2017-07-27,124.44999694824219,126.94000244140625,124.16000366210938,125.7300033569336,114.2656478881836,272500,NDSN
2017-07-28,125.2300033569336,125.2699966430664,123.72000122070312,124.94999694824219,113.55677795410156,187700,NDSN
2017-07-31,125.23999786376953,127.27999877929688,124.20999908447266,127.0,115.41983795166016,336100,NDSN
2017-08-01,127.33000183105469,127.93000030517578,126.62999725341797,126.83000183105469,115.26534271240234,302500,NDSN
2017-08-02,126.83999633789062,128.02999877929688,125.80000305175781,127.94999694824219,116.28321838378906,239900,NDSN
2017-08-03,127.83000183105469,128.10000610351562,126.7300033569336,127.4800033569336,115.85608673095703,171800,NDSN
2017-08-04,127.52999877929688,128.94000244140625,127.0,128.30999755859375,116.61040496826172,171500,NDSN
2017-08-07,128.16000366210938,129.41000366210938,127.37999725341797,129.10000610351562,117.328369140625,166900,NDSN
2017-08-08,128.72000122070312,129.6300048828125,127.73999786376953,128.3300018310547,116.6285629272461,270500,NDSN
2017-08-09,127.80999755859375,128.8800048828125,127.69000244140625,128.4199981689453,116.71035766601562,161500,NDSN
2017-08-10,127.86000061035156,128.47999572753906,126.1500015258789,126.7300033569336,115.17446899414062,160400,NDSN
2017-08-11,127.06999969482422,128.4600067138672,125.13999938964844,127.68000030517578,116.037841796875,234000,NDSN
2017-08-14,128.49000549316406,130.41000366210938,128.10000610351562,129.86000061035156,118.01908111572266,236600,NDSN
2017-08-15,129.8000030517578,130.22000122070312,128.5,128.50999450683594,116.79216003417969,191100,NDSN
2017-08-16,128.2100067138672,129.35000610351562,127.2300033569336,127.94999694824219,116.28321838378906,222600,NDSN
2017-08-17,127.16999816894531,127.55000305175781,125.12999725341797,125.5,114.0566177368164,294200,NDSN
2017-08-18,124.58000183105469,125.98999786376953,122.2699966430664,124.12999725341797,113.08187103271484,261000,NDSN
2017-08-21,123.93000030517578,125.83000183105469,123.93000030517578,125.12000274658203,113.98373413085938,472800,NDSN
2017-08-22,116.05000305175781,116.76000213623047,111.22000122070312,111.5,101.57600402832031,2680700,NDSN
2017-08-23,112.0,112.31999969482422,108.73999786376953,108.97000122070312,99.27118682861328,1059100,NDSN
2017-08-24,109.77999877929688,110.70999908447266,108.3499984741211,108.56999969482422,98.90677642822266,601100,NDSN
2017-08-25,108.75,109.41000366210938,107.86000061035156,108.83999633789062,99.15272521972656,490500,NDSN
2017-08-28,109.33999633789062,109.8499984741211,108.87000274658203,109.18000030517578,99.46247100830078,279600,NDSN
2017-08-29,108.69999694824219,109.13999938964844,107.16000366210938,108.31999969482422,98.67901611328125,422700,NDSN
2017-08-30,108.44999694824219,108.7699966430664,107.45999908447266,108.6500015258789,98.9796371459961,235900,NDSN
2017-08-31,109.01000213623047,109.61000061035156,108.19999694824219,109.30000305175781,99.57178497314453,283100,NDSN
2017-09-01,109.27999877929688,110.83000183105469,109.27999877929688,110.2699966430664,100.4554443359375,313800,NDSN
2017-09-05,110.37000274658203,110.83999633789062,108.1500015258789,109.1500015258789,99.43514251708984,286500,NDSN
2017-09-06,109.23999786376953,109.9800033569336,108.33999633789062,109.4800033569336,99.73578643798828,379700,NDSN
2017-09-07,109.26000213623047,109.9800033569336,107.75,109.26000213623047,99.53536987304688,382000,NDSN
2017-09-08,108.5,110.0999984741211,108.48999786376953,109.56999969482422,99.81776428222656,259200,NDSN
2017-09-11,110.1500015258789,111.95999908447266,110.1500015258789,111.25,101.34822845458984,287700,NDSN
2017-09-12,111.5999984741211,113.02999877929688,111.3499984741211,112.77999877929688,102.7420654296875,261400,NDSN
2017-09-13,112.83999633789062,113.4000015258789,112.30000305175781,112.58000183105469,102.55986022949219,256200,NDSN
2017-09-14,113.19000244140625,113.27999877929688,112.37999725341797,112.8499984741211,102.80582427978516,331700,NDSN
2017-09-15,112.51000213623047,113.6500015258789,112.16999816894531,113.19999694824219,103.12467193603516,787700,NDSN
2017-09-18,113.41999816894531,114.63999938964844,113.41000366210938,114.5,104.30897521972656,192300,NDSN
2017-09-19,114.48999786376953,115.48999786376953,114.13999938964844,114.62000274658203,104.41829681396484,234100,NDSN
2017-09-20,116.12999725341797,117.62999725341797,115.72000122070312,117.51000213623047,107.05106353759766,347600,NDSN
2017-09-21,117.47000122070312,117.6500015258789,116.55000305175781,116.66000366210938,106.27672576904297,238800,NDSN
2017-09-22,116.63999938964844,117.7300033569336,116.4000015258789,117.20999908447266,106.77775573730469,173900,NDSN
2017-09-25,117.02999877929688,118.27999877929688,117.0199966430664,118.2300033569336,107.70697784423828,197300,NDSN
2017-09-26,118.3499984741211,118.75,117.87000274658203,118.05999755859375,107.55211639404297,253100,NDSN
2017-09-27,118.44000244140625,119.31999969482422,117.94000244140625,118.75,108.18070983886719,214500,NDSN
2017-09-28,118.80000305175781,119.2300033569336,118.41000366210938,118.97000122070312,108.3811264038086,290500,NDSN
2017-09-29,119.0,119.43000030517578,118.12999725341797,118.5,107.95294952392578,300200,NDSN
2017-10-02,118.51000213623047,119.62000274658203,118.51000213623047,119.23999786376953,108.62709045410156,166100,NDSN
2017-10-03,119.20999908447266,119.9800033569336,118.7699966430664,119.91999816894531,109.2465591430664,249600,NDSN
2017-10-04,120.25,121.20999908447266,119.56999969482422,121.08000183105469,110.30330657958984,245300,NDSN
2017-10-05,121.29000091552734,121.83000183105469,120.91999816894531,121.7699966430664,110.93187713623047,164000,NDSN
2017-10-06,120.98999786376953,122.91000366210938,120.98999786376953,121.83999633789062,110.99568939208984,330000,NDSN
2017-10-09,122.13999938964844,122.33000183105469,121.44000244140625,122.06999969482422,111.2052001953125,157400,NDSN
2017-10-10,122.54000091552734,122.80999755859375,121.91999816894531,122.29000091552734,111.4056396484375,255100,NDSN
2017-10-11,122.29000091552734,123.01000213623047,121.54000091552734,122.36000061035156,111.46941375732422,179900,NDSN
2017-10-12,122.56999969482422,123.33999633789062,121.76000213623047,121.93000030517578,111.07767486572266,257800,NDSN
2017-10-13,121.55999755859375,122.19999694824219,121.55999755859375,122.13999938964844,111.26898193359375,324900,NDSN
2017-10-16,122.41000366210938,123.7300033569336,122.2699966430664,123.22000122070312,112.25286865234375,257300,NDSN
2017-10-17,122.51000213623047,123.62000274658203,122.51000213623047,123.11000061035156,112.15264892578125,195400,NDSN
2017-10-18,123.30000305175781,123.73999786376953,122.7300033569336,123.37000274658203,112.38948822021484,158400,NDSN
2017-10-19,122.66000366210938,123.37999725341797,122.22000122070312,122.87999725341797,111.94309997558594,183200,NDSN
2017-10-20,123.36000061035156,124.69000244140625,123.2300033569336,124.66000366210938,113.56468963623047,146000,NDSN
2017-10-23,124.52999877929688,125.58000183105469,124.16000366210938,125.48999786376953,114.32080841064453,171500,NDSN
2017-10-24,125.94999694824219,126.36000061035156,125.45999908447266,125.6500015258789,114.46658325195312,221700,NDSN
2017-10-25,125.63999938964844,125.8499984741211,124.01000213623047,125.54000091552734,114.36637878417969,232900,NDSN
2017-10-26,126.12000274658203,127.27999877929688,125.06999969482422,127.12999725341797,115.81485748291016,188100,NDSN
2017-10-27,126.94999694824219,126.94999694824219,125.7300033569336,126.16000366210938,114.93119049072266,183300,NDSN
2017-10-30,125.20999908447266,125.91999816894531,124.0999984741211,124.5199966430664,113.43712615966797,257700,NDSN
2017-10-31,125.30000305175781,126.87999725341797,125.29000091552734,126.69000244140625,115.41400146484375,346300,NDSN
2017-11-01,127.61000061035156,127.61000061035156,124.69000244140625,126.37999725341797,115.131591796875,228800,NDSN
2017-11-02,126.77999877929688,127.33999633789062,126.2699966430664,126.45999908447266,115.20448303222656,194200,NDSN
2017-11-03,126.45999908447266,127.02999877929688,126.26000213623047,126.7300033569336,115.4504623413086,136400,NDSN
2017-11-06,126.55999755859375,127.4800033569336,126.27999877929688,126.72000122070312,115.44132232666016,128600,NDSN
2017-11-07,126.51000213623047,127.33000183105469,126.12000274658203,126.94000244140625,115.64175415039062,237500,NDSN
2017-11-08,125.61000061035156,126.55000305175781,125.61000061035156,126.0,114.7854232788086,135600,NDSN
2017-11-09,125.08999633789062,125.77999877929688,123.22000122070312,123.66000366210938,112.6537094116211,131000,NDSN
2017-11-10,123.25,124.5,122.83000183105469,123.87000274658203,112.84500885009766,148600,NDSN
2017-11-13,123.5999984741211,123.87000274658203,123.01000213623047,123.80999755859375,112.79035186767578,130000,NDSN
2017-11-14,123.1500015258789,125.44000244140625,123.1500015258789,125.27999877929688,114.1295166015625,156400,NDSN
2017-11-15,124.58000183105469,124.58000183105469,123.33000183105469,123.91999816894531,112.89054870605469,145300,NDSN
2017-11-16,124.62999725341797,126.62000274658203,124.55999755859375,125.9000015258789,114.69432830810547,163700,NDSN
2017-11-17,125.70999908447266,126.79000091552734,125.2699966430664,126.68000030517578,115.4048843383789,127900,NDSN
2017-11-20,126.87999725341797,128.67999267578125,126.45999908447266,127.66999816894531,116.30680084228516,137000,NDSN
2017-11-21,128.24000549316406,128.52999877929688,127.4000015258789,128.17999267578125,116.77140045166016,112900,NDSN
2017-11-22,128.22000122070312,128.8699951171875,127.72000122070312,128.1199951171875,116.71672058105469,128500,NDSN
2017-11-24,128.02999877929688,128.7899932861328,123.73999786376953,128.6300048828125,117.18132781982422,59600,NDSN
2017-11-27,128.14999389648438,128.99000549316406,127.87000274658203,128.05999755859375,116.66205596923828,119600,NDSN
2017-11-28,127.8499984741211,129.07000732421875,127.51000213623047,129.0,117.51840209960938,219100,NDSN
2017-11-29,128.99000549316406,129.00999450683594,125.5199966430664,125.66000366210938,114.4756851196289,269500,NDSN
2017-11-30,126.16999816894531,128.49000549316406,125.47000122070312,128.36000061035156,116.93537139892578,275400,NDSN
2017-12-01,128.02000427246094,128.72000122070312,125.31999969482422,128.55999755859375,117.11753845214844,179100,NDSN
2017-12-04,129.0,131.17999267578125,127.38999938964844,127.5199966430664,116.17013549804688,172000,NDSN
2017-12-05,127.8499984741211,128.0,126.06999969482422,126.22000122070312,114.98579406738281,211500,NDSN
2017-12-06,125.58999633789062,127.45999908447266,124.76000213623047,126.41000366210938,115.158935546875,151300,NDSN
2017-12-07,126.73999786376953,128.50999450683594,126.7300033569336,127.22000122070312,115.89682006835938,214400,NDSN
2017-12-08,127.61000061035156,127.94999694824219,126.6500015258789,127.30999755859375,115.97881317138672,132000,NDSN
2017-12-11,127.12999725341797,127.36000061035156,124.83000183105469,125.0199966430664,113.89265441894531,333100,NDSN
2017-12-12,125.55000305175781,125.55000305175781,123.76000213623047,124.22000122070312,113.1638412475586,273300,NDSN
2017-12-13,124.70999908447266,127.91999816894531,124.36000061035156,126.91000366210938,115.61441802978516,649200,NDSN
2017-12-14,140.0,150.47999572753906,139.00999450683594,143.86000061035156,131.05580139160156,1610100,NDSN
2017-12-15,143.6999969482422,146.66000366210938,142.02999877929688,144.8000030517578,131.912109375,607300,NDSN
2017-12-18,144.9499969482422,146.5399932861328,141.52000427246094,142.1699981689453,129.7851104736328,412400,NDSN
2017-12-19,142.5800018310547,142.9600067138672,141.0500030517578,142.38999938964844,129.98590087890625,345400,NDSN
2017-12-20,142.3800048828125,143.1699981689453,141.1300048828125,143.10000610351562,130.63406372070312,222900,NDSN
2017-12-21,142.55999755859375,145.63999938964844,142.38999938964844,144.69000244140625,132.08558654785156,210900,NDSN
2017-12-22,144.27000427246094,145.2899932861328,143.27999877929688,144.47999572753906,131.89389038085938,118100,NDSN
2017-12-26,144.4499969482422,145.74000549316406,143.63999938964844,144.82000732421875,132.20425415039062,123800,NDSN
2017-12-27,145.25,145.64999389648438,144.0,145.52999877929688,132.8524169921875,163800,NDSN
2017-12-28,145.9499969482422,146.9600067138672,145.1300048828125,146.83999633789062,134.04830932617188,142300,NDSN
2017-12-29,147.0,148.57000732421875,145.4199981689453,146.39999389648438,133.64659118652344,204600,NDSN
2018-01-02,145.72999572753906,148.4600067138672,145.72999572753906,147.4199981689453,134.57774353027344,266200,NDSN
2018-01-03,148.55999755859375,149.6999969482422,145.6300048828125,149.1199951171875,136.129638671875,236400,NDSN
2018-01-04,149.67999267578125,151.44000244140625,147.25999450683594,150.17999267578125,137.0973663330078,593500,NDSN
2018-01-05,150.91000366210938,151.83999633789062,148.22999572753906,149.33999633789062,136.3305206298828,199500,NDSN
2018-01-08,149.57000732421875,149.57000732421875,146.92999267578125,148.41000366210938,135.48150634765625,342900,NDSN
2018-01-09,148.49000549316406,149.25999450683594,146.72000122070312,146.88999938964844,134.0939483642578,242900,NDSN
2018-01-10,146.52999877929688,146.72000122070312,145.00999450683594,145.66000366210938,132.9710693359375,206900,NDSN
2018-01-11,145.1199951171875,147.52000427246094,145.1199951171875,147.42999267578125,134.58685302734375,144200,NDSN
2018-01-12,147.42999267578125,149.9199981689453,147.3300018310547,148.4600067138672,135.5271759033203,163800,NDSN
2018-01-16,148.99000549316406,149.02000427246094,145.74000549316406,146.24000549316406,133.50054931640625,279100,NDSN
2018-01-17,147.33999633789062,149.75999450683594,146.69000244140625,148.17999267578125,135.2715606689453,288100,NDSN
2018-01-18,147.72999572753906,150.27000427246094,147.72999572753906,149.1999969482422,136.2026824951172,240200,NDSN
2018-01-19,149.9199981689453,151.49000549316406,149.39999389648438,151.13999938964844,137.97372436523438,225800,NDSN
2018-01-22,150.75999450683594,151.08999633789062,148.38999938964844,149.99000549316406,136.92388916015625,242200,NDSN
2018-01-23,149.77000427246094,151.47999572753906,149.4600067138672,149.8699951171875,136.8143310546875,243500,NDSN
2018-01-24,150.35000610351562,150.38999938964844,146.5399932861328,147.58999633789062,134.73297119140625,180700,NDSN
2018-01-25,148.52000427246094,148.9199981689453,146.07000732421875,148.2899932861328,135.3719940185547,330300,NDSN
2018-01-26,148.6300048828125,150.1999969482422,146.80999755859375,150.10000610351562,137.0243377685547,202800,NDSN
2018-01-29,149.2100067138672,150.22000122070312,146.10000610351562,146.61000061035156,133.8383026123047,196800,NDSN
2018-01-30,143.6699981689453,145.77999877929688,143.0500030517578,144.72999572753906,132.12210083007812,230700,NDSN
2018-01-31,145.47999572753906,146.32000732421875,142.52000427246094,143.72000122070312,131.2001495361328,488900,NDSN
2018-02-01,143.08999633789062,145.11000061035156,143.08999633789062,144.22000122070312,131.65652465820312,197800,NDSN
2018-02-02,143.5399932861328,143.5500030517578,140.33999633789062,141.72000122070312,129.37429809570312,192200,NDSN
2018-02-05,140.5,143.7100067138672,135.22000122070312,135.5800018310547,123.76914978027344,275800,NDSN
2018-02-06,132.52000427246094,139.92999267578125,131.6300048828125,139.08999633789062,126.97344970703125,406000,NDSN
2018-02-07,138.8699951171875,139.8800048828125,135.99000549316406,137.6300048828125,125.64060974121094,250100,NDSN
2018-02-08,137.52999877929688,137.57000732421875,133.57000732421875,133.64999389648438,122.00729370117188,293800,NDSN
2018-02-09,135.2899932861328,137.58999633789062,131.67999267578125,136.4600067138672,124.57249450683594,289300,NDSN
2018-02-12,136.97999572753906,138.2899932861328,135.44000244140625,136.91000366210938,124.98332214355469,272800,NDSN
2018-02-13,135.5500030517578,137.61000061035156,135.3000030517578,137.27000427246094,125.31189727783203,148200,NDSN
2018-02-14,136.2899932861328,140.36000061035156,136.10000610351562,139.6300048828125,127.46636199951172,174600,NDSN
2018-02-15,140.1699981689453,140.25,136.94000244140625,139.0,126.89122772216797,196000,NDSN
2018-02-16,138.9499969482422,140.66000366210938,137.8699951171875,138.88999938964844,127.06503295898438,221200,NDSN
2018-02-20,138.6999969482422,140.9199981689453,137.91000366210938,138.57000732421875,126.77230834960938,221100,NDSN
2018-02-21,138.36000061035156,141.9600067138672,137.32000732421875,139.3300018310547,127.4676284790039,246300,NDSN
2018-02-22,140.77000427246094,142.52000427246094,135.72999572753906,141.41000366210938,129.37051391601562,341500,NDSN
2018-02-23,136.9499969482422,140.99000549316406,132.36000061035156,136.5500030517578,124.92426300048828,742400,NDSN
2018-02-26,136.77999877929688,138.85000610351562,134.8800048828125,138.5500030517578,126.75404357910156,291500,NDSN
2018-02-27,138.80999755859375,138.88999938964844,136.85000610351562,137.5399932861328,125.82999420166016,247900,NDSN
2018-02-28,138.44000244140625,138.80999755859375,134.02000427246094,134.07000732421875,122.65546417236328,282300,NDSN
2018-03-01,134.0800018310547,137.72000122070312,132.25999450683594,133.89999389648438,122.4999008178711,254100,NDSN
2018-03-02,132.33999633789062,135.10000610351562,131.5500030517578,134.8000030517578,123.32331848144531,190900,NDSN
2018-03-05,134.22000122070312,136.4600067138672,133.0,135.94000244140625,124.3662338256836,176100,NDSN
2018-03-06,136.75999450683594,137.49000549316406,136.00999450683594,136.5399932861328,124.91516876220703,167800,NDSN
2018-03-07,135.27999877929688,138.1300048828125,135.27999877929688,137.66000366210938,125.9398193359375,275300,NDSN
2018-03-08,138.44000244140625,138.4600067138672,135.6699981689453,137.6999969482422,125.97637176513672,183900,NDSN
2018-03-09,138.17999267578125,140.10000610351562,136.97000122070312,139.97999572753906,128.06222534179688,177200,NDSN
2018-03-12,140.11000061035156,140.8300018310547,138.75,139.69000244140625,127.7969741821289,156500,NDSN
2018-03-13,140.44000244140625,141.22000122070312,139.50999450683594,140.10000610351562,128.17208862304688,150600,NDSN
2018-03-14,140.50999450683594,141.27999877929688,138.6999969482422,139.22000122070312,127.36693572998047,163800,NDSN
2018-03-15,139.64999389648438,140.86000061035156,137.6199951171875,139.02000427246094,127.18399810791016,150800,NDSN
2018-03-16,139.08999633789062,140.2899932861328,137.9499969482422,139.27000427246094,127.41275024414062,377400,NDSN
2018-03-19,139.0,139.74000549316406,137.50999450683594,139.52000427246094,127.64144134521484,197600,NDSN
2018-03-20,139.7100067138672,142.5,139.7100067138672,141.88999938964844,129.80967712402344,192800,NDSN
2018-03-21,141.63999938964844,142.27999877929688,140.60000610351562,140.77999877929688,128.79415893554688,172200,NDSN
2018-03-22,139.61000061035156,139.61000061035156,135.16000366210938,135.27000427246094,123.75326538085938,217600,NDSN
2018-03-23,135.41000366210938,137.0,133.80999755859375,133.9499969482422,122.54568481445312,213900,NDSN
2018-03-26,136.11000061035156,138.13999938964844,134.8000030517578,137.4499969482422,125.7476806640625,128200,NDSN
2018-03-27,137.80999755859375,137.80999755859375,134.00999450683594,134.64999389648438,123.18605041503906,185800,NDSN
2018-03-28,134.38999938964844,135.35000610351562,132.7899932861328,134.0,122.5914077758789,261300,NDSN
2018-03-29,134.99000549316406,137.6300048828125,133.60000610351562,136.33999633789062,124.73214721679688,175900,NDSN
2018-04-02,136.07000732421875,136.4499969482422,131.52999877929688,132.7100067138672,121.41120910644531,157800,NDSN
2018-04-03,133.64999389648438,135.64999389648438,131.50999450683594,135.38999938964844,123.86306762695312,320400,NDSN
2018-04-04,133.3699951171875,135.9600067138672,132.58999633789062,135.75999450683594,124.20153045654297,433600,NDSN
2018-04-05,136.64999389648438,136.83999633789062,134.57000732421875,136.50999450683594,124.88771057128906,193100,NDSN
2018-04-06,135.33999633789062,136.5800018310547,130.41000366210938,131.3800048828125,120.19450378417969,180700,NDSN
2018-04-09,132.69000244140625,135.27999877929688,132.10000610351562,132.3000030517578,121.03614807128906,489400,NDSN
2018-04-10,134.30999755859375,137.19000244140625,134.17999267578125,136.00999450683594,124.4302749633789,464000,NDSN
2018-04-11,135.16000366210938,136.74000549316406,133.85000610351562,135.22000122070312,123.70755004882812,171600,NDSN
2018-04-12,135.6699981689453,137.57000732421875,134.83999633789062,136.82000732421875,125.17133331298828,267600,NDSN
2018-04-13,137.44000244140625,137.83999633789062,135.89999389648438,136.7100067138672,125.07071685791016,168700,NDSN
2018-04-16,137.49000549316406,139.57000732421875,136.7899932861328,139.5,127.62315368652344,147800,NDSN
2018-04-17,140.0,141.25,138.7899932861328,140.6199951171875,128.64779663085938,193300,NDSN
2018-04-18,140.8300018310547,141.27999877929688,139.24000549316406,141.05999755859375,129.05032348632812,114000,NDSN
2018-04-19,140.72999572753906,141.75,139.14999389648438,141.52000427246094,129.47116088867188,354600,NDSN
2018-04-20,140.8000030517578,141.9600067138672,139.32000732421875,139.85000610351562,127.94335174560547,171900,NDSN
2018-04-23,139.00999450683594,141.50999450683594,137.4600067138672,137.91000366210938,126.16847229003906,268700,NDSN
2018-04-24,138.66000366210938,139.8000030517578,133.32000732421875,135.2100067138672,123.69839477539062,157600,NDSN
2018-04-25,135.35000610351562,136.2100067138672,132.5800018310547,132.72000122070312,121.42037200927734,184800,NDSN
2018-04-26,132.99000549316406,134.36000061035156,131.49000549316406,131.9600067138672,120.72510528564453,194900,NDSN
2018-04-27,132.24000549316406,132.24000549316406,130.25,130.99000549316406,119.837646484375,179700,NDSN
2018-04-30,131.30999755859375,132.0,128.5500030517578,128.60000610351562,117.65115356445312,168500,NDSN
2018-05-01,128.47999572753906,128.47999572753906,126.19999694824219,127.48999786376953,116.63567352294922,281300,NDSN
2018-05-02,127.8499984741211,128.77000427246094,127.12999725341797,127.25,116.41608428955078,235200,NDSN
2018-05-03,126.95999908447266,128.4600067138672,125.26000213623047,127.61000061035156,116.7454605102539,167300,NDSN
2018-05-04,126.94999694824219,130.32000732421875,125.80000305175781,129.77000427246094,118.7215576171875,156000,NDSN
2018-05-07,129.91000366210938,131.7899932861328,125.0,131.05999755859375,119.90171813964844,147000,NDSN
2018-05-08,131.0500030517578,132.22000122070312,130.8699951171875,131.72000122070312,120.50552368164062,100000,NDSN
2018-05-09,132.19000244140625,132.61000061035156,130.72000122070312,132.5399932861328,121.2557144165039,134400,NDSN
2018-05-10,132.67999267578125,133.38999938964844,131.67999267578125,132.36000061035156,121.09104919433594,258000,NDSN
2018-05-11,132.86000061035156,133.8800048828125,131.25999450683594,132.25,120.99040985107422,104400,NDSN
2018-05-14,132.6999969482422,134.5,132.50999450683594,133.2899932861328,121.94181823730469,262400,NDSN
2018-05-15,132.22000122070312,132.6999969482422,129.82000732421875,132.2100067138672,120.95382690429688,199900,NDSN
2018-05-16,132.50999450683594,134.8699951171875,132.50999450683594,134.17999267578125,122.7560806274414,104900,NDSN
2018-05-17,134.24000549316406,134.88999938964844,133.66000366210938,134.0500030517578,122.63713073730469,166100,NDSN
2018-05-18,134.1300048828125,135.52000427246094,133.63999938964844,134.9600067138672,123.46967315673828,209100,NDSN
2018-05-21,135.97999572753906,139.72999572753906,135.97000122070312,139.6199951171875,127.73289489746094,421600,NDSN
2018-05-22,131.11000061035156,134.11000061035156,128.24000549316406,129.25,118.24580383300781,1318900,NDSN
2018-05-23,128.1699981689453,128.8300018310547,126.08999633789062,127.0,116.18737030029297,483100,NDSN
2018-05-24,126.6500015258789,129.19000244140625,125.98999786376953,128.64999389648438,117.6968765258789,276200,NDSN
2018-05-25,128.3800048828125,128.41000366210938,126.80000305175781,127.55999755859375,116.97248840332031,201700,NDSN
2018-05-29,126.80999755859375,128.35000610351562,126.38999938964844,127.52999877929688,116.94495391845703,308600,NDSN
2018-05-30,127.87000274658203,128.61000061035156,126.11000061035156,128.41000366210938,117.75190734863281,276100,NDSN
2018-05-31,128.5,128.7100067138672,125.33000183105469,125.62999725341797,115.20268249511719,184600,NDSN
2018-06-01,127.29000091552734,128.0,126.69999694824219,126.72000122070312,116.20220184326172,168500,NDSN
2018-06-04,127.22000122070312,129.22999572753906,126.5199966430664,129.16000366210938,118.43965148925781,184100,NDSN
2018-06-05,129.5,131.82000732421875,129.5,130.8699951171875,120.00774383544922,295200,NDSN
2018-06-06,130.5,131.5,130.3699951171875,131.4600067138672,120.54877471923828,201900,NDSN
2018-06-07,131.92999267578125,132.33999633789062,130.38999938964844,131.6300048828125,120.7046890258789,131600,NDSN
2018-06-08,131.63999938964844,133.00999450683594,131.3699951171875,132.9199981689453,121.8875961303711,189000,NDSN
2018-06-11,133.27999877929688,134.3699951171875,131.16000366210938,132.35000610351562,121.3648910522461,127600,NDSN
2018-06-12,132.33999633789062,133.5500030517578,130.6699981689453,131.63999938964844,120.71382141113281,137600,NDSN
2018-06-13,131.80999755859375,131.80999755859375,128.8000030517578,129.07000732421875,118.35714721679688,171500,NDSN
2018-06-14,129.72000122070312,130.49000549316406,128.92999267578125,129.5399932861328,118.78812408447266,149300,NDSN
2018-06-15,129.91000366210938,130.63999938964844,128.17999267578125,130.5500030517578,119.71429443359375,374200,NDSN
2018-06-18,129.99000549316406,131.19000244140625,129.0399932861328,131.0,120.12694549560547,197800,NDSN
2018-06-19,129.60000610351562,131.11000061035156,128.99000549316406,129.55999755859375,118.80645751953125,245600,NDSN
2018-06-20,129.85000610351562,130.6199951171875,129.11000061035156,130.5399932861328,119.70515441894531,135400,NDSN
2018-06-21,130.22000122070312,130.74000549316406,129.2100067138672,130.4199981689453,119.59510803222656,248400,NDSN
2018-06-22,131.2100067138672,131.6699981689453,129.64999389648438,130.49000549316406,119.6592788696289,611200,NDSN
2018-06-25,130.0500030517578,130.0500030517578,127.94000244140625,129.49000549316406,118.74227142333984,246400,NDSN
2018-06-26,130.0399932861328,131.25999450683594,128.4499969482422,128.5500030517578,117.88028717041016,197500,NDSN
2018-06-27,129.0500030517578,129.94000244140625,126.16999816894531,126.26000213623047,115.78036499023438,225400,NDSN
2018-06-28,126.4800033569336,127.94000244140625,125.36000061035156,127.70999908447266,117.11003112792969,143500,NDSN
2018-06-29,128.39999389648438,129.86000061035156,128.30999755859375,128.41000366210938,117.75190734863281,239800,NDSN
2018-07-02,127.20999908447266,128.8000030517578,126.1500015258789,128.4199981689453,117.7610855102539,205400,NDSN
2018-07-03,128.36000061035156,129.5500030517578,127.1500015258789,127.37999725341797,116.80742645263672,106900,NDSN
2018-07-05,128.10000610351562,130.4199981689453,127.6500015258789,130.24000549316406,119.43004608154297,367700,NDSN
2018-07-06,130.0,130.57000732421875,128.89999389648438,129.0500030517578,118.33877563476562,150400,NDSN
2018-07-09,129.75999450683594,132.60000610351562,129.6999969482422,132.36000061035156,121.37409210205078,184300,NDSN
2018-07-10,132.92999267578125,133.30999755859375,130.92999267578125,131.9499969482422,120.99808502197266,164700,NDSN
2018-07-11,131.38999938964844,131.38999938964844,129.25,130.0,119.20993041992188,152100,NDSN
2018-07-12,130.50999450683594,131.0500030517578,129.4199981689453,130.97999572753906,120.10860443115234,133700,NDSN
2018-07-13,131.11000061035156,132.83999633789062,131.11000061035156,131.47999572753906,120.56708526611328,162400,NDSN
2018-07-16,131.39999389648438,131.39999389648438,128.25999450683594,128.94000244140625,118.2379379272461,161300,NDSN
2018-07-17,129.08999633789062,130.27999877929688,128.9600067138672,130.05999755859375,119.26495361328125,148200,NDSN
2018-07-18,130.22000122070312,131.4199981689453,129.41000366210938,131.0800018310547,120.20033264160156,181100,NDSN
2018-07-19,130.6300048828125,131.17999267578125,129.4499969482422,131.0500030517578,120.17283630371094,164500,NDSN
2018-07-20,130.8699951171875,132.5,130.07000732421875,131.41000366210938,120.50293731689453,395400,NDSN
2018-07-23,130.89999389648438,132.8000030517578,128.6699981689453,128.85000610351562,118.15541076660156,141600,NDSN
2018-07-24,129.5,131.80999755859375,128.9600067138672,129.64999389648438,118.88897705078125,131800,NDSN
2018-07-25,129.52000427246094,131.52999877929688,128.02999877929688,129.57000732421875,118.81565856933594,358400,NDSN
2018-07-26,129.97000122070312,133.4499969482422,129.82000732421875,133.0,121.96092987060547,276300,NDSN
2018-07-27,133.3300018310547,134.27000427246094,132.02999877929688,132.6699981689453,121.6583251953125,190700,NDSN
2018-07-30,132.91000366210938,134.30999755859375,131.72000122070312,131.74000549316406,120.80553436279297,166500,NDSN
2018-07-31,132.41000366210938,134.72000122070312,130.50999450683594,134.11000061035156,122.97882843017578,271700,NDSN
2018-08-01,134.3300018310547,134.50999450683594,132.42999267578125,132.60000610351562,121.59414672851562,184100,NDSN
2018-08-02,132.17999267578125,133.47999572753906,131.27999877929688,132.8800048828125,121.85091400146484,105700,NDSN
2018-08-03,133.17999267578125,134.4600067138672,132.27999877929688,133.08999633789062,122.04348754882812,99400,NDSN
2018-08-06,133.1699981689453,133.5,132.25999450683594,133.44000244140625,122.36442565917969,86400,NDSN
2018-08-07,133.72000122070312,134.88999938964844,133.72000122070312,133.9499969482422,122.83209228515625,80600,NDSN
2018-08-08,133.94000244140625,133.94000244140625,132.88999938964844,133.44000244140625,122.36442565917969,97400,NDSN
2018-08-09,133.6199951171875,134.0399932861328,131.8800048828125,133.0800018310547,122.03431701660156,204200,NDSN
2018-08-10,132.6699981689453,133.91000366210938,131.47000122070312,133.42999267578125,122.35527038574219,124100,NDSN
2018-08-13,133.75999450683594,133.91000366210938,131.22000122070312,131.5399932861328,120.62215423583984,144800,NDSN
2018-08-14,132.44000244140625,134.44000244140625,132.44000244140625,133.9199981689453,122.8045883178711,112400,NDSN
2018-08-15,132.83999633789062,133.02000427246094,129.69000244140625,132.88999938964844,121.8600845336914,112000,NDSN
2018-08-16,133.52000427246094,136.60000610351562,133.52000427246094,135.3300018310547,124.09757232666016,157400,NDSN
2018-08-17,135.41000366210938,135.7899932861328,134.57000732421875,134.99000549316406,123.78581237792969,142600,NDSN
2018-08-20,134.9499969482422,135.69000244140625,134.32000732421875,134.69000244140625,123.83174896240234,478300,NDSN
2018-08-21,124.58999633789062,135.17999267578125,123.7699966430664,133.75,122.96752166748047,691700,NDSN
2018-08-22,134.1699981689453,134.67999267578125,132.6300048828125,133.7100067138672,122.93079376220703,205900,NDSN
2018-08-23,133.6699981689453,134.55999755859375,132.30999755859375,134.3300018310547,123.50078582763672,200300,NDSN
2018-08-24,134.5,135.94000244140625,134.1300048828125,135.88999938964844,124.93499755859375,120400,NDSN
2018-08-27,136.0,137.88999938964844,135.19000244140625,137.7899932861328,126.68184661865234,166400,NDSN
2018-08-28,137.9600067138672,138.9600067138672,137.41000366210938,138.14999389648438,127.0128173828125,156800,NDSN
2018-08-29,138.05999755859375,140.64999389648438,136.30999755859375,139.35000610351562,128.11610412597656,192300,NDSN
2018-08-30,139.0,139.5,137.83999633789062,138.1300048828125,126.99443817138672,101000,NDSN
2018-08-31,137.6999969482422,139.3300018310547,137.38999938964844,139.02000427246094,127.81271362304688,141200,NDSN
2018-09-04,139.02999877929688,139.3699951171875,137.4600067138672,139.22000122070312,127.99653625488281,127700,NDSN
2018-09-05,138.69000244140625,141.5,138.69000244140625,141.17999267578125,129.79856872558594,170000,NDSN
2018-09-06,141.02000427246094,144.05999755859375,140.67999267578125,142.9199981689453,131.39830017089844,375700,NDSN
2018-09-07,142.61000061035156,143.6699981689453,140.7899932861328,142.33999633789062,130.86502075195312,205400,NDSN
2018-09-10,143.4499969482422,144.91000366210938,142.41000366210938,142.5399932861328,131.0488739013672,180100,NDSN
2018-09-11,142.14999389648438,142.58999633789062,140.89999389648438,141.80999755859375,130.37774658203125,106600,NDSN
2018-09-12,142.72999572753906,143.97999572753906,141.72000122070312,143.75999450683594,132.17056274414062,164000,NDSN
2018-09-13,144.5,145.0,142.25999450683594,144.64999389648438,132.98880004882812,171000,NDSN
2018-09-14,141.5,145.8699951171875,141.5,144.94000244140625,133.25543212890625,233700,NDSN
2018-09-17,144.36000061035156,146.4199981689453,143.6999969482422,145.41000366210938,133.68751525878906,220600,NDSN
2018-09-18,146.00999450683594,146.83999633789062,143.38999938964844,145.38999938964844,133.6691131591797,150100,NDSN
2018-09-19,144.66000366210938,146.3699951171875,142.60000610351562,144.5399932861328,132.8876953125,184600,NDSN
2018-09-20,145.30999755859375,145.77999877929688,143.10000610351562,145.3000030517578,133.58642578125,139400,NDSN
2018-09-21,141.85000610351562,146.39999389648438,141.85000610351562,145.27000427246094,133.55885314941406,554200,NDSN
2018-09-24,145.24000549316406,145.24000549316406,143.17999267578125,144.4199981689453,132.77735900878906,164800,NDSN
2018-09-25,145.1699981689453,145.1699981689453,142.94000244140625,143.36000061035156,131.80282592773438,153600,NDSN
2018-09-26,143.52999877929688,143.52999877929688,140.63999938964844,140.77000427246094,129.42161560058594,215600,NDSN
2018-09-27,140.80999755859375,141.4600067138672,139.24000549316406,139.8000030517578,128.52978515625,227000,NDSN
2018-09-28,139.94000244140625,140.75999450683594,138.64999389648438,138.89999389648438,127.70238494873047,195300,NDSN
2018-10-01,139.63999938964844,140.19000244140625,137.22999572753906,137.52999877929688,126.44281768798828,156500,NDSN
2018-10-02,137.05999755859375,139.13999938964844,137.05999755859375,138.8699951171875,127.6747817993164,132400,NDSN
2018-10-03,139.72999572753906,139.88999938964844,139.0399932861328,139.35000610351562,128.11610412597656,181300,NDSN
2018-10-04,138.8699951171875,139.7100067138672,136.67999267578125,137.5800018310547,126.48875427246094,217100,NDSN
2018-10-05,138.13999938964844,141.0,135.47000122070312,136.36000061035156,125.36714172363281,129500,NDSN
2018-10-08,135.75999450683594,136.6699981689453,134.13999938964844,135.1300048828125,124.23626708984375,176100,NDSN
2018-10-09,135.02000427246094,135.82000732421875,133.1199951171875,133.32000732421875,122.57215881347656,157100,NDSN
2018-10-10,132.6699981689453,132.6699981689453,127.80000305175781,128.1300048828125,117.80061340332031,393500,NDSN
2018-10-11,128.0,129.64999389648438,124.80999755859375,124.91000366210938,114.8401870727539,274800,NDSN
2018-10-12,127.37000274658203,127.37000274658203,124.0,125.55000305175781,115.4285659790039,214400,NDSN
2018-10-15,125.6500015258789,127.12999725341797,125.18000030517578,126.37999725341797,116.19168090820312,150500,NDSN
2018-10-16,126.9800033569336,130.02999877929688,126.0199966430664,129.52999877929688,119.08772277832031,186400,NDSN
2018-10-17,129.7100067138672,131.5,125.23999786376953,128.44000244140625,118.08560943603516,187900,NDSN
2018-10-18,128.38999938964844,128.39999389648438,125.2699966430664,125.5199966430664,115.4010009765625,168400,NDSN
2018-10-19,125.75,126.19000244140625,122.63999938964844,122.81999969482422,112.91867065429688,335800,NDSN
2018-10-22,123.26000213623047,123.5999984741211,121.7699966430664,121.86000061035156,112.03604888916016,161200,NDSN
2018-10-23,119.33000183105469,120.02999877929688,117.4800033569336,118.0,108.48724365234375,304400,NDSN
2018-10-24,118.08000183105469,118.93000030517578,112.91000366210938,113.08999633789062,103.97306823730469,291500,NDSN
2018-10-25,114.02999877929688,117.04000091552734,113.51000213623047,115.20999908447266,105.92218017578125,253900,NDSN
2018-10-26,113.69999694824219,117.08000183105469,111.16999816894531,115.98999786376953,106.63929748535156,217300,NDSN
2018-10-29,117.37000274658203,119.29000091552734,114.01000213623047,115.51000213623047,106.19795989990234,224800,NDSN
2018-10-30,115.5199966430664,120.58000183105469,115.5199966430664,120.26000213623047,110.5650405883789,271700,NDSN
2018-10-31,121.70999908447266,123.38999938964844,119.80000305175781,122.66999816894531,112.7807846069336,475400,NDSN
2018-11-01,123.20999908447266,127.5199966430664,121.47000122070312,126.83000183105469,116.60540771484375,232900,NDSN
2018-11-02,128.07000732421875,128.3800048828125,126.38999938964844,127.98999786376953,117.671875,237600,NDSN
2018-11-05,128.0800018310547,128.8000030517578,125.98999786376953,126.7699966430664,116.55023956298828,293500,NDSN
2018-11-06,126.7300033569336,128.5,125.48999786376953,126.36000061035156,116.17329406738281,193100,NDSN
2018-11-07,126.98999786376953,130.16000366210938,126.16999816894531,129.72000122070312,119.26239776611328,141900,NDSN
2018-11-08,129.67999267578125,130.60000610351562,129.19000244140625,130.0399932861328,119.55664825439453,149400,NDSN
2018-11-09,129.25999450683594,130.05999755859375,126.45999908447266,128.22000122070312,117.88335418701172,180300,NDSN
2018-11-12,127.77999877929688,128.07000732421875,124.44000244140625,124.69999694824219,114.64710998535156,275900,NDSN
2018-11-13,125.12999725341797,126.16999816894531,123.81999969482422,124.66000366210938,114.61034393310547,272600,NDSN
2018-11-14,125.87999725341797,127.79000091552734,124.5199966430664,125.83000183105469,115.6860122680664,284000,NDSN
2018-11-15,125.12999725341797,128.72000122070312,124.1500015258789,127.81999969482422,117.51558685302734,185700,NDSN
2018-11-16,126.81999969482422,128.10000610351562,124.37999725341797,127.33000183105469,117.06510162353516,195300,NDSN
2018-11-19,126.80999755859375,128.5399932861328,124.7300033569336,125.11000061035156,115.0240478515625,159000,NDSN
2018-11-20,123.44999694824219,125.01000213623047,120.6500015258789,121.73999786376953,111.92573547363281,261700,NDSN
2018-11-21,122.13999938964844,126.08000183105469,122.13999938964844,124.58000183105469,114.53678894042969,147800,NDSN
2018-11-23,123.30999755859375,125.04000091552734,122.80999755859375,123.80999755859375,113.82887268066406,71300,NDSN
2018-11-26,125.08000183105469,126.38999938964844,124.29000091552734,124.9000015258789,114.83100128173828,159300,NDSN
2018-11-27,120.80000305175781,122.5199966430664,117.58999633789062,118.55000305175781,108.992919921875,359900,NDSN
2018-11-28,119.2300033569336,121.2300033569336,117.44000244140625,121.19999694824219,111.42926025390625,267700,NDSN
2018-11-29,117.43000030517578,120.5,116.5999984741211,118.0,108.48724365234375,415900,NDSN
2018-11-30,117.76000213623047,121.38999938964844,117.33999633789062,120.41000366210938,110.70296478271484,407400,NDSN
2018-12-03,123.05999755859375,124.37999725341797,120.66999816894531,121.91000366210938,112.08201599121094,266000,NDSN
2018-12-04,121.66999816894531,122.68000030517578,115.66000366210938,116.12999725341797,106.76799774169922,263700,NDSN
2018-12-06,113.36000061035156,115.7699966430664,110.75,115.51000213623047,106.19795989990234,491500,NDSN
2018-12-07,115.68000030517578,117.93000030517578,112.41000366210938,113.47000122070312,104.32244873046875,340000,NDSN
2018-12-10,113.44999694824219,114.44999694824219,111.7300033569336,113.0999984741211,103.98224639892578,360500,NDSN
2018-12-11,114.83999633789062,115.9000015258789,110.51000213623047,110.68000030517578,101.7573471069336,421500,NDSN
2018-12-12,111.0,113.8499984741211,110.16000366210938,112.06999969482422,103.0353012084961,513600,NDSN
2018-12-13,118.56999969482422,121.0999984741211,115.43000030517578,119.16000366210938,109.55372619628906,1005300,NDSN
2018-12-14,117.23999786376953,121.26000213623047,117.23999786376953,118.55000305175781,108.992919921875,516100,NDSN
2018-12-17,118.48999786376953,119.62000274658203,114.19999694824219,114.77999877929688,105.52681732177734,431500,NDSN
2018-12-18,115.76000213623047,118.63999938964844,114.52999877929688,116.29000091552734,106.91510009765625,521000,NDSN
2018-12-19,116.41999816894531,118.81999969482422,113.80000305175781,114.77999877929688,105.52681732177734,494600,NDSN
2018-12-20,113.58000183105469,116.88999938964844,113.05999755859375,114.73999786376953,105.81269073486328,541700,NDSN
2018-12-21,115.19999694824219,116.52999877929688,113.26000213623047,113.45999908447266,104.63230895996094,894600,NDSN
2018-12-24,112.43000030517578,114.26000213623047,111.06999969482422,111.87000274658203,103.166015625,252200,NDSN
2018-12-26,112.47000122070312,117.54000091552734,112.13999938964844,117.41999816894531,108.28421020507812,292700,NDSN
2018-12-27,115.2300033569336,117.81999969482422,112.97000122070312,117.80999755859375,108.64382934570312,374400,NDSN
2018-12-28,118.0999984741211,120.23999786376953,116.25,117.5999984741211,108.4501953125,283500,NDSN
2018-12-31,118.22000122070312,119.44999694824219,116.62999725341797,119.3499984741211,110.06402587890625,288500,NDSN
2019-01-02,116.98999786376953,118.73999786376953,115.79000091552734,117.06999969482422,107.96142578125,400000,NDSN
2019-01-03,114.7300033569336,115.80999755859375,111.8499984741211,112.76000213623047,103.98675537109375,375900,NDSN
2019-01-04,114.3499984741211,117.52999877929688,114.11000061035156,116.7699966430664,107.68475341796875,333900,NDSN
2019-01-07,117.0999984741211,118.13999938964844,115.91000366210938,116.94999694824219,107.85076141357422,255100,NDSN
2019-01-08,118.69999694824219,121.19000244140625,118.68000030517578,120.02999877929688,110.69111633300781,318900,NDSN
2019-01-09,120.94000244140625,123.83999633789062,120.11000061035156,122.98999786376953,113.42080688476562,252600,NDSN
2019-01-10,122.69999694824219,124.62000274658203,122.33000183105469,124.4800033569336,114.7948989868164,230700,NDSN
2019-01-11,123.72000122070312,124.0,121.94999694824219,122.73999786376953,113.19026947021484,333800,NDSN
2019-01-14,121.41000366210938,123.5,120.19999694824219,122.37999725341797,112.8582763671875,234600,NDSN
2019-01-15,122.38999938964844,123.80999755859375,120.73999786376953,122.58000183105469,113.04269409179688,212900,NDSN
2019-01-16,122.47000122070312,124.4800033569336,122.47000122070312,123.6500015258789,114.02947998046875,153800,NDSN
2019-01-17,123.19999694824219,125.63999938964844,122.01000213623047,125.06999969482422,115.3389892578125,281900,NDSN
2019-01-18,125.0,129.47999572753906,124.37000274658203,128.27999877929688,118.29924011230469,242100,NDSN
2019-01-22,127.08000183105469,127.56999969482422,124.3499984741211,125.41000366210938,115.65253448486328,204800,NDSN
2019-01-23,126.30000305175781,127.1500015258789,123.80000305175781,124.95999908447266,115.2375259399414,171400,NDSN
2019-01-24,125.19000244140625,126.58000183105469,124.4800033569336,126.31999969482422,116.4917221069336,156200,NDSN
2019-01-25,127.58000183105469,129.1199951171875,124.72000122070312,127.69999694824219,117.76434326171875,190200,NDSN
2019-01-28,126.9000015258789,128.02999877929688,126.30000305175781,127.62000274658203,117.69058227539062,242200,NDSN
2019-01-29,128.6699981689453,129.41000366210938,127.76000213623047,128.07000732421875,118.10557556152344,176700,NDSN
2019-01-30,129.27999877929688,129.99000549316406,127.08999633789062,129.19000244140625,119.13842010498047,181900,NDSN
2019-01-31,128.92999267578125,130.39999389648438,127.68000030517578,129.63999938964844,119.55340576171875,245300,NDSN
2019-02-01,129.5500030517578,131.22000122070312,127.86000061035156,130.66000366210938,120.49406433105469,217700,NDSN
2019-02-04,131.0500030517578,132.36000061035156,129.89999389648438,132.24000549316406,121.95112609863281,151800,NDSN
2019-02-05,132.66000366210938,133.77000427246094,129.4199981689453,133.05999755859375,122.70733642578125,191900,NDSN
2019-02-06,132.33999633789062,135.13999938964844,132.33999633789062,134.0399932861328,123.611083984375,272900,NDSN
2019-02-07,133.08999633789062,133.75999450683594,130.0,132.33999633789062,122.04331970214844,294800,NDSN
2019-02-08,131.97999572753906,132.64999389648438,130.05999755859375,132.58999633789062,122.27386474609375,276100,NDSN
2019-02-11,132.66000366210938,133.77999877929688,132.3300018310547,133.1300048828125,122.77191925048828,166800,NDSN
2019-02-12,134.38999938964844,136.52000427246094,134.07000732421875,136.41000366210938,125.79669189453125,162000,NDSN
2019-02-13,136.83999633789062,138.10000610351562,136.55999755859375,137.25999450683594,126.58053588867188,188900,NDSN
2019-02-14,136.44000244140625,138.63999938964844,135.6999969482422,138.1999969482422,127.4474105834961,557000,NDSN
2019-02-15,138.5,140.0,137.1199951171875,139.6699981689453,128.80308532714844,223400,NDSN
2019-02-19,139.3300018310547,140.6199951171875,137.75999450683594,139.25999450683594,128.42494201660156,236400,NDSN
2019-02-20,139.92999267578125,140.02999877929688,138.60000610351562,138.82000732421875,128.0191650390625,394700,NDSN
2019-02-21,135.0,139.5500030517578,133.89999389648438,135.08999633789062,124.57937622070312,703300,NDSN
2019-02-22,135.0399932861328,137.5,134.67999267578125,137.47000122070312,126.7741928100586,316600,NDSN
2019-02-25,137.4199981689453,140.0,137.17999267578125,138.6300048828125,128.17025756835938,244100,NDSN
2019-02-26,138.25,138.72000122070312,136.72000122070312,136.74000549316406,126.42288208007812,168400,NDSN
2019-02-27,136.66000366210938,137.13999938964844,135.3699951171875,136.69000244140625,126.37660217285156,195500,NDSN
2019-02-28,136.83999633789062,136.83999633789062,134.17999267578125,135.75999450683594,125.51679992675781,198100,NDSN
2019-03-01,136.6300048828125,137.4199981689453,135.0500030517578,135.47000122070312,125.24872589111328,185500,NDSN
2019-03-04,135.9600067138672,137.25999450683594,134.1699981689453,136.42999267578125,126.13626098632812,278100,NDSN
2019-03-05,136.36000061035156,138.5800018310547,135.60000610351562,136.9499969482422,126.61705780029297,282400,NDSN
2019-03-06,137.1300048828125,137.6699981689453,135.17999267578125,135.7899932861328,125.54454040527344,296500,NDSN
2019-03-07,135.99000549316406,135.99000549316406,132.8699951171875,133.24000549316406,123.18697357177734,297200,NDSN
2019-03-08,132.10000610351562,132.3300018310547,130.32000732421875,131.9499969482422,121.99427032470703,231600,NDSN
2019-03-11,131.82000732421875,132.7899932861328,131.58999633789062,132.41000366210938,122.41956329345703,222200,NDSN
2019-03-12,132.41000366210938,132.8300018310547,131.64999389648438,132.35000610351562,122.36408996582031,213900,NDSN
2019-03-13,133.00999450683594,133.00999450683594,131.61000061035156,132.2899932861328,122.30863952636719,204700,NDSN
2019-03-14,132.36000061035156,132.36000061035156,131.0399932861328,131.22999572753906,121.32865142822266,217500,NDSN
2019-03-15,131.52999877929688,132.80999755859375,130.27000427246094,130.38999938964844,120.55201721191406,590000,NDSN
2019-03-18,130.5399932861328,133.02999877929688,130.3800048828125,132.97000122070312,122.93737030029297,208300,NDSN
2019-03-19,133.17999267578125,134.22999572753906,132.5800018310547,132.9199981689453,122.89110565185547,152000,NDSN
2019-03-20,132.72999572753906,134.1199951171875,130.64999389648438,131.74000549316406,121.80012512207031,203900,NDSN
2019-03-21,131.17999267578125,134.5,131.1300048828125,133.80999755859375,123.71395874023438,161500,NDSN
2019-03-22,132.8699951171875,133.25,127.8499984741211,127.94999694824219,118.29607391357422,160500,NDSN
2019-03-25,127.87999725341797,129.50999450683594,127.79000091552734,128.55999755859375,118.86006927490234,111500,NDSN
2019-03-26,129.7100067138672,130.69000244140625,129.08999633789062,130.2899932861328,120.45951843261719,112100,NDSN
2019-03-27,130.4600067138672,130.97000122070312,129.75,129.8800048828125,120.08048248291016,117700,NDSN
2019-03-28,129.9499969482422,131.97999572753906,129.9499969482422,131.55999755859375,121.63372039794922,106800,NDSN
2019-03-29,132.47000122070312,133.33999633789062,132.13999938964844,132.52000427246094,122.52129364013672,129600,NDSN
2019-04-01,133.1699981689453,136.0399932861328,131.19000244140625,135.83999633789062,125.59077453613281,178300,NDSN
2019-04-02,136.0500030517578,136.80999755859375,134.61000061035156,136.4499969482422,126.1547622680664,190900,NDSN
2019-04-03,137.0,138.3000030517578,136.77999877929688,137.3800048828125,127.01460266113281,131400,NDSN
2019-04-04,137.64999389648438,138.99000549316406,137.10000610351562,137.72000122070312,127.32889556884766,171200,NDSN
2019-04-05,137.13999938964844,139.07000732421875,136.88999938964844,138.9600067138672,128.47537231445312,166200,NDSN
2019-04-08,138.25999450683594,139.91000366210938,137.2899932861328,139.8800048828125,129.325927734375,95800,NDSN
2019-04-09,139.1699981689453,139.47000122070312,136.85000610351562,138.83999633789062,128.3644561767578,159200,NDSN
2019-04-10,138.97000122070312,141.47999572753906,138.38999938964844,140.88999938964844,130.25979614257812,233500,NDSN
2019-04-11,141.1300048828125,141.6199951171875,140.1199951171875,141.4199981689453,130.74978637695312,131400,NDSN
2019-04-12,142.0,144.33999633789062,141.5,144.24000549316406,133.3569793701172,177000,NDSN
2019-04-15,143.69000244140625,144.5,142.9600067138672,144.08999633789062,133.2183074951172,155900,NDSN
2019-04-16,145.0,146.39999389648438,144.5500030517578,144.9499969482422,134.01344299316406,235700,NDSN
2019-04-17,145.60000610351562,146.8000030517578,144.25999450683594,144.3800048828125,133.48648071289062,176500,NDSN
2019-04-18,145.0399932861328,146.25,143.86000061035156,146.10000610351562,135.07667541503906,151200,NDSN
2019-04-22,145.47999572753906,145.83999633789062,144.55999755859375,145.75999450683594,134.76231384277344,124100,NDSN
2019-04-23,146.36000061035156,149.22999572753906,145.77000427246094,148.1199951171875,136.94422912597656,244900,NDSN
2019-04-24,148.10000610351562,149.1699981689453,147.24000549316406,147.3800048828125,136.2600860595703,160400,NDSN
2019-04-25,146.49000549316406,146.77000427246094,143.2100067138672,143.61000061035156,132.77452087402344,137300,NDSN
2019-04-26,143.4499969482422,145.57000732421875,143.07000732421875,145.0800018310547,134.13363647460938,133100,NDSN
2019-04-29,145.39999389648438,146.74000549316406,145.24000549316406,146.60000610351562,135.53895568847656,131100,NDSN
2019-04-30,145.47999572753906,146.35000610351562,144.30999755859375,145.9499969482422,134.93804931640625,340100,NDSN
2019-05-01,146.6699981689453,146.6699981689453,142.83999633789062,144.2899932861328,133.40318298339844,168900,NDSN
2019-05-02,144.00999450683594,145.52999877929688,143.02999877929688,145.30999755859375,134.3462677001953,119500,NDSN
2019-05-03,146.24000549316406,149.07000732421875,146.05999755859375,148.86000061035156,137.62840270996094,131400,NDSN
2019-05-06,146.16000366210938,148.3699951171875,145.5,147.6199951171875,136.48196411132812,195800,NDSN
2019-05-07,146.13999938964844,146.13999938964844,143.0,145.10000610351562,134.15211486816406,115200,NDSN
2019-05-08,144.8000030517578,145.94000244140625,144.07000732421875,144.36000061035156,133.4679412841797,126300,NDSN
2019-05-09,143.07000732421875,143.92999267578125,141.32000732421875,143.27000427246094,132.46018981933594,143800,NDSN
2019-05-10,142.33999633789062,143.35000610351562,139.61000061035156,142.9600067138672,132.17355346679688,155000,NDSN
2019-05-13,140.25999450683594,140.3000030517578,137.39999389648438,137.9600067138672,127.55083465576172,150100,NDSN
2019-05-14,138.32000732421875,138.99000549316406,137.35000610351562,137.72999572753906,127.3381576538086,175800,NDSN
2019-05-15,136.27000427246094,138.86000061035156,135.0500030517578,137.9499969482422,127.54158020019531,239100,NDSN
2019-05-16,138.42999267578125,139.16000366210938,137.75,138.25999450683594,127.82817077636719,246100,NDSN
2019-05-17,136.6999969482422,137.52999877929688,135.17999267578125,135.22999572753906,125.02678680419922,275500,NDSN
2019-05-20,133.38999938964844,134.47000122070312,130.39999389648438,130.58999633789062,120.73690032958984,570500,NDSN
2019-05-21,128.25,134.64999389648438,128.0500030517578,133.86000061035156,123.76016998291016,611500,NDSN
2019-05-22,132.94000244140625,133.44000244140625,130.16000366210938,131.22999572753906,121.32865142822266,206600,NDSN
2019-05-23,130.0,130.0,127.73999786376953,128.72999572753906,119.01725769042969,230800,NDSN
2019-05-24,129.24000549316406,129.24000549316406,127.25,127.97000122070312,118.63714599609375,148400,NDSN
2019-05-28,128.22000122070312,129.6300048828125,126.80000305175781,126.9000015258789,117.64517211914062,240500,NDSN
2019-05-29,126.0199966430664,128.00999450683594,126.0199966430664,127.2300033569336,117.95112609863281,129100,NDSN
2019-05-30,127.23999786376953,128.99000549316406,126.76000213623047,127.26000213623047,117.97892761230469,119000,NDSN
2019-05-31,125.63999938964844,127.0,125.2699966430664,125.62000274658203,116.45852661132812,182000,NDSN
2019-06-03,125.41000366210938,127.13999938964844,124.91000366210938,125.69999694824219,116.53270721435547,295200,NDSN
2019-06-04,126.58999633789062,129.8699951171875,126.58999633789062,129.41000366210938,119.97211456298828,225100,NDSN
2019-06-05,130.05999755859375,132.3800048828125,128.55999755859375,130.8699951171875,121.32565307617188,179800,NDSN
2019-06-06,130.77999877929688,132.1999969482422,130.16000366210938,131.33999633789062,121.76138305664062,110500,NDSN
2019-06-07,132.1199951171875,133.55999755859375,131.6300048828125,132.33999633789062,122.68840789794922,98700,NDSN
2019-06-10,133.19000244140625,135.77999877929688,133.05999755859375,134.57000732421875,124.75577545166016,134300,NDSN
2019-06-11,135.75999450683594,136.88999938964844,133.35000610351562,133.5399932861328,123.80091094970703,120300,NDSN
2019-06-12,133.13999938964844,134.27000427246094,132.16000366210938,133.24000549316406,123.52281188964844,140400,NDSN
2019-06-13,133.7100067138672,134.41000366210938,132.92999267578125,133.85000610351562,124.08831787109375,96900,NDSN
2019-06-14,133.64999389648438,133.64999389648438,129.97999572753906,130.1199951171875,120.63032531738281,133300,NDSN
2019-06-17,130.1199951171875,130.39999389648438,128.9199981689453,129.27999877929688,119.85161590576172,109400,NDSN
2019-06-18,129.92999267578125,133.24000549316406,129.9199981689453,132.3800048828125,122.72551727294922,97300,NDSN
2019-06-19,132.42999267578125,133.27999877929688,131.41000366210938,133.0,123.30028533935547,107100,NDSN
2019-06-20,134.77000427246094,135.88999938964844,133.2100067138672,135.80999755859375,125.90534973144531,110200,NDSN
2019-06-21,135.7100067138672,136.1199951171875,134.0399932861328,135.72000122070312,125.82194519042969,220000,NDSN
2019-06-24,135.61000061035156,136.4499969482422,134.8800048828125,135.16000366210938,125.30277252197266,94400,NDSN
2019-06-25,135.25999450683594,135.8300018310547,134.38999938964844,134.5399932861328,124.72794342041016,139500,NDSN
2019-06-26,135.27000427246094,136.57000732421875,135.0,135.9499969482422,126.03518676757812,152900,NDSN
2019-06-27,136.4199981689453,138.8000030517578,135.80999755859375,138.69000244140625,128.57533264160156,123400,NDSN
2019-06-28,139.02999877929688,141.8000030517578,139.02999877929688,141.30999755859375,131.00425720214844,325200,NDSN
2019-07-01,143.25,144.9600067138672,140.32000732421875,141.6199951171875,131.29164123535156,190600,NDSN
2019-07-02,140.11000061035156,141.1300048828125,138.8800048828125,139.99000549316406,129.78050231933594,104400,NDSN
2019-07-03,140.5800018310547,141.22000122070312,140.2100067138672,140.83999633789062,130.56851196289062,78700,NDSN
2019-07-05,139.61000061035156,139.61000061035156,135.27999877929688,138.66000366210938,128.5474853515625,195000,NDSN
2019-07-08,137.77999877929688,139.39999389648438,135.8800048828125,136.3000030517578,126.35963439941406,127300,NDSN
2019-07-09,135.3699951171875,135.83999633789062,133.89999389648438,135.1699981689453,125.31204986572266,125100,NDSN
2019-07-10,135.97000122070312,136.74000549316406,134.38999938964844,134.44000244140625,124.63529205322266,164900,NDSN
2019-07-11,134.55999755859375,135.85000610351562,134.0,135.77999877929688,125.8775634765625,74000,NDSN
2019-07-12,136.4499969482422,139.22000122070312,136.27000427246094,138.8699951171875,128.74221801757812,115900,NDSN
2019-07-15,138.9600067138672,139.4499969482422,137.8800048828125,138.97999572753906,128.84422302246094,91000,NDSN
2019-07-16,139.32000732421875,140.66000366210938,139.10000610351562,139.8800048828125,129.6785125732422,87100,NDSN
2019-07-17,139.47999572753906,140.99000549316406,138.16000366210938,138.19000244140625,128.11175537109375,87700,NDSN
2019-07-18,138.42999267578125,138.42999267578125,136.55999755859375,136.80999755859375,126.83240509033203,78300,NDSN
2019-07-19,137.3800048828125,139.2899932861328,134.72000122070312,137.50999450683594,127.48135375976562,103100,NDSN
2019-07-22,137.6999969482422,139.13999938964844,137.63999938964844,138.38999938964844,128.29721069335938,93100,NDSN
2019-07-23,138.8300018310547,140.32000732421875,136.6199951171875,140.19000244140625,129.96592712402344,143600,NDSN
2019-07-24,139.67999267578125,143.6699981689453,139.67999267578125,143.0500030517578,132.61740112304688,192500,NDSN
2019-07-25,143.77999877929688,143.77999877929688,141.14999389648438,141.39999389648438,131.08770751953125,102800,NDSN
2019-07-26,140.5500030517578,142.3800048828125,138.30999755859375,141.8300018310547,131.48629760742188,122900,NDSN
2019-07-29,141.9199981689453,142.92999267578125,139.60000610351562,139.7100067138672,129.52096557617188,137800,NDSN
2019-07-30,138.72000122070312,142.60000610351562,138.32000732421875,142.52000427246094,132.12599182128906,126100,NDSN
2019-07-31,142.8000030517578,143.82000732421875,140.5,141.66000366210938,131.3287811279297,259000,NDSN
2019-08-01,142.13999938964844,143.0,137.44000244140625,138.52999877929688,128.42701721191406,215900,NDSN
2019-08-02,138.0,138.41000366210938,134.6300048828125,135.41000366210938,125.5345458984375,194600,NDSN
2019-08-05,132.32000732421875,133.8800048828125,130.9199981689453,132.0,122.37324523925781,162800,NDSN
2019-08-06,132.8800048828125,135.2899932861328,132.42999267578125,133.2899932861328,123.56915283203125,136200,NDSN
2019-08-07,131.52000427246094,134.74000549316406,130.10000610351562,134.47000122070312,124.6630859375,155400,NDSN
2019-08-08,136.1199951171875,139.4499969482422,135.24000549316406,139.24000549316406,129.08522033691406,244500,NDSN
2019-08-09,138.7100067138672,139.6199951171875,135.91000366210938,138.27999877929688,128.1952362060547,129600,NDSN
2019-08-12,137.42999267578125,138.60000610351562,135.8800048828125,136.2100067138672,126.27619934082031,105800,NDSN
2019-08-13,135.92999267578125,140.92999267578125,135.92999267578125,138.8800048828125,128.7515106201172,125700,NDSN
2019-08-14,136.32000732421875,140.1300048828125,132.99000549316406,133.4499969482422,123.71749114990234,346800,NDSN
2019-08-15,133.8800048828125,134.74000549316406,131.22000122070312,132.27999877929688,122.63282775878906,173500,NDSN
2019-08-16,133.8699951171875,137.1300048828125,132.80999755859375,136.83999633789062,126.86026763916016,143600,NDSN
2019-08-19,138.6999969482422,140.88999938964844,136.41000366210938,137.1999969482422,127.19406127929688,162800,NDSN
2019-08-20,136.5,139.99000549316406,135.14999389648438,135.47999572753906,125.59944915771484,305700,NDSN
2019-08-21,126.5,135.32000732421875,126.5,133.05999755859375,123.35594177246094,513900,NDSN
2019-08-22,133.85000610351562,135.16000366210938,132.74000549316406,134.82000732421875,124.98755645751953,153400,NDSN
2019-08-23,134.19000244140625,134.19000244140625,130.42999267578125,130.83999633789062,121.29783630371094,237100,NDSN
2019-08-26,132.83999633789062,132.83999633789062,130.0,131.38999938964844,122.16252899169922,132300,NDSN
2019-08-27,131.9600067138672,133.69000244140625,131.47000122070312,132.94000244140625,123.60368347167969,120400,NDSN
2019-08-28,132.3800048828125,134.3699951171875,132.13999938964844,133.1999969482422,123.84541320800781,118700,NDSN
2019-08-29,134.6999969482422,135.77000427246094,134.3300018310547,135.5800018310547,126.0582504272461,130100,NDSN
2019-08-30,136.4199981689453,136.75999450683594,134.8800048828125,135.9600067138672,126.41156005859375,182700,NDSN
2019-09-03,135.19000244140625,135.82000732421875,130.88999938964844,131.7899932861328,122.5344467163086,164300,NDSN
2019-09-04,133.11000061035156,134.1699981689453,132.2899932861328,133.47000122070312,124.09640502929688,164600,NDSN
2019-09-05,135.19000244140625,139.0500030517578,133.19000244140625,138.74000549316406,128.99636840820312,315100,NDSN
2019-09-06,139.24000549316406,140.13999938964844,138.0500030517578,138.42999267578125,128.7080841064453,168100,NDSN
2019-09-09,138.94000244140625,142.36000061035156,138.7100067138672,142.32000732421875,132.32493591308594,181500,NDSN
2019-09-10,142.0,145.50999450683594,141.25,145.3699951171875,135.1607208251953,172900,NDSN
2019-09-11,145.8000030517578,147.5800018310547,144.0800018310547,147.4499969482422,137.09457397460938,178400,NDSN
2019-09-12,147.83999633789062,147.9199981689453,145.44000244140625,146.8000030517578,136.49026489257812,142900,NDSN
2019-09-13,146.5,148.35000610351562,145.5399932861328,146.25999450683594,135.98822021484375,183700,NDSN
2019-09-16,145.30999755859375,146.44000244140625,144.42999267578125,145.2899932861328,135.08627319335938,163300,NDSN
2019-09-17,145.08999633789062,146.35000610351562,143.2100067138672,145.89999389648438,135.65342712402344,149000,NDSN
2019-09-18,145.35000610351562,145.8300018310547,143.80999755859375,144.99000549316406,134.80743408203125,124600,NDSN
2019-09-19,145.27999877929688,147.0,144.42999267578125,145.3300018310547,135.1234893798828,198000,NDSN
2019-09-20,145.55999755859375,146.32000732421875,143.52000427246094,143.6999969482422,133.6079864501953,506800,NDSN
2019-09-23,143.07000732421875,145.9499969482422,143.07000732421875,145.2899932861328,135.08627319335938,159900,NDSN
2019-09-24,145.3000030517578,146.80999755859375,142.50999450683594,143.00999450683594,132.96641540527344,177700,NDSN
2019-09-25,143.11000061035156,145.72000122070312,143.00999450683594,145.22000122070312,135.021240234375,141600,NDSN
2019-09-26,144.3800048828125,145.50999450683594,143.75,144.6300048828125,134.47267150878906,106300,NDSN
2019-09-27,145.2899932861328,145.2899932861328,143.3699951171875,144.27000427246094,134.13795471191406,122500,NDSN
2019-09-30,144.57000732421875,146.49000549316406,144.22000122070312,146.25999450683594,135.98822021484375,157400,NDSN
2019-10-01,146.5,147.82000732421875,141.83999633789062,141.92999267578125,131.96231079101562,106100,NDSN
2019-10-02,140.74000549316406,141.22999572753906,136.4600067138672,137.9499969482422,128.26181030273438,197300,NDSN
2019-10-03,137.9499969482422,138.89999389648438,135.1199951171875,138.3300018310547,128.61514282226562,130400,NDSN
2019-10-04,138.6999969482422,141.25,138.6300048828125,140.85000610351562,130.9581756591797,123400,NDSN
2019-10-07,139.8000030517578,142.11000061035156,139.8000030517578,141.0399932861328,131.13479614257812,103200,NDSN
2019-10-08,140.00999450683594,140.00999450683594,136.83999633789062,136.97000122070312,127.35063934326172,181300,NDSN
2019-10-09,138.41000366210938,138.41000366210938,136.64999389648438,137.75999450683594,128.08514404296875,132800,NDSN
2019-10-10,137.77999877929688,140.44000244140625,137.77999877929688,139.27000427246094,129.48915100097656,84800,NDSN
2019-10-11,141.25,145.17999267578125,141.25,142.88999938964844,132.8548583984375,136200,NDSN
2019-10-14,142.72000122070312,143.7899932861328,140.25,143.27000427246094,133.2081756591797,86600,NDSN
2019-10-15,143.4499969482422,145.47999572753906,142.39999389648438,144.8800048828125,134.70510864257812,94200,NDSN
2019-10-16,144.3000030517578,145.25999450683594,142.55999755859375,144.60000610351562,134.44482421875,134300,NDSN
2019-10-17,145.6699981689453,147.0,144.72000122070312,145.2899932861328,135.08627319335938,189600,NDSN
2019-10-18,145.30999755859375,147.0,145.08999633789062,146.77000427246094,136.46238708496094,142200,NDSN
2019-10-21,147.0,150.25999450683594,146.8800048828125,150.08999633789062,139.5492401123047,166500,NDSN
2019-10-22,149.6300048828125,153.42999267578125,148.64999389648438,153.0500030517578,142.30136108398438,281300,NDSN
2019-10-23,152.8300018310547,153.8699951171875,151.47999572753906,153.77999877929688,142.98011779785156,267500,NDSN
2019-10-24,154.0,155.75,152.32000732421875,154.80999755859375,143.937744140625,279400,NDSN
2019-10-25,154.64999389648438,156.67999267578125,154.17999267578125,154.24000549316406,143.4077911376953,138100,NDSN
2019-10-28,155.3000030517578,156.3800048828125,154.52000427246094,156.02000427246094,145.06275939941406,160200,NDSN
2019-10-29,155.61000061035156,158.47999572753906,154.47999572753906,157.97000122070312,146.87582397460938,124300,NDSN
2019-10-30,157.97999572753906,158.3300018310547,156.5,157.8300018310547,146.74566650390625,177200,NDSN
2019-10-31,157.25,157.5500030517578,155.52000427246094,156.80999755859375,145.79727172851562,341100,NDSN
2019-11-01,157.89999389648438,160.3000030517578,157.5500030517578,160.02000427246094,148.7818603515625,250300,NDSN
2019-11-04,161.16000366210938,163.07000732421875,160.7100067138672,162.50999450683594,151.0969696044922,301200,NDSN
2019-11-05,163.0399932861328,164.4199981689453,162.27999877929688,164.3699951171875,152.82632446289062,181900,NDSN
2019-11-06,163.25999450683594,163.6999969482422,162.16000366210938,162.55999755859375,151.14346313476562,170700,NDSN
2019-11-07,163.97000122070312,165.10000610351562,163.22999572753906,164.32000732421875,152.77987670898438,170600,NDSN
2019-11-08,164.08999633789062,164.35000610351562,162.38999938964844,163.19000244140625,151.72918701171875,220400,NDSN
2019-11-11,162.08999633789062,164.75999450683594,161.77000427246094,164.60000610351562,153.04017639160156,118300,NDSN
2019-11-12,164.83999633789062,165.2899932861328,163.22000122070312,164.4499969482422,152.9007110595703,141100,NDSN
2019-11-13,163.4600067138672,164.10000610351562,161.61000061035156,162.9600067138672,151.515380859375,175900,NDSN
2019-11-14,162.4199981689453,163.42999267578125,161.85000610351562,162.63999938964844,151.2178497314453,209700,NDSN
2019-11-15,163.47999572753906,164.33999633789062,162.72000122070312,163.27000427246094,151.8035888671875,140200,NDSN
2019-11-18,163.10000610351562,164.9600067138672,161.8699951171875,164.47999572753906,152.92861938476562,149400,NDSN
2019-11-19,163.9499969482422,165.60000610351562,161.92999267578125,164.9199981689453,153.33770751953125,205500,NDSN
2019-11-20,164.4199981689453,165.77000427246094,163.0800018310547,164.4600067138672,152.91001892089844,311200,NDSN
2019-11-21,164.22999572753906,164.94000244140625,162.61000061035156,163.83999633789062,152.3335723876953,192600,NDSN
2019-11-22,164.49000549316406,164.6999969482422,162.91000366210938,164.3000030517578,152.7612762451172,124900,NDSN
2019-11-25,164.13999938964844,167.2100067138672,164.13999938964844,165.2100067138672,153.6073455810547,205900,NDSN
2019-11-26,164.88999938964844,166.5500030517578,164.64999389648438,166.17999267578125,154.50918579101562,204000,NDSN
2019-11-27,165.55999755859375,167.0,165.11000061035156,166.97999572753906,155.25303649902344,167700,NDSN
2019-11-29,166.72999572753906,167.47000122070312,165.47000122070312,165.8300018310547,154.18382263183594,90300,NDSN
2019-12-02,166.69000244140625,167.32000732421875,164.3800048828125,165.33999633789062,153.7282257080078,148400,NDSN
2019-12-03,163.52000427246094,164.47999572753906,161.2899932861328,164.0399932861328,152.51951599121094,168200,NDSN
2019-12-04,163.97000122070312,166.99000549316406,163.2100067138672,164.60000610351562,153.04017639160156,207700,NDSN
2019-12-05,165.58999633789062,166.69000244140625,165.11000061035156,165.97000122070312,154.31396484375,164200,NDSN
2019-12-06,167.5,168.97999572753906,166.94000244140625,167.66000366210938,155.8852996826172,252900,NDSN
2019-12-09,167.3699951171875,168.24000549316406,166.1699981689453,166.25,154.5742950439453,126700,NDSN
2019-12-10,166.2899932861328,167.6199951171875,164.36000061035156,165.6300048828125,153.9978790283203,174500,NDSN
2019-12-11,165.80999755859375,167.47999572753906,164.89999389648438,167.0,155.27163696289062,341400,NDSN
2019-12-12,164.6999969482422,166.0399932861328,160.97999572753906,163.0,151.55255126953125,719700,NDSN
2019-12-13,162.3000030517578,165.1300048828125,159.60000610351562,161.52000427246094,150.1764678955078,522600,NDSN
2019-12-16,160.5399932861328,165.3699951171875,160.5399932861328,164.80999755859375,153.23545837402344,482800,NDSN
2019-12-17,164.91000366210938,167.5,164.55999755859375,166.83999633789062,155.12294006347656,330500,NDSN
2019-12-18,165.85000610351562,166.22000122070312,163.05999755859375,163.85000610351562,152.3428497314453,311900,NDSN
2019-12-19,162.8000030517578,164.19000244140625,162.2100067138672,163.64999389648438,152.51058959960938,394400,NDSN
2019-12-20,164.5,165.27999877929688,162.89999389648438,164.38999938964844,153.20025634765625,1190000,NDSN
2019-12-23,164.72999572753906,164.97000122070312,163.25999450683594,163.88999938964844,152.7342987060547,252200,NDSN
2019-12-24,164.3699951171875,164.77000427246094,163.1999969482422,163.27999877929688,152.16578674316406,87400,NDSN
2019-12-26,162.86000061035156,163.8300018310547,162.2899932861328,162.86000061035156,151.7743682861328,207500,NDSN
2019-12-27,163.1300048828125,165.16000366210938,162.17999267578125,162.8000030517578,151.71849060058594,289500,NDSN
2019-12-30,162.6999969482422,164.8000030517578,162.25,163.36000061035156,152.24034118652344,230000,NDSN
2019-12-31,163.5500030517578,164.8000030517578,162.63999938964844,162.83999633789062,151.75575256347656,227100,NDSN
2020-01-02,163.22000122070312,165.22999572753906,162.22999572753906,165.22999572753906,153.9830780029297,251900,NDSN
2020-01-03,162.8300018310547,164.3800048828125,162.52000427246094,164.05999755859375,152.89271545410156,163200,NDSN
2020-01-06,163.82000732421875,163.89999389648438,162.44000244140625,163.60000610351562,152.46400451660156,160900,NDSN
2020-01-07,162.8699951171875,164.1999969482422,162.22999572753906,163.00999450683594,151.9141845703125,201200,NDSN
2020-01-08,163.0,163.39999389648438,161.67999267578125,162.17999267578125,151.14065551757812,197500,NDSN
2020-01-09,162.74000549316406,164.6699981689453,162.1699981689453,164.6300048828125,153.4239044189453,180500,NDSN
2020-01-10,164.72999572753906,164.85000610351562,163.42999267578125,163.61000061035156,152.47332763671875,314800,NDSN
2020-01-13,163.5,165.38999938964844,163.24000549316406,165.3699951171875,154.11351013183594,128200,NDSN
2020-01-14,165.3699951171875,165.83999633789062,163.75,165.08999633789062,153.8525848388672,331900,NDSN
2020-01-15,165.42999267578125,166.30999755859375,164.2899932861328,165.99000549316406,154.69134521484375,178300,NDSN
2020-01-16,166.88999938964844,168.6199951171875,166.88999938964844,168.3300018310547,156.87208557128906,193000,NDSN
2020-01-17,168.5,170.14999389648438,168.5,169.5,157.96240234375,197300,NDSN
2020-01-21,168.9600067138672,170.3300018310547,167.97000122070312,168.7100067138672,157.2261962890625,290100,NDSN
2020-01-22,169.50999450683594,171.66000366210938,169.50999450683594,170.33999633789062,158.7452392578125,563000,NDSN
2020-01-23,170.0,172.5800018310547,168.64999389648438,172.2899932861328,160.56248474121094,338400,NDSN
2020-01-24,172.3000030517578,173.39999389648438,170.36000061035156,170.97999572753906,159.3416748046875,266900,NDSN
2020-01-27,173.07000732421875,173.9600067138672,168.85000610351562,173.00999450683594,161.23345947265625,297300,NDSN
2020-01-28,173.02000427246094,176.75,173.02000427246094,175.3300018310547,163.39559936523438,297000,NDSN
2020-01-29,175.47000122070312,176.85000610351562,173.92999267578125,173.97999572753906,162.13743591308594,212500,NDSN
2020-01-30,173.17999267578125,174.08999633789062,170.5,172.55999755859375,160.81411743164062,309800,NDSN
2020-01-31,171.8699951171875,171.8800048828125,168.19000244140625,168.86000061035156,157.365966796875,416300,NDSN
2020-02-03,169.85000610351562,172.52999877929688,169.58999633789062,171.6699981689453,159.98472595214844,172200,NDSN
2020-02-04,174.42999267578125,178.49000549316406,174.42999267578125,178.02999877929688,165.9117889404297,203200,NDSN
2020-02-05,180.27999877929688,180.27999877929688,178.2100067138672,178.75999450683594,166.5920867919922,204800,NDSN
2020-02-06,178.7899932861328,178.7899932861328,175.9600067138672,177.61000061035156,165.5203857421875,192400,NDSN
2020-02-07,175.22000122070312,177.55999755859375,173.3699951171875,175.1999969482422,163.2744140625,199800,NDSN
2020-02-10,174.36000061035156,176.22999572753906,174.36000061035156,175.6199951171875,163.6658477783203,118000,NDSN
2020-02-11,175.8000030517578,178.07000732421875,175.25999450683594,176.97000122070312,164.92393493652344,131900,NDSN
2020-02-12,176.69000244140625,179.10000610351562,176.66000366210938,178.50999450683594,166.3590850830078,132100,NDSN
2020-02-13,177.47000122070312,178.7100067138672,177.19000244140625,177.6199951171875,165.5296630859375,101400,NDSN
2020-02-14,177.60000610351562,178.6300048828125,176.4199981689453,177.49000549316406,165.40855407714844,143300,NDSN
2020-02-18,176.60000610351562,176.6699981689453,172.0399932861328,172.5800018310547,160.832763671875,309400,NDSN
2020-02-19,173.0800018310547,175.49000549316406,170.75,171.49000549316406,159.8169403076172,424400,NDSN
2020-02-20,169.80999755859375,175.8699951171875,169.80999755859375,172.10000610351562,160.3854522705078,377000,NDSN
2020-02-21,171.1999969482422,171.86000061035156,169.91000366210938,170.1999969482422,158.61477661132812,291900,NDSN
2020-02-24,163.94000244140625,165.5,161.77999877929688,164.5800018310547,153.72052001953125,271800,NDSN
2020-02-25,164.85000610351562,166.25,156.75,157.16000366210938,146.7901153564453,317800,NDSN
2020-02-26,158.6699981689453,160.02999877929688,155.27999877929688,155.41000366210938,145.15554809570312,244100,NDSN
2020-02-27,152.4199981689453,154.75999450683594,149.3800048828125,149.4600067138672,139.5981903076172,259000,NDSN
2020-02-28,144.7100067138672,147.32000732421875,142.4600067138672,145.3000030517578,135.712646484375,486300,NDSN
2020-03-02,146.4600067138672,148.33999633789062,143.52999877929688,147.91000366210938,138.1504669189453,513500,NDSN
2020-03-03,148.47999572753906,151.19000244140625,143.5,144.8000030517578,135.24560546875,367800,NDSN
2020-03-04,147.6199951171875,149.4600067138672,145.2899932861328,148.10000610351562,138.32794189453125,385300,NDSN
2020-03-05,144.16000366210938,145.6300048828125,140.6999969482422,143.07000732421875,133.62982177734375,312100,NDSN
2020-03-06,138.25,143.92999267578125,137.72000122070312,143.14999389648438,133.70452880859375,322300,NDSN
2020-03-09,133.1999969482422,135.80999755859375,130.0,131.88999938964844,123.18748474121094,338800,NDSN
2020-03-10,136.6699981689453,140.77000427246094,133.22999572753906,140.72000122070312,131.4348602294922,298300,NDSN
2020-03-11,136.39999389648438,138.16000366210938,132.8800048828125,133.8000030517578,124.97148895263672,353400,NDSN
2020-03-12,124.56999969482422,127.87999725341797,115.80999755859375,116.63999938964844,108.9437255859375,379100,NDSN
2020-03-13,123.30000305175781,125.83000183105469,115.72000122070312,125.7300033569336,117.43395233154297,374300,NDSN
2020-03-16,107.5,112.08999633789062,102.61000061035156,102.70999908447266,95.93286895751953,406400,NDSN
2020-03-17,104.66999816894531,111.16999816894531,100.81999969482422,110.06999969482422,102.80723571777344,447100,NDSN
2020-03-18,102.02999877929688,109.45999908447266,98.5999984741211,104.16999816894531,97.29656219482422,339200,NDSN
2020-03-19,102.62000274658203,117.33000183105469,97.45999908447266,114.58000183105469,107.0196533203125,272700,NDSN
2020-03-20,112.62999725341797,116.19000244140625,105.54000091552734,107.23999786376953,100.16398620605469,580100,NDSN
2020-03-23,105.72000122070312,107.05999755859375,96.45999908447266,99.45999908447266,92.89733123779297,440200,NDSN
2020-03-24,105.8499984741211,119.56999969482422,104.37000274658203,119.05000305175781,111.19471740722656,438900,NDSN
2020-03-25,121.48999786376953,124.98999786376953,117.16000366210938,119.69000244140625,111.79248809814453,519700,NDSN
2020-03-26,121.94999694824219,134.2899932861328,119.94000244140625,132.97999572753906,124.2055892944336,331400,NDSN
2020-03-27,129.38999938964844,134.57000732421875,126.63999938964844,131.88999938964844,123.18748474121094,438300,NDSN
2020-03-30,132.32000732421875,139.52999877929688,131.67999267578125,138.58999633789062,129.44540405273438,390700,NDSN
2020-03-31,136.5800018310547,139.75,134.07000732421875,135.07000732421875,126.15768432617188,446400,NDSN
2020-04-01,129.24000549316406,131.0399932861328,122.02999877929688,125.01000213623047,116.76145935058594,367000,NDSN
2020-04-02,125.27999877929688,130.3699951171875,120.91000366210938,127.9000015258789,119.46076202392578,267400,NDSN
2020-04-03,128.27000427246094,130.3300018310547,125.4000015258789,127.43000030517578,119.02178955078125,202600,NDSN
2020-04-06,135.0,140.8699951171875,133.75999450683594,139.69000244140625,130.4728240966797,329200,NDSN
2020-04-07,144.0,148.72000122070312,142.60000610351562,142.66000366210938,133.2469024658203,309900,NDSN
2020-04-08,144.6699981689453,148.27000427246094,141.6199951171875,147.33999633789062,137.61805725097656,226900,NDSN
2020-04-09,149.13999938964844,152.94000244140625,148.44000244140625,152.60000610351562,142.53099060058594,242000,NDSN
2020-04-13,150.41000366210938,150.5800018310547,140.25,141.41000366210938,132.079345703125,271300,NDSN
2020-04-14,144.07000732421875,148.0,144.07000732421875,144.8000030517578,135.24560546875,385600,NDSN
2020-04-15,139.47000122070312,142.86000061035156,135.0399932861328,141.0800018310547,131.77110290527344,200900,NDSN
2020-04-16,141.97000122070312,146.6199951171875,140.10000610351562,146.27999877929688,136.62799072265625,369900,NDSN
2020-04-17,153.3000030517578,153.85000610351562,150.0,152.47999572753906,142.41891479492188,397300,NDSN
2020-04-20,148.11000061035156,153.69000244140625,145.00999450683594,151.8699951171875,141.84913635253906,245500,NDSN
2020-04-21,148.75,152.5399932861328,145.5500030517578,151.22999572753906,141.2513885498047,343100,NDSN
2020-04-22,152.33999633789062,154.8800048828125,149.3000030517578,152.8300018310547,142.74578857421875,194300,NDSN
2020-04-23,154.49000549316406,158.97000122070312,153.4199981689453,155.41000366210938,145.15554809570312,255900,NDSN
2020-04-24,155.00999450683594,157.08999633789062,152.97999572753906,156.4600067138672,146.13632202148438,207500,NDSN
2020-04-27,157.02999877929688,163.22999572753906,157.02999877929688,161.75999450683594,151.0865936279297,200000,NDSN
2020-04-28,162.8800048828125,166.35000610351562,159.05999755859375,159.9499969482422,149.39601135253906,259700,NDSN
2020-04-29,164.50999450683594,166.19000244140625,161.27999877929688,165.10000610351562,154.20623779296875,230900,NDSN
2020-04-30,161.50999450683594,163.91000366210938,159.0500030517578,160.91000366210938,150.2926788330078,390400,NDSN
2020-05-01,158.35000610351562,160.22000122070312,155.66000366210938,157.85000610351562,147.43458557128906,178700,NDSN
2020-05-04,157.14999389648438,157.52999877929688,155.33999633789062,156.9199981689453,146.56594848632812,194200,NDSN
2020-05-05,158.3300018310547,160.97999572753906,157.0800018310547,157.8699951171875,147.45326232910156,175900,NDSN
2020-05-06,159.75999450683594,161.67999267578125,156.11000061035156,160.19000244140625,149.6201629638672,250900,NDSN
2020-05-07,163.1699981689453,164.5399932861328,159.99000549316406,160.25,149.6762237548828,184500,NDSN
2020-05-08,164.1999969482422,166.3300018310547,162.69000244140625,166.32000732421875,155.3457489013672,270900,NDSN
2020-05-11,164.77000427246094,168.97000122070312,163.02000427246094,167.67999267578125,156.61595153808594,302700,NDSN
2020-05-12,169.22000122070312,169.22000122070312,160.64999389648438,160.8300018310547,150.21792602539062,187000,NDSN
2020-05-13,160.7100067138672,164.72000122070312,159.10000610351562,160.05999755859375,149.49876403808594,355800,NDSN
2020-05-14,157.1999969482422,162.64999389648438,153.00999450683594,162.3699951171875,151.65631103515625,250500,NDSN
2020-05-15,158.75,163.85000610351562,158.0,162.47000122070312,151.7497100830078,419500,NDSN
2020-05-18,168.16000366210938,174.7899932861328,165.3300018310547,173.00999450683594,161.59423828125,310800,NDSN
2020-05-19,174.99000549316406,176.85000610351562,172.30999755859375,172.44000244140625,161.06190490722656,316600,NDSN
2020-05-20,176.2899932861328,177.50999450683594,173.97999572753906,174.4499969482422,162.93927001953125,337700,NDSN
2020-05-21,177.36000061035156,179.5,174.02999877929688,175.4199981689453,163.84524536132812,513100,NDSN
2020-05-22,176.5800018310547,176.5800018310547,172.22000122070312,174.14999389648438,163.0121612548828,239800,NDSN
2020-05-26,176.77000427246094,179.9499969482422,176.47000122070312,177.41000366210938,166.0636749267578,380300,NDSN
2020-05-27,179.08999633789062,179.3000030517578,174.58999633789062,178.5,167.08396911621094,473100,NDSN
2020-05-28,179.3699951171875,185.36000061035156,177.82000732421875,182.3800048828125,170.71588134765625,495800,NDSN
2020-05-29,182.0,188.75999450683594,180.05999755859375,188.35000610351562,176.30397033691406,2973400,NDSN
2020-06-01,188.1199951171875,189.9499969482422,185.16000366210938,185.3699951171875,173.51455688476562,494600,NDSN
2020-06-02,184.69000244140625,188.17999267578125,183.4600067138672,187.7899932861328,175.77981567382812,449500,NDSN
2020-06-03,188.52999877929688,193.67999267578125,188.0,192.92999267578125,180.59107971191406,356600,NDSN
2020-06-04,191.00999450683594,192.99000549316406,188.10000610351562,190.52000427246094,178.3352508544922,330300,NDSN
2020-06-05,193.7899932861328,202.38999938964844,192.91000366210938,200.63999938964844,187.80801391601562,438100,NDSN
2020-06-08,200.2100067138672,203.6699981689453,199.6300048828125,200.97999572753906,188.12625122070312,329000,NDSN
2020-06-09,197.72999572753906,202.72999572753906,197.02999877929688,199.77999877929688,187.00299072265625,371200,NDSN
2020-06-10,198.6199951171875,200.05999755859375,196.35000610351562,196.60000610351562,184.0263671875,431600,NDSN
2020-06-11,189.5399932861328,191.8699951171875,188.0500030517578,188.4499969482422,176.39759826660156,346400,NDSN
2020-06-12,194.3800048828125,194.3800048828125,181.36000061035156,185.67999267578125,173.8047332763672,312100,NDSN
2020-06-15,182.5800018310547,193.82000732421875,182.1300048828125,192.10000610351562,179.81417846679688,238100,NDSN
2020-06-16,198.0800018310547,199.99000549316406,193.52000427246094,197.47000122070312,184.84075927734375,379400,NDSN
2020-06-17,194.35000610351562,198.13999938964844,193.4499969482422,194.11000061035156,181.69564819335938,230600,NDSN
2020-06-18,193.97000122070312,195.5399932861328,192.3000030517578,194.25,181.82667541503906,241400,NDSN
2020-06-19,197.5,198.24000549316406,192.99000549316406,193.75999450683594,181.3680419921875,359100,NDSN
2020-06-22,193.32000732421875,194.61000061035156,189.52999877929688,192.8800048828125,180.5443115234375,282600,NDSN
2020-06-23,195.85000610351562,196.49000549316406,190.89999389648438,191.0800018310547,178.85939025878906,279900,NDSN
2020-06-24,190.32000732421875,190.32000732421875,183.3699951171875,184.69000244140625,172.87808227539062,266500,NDSN
2020-06-25,184.99000549316406,186.72999572753906,182.10000610351562,186.72999572753906,174.78761291503906,236700,NDSN
2020-06-26,185.38999938964844,187.0,179.1300048828125,180.3699951171875,168.83436584472656,588900,NDSN
2020-06-29,182.02999877929688,187.2100067138672,180.8300018310547,184.86000061035156,173.0371856689453,212100,NDSN
2020-06-30,185.24000549316406,191.11000061035156,184.94000244140625,189.7100067138672,177.57701110839844,245800,NDSN
2020-07-01,190.80999755859375,190.80999755859375,184.60000610351562,185.50999450683594,173.64566040039062,188500,NDSN
2020-07-02,188.0800018310547,189.75999450683594,181.75,186.14999389648438,174.24473571777344,263500,NDSN
2020-07-06,189.74000549316406,190.0,187.89999389648438,189.72000122070312,177.58641052246094,886300,NDSN
2020-07-07,189.0500030517578,190.0,186.88999938964844,187.00999450683594,175.04971313476562,372500,NDSN
2020-07-08,189.39999389648438,189.39999389648438,185.36000061035156,187.52999877929688,175.5364227294922,181400,NDSN
2020-07-09,188.4499969482422,189.08999633789062,184.6699981689453,186.92999267578125,174.97482299804688,313300,NDSN
2020-07-10,187.39999389648438,187.69000244140625,185.02000427246094,186.3800048828125,174.45999145507812,180900,NDSN
2020-07-13,188.22000122070312,189.91000366210938,184.72000122070312,185.00999450683594,173.17762756347656,200400,NDSN
2020-07-14,185.5399932861328,189.75,184.6300048828125,189.39999389648438,177.28683471679688,165400,NDSN
2020-07-15,189.89999389648438,192.94000244140625,188.83999633789062,192.2899932861328,179.99203491210938,358400,NDSN
2020-07-16,192.44000244140625,192.4499969482422,190.0800018310547,191.3000030517578,179.06536865234375,358400,NDSN
2020-07-17,191.36000061035156,192.75999450683594,190.24000549316406,190.50999450683594,178.32586669921875,230900,NDSN
2020-07-20,190.2100067138672,191.0800018310547,184.02000427246094,189.66000366210938,177.53025817871094,281800,NDSN
2020-07-21,191.58999633789062,193.80999755859375,190.27999877929688,192.27000427246094,179.9733123779297,450900,NDSN
2020-07-22,192.0500030517578,194.1699981689453,190.47999572753906,192.9499969482422,180.60983276367188,285900,NDSN
2020-07-23,193.57000732421875,197.83999633789062,193.11000061035156,196.47999572753906,183.9140625,461000,NDSN
2020-07-24,196.00999450683594,196.00999450683594,191.7899932861328,192.22999572753906,179.9358673095703,219500,NDSN
2020-07-27,192.42999267578125,195.8800048828125,191.25999450683594,195.33999633789062,182.84695434570312,163900,NDSN
2020-07-28,194.64999389648438,195.24000549316406,192.11000061035156,192.33999633789062,180.03883361816406,130500,NDSN
2020-07-29,193.4199981689453,197.49000549316406,191.6699981689453,196.82000732421875,184.23231506347656,175100,NDSN
2020-07-30,193.66000366210938,195.00999450683594,191.72999572753906,193.91000366210938,181.50843811035156,158500,NDSN
2020-07-31,193.72999572753906,193.72999572753906,189.80999755859375,193.6300048828125,181.246337890625,239800,NDSN
2020-08-03,195.0,197.9600067138672,194.0,196.58999633789062,184.01699829101562,248600,NDSN
2020-08-04,196.5500030517578,196.58999633789062,193.3699951171875,194.3000030517578,181.87347412109375,204000,NDSN
2020-08-05,195.0,199.0399932861328,194.25,197.69000244140625,185.04666137695312,242600,NDSN
2020-08-06,197.9600067138672,198.5,195.02999877929688,196.19000244140625,183.64260864257812,175900,NDSN
2020-08-07,196.2899932861328,201.22000122070312,196.2899932861328,199.4499969482422,186.69410705566406,398600,NDSN
2020-08-10,200.0,202.75999450683594,198.6199951171875,201.63999938964844,188.74403381347656,217000,NDSN
2020-08-11,202.5,207.5500030517578,201.1699981689453,204.6300048828125,191.5428009033203,207400,NDSN
2020-08-12,206.60000610351562,208.3699951171875,205.02000427246094,206.83999633789062,193.6114501953125,201300,NDSN
2020-08-13,205.74000549316406,207.83999633789062,204.3699951171875,206.4600067138672,193.25576782226562,151300,NDSN
2020-08-14,206.41000366210938,207.3000030517578,205.32000732421875,206.6699981689453,193.4523468017578,296700,NDSN
2020-08-17,207.41000366210938,208.32000732421875,205.8699951171875,206.97000122070312,193.73316955566406,273200,NDSN
2020-08-18,207.0,208.3000030517578,205.27999877929688,205.66000366210938,192.50692749023438,219300,NDSN
2020-08-19,206.9199981689453,207.0,203.8000030517578,204.13999938964844,191.08412170410156,312700,NDSN
2020-08-20,193.30999755859375,194.30999755859375,186.88999938964844,191.00999450683594,178.79388427734375,563600,NDSN
2020-08-21,191.0,191.47999572753906,188.3699951171875,189.07000732421875,176.9779815673828,234900,NDSN
2020-08-24,190.94000244140625,191.19000244140625,186.8699951171875,188.24000549316406,176.5653076171875,253800,NDSN
2020-08-25,188.72000122070312,189.25999450683594,186.02999877929688,188.66000366210938,176.95921325683594,301900,NDSN
2020-08-26,188.61000061035156,192.47000122070312,187.8699951171875,192.41000366210938,180.47662353515625,244900,NDSN
2020-08-27,192.6300048828125,194.14999389648438,188.63999938964844,189.1199951171875,177.39065551757812,285500,NDSN
2020-08-28,189.64999389648438,190.58999633789062,187.3800048828125,187.9600067138672,176.3026123046875,149800,NDSN
2020-08-31,188.25999450683594,188.27000427246094,186.2899932861328,186.49000549316406,174.9237823486328,212300,NDSN
2020-09-01,186.85000610351562,190.47999572753906,185.05999755859375,189.77999877929688,178.00973510742188,240500,NDSN
2020-09-02,190.63999938964844,197.88999938964844,190.22999572753906,197.11000061035156,184.88511657714844,204300,NDSN
2020-09-03,196.52000427246094,196.52000427246094,187.41000366210938,188.57000732421875,176.87478637695312,195100,NDSN
2020-09-04,190.9199981689453,191.86000061035156,184.2100067138672,186.8800048828125,175.28961181640625,192900,NDSN
2020-09-08,186.25999450683594,187.41000366210938,182.6199951171875,185.94000244140625,174.40786743164062,294700,NDSN
2020-09-09,188.16000366210938,191.8800048828125,188.16000366210938,189.82000732421875,178.04725646972656,194300,NDSN
2020-09-10,189.88999938964844,192.52000427246094,189.38999938964844,190.82000732421875,178.9852752685547,227200,NDSN
2020-09-11,191.33999633789062,192.66000366210938,189.5500030517578,191.6699981689453,179.7825469970703,198000,NDSN
2020-09-14,192.97999572753906,197.1300048828125,192.64999389648438,195.10000610351562,182.9998016357422,156600,NDSN
2020-09-15,195.52000427246094,199.6300048828125,195.52000427246094,198.47999572753906,186.17018127441406,182600,NDSN
2020-09-16,199.57000732421875,201.42999267578125,197.88999938964844,198.1999969482422,185.90750122070312,200100,NDSN
2020-09-17,195.4600067138672,197.88999938964844,193.69000244140625,194.75,182.6715087890625,287200,NDSN
2020-09-18,195.1699981689453,195.61000061035156,189.72999572753906,192.0,180.09205627441406,709800,NDSN
2020-09-21,188.6999969482422,190.0,184.8800048828125,187.72000122070312,176.07752990722656,261700,NDSN
2020-09-22,187.5500030517578,188.2899932861328,183.91000366210938,186.07000732421875,174.52984619140625,218700,NDSN
2020-09-23,186.55999755859375,188.22000122070312,182.72999572753906,182.77999877929688,171.44386291503906,149600,NDSN
2020-09-24,182.6999969482422,183.5800018310547,180.1300048828125,181.17999267578125,169.94309997558594,285200,NDSN
2020-09-25,181.00999450683594,184.4499969482422,180.00999450683594,183.67999267578125,172.28805541992188,417200,NDSN
2020-09-28,186.08999633789062,192.1300048828125,183.74000549316406,189.8000030517578,178.0285186767578,175000,NDSN
2020-09-29,189.77000427246094,192.33999633789062,189.2100067138672,191.4199981689453,179.5480194091797,206400,NDSN
2020-09-30,192.7899932861328,195.25999450683594,190.5399932861328,191.82000732421875,179.92323303222656,225500,NDSN
2020-10-01,191.58999633789062,193.42999267578125,191.11000061035156,191.72000122070312,179.8293914794922,147100,NDSN
2020-10-02,188.7100067138672,191.6999969482422,187.19000244140625,190.47999572753906,178.66627502441406,124700,NDSN
2020-10-05,192.1300048828125,196.47999572753906,192.1300048828125,196.25999450683594,184.08782958984375,127000,NDSN
2020-10-06,197.47999572753906,202.0,195.83999633789062,197.74000549316406,185.47608947753906,202800,NDSN
2020-10-07,200.3800048828125,202.5399932861328,197.9199981689453,200.52000427246094,188.08364868164062,215200,NDSN
2020-10-08,201.8300018310547,202.8300018310547,200.3800048828125,200.57000732421875,188.13052368164062,164200,NDSN
2020-10-09,201.1999969482422,202.7899932861328,200.0,201.19000244140625,188.71206665039062,126900,NDSN
2020-10-12,202.47999572753906,204.92999267578125,201.6999969482422,204.00999450683594,191.357177734375,108200,NDSN
2020-10-13,202.33999633789062,204.9199981689453,201.99000549316406,203.1999969482422,190.59744262695312,127200,NDSN
2020-10-14,203.25,205.83999633789062,201.9199981689453,202.47999572753906,189.92208862304688,157500,NDSN
2020-10-15,200.05999755859375,207.27999877929688,198.8000030517578,206.94000244140625,194.10543823242188,138100,NDSN
2020-10-16,206.55999755859375,209.9499969482422,206.55999755859375,208.55999755859375,195.625,132900,NDSN
2020-10-19,207.07000732421875,209.5,206.58999633789062,207.3300018310547,194.47129821777344,192100,NDSN
2020-10-20,208.94000244140625,210.86000061035156,207.8300018310547,208.74000549316406,195.7938232421875,142600,NDSN
2020-10-21,208.30999755859375,210.30999755859375,208.0800018310547,208.33999633789062,195.41864013671875,154100,NDSN
2020-10-22,209.33999633789062,211.61000061035156,208.22000122070312,211.1699981689453,198.07315063476562,177200,NDSN
2020-10-23,212.89999389648438,212.99000549316406,207.08999633789062,207.55999755859375,194.68704223632812,157000,NDSN
2020-10-26,202.41000366210938,204.88999938964844,201.66000366210938,203.0500030517578,190.45675659179688,212700,NDSN
2020-10-27,202.97999572753906,203.02999877929688,197.38999938964844,197.75,185.4854278564453,127400,NDSN
2020-10-28,194.89999389648438,196.1999969482422,191.05999755859375,191.22000122070312,179.36041259765625,161000,NDSN
2020-10-29,190.05999755859375,195.85000610351562,188.7100067138672,195.1999969482422,183.0935821533203,182400,NDSN
2020-10-30,194.25,197.10000610351562,192.16000366210938,193.42999267578125,181.433349609375,208400,NDSN
2020-11-02,193.58999633789062,198.47000122070312,193.58999633789062,197.0,184.78199768066406,156100,NDSN
2020-11-03,200.72000122070312,201.9199981689453,197.67999267578125,200.30999755859375,187.8866424560547,221300,NDSN
2020-11-04,201.0,204.3699951171875,196.5500030517578,202.6699981689453,190.100341796875,155500,NDSN
2020-11-05,205.67999267578125,209.77999877929688,205.67999267578125,208.47000122070312,195.5405731201172,119200,NDSN
2020-11-06,209.55999755859375,212.19000244140625,202.38999938964844,210.66000366210938,197.59474182128906,139600,NDSN
2020-11-09,215.39999389648438,216.8699951171875,201.25,201.77999877929688,189.26547241210938,381400,NDSN
2020-11-10,202.25999450683594,202.67999267578125,195.11000061035156,197.17999267578125,184.95082092285156,479300,NDSN
2020-11-11,199.58999633789062,203.11000061035156,195.97000122070312,202.24000549316406,189.69696044921875,274400,NDSN
2020-11-12,203.42999267578125,203.42999267578125,197.25,199.24000549316406,186.8830108642578,156400,NDSN
2020-11-13,201.1999969482422,203.67999267578125,199.3300018310547,201.9199981689453,189.3968048095703,168900,NDSN
2020-11-16,204.0399932861328,206.83999633789062,201.3000030517578,206.8300018310547,194.00230407714844,293600,NDSN
2020-11-17,205.75999450683594,206.52999877929688,202.8000030517578,203.94000244140625,191.29150390625,199900,NDSN
2020-11-18,204.6999969482422,205.35000610351562,201.35000610351562,201.5,189.00286865234375,191200,NDSN
2020-11-19,201.99000549316406,202.94000244140625,200.05999755859375,202.30999755859375,189.7626495361328,137700,NDSN
2020-11-20,202.86000061035156,203.61000061035156,200.39999389648438,202.10000610351562,189.565673828125,140500,NDSN
2020-11-23,203.6199951171875,203.9199981689453,201.27000427246094,201.5,189.00286865234375,155300,NDSN
2020-11-24,203.3000030517578,205.22999572753906,201.17999267578125,204.52999877929688,191.84494018554688,215700,NDSN
2020-11-25,204.0,204.0,201.11000061035156,202.52999877929688,189.96896362304688,187200,NDSN
2020-11-27,202.00999450683594,204.6199951171875,201.63999938964844,204.3699951171875,191.69483947753906,95700,NDSN
2020-11-30,204.14999389648438,206.1199951171875,203.0,203.80999755859375,191.1696319580078,413900,NDSN
2020-12-01,205.99000549316406,206.67999267578125,202.50999450683594,203.75999450683594,191.12266540527344,339500,NDSN
2020-12-02,203.0,204.22999572753906,196.77999877929688,197.52999877929688,185.279052734375,196100,NDSN
2020-12-03,193.08999633789062,199.66000366210938,193.08999633789062,195.30999755859375,183.19674682617188,183500,NDSN
2020-12-04,195.4600067138672,201.07000732421875,195.4600067138672,200.4199981689453,187.98985290527344,276100,NDSN
2020-12-07,201.19000244140625,201.52999877929688,198.14999389648438,199.02000427246094,186.67666625976562,143500,NDSN
2020-12-08,198.75999450683594,200.0,198.0500030517578,198.92999267578125,186.59226989746094,200500,NDSN
2020-12-09,199.33999633789062,200.22000122070312,198.0,198.52999877929688,186.217041015625,263000,NDSN
2020-12-10,198.94000244140625,198.94000244140625,196.24000549316406,198.0,185.7199249267578,304700,NDSN
2020-12-11,197.38999938964844,198.5,195.72999572753906,197.7899932861328,185.5229949951172,228100,NDSN
2020-12-14,199.4199981689453,200.25,197.74000549316406,199.72000122070312,187.33326721191406,228700,NDSN
2020-12-15,201.5399932861328,204.32000732421875,200.44000244140625,201.91000366210938,189.387451171875,278300,NDSN
2020-12-16,198.9499969482422,198.9600067138672,189.8800048828125,193.99000549316406,181.95864868164062,610000,NDSN
2020-12-17,195.3000030517578,197.32000732421875,191.9199981689453,196.91000366210938,185.06959533691406,365000,NDSN
2020-12-18,200.4199981689453,200.69000244140625,196.58999633789062,198.72999572753906,186.78013610839844,719100,NDSN
2020-12-21,194.6699981689453,197.8699951171875,193.3300018310547,195.82000732421875,184.04515075683594,283200,NDSN
2020-12-22,196.16000366210938,199.58999633789062,194.60000610351562,198.63999938964844,186.69558715820312,208300,NDSN
2020-12-23,199.7899932861328,200.85000610351562,196.9199981689453,198.35000610351562,186.42303466796875,128700,NDSN
2020-12-24,197.1199951171875,199.24000549316406,196.8000030517578,198.9499969482422,186.9868927001953,50600,NDSN
2020-12-28,200.39999389648438,202.6300048828125,197.97999572753906,198.41000366210938,186.47943115234375,125000,NDSN
2020-12-29,198.6300048828125,201.83999633789062,195.35000610351562,196.89999389648438,185.06019592285156,121400,NDSN
2020-12-30,197.8699951171875,199.8800048828125,197.8699951171875,198.8300018310547,186.87417602539062,133700,NDSN
2020-12-31,198.14999389648438,202.3000030517578,197.77999877929688,200.9499969482422,188.8666534423828,190500,NDSN
2021-01-04,201.5800018310547,203.5,194.3800048828125,196.55999755859375,184.7406463623047,183600,NDSN
2021-01-05,195.8800048828125,200.7899932861328,194.89999389648438,199.2899932861328,187.30645751953125,297400,NDSN
2021-01-06,200.27999877929688,206.49000549316406,200.27999877929688,204.9499969482422,192.62612915039062,308500,NDSN
2021-01-07,206.05999755859375,206.85000610351562,202.25,205.2899932861328,192.94569396972656,572900,NDSN
2021-01-08,204.75,206.52999877929688,200.30999755859375,203.27000427246094,191.04718017578125,338700,NDSN
2021-01-11,201.22999572753906,205.00999450683594,200.72000122070312,204.22999572753906,191.9494171142578,226400,NDSN
2021-01-12,202.33999633789062,207.75999450683594,202.33999633789062,207.33999633789062,194.87242126464844,165600,NDSN
2021-01-13,206.27000427246094,208.8300018310547,203.47999572753906,203.61000061035156,191.3667449951172,280700,NDSN
2021-01-14,204.60000610351562,205.02000427246094,200.2899932861328,202.02999877929688,189.88169860839844,152500,NDSN
2021-01-15,200.61000061035156,203.69000244140625,192.25,193.25,181.6297149658203,357300,NDSN
2021-01-19,195.50999450683594,195.89999389648438,188.8300018310547,189.5,178.10516357421875,941300,NDSN
2021-01-20,190.13999938964844,194.3699951171875,189.52999877929688,193.8699951171875,182.21237182617188,563700,NDSN
2021-01-21,194.39999389648438,194.86000061035156,191.50999450683594,192.10000610351562,180.548828125,287600,NDSN
2021-01-22,191.6699981689453,192.52999877929688,189.75999450683594,191.99000549316406,180.4454803466797,286500,NDSN
2021-01-25,191.02000427246094,192.7899932861328,186.44000244140625,188.1199951171875,176.80816650390625,402600,NDSN
2021-01-26,189.88999938964844,191.3000030517578,186.00999450683594,187.49000549316406,176.2160186767578,291000,NDSN
2021-01-27,184.8800048828125,186.35000610351562,179.88999938964844,183.58999633789062,172.55055236816406,347600,NDSN
2021-01-28,186.1300048828125,187.16000366210938,184.1300048828125,184.33999633789062,173.2554473876953,221700,NDSN
2021-01-29,183.72000122070312,186.49000549316406,178.61000061035156,178.99000549316406,168.22715759277344,414400,NDSN
2021-02-01,180.22000122070312,183.00999450683594,179.61000061035156,182.5800018310547,171.6012725830078,266500,NDSN
2021-02-02,183.3000030517578,184.02000427246094,182.67999267578125,183.58999633789062,172.55055236816406,192000,NDSN
2021-02-03,182.86000061035156,185.10000610351562,182.25999450683594,183.74000549316406,172.69154357910156,321000,NDSN
2021-02-04,184.02000427246094,186.9600067138672,184.02000427246094,186.02000427246094,174.83445739746094,351700,NDSN
2021-02-05,187.6699981689453,189.83999633789062,185.3300018310547,188.07000732421875,176.76113891601562,225300,NDSN
2021-02-08,189.7899932861328,192.05999755859375,189.3000030517578,190.0,178.57510375976562,360800,NDSN
2021-02-09,190.35000610351562,190.35000610351562,187.27000427246094,188.33999633789062,177.01490783691406,167300,NDSN
2021-02-10,188.67999267578125,190.22000122070312,186.99000549316406,189.92999267578125,178.50926208496094,149300,NDSN
2021-02-11,189.6199951171875,191.5,187.00999450683594,189.13999938964844,177.7667999267578,373300,NDSN
2021-02-12,188.42999267578125,188.97999572753906,187.30999755859375,188.27000427246094,176.94912719726562,123000,NDSN
2021-02-16,189.80999755859375,189.91000366210938,185.83999633789062,186.24000549316406,175.04119873046875,223400,NDSN
2021-02-17,185.4600067138672,186.75,183.33999633789062,183.75999450683594,172.71029663085938,136900,NDSN
2021-02-18,183.32000732421875,186.77000427246094,182.52000427246094,185.6699981689453,174.50547790527344,168000,NDSN
2021-02-19,187.08999633789062,190.44000244140625,186.97000122070312,187.8800048828125,176.58255004882812,327100,NDSN
2021-02-22,186.19000244140625,187.5800018310547,183.52999877929688,184.3800048828125,173.65347290039062,414400,NDSN
2021-02-23,187.75,191.0,185.3000030517578,187.82000732421875,176.89337158203125,587700,NDSN
2021-02-24,188.10000610351562,197.17999267578125,187.6199951171875,196.74000549316406,185.29444885253906,440300,NDSN
2021-02-25,196.30999755859375,196.30999755859375,191.6199951171875,193.1999969482422,181.9604034423828,293500,NDSN
2021-02-26,194.08999633789062,196.3699951171875,191.67999267578125,192.41000366210938,181.21633911132812,385100,NDSN
2021-03-01,195.0500030517578,196.58999633789062,193.25,193.77999877929688,182.50662231445312,264700,NDSN
2021-03-02,193.88999938964844,195.44000244140625,190.27000427246094,192.9600067138672,181.7343292236328,225200,NDSN
2021-03-03,192.75999450683594,197.63999938964844,191.86000061035156,194.60000610351562,183.27896118164062,231600,NDSN
2021-03-04,194.19000244140625,196.0500030517578,189.74000549316406,191.47000122070312,180.3310089111328,333400,NDSN
2021-03-05,193.64999389648438,196.49000549316406,190.42999267578125,196.0,184.59747314453125,199000,NDSN
2021-03-08,196.47000122070312,200.30999755859375,195.0,196.52999877929688,185.09666442871094,222300,NDSN
2021-03-09,197.38999938964844,198.3000030517578,195.94000244140625,197.1999969482422,185.72767639160156,391000,NDSN
2021-03-10,198.36000061035156,202.11000061035156,197.02000427246094,201.72000122070312,189.9847412109375,213100,NDSN
2021-03-11,201.22000122070312,202.6999969482422,200.02000427246094,200.8699951171875,189.18417358398438,148600,NDSN
2021-03-12,200.92999267578125,202.97999572753906,199.4499969482422,201.7100067138672,189.97532653808594,195900,NDSN
2021-03-15,202.17999267578125,208.2100067138672,200.32000732421875,207.24000549316406,195.1836395263672,230300,NDSN
2021-03-16,207.0,207.0,202.60000610351562,206.14999389648438,194.1570281982422,247100,NDSN
2021-03-17,204.7100067138672,208.74000549316406,202.82000732421875,205.72999572753906,193.7614288330078,187800,NDSN
2021-03-18,205.75999450683594,207.9199981689453,203.91000366210938,205.24000549316406,193.29994201660156,160900,NDSN
2021-03-19,204.6300048828125,205.3699951171875,201.14999389648438,202.16000366210938,190.399169921875,567900,NDSN
2021-03-22,201.75,203.1300048828125,197.6999969482422,201.7100067138672,189.97532653808594,257900,NDSN
2021-03-23,200.24000549316406,200.9499969482422,197.00999450683594,198.1300048828125,186.60362243652344,201700,NDSN
2021-03-24,199.6300048828125,202.2899932861328,199.02999877929688,199.7100067138672,188.0916748046875,225600,NDSN
2021-03-25,199.52000427246094,202.0500030517578,197.32000732421875,201.32000732421875,189.60801696777344,158400,NDSN
2021-03-26,202.16000366210938,203.9600067138672,198.9600067138672,203.58999633789062,191.74598693847656,221500,NDSN
2021-03-29,202.69000244140625,207.6199951171875,202.10000610351562,202.9600067138672,191.152587890625,276900,NDSN
2021-03-30,203.5399932861328,204.02999877929688,201.1699981689453,204.02999877929688,192.16033935546875,176300,NDSN
2021-03-31,202.8300018310547,204.55999755859375,198.3000030517578,198.67999267578125,187.12158203125,259600,NDSN
2021-04-01,199.5399932861328,203.61000061035156,198.07000732421875,202.3800048828125,190.6063690185547,162400,NDSN
2021-04-05,203.05999755859375,204.8000030517578,201.92999267578125,202.52000427246094,190.73818969726562,140700,NDSN
2021-04-06,202.57000732421875,204.49000549316406,200.22999572753906,202.99000549316406,191.18084716796875,200300,NDSN
2021-04-07,203.7899932861328,203.7899932861328,199.75999450683594,201.6699981689453,189.9376983642578,151400,NDSN
2021-04-08,201.97999572753906,203.88999938964844,198.55999755859375,201.02999877929688,189.3349151611328,175000,NDSN
2021-04-09,201.25999450683594,204.0399932861328,200.13999938964844,203.1199951171875,191.30328369140625,107100,NDSN
2021-04-12,203.13999938964844,204.55999755859375,202.9199981689453,203.5800018310547,191.7365264892578,93700,NDSN
2021-04-13,203.47999572753906,203.82000732421875,201.13999938964844,201.91000366210938,190.16368103027344,112900,NDSN
2021-04-14,201.1699981689453,203.97000122070312,201.1699981689453,203.47000122070312,191.63290405273438,123600,NDSN
2021-04-15,203.6999969482422,205.2899932861328,201.5,204.58999633789062,192.68775939941406,129000,NDSN
2021-04-16,205.89999389648438,206.97000122070312,204.89999389648438,206.22000122070312,194.2229766845703,127300,NDSN
2021-04-19,205.8699951171875,207.1199951171875,205.00999450683594,205.92999267578125,193.94981384277344,151300,NDSN
2021-04-20,206.1199951171875,208.0399932861328,204.75,206.1999969482422,194.20408630371094,143800,NDSN
2021-04-21,207.1999969482422,210.8000030517578,206.3699951171875,209.52000427246094,197.3309783935547,169500,NDSN
2021-04-22,208.99000549316406,213.13999938964844,208.6999969482422,210.7899932861328,198.52713012695312,173300,NDSN
2021-04-23,212.22000122070312,215.0,211.1199951171875,213.92999267578125,201.48443603515625,217300,NDSN
2021-04-26,214.97999572753906,217.9499969482422,213.47000122070312,213.6300048828125,201.20188903808594,319000,NDSN
2021-04-27,214.0,214.9199981689453,212.39999389648438,214.10000610351562,201.64451599121094,138100,NDSN
2021-04-28,213.91000366210938,215.0,212.85000610351562,213.61000061035156,201.1830291748047,88500,NDSN
2021-04-29,213.30999755859375,223.3699951171875,212.86000061035156,214.89999389648438,202.3979949951172,279100,NDSN
2021-04-30,213.85000610351562,213.85000610351562,210.24000549316406,211.41000366210938,199.1110382080078,209200,NDSN
2021-05-03,212.72999572753906,213.3699951171875,208.14999389648438,208.61000061035156,196.47390747070312,216700,NDSN
2021-05-04,208.72999572753906,212.02000427246094,208.0500030517578,211.3000030517578,199.00741577148438,156600,NDSN
2021-05-05,211.55999755859375,211.97000122070312,207.50999450683594,208.5,196.37030029296875,188200,NDSN
2021-05-06,209.50999450683594,210.52000427246094,207.8699951171875,208.5800018310547,196.44566345214844,260400,NDSN
2021-05-07,206.60000610351562,210.67999267578125,206.60000610351562,208.8300018310547,196.68109130859375,125900,NDSN
2021-05-10,209.6699981689453,211.67999267578125,208.13999938964844,208.67999267578125,196.53982543945312,108000,NDSN
2021-05-11,207.22000122070312,208.72999572753906,205.50999450683594,207.4199981689453,195.3531036376953,173300,NDSN
2021-05-12,208.02000427246094,208.02000427246094,199.85000610351562,200.02999877929688,188.39305114746094,145800,NDSN
2021-05-13,200.61000061035156,206.8800048828125,200.61000061035156,205.42999267578125,193.47891235351562,215200,NDSN
2021-05-14,206.22999572753906,207.5,204.7100067138672,205.8699951171875,193.89329528808594,134100,NDSN
2021-05-17,205.97000122070312,206.97999572753906,201.9499969482422,203.99000549316406,192.12271118164062,112500,NDSN
2021-05-18,203.17999267578125,204.30999755859375,200.5399932861328,200.69000244140625,189.01466369628906,132500,NDSN
2021-05-19,199.22999572753906,199.4499969482422,197.1999969482422,198.97999572753906,187.40415954589844,122000,NDSN
2021-05-20,198.97999572753906,200.77999877929688,198.27999877929688,199.4499969482422,187.8467559814453,218100,NDSN
2021-05-21,200.25999450683594,202.75999450683594,199.50999450683594,201.8300018310547,190.08836364746094,369700,NDSN
2021-05-24,201.80999755859375,203.83999633789062,200.08999633789062,202.47000122070312,191.06027221679688,274900,NDSN
2021-05-25,219.0,220.47999572753906,213.0,216.8300018310547,204.61106872558594,567300,NDSN
2021-05-26,216.2899932861328,217.24000549316406,211.67999267578125,215.8000030517578,203.63912963867188,478800,NDSN
2021-05-27,215.3300018310547,223.49000549316406,214.35000610351562,223.42999267578125,210.83914184570312,623900,NDSN
2021-05-28,223.2899932861328,223.2899932861328,218.85000610351562,221.69000244140625,209.19720458984375,221400,NDSN
2021-06-01,223.5399932861328,224.83999633789062,221.17999267578125,221.6699981689453,209.17832946777344,188900,NDSN
2021-06-02,222.75,223.66000366210938,218.2899932861328,221.52999877929688,209.0462188720703,166000,NDSN
2021-06-03,220.72999572753906,222.7899932861328,219.35000610351562,220.50999450683594,208.08367919921875,243800,NDSN
2021-06-04,221.8800048828125,224.8800048828125,220.27000427246094,224.16000366210938,211.52801513671875,197500,NDSN
2021-06-07,224.3699951171875,224.7100067138672,221.64999389648438,222.55999755859375,210.0181427001953,279100,NDSN
2021-06-08,222.0,223.77999877929688,221.00999450683594,222.32000732421875,209.7916717529297,159200,NDSN
2021-06-09,222.1300048828125,222.50999450683594,220.74000549316406,222.10000610351562,209.58407592773438,202900,NDSN
2021-06-10,224.32000732421875,224.32000732421875,221.63999938964844,223.1699981689453,210.59375,143500,NDSN
2021-06-11,223.72000122070312,223.86000061035156,221.11000061035156,222.39999389648438,209.86720275878906,125300,NDSN
2021-06-14,221.85000610351562,222.91000366210938,220.94000244140625,221.2899932861328,208.81973266601562,161800,NDSN
2021-06-15,222.4199981689453,223.61000061035156,220.32000732421875,223.02000427246094,210.45223999023438,122500,NDSN
2021-06-16,223.02000427246094,223.3000030517578,219.0500030517578,219.42999267578125,207.06454467773438,184600,NDSN
2021-06-17,219.75,219.75,216.38999938964844,217.77000427246094,205.4980926513672,145800,NDSN
2021-06-18,214.77999877929688,217.10000610351562,212.52000427246094,215.25999450683594,203.1295166015625,417700,NDSN
2021-06-21,217.30999755859375,220.67999267578125,216.33999633789062,219.55999755859375,207.18724060058594,151200,NDSN
2021-06-22,219.2899932861328,220.1199951171875,218.02999877929688,219.02000427246094,206.6776580810547,126200,NDSN
2021-06-23,218.89999389648438,220.39999389648438,217.55999755859375,217.89999389648438,205.6207733154297,150900,NDSN
2021-06-24,218.85000610351562,220.16000366210938,217.47000122070312,218.10000610351562,205.8095245361328,333600,NDSN
2021-06-25,218.99000549316406,223.1199951171875,218.19000244140625,220.6699981689453,208.23468017578125,1381500,NDSN
2021-06-28,221.6300048828125,222.33999633789062,218.00999450683594,218.69000244140625,206.36627197265625,243600,NDSN
2021-06-29,219.38999938964844,221.52999877929688,218.74000549316406,219.60000610351562,207.22499084472656,197100,NDSN
2021-06-30,219.60000610351562,220.47000122070312,218.74000549316406,219.50999450683594,207.14007568359375,205400,NDSN
2021-07-01,219.88999938964844,221.64999389648438,218.13999938964844,218.41000366210938,206.10205078125,215900,NDSN
2021-07-02,218.69000244140625,220.67999267578125,217.58999633789062,220.1999969482422,207.79115295410156,120700,NDSN
2021-07-06,221.4199981689453,221.4199981689453,217.5399932861328,218.1300048828125,205.8378448486328,226400,NDSN
2021-07-07,217.6199951171875,221.5,215.49000549316406,221.07000732421875,208.61215209960938,297000,NDSN
2021-07-08,217.8300018310547,219.32000732421875,215.22000122070312,216.3800048828125,204.18646240234375,319600,NDSN
2021-07-09,218.35000610351562,221.49000549316406,217.3800048828125,221.3000030517578,208.8291778564453,189300,NDSN
2021-07-12,220.50999450683594,222.02999877929688,219.39999389648438,221.2899932861328,208.81973266601562,160800,NDSN
2021-07-13,220.5800018310547,221.8800048828125,219.8000030517578,219.99000549316406,207.59300231933594,134900,NDSN
2021-07-14,220.42999267578125,222.9499969482422,219.9600067138672,220.80999755859375,208.3668212890625,162300,NDSN
2021-07-15,219.99000549316406,223.3699951171875,219.99000549316406,222.25,209.72564697265625,128700,NDSN
2021-07-16,223.14999389648438,224.16000366210938,221.7100067138672,221.8699951171875,209.36703491210938,175800,NDSN
2021-07-19,219.3300018310547,219.97999572753906,216.80999755859375,218.5,206.18698120117188,135200,NDSN
2021-07-20,219.25999450683594,225.44000244140625,219.25999450683594,223.9199981689453,211.30154418945312,229300,NDSN
2021-07-21,224.99000549316406,226.75999450683594,223.69000244140625,224.52000427246094,211.86773681640625,113400,NDSN
2021-07-22,224.32000732421875,224.97000122070312,221.92999267578125,222.67999267578125,210.13143920898438,106500,NDSN
2021-07-23,223.85000610351562,225.0,222.22999572753906,224.99000549316406,212.31126403808594,75100,NDSN
2021-07-26,224.99000549316406,225.0,222.52000427246094,224.3000030517578,211.66015625,145100,NDSN
2021-07-27,224.3000030517578,224.3000030517578,221.0,221.39999389648438,208.92355346679688,118000,NDSN
2021-07-28,221.77999877929688,223.9199981689453,220.39999389648438,222.6999969482422,210.15028381347656,94100,NDSN
2021-07-29,223.89999389648438,227.0,223.1699981689453,225.0399932861328,212.3583984375,106300,NDSN
2021-07-30,223.97999572753906,226.85000610351562,223.97999572753906,226.1300048828125,213.3870086669922,213600,NDSN
2021-08-02,227.0500030517578,229.8000030517578,226.47999572753906,227.0399932861328,214.24571228027344,128500,NDSN
2021-08-03,227.60000610351562,229.27999877929688,226.75,228.16000366210938,215.3026123046875,137200,NDSN
2021-08-04,227.89999389648438,228.6999969482422,226.32000732421875,226.50999450683594,213.74559020996094,106500,NDSN
2021-08-05,226.77999877929688,227.5,224.60000610351562,225.5,212.79248046875,136700,NDSN
2021-08-06,225.82000732421875,227.35000610351562,224.3000030517578,224.9199981689453,212.2451934814453,84900,NDSN
2021-08-09,224.17999267578125,224.17999267578125,220.74000549316406,222.14999389648438,209.63131713867188,129800,NDSN
2021-08-10,223.0800018310547,224.3800048828125,221.0,221.6300048828125,209.1405792236328,159200,NDSN
2021-08-11,223.2100067138672,224.5800018310547,222.14999389648438,223.3699951171875,210.78253173828125,112900,NDSN
2021-08-12,223.83999633789062,227.42999267578125,222.07000732421875,226.55999755859375,213.79275512695312,148200,NDSN
2021-08-13,226.9499969482422,229.1199951171875,225.6999969482422,228.58999633789062,215.70834350585938,159500,NDSN
2021-08-16,227.94000244140625,229.80999755859375,225.7899932861328,229.5500030517578,216.61424255371094,95500,NDSN
2021-08-17,227.83999633789062,229.16000366210938,226.1300048828125,228.8800048828125,215.98202514648438,101600,NDSN
2021-08-18,228.14999389648438,229.6999969482422,226.64999389648438,227.07000732421875,214.2740478515625,82900,NDSN
2021-08-19,225.9499969482422,228.5,225.77000427246094,226.13999938964844,213.39645385742188,112100,NDSN
2021-08-20,226.63999938964844,230.5800018310547,225.6300048828125,230.25999450683594,217.28428649902344,125900,NDSN
2021-08-23,231.07000732421875,232.66000366210938,230.07000732421875,231.02000427246094,218.48533630371094,139900,NDSN
2021-08-24,230.88999938964844,234.47000122070312,230.88999938964844,233.36000061035156,220.6984100341797,138800,NDSN
2021-08-25,234.1999969482422,235.0399932861328,232.2899932861328,233.52999877929688,220.85914611816406,163600,NDSN
2021-08-26,233.00999450683594,234.99000549316406,231.64999389648438,232.5,219.88504028320312,131100,NDSN
2021-08-27,233.47999572753906,235.77999877929688,232.63999938964844,233.5399932861328,220.8686065673828,159300,NDSN
2021-08-30,233.27000427246094,239.32000732421875,233.0500030517578,238.82000732421875,225.8621826171875,335700,NDSN
2021-08-31,241.9499969482422,243.85000610351562,236.60000610351562,238.60000610351562,225.65406799316406,413300,NDSN
2021-09-01,239.6699981689453,242.52999877929688,235.60000610351562,240.94000244140625,227.86712646484375,265700,NDSN
2021-09-02,241.61000061035156,245.61000061035156,240.80999755859375,242.58999633789062,229.42759704589844,285100,NDSN
2021-09-03,241.8699951171875,244.6300048828125,240.64999389648438,241.4499969482422,228.34945678710938,209500,NDSN
2021-09-07,241.6699981689453,245.02000427246094,239.4600067138672,243.27000427246094,230.07064819335938,257300,NDSN
2021-09-08,243.25,245.42999267578125,242.8800048828125,244.92999267578125,231.64060974121094,214700,NDSN
2021-09-09,244.8800048828125,245.91000366210938,241.57000732421875,243.11000061035156,229.91937255859375,174800,NDSN
2021-09-10,244.16000366210938,245.39999389648438,240.8000030517578,241.08999633789062,228.00900268554688,146200,NDSN
2021-09-13,242.88999938964844,243.97999572753906,239.1199951171875,240.08999633789062,227.06321716308594,148700,NDSN
2021-09-14,240.77999877929688,243.2100067138672,239.41000366210938,242.0500030517578,228.91688537597656,213000,NDSN
2021-09-15,242.1199951171875,244.92999267578125,241.4499969482422,243.67999267578125,230.45843505859375,189100,NDSN
2021-09-16,244.32000732421875,244.75999450683594,241.88999938964844,243.3800048828125,230.17474365234375,144300,NDSN
2021-09-17,242.83999633789062,243.2100067138672,239.33999633789062,241.83999633789062,228.71826171875,511400,NDSN
2021-09-20,238.63999938964844,241.9600067138672,237.8000030517578,240.72999572753906,227.6685028076172,155300,NDSN
2021-09-21,241.36000061035156,241.36000061035156,238.3000030517578,240.72000122070312,227.6590576171875,181400,NDSN
2021-09-22,242.4199981689453,243.4199981689453,241.4600067138672,241.57000732421875,228.4629364013672,142100,NDSN
2021-09-23,242.0399932861328,245.22000122070312,242.0399932861328,244.52999877929688,231.26231384277344,115300,NDSN
2021-09-24,244.05999755859375,245.19000244140625,243.3300018310547,243.88999938964844,230.65704345703125,99900,NDSN
2021-09-27,243.72000122070312,245.7100067138672,243.10000610351562,244.80999755859375,231.52713012695312,153800,NDSN
2021-09-28,244.0800018310547,245.4499969482422,240.6999969482422,241.94000244140625,228.81288146972656,132700,NDSN
2021-09-29,242.77000427246094,244.2100067138672,241.80999755859375,242.91000366210938,229.73020935058594,140400,NDSN
2021-09-30,244.05999755859375,244.88999938964844,237.97999572753906,238.14999389648438,225.22845458984375,213100,NDSN
2021-10-01,239.11000061035156,241.63999938964844,235.27000427246094,239.5,226.5052032470703,140700,NDSN
2021-10-04,240.5,243.41000366210938,239.27999877929688,240.58999633789062,227.5360870361328,230200,NDSN
2021-10-05,240.77000427246094,242.99000549316406,239.33999633789062,241.39999389648438,228.30213928222656,214700,NDSN
2021-10-06,239.0500030517578,239.99000549316406,234.08999633789062,238.52000427246094,225.57846069335938,135300,NDSN
2021-10-07,240.27000427246094,242.8300018310547,239.58999633789062,241.0500030517578,227.97113037109375,156500,NDSN
2021-10-08,241.02000427246094,241.02999877929688,236.11000061035156,237.97999572753906,225.06771850585938,198700,NDSN
2021-10-11,237.3300018310547,240.41000366210938,237.3300018310547,237.92999267578125,225.0204620361328,232400,NDSN
2021-10-12,238.75,239.52999877929688,236.6199951171875,236.9600067138672,224.1030731201172,92000,NDSN
2021-10-13,237.22999572753906,238.82000732421875,235.3000030517578,238.50999450683594,225.56893920898438,168700,NDSN
2021-10-14,240.5800018310547,244.1300048828125,240.36000061035156,243.6999969482422,230.47735595703125,145700,NDSN
2021-10-15,244.41000366210938,247.3800048828125,243.88999938964844,244.72000122070312,231.44204711914062,138100,NDSN
2021-10-18,243.80999755859375,245.85000610351562,243.80999755859375,244.47999572753906,231.21502685546875,108500,NDSN
2021-10-19,246.02999877929688,247.89999389648438,244.10000610351562,247.88999938964844,234.4399871826172,96300,NDSN
2021-10-20,247.07000732421875,249.8000030517578,245.97999572753906,246.16000366210938,232.80389404296875,102100,NDSN
2021-10-21,245.47999572753906,251.36000061035156,244.66000366210938,251.3300018310547,237.69337463378906,160100,NDSN
2021-10-22,251.47000122070312,255.97999572753906,251.35000610351562,254.02999877929688,240.2469024658203,205700,NDSN
2021-10-25,254.64999389648438,257.8299865722656,245.19000244140625,256.1300048828125,242.23291015625,156000,NDSN
2021-10-26,256.1300048828125,256.1300048828125,251.16000366210938,251.1699981689453,237.54208374023438,132700,NDSN
2021-10-27,251.36000061035156,252.4600067138672,249.02999877929688,249.22999572753906,235.70729064941406,93400,NDSN
2021-10-28,249.88999938964844,252.9600067138672,249.0,251.0500030517578,237.42852783203125,102800,NDSN
2021-10-29,250.5399932861328,254.7100067138672,250.5399932861328,254.2100067138672,240.4171142578125,203400,NDSN
2021-11-01,254.89999389648438,259.5299987792969,253.57000732421875,258.739990234375,244.70135498046875,183600,NDSN
2021-11-02,259.8800048828125,262.4800109863281,256.510009765625,259.4700012207031,245.3917236328125,163700,NDSN
2021-11-03,259.8599853515625,264.739990234375,257.1400146484375,259.7099914550781,245.61866760253906,115100,NDSN
2021-11-04,259.94000244140625,264.239990234375,259.94000244140625,262.7200012207031,248.4654083251953,123300,NDSN
2021-11-05,264.25,269.8699951171875,260.010009765625,261.2799987792969,247.10348510742188,142700,NDSN
2021-11-08,262.4800109863281,265.4700012207031,260.05999755859375,262.0799865722656,247.86007690429688,120500,NDSN
2021-11-09,261.6099853515625,263.510009765625,248.80999755859375,262.95001220703125,248.68289184570312,92700,NDSN
2021-11-10,262.07000732421875,264.7200012207031,260.7900085449219,263.7699890136719,249.4584197998047,91700,NDSN
2021-11-11,263.9700012207031,265.9100036621094,262.010009765625,264.989990234375,250.61219787597656,95200,NDSN
2021-11-12,265.1199951171875,267.79998779296875,263.489990234375,267.45001220703125,252.938720703125,113500,NDSN
2021-11-15,267.0,267.0,263.989990234375,265.5199890136719,251.1134796142578,96400,NDSN
2021-11-16,266.29998779296875,268.79998779296875,263.17999267578125,267.79998779296875,253.2697296142578,169500,NDSN
2021-11-17,268.510009765625,269.4700012207031,265.1300048828125,269.3299865722656,254.7167205810547,89600,NDSN
2021-11-18,269.75,272.2799987792969,268.1199951171875,268.5299987792969,253.96011352539062,65900,NDSN
2021-11-19,268.79998779296875,268.8399963378906,266.5,266.9599914550781,252.47532653808594,99700,NDSN
2021-11-22,268.45001220703125,270.54998779296875,266.3900146484375,267.510009765625,252.9954833984375,113100,NDSN
2021-11-23,267.739990234375,270.0,265.6600036621094,267.989990234375,253.44944763183594,82900,NDSN
2021-11-24,267.3999938964844,269.0199890136719,264.19000244140625,269.0199890136719,254.42352294921875,73400,NDSN
2021-11-26,264.4700012207031,266.7900085449219,257.2799987792969,258.2200012207031,244.20953369140625,89500,NDSN
2021-11-29,261.4700012207031,263.0299987792969,259.3500061035156,262.1499938964844,247.92626953125,142900,NDSN
2021-11-30,263.6300048828125,263.70001220703125,253.6699981689453,254.19000244140625,240.39820861816406,252000,NDSN
2021-12-01,256.1099853515625,264.260009765625,251.36000061035156,251.60000610351562,237.94873046875,176400,NDSN
2021-12-02,251.4600067138672,262.1400146484375,251.3800048828125,261.7300109863281,247.52915954589844,180000,NDSN
2021-12-03,263.0299987792969,263.0299987792969,258.6000061035156,260.1000061035156,245.98751831054688,150400,NDSN
2021-12-06,261.5,264.92999267578125,261.5,264.1099853515625,249.77989196777344,255300,NDSN
2021-12-07,267.6600036621094,269.75,264.7300109863281,264.8500061035156,250.4798126220703,197300,NDSN
2021-12-08,265.94000244140625,267.8999938964844,264.3699951171875,266.739990234375,252.26727294921875,263600,NDSN
2021-12-09,267.29998779296875,268.0,263.94000244140625,266.2300109863281,251.7849884033203,183300,NDSN
2021-12-10,266.7900085449219,271.19000244140625,266.7900085449219,270.6700134277344,255.9840545654297,145000,NDSN
2021-12-13,271.489990234375,271.8999938964844,266.8500061035156,267.9100036621094,253.37379455566406,227700,NDSN
2021-12-14,266.8800048828125,269.92999267578125,261.5400085449219,264.55999755859375,250.20553588867188,288200,NDSN
2021-12-15,265.1099853515625,269.1700134277344,264.1400146484375,269.1199951171875,254.51808166503906,301800,NDSN
2021-12-16,262.0,263.5,247.02999877929688,248.85000610351562,235.34796142578125,471100,NDSN
2021-12-17,248.36000061035156,257.2900085449219,246.0500030517578,248.42999267578125,234.95071411132812,604200,NDSN
2021-12-20,245.32000732421875,248.4199981689453,241.05999755859375,245.5399932861328,232.69525146484375,217600,NDSN
2021-12-21,247.99000549316406,251.5800018310547,245.83999633789062,250.86000061035156,237.73695373535156,209500,NDSN
2021-12-22,249.8300018310547,253.5500030517578,248.50999450683594,249.8699951171875,236.7987060546875,265200,NDSN
2021-12-23,251.2899932861328,255.27999877929688,251.2899932861328,253.66000366210938,240.39048767089844,136100,NDSN
2021-12-27,253.6199951171875,257.6300048828125,253.11000061035156,256.6199951171875,243.19558715820312,112400,NDSN
2021-12-28,257.239990234375,258.67999267578125,255.8300018310547,256.5899963378906,243.1671600341797,100500,NDSN
2021-12-29,257.1099853515625,258.7699890136719,253.5800018310547,256.80999755859375,243.37567138671875,108900,NDSN
2021-12-30,256.80999755859375,258.3599853515625,254.5,254.75999450683594,241.43292236328125,91100,NDSN
2021-12-31,254.1199951171875,257.2200012207031,254.1199951171875,255.27000427246094,241.9162139892578,97400,NDSN
2022-01-03,255.10000610351562,256.1400146484375,248.58999633789062,251.02999877929688,237.89804077148438,175500,NDSN
2022-01-04,251.83999633789062,253.22000122070312,249.5500030517578,250.13999938964844,237.05458068847656,196200,NDSN
2022-01-05,250.69000244140625,250.69000244140625,242.6699981689453,242.9199981689453,230.21224975585938,188500,NDSN
2022-01-06,242.4199981689453,244.75,240.25,240.4199981689453,227.84307861328125,223100,NDSN
2022-01-07,240.4199981689453,241.42999267578125,237.44000244140625,238.08999633789062,225.635009765625,220600,NDSN
2022-01-10,237.60000610351562,238.4600067138672,233.11000061035156,238.3300018310547,225.86244201660156,195000,NDSN
2022-01-11,238.1699981689453,240.30999755859375,235.05999755859375,240.1300048828125,227.56826782226562,173400,NDSN
2022-01-12,240.52999877929688,243.27000427246094,240.52000427246094,242.5500030517578,229.8616485595703,176400,NDSN
2022-01-13,242.75999450683594,245.50999450683594,238.19000244140625,239.0,226.49737548828125,139600,NDSN
2022-01-14,238.30999755859375,238.6999969482422,234.33999633789062,238.41000366210938,225.938232421875,139800,NDSN
2022-01-18,234.16000366210938,238.14999389648438,233.50999450683594,234.32000732421875,222.0621795654297,125500,NDSN
2022-01-19,235.4600067138672,238.75,233.30999755859375,236.94000244140625,224.54510498046875,182900,NDSN
2022-01-20,237.5,239.52000427246094,232.9499969482422,233.2100067138672,221.01022338867188,210200,NDSN
2022-01-21,232.64999389648438,240.0500030517578,231.0,231.44000244140625,219.33282470703125,162000,NDSN
2022-01-24,228.25,234.7100067138672,224.5,234.6300048828125,222.35598754882812,203300,NDSN
2022-01-25,231.11000061035156,231.72000122070312,225.41000366210938,228.3300018310547,216.3855438232422,282200,NDSN
2022-01-26,230.91000366210938,234.92999267578125,225.02999877929688,225.89999389648438,214.08262634277344,155200,NDSN
2022-01-27,227.7100067138672,230.1999969482422,222.72000122070312,223.8800048828125,212.1683349609375,145300,NDSN
2022-01-28,223.92999267578125,227.9499969482422,221.4499969482422,227.77000427246094,215.85482788085938,222700,NDSN
2022-01-31,227.38999938964844,233.52000427246094,223.94000244140625,232.5399932861328,220.3752899169922,288700,NDSN
2022-02-01,232.39999389648438,234.72999572753906,230.74000549316406,234.4199981689453,222.15696716308594,170400,NDSN
2022-02-02,235.0,237.32000732421875,233.97999572753906,236.49000549316406,224.1186981201172,210700,NDSN
2022-02-03,235.0,237.6199951171875,231.10000610351562,231.94000244140625,219.8067169189453,116800,NDSN
2022-02-04,231.0399932861328,232.8300018310547,227.08999633789062,230.69000244140625,218.62205505371094,120300,NDSN
2022-02-07,230.57000732421875,232.39999389648438,228.17999267578125,229.49000549316406,217.48483276367188,119400,NDSN
2022-02-08,229.82000732421875,233.63999938964844,228.8000030517578,232.94000244140625,220.7543487548828,231200,NDSN
2022-02-09,235.49000549316406,236.67999267578125,234.4199981689453,236.27000427246094,223.91017150878906,107400,NDSN
2022-02-10,233.41000366210938,236.89999389648438,229.47000122070312,231.0,218.91583251953125,210200,NDSN
2022-02-11,228.97999572753906,228.97999572753906,214.91000366210938,217.7100067138672,206.3210906982422,1432700,NDSN
2022-02-14,218.63999938964844,222.2100067138672,217.08999633789062,222.11000061035156,210.49090576171875,12875500,NDSN
2022-02-15,225.4600067138672,232.00999450683594,224.8800048828125,229.92999267578125,217.90182495117188,694000,NDSN
2022-02-16,228.69000244140625,235.42999267578125,228.69000244140625,235.13999938964844,222.83926391601562,478100,NDSN
2022-02-17,232.94000244140625,233.83999633789062,228.77000427246094,228.8800048828125,216.90675354003906,253000,NDSN
2022-02-18,229.07000732421875,230.5500030517578,228.00999450683594,229.50999450683594,217.98951721191406,310400,NDSN
2022-02-22,228.1999969482422,230.97999572753906,224.94000244140625,227.3800048828125,215.96644592285156,369400,NDSN
2022-02-23,216.64999389648438,229.08999633789062,216.64999389648438,221.5500030517578,210.42910766601562,491300,NDSN
2022-02-24,217.75999450683594,221.97999572753906,215.42999267578125,221.66000366210938,210.5335693359375,384100,NDSN
2022-02-25,222.47999572753906,227.6699981689453,221.16000366210938,227.49000549316406,216.07098388671875,280500,NDSN
2022-02-28,224.86000061035156,227.36000061035156,223.64999389648438,226.49000549316406,215.12112426757812,263700,NDSN
2022-03-01,225.99000549316406,227.50999450683594,220.17999267578125,223.24000549316406,212.03424072265625,300300,NDSN
2022-03-02,223.8699951171875,229.64999389648438,223.8699951171875,227.07000732421875,215.6720428466797,262300,NDSN
2022-03-03,228.97000122070312,230.9600067138672,226.47999572753906,228.86000061035156,217.3721466064453,222800,NDSN
2022-03-04,226.86000061035156,227.8800048828125,224.75999450683594,226.4499969482422,215.08309936523438,290100,NDSN
2022-03-07,226.00999450683594,226.00999450683594,217.1999969482422,217.63999938964844,206.71534729003906,283300,NDSN
2022-03-08,218.9600067138672,222.0500030517578,215.07000732421875,215.25999450683594,204.45480346679688,300300,NDSN
2022-03-09,221.1999969482422,226.67999267578125,220.7899932861328,222.4499969482422,211.28395080566406,229000,NDSN
2022-03-10,217.97999572753906,219.44000244140625,214.75,215.05999755859375,204.26486206054688,276300,NDSN
2022-03-11,217.33999633789062,219.1699981689453,215.0399932861328,215.0500030517578,204.25537109375,191200,NDSN
2022-03-14,216.8000030517578,218.64999389648438,213.61000061035156,214.55999755859375,203.7899932861328,192700,NDSN
2022-03-15,217.22999572753906,219.8699951171875,215.83999633789062,219.13999938964844,208.14004516601562,152500,NDSN
2022-03-16,221.4600067138672,225.07000732421875,219.2100067138672,222.86000061035156,211.67332458496094,189700,NDSN
2022-03-17,221.24000549316406,227.4499969482422,220.60000610351562,226.55999755859375,215.1876220703125,221800,NDSN
2022-03-18,226.6699981689453,231.47999572753906,224.8800048828125,230.97000122070312,219.3762664794922,428300,NDSN
2022-03-21,229.89999389648438,231.27000427246094,227.5500030517578,229.47999572753906,217.96102905273438,211300,NDSN
2022-03-22,230.3800048828125,231.94000244140625,228.74000549316406,230.3800048828125,218.8158721923828,179100,NDSN
2022-03-23,229.38999938964844,229.4499969482422,226.6999969482422,228.9499969482422,217.45762634277344,248100,NDSN
2022-03-24,229.5,230.47999572753906,225.25,227.08999633789062,215.69100952148438,141900,NDSN
2022-03-25,228.3699951171875,228.6300048828125,225.72999572753906,227.39999389648438,215.98544311523438,158700,NDSN
2022-03-28,227.22000122070312,228.67999267578125,226.49000549316406,228.5500030517578,217.0777130126953,201400,NDSN
2022-03-29,230.9499969482422,234.77000427246094,227.6699981689453,232.6199951171875,220.94342041015625,172300,NDSN
2022-03-30,232.22000122070312,232.57000732421875,229.02000427246094,229.91000366210938,218.3695068359375,118300,NDSN
2022-03-31,229.41000366210938,230.80999755859375,226.91000366210938,227.0800018310547,215.68153381347656,252200,NDSN
2022-04-01,228.7100067138672,228.83999633789062,225.38999938964844,227.92999267578125,216.48886108398438,210100,NDSN
2022-04-04,226.5500030517578,228.75,226.16000366210938,227.17999267578125,215.7764892578125,192400,NDSN
2022-04-05,225.88999938964844,228.17999267578125,222.72000122070312,223.0399932861328,211.84429931640625,119600,NDSN
2022-04-06,221.0800018310547,223.97000122070312,220.0399932861328,223.6999969482422,212.47117614746094,194500,NDSN
2022-04-07,222.3699951171875,226.07000732421875,221.57000732421875,224.69000244140625,213.4114990234375,158400,NDSN
2022-04-08,224.4499969482422,227.08999633789062,223.17999267578125,224.4199981689453,213.15499877929688,146000,NDSN
2022-04-11,223.3800048828125,225.11000061035156,221.47000122070312,221.92999267578125,210.79000854492188,213300,NDSN
2022-04-12,223.49000549316406,225.19000244140625,216.86000061035156,217.64999389648438,206.72486877441406,212700,NDSN
2022-04-13,217.2100067138672,220.24000549316406,217.2100067138672,218.88999938964844,207.9026336669922,225600,NDSN
2022-04-14,219.52000427246094,220.8300018310547,214.4600067138672,214.74000549316406,203.96096801757812,151700,NDSN
2022-04-18,214.38999938964844,216.8800048828125,213.66000366210938,216.7100067138672,205.83209228515625,155400,NDSN
2022-04-19,216.85000610351562,223.41000366210938,216.85000610351562,223.13999938964844,211.9392852783203,139800,NDSN
2022-04-20,224.35000610351562,227.6699981689453,223.86000061035156,226.52000427246094,215.14962768554688,188800,NDSN
2022-04-21,227.82000732421875,229.6999969482422,223.33999633789062,224.1300048828125,212.87960815429688,153700,NDSN
2022-04-22,223.02999877929688,226.22000122070312,219.88999938964844,220.3800048828125,209.31784057617188,140300,NDSN
2022-04-25,220.3800048828125,221.36000061035156,215.49000549316406,220.82000732421875,209.73573303222656,181500,NDSN
2022-04-26,220.57000732421875,220.69000244140625,214.27999877929688,214.3699951171875,203.60952758789062,179500,NDSN
2022-04-27,214.3699951171875,218.4600067138672,214.3699951171875,216.33999633789062,205.48057556152344,229400,NDSN
2022-04-28,217.3300018310547,220.7899932861328,215.80999755859375,220.63999938964844,209.56478881835938,208000,NDSN
2022-04-29,218.91000366210938,221.7899932861328,215.2899932861328,215.69000244140625,204.86328125,279300,NDSN
2022-05-02,216.05999755859375,220.02999877929688,213.66000366210938,217.5500030517578,206.6298828125,213500,NDSN
2022-05-03,218.6199951171875,219.1699981689453,215.49000549316406,216.5399932861328,205.67054748535156,210600,NDSN
2022-05-04,216.30999755859375,227.1300048828125,215.3300018310547,222.4600067138672,211.29342651367188,288500,NDSN
2022-05-05,220.42999267578125,222.7100067138672,211.99000549316406,213.38999938964844,202.67868041992188,246800,NDSN
2022-05-06,211.89999389648438,213.63999938964844,206.83999633789062,209.82000732421875,199.2879180908203,210800,NDSN
2022-05-09,208.57000732421875,211.49000549316406,207.38999938964844,208.72999572753906,198.2526092529297,281500,NDSN
2022-05-10,211.42999267578125,211.82000732421875,204.86000061035156,208.44000244140625,197.97715759277344,261100,NDSN
2022-05-11,207.22999572753906,212.60000610351562,205.72000122070312,207.9199981689453,197.48324584960938,211200,NDSN
2022-05-12,207.4600067138672,211.08999633789062,206.8000030517578,209.8300018310547,199.2974090576172,294900,NDSN
2022-05-13,211.11000061035156,213.9199981689453,209.39999389648438,211.97000122070312,201.32994079589844,190100,NDSN
2022-05-16,210.9600067138672,211.4199981689453,207.35000610351562,210.67999267578125,200.10470581054688,176300,NDSN
2022-05-17,213.2899932861328,216.1999969482422,211.69000244140625,215.67999267578125,204.85372924804688,160800,NDSN
2022-05-18,213.44000244140625,215.07000732421875,205.3699951171875,205.82000732421875,195.4886932373047,228700,NDSN
2022-05-19,204.1699981689453,208.64999389648438,203.00999450683594,205.88999938964844,195.55517578125,207500,NDSN
2022-05-20,207.72999572753906,207.72999572753906,201.50999450683594,205.24000549316406,194.9377899169922,323400,NDSN
2022-05-23,206.77999877929688,207.5500030517578,204.42999267578125,205.89999389648438,196.0518035888672,327600,NDSN
2022-05-24,214.77000427246094,217.88999938964844,208.0800018310547,210.86000061035156,200.77459716796875,329200,NDSN
2022-05-25,208.8800048828125,213.89999389648438,208.8800048828125,213.36000061035156,203.155029296875,357100,NDSN
2022-05-26,215.0,217.3300018310547,214.52999877929688,215.47999572753906,205.17361450195312,233400,NDSN
2022-05-27,216.47000122070312,219.8300018310547,216.3300018310547,219.8300018310547,209.31556701660156,283900,NDSN
2022-05-31,218.07000732421875,220.00999450683594,215.0,217.8800048828125,207.45884704589844,474000,NDSN
2022-06-01,219.24000549316406,223.49000549316406,213.3699951171875,215.35000610351562,205.0498504638672,179300,NDSN
2022-06-02,216.66000366210938,222.39999389648438,213.9499969482422,222.19000244140625,211.56268310546875,165500,NDSN
2022-06-03,220.67999267578125,221.94000244140625,218.16000366210938,220.3800048828125,209.83924865722656,174600,NDSN
2022-06-06,222.64999389648438,223.13999938964844,220.47999572753906,221.25999450683594,210.67715454101562,117800,NDSN
2022-06-07,219.8000030517578,222.27999877929688,218.0399932861328,222.05999755859375,211.4388885498047,119100,NDSN
2022-06-08,220.22000122070312,222.1999969482422,218.9199981689453,219.16000366210938,208.67762756347656,139100,NDSN
2022-06-09,218.0399932861328,219.47999572753906,214.02999877929688,214.35000610351562,204.09768676757812,169300,NDSN
2022-06-10,210.8000030517578,211.80999755859375,207.35000610351562,207.63999938964844,197.70863342285156,153800,NDSN
2022-06-13,202.38999938964844,204.55999755859375,200.2100067138672,202.32000732421875,192.64309692382812,194000,NDSN
2022-06-14,202.4600067138672,203.66000366210938,199.55999755859375,200.82000732421875,191.21484375,158200,NDSN
2022-06-15,202.82000732421875,204.5500030517578,199.92999267578125,201.69000244140625,192.043212890625,209800,NDSN
2022-06-16,199.85000610351562,200.39999389648438,195.08999633789062,196.4600067138672,187.06333923339844,348300,NDSN
2022-06-17,195.7100067138672,199.35000610351562,195.16000366210938,195.36000061035156,186.01596069335938,637600,NDSN
2022-06-21,197.27000427246094,199.22000122070312,194.88999938964844,197.99000549316406,188.52017211914062,242800,NDSN
2022-06-22,195.89999389648438,198.25,195.24000549316406,197.50999450683594,188.0631561279297,242200,NDSN
2022-06-23,198.8699951171875,199.3699951171875,197.27000427246094,199.1999969482422,189.67230224609375,179900,NDSN
2022-06-24,201.1999969482422,204.97000122070312,200.88999938964844,204.94000244140625,195.13775634765625,380600,NDSN
2022-06-27,205.0,206.00999450683594,203.25999450683594,204.35000610351562,194.57598876953125,205400,NDSN
2022-06-28,205.5500030517578,209.19000244140625,202.0,202.85000610351562,193.14772033691406,280300,NDSN
2022-06-29,203.6699981689453,203.6699981689453,200.08999633789062,201.92999267578125,192.27174377441406,227400,NDSN
2022-06-30,199.66000366210938,203.74000549316406,198.47999572753906,202.44000244140625,192.75733947753906,287700,NDSN
2022-07-01,201.5399932861328,209.89999389648438,200.0399932861328,202.63999938964844,192.94775390625,294400,NDSN
2022-07-05,199.67999267578125,204.97999572753906,195.27999877929688,200.85000610351562,191.24337768554688,261500,NDSN
2022-07-06,201.69000244140625,205.7100067138672,199.7100067138672,204.16000366210938,194.39505004882812,199300,NDSN
2022-07-07,205.38999938964844,210.63999938964844,205.38999938964844,210.5399932861328,200.46986389160156,243500,NDSN
2022-07-08,210.44000244140625,210.44000244140625,204.97999572753906,207.42999267578125,197.5086669921875,183800,NDSN
2022-07-11,206.50999450683594,208.19000244140625,205.2899932861328,206.99000549316406,197.0896759033203,169700,NDSN
2022-07-12,207.6699981689453,208.97000122070312,204.02999877929688,205.25,195.4329071044922,174200,NDSN
2022-07-13,202.97000122070312,205.91000366210938,201.74000549316406,204.57000732421875,194.7854461669922,207300,NDSN
2022-07-14,202.07000732421875,203.07000732421875,199.32000732421875,202.6699981689453,192.97633361816406,193000,NDSN
2022-07-15,205.5500030517578,208.47000122070312,204.57000732421875,207.6699981689453,197.73715209960938,171500,NDSN
2022-07-18,207.8699951171875,210.0,206.3800048828125,207.00999450683594,197.10874938964844,261000,NDSN
2022-07-19,209.39999389648438,214.88999938964844,208.5399932861328,214.6699981689453,204.40237426757812,191600,NDSN
2022-07-20,214.94000244140625,216.8699951171875,213.6300048828125,216.61000061035156,206.24957275390625,160500,NDSN
2022-07-21,218.7100067138672,220.32000732421875,216.61000061035156,220.13999938964844,209.61074829101562,222600,NDSN
2022-07-22,220.1999969482422,221.8300018310547,218.89999389648438,219.6699981689453,209.16322326660156,177800,NDSN
2022-07-25,219.5399932861328,219.8300018310547,216.13999938964844,217.7100067138672,207.2969512939453,203300,NDSN
2022-07-26,216.6300048828125,217.92999267578125,214.99000549316406,217.32000732421875,206.92564392089844,209000,NDSN
2022-07-27,218.02000427246094,222.5,217.66000366210938,221.77999877929688,211.1723175048828,171900,NDSN
2022-07-28,222.39999389648438,226.25,221.55999755859375,225.91000366210938,215.10476684570312,170900,NDSN
2022-07-29,226.8300018310547,231.97999572753906,225.16000366210938,230.99000549316406,219.9417724609375,203000,NDSN
2022-08-01,229.32000732421875,231.0399932861328,227.97000122070312,230.5,219.47523498535156,141700,NDSN
2022-08-02,229.14999389648438,230.1699981689453,226.14999389648438,227.58999633789062,216.7043914794922,156800,NDSN
2022-08-03,228.60000610351562,231.0399932861328,226.24000549316406,230.1999969482422,219.18955993652344,188900,NDSN
2022-08-04,229.86000061035156,231.9600067138672,228.9600067138672,230.9199981689453,219.87509155273438,149300,NDSN
2022-08-05,229.0,231.64999389648438,228.24000549316406,231.5500030517578,220.47499084472656,122200,NDSN
2022-08-08,234.25,234.25,231.63999938964844,232.35000610351562,221.23672485351562,169700,NDSN
2022-08-09,232.0399932861328,232.0399932861328,228.97000122070312,230.22999572753906,219.21815490722656,120200,NDSN
2022-08-10,234.77999877929688,238.0500030517578,231.86000061035156,237.8699951171875,226.49273681640625,210300,NDSN
2022-08-11,238.57000732421875,240.91000366210938,237.97000122070312,238.5,227.0925750732422,242100,NDSN
2022-08-12,239.8300018310547,243.19000244140625,238.5500030517578,243.05999755859375,231.43446350097656,170100,NDSN
2022-08-15,242.50999450683594,245.77000427246094,240.27999877929688,245.1199951171875,233.39593505859375,226200,NDSN
2022-08-16,243.85000610351562,247.0800018310547,243.85000610351562,245.77999877929688,234.02439880371094,136900,NDSN
2022-08-17,243.27999877929688,246.0500030517578,242.75,244.80999755859375,233.10073852539062,133900,NDSN
2022-08-18,245.0800018310547,246.44000244140625,244.42999267578125,246.38999938964844,234.605224609375,146700,NDSN
2022-08-19,245.1300048828125,245.82000732421875,243.3800048828125,244.3000030517578,232.61520385742188,191000,NDSN
2022-08-22,239.9499969482422,240.66000366210938,232.0,233.27999877929688,222.71481323242188,413800,NDSN
2022-08-23,236.0,240.57000732421875,232.92999267578125,239.1699981689453,228.3380584716797,492000,NDSN
2022-08-24,239.1699981689453,241.05999755859375,237.8800048828125,239.8000030517578,228.9395751953125,337100,NDSN
2022-08-25,240.13999938964844,242.3699951171875,238.25,242.27000427246094,231.29769897460938,135300,NDSN
2022-08-26,243.00999450683594,243.00999450683594,232.02999877929688,232.8300018310547,222.28521728515625,191900,NDSN
2022-08-29,231.47000122070312,233.16000366210938,230.16000366210938,231.69000244140625,221.1968536376953,201100,NDSN
2022-08-30,231.86000061035156,232.38999938964844,227.64999389648438,227.97999572753906,217.6548614501953,270500,NDSN
2022-08-31,228.69000244140625,229.2899932861328,226.1699981689453,227.1699981689453,216.88157653808594,327300,NDSN
2022-09-01,226.24000549316406,227.41000366210938,223.5800018310547,226.17999267578125,215.9364013671875,222700,NDSN
2022-09-02,228.27999877929688,228.9199981689453,222.83999633789062,223.74000549316406,213.60690307617188,171200,NDSN
2022-09-06,223.88999938964844,225.94000244140625,222.66000366210938,225.5500030517578,215.3348846435547,210000,NDSN
2022-09-07,227.14999389648438,232.5,226.75999450683594,232.30999755859375,221.7887420654297,192400,NDSN
2022-09-08,230.3000030517578,232.47000122070312,228.94000244140625,232.14999389648438,221.63600158691406,180900,NDSN
2022-09-09,233.25999450683594,234.9600067138672,232.9199981689453,234.27999877929688,223.66954040527344,178100,NDSN
2022-09-12,235.1999969482422,236.5800018310547,234.02999877929688,235.27000427246094,224.6147003173828,141400,NDSN
2022-09-13,230.60000610351562,231.25999450683594,226.6699981689453,227.35000610351562,217.05340576171875,188900,NDSN
2022-09-14,226.91000366210938,228.82000732421875,224.9600067138672,226.72000122070312,216.45191955566406,167100,NDSN
2022-09-15,225.77000427246094,227.0399932861328,222.17999267578125,223.02000427246094,212.9195098876953,224700,NDSN
2022-09-16,220.8000030517578,220.8000030517578,215.64999389648438,218.97999572753906,209.06248474121094,509000,NDSN
2022-09-19,218.77999877929688,224.27000427246094,218.35000610351562,224.02999877929688,213.88375854492188,185900,NDSN
2022-09-20,222.57000732421875,224.0,219.0399932861328,221.6300048828125,211.5924530029297,222100,NDSN
2022-09-21,223.16000366210938,225.38999938964844,218.91000366210938,218.91000366210938,208.99566650390625,144300,NDSN
2022-09-22,218.24000549316406,218.92999267578125,215.0800018310547,215.19000244140625,205.444091796875,170600,NDSN
2022-09-23,214.25,214.27999877929688,210.3699951171875,213.0,203.35330200195312,182200,NDSN
2022-09-26,212.77000427246094,215.41000366210938,212.0,212.63999938964844,203.0095672607422,200900,NDSN
2022-09-27,214.0,215.6699981689453,208.2100067138672,209.97000122070312,200.4604949951172,253300,NDSN
2022-09-28,211.4600067138672,216.83999633789062,211.4600067138672,215.4600067138672,205.70188903808594,310500,NDSN
2022-09-29,213.80999755859375,213.97999572753906,211.0500030517578,213.75999450683594,204.07887268066406,176700,NDSN
2022-09-30,214.2899932861328,216.0399932861328,211.85000610351562,212.27000427246094,202.65634155273438,213900,NDSN
2022-10-03,214.10000610351562,220.3800048828125,213.57000732421875,218.60000610351562,208.6996612548828,211900,NDSN
2022-10-04,221.47999572753906,225.42999267578125,221.47999572753906,224.2899932861328,214.1319580078125,232000,NDSN
2022-10-05,222.14999389648438,224.55999755859375,221.9199981689453,223.22999572753906,213.11996459960938,179000,NDSN
2022-10-06,222.75,224.22999572753906,220.36000061035156,221.30999755859375,211.28692626953125,207800,NDSN
2022-10-07,219.97000122070312,219.97000122070312,214.3000030517578,215.72000122070312,205.9500732421875,166700,NDSN
2022-10-10,216.3800048828125,216.66000366210938,212.5,214.52000427246094,204.80445861816406,114500,NDSN
2022-10-11,213.8699951171875,216.50999450683594,212.89999389648438,214.50999450683594,204.794921875,217700,NDSN
2022-10-12,214.07000732421875,215.02999877929688,210.69000244140625,210.8300018310547,201.28160095214844,190000,NDSN
2022-10-13,206.55999755859375,216.0500030517578,205.1999969482422,215.02999877929688,205.29136657714844,280800,NDSN
2022-10-14,216.91000366210938,216.91000366210938,208.97000122070312,210.4600067138672,200.92832946777344,220400,NDSN
2022-10-17,214.00999450683594,216.3699951171875,214.00999450683594,215.8000030517578,206.02650451660156,196100,NDSN
2022-10-18,220.60000610351562,221.33999633789062,215.77000427246094,218.6699981689453,208.76651000976562,229600,NDSN
2022-10-19,217.32000732421875,218.6300048828125,214.91000366210938,216.75999450683594,206.9430389404297,122800,NDSN
2022-10-20,217.72999572753906,217.9199981689453,211.1300048828125,211.50999450683594,201.9307861328125,159300,NDSN
2022-10-21,212.69000244140625,217.08999633789062,211.44000244140625,216.52999877929688,206.7234344482422,200200,NDSN
2022-10-24,217.47999572753906,219.8800048828125,216.36000061035156,218.86000061035156,208.94790649414062,129300,NDSN
2022-10-25,218.52000427246094,223.6699981689453,218.11000061035156,223.4600067138672,213.33958435058594,161200,NDSN
2022-10-26,224.35000610351562,225.86000061035156,222.47000122070312,222.52000427246094,212.44215393066406,155500,NDSN
2022-10-27,222.22000122070312,225.0800018310547,220.5,221.05999755859375,211.0482635498047,221300,NDSN
2022-10-28,222.4199981689453,227.44000244140625,221.69000244140625,226.0,215.76455688476562,264300,NDSN
2022-10-31,224.5500030517578,226.80999755859375,223.32000732421875,225.0,214.80982971191406,360500,NDSN
2022-11-01,225.72000122070312,226.85000610351562,223.58999633789062,225.75,215.52586364746094,196600,NDSN
2022-11-02,224.6199951171875,228.47000122070312,220.83999633789062,221.35000610351562,211.32516479492188,225000,NDSN
2022-11-03,218.80999755859375,220.99000549316406,216.82000732421875,218.0,208.12684631347656,255300,NDSN
2022-11-04,221.3800048828125,222.38999938964844,218.44000244140625,220.0500030517578,210.08401489257812,425000,NDSN
2022-11-07,221.24000549316406,223.13999938964844,218.47000122070312,222.14999389648438,212.08889770507812,280200,NDSN
2022-11-08,223.1699981689453,228.4199981689453,222.42999267578125,225.35000610351562,215.14395141601562,208200,NDSN
2022-11-09,224.47999572753906,226.8800048828125,222.72999572753906,223.6999969482422,213.56871032714844,149400,NDSN
2022-11-10,230.25,235.52999877929688,230.25,235.17999267578125,224.5287628173828,269200,NDSN
2022-11-11,236.1199951171875,239.07000732421875,234.82000732421875,236.5500030517578,225.83673095703125,219800,NDSN
2022-11-14,236.64999389648438,240.5500030517578,234.61000061035156,237.39999389648438,226.6482391357422,235400,NDSN
2022-11-15,239.1999969482422,242.42999267578125,234.80999755859375,235.0,224.35693359375,366400,NDSN
2022-11-16,235.30999755859375,236.1999969482422,231.38999938964844,232.0,221.49278259277344,279200,NDSN
2022-11-17,229.42999267578125,229.47000122070312,226.38999938964844,229.1300048828125,218.75279235839844,201600,NDSN
2022-11-18,231.72000122070312,232.6199951171875,229.22000122070312,231.00999450683594,220.54766845703125,377100,NDSN
2022-11-21,230.0,233.3699951171875,230.0,231.13999938964844,220.67173767089844,222100,NDSN
2022-11-22,232.86000061035156,233.75999450683594,231.3800048828125,233.58999633789062,223.01080322265625,213000,NDSN
2022-11-23,233.8699951171875,235.92999267578125,232.41000366210938,234.39999389648438,223.78411865234375,120700,NDSN
2022-11-25,235.27999877929688,236.11000061035156,234.5800018310547,236.0800018310547,225.38800048828125,79800,NDSN
2022-11-28,234.75999450683594,234.75999450683594,230.85000610351562,231.6199951171875,221.1300048828125,205500,NDSN
2022-11-29,231.00999450683594,232.14999389648438,229.4600067138672,230.8000030517578,220.34716796875,169600,NDSN
2022-11-30,231.49000549316406,237.27999877929688,227.92999267578125,236.49000549316406,225.77947998046875,307800,NDSN
2022-12-01,238.1199951171875,240.61000061035156,237.39999389648438,240.00999450683594,229.14002990722656,191400,NDSN
2022-12-02,237.72999572753906,242.6699981689453,237.61000061035156,241.9199981689453,230.96353149414062,187300,NDSN
2022-12-05,240.4199981689453,241.7100067138672,236.99000549316406,238.33999633789062,227.545654296875,213000,NDSN
2022-12-06,238.77999877929688,239.25999450683594,232.47000122070312,233.58999633789062,223.01080322265625,175200,NDSN
2022-12-07,233.58999633789062,235.5399932861328,232.4199981689453,235.13999938964844,224.4906005859375,201600,NDSN
2022-12-08,235.2100067138672,237.49000549316406,233.30999755859375,234.63999938964844,224.01324462890625,181600,NDSN
2022-12-09,234.3000030517578,234.75999450683594,232.6699981689453,232.89999389648438,222.35205078125,141200,NDSN
2022-12-12,232.99000549316406,238.52999877929688,232.99000549316406,238.3800048828125,227.58384704589844,203300,NDSN
2022-12-13,244.9499969482422,244.9499969482422,236.24000549316406,238.3699951171875,227.5742950439453,281100,NDSN
2022-12-14,238.72000122070312,241.08999633789062,234.3300018310547,235.91000366210938,225.22569274902344,352000,NDSN
2022-12-15,239.91000366210938,245.36000061035156,234.0399932861328,241.83999633789062,230.8871307373047,616600,NDSN
2022-12-16,238.0399932861328,238.97000122070312,232.42999267578125,236.82000732421875,226.09451293945312,742300,NDSN
2022-12-19,235.4600067138672,237.72000122070312,232.85000610351562,233.39999389648438,223.4426727294922,264700,NDSN
2022-12-20,232.8699951171875,234.0399932861328,230.91000366210938,232.77000427246094,222.83953857421875,319600,NDSN
2022-12-21,234.75999450683594,238.1999969482422,231.6699981689453,238.1999969482422,228.0378875732422,245800,NDSN
2022-12-22,236.6199951171875,237.75999450683594,231.6300048828125,234.67999267578125,224.6680450439453,209500,NDSN
2022-12-23,235.89999389648438,237.24000549316406,233.8300018310547,236.32000732421875,226.23812866210938,149500,NDSN
2022-12-27,236.6199951171875,238.91000366210938,236.00999450683594,237.61000061035156,227.47308349609375,166400,NDSN
2022-12-28,238.58999633789062,239.97999572753906,235.00999450683594,235.1199951171875,225.08924865722656,151700,NDSN
2022-12-29,236.4199981689453,240.97000122070312,235.39999389648438,239.77999877929688,229.5504913330078,126700,NDSN
2022-12-30,239.47999572753906,239.47999572753906,236.0,237.72000122070312,227.57835388183594,114600,NDSN
2023-01-03,238.64999389648438,240.0,235.58999633789062,238.02999877929688,227.87515258789062,252800,NDSN
2023-01-04,239.86000061035156,240.41000366210938,235.77000427246094,237.75,227.60708618164062,299200,NDSN
2023-01-05,237.3300018310547,237.5800018310547,229.50999450683594,229.74000549316406,219.93881225585938,228400,NDSN
2023-01-06,232.0399932861328,237.0,232.0399932861328,235.77000427246094,225.7115478515625,164000,NDSN
2023-01-09,237.7899932861328,243.39999389648438,236.0500030517578,241.24000549316406,230.9481658935547,226700,NDSN
2023-01-10,240.36000061035156,242.11000061035156,238.80999755859375,241.4499969482422,231.14923095703125,162900,NDSN
2023-01-11,242.9600067138672,244.4499969482422,242.3300018310547,243.8699951171875,233.4659881591797,217900,NDSN
2023-01-12,244.00999450683594,244.61000061035156,242.07000732421875,242.14999389648438,231.8194122314453,143900,NDSN
2023-01-13,239.1699981689453,244.2899932861328,239.1699981689453,243.83999633789062,233.43728637695312,125500,NDSN
2023-01-17,244.1999969482422,246.61000061035156,241.8699951171875,242.0500030517578,231.72364807128906,228000,NDSN
2023-01-18,243.0500030517578,245.05999755859375,238.4199981689453,238.50999450683594,228.3346710205078,254700,NDSN
2023-01-19,237.6699981689453,237.6699981689453,227.82000732421875,228.3699951171875,218.62725830078125,267600,NDSN
2023-01-20,228.3800048828125,234.4600067138672,228.13999938964844,233.82000732421875,223.8447723388672,325700,NDSN
2023-01-23,234.14999389648438,238.61000061035156,233.0,238.10000610351562,227.94216918945312,274200,NDSN
2023-01-24,237.83999633789062,242.91000366210938,237.2100067138672,242.4499969482422,232.1065673828125,247800,NDSN
2023-01-25,241.38999938964844,241.38999938964844,233.66000366210938,235.02000427246094,224.99356079101562,356800,NDSN
2023-01-26,236.97999572753906,236.97999572753906,233.27999877929688,235.27000427246094,225.23291015625,244700,NDSN
2023-01-27,234.64999389648438,240.88999938964844,233.4600067138672,239.5800018310547,229.3590087890625,278700,NDSN
2023-01-30,238.36000061035156,241.13999938964844,235.57000732421875,235.97000122070312,225.9029998779297,222000,NDSN
2023-01-31,237.14999389648438,245.10000610351562,236.00999450683594,243.3000030517578,232.92030334472656,2191700,NDSN
2023-02-01,242.05999755859375,247.8300018310547,241.49000549316406,246.00999450683594,235.5146942138672,305000,NDSN
2023-02-02,247.22999572753906,251.25999450683594,247.05999755859375,250.99000549316406,240.28225708007812,270400,NDSN
2023-02-03,247.38999938964844,250.05999755859375,246.11000061035156,248.64999389648438,238.04208374023438,237100,NDSN
2023-02-06,246.42999267578125,248.42999267578125,243.7100067138672,243.97999572753906,233.5712890625,155600,NDSN
2023-02-07,242.77000427246094,245.88999938964844,241.92999267578125,245.4600067138672,234.9881591796875,158900,NDSN
2023-02-08,243.89999389648438,246.14999389648438,242.82000732421875,243.39999389648438,233.01605224609375,144600,NDSN
2023-02-09,245.27999877929688,246.13999938964844,241.85000610351562,241.9199981689453,231.5991668701172,122700,NDSN
2023-02-10,241.2100067138672,242.25999450683594,240.0399932861328,241.52999877929688,231.22584533691406,119500,NDSN
2023-02-13,242.38999938964844,244.19000244140625,241.74000549316406,244.1300048828125,233.7148895263672,179700,NDSN
2023-02-14,243.77999877929688,244.1199951171875,240.14999389648438,242.77000427246094,232.41293334960938,120800,NDSN
2023-02-15,241.99000549316406,245.8800048828125,241.99000549316406,245.52999877929688,235.05519104003906,124200,NDSN
2023-02-16,243.1300048828125,244.83999633789062,242.1999969482422,242.47999572753906,232.1352996826172,156200,NDSN
2023-02-17,241.8300018310547,246.89999389648438,241.8300018310547,246.22000122070312,236.3493194580078,319100,NDSN
2023-02-21,237.11000061035156,237.11000061035156,210.3699951171875,211.91000366210938,203.41476440429688,964000,NDSN
2023-02-22,215.52999877929688,224.8800048828125,214.99000549316406,221.0399932861328,212.17874145507812,645100,NDSN
2023-02-23,222.22999572753906,224.25,220.0,222.61000061035156,213.68582153320312,334400,NDSN
2023-02-24,220.32000732421875,222.33999633789062,218.1699981689453,220.32000732421875,211.48765563964844,238000,NDSN
2023-02-27,222.11000061035156,224.10000610351562,218.75,220.13999938964844,211.3148193359375,277900,NDSN
2023-02-28,219.30999755859375,222.14999389648438,219.30999755859375,219.63999938964844,210.83489990234375,263500,NDSN
2023-03-01,218.44000244140625,219.88999938964844,217.80999755859375,219.4600067138672,210.66209411621094,199900,NDSN
2023-03-02,218.38999938964844,221.97999572753906,217.0,220.89999389648438,212.0443572998047,244000,NDSN
2023-03-03,221.72000122070312,223.35000610351562,219.86000061035156,222.99000549316406,214.05059814453125,213600,NDSN
2023-03-06,222.64999389648438,225.1699981689453,220.38999938964844,221.02000427246094,212.15957641601562,170300,NDSN
2023-03-07,220.80999755859375,221.6300048828125,219.30999755859375,219.61000061035156,210.80609130859375,230900,NDSN
2023-03-08,219.24000549316406,221.50999450683594,218.92999267578125,220.3800048828125,211.54522705078125,167400,NDSN
2023-03-09,221.33999633789062,223.25999450683594,218.10000610351562,218.17999267578125,209.43338012695312,217800,NDSN
2023-03-10,217.66000366210938,218.2100067138672,211.7100067138672,212.9199981689453,204.38427734375,172800,NDSN
2023-03-13,211.2899932861328,212.91000366210938,210.10000610351562,210.72000122070312,202.2724609375,276000,NDSN
2023-03-14,213.8000030517578,215.0399932861328,209.07000732421875,212.2100067138672,203.7027587890625,320200,NDSN
2023-03-15,209.25,209.25,202.57000732421875,206.38999938964844,198.11602783203125,276700,NDSN
2023-03-16,204.38999938964844,207.8800048828125,203.47000122070312,206.39999389648438,198.1256561279297,286400,NDSN
2023-03-17,205.19000244140625,205.19000244140625,202.74000549316406,204.02000427246094,195.84103393554688,505600,NDSN
2023-03-20,205.1999969482422,209.42999267578125,205.1999969482422,208.16000366210938,199.8151092529297,246500,NDSN
2023-03-21,209.33999633789062,211.0800018310547,207.22999572753906,208.7899932861328,200.4198455810547,197800,NDSN
2023-03-22,209.57000732421875,212.8699951171875,207.74000549316406,207.74000549316406,199.41192626953125,247600,NDSN
2023-03-23,208.27000427246094,210.8699951171875,205.8699951171875,207.13999938964844,198.83596801757812,166300,NDSN
2023-03-24,205.86000061035156,210.47000122070312,204.60000610351562,209.9499969482422,201.53334045410156,252700,NDSN
2023-03-27,212.1300048828125,213.27000427246094,209.3800048828125,212.3699951171875,203.85629272460938,249800,NDSN
2023-03-28,211.9199981689453,214.63999938964844,211.64999389648438,214.0,205.4209747314453,148700,NDSN
2023-03-29,216.17999267578125,217.4499969482422,215.6300048828125,217.02000427246094,208.31991577148438,173300,NDSN
2023-03-30,219.02000427246094,219.33999633789062,217.27000427246094,218.80999755859375,210.0381317138672,179600,NDSN
2023-03-31,220.0399932861328,222.69000244140625,219.66000366210938,222.25999450683594,213.34983825683594,253500,NDSN
2023-04-03,221.2899932861328,222.1699981689453,218.99000549316406,220.30999755859375,211.47802734375,162300,NDSN
2023-04-04,219.77000427246094,220.0,213.7899932861328,214.64999389648438,206.04490661621094,169700,NDSN
2023-04-05,213.82000732421875,214.02000427246094,210.19000244140625,211.7100067138672,203.22279357910156,147000,NDSN
2023-04-06,211.38999938964844,211.52999877929688,208.77000427246094,210.02000427246094,201.6005401611328,236300,NDSN
2023-04-10,210.5500030517578,213.8699951171875,208.97000122070312,213.5800018310547,205.017822265625,213900,NDSN
2023-04-11,215.08999633789062,218.22000122070312,215.05999755859375,216.86000061035156,208.16636657714844,178900,NDSN
2023-04-12,218.5800018310547,219.00999450683594,216.05999755859375,216.77000427246094,208.07994079589844,176500,NDSN
2023-04-13,217.10000610351562,218.85000610351562,213.6199951171875,218.6699981689453,209.90374755859375,246800,NDSN
2023-04-14,218.5500030517578,220.47999572753906,216.85000610351562,217.8699951171875,209.13584899902344,171800,NDSN
2023-04-17,218.02999877929688,219.52999877929688,217.47999572753906,218.67999267578125,209.91339111328125,135800,NDSN
2023-04-18,219.36000061035156,220.9499969482422,217.72000122070312,218.55999755859375,209.7981719970703,200900,NDSN
2023-04-19,217.77000427246094,218.30999755859375,215.25,217.2899932861328,208.57907104492188,149300,NDSN
2023-04-20,216.85000610351562,218.89999389648438,215.75999450683594,218.72000122070312,209.9517364501953,219700,NDSN
2023-04-21,218.72000122070312,219.27999877929688,216.52000427246094,218.83999633789062,210.0669403076172,191700,NDSN
2023-04-24,219.35000610351562,220.3699951171875,217.55999755859375,218.3300018310547,209.57740783691406,132100,NDSN
2023-04-25,217.27999877929688,218.00999450683594,213.33999633789062,214.14999389648438,205.56495666503906,171400,NDSN
2023-04-26,212.66000366210938,214.61000061035156,209.80999755859375,210.8699951171875,202.41644287109375,238000,NDSN
2023-04-27,212.25,216.89999389648438,211.44000244140625,216.0800018310547,207.41761779785156,192900,NDSN
2023-04-28,216.4600067138672,217.97999572753906,214.86000061035156,216.30999755859375,207.63836669921875,440600,NDSN
2023-05-01,216.24000549316406,218.13999938964844,215.75999450683594,217.52999877929688,208.80947875976562,231700,NDSN
2023-05-02,217.22999572753906,218.25,215.02000427246094,217.9199981689453,209.18382263183594,232100,NDSN
2023-05-03,219.33999633789062,221.0399932861328,215.52999877929688,215.5500030517578,206.90882873535156,269600,NDSN
2023-05-04,215.07000732421875,216.77000427246094,212.89999389648438,216.14999389648438,207.48480224609375,321200,NDSN
2023-05-05,218.67999267578125,220.6300048828125,217.8800048828125,220.1699981689453,211.34361267089844,167600,NDSN
2023-05-08,220.77999877929688,221.64999389648438,217.0,217.85000610351562,209.1166229248047,173800,NDSN
2023-05-09,217.5500030517578,217.63999938964844,215.39999389648438,216.7899932861328,208.09912109375,159700,NDSN
2023-05-10,218.61000061035156,218.61000061035156,214.17999267578125,216.39999389648438,207.72476196289062,213800,NDSN
2023-05-11,215.9499969482422,216.2899932861328,213.77999877929688,216.24000549316406,207.57118225097656,178700,NDSN
2023-05-12,217.30999755859375,219.3300018310547,214.99000549316406,216.30999755859375,207.63836669921875,294000,NDSN
2023-05-15,216.5500030517578,217.50999450683594,215.6199951171875,216.7899932861328,208.09912109375,291900,NDSN
2023-05-16,215.50999450683594,215.74000549316406,213.41000366210938,214.17999267578125,205.59376525878906,293400,NDSN
2023-05-17,215.72999572753906,217.3300018310547,214.05999755859375,217.0,208.30072021484375,242600,NDSN
2023-05-18,216.85000610351562,218.8300018310547,215.57000732421875,217.58999633789062,208.86705017089844,213400,NDSN
2023-05-19,219.27999877929688,219.35000610351562,215.82000732421875,217.1699981689453,208.4638671875,199300,NDSN
2023-05-22,217.5,218.35000610351562,214.3000030517578,216.24000549316406,208.19432067871094,406400,NDSN
2023-05-23,216.9600067138672,221.3000030517578,208.91000366210938,219.5800018310547,211.41006469726562,528800,NDSN
2023-05-24,219.25,220.91000366210938,213.3000030517578,213.8000030517578,205.8450927734375,302700,NDSN
2023-05-25,213.8699951171875,218.22999572753906,212.8000030517578,217.14999389648438,209.07044982910156,256900,NDSN
2023-05-26,217.0,220.94000244140625,217.0,220.82000732421875,212.60391235351562,180200,NDSN
2023-05-30,221.72000122070312,221.8000030517578,220.0800018310547,220.7100067138672,212.4980010986328,251500,NDSN
2023-05-31,220.19000244140625,220.36000061035156,215.82000732421875,217.92999267578125,209.8214111328125,409400,NDSN
2023-06-01,218.82000732421875,222.36000061035156,217.5500030517578,221.77000427246094,213.51856994628906,218600,NDSN
2023-06-02,223.75999450683594,227.69000244140625,223.75999450683594,227.22000122070312,218.7657928466797,224400,NDSN
2023-06-05,227.4600067138672,227.4600067138672,224.0500030517578,224.5500030517578,216.1951446533203,187800,NDSN
2023-06-06,224.3000030517578,227.22000122070312,223.00999450683594,225.25999450683594,216.87872314453125,245500,NDSN
2023-06-07,225.7100067138672,234.2100067138672,224.67999267578125,233.2899932861328,224.6099090576172,330500,NDSN
2023-06-08,234.11000061035156,234.11000061035156,230.61000061035156,232.75999450683594,224.09967041015625,188100,NDSN
2023-06-09,233.0500030517578,233.0500030517578,229.22000122070312,232.14999389648438,223.51231384277344,165100,NDSN
2023-06-12,232.44000244140625,233.82000732421875,228.1199951171875,233.07000732421875,224.3981475830078,132500,NDSN
2023-06-13,233.39999389648438,235.61000061035156,233.30999755859375,234.63999938964844,225.90969848632812,289500,NDSN
2023-06-14,235.24000549316406,235.8300018310547,232.16000366210938,233.8000030517578,225.10093688964844,166600,NDSN
2023-06-15,233.74000549316406,237.11000061035156,233.74000549316406,236.5800018310547,227.7775421142578,176600,NDSN
2023-06-16,237.69000244140625,238.4600067138672,236.2899932861328,237.11000061035156,228.28781127929688,360600,NDSN
2023-06-20,235.6999969482422,236.17999267578125,233.6999969482422,235.47000122070312,226.7088165283203,228400,NDSN
2023-06-21,234.92999267578125,237.27999877929688,233.77000427246094,236.36000061035156,227.56570434570312,188100,NDSN
2023-06-22,237.6999969482422,237.6999969482422,234.52000427246094,236.52000427246094,227.7197723388672,205000,NDSN
2023-06-23,235.6199951171875,236.17999267578125,234.02999877929688,235.74000549316406,226.96876525878906,494400,NDSN
2023-06-26,237.25,242.1999969482422,236.64999389648438,241.82000732421875,232.82257080078125,358000,NDSN
2023-06-27,243.22000122070312,245.80999755859375,240.6999969482422,244.4499969482422,235.35472106933594,341200,NDSN
2023-06-28,244.7100067138672,245.57000732421875,242.0500030517578,242.3800048828125,233.3617401123047,157300,NDSN
2023-06-29,241.8000030517578,247.0800018310547,241.8000030517578,246.75,237.56910705566406,233200,NDSN
2023-06-30,247.97000122070312,250.0,245.9600067138672,248.17999267578125,238.94590759277344,222500,NDSN
2023-07-03,246.8800048828125,247.63999938964844,245.36000061035156,247.0,237.809814453125,97000,NDSN
2023-07-05,245.5800018310547,245.5800018310547,242.22000122070312,242.44000244140625,233.41944885253906,164400,NDSN
2023-07-06,240.67999267578125,242.3000030517578,239.69000244140625,240.72999572753906,231.7731170654297,188100,NDSN
2023-07-07,240.7100067138672,244.60000610351562,240.6999969482422,242.2899932861328,233.27505493164062,185300,NDSN
2023-07-10,243.02999877929688,247.3000030517578,242.39999389648438,246.27000427246094,237.1070098876953,194500,NDSN
2023-07-11,246.27000427246094,249.25,246.27000427246094,249.0,239.7353973388672,171600,NDSN
2023-07-12,250.5,250.5,247.3000030517578,247.7100067138672,238.493408203125,194500,NDSN
2023-07-13,248.9600067138672,248.9600067138672,247.0399932861328,247.5800018310547,238.36822509765625,169800,NDSN
2023-07-14,247.9600067138672,247.9600067138672,244.33999633789062,246.4600067138672,237.28993225097656,209500,NDSN
2023-07-17,245.82000732421875,247.85000610351562,245.19000244140625,247.27000427246094,238.0697479248047,143300,NDSN
2023-07-18,247.00999450683594,247.72999572753906,245.6199951171875,247.4199981689453,238.21420288085938,281300,NDSN
2023-07-19,246.8300018310547,248.16000366210938,245.22999572753906,247.82000732421875,238.5993194580078,187700,NDSN
2023-07-20,248.52000427246094,248.52000427246094,243.82000732421875,244.47000122070312,235.3739471435547,225200,NDSN
2023-07-21,244.92999267578125,245.42999267578125,243.00999450683594,243.35000610351562,234.29562377929688,221700,NDSN
2023-07-24,244.1999969482422,245.61000061035156,243.77000427246094,244.91000366210938,235.79759216308594,143500,NDSN
2023-07-25,243.47000122070312,245.3300018310547,243.47000122070312,244.97999572753906,235.8649444580078,163300,NDSN
2023-07-26,244.72000122070312,247.86000061035156,244.30999755859375,247.08999633789062,237.896484375,186700,NDSN
2023-07-27,248.08999633789062,250.39999389648438,245.38999938964844,248.10000610351562,238.86891174316406,251000,NDSN
2023-07-28,250.5,251.2899932861328,248.8300018310547,250.25999450683594,240.94850158691406,180600,NDSN
2023-07-31,250.64999389648438,251.8000030517578,250.19000244140625,251.61000061035156,242.248291015625,286800,NDSN
2023-08-01,250.25,253.39999389648438,249.39999389648438,250.66000366210938,241.33363342285156,192700,NDSN
2023-08-02,249.25,249.6999969482422,247.3699951171875,247.82000732421875,238.5993194580078,168900,NDSN
2023-08-03,247.22000122070312,249.9199981689453,246.47999572753906,248.72000122070312,239.46583557128906,155900,NDSN
2023-08-04,248.72000122070312,249.8000030517578,246.14999389648438,246.4199981689453,237.2513885498047,188400,NDSN
2023-08-07,247.05999755859375,248.39999389648438,246.72999572753906,248.2100067138672,238.9748077392578,143900,NDSN
2023-08-08,246.72000122070312,247.6199951171875,243.30999755859375,245.7899932861328,236.6448211669922,123400,NDSN
2023-08-09,246.8000030517578,246.88999938964844,244.9199981689453,245.02000427246094,235.9034881591797,131600,NDSN
2023-08-10,245.52000427246094,246.75,241.9600067138672,242.50999450683594,233.4868621826172,195100,NDSN
2023-08-11,241.39999389648438,243.36000061035156,241.39999389648438,242.55999755859375,233.53500366210938,125300,NDSN
2023-08-14,242.0399932861328,242.64999389648438,240.75999450683594,241.19000244140625,232.2160186767578,186000,NDSN
2023-08-15,239.74000549316406,239.77999877929688,236.8300018310547,237.02999877929688,228.21078491210938,239500,NDSN
2023-08-16,236.0399932861328,238.41000366210938,236.0399932861328,236.19000244140625,227.4020538330078,185000,NDSN
2023-08-17,236.6999969482422,238.2899932861328,233.38999938964844,233.50999450683594,224.8217315673828,173700,NDSN
2023-08-18,232.64999389648438,235.2100067138672,231.75,232.3300018310547,223.68565368652344,192700,NDSN
2023-08-21,231.64999389648438,232.83999633789062,230.00999450683594,230.69000244140625,222.75863647460938,353300,NDSN
2023-08-22,229.1999969482422,235.94000244140625,226.57000732421875,235.6999969482422,227.596435546875,487100,NDSN
2023-08-23,236.58999633789062,240.25999450683594,235.91000366210938,239.27000427246094,231.0436553955078,223200,NDSN
2023-08-24,238.9199981689453,241.38999938964844,236.50999450683594,236.69000244140625,228.55235290527344,209100,NDSN
2023-08-25,236.97999572753906,239.77000427246094,236.0399932861328,238.60000610351562,230.396728515625,187200,NDSN
2023-08-28,240.38999938964844,243.00999450683594,240.14999389648438,242.55999755859375,234.2205352783203,267300,NDSN
2023-08-29,241.92999267578125,244.74000549316406,241.0800018310547,244.5,236.09388732910156,186600,NDSN
2023-08-30,244.6699981689453,247.25,244.6699981689453,245.6999969482422,237.25259399414062,156500,NDSN
2023-08-31,245.55999755859375,247.24000549316406,244.1300048828125,244.13999938964844,235.7462158203125,241200,NDSN
2023-09-01,245.91000366210938,246.89999389648438,244.9199981689453,245.50999450683594,237.06915283203125,181800,NDSN
2023-09-05,245.88999938964844,245.88999938964844,238.9499969482422,240.60000610351562,232.32794189453125,235600,NDSN
2023-09-06,240.63999938964844,241.32000732421875,238.97999572753906,239.5500030517578,231.31405639648438,196800,NDSN
2023-09-07,239.39999389648438,239.61000061035156,233.42999267578125,233.86000061035156,225.81968688964844,341800,NDSN
2023-09-08,233.86000061035156,234.5800018310547,232.22999572753906,232.8000030517578,224.79612731933594,162500,NDSN
2023-09-11,233.52000427246094,235.52000427246094,232.24000549316406,234.8699951171875,226.794921875,210700,NDSN
2023-09-12,233.67999267578125,235.22000122070312,231.60000610351562,232.22999572753906,224.24571228027344,131600,NDSN
2023-09-13,232.6999969482422,232.7100067138672,230.42999267578125,231.24000549316406,223.28977966308594,198800,NDSN
2023-09-14,233.22000122070312,233.88999938964844,231.32000732421875,232.75,224.7478485107422,165200,NDSN
2023-09-15,233.00999450683594,233.22999572753906,230.22000122070312,230.7899932861328,222.855224609375,312800,NDSN
2023-09-18,230.4499969482422,233.41000366210938,229.52999877929688,231.3699951171875,223.41526794433594,309600,NDSN
2023-09-19,231.13999938964844,231.13999938964844,229.42999267578125,230.74000549316406,222.80691528320312,194400,NDSN
2023-09-20,231.74000549316406,232.8800048828125,227.5800018310547,227.77999877929688,219.94869995117188,221500,NDSN
2023-09-21,226.97999572753906,227.61000061035156,223.6199951171875,223.72000122070312,216.02828979492188,235900,NDSN
2023-09-22,223.55999755859375,225.44000244140625,222.75,224.17999267578125,216.47247314453125,215500,NDSN
2023-09-25,223.77000427246094,225.67999267578125,223.77000427246094,224.25999450683594,216.5497283935547,168200,NDSN
2023-09-26,220.1999969482422,220.67999267578125,215.8000030517578,216.25,208.8151092529297,392700,NDSN
2023-09-27,217.4199981689453,220.75999450683594,216.8000030517578,220.0800018310547,212.51344299316406,352700,NDSN
2023-09-28,220.42999267578125,224.16000366210938,220.32000732421875,223.07000732421875,215.40066528320312,226400,NDSN
2023-09-29,224.63999938964844,225.05999755859375,222.05999755859375,223.1699981689453,215.49720764160156,233400,NDSN
2023-10-02,222.69000244140625,223.19000244140625,220.72000122070312,221.3699951171875,213.7591094970703,175100,NDSN
2023-10-03,220.77000427246094,223.10000610351562,220.24000549316406,220.39999389648438,212.82244873046875,167700,NDSN
2023-10-04,220.39999389648438,223.5800018310547,219.7100067138672,223.13999938964844,215.46824645996094,241900,NDSN
2023-10-05,223.82000732421875,224.52999877929688,220.42999267578125,221.86000061035156,214.23228454589844,196100,NDSN
2023-10-06,221.60000610351562,224.0800018310547,220.42999267578125,222.77000427246094,215.11097717285156,151400,NDSN
2023-10-09,221.52999877929688,225.63999938964844,221.24000549316406,225.3300018310547,217.58294677734375,154800,NDSN
2023-10-10,226.77000427246094,228.88999938964844,226.47000122070312,226.7100067138672,218.91549682617188,214200,NDSN
2023-10-11,227.24000549316406,227.97999572753906,226.52000427246094,227.89999389648438,220.06460571289062,96700,NDSN
2023-10-12,229.11000061035156,230.36000061035156,226.57000732421875,227.5,219.67832946777344,286300,NDSN
2023-10-13,228.47999572753906,228.47999572753906,221.6199951171875,222.60000610351562,214.94683837890625,177700,NDSN
2023-10-16,224.8800048828125,226.08999633789062,222.80999755859375,224.50999450683594,216.7911376953125,180600,NDSN
2023-10-17,223.52000427246094,226.38999938964844,223.25,224.17999267578125,216.47247314453125,173800,NDSN
2023-10-18,223.11000061035156,223.11000061035156,216.9600067138672,217.47000122070312,209.99317932128906,211300,NDSN
2023-10-19,218.3000030517578,220.32000732421875,215.72999572753906,216.1699981689453,208.73788452148438,235700,NDSN
2023-10-20,216.72999572753906,217.52000427246094,215.19000244140625,215.32000732421875,207.91709899902344,170500,NDSN
2023-10-23,215.52999877929688,216.72000122070312,212.85000610351562,212.97999572753906,205.6575469970703,169300,NDSN
2023-10-24,215.08999633789062,215.08999633789062,212.27999877929688,213.8699951171875,206.51693725585938,169800,NDSN
2023-10-25,213.27999877929688,213.80999755859375,210.05999755859375,210.7100067138672,203.465576171875,189300,NDSN
2023-10-26,211.42999267578125,215.77000427246094,211.42999267578125,212.8000030517578,205.48374938964844,210800,NDSN
2023-10-27,212.8000030517578,214.75,211.74000549316406,212.1300048828125,204.83677673339844,206300,NDSN
2023-10-30,213.61000061035156,213.61000061035156,210.1300048828125,212.16000366210938,204.86573791503906,211300,NDSN
2023-10-31,212.1999969482422,213.83999633789062,212.1199951171875,212.58999633789062,205.2809600830078,367100,NDSN
2023-11-01,213.00999450683594,213.1300048828125,208.91000366210938,211.52000427246094,204.24774169921875,216200,NDSN
2023-11-02,213.4600067138672,217.33999633789062,213.0399932861328,217.22999572753906,209.76141357421875,217000,NDSN
2023-11-03,220.4499969482422,223.1699981689453,220.4499969482422,221.5399932861328,213.92324829101562,168800,NDSN
2023-11-06,222.22999572753906,222.22999572753906,220.10000610351562,221.22000122070312,213.61424255371094,153000,NDSN
2023-11-07,220.77000427246094,222.1699981689453,219.4600067138672,220.49000549316406,212.9093475341797,130000,NDSN
2023-11-08,220.8699951171875,222.8000030517578,220.8699951171875,221.6199951171875,214.00048828125,165500,NDSN
2023-11-09,223.38999938964844,223.77000427246094,220.69000244140625,221.47000122070312,213.8556671142578,173800,NDSN
2023-11-10,222.89999389648438,225.24000549316406,221.30999755859375,225.11000061035156,217.37049865722656,137400,NDSN
2023-11-13,224.14999389648438,224.9600067138672,222.88999938964844,223.55999755859375,215.87380981445312,137800,NDSN
2023-11-14,227.0,232.33999633789062,226.67999267578125,232.2899932861328,224.30364990234375,163900,NDSN
2023-11-15,232.9499969482422,236.52999877929688,232.9499969482422,233.5500030517578,225.52035522460938,170300,NDSN
2023-11-16,233.7100067138672,234.1999969482422,230.94000244140625,231.72000122070312,223.75320434570312,128300,NDSN
2023-11-17,233.60000610351562,233.60000610351562,231.6199951171875,233.4600067138672,225.43341064453125,198500,NDSN
2023-11-20,233.4199981689453,234.86000061035156,230.75,233.8300018310547,225.7906951904297,144400,NDSN
2023-11-21,233.8300018310547,234.1300048828125,232.4600067138672,233.4499969482422,225.42376708984375,101100,NDSN
2023-11-22,234.4600067138672,234.58999633789062,232.1199951171875,232.82000732421875,224.8154296875,144500,NDSN
2023-11-24,232.58999633789062,235.2100067138672,232.58999633789062,235.2100067138672,227.12327575683594,62100,NDSN
2023-11-27,233.41000366210938,234.5,232.6199951171875,234.0800018310547,226.03211975097656,152100,NDSN
2023-11-28,234.57000732421875,234.57000732421875,231.47999572753906,231.64999389648438,223.68565368652344,117200,NDSN
2023-11-29,233.42999267578125,234.3300018310547,232.14999389648438,232.60000610351562,224.60299682617188,110800,NDSN
2023-11-30,233.27000427246094,235.57000732421875,231.75,235.33999633789062,227.24880981445312,357200,NDSN
2023-12-01,235.50999450683594,238.83999633789062,235.22999572753906,238.8000030517578,230.58982849121094,178900,NDSN
2023-12-04,236.77000427246094,240.5399932861328,236.25,240.33999633789062,232.07688903808594,201100,NDSN
2023-12-05,239.5800018310547,239.77999877929688,237.64999389648438,237.99000549316406,229.80770874023438,147100,NDSN
2023-12-06,238.97000122070312,242.7100067138672,238.97000122070312,241.11000061035156,232.82040405273438,282100,NDSN
2023-12-07,241.4600067138672,241.4600067138672,238.83999633789062,241.0800018310547,232.79144287109375,301100,NDSN
2023-12-08,241.6300048828125,242.75999450683594,239.0500030517578,239.16000366210938,230.93746948242188,235000,NDSN
2023-12-11,239.5,240.38999938964844,237.47000122070312,237.66000366210938,229.48902893066406,268400,NDSN
2023-12-12,238.0,238.9499969482422,236.8000030517578,237.83999633789062,229.66282653808594,300700,NDSN
2023-12-13,237.94000244140625,241.5800018310547,235.9499969482422,240.72000122070312,232.44381713867188,334700,NDSN
2023-12-14,243.75999450683594,251.1999969482422,238.14999389648438,250.0,241.40478515625,619600,NDSN
2023-12-15,251.5399932861328,257.0400085449219,250.2100067138672,251.9600067138672,243.29737854003906,603700,NDSN
2023-12-18,251.38999938964844,254.88999938964844,249.27000427246094,254.77999877929688,246.68617248535156,302700,NDSN
2023-12-19,255.99000549316406,256.6199951171875,254.13999938964844,255.72000122070312,247.59634399414062,194100,NDSN
2023-12-20,254.91000366210938,259.6300048828125,252.39999389648438,255.0500030517578,246.94761657714844,265700,NDSN
2023-12-21,257.2300109863281,259.42999267578125,256.8999938964844,259.1700134277344,250.93675231933594,199500,NDSN
2023-12-22,259.8399963378906,262.42999267578125,258.2699890136719,261.3599853515625,253.05714416503906,207200,NDSN
2023-12-26,261.04998779296875,264.07000732421875,261.04998779296875,263.9800109863281,255.59396362304688,124300,NDSN
2023-12-27,264.4599914550781,265.239990234375,263.70001220703125,264.19000244140625,255.7972869873047,164100,NDSN
2023-12-28,264.8800048828125,265.6000061035156,263.75,264.5199890136719,256.11669921875,152300,NDSN
2023-12-29,263.6199951171875,265.989990234375,263.3599853515625,264.1600036621094,255.7681884765625,155200,NDSN
2024-01-02,262.05999755859375,263.55999755859375,257.9200134277344,258.6499938964844,250.4332275390625,259000,NDSN
2024-01-03,256.1199951171875,256.82000732421875,251.58999633789062,251.58999633789062,243.5975341796875,244200,NDSN
2024-01-04,251.32000732421875,254.10000610351562,250.5,251.14999389648438,243.17149353027344,252900,NDSN
2024-01-05,250.8800048828125,252.25,249.63999938964844,249.72999572753906,241.79661560058594,177100,NDSN
2024-01-08,249.8699951171875,252.89999389648438,249.07000732421875,252.8300018310547,244.79815673828125,178700,NDSN
2024-01-09,250.1300048828125,251.02000427246094,249.25,250.32000732421875,242.3678741455078,143100,NDSN
2024-01-10,250.10000610351562,250.72000122070312,247.5399932861328,250.6199951171875,242.65835571289062,155300,NDSN
2024-01-11,250.1999969482422,250.89999389648438,247.72000122070312,250.61000061035156,242.6486358642578,132800,NDSN
2024-01-12,253.38999938964844,253.38999938964844,250.27000427246094,251.6199951171875,243.62657165527344,104500,NDSN
2024-01-16,250.0,251.0399932861328,248.8300018310547,250.5399932861328,242.5808868408203,199200,NDSN
2024-01-17,247.8300018310547,251.0500030517578,247.8300018310547,249.4600067138672,241.5352020263672,202000,NDSN
2024-01-18,250.22000122070312,253.16000366210938,249.9600067138672,251.5399932861328,243.54913330078125,264300,NDSN
2024-01-19,252.5500030517578,254.19000244140625,249.83999633789062,253.4199981689453,245.36941528320312,249000,NDSN
2024-01-22,254.07000732421875,255.0,251.9499969482422,253.91000366210938,245.84384155273438,168200,NDSN
2024-01-23,255.72999572753906,255.72999572753906,252.00999450683594,254.3300018310547,246.25050354003906,175700,NDSN
2024-01-24,255.5399932861328,256.0,250.91000366210938,251.0500030517578,243.07467651367188,144600,NDSN
2024-01-25,253.91000366210938,254.75,252.8800048828125,254.0500030517578,245.97938537597656,188100,NDSN
2024-01-26,254.42999267578125,254.83999633789062,251.27999877929688,252.1999969482422,244.18814086914062,148500,NDSN
2024-01-29,251.61000061035156,255.08999633789062,251.17999267578125,255.00999450683594,246.9088592529297,126500,NDSN
2024-01-30,253.33999633789062,257.3299865722656,253.33999633789062,257.2300109863281,249.05838012695312,234100,NDSN
2024-01-31,257.57000732421875,257.57000732421875,251.02999877929688,251.72000122070312,243.72340393066406,735300,NDSN
2024-02-01,253.61000061035156,258.010009765625,250.19000244140625,257.3599853515625,249.18421936035156,236500,NDSN
2024-02-02,256.1700134277344,258.5199890136719,254.1300048828125,256.70001220703125,248.54522705078125,195700,NDSN
2024-02-05,254.19000244140625,254.99000549316406,250.75999450683594,252.6199951171875,244.59478759765625,175100,NDSN
2024-02-06,253.1300048828125,254.0399932861328,251.88999938964844,253.64999389648438,245.59205627441406,159500,NDSN
2024-02-07,255.32000732421875,256.54998779296875,253.3800048828125,255.80999755859375,247.68345642089844,133100,NDSN
2024-02-08,257.5299987792969,262.7799987792969,255.5800018310547,261.8699951171875,253.55099487304688,233000,NDSN
2024-02-09,262.3699951171875,263.94000244140625,260.80999755859375,263.6300048828125,255.2550811767578,149100,NDSN
2024-02-12,264.0,266.510009765625,263.1199951171875,264.760009765625,256.3490905761719,195700,NDSN
2024-02-13,261.0,263.4700012207031,258.4599914550781,260.3699951171875,252.09861755371094,219700,NDSN
2024-02-14,261.32000732421875,263.739990234375,260.7900085449219,263.7200012207031,255.34217834472656,145300,NDSN
2024-02-15,265.1600036621094,265.9700012207031,263.19000244140625,265.7200012207031,257.2786560058594,153700,NDSN
2024-02-16,264.17999267578125,267.4599914550781,263.30999755859375,264.07000732421875,256.33709716796875,197200,NDSN
2024-02-20,264.04998779296875,264.9100036621094,261.9100036621094,264.1099853515625,256.3758850097656,178600,NDSN
2024-02-21,265.0199890136719,265.260009765625,260.739990234375,261.69000244140625,254.02670288085938,317600,NDSN
2024-02-22,263.04998779296875,275.6700134277344,263.04998779296875,273.4599914550781,265.4520568847656,374600,NDSN
2024-02-23,274.9599914550781,275.3800048828125,271.4700012207031,273.7099914550781,265.69476318359375,280700,NDSN
2024-02-26,271.05999755859375,273.0899963378906,270.7099914550781,270.8699951171875,262.93792724609375,222700,NDSN
2024-02-27,271.17999267578125,271.17999267578125,265.1499938964844,268.0,260.1519470214844,284300,NDSN
2024-02-28,267.2099914550781,269.6300048828125,264.94000244140625,266.9599914550781,259.1423645019531,220100,NDSN
2024-02-29,268.3500061035156,269.510009765625,264.7799987792969,265.6499938964844,257.8708190917969,560400,NDSN
2024-03-01,265.1099853515625,266.57000732421875,264.4200134277344,266.0899963378906,258.2978515625,230900,NDSN
2024-03-04,266.45001220703125,268.17999267578125,264.9800109863281,265.32000732421875,257.5504455566406,178600,NDSN
2024-03-05,265.0,265.0,260.8900146484375,261.7900085449219,254.12384033203125,182600,NDSN
2024-03-06,263.75,266.1300048828125,262.6000061035156,265.17999267578125,257.4145202636719,152000,NDSN
2024-03-07,266.6600036621094,268.5400085449219,265.32000732421875,267.3900146484375,259.559814453125,132100,NDSN
2024-03-08,267.3900146484375,268.9100036621094,263.5799865722656,264.760009765625,257.0068054199219,212600,NDSN
2024-03-11,264.7099914550781,264.7099914550781,260.9800109863281,263.2300109863281,255.52163696289062,156400,NDSN
2024-03-12,262.8500061035156,264.29998779296875,261.5400085449219,263.8699951171875,256.14288330078125,197600,NDSN
2024-03-13,264.0299987792969,265.2200012207031,263.1600036621094,264.95001220703125,257.1913146972656,181100,NDSN
2024-03-14,264.7099914550781,264.7099914550781,261.1000061035156,264.17999267578125,256.4438171386719,216100,NDSN
2024-03-15,263.0,265.79998779296875,262.6499938964844,263.20001220703125,255.4925079345703,516300,NDSN
2024-03-18,263.6000061035156,266.07000732421875,262.8800048828125,263.6499938964844,255.92930603027344,172200,NDSN
2024-03-19,263.989990234375,264.30999755859375,261.9100036621094,262.5899963378906,254.90042114257812,154800,NDSN
2024-03-20,261.92999267578125,265.0299987792969,261.6099853515625,264.95001220703125,257.1913146972656,215500,NDSN
2024-03-21,265.7200012207031,270.739990234375,265.7200012207031,270.1400146484375,262.2293701171875,153200,NDSN
2024-03-22,270.989990234375,270.989990234375,266.94000244140625,268.5199890136719,260.65673828125,189600,NDSN
2024-03-25,269.0899963378906,269.510009765625,266.5799865722656,267.1499938964844,259.3268737792969,199300,NDSN
2024-03-26,267.3900146484375,270.17999267578125,266.30999755859375,268.42999267578125,260.5693359375,278900,NDSN
2024-03-27,270.1099853515625,273.92999267578125,268.8800048828125,273.739990234375,265.7238464355469,192500,NDSN
2024-03-28,274.239990234375,276.0899963378906,272.17999267578125,274.5400085449219,266.50042724609375,232200,NDSN
2024-04-01,274.5400085449219,274.82000732421875,271.6499938964844,271.69000244140625,263.7339172363281,194900,NDSN
2024-04-02,271.2799987792969,271.4599914550781,268.8299865722656,270.2699890136719,262.35546875,238000,NDSN
2024-04-03,268.9599914550781,273.2799987792969,268.9599914550781,273.0,265.00555419921875,217400,NDSN
2024-04-04,273.0,278.0,269.5899963378906,270.79998779296875,262.8699645996094,350600,NDSN
2024-04-05,271.6400146484375,272.05999755859375,269.32000732421875,271.1300048828125,263.1903381347656,171700,NDSN
2024-04-08,272.010009765625,272.7699890136719,270.9599914550781,271.25,263.3067321777344,184900,NDSN
2024-04-09,272.2200012207031,273.760009765625,269.42999267578125,273.760009765625,265.7433166503906,165700,NDSN
2024-04-10,269.8299865722656,272.30999755859375,269.32000732421875,271.7699890136719,263.8115234375,252100,NDSN
2024-04-11,271.54998779296875,271.54998779296875,268.55999755859375,268.8900146484375,261.0158996582031,247200,NDSN
2024-04-12,267.07000732421875,267.07000732421875,262.739990234375,264.6499938964844,256.90008544921875,218700,NDSN
2024-04-15,266.57000732421875,267.70001220703125,262.3900146484375,263.1300048828125,255.42453002929688,138900,NDSN
2024-04-16,262.0,264.010009765625,260.989990234375,262.6600036621094,254.96832275390625,143600,NDSN
2024-04-17,262.9800109863281,263.2300109863281,260.2799987792969,260.79998779296875,253.1627655029297,133800,NDSN
2024-04-18,262.29998779296875,262.7300109863281,258.82000732421875,259.1199951171875,251.53199768066406,105400,NDSN
2024-04-19,258.6700134277344,261.1000061035156,257.7099914550781,259.5899963378906,251.9882354736328,145200,NDSN
2024-04-22,260.7799987792969,262.9200134277344,258.8800048828125,260.5199890136719,252.8909912109375,145600,NDSN
2024-04-23,261.69000244140625,262.9200134277344,258.510009765625,262.0799865722656,254.4053192138672,192300,NDSN
2024-04-24,261.4200134277344,262.6600036621094,258.1600036621094,260.05999755859375,252.44444274902344,162500,NDSN
2024-04-25,258.6099853515625,260.8699951171875,255.77999877929688,259.6600036621094,252.0561981201172,202800,NDSN
2024-04-26,259.4200134277344,261.8800048828125,259.010009765625,260.3999938964844,252.7745361328125,165600,NDSN
2024-04-29,260.9599914550781,262.8999938964844,260.0799865722656,262.489990234375,254.8032684326172,135900,NDSN
2024-04-30,261.75,262.5299987792969,257.8699951171875,258.19000244140625,250.62924194335938,249200,NDSN
2024-05-01,257.92999267578125,263.6700134277344,257.20001220703125,260.95001220703125,253.3083953857422,260300,NDSN
2024-05-02,262.05999755859375,263.7900085449219,260.07000732421875,262.79998779296875,255.10423278808594,213200,NDSN
2024-05-03,264.44000244140625,266.07000732421875,262.8299865722656,265.6099853515625,257.83197021484375,171200,NDSN
2024-05-06,267.5899963378906,270.8800048828125,267.5899963378906,270.6499938964844,262.724365234375,207200,NDSN
2024-05-07,271.1300048828125,274.5299987792969,271.1300048828125,272.05999755859375,264.0930480957031,222600,NDSN
2024-05-08,271.07000732421875,271.6300048828125,267.9100036621094,271.0,263.06414794921875,298000,NDSN
2024-05-09,271.4700012207031,278.05999755859375,271.2300109863281,277.8399963378906,269.7038269042969,300800,NDSN
2024-05-10,278.0,279.3800048828125,275.5400085449219,278.8900146484375,270.7231140136719,364600,NDSN
2024-05-13,279.2900085449219,279.2900085449219,273.70001220703125,273.760009765625,265.7433166503906,197000,NDSN
2024-05-14,274.2699890136719,275.2799987792969,271.6700134277344,271.989990234375,264.0251159667969,301500,NDSN
2024-05-15,273.44000244140625,275.79998779296875,273.42999267578125,274.55999755859375,266.51983642578125,203500,NDSN
2024-05-16,274.7200012207031,274.7200012207031,270.1000061035156,270.55999755859375,262.6369934082031,415700,NDSN
2024-05-17,271.8299865722656,272.3900146484375,269.510009765625,271.6499938964844,263.695068359375,810300,NDSN
2024-05-20,271.29998779296875,272.2699890136719,267.6400146484375,268.4100036621094,261.20379638671875,401900,NDSN
2024-05-21,246.16000366210938,258.1300048828125,243.08999633789062,243.13999938964844,236.61224365234375,619500,NDSN
2024-05-22,242.63999938964844,248.7899932861328,242.33999633789062,243.1199951171875,236.59278869628906,306600,NDSN
2024-05-23,243.4499969482422,243.4499969482422,237.63999938964844,237.89999389648438,231.51292419433594,261800,NDSN
2024-05-24,238.0,239.39999389648438,236.42999267578125,237.94000244140625,231.55186462402344,222200,NDSN
2024-05-28,237.94000244140625,238.66000366210938,233.08999633789062,233.5800018310547,227.3089141845703,311400,NDSN
2024-05-29,232.5500030517578,232.61000061035156,229.32000732421875,230.0,223.82501220703125,237500,NDSN
2024-05-30,231.0500030517578,231.5399932861328,229.64999389648438,231.3000030517578,225.09014892578125,234400,NDSN
2024-05-31,231.35000610351562,235.10000610351562,229.67999267578125,234.72000122070312,228.41830444335938,398400,NDSN
2024-06-03,235.72999572753906,235.72999572753906,227.6199951171875,229.3800048828125,223.22169494628906,257200,NDSN
2024-06-04,228.58999633789062,229.88999938964844,227.3000030517578,228.0500030517578,221.92738342285156,228500,NDSN
2024-06-05,229.33999633789062,229.52000427246094,225.57000732421875,228.44000244140625,222.30690002441406,224900,NDSN
2024-06-06,227.52999877929688,227.52999877929688,225.41000366210938,226.50999450683594,220.42872619628906,158600,NDSN
2024-06-07,226.0,226.89999389648438,224.6199951171875,226.14999389648438,220.07838439941406,187900,NDSN
2024-06-10,224.5800018310547,226.72000122070312,223.77999877929688,225.27999877929688,219.2317657470703,190700,NDSN
2024-06-11,224.27999877929688,226.57000732421875,222.17999267578125,225.6999969482422,219.64047241210938,265900,NDSN
2024-06-12,229.42999267578125,234.1999969482422,229.42999267578125,232.72999572753906,226.48171997070312,277600,NDSN
2024-06-13,232.72999572753906,233.97999572753906,230.5399932861328,233.6699981689453,227.39649963378906,299000,NDSN
2024-06-14,231.25999450683594,232.1199951171875,225.72000122070312,228.72000122070312,222.57940673828125,166100,NDSN
2024-06-17,228.1300048828125,232.61000061035156,226.8300018310547,232.07000732421875,225.83946228027344,208000,NDSN
2024-06-18,232.05999755859375,233.67999267578125,231.75,232.1999969482422,225.96595764160156,267800,NDSN
2024-06-20,231.6300048828125,233.7100067138672,231.4199981689453,231.8000030517578,225.57672119140625,249600,NDSN
2024-06-21,232.3699951171875,232.77000427246094,228.97000122070312,231.32000732421875,225.10958862304688,536700,NDSN
2024-06-24,231.02000427246094,234.5,230.08999633789062,232.27000427246094,226.03407287597656,187400,NDSN
2024-06-25,231.07000732421875,231.4199981689453,226.9499969482422,228.82000732421875,222.67669677734375,254500,NDSN
2024-06-26,227.35000610351562,229.99000549316406,226.3699951171875,229.80999755859375,223.64012145996094,196700,NDSN
2024-06-27,229.61000061035156,231.3699951171875,228.66000366210938,230.30999755859375,224.12669372558594,191600,NDSN
2024-06-28,231.27999877929688,233.5500030517578,229.07000732421875,231.94000244140625,225.7129669189453,444700,NDSN
2024-07-01,231.77999877929688,233.7899932861328,227.6300048828125,227.67999267578125,221.56732177734375,215400,NDSN
2024-07-02,227.80999755859375,229.0500030517578,226.7100067138672,228.2100067138672,222.08309936523438,169300,NDSN
2024-07-03,228.49000549316406,228.97000122070312,226.36000061035156,227.58999633789062,221.479736328125,125800,NDSN
2024-07-05,226.86000061035156,227.66000366210938,224.1699981689453,226.61000061035156,220.52603149414062,181200,NDSN
2024-07-08,227.80999755859375,229.00999450683594,225.5399932861328,226.50999450683594,220.42872619628906,222700,NDSN
2024-07-09,225.85000610351562,225.9600067138672,224.02000427246094,225.0,218.95925903320312,244900,NDSN
2024-07-10,225.4199981689453,230.05999755859375,225.4199981689453,229.8800048828125,223.70823669433594,147000,NDSN
2024-07-11,232.08999633789062,236.47000122070312,232.08999633789062,235.27000427246094,228.95355224609375,181000,NDSN
2024-07-12,237.27999877929688,239.2899932861328,235.80999755859375,237.14999389648438,230.78306579589844,171300,NDSN
2024-07-15,236.91000366210938,240.3800048828125,236.36000061035156,236.6300048828125,230.27703857421875,229200,NDSN
2024-07-16,238.0399932861328,243.9600067138672,236.88999938964844,243.36000061035156,236.8263397216797,259500,NDSN
2024-07-17,242.11000061035156,245.82000732421875,240.74000549316406,243.35000610351562,236.81661987304688,290100,NDSN
2024-07-18,241.44000244140625,245.5500030517578,239.44000244140625,239.64999389648438,233.21592712402344,186800,NDSN
2024-07-19,241.02999877929688,241.4199981689453,235.02999877929688,236.61000061035156,230.257568359375,332900,NDSN
2024-07-22,237.2899932861328,240.69000244140625,234.10000610351562,240.57000732421875,234.1112518310547,142200,NDSN
2024-07-23,239.32000732421875,241.14999389648438,238.49000549316406,239.8699951171875,233.43003845214844,223100,NDSN
2024-07-24,239.5399932861328,239.5399932861328,234.02999877929688,235.99000549316406,229.65420532226562,253400,NDSN
2024-07-25,237.69000244140625,243.75,237.17999267578125,240.5500030517578,234.091796875,324400,NDSN
2024-07-26,242.8000030517578,247.3800048828125,241.63999938964844,245.9499969482422,239.34683227539062,234400,NDSN
2024-07-29,246.2100067138672,246.88999938964844,244.2899932861328,245.22000122070312,238.6363983154297,153400,NDSN
2024-07-30,245.77999877929688,249.8000030517578,245.02999877929688,248.61000061035156,241.9353790283203,190800,NDSN
2024-07-31,249.9199981689453,252.83999633789062,247.1300048828125,250.3300018310547,243.60919189453125,774600,NDSN
2024-08-01,249.17999267578125,251.3699951171875,239.4600067138672,243.33999633789062,236.80686950683594,333000,NDSN
2024-08-02,241.11000061035156,242.0800018310547,236.3699951171875,241.3800048828125,234.89950561523438,305300,NDSN
2024-08-05,237.9600067138672,238.88999938964844,233.3699951171875,234.8000030517578,228.4961700439453,374200,NDSN
2024-08-06,236.22999572753906,239.88999938964844,234.82000732421875,235.8000030517578,229.4693145751953,286900,NDSN
2024-08-07,238.07000732421875,240.4199981689453,232.1300048828125,232.6999969482422,226.45254516601562,251200,NDSN
2024-08-08,234.8800048828125,237.24000549316406,233.55999755859375,235.4499969482422,229.1287078857422,195100,NDSN
2024-08-09,235.6999969482422,236.27999877929688,233.33999633789062,234.44000244140625,228.1458282470703,171000,NDSN
2024-08-12,234.63999938964844,235.0500030517578,232.16000366210938,233.0399932861328,226.78341674804688,147400,NDSN
2024-08-13,233.63999938964844,237.4600067138672,232.8300018310547,237.41000366210938,231.03607177734375,143500,NDSN
2024-08-14,238.97999572753906,240.13999938964844,235.5,236.49000549316406,230.1407928466797,171600,NDSN
2024-08-15,239.38999938964844,241.82000732421875,237.0,240.4199981689453,233.9652862548828,189700,NDSN
2024-08-16,239.2100067138672,241.4199981689453,238.61000061035156,239.66000366210938,233.22567749023438,999800,NDSN
2024-08-19,239.63999938964844,241.22999572753906,238.8699951171875,239.64999389648438,233.21592712402344,368700,NDSN
2024-08-20,238.86000061035156,240.22999572753906,237.89999389648438,239.47000122070312,233.04080200195312,270900,NDSN
2024-08-21,242.10000610351562,248.24000549316406,240.11000061035156,247.77999877929688,241.12767028808594,439100,NDSN
2024-08-22,253.9199981689453,256.2799987792969,241.6699981689453,256.0299987792969,249.15618896484375,455700,NDSN
2024-08-23,257.57000732421875,262.20001220703125,256.1499938964844,257.3999938964844,250.4893798828125,371600,NDSN
2024-08-26,258.0,259.3999938964844,256.1499938964844,257.17999267578125,250.27532958984375,257300,NDSN
2024-08-27,255.80999755859375,257.4800109863281,254.47000122070312,255.89999389648438,249.78726196289062,210700,NDSN
2024-08-28,255.6699981689453,257.45001220703125,253.5,256.29998779296875,250.17770385742188,326200,NDSN
2024-08-29,257.9100036621094,258.1099853515625,254.50999450683594,255.16000366210938,249.06492614746094,210400,NDSN
2024-08-30,255.74000549316406,256.8699951171875,253.27999877929688,256.55999755859375,250.43150329589844,252500,NDSN
2024-09-03,254.97000122070312,256.1499938964844,248.88999938964844,250.17999267578125,244.20387268066406,198900,NDSN
2024-09-04,250.00999450683594,250.94000244140625,247.91000366210938,250.13999938964844,244.16485595703125,216600,NDSN
2024-09-05,249.75999450683594,249.75999450683594,244.92999267578125,246.60000610351562,240.70941162109375,161200,NDSN
2024-09-06,246.83999633789062,248.66000366210938,242.6199951171875,244.27000427246094,238.43508911132812,170900,NDSN
2024-09-09,245.47000122070312,248.60000610351562,244.22000122070312,247.36000061035156,241.45123291015625,161800,NDSN
2024-09-10,247.52999877929688,248.89999389648438,245.77999877929688,248.85000610351562,242.90567016601562,147700,NDSN
2024-09-11,247.16000366210938,248.2100067138672,241.61000061035156,247.92999267578125,242.0076446533203,151800,NDSN
2024-09-12,247.92999267578125,248.42999267578125,245.35000610351562,248.24000549316406,242.3102264404297,144300,NDSN
2024-09-13,249.25999450683594,252.00999450683594,248.5500030517578,251.80999755859375,245.7949676513672,144700,NDSN
2024-09-16,252.6300048828125,254.67999267578125,252.0399932861328,253.3699951171875,247.31768798828125,142900,NDSN
2024-09-17,254.17999267578125,257.79998779296875,254.17999267578125,255.17999267578125,249.08445739746094,154900,NDSN
2024-09-18,256.1600036621094,259.2200012207031,254.36000061035156,255.61000061035156,249.50418090820312,148100,NDSN
2024-09-19,259.739990234375,261.29998779296875,257.5400085449219,260.0299987792969,253.81863403320312,189600,NDSN
2024-09-20,258.6300048828125,258.8299865722656,254.00999450683594,255.5800018310547,249.4748992919922,452700,NDSN
2024-09-23,255.75,257.04998779296875,253.1199951171875,255.38999938964844,249.28944396972656,145000,NDSN
2024-09-24,256.489990234375,258.1700134277344,254.8800048828125,257.9200134277344,251.759033203125,142100,NDSN
2024-09-25,259.3900146484375,259.3900146484375,255.25,255.58999633789062,249.4846649169922,142200,NDSN
2024-09-26,257.6600036621094,261.67999267578125,257.6600036621094,260.9599914550781,254.7263946533203,168800,NDSN
2024-09-27,262.0,265.8599853515625,260.55999755859375,261.6600036621094,255.40965270996094,162700,NDSN
2024-09-30,261.79998779296875,263.2799987792969,260.4200134277344,262.6300048828125,256.3564758300781,161100,NDSN
2024-10-01,261.57000732421875,262.6000061035156,257.6099853515625,260.8299865722656,254.59947204589844,154400,NDSN
2024-10-02,259.7900085449219,261.29998779296875,258.57000732421875,260.5899963378906,254.36521911621094,139200,NDSN
2024-10-03,258.7699890136719,259.3299865722656,253.58999633789062,255.30999755859375,249.2113494873047,228000,NDSN
2024-10-04,257.9800109863281,257.9800109863281,250.72999572753906,252.0,245.98040771484375,260100,NDSN
2024-10-07,251.6199951171875,253.74000549316406,250.57000732421875,252.7899932861328,246.7515411376953,297700,NDSN
2024-10-08,252.0,252.36000061035156,248.7100067138672,250.30999755859375,244.33079528808594,261600,NDSN
2024-10-09,249.97999572753906,253.7899932861328,249.9199981689453,253.19000244140625,247.14199829101562,227600,NDSN
2024-10-10,251.32000732421875,253.89999389648438,250.6699981689453,253.60000610351562,247.54220581054688,121400,NDSN
2024-10-11,253.60000610351562,257.9599914550781,253.60000610351562,256.6199951171875,250.49005126953125,111700,NDSN
2024-10-14,256.2699890136719,258.29998779296875,255.80999755859375,257.8699951171875,251.71017456054688,136300,NDSN
2024-10-15,258.32000732421875,261.5299987792969,256.5799865722656,257.17999267578125,251.0366668701172,170400,NDSN
2024-10-16,257.5899963378906,260.5,256.4700012207031,256.6499938964844,250.5193328857422,123800,NDSN
2024-10-17,257.75,259.7699890136719,255.1699981689453,256.1400146484375,250.0215301513672,142800,NDSN
2024-10-18,256.6600036621094,257.5899963378906,253.99000549316406,257.1700134277344,251.02694702148438,246200,NDSN
2024-10-21,256.6600036621094,257.54998779296875,252.9499969482422,253.35000610351562,247.29818725585938,159800,NDSN
2024-10-22,253.11000061035156,253.11000061035156,249.38999938964844,251.11000061035156,245.11167907714844,199200,NDSN
2024-10-23,251.11000061035156,251.9199981689453,248.9600067138672,249.97000122070312,243.99891662597656,405600,NDSN
2024-10-24,249.75999450683594,249.75999450683594,247.3699951171875,248.88999938964844,242.94468688964844,218700,NDSN
2024-10-25,249.83999633789062,251.60000610351562,247.85000610351562,248.10000610351562,242.173583984375,135300,NDSN
2024-10-28,249.44000244140625,252.36000061035156,249.44000244140625,250.3699951171875,244.3893585205078,194200,NDSN
2024-10-29,248.64999389648438,250.2899932861328,246.11000061035156,249.13999938964844,243.18873596191406,234000,NDSN
2024-10-30,249.13999938964844,252.74000549316406,249.1300048828125,250.8800048828125,244.88717651367188,176300,NDSN
2024-10-31,250.2899932861328,251.0399932861328,247.77000427246094,247.88999938964844,241.96859741210938,253700,NDSN
2024-11-01,248.19000244140625,251.58999633789062,247.9199981689453,249.02999877929688,243.08135986328125,191600,NDSN
2024-11-04,249.30999755859375,251.3300018310547,247.1699981689453,247.55999755859375,241.64646911621094,382000,NDSN
2024-11-05,247.10000610351562,253.49000549316406,245.25,253.3800048828125,247.3274688720703,143200,NDSN
2024-11-06,262.45001220703125,266.7099914550781,262.25,264.3599853515625,258.045166015625,270600,NDSN
2024-11-07,264.25,264.25,259.7099914550781,260.57000732421875,254.34573364257812,136100,NDSN
2024-11-08,260.1000061035156,264.25,259.29998779296875,261.44000244140625,255.19493103027344,165300,NDSN
2024-11-11,262.2699890136719,264.94000244140625,261.1300048828125,261.2099914550781,254.9703826904297,123900,NDSN
2024-11-12,260.5199890136719,261.8900146484375,257.3999938964844,257.6099853515625,251.45639038085938,313200,NDSN
2024-11-13,257.2799987792969,259.17999267578125,255.02999877929688,259.0400085449219,252.8522491455078,269800,NDSN
2024-11-14,257.92999267578125,259.510009765625,255.97000122070312,256.55999755859375,250.43150329589844,214700,NDSN
2024-11-15,257.0400085449219,259.2699890136719,254.07000732421875,254.77999877929688,248.69400024414062,290500,NDSN
2024-11-18,253.67999267578125,255.6999969482422,252.8699951171875,253.4499969482422,247.39578247070312,228000,NDSN
2024-11-19,250.0800018310547,252.4499969482422,249.17999267578125,249.86000061035156,243.8915557861328,176600,NDSN
2024-11-20,249.86000061035156,253.0,248.27999877929688,252.55999755859375,246.5270233154297,136600,NDSN
2024-11-21,253.1199951171875,258.3699951171875,252.57000732421875,256.5799865722656,250.45101928710938,135200,NDSN
2024-11-22,257.239990234375,261.7900085449219,257.239990234375,261.2699890136719,255.02896118164062,201100,NDSN
2024-11-25,261.9700012207031,266.8599853515625,259.760009765625,263.6199951171875,257.3228759765625,409600,NDSN
2024-11-26,262.75,263.6199951171875,256.2699890136719,258.7300109863281,252.54966735839844,280400,NDSN
2024-11-27,260.3500061035156,261.69000244140625,257.6400146484375,259.3599853515625,253.16458129882812,410500,NDSN
2024-11-29,259.739990234375,261.3900146484375,258.5799865722656,260.989990234375,254.7556610107422,122000,NDSN
2024-12-02,260.75,260.8800048828125,257.30999755859375,259.1499938964844,252.9596405029297,188300,NDSN
2024-12-03,259.2799987792969,259.2799987792969,256.1199951171875,258.44000244140625,252.2666015625,177600,NDSN
2024-12-04,257.8399963378906,259.1300048828125,255.6199951171875,256.5400085449219,250.41197204589844,172700,NDSN
2024-12-05,256.5400085449219,257.8399963378906,253.1999969482422,254.5800018310547,248.49880981445312,211600,NDSN
2024-12-06,255.22999572753906,257.05999755859375,253.35000610351562,254.39999389648438,248.32308959960938,235900,NDSN
2024-12-09,254.8000030517578,258.6300048828125,253.99000549316406,255.42999267578125,249.32847595214844,396900,NDSN
2024-12-10,254.72000122070312,256.2300109863281,249.60000610351562,252.8699951171875,246.82965087890625,272200,NDSN
2024-12-11,254.92999267578125,255.61000061035156,248.6199951171875,249.5500030517578,243.5889434814453,532800,NDSN
2024-12-12,234.0399932861328,244.9499969482422,224.94000244140625,229.11000061035156,223.63719177246094,1049100,NDSN
2024-12-13,226.25,229.55999755859375,223.8300018310547,226.4600067138672,221.05052185058594,720300,NDSN
2024-12-16,227.64999389648438,228.05999755859375,223.14999389648438,224.0399932861328,218.6883087158203,630900,NDSN
2024-12-17,225.25,228.94000244140625,222.50999450683594,224.00999450683594,218.6590118408203,588800,NDSN
2024-12-18,224.4199981689453,226.47000122070312,212.3300018310547,212.7899932861328,207.70703125,554000,NDSN
2024-12-19,211.2899932861328,218.6999969482422,208.82000732421875,208.94000244140625,203.9490203857422,694300,NDSN
2024-12-20,207.14999389648438,213.8699951171875,207.14999389648438,209.72999572753906,204.7201385498047,920900,NDSN
2024-12-23,208.4499969482422,209.8699951171875,208.22000122070312,209.30999755859375,204.3101806640625,374300,NDSN
2024-12-24,209.38999938964844,212.3300018310547,208.47999572753906,212.2899932861328,207.21896362304688,245700,NDSN
2024-12-26,211.41000366210938,214.77000427246094,210.91000366210938,213.3000030517578,208.20486450195312,612000,NDSN
2024-12-27,211.33999633789062,213.7899932861328,209.67999267578125,211.27000427246094,206.22332763671875,275100,NDSN
2024-12-30,210.0,211.97000122070312,206.8000030517578,208.8300018310547,203.8416290283203,280400,NDSN
2024-12-31,209.75,210.77999877929688,207.72999572753906,209.24000549316406,204.24183654785156,271300,NDSN
2025-01-02,209.63999938964844,210.74000549316406,204.27000427246094,204.97000122070312,200.82249450683594,228600,NDSN
2025-01-03,205.30999755859375,207.86000061035156,204.1999969482422,207.55999755859375,203.3600616455078,263200,NDSN
2025-01-06,208.66000366210938,211.22999572753906,206.16000366210938,206.9600067138672,202.77218627929688,260300,NDSN
2025-01-07,206.7899932861328,208.61000061035156,204.47999572753906,205.42999267578125,201.27316284179688,257000,NDSN
2025-01-08,204.7899932861328,205.85000610351562,201.82000732421875,202.08999633789062,198.000732421875,431300,NDSN
2025-01-10,199.7100067138672,200.30999755859375,196.8300018310547,200.1199951171875,196.07058715820312,595500,NDSN
2025-01-13,199.14999389648438,204.05999755859375,199.00999450683594,203.8300018310547,199.70553588867188,414700,NDSN
2025-01-14,204.41000366210938,207.49000549316406,203.88999938964844,207.41000366210938,203.2130889892578,332500,NDSN
2025-01-15,210.55999755859375,213.57000732421875,208.9499969482422,211.47999572753906,207.20074462890625,680500,NDSN
2025-01-16,211.00999450683594,215.0,211.00999450683594,213.82000732421875,209.49339294433594,595900,NDSN
2025-01-17,215.5500030517578,217.55999755859375,214.8000030517578,216.3800048828125,212.0015869140625,510600,NDSN
2025-01-21,218.14999389648438,221.39999389648438,216.9199981689453,220.17999267578125,215.7246856689453,375100,NDSN
2025-01-22,221.36000061035156,221.91000366210938,218.1699981689453,219.41000366210938,214.9702911376953,335600,NDSN
2025-01-23,219.77000427246094,221.39999389648438,217.27999877929688,219.49000549316406,215.0486602783203,347400,NDSN
2025-01-24,219.38999938964844,220.2899932861328,216.72999572753906,218.07000732421875,213.65737915039062,302300,NDSN
2025-01-27,218.0,224.2899932861328,217.47000122070312,224.07000732421875,219.53598022460938,309200,NDSN
2025-01-28,224.52000427246094,224.52000427246094,219.75,220.5,216.0382080078125,274200,NDSN
2025-01-29,220.2100067138672,222.17999267578125,217.8800048828125,217.97000122070312,213.55941772460938,226800,NDSN
2025-01-30,219.47000122070312,222.4600067138672,218.85000610351562,220.6300048828125,216.1655731201172,213900,NDSN
2025-01-31,220.35000610351562,223.44000244140625,219.3300018310547,220.22000122070312,215.7638702392578,411300,NDSN
2025-02-03,218.0800018310547,218.32000732421875,213.3300018310547,216.63999938964844,212.25633239746094,310100,NDSN
2025-02-04,216.00999450683594,219.0399932861328,215.83999633789062,217.1300048828125,212.7364044189453,265100,NDSN
2025-02-05,217.83999633789062,217.85000610351562,214.33999633789062,215.5500030517578,211.18838500976562,257100,NDSN
2025-02-06,216.94000244140625,218.47999572753906,214.30999755859375,215.3000030517578,210.9434356689453,271100,NDSN
2025-02-07,216.0800018310547,217.36000061035156,213.10000610351562,214.38999938964844,210.0518341064453,225200,NDSN
2025-02-10,216.17999267578125,217.16000366210938,214.0,216.8000030517578,212.41307067871094,227700,NDSN
2025-02-11,216.1999969482422,220.08999633789062,215.66000366210938,216.66000366210938,212.27590942382812,199600,NDSN
2025-02-12,213.44000244140625,215.69000244140625,212.41000366210938,214.3300018310547,209.99307250976562,228800,NDSN
2025-02-13,215.0,217.75,214.22999572753906,217.27999877929688,212.8833770751953,284000,NDSN
2025-02-14,218.77000427246094,220.80999755859375,216.05999755859375,216.4199981689453,212.04078674316406,299600,NDSN
2025-02-18,216.39999389648438,220.0399932861328,215.8699951171875,219.52000427246094,215.07806396484375,360300,NDSN
2025-02-19,218.3000030517578,220.24000549316406,216.33999633789062,217.72999572753906,213.32427978515625,549700,NDSN
2025-02-20,211.75999450683594,221.58999633789062,211.75999450683594,218.4499969482422,214.0296630859375,454300,NDSN
2025-02-21,218.4499969482422,219.17999267578125,213.9600067138672,215.44000244140625,211.08059692382812,350900,NDSN
2025-02-24,214.25999450683594,214.5500030517578,207.39999389648438,212.8000030517578,208.4940185546875,393000,NDSN
2025-02-25,213.55999755859375,217.07000732421875,212.60000610351562,214.97999572753906,210.62989807128906,385300,NDSN
2025-02-26,215.25999450683594,216.66000366210938,210.9199981689453,210.99000549316406,206.7206573486328,372400,NDSN
2025-02-27,210.99000549316406,213.3300018310547,209.25,209.5,205.26080322265625,347700,NDSN
2025-02-28,209.9199981689453,210.8300018310547,207.38999938964844,210.2899932861328,206.03480529785156,550800,NDSN
2025-03-03,211.3000030517578,212.1300048828125,206.3000030517578,207.10000610351562,202.9093475341797,370700,NDSN
2025-03-04,207.42999267578125,209.85000610351562,205.17999267578125,206.5500030517578,202.3704833984375,496900,NDSN
2025-03-05,207.0,210.72999572753906,207.0,210.44000244140625,206.18177795410156,322800,NDSN
2025-03-06,208.64999389648438,212.47999572753906,208.27000427246094,211.5399932861328,207.259521484375,315200,NDSN
2025-03-07,211.0,215.9499969482422,210.38999938964844,215.30999755859375,210.95321655273438,398700,NDSN
2025-03-10,213.82000732421875,216.47999572753906,211.35000610351562,212.39999389648438,208.1021270751953,387600,NDSN
2025-03-11,213.10000610351562,213.27999877929688,204.85000610351562,206.00999450683594,201.84141540527344,314700,NDSN
2025-03-12,206.5399932861328,210.35000610351562,204.60000610351562,204.75,200.60693359375,325300,NDSN
2025-03-13,204.24000549316406,206.25,200.77000427246094,201.99000549316406,197.9027557373047,354300,NDSN
2025-03-14,203.4499969482422,207.77999877929688,203.4499969482422,207.39999389648438,203.20327758789062,296300,NDSN
2025-03-17,207.57000732421875,211.97000122070312,207.57000732421875,210.67999267578125,206.4169158935547,279600,NDSN
2025-03-18,210.3000030517578,211.49000549316406,207.35000610351562,208.52999877929688,204.31040954589844,251800,NDSN
2025-03-19,208.02999877929688,209.58999633789062,206.25,208.57000732421875,204.349609375,273400,NDSN
2025-03-20,205.6300048828125,208.5,205.1699981689453,205.63999938964844,202.23521423339844,274800,NDSN
2025-03-21,203.9600067138672,205.33999633789062,201.52000427246094,203.86000061035156,200.4846954345703,533800,NDSN
2025-03-24,205.00999450683594,209.1300048828125,204.57000732421875,207.5800018310547,204.14309692382812,287600,NDSN
2025-03-25,208.39999389648438,209.88999938964844,203.72999572753906,205.92999267578125,202.52040100097656,290400,NDSN
2025-03-26,206.1199951171875,208.2899932861328,205.47000122070312,206.5500030517578,203.13014221191406,196500,NDSN
2025-03-27,205.8699951171875,208.16000366210938,204.77999877929688,206.5500030517578,203.13014221191406,253900,NDSN
2025-03-28,206.22999572753906,206.4499969482422,200.33999633789062,200.4600067138672,197.14097595214844,300400,NDSN
2025-03-31,200.0,203.49000549316406,197.0,201.72000122070312,198.380126953125,382200,NDSN
2025-04-01,200.85000610351562,202.69000244140625,199.1699981689453,200.9499969482422,197.62286376953125,284900,NDSN
2025-04-02,199.19000244140625,203.7100067138672,198.33999633789062,203.35000610351562,199.98313903808594,234700,NDSN
2025-04-03,196.63999938964844,197.77000427246094,186.22999572753906,186.38999938964844,183.303955078125,450700,NDSN
2025-04-04,180.5800018310547,180.86000061035156,173.36000061035156,176.72999572753906,173.8038787841797,707500,NDSN
2025-04-07,179.8000030517578,180.86000061035156,168.75999450683594,170.8000030517578,167.97206115722656,1024400,NDSN
2025-04-08,175.47999572753906,177.8699951171875,165.07000732421875,167.50999450683594,164.7365264892578,715900,NDSN
2025-04-09,165.99000549316406,187.8800048828125,165.02999877929688,187.2899932861328,184.1890411376953,767100,NDSN
2025-04-10,183.0500030517578,183.16000366210938,175.25,181.0399932861328,178.04251098632812,666800,NDSN
2025-04-11,181.0399932861328,185.83999633789062,178.9600067138672,185.55999755859375,182.48768615722656,622400,NDSN
2025-04-14,187.07000732421875,187.83999633789062,182.13999938964844,184.4499969482422,181.39605712890625,449100,NDSN
2025-04-15,183.80999755859375,186.25999450683594,182.2899932861328,183.08999633789062,180.05856323242188,272300,NDSN
2025-04-16,183.08999633789062,183.6300048828125,178.92999267578125,180.69000244140625,177.6983184814453,249800,NDSN
2025-04-17,180.69000244140625,182.6699981689453,179.55999755859375,180.80999755859375,177.8163299560547,404300,NDSN
2025-04-21,178.6199951171875,179.69000244140625,174.58999633789062,177.11000061035156,174.17759704589844,389800,NDSN
2025-04-22,179.2899932861328,183.5399932861328,176.86000061035156,183.05999755859375,180.02906799316406,302400,NDSN
2025-04-23,186.89999389648438,192.10000610351562,184.32000732421875,184.72999572753906,181.67141723632812,255800,NDSN
2025-04-24,185.10000610351562,189.85000610351562,183.91000366210938,189.4499969482422,186.3132781982422,298400,NDSN
2025-04-25,189.24000549316406,189.24000549316406,187.33999633789062,188.22000122070312,185.1036376953125,219600,NDSN
2025-04-28,188.88999938964844,191.83999633789062,187.10000610351562,188.6999969482422,185.57568359375,245600,NDSN
2025-04-29,188.47000122070312,190.5,187.7899932861328,188.75999450683594,185.63467407226562,248600,NDSN
2025-04-30,186.5,190.08999633789062,184.5800018310547,189.57000732421875,186.43128967285156,638800,NDSN
2025-05-01,189.89999389648438,192.27000427246094,187.24000549316406,190.36000061035156,187.2082061767578,435600,NDSN
2025-05-02,193.89999389648438,194.32000732421875,191.9600067138672,192.83999633789062,189.64715576171875,333200,NDSN
2025-05-05,190.9499969482422,193.33999633789062,190.6999969482422,190.89999389648438,187.73927307128906,268400,NDSN
2025-05-06,189.72000122070312,190.86000061035156,187.88999938964844,188.44000244140625,185.3199920654297,229500,NDSN
2025-05-07,188.9199981689453,190.3699951171875,188.22000122070312,189.2899932861328,186.1559295654297,295700,NDSN
2025-05-08,191.63999938964844,196.35000610351562,190.80999755859375,194.10000610351562,190.8862762451172,277100,NDSN
2025-05-09,194.41000366210938,195.17999267578125,192.22999572753906,192.6199951171875,189.43080139160156,251400,NDSN
2025-05-12,200.52999877929688,203.72000122070312,200.0,203.0,199.63893127441406,420100,NDSN
2025-05-13,203.4199981689453,204.7899932861328,201.57000732421875,202.60000610351562,199.2455596923828,294300,NDSN
2025-05-14,201.14999389648438,203.0,200.02000427246094,201.1300048828125,197.79989624023438,316200,NDSN
2025-05-15,201.32000732421875,202.0,199.07000732421875,201.10000610351562,197.7703857421875,277500,NDSN
2025-05-16,201.49000549316406,205.63999938964844,200.50999450683594,205.35000610351562,201.9500274658203,313900,NDSN
2025-05-19,203.0399932861328,205.02000427246094,202.3000030517578,204.4499969482422,201.06491088867188,303100,NDSN
2025-05-20,203.38999938964844,204.4600067138672,201.38999938964844,202.39999389648438,199.04884338378906,194300,NDSN
2025-05-21,200.77000427246094,201.30999755859375,196.2100067138672,196.47000122070312,193.217041015625,262000,NDSN
2025-05-22,195.5,197.13999938964844,194.17999267578125,195.83999633789062,192.59747314453125,299700,NDSN
2025-05-23,192.6300048828125,193.82000732421875,191.99000549316406,193.3800048828125,190.17822265625,319100,NDSN
2025-05-27,195.75,198.57000732421875,194.67999267578125,198.00999450683594,194.73155212402344,354300,NDSN
2025-05-28,196.91000366210938,198.66000366210938,195.2899932861328,195.74000549316406,192.49913024902344,442600,NDSN
2025-05-29,209.86000061035156,218.0,205.1699981689453,208.97000122070312,205.51007080078125,908600,NDSN
2025-05-30,211.24000549316406,213.94000244140625,209.6999969482422,211.99000549316406,208.48008728027344,908600,NDSN
2025-06-02,210.36000061035156,212.74000549316406,207.0,212.17999267578125,208.6669464111328,694900,NDSN
2025-06-03,212.5,214.8699951171875,211.35000610351562,212.30999755859375,208.79478454589844,394500,NDSN
2025-06-04,212.77999877929688,213.9199981689453,211.0,213.2100067138672,209.67987060546875,408300,NDSN
2025-06-05,213.5500030517578,214.97000122070312,211.8699951171875,213.5500030517578,210.01425170898438,383600,NDSN
2025-06-06,216.2100067138672,216.72000122070312,213.72999572753906,214.75999450683594,211.2042236328125,218100,NDSN
2025-06-09,215.72000122070312,220.9499969482422,214.47000122070312,219.27999877929688,215.6493682861328,464100,NDSN
2025-06-10,219.8000030517578,223.91000366210938,218.80999755859375,223.5,219.7995147705078,410700,NDSN
2025-06-11,223.0800018310547,223.9499969482422,218.9499969482422,219.27999877929688,215.6493682861328,498100,NDSN
2025-06-12,218.66000366210938,219.9499969482422,217.11000061035156,218.02999877929688,214.42007446289062,412900,NDSN
2025-06-13,216.3000030517578,217.69000244140625,214.02000427246094,214.36000061035156,210.8108367919922,378300,NDSN
2025-06-16,216.3000030517578,219.55999755859375,215.49000549316406,218.38999938964844,214.77410888671875,464900,NDSN
2025-06-17,215.9600067138672,219.0399932861328,213.3699951171875,214.1199951171875,210.57479858398438,530900,NDSN
2025-06-18,212.9199981689453,215.5500030517578,211.66000366210938,213.52999877929688,210.76234436035156,483000,NDSN
2025-06-20,215.0,215.47000122070312,209.47000122070312,209.5500030517578,206.83392333984375,1804000,NDSN
2025-06-23,209.38999938964844,213.25999450683594,207.50999450683594,213.02000427246094,210.25897216796875,429800,NDSN
2025-06-24,214.1199951171875,215.36000061035156,212.47999572753906,213.36000061035156,210.59454345703125,415800,NDSN
2025-06-25,213.0,213.89999389648438,210.3000030517578,212.72000122070312,209.9628448486328,488100,NDSN
2025-06-26,213.77000427246094,216.0399932861328,213.16000366210938,214.91000366210938,212.1244659423828,337100,NDSN
2025-06-27,215.47000122070312,216.27999877929688,213.49000549316406,215.1199951171875,212.3317413330078,510800,NDSN
2025-06-30,214.66000366210938,214.9499969482422,213.11000061035156,214.3699951171875,211.59144592285156,354400,NDSN
2025-07-01,213.24000549316406,223.86000061035156,213.24000549316406,220.47999572753906,217.62225341796875,396100,NDSN
2025-07-02,220.2899932861328,222.8300018310547,219.57000732421875,222.75,219.8628387451172,342400,NDSN
2025-07-03,223.17999267578125,224.64999389648438,222.7100067138672,222.77999877929688,219.8924560546875,169700,NDSN
2025-07-07,221.27999877929688,223.36000061035156,217.80999755859375,218.7899932861328,215.9541473388672,228200,NDSN
2025-07-08,218.74000549316406,223.60000610351562,218.6999969482422,221.5,218.62905883789062,228000,NDSN
2025-07-09,221.97999572753906,223.6199951171875,219.74000549316406,222.0399932861328,219.16204833984375,165600,NDSN
2025-07-10,222.5399932861328,226.13999938964844,222.4199981689453,223.1699981689453,220.27740478515625,246000,NDSN
2025-07-11,221.1999969482422,221.9199981689453,218.83999633789062,220.82000732421875,217.95785522460938,272700,NDSN
2025-07-14,219.72000122070312,220.5500030517578,217.86000061035156,218.42999267578125,215.5988311767578,247100,NDSN
2025-07-15,219.63999938964844,220.0399932861328,214.5,214.89999389648438,212.1145782470703,313800,NDSN
2025-07-16,215.1300048828125,216.02999877929688,210.42999267578125,213.00999450683594,210.24908447265625,385200,NDSN
2025-07-17,213.35000610351562,217.9600067138672,213.25,217.47000122070312,214.6512908935547,426800,NDSN
2025-07-18,218.1999969482422,218.6999969482422,215.22999572753906,217.07000732421875,214.25648498535156,457200,NDSN
2025-07-21,217.11000061035156,218.88999938964844,213.99000549316406,214.3000030517578,211.52236938476562,281300,NDSN
2025-07-22,215.16000366210938,218.6699981689453,214.3800048828125,218.3000030517578,215.4705352783203,282700,NDSN
2025-07-23,219.55999755859375,220.6999969482422,218.63999938964844,220.02999877929688,217.17808532714844,489000,NDSN
2025-07-24,219.4499969482422,220.3300018310547,217.77999877929688,219.14999389648438,216.3094940185547,224100,NDSN
2025-07-25,220.35000610351562,220.91000366210938,217.47999572753906,220.83999633789062,217.97760009765625,241600,NDSN
2025-07-28,220.8699951171875,221.10000610351562,218.5399932861328,219.3800048828125,216.53652954101562,164700,NDSN
2025-07-29,219.47000122070312,220.91000366210938,217.55999755859375,220.2100067138672,217.35577392578125,278300,NDSN
2025-07-30,219.89999389648438,219.9600067138672,214.8300018310547,215.75999450683594,212.96343994140625,398800,NDSN
2025-07-31,215.52999877929688,218.1999969482422,213.57000732421875,214.2100067138672,211.43353271484375,656000,NDSN
2025-08-01,210.3699951171875,210.63999938964844,207.0800018310547,209.25,206.53782653808594,422100,NDSN
2025-08-04,208.74000549316406,212.69000244140625,208.3699951171875,212.4600067138672,209.7062225341797,376500,NDSN
2025-08-05,213.57000732421875,214.7899932861328,211.49000549316406,213.97999572753906,211.2064971923828,299200,NDSN
2025-08-06,214.1699981689453,214.25999450683594,210.6999969482422,211.1300048828125,208.39346313476562,316500,NDSN
2025-08-07,213.24000549316406,214.6199951171875,211.0399932861328,212.05999755859375,209.3114013671875,304800,NDSN
2025-08-08,212.1699981689453,213.2899932861328,210.1199951171875,211.0399932861328,208.30462646484375,268800,NDSN
2025-08-11,211.49000549316406,212.16000366210938,209.63999938964844,210.61000061035156,207.88018798828125,233400,NDSN
2025-08-12,212.30999755859375,216.00999450683594,210.8800048828125,215.7899932861328,212.9930419921875,191000,NDSN
2025-08-13,216.39999389648438,222.11000061035156,216.39999389648438,221.5800018310547,218.7080078125,258700,NDSN
2025-08-14,219.69000244140625,219.69000244140625,216.13999938964844,217.22000122070312,214.40452575683594,225200,NDSN
2025-08-15,218.44000244140625,218.44000244140625,213.0800018310547,213.44000244140625,210.67352294921875,319900,NDSN
2025-08-18,213.16000366210938,214.92999267578125,211.5,214.10000610351562,211.32496643066406,250700,NDSN
2025-08-19,215.3000030517578,218.19000244140625,214.41000366210938,217.5,214.68089294433594,253100,NDSN
2025-08-20,216.5,217.22999572753906,213.22999572753906,213.52000427246094,210.7524871826172,601300,NDSN
2025-08-21,226.63999938964844,235.7100067138672,219.60000610351562,219.92999267578125,217.0793914794922,1522100,NDSN
2025-08-22,221.13999938964844,229.14999389648438,220.41000366210938,227.1699981689453,224.22555541992188,651700,NDSN
2025-08-25,226.63999938964844,228.0500030517578,224.5399932861328,225.7899932861328,222.86343383789062,408200,NDSN
2025-08-26,225.82000732421875,228.7899932861328,225.0,226.35000610351562,223.4161834716797,607300,NDSN
2025-08-27,225.35000610351562,227.66000366210938,224.07000732421875,225.6699981689453,222.7449951171875,245900,NDSN
2025-08-28,227.22000122070312,227.22000122070312,223.24000549316406,224.6699981689453,221.75794982910156,214700,NDSN
2025-08-29,224.9600067138672,226.5800018310547,224.1199951171875,225.08999633789062,222.1724853515625,282200,NDSN
2025-09-02,223.42999267578125,223.42999267578125,220.05999755859375,222.6999969482422,219.81349182128906,261200,NDSN
2025-09-03,221.97999572753906,222.92999267578125,220.41000366210938,221.97000122070312,219.09295654296875,258000,NDSN
2025-09-04,222.16000366210938,226.0500030517578,220.35000610351562,226.00999450683594,223.08056640625,206800,NDSN
2025-09-05,227.11000061035156,229.02000427246094,223.69000244140625,225.02999877929688,222.11328125,255800,NDSN
2025-09-08,225.6999969482422,227.08999633789062,222.11000061035156,226.1300048828125,223.19903564453125,401700,NDSN
2025-09-09,225.16000366210938,225.16000366210938,221.08999633789062,222.11000061035156,219.23114013671875,211800,NDSN
2025-09-10,221.42999267578125,224.02000427246094,221.42999267578125,223.72000122070312,220.8202667236328,244100,NDSN
2025-09-11,222.77000427246094,228.22999572753906,221.5399932861328,227.97999572753906,225.8528594970703,393800,NDSN
2025-09-12,227.02000427246094,227.02000427246094,222.80999755859375,223.1699981689453,221.08775329589844,195900,NDSN
2025-09-15,223.17999267578125,226.8000030517578,223.0,225.9199981689453,223.8120880126953,406500,NDSN
2025-09-16,225.9199981689453,227.64999389648438,225.17999267578125,226.1300048828125,224.02012634277344,306200,NDSN
2025-09-17,226.1300048828125,231.0,223.24000549316406,223.63999938964844,221.55335998535156,341300,NDSN
2025-09-18,223.91000366210938,228.35000610351562,223.91000366210938,227.6300048828125,225.50613403320312,281500,NDSN
2025-09-19,228.17999267578125,228.17999267578125,224.6999969482422,225.0800018310547,222.97991943359375,603100,NDSN
2025-09-22,225.07000732421875,226.61000061035156,223.07000732421875,225.33999633789062,223.23748779296875,226800,NDSN
2025-09-23,224.9199981689453,228.1199951171875,224.24000549316406,224.83999633789062,222.7421417236328,203100,NDSN
2025-09-24,224.5,226.02999877929688,222.9499969482422,223.1199951171875,221.0382080078125,239200,NDSN
2025-09-25,221.30999755859375,222.8699951171875,220.47000122070312,221.52000427246094,219.45314025878906,250700,NDSN
2025-09-26,222.1300048828125,227.60000610351562,222.1300048828125,227.0,224.8820037841797,275200,NDSN
2025-09-29,227.99000549316406,228.02000427246094,226.36000061035156,227.35000610351562,225.228759765625,278000,NDSN
2025-09-30,226.25999450683594,227.86000061035156,224.27000427246094,226.9499969482422,224.8324737548828,185400,NDSN
2025-10-01,225.5800018310547,228.6699981689453,225.0,228.5500030517578,226.4175567626953,237600,NDSN
2025-10-02,228.36000061035156,232.6699981689453,228.3000030517578,232.25,230.08302307128906,294200,NDSN
2025-10-03,232.44000244140625,235.02000427246094,230.0800018310547,233.4499969482422,231.27183532714844,225100,NDSN
2025-10-06,233.97000122070312,235.22999572753906,230.5800018310547,234.1199951171875,231.93556213378906,214500,NDSN
2025-10-07,234.97000122070312,235.52000427246094,230.41000366210938,230.85000610351562,228.6960906982422,161900,NDSN
2025-10-08,230.5800018310547,234.9199981689453,229.1300048828125,234.32000732421875,232.1337127685547,262700,NDSN
2025-10-09,234.52999877929688,235.3800048828125,231.77000427246094,233.75999450683594,231.57891845703125,254100,NDSN
2025-10-10,234.3000030517578,236.36000061035156,227.9600067138672,228.16000366210938,226.03118896484375,485200,NDSN
2025-10-13,229.67999267578125,233.3800048828125,229.5800018310547,230.52000427246094,228.3691864013672,289400,NDSN
2025-10-14,227.80999755859375,234.92999267578125,225.32000732421875,233.3699951171875,231.19256591796875,228400,NDSN
2025-10-15,234.05999755859375,235.77000427246094,229.0,231.85000610351562,229.686767578125,212400,NDSN
2025-10-16,232.38999938964844,234.3699951171875,231.1300048828125,232.0,229.83534240722656,277000,NDSN
2025-10-17,231.52999877929688,233.52999877929688,230.60000610351562,233.33999633789062,231.16285705566406,317900,NDSN
2025-10-20,234.41000366210938,236.9499969482422,234.0,235.66000366210938,233.46121215820312,186700,NDSN
2025-10-21,235.02999877929688,240.4600067138672,233.38999938964844,237.72999572753906,235.5118865966797,200600,NDSN
2025-10-22,236.83999633789062,238.02999877929688,233.72999572753906,234.14999389648438,231.96530151367188,258600,NDSN
2025-10-23,234.33999633789062,237.07000732421875,234.33999633789062,235.9499969482422,233.74850463867188,226200,NDSN
2025-10-24,238.24000549316406,238.24000549316406,235.75999450683594,235.89999389648438,233.698974609375,204300,NDSN
2025-10-27,236.8800048828125,238.94000244140625,236.07000732421875,238.35000610351562,236.12611389160156,307200,NDSN
2025-10-28,237.16000366210938,238.2100067138672,233.83999633789062,235.32000732421875,233.12440490722656,264100,NDSN
2025-10-29,234.6999969482422,237.3699951171875,232.02999877929688,233.17999267578125,231.00433349609375,378500,NDSN
2025-10-30,232.57000732421875,236.7899932861328,231.36000061035156,231.7899932861328,229.62730407714844,359800,NDSN
2025-10-31,230.92999267578125,233.52000427246094,229.77000427246094,231.9499969482422,229.7858123779297,517000,NDSN
2025-11-03,231.1699981689453,231.1699981689453,228.1300048828125,229.66000366210938,227.51719665527344,294200,NDSN
2025-11-04,227.52999877929688,230.92999267578125,227.52999877929688,230.32000732421875,228.17103576660156,282700,NDSN
2025-11-05,229.6999969482422,234.61000061035156,227.94000244140625,233.3000030517578,231.12322998046875,315100,NDSN
2025-11-06,234.1999969482422,237.13999938964844,230.33999633789062,230.57000732421875,228.41871643066406,301000,NDSN
2025-11-07,230.25,233.4600067138672,228.7899932861328,232.61000061035156,230.43966674804688,249200,NDSN
2025-11-10,233.72000122070312,235.0,230.1699981689453,234.77000427246094,232.57952880859375,218700,NDSN
2025-11-11,235.08999633789062,236.52000427246094,234.0500030517578,236.41000366210938,234.2042236328125,208300,NDSN
2025-11-12,236.0,239.4499969482422,235.05999755859375,236.24000549316406,234.03579711914062,287000,NDSN
2025-11-13,236.0500030517578,237.82000732421875,232.5,233.14999389648438,230.97462463378906,305700,NDSN
2025-11-14,231.72000122070312,232.30999755859375,228.9199981689453,230.27000427246094,228.12152099609375,287200,NDSN
2025-11-17,229.4199981689453,230.9499969482422,226.8300018310547,227.7899932861328,225.66464233398438,210500,NDSN
2025-11-18,227.6199951171875,228.94000244140625,225.80999755859375,226.69000244140625,224.5749053955078,334200,NDSN
2025-11-19,226.00999450683594,229.1199951171875,223.2899932861328,227.57000732421875,225.4467010498047,292800,NDSN
2025-11-20,230.36000061035156,232.47000122070312,226.6999969482422,228.0800018310547,225.95193481445312,406400,NDSN
2025-11-21,228.44000244140625,236.39999389648438,228.44000244140625,233.47999572753906,231.30154418945312,533800,NDSN
2025-11-24,233.39999389648438,234.66000366210938,231.30999755859375,233.0399932861328,230.8656463623047,483700,NDSN
2025-11-25,234.63999938964844,239.3699951171875,234.44000244140625,238.3300018310547,236.10629272460938,308300,NDSN
2025-11-26,237.5500030517578,240.17999267578125,235.75999450683594,238.0,235.7793731689453,296700,NDSN
2025-11-28,237.9499969482422,240.0,237.35000610351562,237.66000366210938,235.4425506591797,170800,NDSN
2025-12-01,235.22000122070312,238.02000427246094,234.5399932861328,235.02999877929688,232.83709716796875,401600,NDSN
2025-12-02,235.69000244140625,237.55999755859375,233.13999938964844,236.52999877929688,234.32310485839844,282800,NDSN
2025-12-03,236.5399932861328,239.67999267578125,235.4199981689453,238.58999633789062,236.36386108398438,305000,NDSN
2025-12-04,238.75,240.6699981689453,237.4600067138672,238.41000366210938,236.185546875,349900,NDSN
2025-12-05,238.1300048828125,240.25999450683594,238.00999450683594,238.92999267578125,236.70068359375,360400,NDSN
2025-12-08,238.74000549316406,239.7100067138672,234.42999267578125,234.4499969482422,232.2624969482422,503600,NDSN
2025-12-09,234.77999877929688,237.3800048828125,233.27000427246094,233.44000244140625,231.2619171142578,451700,NDSN
2025-12-10,234.4199981689453,237.41000366210938,233.35000610351562,236.32000732421875,234.1150665283203,1006900,NDSN
2025-12-11,250.0,251.47000122070312,231.38999938964844,234.42999267578125,232.24267578125,1518400,NDSN
2025-12-12,239.41000366210938,239.41000366210938,232.10000610351562,235.4499969482422,233.253173828125,729900,NDSN
2025-12-15,237.1999969482422,239.55999755859375,234.60000610351562,237.7899932861328,235.57131958007812,796900,NDSN
2025-12-16,237.14999389648438,239.74000549316406,235.05999755859375,236.3699951171875,234.16458129882812,581200,NDSN
2025-12-17,235.7100067138672,239.6199951171875,235.5399932861328,238.07000732421875,236.6697540283203,658700,NDSN
2025-12-18,239.32000732421875,239.5,236.25999450683594,238.33999633789062,236.9381561279297,648400,NDSN
2025-12-19,238.63999938964844,242.69000244140625,238.47000122070312,240.3800048828125,238.96617126464844,1787600,NDSN
2025-12-22,240.4600067138672,243.74000549316406,240.1300048828125,243.36000061035156,241.92864990234375,362700,NDSN
2025-12-23,243.36000061035156,243.36000061035156,241.6699981689453,241.97999572753906,240.55674743652344,298300,NDSN
2025-12-24,242.41000366210938,244.24000549316406,241.44000244140625,243.47000122070312,242.03799438476562,143500,NDSN
2025-12-26,242.80999755859375,244.13999938964844,242.44000244140625,243.99000549316406,242.554931640625,251500,NDSN
2025-12-29,243.94000244140625,245.66000366210938,242.3800048828125,243.13999938964844,241.70993041992188,335100,NDSN
2025-12-30,243.13999938964844,244.16000366210938,242.2100067138672,243.9600067138672,242.52511596679688,227500,NDSN
2025-12-31,243.3800048828125,245.1999969482422,240.19000244140625,240.42999267578125,239.015869140625,241100,NDSN
2026-01-02,241.17999267578125,241.9199981689453,239.25,241.02999877929688,239.6123504638672,305300,NDSN
2026-01-05,240.25,247.27999877929688,240.25,245.88999938964844,244.4437713623047,374100,NDSN
2026-01-06,245.0,252.25,245.0,252.0,250.517822265625,297500,NDSN
2026-01-07,251.75999450683594,253.99000549316406,250.6199951171875,252.86000061035156,251.37277221679688,523500,NDSN
2026-01-08,251.14999389648438,255.64999389648438,251.14999389648438,255.25999450683594,253.75865173339844,607800,NDSN
2026-01-09,256.54998779296875,261.6400146484375,255.41000366210938,261.2200012207031,259.68359375,504400,NDSN
2026-01-12,261.2200012207031,263.0199890136719,259.510009765625,262.3999938964844,260.85662841796875,342100,NDSN
2026-01-13,262.3999938964844,264.8800048828125,261.5199890136719,264.79998779296875,263.2425231933594,374500,NDSN
2026-01-14,265.0,267.0199890136719,261.6099853515625,266.5400085449219,264.9722900390625,505800,NDSN
2026-01-15,267.9800109863281,272.6199951171875,267.7900085449219,271.9100036621094,270.31072998046875,475200,NDSN
2026-01-16,270.1300048828125,272.6199951171875,269.4700012207031,271.9200134277344,270.3206787109375,490200,NDSN
2026-01-20,267.8800048828125,270.5199890136719,265.45001220703125,266.0799865722656,264.5150146484375,450200,NDSN
2026-01-21,267.9599914550781,274.54998779296875,267.9599914550781,273.1000061035156,271.4937438964844,358100,NDSN
2026-01-22,274.4700012207031,275.42999267578125,272.0,273.94000244140625,272.3287658691406,231300,NDSN
2026-01-23,273.5799865722656,273.5799865722656,270.5199890136719,271.2799987792969,269.6844177246094,242200,NDSN
2026-01-26,271.010009765625,272.2900085449219,269.989990234375,271.30999755859375,269.7142333984375,355700,NDSN
2026-01-27,270.79998779296875,274.1199951171875,265.19000244140625,273.2799987792969,271.67266845703125,316700,NDSN
2026-01-28,272.54998779296875,274.6099853515625,270.67999267578125,271.94000244140625,270.3405456542969,342800,NDSN
2026-01-29,273.1600036621094,275.0899963378906,268.5199890136719,275.0,273.3825378417969,678800,NDSN
2026-01-30,272.6600036621094,275.0,270.42999267578125,274.5299987792969,272.9153137207031,628300,NDSN
2026-02-02,273.54998779296875,277.07000732421875,273.54998779296875,276.9100036621094,275.28131103515625,378700,NDSN
2026-02-03,277.0299987792969,282.17999267578125,275.5799865722656,278.1700134277344,276.5339050292969,396100,NDSN
2026-02-04,279.4599914550781,287.489990234375,279.4599914550781,285.95001220703125,284.2681579589844,649400,NDSN
2026-02-05,283.32000732421875,284.92999267578125,279.8699951171875,282.57000732421875,280.9080505371094,561700,NDSN
2026-02-06,285.0,291.010009765625,284.95001220703125,290.17999267578125,288.4732360839844,508000,NDSN
2026-02-09,290.5400085449219,291.3900146484375,288.8999938964844,291.260009765625,289.54693603515625,335300,NDSN
2026-02-10,290.8999938964844,296.0,288.5799865722656,295.79998779296875,294.0602111816406,344600,NDSN
2026-02-11,296.5799865722656,300.7900085449219,293.5899963378906,294.4700012207031,292.7380065917969,697200,NDSN
2026-02-12,295.1600036621094,299.2799987792969,293.3800048828125,294.6700134277344,292.9368591308594,603500,NDSN
2026-02-13,294.17999267578125,299.3800048828125,293.7799987792969,298.19000244140625,296.4361572265625,460500,NDSN
2026-02-17,296.7200012207031,298.17999267578125,293.5400085449219,296.92999267578125,295.18353271484375,461500,NDSN
2026-02-18,296.3800048828125,302.2099914550781,296.3800048828125,299.2900085449219,297.5296630859375,572000,NDSN
2026-02-19,305.2799987792969,305.2799987792969,293.3500061035156,293.92999267578125,292.2012023925781,470700,NDSN
2026-02-20,291.7300109863281,296.55999755859375,287.20001220703125,290.1700134277344,288.46331787109375,610200,NDSN
2026-02-23,291.1499938964844,295.0,287.55999755859375,288.82000732421875,287.12127685546875,501100,NDSN
2026-02-24,289.95001220703125,295.6600036621094,289.95001220703125,294.82000732421875,293.0859680175781,532200,NDSN
2026-02-25,295.8999938964844,298.1700134277344,289.4700012207031,290.8299865722656,289.1194152832031,337600,NDSN
2026-02-26,292.1199951171875,293.55999755859375,288.489990234375,292.6199951171875,290.8988952636719,311000,NDSN
2026-02-27,290.04998779296875,294.2099914550781,286.2900085449219,293.44000244140625,291.7140808105469,682700,NDSN
2026-03-02,290.3299865722656,293.6099853515625,286.07000732421875,292.17999267578125,290.46148681640625,341700,NDSN
2026-03-03,286.92999267578125,288.989990234375,282.5299987792969,287.7799987792969,286.0873718261719,348600,NDSN
2026-03-04,288.3399963378906,289.7900085449219,285.2900085449219,288.4200134277344,286.7236328125,205600,NDSN
2026-03-05,286.17999267578125,287.07000732421875,279.95001220703125,281.0199890136719,279.36712646484375,301000,NDSN
2026-03-06,276.20001220703125,276.5400085449219,270.9599914550781,272.8399963378906,271.2352600097656,293100,NDSN
2026-03-09,268.25,272.8500061035156,264.739990234375,271.489990234375,269.8931579589844,577300,NDSN
2026-03-10,270.3699951171875,277.4800109863281,269.5,272.4599914550781,270.85748291015625,233100,NDSN
2026-03-11,271.5799865722656,274.25,268.5400085449219,273.69000244140625,272.0802307128906,259400,NDSN
2026-03-12,271.010009765625,272.2200012207031,267.6300048828125,267.70001220703125,266.12548828125,278900,NDSN
2026-03-13,270.1199951171875,271.7900085449219,265.55999755859375,267.57000732421875,265.9962463378906,301800,NDSN
2026-03-16,269.8599853515625,271.8699951171875,267.6700134277344,268.7099914550781,267.1295471191406,348500,NDSN
2026-03-17,270.57000732421875,272.5799865722656,266.8900146484375,271.0,269.4060974121094,290200,NDSN
2026-03-18,269.54998779296875,272.0899963378906,266.9200134277344,267.54998779296875,265.9763488769531,277100,NDSN
2026-03-19,264.4700012207031,270.29998779296875,262.5,267.2099914550781,266.45501708984375,303900,NDSN
2026-03-20,267.2099914550781,267.2099914550781,260.9100036621094,262.7300109863281,261.9876708984375,679100,NDSN
2026-03-23,270.45001220703125,271.6600036621094,268.0299987792969,268.4800109863281,267.721435546875,217700,NDSN
2026-03-24,265.80999755859375,271.69000244140625,265.05999755859375,269.19000244140625,268.4294128417969,237400,NDSN
2026-03-25,272.3999938964844,272.6300048828125,268.0400085449219,270.8500061035156,270.0847473144531,343200,NDSN
2026-03-26,269.04998779296875,272.2200012207031,264.19000244140625,264.9599914550781,264.21136474609375,247200,NDSN
2026-03-27,263.2300109863281,263.3999938964844,259.1600036621094,260.2099914550781,259.47479248046875,318400,NDSN
2026-03-30,262.7900085449219,262.7900085449219,253.85000610351562,256.1600036621094,255.4362335205078,416000,NDSN
2026-03-31,259.95001220703125,267.3900146484375,258.79998779296875,266.05999755859375,265.3082580566406,419700,NDSN
2026-04-01,267.8500061035156,271.3800048828125,266.4200134277344,267.239990234375,266.48492431640625,377900,NDSN
2026-04-02,262.7200012207031,268.2900085449219,260.4599914550781,263.1000061035156,262.35662841796875,456800,NDSN
2026-04-06,263.07000732421875,264.010009765625,260.05999755859375,263.2300109863281,262.48626708984375,232000,NDSN
2026-04-07,262.45001220703125,265.6700134277344,261.44000244140625,265.4700012207031,264.7199401855469,286000,NDSN
2026-04-08,274.20001220703125,277.3900146484375,273.17999267578125,274.57000732421875,273.7942199707031,407400,NDSN
2026-04-09,273.7200012207031,279.6300048828125,270.94000244140625,276.25,275.469482421875,428500,NDSN
2026-04-10,276.44000244140625,277.3399963378906,274.4800109863281,275.2799987792969,274.502197265625,312000,NDSN
2026-04-13,274.3999938964844,278.3299865722656,272.2699890136719,278.0899963378906,277.30426025390625,308100,NDSN
2026-04-14,278.489990234375,281.3699951171875,276.79998779296875,279.010009765625,278.2216796875,315500,NDSN
2026-04-15,277.6099853515625,277.6499938964844,271.1099853515625,275.0,274.2229919433594,402300,NDSN
2026-04-16,274.5199890136719,277.6099853515625,273.9599914550781,276.70001220703125,275.918212890625,375000,NDSN
2026-04-17,279.010009765625,285.989990234375,279.010009765625,281.8900146484375,281.0935363769531,386600,NDSN
2026-04-20,281.5899963378906,283.6400146484375,277.3699951171875,283.0799865722656,282.2801513671875,230900,NDSN
2026-04-21,283.5,287.0400085449219,282.5799865722656,282.7200012207031,281.92120361328125,517000,NDSN
2026-04-22,283.510009765625,283.5199890136719,278.4800109863281,279.45001220703125,278.6604309082031,224200,NDSN
2026-04-23,280.1700134277344,284.1499938964844,278.6300048828125,283.8299865722656,283.0280456542969,210700,NDSN
2026-04-24,283.1099853515625,285.0,278.54998779296875,282.3599853515625,281.56219482421875,227800,NDSN
2026-04-27,282.70001220703125,285.7200012207031,281.9700012207031,283.42999267578125,282.6291809082031,211500,NDSN
2026-04-28,283.42999267578125,283.42999267578125,278.8800048828125,281.7900085449219,280.99383544921875,322500,NDSN
2026-04-29,281.1099853515625,284.5199890136719,279.9200134277344,280.3399963378906,279.54791259765625,266100,NDSN
2026-04-30,280.3399963378906,288.8999938964844,280.0,288.45001220703125,287.635009765625,545800,NDSN
2026-05-01,289.44000244140625,289.489990234375,282.0799865722656,283.20001220703125,282.39984130859375,275700,NDSN
2026-05-04,280.92999267578125,283.3500061035156,278.75,280.4200134277344,279.6277160644531,310000,NDSN
2026-05-05,281.82000732421875,284.6600036621094,279.32000732421875,282.69000244140625,281.8912658691406,235400,NDSN
2026-05-06,286.260009765625,290.0199890136719,286.20001220703125,286.94000244140625,286.1292724609375,261000,NDSN
2026-05-07,288.0,289.69000244140625,282.3699951171875,284.1300048828125,283.32720947265625,353900,NDSN
2026-05-08,285.6499938964844,286.4200134277344,282.6400146484375,283.5299987792969,282.7289123535156,442900,NDSN
2026-05-11,283.4700012207031,285.8699951171875,279.489990234375,281.8500061035156,281.05364990234375,398800,NDSN
2026-05-12,282.510009765625,283.3599853515625,278.19000244140625,281.1600036621094,280.3656005859375,338500,NDSN
2026-05-13,281.4100036621094,282.760009765625,277.9599914550781,278.92999267578125,278.14190673828125,267000,NDSN
2026-05-14,279.760009765625,282.1600036621094,278.0299987792969,280.2799987792969,279.48809814453125,304300,NDSN
2026-05-15,278.5799865722656,278.82000732421875,274.010009765625,274.8800048828125,274.1033630371094,616500,NDSN
2026-05-18,275.8999938964844,277.5299987792969,274.6400146484375,276.760009765625,275.97802734375,323100,NDSN
2026-05-19,275.0799865722656,275.1600036621094,270.260009765625,271.6400146484375,270.87249755859375,479600,NDSN
2026-05-20,272.5400085449219,277.3800048828125,270.5,276.20001220703125,275.41961669921875,410000,NDSN
2026-05-21,278.989990234375,287.9100036621094,276.2300109863281,286.7699890136719,285.9597473144531,750700,NDSN
2026-05-22,289.20001220703125,291.1600036621094,285.3800048828125,289.8999938964844,289.0809020996094,558300,NDSN
2026-05-26,292.3900146484375,296.8599853515625,286.0,287.8299865722656,287.0167541503906,609800,NDSN
2026-05-27,289.95001220703125,290.1199951171875,285.5400085449219,288.739990234375,287.9241638183594,483600,NDSN
2026-05-28,288.29998779296875,288.57000732421875,284.17999267578125,288.1199951171875,287.3059387207031,390200,NDSN
2026-05-29,289.3999938964844,289.3999938964844,286.4100036621094,287.3299865722656,286.5181579589844,543900,NDSN
2026-06-01,284.5400085449219,284.8699951171875,278.7799987792969,281.30999755859375,280.5151672363281,339400,NDSN
2026-06-02,281.3299865722656,288.2200012207031,280.5400085449219,287.7300109863281,286.91705322265625,283700,NDSN
2026-06-03,287.42999267578125,291.6400146484375,287.1000061035156,289.45001220703125,288.6322021484375,258300,NDSN
2026-06-04,290.0,292.0400085449219,286.239990234375,286.4800109863281,285.67059326171875,344600,NDSN
2026-06-05,285.5299987792969,285.7300109863281,281.7200012207031,282.7300109863281,281.9311828613281,317000,NDSN
2026-06-08,283.5199890136719,284.8999938964844,281.95001220703125,282.2099914550781,281.4126281738281,359200,NDSN
2026-06-09,285.1099853515625,290.54998779296875,284.3900146484375,290.1300048828125,289.3102722167969,372000,NDSN
2026-06-10,289.92999267578125,292.9599914550781,278.3599853515625,278.57000732421875,277.7829284667969,359300,NDSN
2026-06-11,281.8599853515625,288.6000061035156,280.7200012207031,285.6300048828125,284.8229675292969,459800,NDSN
2026-06-12,288.1499938964844,289.0299987792969,286.0,288.2099914550781,287.3956604003906,260600,NDSN
2026-06-15,292.17999267578125,297.07000732421875,292.07000732421875,292.239990234375,291.4142761230469,815900,NDSN
2026-06-16,294.3299865722656,296.8800048828125,292.69000244140625,292.8999938964844,292.0724182128906,241900,NDSN
2026-06-17,292.8999938964844,297.6099853515625,289.1300048828125,290.2200012207031,289.3999938964844,525100,NDSN
2026-06-18,293.6000061035156,297.989990234375,291.8800048828125,295.9200134277344,295.9200134277344,1381200,NDSN
2026-06-22,295.489990234375,298.0400085449219,293.0799865722656,295.05999755859375,295.05999755859375,435600,NDSN
2026-06-23,291.3699951171875,294.42999267578125,287.0299987792969,291.07000732421875,291.07000732421875,394800,NDSN
2026-06-24,291.95001220703125,298.92999267578125,291.95001220703125,296.1099853515625,296.1099853515625,339100,NDSN
2026-06-25,299.5899963378906,307.739990234375,298.6400146484375,304.6400146484375,304.6400146484375,323100,NDSN
2026-06-26,303.5299987792969,305.239990234375,298.1499938964844,301.4700012207031,301.4700012207031,463300,NDSN
2026-06-29,300.0799865722656,302.6099853515625,298.45001220703125,302.1600036621094,302.1600036621094,325000,NDSN
2026-06-30,303.79998779296875,306.57000732421875,301.4599914550781,301.69000244140625,301.69000244140625,556500,NDSN
2026-07-01,300.5199890136719,301.0,294.7900085449219,295.6400146484375,295.6400146484375,657200,NDSN
2026-07-02,295.9700012207031,297.6499938964844,287.8900146484375,290.3800048828125,290.3800048828125,380600,NDSN
2026-07-06,291.3399963378906,297.69000244140625,289.5299987792969,293.6600036621094,293.6600036621094,276300,NDSN
2026-07-07,292.6199951171875,292.75,284.5799865722656,286.0299987792969,286.0299987792969,278600,NDSN
2026-07-08,286.0299987792969,288.2699890136719,280.3800048828125,283.8900146484375,283.8900146484375,415400,NDSN
2026-07-09,287.1099853515625,288.4800109863281,284.739990234375,286.3699951171875,286.3699951171875,291600,NDSN
2026-07-10,286.2099914550781,290.1400146484375,285.7900085449219,286.6000061035156,286.6000061035156,195100,NDSN
2026-07-13,286.6000061035156,290.2699890136719,285.1700134277344,286.5899963378906,286.5899963378906,236600,NDSN
2026-07-14,290.42999267578125,292.44000244140625,286.4100036621094,286.8299865722656,286.8299865722656,279900,NDSN
2026-07-15,286.6000061035156,288.4599914550781,284.010009765625,287.7699890136719,287.7699890136719,771200,NDSN
2026-07-16,286.2099914550781,294.2900085449219,286.2099914550781,293.3599853515625,293.3599853515625,412500,NDSN
2026-07-17,291.0299987792969,296.739990234375,288.7099914550781,288.9800109863281,288.9800109863281,454700,NDSN
2026-07-20,290.3399963378906,290.5,283.010009765625,285.239990234375,285.239990234375,298200,NDSN
2026-07-21,288.0199890136719,291.1400146484375,284.95001220703125,290.07000732421875,290.07000732421875,338100,NDSN
2026-07-22,289.8699951171875,293.9100036621094,288.57000732421875,291.5899963378906,291.5899963378906,247200,NDSN
2026-07-23,289.04998779296875,293.7799987792969,289.04998779296875,292.1000061035156,292.1000061035156,192900,NDSN
2026-07-24,294.4200134277344,296.8900146484375,293.1300048828125,295.7699890136719,295.7699890136719,214100,NDSN
2026-07-27,296.739990234375,300.0,294.0,297.3900146484375,297.3900146484375,239300,NDSN
2026-07-28,299.3699951171875,303.489990234375,296.6400146484375,302.6499938964844,302.6499938964844,322900,NDSN
2026-07-29,300.4599914550781,301.55999755859375,294.3900146484375,294.9800109863281,294.9800109863281,492400,NDSN
2026-07-30,297.7300109863281,298.8399963378906,293.1199951171875,295.2300109863281,295.2300109863281,254100,NDSN
2026-07-31,296.239990234375,298.9700012207031,292.9700012207031,297.7799987792969,297.7799987792969,300800,NDSN
2026-08-03,298.6499938964844,303.5799865722656,298.6499938964844,302.6199951171875,302.6199951171875,326500,NDSN
