Date,Open,High,Low,Close,Adj Close,Volume,Symbol
2006-08-04,30.450000762939453,30.809999465942383,29.600000381469727,30.09000015258789,22.022098541259766,3200100,NTAP
2006-08-07,30.020000457763672,30.09000015258789,29.270000457763672,29.329999923706055,21.46588134765625,2593500,NTAP
2006-08-08,29.549999237060547,29.639999389648438,28.690000534057617,28.989999771118164,21.217044830322266,3591700,NTAP
2006-08-09,29.5,29.950000762939453,28.8799991607666,29.0,21.224353790283203,2678000,NTAP
2006-08-10,29.040000915527344,29.469999313354492,28.860000610351562,29.15999984741211,21.341459274291992,1870000,NTAP
2006-08-11,29.0,29.489999771118164,28.68000030517578,29.329999923706055,21.46588134765625,2634400,NTAP
2006-08-14,29.700000762939453,30.459999084472656,29.690000534057617,29.969999313354492,21.934276580810547,3290000,NTAP
2006-08-15,30.850000381469727,31.739999771118164,30.559999465942383,31.700000762939453,23.200416564941406,4107400,NTAP
2006-08-16,32.0,32.70000076293945,31.56999969482422,32.38999938964844,23.705419540405273,7398000,NTAP
2006-08-17,32.20000076293945,32.869998931884766,31.780000686645508,32.34000015258789,23.668821334838867,6349600,NTAP
2006-08-18,32.290000915527344,34.09000015258789,32.279998779296875,33.90999984741211,24.81786346435547,5531100,NTAP
2006-08-21,33.70000076293945,33.88999938964844,32.9900016784668,33.2400016784668,24.32750701904297,2454500,NTAP
2006-08-22,33.099998474121094,34.709999084472656,33.099998474121094,34.25,25.066701889038086,4312700,NTAP
2006-08-23,34.349998474121094,34.7400016784668,33.790000915527344,33.9900016784668,24.876407623291016,4097900,NTAP
2006-08-24,34.209999084472656,34.5,33.4900016784668,34.029998779296875,24.905689239501953,2597400,NTAP
2006-08-25,33.900001525878906,34.5,33.560001373291016,33.869998931884766,24.78858757019043,2510400,NTAP
2006-08-28,33.77000045776367,34.45000076293945,33.7400016784668,34.20000076293945,25.030107498168945,2070500,NTAP
2006-08-29,34.08000183105469,34.459999084472656,33.84000015258789,34.380001068115234,25.161848068237305,3651300,NTAP
2006-08-30,34.38999938964844,34.70000076293945,34.0,34.349998474121094,25.13988494873047,2575700,NTAP
2006-08-31,34.400001525878906,34.810001373291016,34.189998626708984,34.2400016784668,25.05938148498535,3556000,NTAP
2006-09-01,34.5099983215332,34.7400016784668,34.369998931884766,34.380001068115234,25.161848068237305,2530600,NTAP
2006-09-05,34.29999923706055,34.52000045776367,33.970001220703125,34.40999984741211,25.18379783630371,3138500,NTAP
2006-09-06,34.20000076293945,34.29999923706055,33.70000076293945,33.77000045776367,24.71539878845215,3630400,NTAP
2006-09-07,33.630001068115234,34.2400016784668,33.209999084472656,33.279998779296875,24.356782913208008,3253800,NTAP
2006-09-08,33.20000076293945,34.220001220703125,32.97999954223633,33.97999954223633,24.869098663330078,2899100,NTAP
2006-09-11,33.56999969482422,33.88999938964844,33.130001068115234,33.68000030517578,24.649524688720703,3423900,NTAP
2006-09-12,33.529998779296875,34.15999984741211,33.099998474121094,33.939998626708984,24.83982276916504,3963000,NTAP
2006-09-13,33.810001373291016,34.2400016784668,33.43000030517578,33.65999984741211,24.6348934173584,4532100,NTAP
2006-09-14,33.400001525878906,34.52000045776367,33.400001525878906,34.25,25.066701889038086,3738000,NTAP
2006-09-15,34.400001525878906,34.63999938964844,33.66999816894531,33.77000045776367,24.71539878845215,5996100,NTAP
2006-09-18,33.650001525878906,35.2400016784668,33.540000915527344,35.02000045776367,25.630239486694336,4793800,NTAP
2006-09-19,35.20000076293945,36.58000183105469,35.18000030517578,35.9900016784668,26.34016227722168,6853500,NTAP
2006-09-20,36.18000030517578,37.0099983215332,36.09000015258789,36.630001068115234,26.808570861816406,4785500,NTAP
2006-09-21,36.65999984741211,37.18000030517578,36.08000183105469,36.2599983215332,26.537761688232422,4783500,NTAP
2006-09-22,36.150001525878906,36.310001373291016,35.400001525878906,35.97999954223633,26.33284568786621,3361400,NTAP
2006-09-25,36.099998474121094,37.15999984741211,35.689998626708984,36.88999938964844,26.998844146728516,3110400,NTAP
2006-09-26,36.75,37.22999954223633,36.45000076293945,37.0099983215332,27.086669921875,3375100,NTAP
2006-09-27,36.88999938964844,37.5,36.38999938964844,36.650001525878906,26.823200225830078,2657600,NTAP
2006-09-28,36.81999969482422,37.470001220703125,36.54999923706055,37.470001220703125,27.42333221435547,2767400,NTAP
2006-09-29,37.31999969482422,37.459999084472656,36.939998626708984,37.0099983215332,27.086669921875,2705100,NTAP
2006-10-02,36.84000015258789,37.84000015258789,36.79999923706055,36.849998474121094,26.969579696655273,3742600,NTAP
2006-10-03,36.849998474121094,37.529998779296875,36.470001220703125,37.400001525878906,27.37210464477539,2572400,NTAP
2006-10-04,37.20000076293945,38.20000076293945,37.150001525878906,38.15999984741211,27.928329467773438,2828500,NTAP
2006-10-05,38.0,38.15999984741211,37.5,37.630001068115234,27.540428161621094,2607700,NTAP
2006-10-06,37.189998626708984,37.349998474121094,36.56999969482422,36.880001068115234,26.991535186767578,3533100,NTAP
2006-10-09,36.75,37.880001068115234,36.630001068115234,37.7599983215332,27.63558578491211,3066600,NTAP
2006-10-10,37.84000015258789,38.43000030517578,37.689998626708984,38.22999954223633,27.979564666748047,3099100,NTAP
2006-10-11,37.97999954223633,38.75,37.779998779296875,38.47999954223633,28.162525177001953,3004300,NTAP
2006-10-12,38.5099983215332,38.70000076293945,37.70000076293945,38.40999984741211,28.111286163330078,3939000,NTAP
2006-10-13,38.20000076293945,39.59000015258789,38.150001525878906,39.56999969482422,28.960269927978516,3538000,NTAP
2006-10-16,39.029998779296875,39.72999954223633,39.0099983215332,39.630001068115234,29.004192352294922,2971200,NTAP
2006-10-17,39.349998474121094,39.45000076293945,37.880001068115234,38.33000183105469,28.052751541137695,3955900,NTAP
2006-10-18,37.849998474121094,38.18000030517578,37.540000915527344,37.84000015258789,27.694122314453125,3906500,NTAP
2006-10-19,37.54999923706055,38.20000076293945,37.31999969482422,37.68000030517578,27.577030181884766,2961800,NTAP
2006-10-20,37.810001373291016,37.88999938964844,37.369998931884766,37.4900016784668,27.437971115112305,3309200,NTAP
2006-10-23,37.349998474121094,38.29999923706055,37.0,37.38999938964844,27.364788055419922,2936700,NTAP
2006-10-24,37.459999084472656,37.529998779296875,36.34000015258789,36.70000076293945,26.859798431396484,3216700,NTAP
2006-10-25,36.790000915527344,37.060001373291016,36.47999954223633,36.9900016784668,27.072031021118164,2156500,NTAP
2006-10-26,36.790000915527344,37.810001373291016,36.779998779296875,37.41999816894531,27.38673210144043,2585300,NTAP
2006-10-27,37.439998626708984,37.4900016784668,35.7599983215332,35.779998779296875,26.18646812438965,3795200,NTAP
2006-10-30,35.65999984741211,37.13999938964844,35.5099983215332,36.959999084472656,27.050077438354492,3370500,NTAP
2006-10-31,37.099998474121094,37.119998931884766,36.29999923706055,36.5,26.713415145874023,2717900,NTAP
2006-11-01,36.59000015258789,36.79999923706055,35.7400016784668,36.0099983215332,26.354787826538086,1879300,NTAP
2006-11-02,36.04999923706055,36.13999938964844,35.45000076293945,35.540000915527344,26.010828018188477,2495300,NTAP
2006-11-03,35.61000061035156,36.11000061035156,35.439998626708984,36.0,26.34747886657715,3243600,NTAP
2006-11-06,36.220001220703125,36.9900016784668,36.060001373291016,36.439998626708984,26.669496536254883,2180800,NTAP
2006-11-07,36.40999984741211,37.2599983215332,36.20000076293945,36.709999084472656,26.86712074279785,2672800,NTAP
2006-11-08,36.709999084472656,36.93000030517578,36.33000183105469,36.619998931884766,26.80124282836914,2108600,NTAP
2006-11-09,36.90999984741211,37.20000076293945,36.040000915527344,36.16999816894531,26.47190284729004,4170800,NTAP
2006-11-10,36.11000061035156,36.970001220703125,36.029998779296875,36.900001525878906,27.006166458129883,3483300,NTAP
2006-11-13,37.060001373291016,37.75,36.939998626708984,37.52000045776367,27.45992660522461,2866600,NTAP
2006-11-14,37.43000030517578,38.38999938964844,37.40999984741211,38.029998779296875,27.833189010620117,4913500,NTAP
2006-11-15,38.290000915527344,38.5,37.68000030517578,38.0,27.811233520507812,6344600,NTAP
2006-11-16,37.959999084472656,40.34000015258789,37.83000183105469,39.959999084472656,29.245704650878906,9641400,NTAP
2006-11-17,39.7599983215332,40.04999923706055,39.400001525878906,39.959999084472656,29.245704650878906,4234500,NTAP
2006-11-20,39.33000183105469,40.34000015258789,39.2400016784668,39.97999954223633,29.260334014892578,4214200,NTAP
2006-11-21,40.04999923706055,41.09000015258789,40.04999923706055,40.9900016784668,29.99953842163086,5911000,NTAP
2006-11-22,41.119998931884766,41.310001373291016,40.529998779296875,41.279998779296875,30.21177101135254,2895800,NTAP
2006-11-24,40.59000015258789,41.34000015258789,40.59000015258789,40.959999084472656,29.977571487426758,943300,NTAP
2006-11-27,40.619998931884766,40.88999938964844,39.16999816894531,39.43000030517578,28.857812881469727,4237600,NTAP
2006-11-28,39.20000076293945,39.810001373291016,38.84000015258789,39.689998626708984,29.0480899810791,3827200,NTAP
2006-11-29,39.75,39.90999984741211,39.310001373291016,39.79999923706055,29.12860679626465,3119800,NTAP
2006-11-30,39.75,40.0,38.95000076293945,39.279998779296875,28.74803352355957,3544500,NTAP
2006-12-01,39.099998474121094,39.34000015258789,38.2599983215332,38.52000045776367,28.191802978515625,3012300,NTAP
2006-12-04,38.83000183105469,39.849998474121094,38.63999938964844,39.38999938964844,28.82853126525879,3591500,NTAP
2006-12-05,39.34000015258789,39.630001068115234,38.869998931884766,39.540000915527344,28.938322067260742,2794100,NTAP
2006-12-06,39.38999938964844,39.5099983215332,38.70000076293945,38.91999816894531,28.48455810546875,3088400,NTAP
2006-12-07,39.15999984741211,39.75,38.91999816894531,39.33000183105469,28.78461265563965,3798800,NTAP
2006-12-08,39.029998779296875,39.9900016784668,38.88999938964844,39.4900016784668,28.90172576904297,3359700,NTAP
2006-12-11,39.5099983215332,39.900001525878906,39.11000061035156,39.38999938964844,28.82853126525879,2308200,NTAP
2006-12-12,39.52000045776367,39.880001068115234,39.11000061035156,39.58000183105469,28.967586517333984,3372400,NTAP
2006-12-13,39.900001525878906,39.900001525878906,38.779998779296875,39.04999923706055,28.57969856262207,2601200,NTAP
2006-12-14,39.099998474121094,40.5,39.08000183105469,40.060001373291016,29.318899154663086,4715400,NTAP
2006-12-15,40.5,41.310001373291016,40.099998474121094,41.0,30.00684928894043,7225000,NTAP
2006-12-18,40.970001220703125,41.560001373291016,40.56999969482422,40.650001525878906,29.750694274902344,4105900,NTAP
2006-12-19,40.279998779296875,40.849998474121094,39.70000076293945,40.59000015258789,29.7067813873291,3467500,NTAP
2006-12-20,40.650001525878906,40.9900016784668,40.2400016784668,40.2400016784668,29.450634002685547,2763800,NTAP
2006-12-21,40.38999938964844,40.810001373291016,39.72999954223633,40.09000015258789,29.340850830078125,2251300,NTAP
2006-12-22,39.9900016784668,40.09000015258789,39.5,39.56999969482422,28.960269927978516,2994900,NTAP
2006-12-26,39.40999984741211,40.099998474121094,39.31999969482422,39.959999084472656,29.245704650878906,1362900,NTAP
2006-12-27,40.369998931884766,40.599998474121094,39.84000015258789,39.86000061035156,29.172515869140625,1807400,NTAP
2006-12-28,39.70000076293945,40.0,39.439998626708984,39.79999923706055,29.12860679626465,1663100,NTAP
2006-12-29,39.58000183105469,40.130001068115234,39.220001220703125,39.279998779296875,28.74803352355957,2184900,NTAP
2007-01-03,39.5,40.88999938964844,38.90999984741211,39.95000076293945,29.238380432128906,5794700,NTAP
2007-01-04,39.93000030517578,40.0,38.900001525878906,39.56999969482422,28.960269927978516,5140500,NTAP
2007-01-05,39.56999969482422,39.650001525878906,38.7599983215332,39.06999969482422,28.594341278076172,3965900,NTAP
2007-01-08,39.650001525878906,40.70000076293945,39.349998474121094,40.22999954223633,29.443315505981445,5272800,NTAP
2007-01-09,40.29999923706055,40.43000030517578,39.599998474121094,39.7400016784668,29.084688186645508,4263100,NTAP
2007-01-10,39.36000061035156,39.95000076293945,39.04999923706055,39.72999954223633,29.077375411987305,2943600,NTAP
2007-01-11,39.7599983215332,40.779998779296875,39.7599983215332,40.060001373291016,29.318899154663086,4112300,NTAP
2007-01-12,39.86000061035156,40.150001525878906,39.54999923706055,39.79999923706055,29.12860679626465,3446000,NTAP
2007-01-16,39.939998626708984,40.11000061035156,39.349998474121094,39.83000183105469,29.150571823120117,3602000,NTAP
2007-01-17,39.790000915527344,39.939998626708984,38.61000061035156,38.88999938964844,28.46259307861328,5356300,NTAP
2007-01-18,38.77000045776367,38.790000915527344,37.63999938964844,37.709999084472656,27.598976135253906,7064600,NTAP
2007-01-19,37.4900016784668,37.709999084472656,36.75,37.060001373291016,27.123268127441406,7430900,NTAP
2007-01-22,37.02000045776367,37.060001373291016,36.279998779296875,36.5,26.713415145874023,5873100,NTAP
2007-01-23,36.650001525878906,37.779998779296875,36.400001525878906,37.20000076293945,27.225730895996094,6445000,NTAP
2007-01-24,37.2599983215332,38.11000061035156,37.2599983215332,37.63999938964844,27.54775047302246,4351600,NTAP
2007-01-25,37.56999969482422,38.15999984741211,36.9900016784668,37.150001525878906,27.189132690429688,4757000,NTAP
2007-01-26,37.189998626708984,37.279998779296875,36.439998626708984,36.72999954223633,26.88175392150879,3882300,NTAP
2007-01-29,36.599998474121094,37.2599983215332,36.20000076293945,36.90999984741211,27.013484954833984,3208700,NTAP
2007-01-30,37.119998931884766,37.83000183105469,36.5099983215332,37.68000030517578,27.577030181884766,6537800,NTAP
2007-01-31,37.7599983215332,37.849998474121094,36.939998626708984,37.599998474121094,27.518482208251953,3682900,NTAP
2007-02-01,37.900001525878906,38.470001220703125,37.029998779296875,37.310001373291016,27.306238174438477,4070700,NTAP
2007-02-02,37.459999084472656,37.5,36.869998931884766,37.33000183105469,27.320877075195312,3012000,NTAP
2007-02-05,37.16999816894531,37.70000076293945,36.790000915527344,37.52000045776367,27.45992660522461,3731000,NTAP
2007-02-06,37.619998931884766,37.70000076293945,36.61000061035156,37.119998931884766,27.167173385620117,3458400,NTAP
2007-02-07,37.34000015258789,38.189998626708984,37.220001220703125,38.119998931884766,27.899051666259766,4142400,NTAP
2007-02-08,38.20000076293945,38.380001068115234,37.68000030517578,38.2400016784668,27.986881256103516,3283500,NTAP
2007-02-09,38.400001525878906,38.4900016784668,37.560001373291016,37.70000076293945,27.591665267944336,2521900,NTAP
2007-02-12,37.709999084472656,37.9900016784668,37.5099983215332,37.7599983215332,27.63558578491211,2628700,NTAP
2007-02-13,37.790000915527344,37.90999984741211,37.189998626708984,37.34000015258789,27.328195571899414,3802500,NTAP
2007-02-14,37.400001525878906,38.5,37.04999923706055,38.40999984741211,28.111286163330078,6151900,NTAP
2007-02-15,38.529998779296875,40.41999816894531,38.529998779296875,40.29999923706055,29.494535446166992,13992400,NTAP
2007-02-16,40.11000061035156,40.33000183105469,39.7400016784668,40.0099983215332,29.282291412353516,4303000,NTAP
2007-02-20,40.0099983215332,40.4900016784668,39.7599983215332,40.4900016784668,29.633596420288086,5210300,NTAP
2007-02-21,40.20000076293945,40.619998931884766,39.83000183105469,40.099998474121094,29.348159790039062,4629400,NTAP
2007-02-22,40.18000030517578,40.369998931884766,39.40999984741211,39.880001068115234,29.187156677246094,3435600,NTAP
2007-02-23,39.91999816894531,40.349998474121094,39.68000030517578,40.09000015258789,29.340850830078125,3884400,NTAP
2007-02-26,40.349998474121094,40.400001525878906,39.43000030517578,39.650001525878906,29.01882553100586,4059300,NTAP
2007-02-27,39.27000045776367,39.27000045776367,37.75,37.75,27.628253936767578,5744800,NTAP
2007-02-28,38.040000915527344,38.88999938964844,37.5,38.66999816894531,28.301591873168945,6614400,NTAP
2007-03-01,37.75,38.66999816894531,37.18000030517578,38.150001525878906,27.92100715637207,4150300,NTAP
2007-03-02,37.95000076293945,38.2599983215332,37.31999969482422,37.31999969482422,27.313554763793945,3565700,NTAP
2007-03-05,37.04999923706055,37.43000030517578,36.77000045776367,36.79999923706055,26.9329776763916,3794800,NTAP
2007-03-06,37.040000915527344,37.630001068115234,36.810001373291016,37.310001373291016,27.306238174438477,3617200,NTAP
2007-03-07,37.02000045776367,37.220001220703125,36.41999816894531,36.470001220703125,26.691455841064453,4835700,NTAP
2007-03-08,36.95000076293945,38.2400016784668,36.849998474121094,37.720001220703125,27.606307983398438,5267300,NTAP
2007-03-09,37.97999954223633,38.02000045776367,37.25,37.689998626708984,27.584346771240234,3215500,NTAP
2007-03-12,37.599998474121094,38.540000915527344,37.599998474121094,38.22999954223633,27.979564666748047,4769400,NTAP
2007-03-13,37.77000045776367,38.09000015258789,36.130001068115234,36.15999984741211,26.464580535888672,8106400,NTAP
2007-03-14,36.400001525878906,36.529998779296875,35.439998626708984,36.29999923706055,26.567047119140625,8376800,NTAP
2007-03-15,36.15999984741211,36.619998931884766,36.15999984741211,36.54999923706055,26.750011444091797,4850900,NTAP
2007-03-16,36.54999923706055,36.77000045776367,36.15999984741211,36.720001220703125,26.87444305419922,4952000,NTAP
2007-03-19,36.869998931884766,36.939998626708984,35.959999084472656,36.369998931884766,26.618270874023438,4677300,NTAP
2007-03-20,36.380001068115234,36.939998626708984,36.29999923706055,36.81999969482422,26.947622299194336,3572900,NTAP
2007-03-21,36.90999984741211,37.97999954223633,36.380001068115234,37.97999954223633,27.796585083007812,6394400,NTAP
2007-03-22,38.20000076293945,38.20000076293945,37.459999084472656,37.650001525878906,27.555076599121094,3109800,NTAP
2007-03-23,38.310001373291016,38.79999923706055,38.09000015258789,38.130001068115234,27.906373977661133,5734200,NTAP
2007-03-26,38.130001068115234,38.529998779296875,37.7400016784668,38.52000045776367,28.191802978515625,2747300,NTAP
2007-03-27,38.34000015258789,38.439998626708984,37.75,38.02000045776367,27.825868606567383,3588900,NTAP
2007-03-28,37.810001373291016,37.93000030517578,36.380001068115234,36.41999816894531,26.654870986938477,6741600,NTAP
2007-03-29,36.61000061035156,36.83000183105469,36.099998474121094,36.38999938964844,26.632917404174805,4857100,NTAP
2007-03-30,36.5,36.77000045776367,36.209999084472656,36.52000045776367,26.72806167602539,4618100,NTAP
2007-04-02,36.47999954223633,36.58000183105469,35.22999954223633,35.90999984741211,26.28160858154297,5257800,NTAP
2007-04-03,36.0,36.66999816894531,35.619998931884766,36.41999816894531,26.654870986938477,5818900,NTAP
2007-04-04,36.34000015258789,36.59000015258789,36.119998931884766,36.25,26.53045082092285,3146400,NTAP
2007-04-05,36.18000030517578,36.5099983215332,35.70000076293945,36.5099983215332,26.72073745727539,3076100,NTAP
2007-04-09,36.72999954223633,36.72999954223633,36.0,36.06999969482422,26.398712158203125,3987600,NTAP
2007-04-10,35.9900016784668,36.0,34.90999984741211,35.619998931884766,26.069364547729492,7792500,NTAP
2007-04-11,35.619998931884766,35.689998626708984,35.099998474121094,35.16999816894531,25.74001693725586,3691900,NTAP
2007-04-12,34.86000061035156,35.91999816894531,34.689998626708984,35.59000015258789,26.047401428222656,4915100,NTAP
2007-04-13,35.65999984741211,36.0099983215332,35.15999984741211,35.90999984741211,26.28160858154297,3804600,NTAP
2007-04-16,36.02000045776367,36.459999084472656,35.619998931884766,35.83000183105469,26.223066329956055,2928400,NTAP
2007-04-17,35.779998779296875,35.97999954223633,35.150001525878906,35.349998474121094,25.87175941467285,3973600,NTAP
2007-04-18,35.130001068115234,35.779998779296875,34.90999984741211,35.470001220703125,25.959583282470703,3551700,NTAP
2007-04-19,35.06999969482422,35.599998474121094,34.88999938964844,35.189998626708984,25.754667282104492,4127300,NTAP
2007-04-20,35.720001220703125,35.720001220703125,34.709999084472656,34.93000030517578,25.56437110900879,6115900,NTAP
2007-04-23,35.189998626708984,35.459999084472656,34.900001525878906,35.25,25.798580169677734,4171200,NTAP
2007-04-24,35.27000045776367,36.04999923706055,35.150001525878906,35.650001525878906,26.09132194519043,6610400,NTAP
2007-04-25,35.79999923706055,36.16999816894531,35.380001068115234,36.119998931884766,26.435304641723633,5818200,NTAP
2007-04-26,35.779998779296875,37.33000183105469,35.599998474121094,37.2400016784668,27.255006790161133,8342700,NTAP
2007-04-27,37.0,37.81999969482422,37.0,37.810001373291016,27.672168731689453,7434200,NTAP
2007-04-30,37.79999923706055,38.0099983215332,37.15999984741211,37.209999084472656,27.23304557800293,4354100,NTAP
2007-05-01,37.15999984741211,37.58000183105469,36.70000076293945,37.08000183105469,27.137907028198242,2989000,NTAP
2007-05-02,37.0,38.09000015258789,36.9900016784668,37.79999923706055,27.66485595703125,3601800,NTAP
2007-05-03,37.90999984741211,38.650001525878906,37.900001525878906,38.41999816894531,28.118610382080078,4170800,NTAP
2007-05-04,38.70000076293945,38.70000076293945,37.79999923706055,38.15999984741211,27.928329467773438,2958700,NTAP
2007-05-07,38.119998931884766,38.25,37.7599983215332,37.90999984741211,27.745370864868164,2472700,NTAP
2007-05-08,37.7400016784668,38.75,37.58000183105469,38.56999969482422,28.22840118408203,3719800,NTAP
2007-05-09,38.25,38.689998626708984,37.959999084472656,38.52000045776367,28.191802978515625,2841400,NTAP
2007-05-10,38.29999923706055,38.38999938964844,38.0099983215332,38.22999954223633,27.979564666748047,5564900,NTAP
2007-05-11,38.11000061035156,39.08000183105469,38.040000915527344,39.04999923706055,28.57969856262207,4453500,NTAP
2007-05-14,38.91999816894531,39.04999923706055,38.18000030517578,38.68000030517578,28.308897018432617,4075600,NTAP
2007-05-15,38.20000076293945,38.54999923706055,37.40999984741211,37.47999954223633,27.430654525756836,4290400,NTAP
2007-05-16,37.83000183105469,37.83000183105469,37.09000015258789,37.38999938964844,27.364788055419922,5117100,NTAP
2007-05-17,37.5,37.58000183105469,37.0,37.130001068115234,27.174503326416016,4150100,NTAP
2007-05-18,37.33000183105469,38.09000015258789,37.09000015258789,37.9900016784668,27.803905487060547,3677400,NTAP
2007-05-21,38.06999969482422,38.4900016784668,37.70000076293945,38.209999084472656,27.964914321899414,2420600,NTAP
2007-05-22,38.0,38.22999954223633,37.41999816894531,37.84000015258789,27.694122314453125,3256800,NTAP
2007-05-23,37.880001068115234,38.349998474121094,37.459999084472656,38.060001373291016,27.85513687133789,13351500,NTAP
2007-05-24,31.969999313354492,34.150001525878906,31.520000457763672,31.760000228881836,23.244340896606445,43630700,NTAP
2007-05-25,32.0099983215332,32.45000076293945,31.56999969482422,31.799999237060547,23.273609161376953,11077200,NTAP
2007-05-29,31.81999969482422,31.920000076293945,31.200000762939453,31.360000610351562,22.951580047607422,10583100,NTAP
2007-05-30,31.18000030517578,31.510000228881836,30.739999771118164,31.479999542236328,23.039405822753906,8503200,NTAP
2007-05-31,31.610000610351562,32.29999923706055,31.549999237060547,32.15999984741211,23.537076950073242,9054700,NTAP
2007-06-01,32.439998626708984,32.439998626708984,30.610000610351562,30.739999771118164,22.497819900512695,15058200,NTAP
2007-06-04,31.110000610351562,31.309999465942383,30.670000076293945,31.200000762939453,22.8344783782959,10901500,NTAP
2007-06-05,31.100000381469727,31.760000228881836,30.84000015258789,31.75,23.237018585205078,9897900,NTAP
2007-06-06,31.5,31.68000030517578,31.049999237060547,31.25,22.871076583862305,7495800,NTAP
2007-06-07,31.049999237060547,31.1299991607666,30.5,30.540000915527344,22.351442337036133,8307700,NTAP
2007-06-08,30.5,31.75,30.459999084472656,31.469999313354492,23.032089233398438,7971900,NTAP
2007-06-11,31.280000686645508,31.600000381469727,30.959999084472656,31.229999542236328,22.856443405151367,4334600,NTAP
2007-06-12,31.0,31.06999969482422,30.549999237060547,30.579999923706055,22.380722045898438,6137400,NTAP
2007-06-13,30.81999969482422,30.969999313354492,30.399999618530273,30.860000610351562,22.58564567565918,6543700,NTAP
2007-06-14,30.809999465942383,31.6200008392334,30.639999389648438,31.209999084472656,22.841800689697266,5700400,NTAP
2007-06-15,31.610000610351562,31.950000762939453,31.1299991607666,31.889999389648438,23.339475631713867,6619200,NTAP
2007-06-18,31.829999923706055,32.130001068115234,31.6200008392334,31.90999984741211,23.35411262512207,8854600,NTAP
2007-06-19,31.959999084472656,33.84000015258789,31.90999984741211,33.209999084472656,24.305551528930664,13223000,NTAP
2007-06-20,33.25,33.59000015258789,32.0099983215332,32.029998779296875,23.441932678222656,10518400,NTAP
2007-06-21,32.119998931884766,32.43000030517578,31.149999618530273,32.400001525878906,23.712736129760742,12810100,NTAP
2007-06-22,32.189998626708984,32.189998626708984,31.110000610351562,31.200000762939453,22.8344783782959,8750800,NTAP
2007-06-25,31.1299991607666,31.68000030517578,31.0,31.280000686645508,22.89303207397461,6705400,NTAP
2007-06-26,31.540000915527344,31.600000381469727,30.770000457763672,30.979999542236328,22.673463821411133,6507600,NTAP
2007-06-27,30.600000381469727,31.600000381469727,30.540000915527344,31.530000686645508,23.07600212097168,5264300,NTAP
2007-06-28,30.3799991607666,30.700000762939453,30.1200008392334,30.25,22.139209747314453,14875900,NTAP
2007-06-29,29.979999542236328,30.270000457763672,29.020000457763672,29.190000534057617,21.36341667175293,15211600,NTAP
2007-07-02,29.5,29.5,28.760000228881836,28.90999984741211,21.158491134643555,11028700,NTAP
2007-07-03,29.040000915527344,29.059999465942383,28.5,28.68000030517578,20.99015998840332,5972700,NTAP
2007-07-05,28.829999923706055,29.260000228881836,28.68000030517578,28.979999542236328,21.209718704223633,9471900,NTAP
2007-07-06,29.229999542236328,29.950000762939453,28.940000534057617,29.6200008392334,21.678119659423828,11251100,NTAP
2007-07-09,29.6200008392334,29.6299991607666,29.260000228881836,29.309999465942383,21.451242446899414,7693200,NTAP
2007-07-10,29.110000610351562,30.219999313354492,29.040000915527344,29.579999923706055,21.648841857910156,11835200,NTAP
2007-07-11,29.610000610351562,30.0,29.200000762939453,29.25,21.40732765197754,7644200,NTAP
2007-07-12,29.40999984741211,30.030000686645508,29.25,30.0,21.956226348876953,6963900,NTAP
2007-07-13,30.0,30.020000457763672,29.5,29.860000610351562,21.85376739501953,5830900,NTAP
2007-07-16,29.889999389648438,30.0,29.43000030517578,29.479999542236328,21.57565689086914,5131100,NTAP
2007-07-17,29.690000534057617,30.799999237060547,29.579999923706055,30.420000076293945,22.263626098632812,10753900,NTAP
2007-07-18,30.600000381469727,31.469999313354492,30.280000686645508,31.229999542236328,22.856443405151367,11460200,NTAP
2007-07-19,31.530000686645508,32.84000015258789,31.5,32.65999984741211,23.903017044067383,13585400,NTAP
2007-07-20,32.689998626708984,32.689998626708984,31.760000228881836,31.84000015258789,23.302881240844727,8592800,NTAP
2007-07-23,32.13999938964844,32.15999984741211,31.25,31.389999389648438,22.973539352416992,6287700,NTAP
2007-07-24,31.3700008392334,31.6299991607666,30.760000228881836,30.850000381469727,22.578319549560547,7190300,NTAP
2007-07-25,31.049999237060547,31.3799991607666,30.329999923706055,31.09000015258789,22.75397491455078,9671400,NTAP
2007-07-26,30.31999969482422,30.8799991607666,29.520000457763672,30.350000381469727,22.212398529052734,9994000,NTAP
2007-07-27,30.31999969482422,30.360000610351562,29.139999389648438,29.239999771118164,21.400009155273438,10938000,NTAP
2007-07-30,29.100000381469727,30.25,29.0,29.920000076293945,21.897687911987305,7831800,NTAP
2007-07-31,29.90999984741211,30.030000686645508,28.25,28.34000015258789,20.74131965637207,13345700,NTAP
2007-08-01,28.34000015258789,29.399999618530273,27.889999389648438,29.09000015258789,21.290225982666016,10255300,NTAP
2007-08-02,29.15999984741211,29.270000457763672,28.309999465942383,28.709999084472656,21.012117385864258,18347500,NTAP
2007-08-03,24.56999969482422,24.780000686645508,22.6299991607666,22.969999313354492,16.811161041259766,47630600,NTAP
2007-08-06,23.059999465942383,23.3799991607666,22.510000228881836,23.18000030517578,16.96485137939453,14588000,NTAP
2007-08-07,23.229999542236328,24.690000534057617,22.899999618530273,24.6299991607666,18.026073455810547,11274100,NTAP
2007-08-08,24.829999923706055,25.43000030517578,24.049999237060547,24.540000915527344,17.9601993560791,13614800,NTAP
2007-08-09,24.040000915527344,24.950000762939453,23.299999237060547,23.399999618530273,17.125864028930664,10770600,NTAP
2007-08-10,23.239999771118164,24.100000381469727,23.100000381469727,23.459999084472656,17.169775009155273,14078600,NTAP
2007-08-13,23.549999237060547,24.440000534057617,23.18000030517578,24.149999618530273,17.674766540527344,9510600,NTAP
2007-08-14,24.1200008392334,24.25,23.200000762939453,23.43000030517578,17.147817611694336,5155000,NTAP
2007-08-15,23.950000762939453,24.75,23.510000228881836,24.15999984741211,17.68208885192871,13436800,NTAP
2007-08-16,26.0,26.450000762939453,24.760000228881836,25.270000457763672,18.494470596313477,27223500,NTAP
2007-08-17,25.84000015258789,26.3799991607666,25.389999389648438,25.979999542236328,19.01409912109375,13344800,NTAP
2007-08-20,25.75,26.209999084472656,25.190000534057617,25.6200008392334,18.750621795654297,7336600,NTAP
2007-08-21,25.329999923706055,26.079999923706055,25.280000686645508,25.989999771118164,19.02141761779785,7297500,NTAP
2007-08-22,26.299999237060547,27.719999313354492,26.200000762939453,27.450000762939453,20.089963912963867,17158700,NTAP
2007-08-23,27.610000610351562,27.700000762939453,26.790000915527344,27.34000015258789,20.00944709777832,6299200,NTAP
2007-08-24,27.219999313354492,28.200000762939453,27.219999313354492,28.09000015258789,20.558353424072266,6124200,NTAP
2007-08-27,28.100000381469727,28.65999984741211,27.739999771118164,28.399999618530273,20.785236358642578,7381300,NTAP
2007-08-28,28.100000381469727,28.489999771118164,27.59000015258789,27.690000534057617,20.265605926513672,6721700,NTAP
2007-08-29,28.010000228881836,28.450000762939453,27.59000015258789,28.389999389648438,20.777912139892578,4554000,NTAP
2007-08-30,28.290000915527344,28.579999923706055,27.920000076293945,28.170000076293945,20.616901397705078,4370300,NTAP
2007-08-31,28.329999923706055,28.440000534057617,27.68000030517578,27.860000610351562,20.3900203704834,5893000,NTAP
2007-09-04,27.65999984741211,28.5,27.65999984741211,28.219999313354492,20.653505325317383,5055300,NTAP
2007-09-05,28.200000762939453,28.31999969482422,27.75,28.219999313354492,20.653505325317383,5183500,NTAP
2007-09-06,28.31999969482422,28.780000686645508,28.020000457763672,28.270000457763672,20.690095901489258,5980300,NTAP
2007-09-07,27.950000762939453,27.989999771118164,26.75,27.1200008392334,19.84843635559082,5874800,NTAP
2007-09-10,27.299999237060547,27.549999237060547,26.6200008392334,27.139999389648438,19.86307144165039,4645900,NTAP
2007-09-11,27.200000762939453,27.979999542236328,27.18000030517578,27.75,20.30951690673828,4665900,NTAP
2007-09-12,27.559999465942383,27.690000534057617,26.75,27.040000915527344,19.789886474609375,5361700,NTAP
2007-09-13,27.360000610351562,27.489999771118164,26.889999389648438,27.31999969482422,19.99480628967285,4015200,NTAP
2007-09-14,27.040000915527344,27.100000381469727,26.770000457763672,26.979999542236328,19.7459774017334,6024600,NTAP
2007-09-17,26.809999465942383,26.989999771118164,26.5,26.65999984741211,19.51177215576172,6624700,NTAP
2007-09-18,26.770000457763672,27.450000762939453,26.270000457763672,27.40999984741211,20.06068229675293,8117700,NTAP
2007-09-19,27.280000686645508,27.579999923706055,26.920000076293945,27.020000457763672,19.77524757385254,7866300,NTAP
2007-09-20,26.860000610351562,27.239999771118164,26.670000076293945,26.75,19.577640533447266,7580600,NTAP
2007-09-21,27.139999389648438,27.190000534057617,26.530000686645508,26.940000534057617,19.716697692871094,8375300,NTAP
2007-09-24,27.010000228881836,27.75,26.940000534057617,27.270000457763672,19.958219528198242,6419600,NTAP
2007-09-25,27.020000457763672,27.309999465942383,26.780000686645508,26.899999618530273,19.68741798400879,6685000,NTAP
2007-09-26,27.0,27.239999771118164,26.639999389648438,27.1299991607666,19.855749130249023,6934500,NTAP
2007-09-27,27.200000762939453,28.059999465942383,26.8700008392334,27.6200008392334,20.214370727539062,8894600,NTAP
2007-09-28,27.510000228881836,27.610000610351562,26.719999313354492,26.90999984741211,19.69474220275879,9179700,NTAP
2007-10-01,27.049999237060547,27.100000381469727,26.479999542236328,26.709999084472656,19.548362731933594,7427100,NTAP
2007-10-02,26.520000457763672,26.709999084472656,26.290000915527344,26.3799991607666,19.30684471130371,8764700,NTAP
2007-10-03,26.139999389648438,27.0,26.100000381469727,26.329999923706055,19.2702579498291,12076400,NTAP
2007-10-04,26.049999237060547,26.229999542236328,25.389999389648438,25.90999984741211,18.962867736816406,17169700,NTAP
2007-10-05,25.959999084472656,26.940000534057617,25.829999923706055,26.690000534057617,19.53372573852539,10746800,NTAP
2007-10-08,26.559999465942383,27.3700008392334,26.40999984741211,27.1200008392334,19.84843635559082,4954200,NTAP
2007-10-09,27.06999969482422,27.610000610351562,26.950000762939453,27.559999465942383,20.17046356201172,6072500,NTAP
2007-10-10,27.469999313354492,28.350000381469727,27.15999984741211,28.18000030517578,20.62421989440918,8034600,NTAP
2007-10-11,28.270000457763672,29.399999618530273,28.270000457763672,28.530000686645508,20.880374908447266,14841700,NTAP
2007-10-12,28.709999084472656,28.969999313354492,28.15999984741211,28.700000762939453,21.00479507446289,6729900,NTAP
2007-10-15,28.760000228881836,29.68000030517578,28.5,29.540000915527344,21.61957359313965,10012900,NTAP
2007-10-16,29.3700008392334,29.969999313354492,28.860000610351562,29.18000030517578,21.356096267700195,9686500,NTAP
2007-10-17,29.68000030517578,29.68000030517578,28.56999969482422,29.600000381469727,21.663484573364258,15628400,NTAP
2007-10-18,29.6200008392334,30.100000381469727,29.350000381469727,29.979999542236328,21.941593170166016,8575300,NTAP
2007-10-19,29.979999542236328,30.0,29.219999313354492,29.3799991607666,21.502471923828125,7060400,NTAP
2007-10-22,29.299999237060547,30.34000015258789,28.559999465942383,30.06999969482422,22.007469177246094,8195800,NTAP
2007-10-23,30.25,32.11000061035156,30.25,32.040000915527344,23.449262619018555,11863000,NTAP
2007-10-24,31.700000762939453,31.739999771118164,30.020000457763672,31.559999465942383,23.097951889038086,10724800,NTAP
2007-10-25,32.04999923706055,32.380001068115234,30.420000076293945,30.579999923706055,22.380722045898438,10451500,NTAP
2007-10-26,31.049999237060547,31.850000381469727,31.0,31.489999771118164,23.04672622680664,8250000,NTAP
2007-10-29,30.90999984741211,31.0,29.920000076293945,30.770000457763672,22.519779205322266,9153200,NTAP
2007-10-30,30.770000457763672,30.979999542236328,30.450000762939453,30.809999465942383,22.549055099487305,4666700,NTAP
2007-10-31,31.290000915527344,31.670000076293945,30.850000381469727,31.489999771118164,23.04672622680664,9007800,NTAP
2007-11-01,31.149999618530273,32.08000183105469,30.760000228881836,30.850000381469727,22.578319549560547,7424400,NTAP
2007-11-02,31.239999771118164,31.280000686645508,29.549999237060547,30.139999389648438,22.058691024780273,11538300,NTAP
2007-11-05,29.540000915527344,30.06999969482422,29.100000381469727,29.709999084472656,21.743989944458008,5811000,NTAP
2007-11-06,29.860000610351562,30.280000686645508,29.709999084472656,29.979999542236328,21.941593170166016,3989000,NTAP
2007-11-07,29.56999969482422,29.690000534057617,29.079999923706055,29.139999389648438,21.326818466186523,9278700,NTAP
2007-11-08,28.8799991607666,28.90999984741211,26.43000030517578,27.540000915527344,20.155824661254883,19564800,NTAP
2007-11-09,27.0,27.290000915527344,26.6299991607666,26.8799991607666,19.672788619995117,15927500,NTAP
2007-11-12,26.700000762939453,26.989999771118164,25.899999618530273,26.110000610351562,19.109237670898438,8212900,NTAP
2007-11-13,26.420000076293945,26.989999771118164,26.110000610351562,26.950000762939453,19.72402000427246,12804700,NTAP
2007-11-14,27.25,27.709999084472656,26.3700008392334,26.610000610351562,19.475183486938477,18674000,NTAP
2007-11-15,26.6299991607666,26.940000534057617,25.739999771118164,26.200000762939453,19.17511749267578,23143300,NTAP
2007-11-16,26.200000762939453,26.200000762939453,24.700000762939453,25.920000076293945,18.970184326171875,15039700,NTAP
2007-11-19,25.760000228881836,26.239999771118164,25.239999771118164,25.469999313354492,18.640832901000977,8836000,NTAP
2007-11-20,25.520000457763672,26.270000457763672,24.6200008392334,24.899999618530273,18.223676681518555,12206400,NTAP
2007-11-21,24.59000015258789,24.899999618530273,23.8799991607666,24.440000534057617,17.887012481689453,6267400,NTAP
2007-11-23,24.65999984741211,24.809999465942383,24.34000015258789,24.809999465942383,18.15780258178711,1789400,NTAP
2007-11-26,24.649999618530273,24.780000686645508,23.860000610351562,23.899999618530273,17.49179458618164,6070800,NTAP
2007-11-27,24.06999969482422,24.770000457763672,23.950000762939453,24.15999984741211,17.68208885192871,6414800,NTAP
2007-11-28,24.549999237060547,25.639999389648438,24.34000015258789,25.43000030517578,18.611568450927734,8786300,NTAP
2007-11-29,25.299999237060547,25.469999313354492,24.8700008392334,25.149999618530273,18.406641006469727,4011200,NTAP
2007-11-30,25.350000381469727,25.489999771118164,24.43000030517578,24.709999084472656,18.084617614746094,6219600,NTAP
2007-12-03,24.549999237060547,25.0,24.489999771118164,24.670000076293945,18.05535125732422,3771500,NTAP
2007-12-04,24.299999237060547,24.889999389648438,24.15999984741211,24.760000228881836,18.121213912963867,5360300,NTAP
2007-12-05,24.950000762939453,26.010000228881836,24.84000015258789,25.290000915527344,18.50910758972168,6629600,NTAP
2007-12-06,25.200000762939453,26.170000076293945,25.200000762939453,26.06999969482422,19.079965591430664,5136400,NTAP
2007-12-07,26.170000076293945,26.65999984741211,26.170000076293945,26.510000228881836,19.40199089050293,5944900,NTAP
2007-12-10,26.690000534057617,27.030000686645508,26.030000686645508,27.020000457763672,19.77524757385254,5447600,NTAP
2007-12-11,26.950000762939453,27.450000762939453,26.31999969482422,26.31999969482422,19.26292610168457,8372800,NTAP
2007-12-12,27.100000381469727,27.260000228881836,25.899999618530273,26.479999542236328,19.380037307739258,6884900,NTAP
2007-12-13,26.420000076293945,26.700000762939453,25.93000030517578,26.219999313354492,19.189743041992188,4161700,NTAP
2007-12-14,26.040000915527344,26.040000915527344,25.5,25.56999969482422,18.714035034179688,4394200,NTAP
2007-12-17,25.399999618530273,25.670000076293945,25.290000915527344,25.309999465942383,18.52374267578125,5035300,NTAP
2007-12-18,25.600000381469727,25.719999313354492,24.760000228881836,25.239999771118164,18.472511291503906,3349900,NTAP
2007-12-19,25.15999984741211,25.3700008392334,24.68000030517578,24.90999984741211,18.230995178222656,4268300,NTAP
2007-12-20,25.200000762939453,25.229999542236328,24.760000228881836,25.030000686645508,18.318819046020508,4778300,NTAP
2007-12-21,25.239999771118164,25.639999389648438,25.0,25.639999389648438,18.7652645111084,8673100,NTAP
2007-12-24,25.610000610351562,26.299999237060547,25.559999465942383,25.770000457763672,18.86040496826172,1232100,NTAP
2007-12-26,25.600000381469727,25.760000228881836,25.559999465942383,25.690000534057617,18.80185890197754,2325300,NTAP
2007-12-27,25.5,25.6200008392334,25.200000762939453,25.31999969482422,18.53106117248535,2801600,NTAP
2007-12-28,25.6200008392334,25.6200008392334,24.860000610351562,25.31999969482422,18.53106117248535,3220200,NTAP
2007-12-31,25.139999389648438,25.190000534057617,24.65999984741211,24.959999084472656,18.267581939697266,4771200,NTAP
2008-01-02,25.110000610351562,25.219999313354492,24.299999237060547,24.6200008392334,18.01875114440918,9882700,NTAP
2008-01-03,24.6299991607666,25.3700008392334,24.6200008392334,25.049999237060547,18.333454132080078,8442500,NTAP
2008-01-04,25.270000457763672,25.270000457763672,24.34000015258789,24.389999389648438,17.850418090820312,9930600,NTAP
2008-01-07,23.809999465942383,24.0,22.5,22.90999984741211,16.767248153686523,11762100,NTAP
2008-01-08,22.889999389648438,23.360000610351562,22.239999771118164,22.280000686645508,16.306161880493164,7055100,NTAP
2008-01-09,22.25,23.399999618530273,22.25,22.920000076293945,16.77456283569336,9415500,NTAP
2008-01-10,22.790000915527344,23.229999542236328,22.43000030517578,22.860000610351562,16.73064613342285,6731600,NTAP
2008-01-11,22.610000610351562,23.440000534057617,22.610000610351562,22.8799991607666,16.745288848876953,7483300,NTAP
2008-01-14,23.459999084472656,23.790000915527344,23.010000228881836,23.489999771118164,17.191726684570312,5393700,NTAP
2008-01-15,22.889999389648438,23.389999389648438,22.440000534057617,22.559999465942383,16.511093139648438,5937600,NTAP
2008-01-16,22.399999618530273,22.959999084472656,22.190000534057617,22.200000762939453,16.24761390686035,8338700,NTAP
2008-01-17,22.059999465942383,22.829999923706055,21.729999542236328,21.940000534057617,16.057321548461914,8165200,NTAP
2008-01-18,21.700000762939453,22.5,21.700000762939453,22.049999237060547,16.137832641601562,7052200,NTAP
2008-01-22,20.790000915527344,21.579999923706055,20.610000610351562,21.139999389648438,15.47182846069336,8411700,NTAP
2008-01-23,20.299999237060547,21.139999389648438,19.579999923706055,20.3799991607666,14.91559886932373,14706900,NTAP
2008-01-24,20.270000457763672,22.670000076293945,20.270000457763672,22.200000762939453,16.24761390686035,9940100,NTAP
2008-01-25,22.860000610351562,23.25,22.040000915527344,22.229999542236328,16.269567489624023,7150500,NTAP
2008-01-28,22.350000381469727,23.06999969482422,22.06999969482422,22.829999923706055,16.708698272705078,6902200,NTAP
2008-01-29,23.059999465942383,23.229999542236328,22.549999237060547,23.030000686645508,16.855070114135742,5370000,NTAP
2008-01-30,23.0,23.889999389648438,22.790000915527344,23.219999313354492,16.994123458862305,5359600,NTAP
2008-01-31,22.90999984741211,23.719999313354492,22.799999237060547,23.219999313354492,16.994123458862305,6792600,NTAP
2008-02-01,23.3700008392334,23.93000030517578,22.950000762939453,23.780000686645508,17.403982162475586,5708500,NTAP
2008-02-04,24.0,24.030000686645508,23.299999237060547,23.510000228881836,17.206369400024414,4622300,NTAP
2008-02-05,22.780000686645508,23.110000610351562,22.469999313354492,22.520000457763672,16.4818115234375,5007700,NTAP
2008-02-06,22.709999084472656,22.770000457763672,21.549999237060547,21.610000610351562,15.815802574157715,5590500,NTAP
2008-02-07,21.510000228881836,22.260000228881836,20.100000381469727,21.84000015258789,15.984140396118164,9878500,NTAP
2008-02-08,21.700000762939453,22.709999084472656,21.6299991607666,22.469999313354492,16.44522476196289,6967300,NTAP
2008-02-11,22.399999618530273,22.690000534057617,21.979999542236328,22.190000534057617,16.24028968811035,5974000,NTAP
2008-02-12,22.40999984741211,22.40999984741211,21.309999465942383,21.530000686645508,15.757253646850586,8367200,NTAP
2008-02-13,22.190000534057617,23.389999389648438,21.809999465942383,23.040000915527344,16.862388610839844,12040900,NTAP
2008-02-14,22.649999618530273,22.65999984741211,21.6200008392334,21.690000534057617,15.874356269836426,15753300,NTAP
2008-02-15,21.6299991607666,21.770000457763672,21.110000610351562,21.399999618530273,15.66211223602295,6203600,NTAP
2008-02-19,21.739999771118164,22.149999618530273,21.290000915527344,21.309999465942383,15.596247673034668,6372200,NTAP
2008-02-20,21.290000915527344,21.6299991607666,21.280000686645508,21.440000534057617,15.69139289855957,6377300,NTAP
2008-02-21,21.59000015258789,22.059999465942383,21.440000534057617,21.510000228881836,15.742622375488281,6074600,NTAP
2008-02-22,21.65999984741211,22.100000381469727,21.43000030517578,22.100000381469727,16.174428939819336,5132400,NTAP
2008-02-25,22.09000015258789,23.09000015258789,22.049999237060547,22.8799991607666,16.745288848876953,10345200,NTAP
2008-02-26,22.8700008392334,23.540000915527344,22.520000457763672,23.1299991607666,16.92825698852539,5929600,NTAP
2008-02-27,22.959999084472656,24.0,22.8700008392334,23.6299991607666,17.294187545776367,6346400,NTAP
2008-02-28,23.559999465942383,23.559999465942383,22.489999771118164,22.579999923706055,16.525720596313477,9567400,NTAP
2008-02-29,22.190000534057617,22.239999771118164,21.3700008392334,21.6200008392334,15.823122024536133,9589000,NTAP
2008-03-03,21.610000610351562,22.959999084472656,21.610000610351562,22.520000457763672,16.4818115234375,9065100,NTAP
2008-03-04,22.0,22.549999237060547,21.93000030517578,22.520000457763672,16.4818115234375,9247200,NTAP
2008-03-05,22.600000381469727,23.0,22.5,22.979999542236328,16.81847381591797,8306500,NTAP
2008-03-06,23.0,23.15999984741211,22.34000015258789,22.43000030517578,16.41594123840332,8505900,NTAP
2008-03-07,22.299999237060547,23.34000015258789,22.049999237060547,22.5,16.467174530029297,7876600,NTAP
2008-03-10,22.600000381469727,22.719999313354492,21.309999465942383,21.5,15.735298156738281,10076900,NTAP
2008-03-11,21.899999618530273,22.239999771118164,21.149999618530273,22.200000762939453,16.24761390686035,13039700,NTAP
2008-03-12,21.809999465942383,22.270000457763672,21.299999237060547,21.360000610351562,15.632842063903809,10916700,NTAP
2008-03-13,21.329999923706055,21.8700008392334,20.149999618530273,21.719999313354492,15.896313667297363,10636500,NTAP
2008-03-14,21.8799991607666,22.18000030517578,20.84000015258789,21.079999923706055,15.42791748046875,9838200,NTAP
2008-03-17,20.90999984741211,21.09000015258789,20.3700008392334,20.700000762939453,15.149806022644043,7497800,NTAP
2008-03-18,20.979999542236328,21.209999084472656,20.1200008392334,20.84000015258789,15.252256393432617,8703300,NTAP
2008-03-19,21.0,21.09000015258789,19.450000762939453,19.489999771118164,14.264229774475098,14541300,NTAP
2008-03-20,19.549999237060547,19.75,19.0,19.75,14.454516410827637,12925400,NTAP
2008-03-24,19.770000457763672,20.940000534057617,19.760000228881836,20.899999618530273,15.296180725097656,10619400,NTAP
2008-03-25,20.8700008392334,21.489999771118164,20.799999237060547,20.950000762939453,15.33277416229248,6187600,NTAP
2008-03-26,20.809999465942383,20.90999984741211,20.540000915527344,20.719999313354492,15.164437294006348,4130600,NTAP
2008-03-27,20.559999465942383,20.559999465942383,19.899999618530273,20.110000610351562,14.717996597290039,9763800,NTAP
2008-03-28,20.299999237060547,20.600000381469727,20.049999237060547,20.1200008392334,14.725317001342773,5357700,NTAP
2008-03-31,19.8700008392334,20.40999984741211,19.809999465942383,20.049999237060547,14.674079895019531,5351600,NTAP
2008-04-01,20.3700008392334,21.079999923706055,20.25,20.899999618530273,15.296180725097656,5557400,NTAP
2008-04-02,21.0,21.889999389648438,20.729999542236328,21.6299991607666,15.830445289611816,8247600,NTAP
2008-04-03,21.559999465942383,22.200000762939453,21.479999542236328,22.010000228881836,16.10855484008789,6182900,NTAP
2008-04-04,22.110000610351562,22.950000762939453,21.489999771118164,22.43000030517578,16.41594123840332,13052500,NTAP
2008-04-07,22.5,22.56999969482422,21.729999542236328,22.260000228881836,16.291526794433594,7032400,NTAP
2008-04-08,22.100000381469727,22.309999465942383,21.600000381469727,21.649999618530273,15.845081329345703,5782800,NTAP
2008-04-09,21.389999389648438,21.65999984741211,21.059999465942383,21.200000762939453,15.515740394592285,7581400,NTAP
2008-04-10,21.350000381469727,22.25,21.18000030517578,21.959999084472656,16.07196617126465,6766900,NTAP
2008-04-11,21.860000610351562,22.219999313354492,21.510000228881836,21.700000762939453,15.881672859191895,5545300,NTAP
2008-04-14,21.610000610351562,22.110000610351562,21.489999771118164,21.75,15.9182710647583,4391800,NTAP
2008-04-15,21.700000762939453,21.75,21.139999389648438,21.360000610351562,15.632842063903809,7377100,NTAP
2008-04-16,21.56999969482422,21.8799991607666,21.139999389648438,21.81999969482422,15.969497680664062,6968300,NTAP
2008-04-17,21.969999313354492,22.110000610351562,21.670000076293945,21.90999984741211,16.035371780395508,3886900,NTAP
2008-04-18,22.440000534057617,23.15999984741211,22.260000228881836,22.889999389648438,16.75260353088379,10127500,NTAP
2008-04-21,22.780000686645508,23.3799991607666,22.610000610351562,23.239999771118164,17.008769989013672,8227500,NTAP
2008-04-22,23.139999389648438,23.170000076293945,21.989999771118164,22.15999984741211,16.218339920043945,7800600,NTAP
2008-04-23,22.549999237060547,23.079999923706055,22.139999389648438,23.06999969482422,16.884340286254883,11252500,NTAP
2008-04-24,23.059999465942383,23.84000015258789,22.690000534057617,23.520000457763672,17.213682174682617,9129500,NTAP
2008-04-25,23.5,23.700000762939453,22.969999313354492,23.440000534057617,17.15513801574707,6276500,NTAP
2008-04-28,23.5,23.90999984741211,23.309999465942383,23.670000076293945,17.323461532592773,6448100,NTAP
2008-04-29,23.510000228881836,24.06999969482422,23.360000610351562,24.059999465942383,17.608901977539062,6446600,NTAP
2008-04-30,23.950000762939453,24.579999923706055,23.93000030517578,24.200000762939453,17.71135902404785,12583300,NTAP
2008-05-01,24.3799991607666,25.020000457763672,24.25,24.969999313354492,18.2749080657959,13662900,NTAP
2008-05-02,25.239999771118164,25.34000015258789,24.5,24.8700008392334,18.20171546936035,6530100,NTAP
2008-05-05,24.950000762939453,25.360000610351562,24.75,25.270000457763672,18.494470596313477,6807300,NTAP
2008-05-06,25.079999923706055,25.969999313354492,25.020000457763672,25.719999313354492,18.82381248474121,7528100,NTAP
2008-05-07,25.559999465942383,25.979999542236328,25.209999084472656,25.34000015258789,18.545696258544922,6373200,NTAP
2008-05-08,25.649999618530273,26.469999313354492,25.540000915527344,26.030000686645508,19.050695419311523,9047100,NTAP
2008-05-09,25.93000030517578,26.549999237060547,25.799999237060547,26.299999237060547,19.248302459716797,6373500,NTAP
2008-05-12,26.290000915527344,26.43000030517578,25.290000915527344,25.649999618530273,18.7725772857666,8394900,NTAP
2008-05-13,25.690000534057617,25.8700008392334,24.979999542236328,25.81999969482422,18.896995544433594,8781600,NTAP
2008-05-14,25.90999984741211,26.920000076293945,25.81999969482422,26.579999923706055,19.45322608947754,9923000,NTAP
2008-05-15,26.65999984741211,27.15999984741211,26.360000610351562,27.1299991607666,19.855749130249023,6115200,NTAP
2008-05-16,27.239999771118164,27.43000030517578,26.799999237060547,27.309999465942383,19.98748779296875,5225900,NTAP
2008-05-19,27.350000381469727,27.489999771118164,26.1200008392334,26.3799991607666,19.30684471130371,7056600,NTAP
2008-05-20,26.190000534057617,26.440000534057617,25.790000915527344,26.329999923706055,19.2702579498291,6231800,NTAP
2008-05-21,26.399999618530273,26.770000457763672,25.540000915527344,25.790000915527344,18.875041961669922,11782800,NTAP
2008-05-22,23.350000381469727,24.860000610351562,23.309999465942383,24.600000381469727,18.004112243652344,22405600,NTAP
2008-05-23,24.309999465942383,24.309999465942383,23.670000076293945,23.770000457763672,17.396657943725586,11697600,NTAP
2008-05-27,23.799999237060547,24.0,23.579999923706055,23.920000076293945,17.50643539428711,7931600,NTAP
2008-05-28,23.959999084472656,24.1200008392334,23.829999923706055,23.989999771118164,17.557666778564453,7254700,NTAP
2008-05-29,23.90999984741211,24.6299991607666,23.850000381469727,24.34000015258789,17.813819885253906,7092300,NTAP
2008-05-30,24.5,24.559999465942383,24.110000610351562,24.3799991607666,17.843095779418945,5261800,NTAP
2008-06-02,24.229999542236328,24.360000610351562,23.479999542236328,23.790000915527344,17.411293029785156,8833400,NTAP
2008-06-03,23.84000015258789,24.610000610351562,23.739999771118164,23.959999084472656,17.535717010498047,9357100,NTAP
2008-06-04,23.479999542236328,24.030000686645508,22.899999618530273,23.59000015258789,17.26491355895996,13850300,NTAP
2008-06-05,23.639999389648438,24.399999618530273,23.59000015258789,24.1200008392334,17.652814865112305,41274800,NTAP
2008-06-06,23.969999313354492,24.350000381469727,23.6299991607666,23.739999771118164,17.374704360961914,8049100,NTAP
2008-06-09,23.780000686645508,24.06999969482422,23.389999389648438,23.989999771118164,17.557666778564453,7072300,NTAP
2008-06-10,23.75,23.979999542236328,23.469999313354492,23.530000686645508,17.221006393432617,7584800,NTAP
2008-06-11,23.600000381469727,23.649999618530273,23.0,23.010000228881836,16.840431213378906,6635800,NTAP
2008-06-12,23.110000610351562,23.530000686645508,23.010000228881836,23.459999084472656,17.169775009155273,9454800,NTAP
2008-06-13,23.68000030517578,24.1200008392334,23.459999084472656,24.1200008392334,17.652814865112305,7854800,NTAP
2008-06-16,23.790000915527344,24.190000534057617,23.729999542236328,23.809999465942383,17.425928115844727,10178900,NTAP
2008-06-17,24.049999237060547,24.149999618530273,23.799999237060547,23.989999771118164,17.557666778564453,6260500,NTAP
2008-06-18,23.739999771118164,23.90999984741211,23.40999984741211,23.65999984741211,17.316146850585938,6663400,NTAP
2008-06-19,23.780000686645508,23.989999771118164,23.260000228881836,23.950000762939453,17.528392791748047,7138500,NTAP
2008-06-20,23.709999084472656,23.860000610351562,23.200000762939453,23.299999237060547,17.05267333984375,6007100,NTAP
2008-06-23,23.309999465942383,23.559999465942383,22.75,22.8799991607666,16.745288848876953,7002400,NTAP
2008-06-24,22.860000610351562,23.270000457763672,22.530000686645508,22.989999771118164,16.82579231262207,6071300,NTAP
2008-06-25,23.059999465942383,23.270000457763672,22.729999542236328,22.90999984741211,16.767248153686523,7906000,NTAP
2008-06-26,22.700000762939453,22.8700008392334,21.979999542236328,22.110000610351562,16.181751251220703,6956700,NTAP
2008-06-27,22.09000015258789,22.329999923706055,21.760000228881836,22.110000610351562,16.181751251220703,9673000,NTAP
2008-06-30,21.93000030517578,22.219999313354492,21.559999465942383,21.65999984741211,15.852394104003906,7885500,NTAP
2008-07-01,21.520000457763672,22.079999923706055,21.31999969482422,22.079999923706055,16.1597900390625,7778600,NTAP
2008-07-02,22.06999969482422,22.31999969482422,21.760000228881836,21.989999771118164,16.09391975402832,7164900,NTAP
2008-07-03,21.8700008392334,22.280000686645508,21.700000762939453,21.940000534057617,16.057321548461914,4624700,NTAP
2008-07-07,22.899999618530273,23.440000534057617,22.540000915527344,23.149999618530273,16.942888259887695,15371600,NTAP
2008-07-08,23.0,23.549999237060547,22.610000610351562,23.549999237060547,17.235639572143555,10951600,NTAP
2008-07-09,23.549999237060547,23.81999969482422,22.489999771118164,22.520000457763672,16.4818115234375,13535800,NTAP
2008-07-10,22.520000457763672,22.780000686645508,21.639999389648438,22.059999465942383,16.14514923095703,12661700,NTAP
2008-07-11,22.030000686645508,22.3700008392334,21.530000686645508,21.940000534057617,16.057321548461914,6154500,NTAP
2008-07-14,22.5,22.5,21.649999618530273,21.8799991607666,16.013410568237305,6531800,NTAP
2008-07-15,21.739999771118164,22.520000457763672,21.540000915527344,22.06999969482422,16.152469635009766,9164400,NTAP
2008-07-16,22.270000457763672,22.709999084472656,21.81999969482422,22.639999389648438,16.56963348388672,6362100,NTAP
2008-07-17,22.670000076293945,23.510000228881836,22.549999237060547,23.239999771118164,17.008769989013672,9264900,NTAP
2008-07-18,23.040000915527344,23.719999313354492,22.889999389648438,23.190000534057617,16.97216796875,7728600,NTAP
2008-07-21,23.239999771118164,23.59000015258789,22.8700008392334,22.989999771118164,16.82579231262207,4909200,NTAP
2008-07-22,23.15999984741211,23.559999465942383,22.68000030517578,23.549999237060547,17.235639572143555,4695400,NTAP
2008-07-23,23.579999923706055,24.670000076293945,23.5,24.450000762939453,17.894332885742188,7578100,NTAP
2008-07-24,24.190000534057617,24.350000381469727,23.690000534057617,23.690000534057617,17.338109970092773,5432300,NTAP
2008-07-25,23.920000076293945,24.729999542236328,23.6299991607666,24.600000381469727,18.004112243652344,5783600,NTAP
2008-07-28,25.059999465942383,25.25,24.5,24.56999969482422,17.982154846191406,5957100,NTAP
2008-07-29,24.790000915527344,25.739999771118164,24.579999923706055,25.559999465942383,18.706714630126953,9681800,NTAP
2008-07-30,25.479999542236328,25.989999771118164,25.1200008392334,25.260000228881836,18.48714828491211,7719300,NTAP
2008-07-31,25.260000228881836,25.93000030517578,25.0,25.549999237060547,18.69939422607422,7054600,NTAP
2008-08-01,25.459999084472656,25.549999237060547,24.649999618530273,25.25,18.479833602905273,4612300,NTAP
2008-08-04,25.920000076293945,26.0,25.40999984741211,25.559999465942383,18.706714630126953,7888300,NTAP
2008-08-05,25.920000076293945,26.040000915527344,25.540000915527344,25.959999084472656,18.999462127685547,6900500,NTAP
2008-08-06,25.8799991607666,26.149999618530273,25.31999969482422,25.979999542236328,19.01409912109375,6331600,NTAP
2008-08-07,25.75,26.40999984741211,25.43000030517578,26.040000915527344,19.058006286621094,6661600,NTAP
2008-08-08,25.979999542236328,26.5,25.950000762939453,26.309999465942383,19.255617141723633,5455400,NTAP
2008-08-11,26.209999084472656,26.780000686645508,25.90999984741211,26.420000076293945,19.336124420166016,7216500,NTAP
2008-08-12,26.5,26.65999984741211,26.170000076293945,26.309999465942383,19.255617141723633,5563200,NTAP
2008-08-13,26.030000686645508,26.15999984741211,25.399999618530273,25.690000534057617,18.80185890197754,10589300,NTAP
2008-08-14,24.31999969482422,25.229999542236328,24.31999969482422,24.639999389648438,18.03338623046875,17729900,NTAP
2008-08-15,24.84000015258789,24.90999984741211,24.31999969482422,24.68000030517578,18.062664031982422,10946700,NTAP
2008-08-18,24.799999237060547,24.940000534057617,24.3799991607666,24.420000076293945,17.87237548828125,10877300,NTAP
2008-08-19,24.649999618530273,24.65999984741211,24.15999984741211,24.309999465942383,17.791868209838867,10211800,NTAP
2008-08-20,24.270000457763672,24.489999771118164,23.8799991607666,23.979999542236328,17.550350189208984,10319400,NTAP
2008-08-21,23.84000015258789,24.149999618530273,23.690000534057617,24.010000228881836,17.57231330871582,7996800,NTAP
2008-08-22,24.100000381469727,24.239999771118164,23.84000015258789,24.100000381469727,17.63817596435547,13156500,NTAP
2008-08-25,23.920000076293945,24.59000015258789,23.739999771118164,24.040000915527344,17.594266891479492,6077500,NTAP
2008-08-26,23.979999542236328,24.270000457763672,23.8700008392334,24.079999923706055,17.6235408782959,4732800,NTAP
2008-08-27,24.020000457763672,25.649999618530273,24.020000457763672,25.549999237060547,18.69939422607422,12234400,NTAP
2008-08-28,25.700000762939453,26.020000457763672,25.389999389648438,25.510000228881836,18.67011833190918,6803400,NTAP
2008-08-29,25.299999237060547,25.549999237060547,25.0,25.479999542236328,18.648160934448242,6286800,NTAP
2008-09-02,25.899999618530273,25.93000030517578,24.899999618530273,25.079999923706055,18.355411529541016,5274600,NTAP
2008-09-03,25.100000381469727,25.219999313354492,24.40999984741211,25.139999389648438,18.39931869506836,8663800,NTAP
2008-09-04,24.989999771118164,25.09000015258789,24.389999389648438,24.489999771118164,17.923603057861328,7438800,NTAP
2008-09-05,24.5,24.6299991607666,24.040000915527344,24.399999618530273,17.857738494873047,7119400,NTAP
2008-09-08,24.440000534057617,24.809999465942383,23.81999969482422,24.43000030517578,17.879695892333984,7893000,NTAP
2008-09-09,24.56999969482422,24.610000610351562,23.420000076293945,23.530000686645508,17.221006393432617,8779600,NTAP
2008-09-10,23.770000457763672,24.040000915527344,23.280000686645508,23.84000015258789,17.44788932800293,4952500,NTAP
2008-09-11,23.790000915527344,24.030000686645508,23.3799991607666,23.989999771118164,17.557666778564453,6343800,NTAP
2008-09-12,23.860000610351562,24.479999542236328,23.520000457763672,24.31999969482422,17.799182891845703,6374600,NTAP
2008-09-15,23.75,24.3700008392334,23.25,23.329999923706055,17.074628829956055,6414200,NTAP
2008-09-16,23.81999969482422,23.940000534057617,22.280000686645508,22.790000915527344,16.67942237854004,9416000,NTAP
2008-09-17,22.3799991607666,22.75,21.75,21.799999237060547,15.954863548278809,8005400,NTAP
2008-09-18,21.989999771118164,22.0,19.600000381469727,20.43000030517578,14.95219612121582,20300900,NTAP
2008-09-19,21.56999969482422,21.600000381469727,19.639999389648438,21.1200008392334,15.457191467285156,20919000,NTAP
2008-09-22,20.5,20.6200008392334,18.549999237060547,18.729999542236328,13.708009719848633,14466200,NTAP
2008-09-23,18.65999984741211,19.31999969482422,17.940000534057617,18.1299991607666,13.268880844116211,12834200,NTAP
2008-09-24,18.209999084472656,19.15999984741211,18.200000762939453,18.809999465942383,13.766554832458496,8787600,NTAP
2008-09-25,19.020000457763672,19.420000076293945,18.479999542236328,18.81999969482422,13.77387523651123,7644700,NTAP
2008-09-26,18.270000457763672,18.850000381469727,18.139999389648438,18.799999237060547,13.759241104125977,6349300,NTAP
2008-09-29,18.59000015258789,18.829999923706055,16.8700008392334,16.899999618530273,12.36867904663086,13224300,NTAP
2008-09-30,17.31999969482422,18.260000228881836,17.0,18.229999542236328,13.342071533203125,9449800,NTAP
2008-10-01,18.0,18.139999389648438,17.450000762939453,17.690000534057617,12.946858406066895,5605100,NTAP
2008-10-02,17.530000686645508,17.6299991607666,16.979999542236328,17.030000686645508,12.463823318481445,5684600,NTAP
2008-10-03,17.219999313354492,17.309999465942383,15.9399995803833,16.040000915527344,11.73926830291748,8886600,NTAP
2008-10-06,15.6899995803833,15.779999732971191,13.329999923706055,14.75,10.795147895812988,17984200,NTAP
2008-10-07,14.930000305175781,15.010000228881836,12.789999961853027,12.949999809265137,9.477770805358887,21007400,NTAP
2008-10-08,12.630000114440918,13.619999885559082,12.380000114440918,13.25,9.697338104248047,20456500,NTAP
2008-10-09,13.40999984741211,14.100000381469727,13.25,13.399999618530273,9.807117462158203,14178800,NTAP
2008-10-10,12.9399995803833,14.1899995803833,12.619999885559082,13.25,9.697338104248047,15701700,NTAP
2008-10-13,14.0,14.949999809265137,13.84000015258789,14.920000076293945,10.919565200805664,9038100,NTAP
2008-10-14,15.319999694824219,16.049999237060547,14.210000038146973,14.229999542236328,10.414571762084961,12994500,NTAP
2008-10-15,13.710000038146973,13.720000267028809,12.430000305175781,12.430000305175781,9.097196578979492,12350600,NTAP
2008-10-16,12.350000381469727,13.739999771118164,12.050000190734863,13.579999923706055,9.93885612487793,13955500,NTAP
2008-10-17,13.220000267028809,14.050000190734863,12.8100004196167,13.140000343322754,9.616830825805664,11080800,NTAP
2008-10-20,13.479999542236328,13.989999771118164,12.979999542236328,13.949999809265137,10.20964527130127,8206800,NTAP
2008-10-21,13.8100004196167,13.899999618530273,13.0,13.0,9.514366149902344,6465100,NTAP
2008-10-22,13.0,13.380000114440918,12.609999656677246,13.039999961853027,9.543643951416016,7737100,NTAP
2008-10-23,12.920000076293945,13.100000381469727,11.649999618530273,12.430000305175781,9.097196578979492,12490700,NTAP
2008-10-24,11.510000228881836,12.539999961853027,11.510000228881836,12.199999809265137,8.928869247436523,7083200,NTAP
2008-10-27,12.079999923706055,12.569999694824219,11.520000457763672,11.789999961853027,8.628800392150879,8488600,NTAP
2008-10-28,12.119999885559082,12.970000267028809,11.75,12.899999618530273,9.441181182861328,14608200,NTAP
2008-10-29,12.979999542236328,14.1899995803833,12.649999618530273,13.479999542236328,9.865665435791016,12641400,NTAP
2008-10-30,14.039999961853027,14.170000076293945,13.319999694824219,13.699999809265137,10.026679039001465,10552300,NTAP
2008-10-31,13.739999771118164,13.829999923706055,13.329999923706055,13.529999732971191,9.902259826660156,8715500,NTAP
2008-11-03,13.579999923706055,14.390000343322754,13.399999618530273,14.119999885559082,10.334065437316895,10036600,NTAP
2008-11-04,14.1899995803833,14.270000457763672,13.600000381469727,13.930000305175781,10.1950101852417,8517600,NTAP
2008-11-05,13.770000457763672,14.0600004196167,13.229999542236328,13.279999732971191,9.719290733337402,8019000,NTAP
2008-11-06,13.0600004196167,13.510000228881836,12.359999656677246,12.479999542236328,9.133790969848633,10275900,NTAP
2008-11-07,12.550000190734863,12.890000343322754,12.25,12.800000190734863,9.36799430847168,7222600,NTAP
2008-11-10,13.119999885559082,13.119999885559082,12.229999542236328,12.4399995803833,9.10451889038086,6211600,NTAP
2008-11-11,12.25,12.270000457763672,11.569999694824219,11.680000305175781,8.548294067382812,8214600,NTAP
2008-11-12,11.510000228881836,11.619999885559082,10.390000343322754,10.390000343322754,7.604174613952637,13667500,NTAP
2008-11-13,11.399999618530273,12.140000343322754,10.739999771118164,12.140000343322754,8.884954452514648,17330400,NTAP
2008-11-14,11.8100004196167,12.779999732971191,11.479999542236328,12.300000190734863,9.002056121826172,14731700,NTAP
2008-11-17,12.109999656677246,12.460000038146973,11.84000015258789,12.170000076293945,8.906909942626953,9557000,NTAP
2008-11-18,12.239999771118164,12.989999771118164,12.239999771118164,12.739999771118164,9.324080467224121,11403400,NTAP
2008-11-19,12.739999771118164,12.949999809265137,11.699999809265137,11.720000267028809,8.577569007873535,10055700,NTAP
2008-11-20,11.550000190734863,13.029999732971191,11.270000457763672,12.029999732971191,8.804450988769531,19072500,NTAP
2008-11-21,12.09000015258789,12.529999732971191,11.579999923706055,12.510000228881836,9.155747413635254,13864300,NTAP
2008-11-24,12.630000114440918,13.25,12.25,13.079999923706055,9.572916984558105,13689200,NTAP
2008-11-25,13.199999809265137,13.239999771118164,12.640000343322754,13.029999732971191,9.536325454711914,7313700,NTAP
2008-11-26,12.859999656677246,13.449999809265137,12.829999923706055,13.449999809265137,9.843708992004395,6862600,NTAP
2008-11-28,13.180000305175781,13.5600004196167,13.09000015258789,13.5,9.8803071975708,1901900,NTAP
2008-12-01,13.130000114440918,13.220000267028809,12.199999809265137,12.210000038146973,8.936187744140625,6840800,NTAP
2008-12-02,12.390000343322754,12.920000076293945,12.229999542236328,12.779999732971191,9.353357315063477,8062000,NTAP
2008-12-03,12.4399995803833,13.199999809265137,12.3100004196167,13.180000305175781,9.64610481262207,7057100,NTAP
2008-12-04,12.90999984741211,13.0,11.930000305175781,12.180000305175781,8.914229393005371,6443000,NTAP
2008-12-05,12.020000457763672,12.930000305175781,11.65999984741211,12.869999885559082,9.419224739074707,7276500,NTAP
2008-12-08,12.989999771118164,13.90999984741211,12.859999656677246,13.75,10.063273429870605,10834300,NTAP
2008-12-09,13.699999809265137,14.34000015258789,13.479999542236328,13.869999885559082,10.151098251342773,10173200,NTAP
2008-12-10,13.949999809265137,14.109999656677246,13.699999809265137,14.020000457763672,10.260881423950195,7077000,NTAP
2008-12-11,13.850000381469727,14.239999771118164,13.279999732971191,13.510000228881836,9.88762378692627,6305000,NTAP
2008-12-12,13.489999771118164,13.619999885559082,13.109999656677246,13.539999961853027,9.909578323364258,9070200,NTAP
2008-12-15,13.539999961853027,13.770000457763672,13.09000015258789,13.5600004196167,9.92421817779541,7035900,NTAP
2008-12-16,13.75,14.600000381469727,13.670000076293945,14.4399995803833,10.568264961242676,13451700,NTAP
2008-12-17,14.130000114440918,14.270000457763672,13.550000190734863,13.970000267028809,10.224286079406738,11984400,NTAP
2008-12-18,14.010000228881836,14.050000190734863,13.539999961853027,13.710000038146973,10.033997535705566,10359200,NTAP
2008-12-19,13.829999923706055,14.020000457763672,13.5,13.600000381469727,9.953493118286133,7858000,NTAP
2008-12-22,13.600000381469727,13.6899995803833,12.720000267028809,12.90999984741211,9.448497772216797,7455700,NTAP
2008-12-23,12.90999984741211,13.369999885559082,12.90999984741211,13.0600004196167,9.558280944824219,4211100,NTAP
2008-12-24,13.0600004196167,13.40999984741211,12.770000457763672,12.770000457763672,9.346035957336426,1810400,NTAP
2008-12-26,12.789999961853027,12.949999809265137,12.5,12.59000015258789,9.214300155639648,2677800,NTAP
2008-12-29,12.579999923706055,12.949999809265137,12.399999618530273,12.710000038146973,9.3021240234375,4185500,NTAP
2008-12-30,12.880000114440918,13.430000305175781,12.729999542236328,13.390000343322754,9.799798965454102,5384100,NTAP
2008-12-31,13.550000190734863,14.229999542236328,13.460000038146973,13.970000267028809,10.224286079406738,6482100,NTAP
2009-01-02,14.010000228881836,14.829999923706055,13.850000381469727,14.770000457763672,10.809786796569824,5720900,NTAP
2009-01-05,14.399999618530273,14.819999694824219,14.270000457763672,14.390000343322754,10.531672477722168,8803000,NTAP
2009-01-06,14.199999809265137,14.760000228881836,13.930000305175781,14.640000343322754,10.714641571044922,10872000,NTAP
2009-01-07,14.329999923706055,14.489999771118164,13.789999961853027,13.9399995803833,10.202329635620117,9483700,NTAP
2009-01-08,14.170000076293945,15.149999618530273,13.970000267028809,15.109999656677246,11.058625221252441,10765200,NTAP
2009-01-09,14.949999809265137,15.100000381469727,14.350000381469727,14.75,10.795147895812988,6256900,NTAP
2009-01-12,14.329999923706055,14.460000038146973,13.890000343322754,14.180000305175781,10.37798023223877,8390000,NTAP
2009-01-13,14.140000343322754,14.329999923706055,13.5600004196167,13.819999694824219,10.114505767822266,8099200,NTAP
2009-01-14,13.779999732971191,14.119999885559082,13.569999694824219,13.8100004196167,10.107185363769531,6659200,NTAP
2009-01-15,14.119999885559082,14.449999809265137,13.550000190734863,14.260000228881836,10.436532974243164,13015000,NTAP
2009-01-16,14.399999618530273,14.989999771118164,14.229999542236328,14.920000076293945,10.919565200805664,10218100,NTAP
2009-01-20,14.539999961853027,14.779999732971191,13.579999923706055,13.600000381469727,9.953493118286133,7578600,NTAP
2009-01-21,13.819999694824219,14.100000381469727,13.5,14.010000228881836,10.253561973571777,6769500,NTAP
2009-01-22,13.680000305175781,14.609999656677246,13.600000381469727,14.350000381469727,10.502397537231445,7156100,NTAP
2009-01-23,14.079999923706055,15.6899995803833,13.850000381469727,15.319999694824219,11.212313652038574,14749200,NTAP
2009-01-26,15.300000190734863,15.90999984741211,14.699999809265137,14.850000381469727,10.86833667755127,10679600,NTAP
2009-01-27,14.930000305175781,15.529999732971191,14.850000381469727,15.399999618530273,11.270867347717285,7648400,NTAP
2009-01-28,15.5600004196167,16.31999969482422,15.529999732971191,16.260000228881836,11.900279998779297,8422200,NTAP
2009-01-29,16.0,16.280000686645508,15.84000015258789,15.9399995803833,11.66607666015625,6294900,NTAP
2009-01-30,16.049999237060547,16.260000228881836,14.770000457763672,14.829999923706055,10.85369873046875,9407100,NTAP
2009-02-02,14.770000457763672,15.369999885559082,14.34000015258789,15.1899995803833,11.117172241210938,12256000,NTAP
2009-02-03,15.390000343322754,15.390000343322754,14.619999885559082,15.3100004196167,11.204997062683105,6041800,NTAP
2009-02-04,15.229999542236328,15.699999809265137,14.970000267028809,15.050000190734863,11.014708518981934,8942100,NTAP
2009-02-05,14.850000381469727,15.420000076293945,14.649999618530273,15.369999885559082,11.248909950256348,10442300,NTAP
2009-02-06,15.25,16.260000228881836,15.210000038146973,16.139999389648438,11.81244945526123,9533400,NTAP
2009-02-09,16.399999618530273,16.739999771118164,15.850000381469727,16.299999237060547,11.929551124572754,14211800,NTAP
2009-02-10,15.970000267028809,16.299999237060547,14.770000457763672,14.930000305175781,10.926883697509766,16317900,NTAP
2009-02-11,15.25,15.5,14.890000343322754,15.199999809265137,11.124490737915039,13069400,NTAP
2009-02-12,14.100000381469727,16.700000762939453,14.069999694824219,16.399999618530273,12.002737998962402,31457100,NTAP
2009-02-13,16.209999084472656,16.479999542236328,15.869999885559082,16.110000610351562,11.790497779846191,10119900,NTAP
2009-02-17,15.670000076293945,15.920000076293945,15.359999656677246,15.59000015258789,11.409923553466797,8785500,NTAP
2009-02-18,15.65999984741211,15.84000015258789,15.010000228881836,15.149999618530273,11.087895393371582,10059600,NTAP
2009-02-19,15.34000015258789,15.350000381469727,14.4399995803833,14.449999809265137,10.57558536529541,10231500,NTAP
2009-02-20,14.479999542236328,14.710000038146973,14.0,14.210000038146973,10.399937629699707,14018200,NTAP
2009-02-23,14.25,14.289999961853027,13.0,13.039999961853027,9.543643951416016,16411900,NTAP
2009-02-24,13.289999961853027,13.779999732971191,13.130000114440918,13.539999961853027,9.909578323364258,12522600,NTAP
2009-02-25,13.319999694824219,14.0600004196167,13.260000228881836,13.710000038146973,10.033997535705566,14194900,NTAP
2009-02-26,13.920000076293945,13.949999809265137,13.119999885559082,13.170000076293945,9.638786315917969,11805100,NTAP
2009-02-27,12.859999656677246,13.859999656677246,12.84000015258789,13.4399995803833,9.836394309997559,10332000,NTAP
2009-03-02,13.1899995803833,13.5,12.829999923706055,12.899999618530273,9.441181182861328,9991700,NTAP
2009-03-03,13.350000381469727,13.619999885559082,12.960000038146973,13.3100004196167,9.741249084472656,9224900,NTAP
2009-03-04,13.600000381469727,13.789999961853027,13.010000228881836,13.59000015258789,9.94617748260498,8991800,NTAP
2009-03-05,13.329999923706055,13.619999885559082,13.029999732971191,13.069999694824219,9.565601348876953,10884400,NTAP
2009-03-06,13.09000015258789,13.399999618530273,12.600000381469727,12.899999618530273,9.441181182861328,11576600,NTAP
2009-03-09,12.720000267028809,13.199999809265137,12.390000343322754,12.520000457763672,9.163071632385254,10869600,NTAP
2009-03-10,12.819999694824219,13.880000114440918,12.770000457763672,13.800000190734863,10.09986686706543,13244300,NTAP
2009-03-11,13.8100004196167,14.699999809265137,13.75,14.5600004196167,10.656089782714844,12404000,NTAP
2009-03-12,14.479999542236328,15.039999961853027,14.199999809265137,14.989999771118164,10.970796585083008,7182200,NTAP
2009-03-13,15.020000457763672,15.3100004196167,14.729999542236328,15.050000190734863,11.014708518981934,6985500,NTAP
2009-03-16,15.0600004196167,15.100000381469727,14.399999618530273,14.430000305175781,10.560946464538574,8197000,NTAP
2009-03-17,14.529999732971191,14.850000381469727,14.229999542236328,14.850000381469727,10.86833667755127,11558300,NTAP
2009-03-18,14.649999618530273,16.399999618530273,14.579999923706055,16.030000686645508,11.731947898864746,20601500,NTAP
2009-03-19,16.1299991607666,16.190000534057617,15.579999923706055,15.65999984741211,11.46115493774414,10224200,NTAP
2009-03-20,15.9399995803833,16.0,14.479999542236328,14.84000015258789,10.861014366149902,15678500,NTAP
2009-03-23,15.229999542236328,16.079999923706055,14.6899995803833,16.010000228881836,11.717310905456543,15021600,NTAP
2009-03-24,15.770000457763672,15.960000038146973,15.1899995803833,15.5,11.344053268432617,10373100,NTAP
2009-03-25,15.829999923706055,15.899999618530273,14.720000267028809,15.260000228881836,11.168405532836914,9783100,NTAP
2009-03-26,15.329999923706055,15.859999656677246,15.25,15.859999656677246,11.607529640197754,11483500,NTAP
2009-03-27,15.630000114440918,15.630000114440918,15.039999961853027,15.09000015258789,11.043984413146973,7858000,NTAP
2009-03-30,14.880000114440918,14.890000343322754,14.430000305175781,14.670000076293945,10.73659610748291,6448900,NTAP
2009-03-31,14.729999542236328,15.15999984741211,14.649999618530273,14.84000015258789,10.861014366149902,6410200,NTAP
2009-04-01,14.5600004196167,15.479999542236328,14.25,15.399999618530273,11.270867347717285,8403500,NTAP
2009-04-02,15.699999809265137,16.030000686645508,15.550000190734863,15.699999809265137,11.49043083190918,9682200,NTAP
2009-04-03,15.670000076293945,16.1299991607666,15.489999771118164,16.1299991607666,11.805134773254395,8700500,NTAP
2009-04-06,15.9399995803833,15.970000267028809,15.15999984741211,15.569999694824219,11.395283699035645,8700600,NTAP
2009-04-07,15.350000381469727,15.479999542236328,14.800000190734863,14.970000267028809,10.956159591674805,8382600,NTAP
2009-04-08,15.300000190734863,16.790000915527344,15.260000228881836,16.6299991607666,12.171073913574219,21406200,NTAP
2009-04-09,16.260000228881836,17.06999969482422,16.229999542236328,16.959999084472656,12.412593841552734,17225900,NTAP
2009-04-13,16.610000610351562,16.899999618530273,16.309999465942383,16.719999313354492,12.236940383911133,7897400,NTAP
2009-04-14,16.649999618530273,17.510000228881836,16.5,17.09000015258789,12.507736206054688,10894900,NTAP
2009-04-15,17.440000534057617,17.489999771118164,16.93000030517578,17.440000534057617,12.763891220092773,12293400,NTAP
2009-04-16,17.75,18.110000610351562,17.3799991607666,17.969999313354492,13.151786804199219,10155100,NTAP
2009-04-17,17.850000381469727,17.979999542236328,17.43000030517578,17.59000015258789,12.87366771697998,7606700,NTAP
2009-04-20,18.020000457763672,18.100000381469727,17.440000534057617,17.790000915527344,13.020041465759277,14154600,NTAP
2009-04-21,17.81999969482422,18.399999618530273,17.68000030517578,18.040000915527344,13.203020095825195,12161100,NTAP
2009-04-22,17.950000762939453,19.360000610351562,17.729999542236328,18.84000015258789,13.788515090942383,17559000,NTAP
2009-04-23,18.479999542236328,18.709999084472656,18.030000686645508,18.360000610351562,13.43722152709961,13255100,NTAP
2009-04-24,18.540000915527344,18.690000534057617,18.030000686645508,18.6299991607666,13.634820938110352,10164300,NTAP
2009-04-27,18.15999984741211,18.469999313354492,17.8799991607666,17.950000762939453,13.137147903442383,8249400,NTAP
2009-04-28,17.290000915527344,17.649999618530273,17.059999465942383,17.43000030517578,12.756570816040039,10485900,NTAP
2009-04-29,17.5,18.350000381469727,17.440000534057617,17.969999313354492,13.151786804199219,14051700,NTAP
2009-04-30,17.770000457763672,18.350000381469727,17.670000076293945,18.299999237060547,13.393306732177734,17822500,NTAP
2009-05-01,18.200000762939453,18.68000030517578,17.760000228881836,18.399999618530273,13.4664888381958,9998300,NTAP
2009-05-04,18.489999771118164,18.899999618530273,18.170000076293945,18.899999618530273,13.832427978515625,9039200,NTAP
2009-05-05,18.729999542236328,18.899999618530273,18.100000381469727,18.329999923706055,13.415257453918457,7864100,NTAP
2009-05-06,18.329999923706055,18.6299991607666,17.81999969482422,18.229999542236328,13.342071533203125,7168600,NTAP
2009-05-07,18.290000915527344,18.389999389648438,17.260000228881836,17.389999389648438,12.727296829223633,11723200,NTAP
2009-05-08,17.700000762939453,18.040000915527344,17.3700008392334,17.5,12.807801246643066,9601600,NTAP
2009-05-11,17.219999313354492,17.280000686645508,16.81999969482422,16.93000030517578,12.390631675720215,7918400,NTAP
2009-05-12,17.100000381469727,17.329999923706055,16.790000915527344,17.25,12.624834060668945,8383600,NTAP
2009-05-13,16.809999465942383,17.260000228881836,16.809999465942383,17.059999465942383,12.485777854919434,8435600,NTAP
2009-05-14,16.989999771118164,17.639999389648438,16.959999084472656,17.40999984741211,12.74193000793457,6876600,NTAP
2009-05-15,17.43000030517578,17.920000076293945,17.270000457763672,17.56999969482422,12.859033584594727,6742100,NTAP
2009-05-18,17.399999618530273,17.700000762939453,17.219999313354492,17.690000534057617,12.946858406066895,9667500,NTAP
2009-05-19,17.520000457763672,18.479999542236328,17.350000381469727,18.06999969482422,13.224973678588867,9549100,NTAP
2009-05-20,18.280000686645508,18.280000686645508,17.25,17.34000015258789,12.690703392028809,16293200,NTAP
2009-05-21,16.770000457763672,18.190000534057617,16.709999084472656,17.8799991607666,13.08591365814209,30151100,NTAP
2009-05-22,18.079999923706055,18.709999084472656,17.6200008392334,18.459999084472656,13.510401725769043,16018900,NTAP
2009-05-26,18.350000381469727,19.989999771118164,18.31999969482422,19.93000030517578,14.586257934570312,19208100,NTAP
2009-05-27,19.850000381469727,19.8700008392334,19.1200008392334,19.219999313354492,14.06662654876709,12341600,NTAP
2009-05-28,19.360000610351562,19.43000030517578,18.40999984741211,18.950000762939453,13.869023323059082,13593500,NTAP
2009-05-29,18.93000030517578,19.5,18.8799991607666,19.5,14.271552085876465,9810900,NTAP
2009-06-01,20.030000686645508,20.950000762939453,19.739999771118164,20.690000534057617,15.14248275756836,15169100,NTAP
2009-06-02,19.959999084472656,20.15999984741211,19.200000762939453,19.34000015258789,14.154448509216309,22081900,NTAP
2009-06-03,19.06999969482422,19.18000030517578,18.40999984741211,18.56999969482422,13.590910911560059,14059600,NTAP
2009-06-04,18.700000762939453,19.09000015258789,18.649999618530273,18.860000610351562,13.803153991699219,7322500,NTAP
2009-06-05,19.0,19.1299991607666,18.270000457763672,18.81999969482422,13.77387523651123,8570600,NTAP
2009-06-08,18.530000686645508,19.18000030517578,18.43000030517578,18.979999542236328,13.890973091125488,9871300,NTAP
2009-06-09,19.040000915527344,19.700000762939453,19.0,19.5,14.271552085876465,8774600,NTAP
2009-06-10,19.579999923706055,19.649999618530273,18.829999923706055,19.170000076293945,14.030034065246582,5786300,NTAP
2009-06-11,19.290000915527344,20.229999542236328,19.200000762939453,19.920000076293945,14.578935623168945,10190800,NTAP
2009-06-12,19.59000015258789,20.15999984741211,19.31999969482422,20.139999389648438,14.739954948425293,8988500,NTAP
2009-06-15,19.809999465942383,20.139999389648438,19.489999771118164,19.81999969482422,14.505753517150879,8173800,NTAP
2009-06-16,19.93000030517578,19.979999542236328,19.239999771118164,19.280000686645508,14.110539436340332,7133300,NTAP
2009-06-17,19.299999237060547,19.610000610351562,18.84000015258789,19.1299991607666,14.000755310058594,6088100,NTAP
2009-06-18,19.209999084472656,19.209999084472656,18.760000228881836,18.829999923706055,13.781192779541016,3841500,NTAP
2009-06-19,19.0,19.56999969482422,18.920000076293945,19.549999237060547,14.308145523071289,9642300,NTAP
2009-06-22,19.209999084472656,19.540000915527344,18.8799991607666,18.90999984741211,13.839744567871094,9505500,NTAP
2009-06-23,19.030000686645508,19.049999237060547,18.420000076293945,18.790000915527344,13.751920700073242,7157300,NTAP
2009-06-24,18.850000381469727,19.440000534057617,18.790000915527344,19.110000610351562,13.986123085021973,4406500,NTAP
2009-06-25,18.920000076293945,19.5,18.8700008392334,19.440000534057617,14.227643966674805,3572600,NTAP
2009-06-26,19.239999771118164,19.65999984741211,19.209999084472656,19.399999618530273,14.198366165161133,4615000,NTAP
2009-06-29,19.389999389648438,19.93000030517578,19.299999237060547,19.780000686645508,14.476473808288574,4011000,NTAP
2009-06-30,19.610000610351562,19.889999389648438,19.350000381469727,19.719999313354492,14.432561874389648,5543500,NTAP
2009-07-01,19.899999618530273,19.950000762939453,19.559999465942383,19.790000915527344,14.483793258666992,5048700,NTAP
2009-07-02,19.549999237060547,19.559999465942383,18.829999923706055,18.959999084472656,13.876340866088867,5884300,NTAP
2009-07-06,18.809999465942383,19.149999618530273,18.43000030517578,18.850000381469727,13.795832633972168,5914900,NTAP
2009-07-07,18.899999618530273,18.950000762939453,18.059999465942383,18.09000015258789,13.239608764648438,5947600,NTAP
2009-07-08,18.170000076293945,18.530000686645508,17.860000610351562,18.389999389648438,13.459168434143066,8408300,NTAP
2009-07-09,18.700000762939453,19.149999618530273,18.43000030517578,19.010000228881836,13.912934303283691,13844000,NTAP
2009-07-10,18.850000381469727,19.34000015258789,18.799999237060547,19.209999084472656,14.059305191040039,7721200,NTAP
2009-07-13,19.5,20.079999923706055,18.860000610351562,20.030000686645508,14.659449577331543,11781000,NTAP
2009-07-14,19.81999969482422,20.1299991607666,19.670000076293945,20.049999237060547,14.674079895019531,6146400,NTAP
2009-07-15,20.15999984741211,21.020000457763672,20.15999984741211,20.920000076293945,15.310811042785645,11706900,NTAP
2009-07-16,20.959999084472656,21.5,20.799999237060547,21.459999084472656,15.706025123596191,8503400,NTAP
2009-07-17,21.690000534057617,21.75,21.06999969482422,21.520000457763672,15.749938011169434,8609200,NTAP
2009-07-20,21.639999389648438,21.729999542236328,21.030000686645508,21.31999969482422,15.60356330871582,9607400,NTAP
2009-07-21,21.6299991607666,22.510000228881836,21.579999923706055,22.489999771118164,16.45985221862793,16724000,NTAP
2009-07-22,22.40999984741211,22.799999237060547,22.139999389648438,22.3700008392334,16.37202262878418,8013300,NTAP
2009-07-23,22.950000762939453,23.389999389648438,22.639999389648438,23.010000228881836,16.840431213378906,14091800,NTAP
2009-07-24,22.6200008392334,23.030000686645508,22.469999313354492,22.989999771118164,16.82579231262207,5938800,NTAP
2009-07-27,22.950000762939453,23.290000915527344,22.790000915527344,23.030000686645508,16.855070114135742,7830900,NTAP
2009-07-28,22.84000015258789,23.600000381469727,22.770000457763672,23.559999465942383,17.24295997619629,7520400,NTAP
2009-07-29,23.329999923706055,23.459999084472656,22.93000030517578,23.149999618530273,16.942888259887695,6123800,NTAP
2009-07-30,23.290000915527344,23.8799991607666,22.940000534057617,23.049999237060547,16.869712829589844,6115800,NTAP
2009-07-31,22.920000076293945,22.950000762939453,22.31999969482422,22.459999084472656,16.437904357910156,7843600,NTAP
2009-08-03,22.790000915527344,22.850000381469727,22.329999923706055,22.510000228881836,16.474485397338867,7936400,NTAP
2009-08-04,22.510000228881836,23.209999084472656,22.3700008392334,23.049999237060547,16.869712829589844,5369000,NTAP
2009-08-05,23.0,23.270000457763672,22.559999465942383,22.889999389648438,16.75260353088379,5374400,NTAP
2009-08-06,22.950000762939453,23.299999237060547,22.709999084472656,22.84000015258789,16.71601676940918,4007300,NTAP
2009-08-07,23.209999084472656,23.299999237060547,22.690000534057617,23.06999969482422,16.884340286254883,3739500,NTAP
2009-08-10,22.8700008392334,23.34000015258789,22.799999237060547,23.030000686645508,16.855070114135742,3498200,NTAP
2009-08-11,22.81999969482422,23.309999465942383,22.700000762939453,23.170000076293945,16.957534790039062,4843200,NTAP
2009-08-12,23.25,23.959999084472656,23.010000228881836,23.75,17.382015228271484,5282400,NTAP
2009-08-13,23.81999969482422,24.190000534057617,23.459999084472656,24.06999969482422,17.6162166595459,4678300,NTAP
2009-08-14,24.0,24.0,23.510000228881836,23.59000015258789,17.26491355895996,7113500,NTAP
2009-08-17,23.110000610351562,23.280000686645508,22.469999313354492,22.540000915527344,16.49645233154297,7564600,NTAP
2009-08-18,22.829999923706055,23.059999465942383,22.610000610351562,22.850000381469727,16.723331451416016,5825600,NTAP
2009-08-19,23.059999465942383,23.389999389648438,22.610000610351562,22.889999389648438,16.75260353088379,14087400,NTAP
2009-08-20,21.959999084472656,22.350000381469727,21.5,21.549999237060547,15.771888732910156,20583700,NTAP
2009-08-21,21.760000228881836,21.989999771118164,21.290000915527344,21.979999542236328,16.086593627929688,14834800,NTAP
2009-08-24,22.020000457763672,22.079999923706055,21.5,21.93000030517578,16.050003051757812,11543900,NTAP
2009-08-25,22.049999237060547,22.420000076293945,21.709999084472656,21.920000076293945,16.04268455505371,8399800,NTAP
2009-08-26,22.149999618530273,22.350000381469727,21.81999969482422,22.239999771118164,16.276887893676758,5089500,NTAP
2009-08-27,22.399999618530273,23.1200008392334,22.059999465942383,23.040000915527344,16.862388610839844,8359500,NTAP
2009-08-28,23.049999237060547,23.940000534057617,23.049999237060547,23.31999969482422,17.067310333251953,5578300,NTAP
2009-08-31,23.350000381469727,23.350000381469727,22.600000381469727,22.75,16.650136947631836,6176000,NTAP
2009-09-01,22.610000610351562,23.209999084472656,22.030000686645508,22.149999618530273,16.21101951599121,6067800,NTAP
2009-09-02,22.020000457763672,22.639999389648438,22.020000457763672,22.34000015258789,16.35007667541504,3654400,NTAP
2009-09-03,22.399999618530273,22.520000457763672,22.139999389648438,22.479999542236328,16.452537536621094,3917100,NTAP
2009-09-04,22.5,23.360000610351562,22.469999313354492,23.329999923706055,17.074628829956055,5647300,NTAP
2009-09-08,23.31999969482422,23.829999923706055,23.31999969482422,23.59000015258789,17.26491355895996,5727200,NTAP
2009-09-09,23.469999313354492,23.959999084472656,23.34000015258789,23.809999465942383,17.425928115844727,3985700,NTAP
2009-09-10,23.739999771118164,24.739999771118164,23.65999984741211,24.649999618530273,18.040700912475586,13575900,NTAP
2009-09-11,24.709999084472656,24.709999084472656,24.25,24.280000686645508,17.769908905029297,12686900,NTAP
2009-09-14,24.200000762939453,24.549999237060547,24.06999969482422,24.489999771118164,17.923603057861328,8252800,NTAP
2009-09-15,24.329999923706055,24.93000030517578,24.309999465942383,24.719999313354492,18.091938018798828,7479900,NTAP
2009-09-16,24.719999313354492,25.09000015258789,24.549999237060547,25.0,18.29686737060547,6015500,NTAP
2009-09-17,24.670000076293945,24.979999542236328,24.43000030517578,24.75,18.11389923095703,8335100,NTAP
2009-09-18,24.90999984741211,24.90999984741211,24.469999313354492,24.75,18.11389923095703,4894500,NTAP
2009-09-21,25.389999389648438,25.889999389648438,25.309999465942383,25.6299991607666,18.75794219970703,7551300,NTAP
2009-09-22,25.799999237060547,26.149999618530273,25.559999465942383,25.989999771118164,19.02141761779785,6626600,NTAP
2009-09-23,26.020000457763672,26.950000762939453,25.959999084472656,26.270000457763672,19.226343154907227,8390900,NTAP
2009-09-24,26.43000030517578,26.450000762939453,25.75,25.989999771118164,19.02141761779785,7417400,NTAP
2009-09-25,25.75,26.110000610351562,25.75,25.940000534057617,18.98482322692871,6431800,NTAP
2009-09-28,26.0,26.790000915527344,25.989999771118164,26.309999465942383,19.255617141723633,5425800,NTAP
2009-09-29,26.360000610351562,26.56999969482422,26.010000228881836,26.149999618530273,19.13851547241211,5675200,NTAP
2009-09-30,26.209999084472656,27.030000686645508,25.950000762939453,26.68000030517578,19.526412963867188,9131500,NTAP
2009-10-01,26.59000015258789,26.780000686645508,25.959999084472656,26.040000915527344,19.058006286621094,7647400,NTAP
2009-10-02,25.6299991607666,26.15999984741211,25.40999984741211,25.889999389648438,18.948232650756836,6881400,NTAP
2009-10-05,26.940000534057617,27.079999923706055,26.329999923706055,26.799999237060547,19.614234924316406,12516400,NTAP
2009-10-06,26.920000076293945,27.079999923706055,26.5,26.829999923706055,19.636192321777344,9782700,NTAP
2009-10-07,26.700000762939453,26.959999084472656,25.969999313354492,26.440000534057617,19.350759506225586,9296700,NTAP
2009-10-08,26.719999313354492,27.90999984741211,26.299999237060547,27.56999969482422,20.177780151367188,16259500,NTAP
2009-10-09,27.989999771118164,29.100000381469727,27.739999771118164,28.84000015258789,21.107255935668945,13983500,NTAP
2009-10-12,28.889999389648438,29.020000457763672,28.079999923706055,28.360000610351562,20.75596046447754,7541500,NTAP
2009-10-13,28.360000610351562,29.18000030517578,28.1200008392334,28.989999771118164,21.217044830322266,9824900,NTAP
2009-10-14,29.270000457763672,29.6299991607666,29.209999084472656,29.5,21.590295791625977,5519000,NTAP
2009-10-15,29.290000915527344,29.489999771118164,28.850000381469727,29.280000686645508,21.429283142089844,6050700,NTAP
2009-10-16,29.100000381469727,29.170000076293945,28.270000457763672,28.690000534057617,20.997478485107422,4519100,NTAP
2009-10-19,28.670000076293945,29.139999389648438,28.610000610351562,28.989999771118164,21.217044830322266,4450200,NTAP
2009-10-20,28.729999542236328,29.100000381469727,28.31999969482422,28.559999465942383,20.902328491210938,6889900,NTAP
2009-10-21,28.440000534057617,29.15999984741211,28.34000015258789,28.540000915527344,20.887697219848633,4438700,NTAP
2009-10-22,28.469999313354492,29.18000030517578,28.15999984741211,29.110000610351562,21.30486297607422,4263100,NTAP
2009-10-23,29.15999984741211,29.350000381469727,28.600000381469727,28.75,21.041391372680664,5564100,NTAP
2009-10-26,28.739999771118164,29.469999313354492,28.440000534057617,28.639999389648438,20.960880279541016,5837600,NTAP
2009-10-27,28.690000534057617,29.06999969482422,27.799999237060547,27.899999618530273,20.41929054260254,6910200,NTAP
2009-10-28,27.780000686645508,27.989999771118164,26.940000534057617,26.989999771118164,19.753293991088867,7955800,NTAP
2009-10-29,27.219999313354492,27.940000534057617,27.040000915527344,27.690000534057617,20.265605926513672,6410500,NTAP
2009-10-30,27.56999969482422,27.8700008392334,26.889999389648438,27.049999237060547,19.79720115661621,6004500,NTAP
2009-11-02,27.010000228881836,27.84000015258789,27.010000228881836,27.600000381469727,20.19973373413086,5308000,NTAP
2009-11-03,27.549999237060547,27.899999618530273,27.25,27.799999237060547,20.346111297607422,5156500,NTAP
2009-11-04,27.739999771118164,28.219999313354492,27.559999465942383,27.65999984741211,20.243650436401367,5028000,NTAP
2009-11-05,28.010000228881836,28.979999542236328,27.959999084472656,28.770000457763672,21.056028366088867,4725700,NTAP
2009-11-06,28.729999542236328,28.940000534057617,28.149999618530273,28.3799991607666,20.770597457885742,3330000,NTAP
2009-11-09,28.899999618530273,29.899999618530273,28.850000381469727,29.84000015258789,21.839130401611328,5760700,NTAP
2009-11-10,29.8799991607666,30.139999389648438,29.149999618530273,29.31999969482422,21.458560943603516,5772700,NTAP
2009-11-11,29.6299991607666,29.780000686645508,29.0,29.18000030517578,21.356096267700195,3923200,NTAP
2009-11-12,29.18000030517578,29.309999465942383,28.84000015258789,28.899999618530273,21.15117073059082,4560400,NTAP
2009-11-13,29.200000762939453,29.950000762939453,29.049999237060547,29.709999084472656,21.743989944458008,5051900,NTAP
2009-11-16,29.959999084472656,30.200000762939453,29.559999465942383,29.65999984741211,21.7073974609375,6593000,NTAP
2009-11-17,29.5,29.790000915527344,29.06999969482422,29.719999313354492,21.751310348510742,4510500,NTAP
2009-11-18,29.579999923706055,29.68000030517578,28.950000762939453,29.6200008392334,21.678119659423828,8337700,NTAP
2009-11-19,30.729999542236328,31.25,30.139999389648438,30.829999923706055,22.563688278198242,15309500,NTAP
2009-11-20,30.5,30.6200008392334,30.010000228881836,30.440000534057617,22.27826499938965,5519700,NTAP
2009-11-23,30.700000762939453,31.299999237060547,30.6299991607666,30.899999618530273,22.614917755126953,4477400,NTAP
2009-11-24,30.760000228881836,31.09000015258789,30.479999542236328,30.940000534057617,22.64419937133789,5238300,NTAP
2009-11-25,30.899999618530273,31.5,30.889999389648438,31.450000762939453,23.0174560546875,4656400,NTAP
2009-11-27,30.40999984741211,31.049999237060547,30.110000610351562,30.829999923706055,22.563688278198242,2531700,NTAP
2009-11-30,30.639999389648438,30.920000076293945,30.420000076293945,30.809999465942383,22.549055099487305,5413200,NTAP
2009-12-01,30.93000030517578,31.799999237060547,30.93000030517578,31.649999618530273,23.16382598876953,9241900,NTAP
2009-12-02,31.459999084472656,31.850000381469727,31.360000610351562,31.700000762939453,23.200416564941406,4814600,NTAP
2009-12-03,31.510000228881836,31.860000610351562,31.510000228881836,31.510000228881836,23.061363220214844,4729200,NTAP
2009-12-04,31.75,32.79999923706055,31.729999542236328,32.7400016784668,23.96156883239746,10911600,NTAP
2009-12-07,32.619998931884766,33.290000915527344,32.29999923706055,33.09000015258789,24.217721939086914,8144100,NTAP
2009-12-08,33.040000915527344,33.5,32.560001373291016,33.349998474121094,24.408018112182617,7661300,NTAP
2009-12-09,33.13999938964844,33.81999969482422,33.0099983215332,33.66999816894531,24.642208099365234,7151600,NTAP
2009-12-10,33.70000076293945,33.81999969482422,32.9900016784668,33.04999923706055,24.188457489013672,9181100,NTAP
2009-12-11,33.2400016784668,33.5,32.650001525878906,32.90999984741211,24.08599090576172,7456000,NTAP
2009-12-14,33.060001373291016,33.52000045776367,32.90999984741211,33.36000061035156,24.415327072143555,3841100,NTAP
2009-12-15,33.150001525878906,33.58000183105469,33.029998779296875,33.540000915527344,24.54706573486328,3543600,NTAP
2009-12-16,33.5099983215332,33.9900016784668,33.5099983215332,33.65999984741211,24.6348934173584,3462700,NTAP
2009-12-17,33.380001068115234,34.0,33.130001068115234,33.83000183105469,24.759315490722656,5251000,NTAP
2009-12-18,33.38999938964844,33.540000915527344,32.709999084472656,33.22999954223633,24.3201904296875,9321300,NTAP
2009-12-21,33.29999923706055,33.97999954223633,33.290000915527344,33.529998779296875,24.539751052856445,4318300,NTAP
2009-12-22,33.5099983215332,33.7400016784668,33.040000915527344,33.38999938964844,24.437288284301758,5399600,NTAP
2009-12-23,33.369998931884766,33.88999938964844,33.310001373291016,33.849998474121094,24.77394676208496,2984700,NTAP
2009-12-24,33.79999923706055,34.18000030517578,33.689998626708984,34.15999984741211,25.000831604003906,1436900,NTAP
2009-12-28,34.150001525878906,34.38999938964844,33.84000015258789,34.0099983215332,24.891050338745117,2572000,NTAP
2009-12-29,33.939998626708984,34.040000915527344,33.619998931884766,33.849998474121094,24.77394676208496,2422700,NTAP
2009-12-30,33.66999816894531,34.56999969482422,33.65999984741211,34.540000915527344,25.278940200805664,3045900,NTAP
2009-12-31,34.619998931884766,34.9900016784668,34.34000015258789,34.36000061035156,25.147207260131836,4306200,NTAP
2010-01-04,34.59000015258789,34.869998931884766,34.0,34.189998626708984,25.022789001464844,5320100,NTAP
2010-01-05,34.099998474121094,34.349998474121094,33.380001068115234,33.59000015258789,24.583663940429688,7933900,NTAP
2010-01-06,33.470001220703125,33.9900016784668,33.099998474121094,33.349998474121094,24.408018112182617,5193900,NTAP
2010-01-07,33.2400016784668,33.529998779296875,32.9900016784668,33.27000045776367,24.34946632385254,5373000,NTAP
2010-01-08,33.119998931884766,33.59000015258789,32.779998779296875,33.540000915527344,24.54706573486328,4718400,NTAP
2010-01-11,33.540000915527344,33.75,32.72999954223633,32.939998626708984,24.107938766479492,5526800,NTAP
2010-01-12,32.79999923706055,33.02000045776367,32.04999923706055,32.45000076293945,23.74932289123535,7329600,NTAP
2010-01-13,32.709999084472656,33.869998931884766,32.70000076293945,33.72999954223633,24.686128616333008,6933200,NTAP
2010-01-14,33.630001068115234,34.25,33.599998474121094,33.650001525878906,24.627574920654297,5474000,NTAP
2010-01-15,33.880001068115234,34.0,32.9900016784668,33.150001525878906,24.261638641357422,5337800,NTAP
2010-01-19,33.15999984741211,33.84000015258789,33.15999984741211,33.29999923706055,24.371417999267578,5129400,NTAP
2010-01-20,33.06999969482422,33.06999969482422,31.799999237060547,32.5,23.785921096801758,5545900,NTAP
2010-01-21,32.380001068115234,33.040000915527344,31.6200008392334,31.780000686645508,23.258968353271484,9320500,NTAP
2010-01-22,31.540000915527344,32.11000061035156,30.760000228881836,30.780000686645508,22.527099609375,9246500,NTAP
2010-01-25,31.010000228881836,31.420000076293945,30.579999923706055,30.93000030517578,22.63687515258789,5594800,NTAP
2010-01-26,30.790000915527344,31.540000915527344,30.530000686645508,30.90999984741211,22.622236251831055,5227400,NTAP
2010-01-27,30.68000030517578,31.209999084472656,30.309999465942383,30.93000030517578,22.63687515258789,5722600,NTAP
2010-01-28,30.600000381469727,30.920000076293945,29.479999542236328,29.81999969482422,21.82449722290039,9192700,NTAP
2010-01-29,29.959999084472656,30.280000686645508,28.920000076293945,29.1299991607666,21.319501876831055,8728400,NTAP
2010-02-01,29.100000381469727,30.15999984741211,29.100000381469727,30.110000610351562,22.03673553466797,5670000,NTAP
2010-02-02,30.139999389648438,31.1299991607666,30.0,30.969999313354492,22.66615104675293,8363000,NTAP
2010-02-03,30.84000015258789,31.15999984741211,30.65999984741211,31.020000457763672,22.70273780822754,5400500,NTAP
2010-02-04,30.739999771118164,30.950000762939453,29.84000015258789,29.889999389648438,21.875730514526367,8937500,NTAP
2010-02-05,30.06999969482422,30.469999313354492,29.469999313354492,30.3799991607666,22.234344482421875,9856400,NTAP
2010-02-08,30.5,31.06999969482422,30.200000762939453,30.520000457763672,22.336811065673828,5738000,NTAP
2010-02-09,30.90999984741211,31.18000030517578,30.40999984741211,31.010000228881836,22.69542694091797,6610900,NTAP
2010-02-10,30.889999389648438,31.100000381469727,30.530000686645508,30.760000228881836,22.51245880126953,4356600,NTAP
2010-02-11,30.75,31.6299991607666,30.5,31.540000915527344,23.083316802978516,5711200,NTAP
2010-02-12,31.079999923706055,31.610000610351562,30.790000915527344,31.459999084472656,23.02477264404297,4397400,NTAP
2010-02-16,31.90999984741211,32.31999969482422,31.739999771118164,32.29999923706055,23.639543533325195,7300700,NTAP
2010-02-17,32.29999923706055,32.310001373291016,31.700000762939453,32.08000183105469,23.47853660583496,11614800,NTAP
2010-02-18,31.579999923706055,31.700000762939453,30.260000228881836,31.68000030517578,23.185787200927734,19885800,NTAP
2010-02-19,31.469999313354492,31.860000610351562,31.0,31.290000915527344,22.900354385375977,10254200,NTAP
2010-02-22,31.510000228881836,31.510000228881836,30.540000915527344,30.639999389648438,22.42462730407715,6244100,NTAP
2010-02-23,30.40999984741211,30.549999237060547,29.6200008392334,29.899999618530273,21.883041381835938,7964600,NTAP
2010-02-24,30.059999465942383,30.350000381469727,29.56999969482422,29.829999923706055,21.831815719604492,9370800,NTAP
2010-02-25,29.350000381469727,30.15999984741211,29.200000762939453,30.010000228881836,21.96355438232422,7590900,NTAP
2010-02-26,29.989999771118164,30.290000915527344,29.799999237060547,30.010000228881836,21.96355438232422,6076300,NTAP
2010-03-01,30.270000457763672,31.520000457763672,30.1200008392334,31.459999084472656,23.02477264404297,9051400,NTAP
2010-03-02,31.530000686645508,31.690000534057617,30.790000915527344,31.09000015258789,22.75397491455078,7709200,NTAP
2010-03-03,31.260000228881836,32.0099983215332,30.989999771118164,31.239999771118164,22.863759994506836,7451900,NTAP
2010-03-04,31.329999923706055,31.420000076293945,31.030000686645508,31.360000610351562,22.951580047607422,5098000,NTAP
2010-03-05,31.469999313354492,32.22999954223633,31.469999313354492,32.04999923706055,23.456571578979492,6557700,NTAP
2010-03-08,32.369998931884766,32.88999938964844,32.34000015258789,32.5099983215332,23.793231964111328,5319400,NTAP
2010-03-09,32.209999084472656,32.86000061035156,32.209999084472656,32.54999923706055,23.822521209716797,4808300,NTAP
2010-03-10,32.41999816894531,33.310001373291016,32.41999816894531,33.18000030517578,24.283597946166992,7204400,NTAP
2010-03-11,33.150001525878906,33.34000015258789,32.880001068115234,33.31999969482422,24.38605308532715,5345100,NTAP
2010-03-12,33.529998779296875,33.689998626708984,32.75,32.90999984741211,24.08599090576172,4583900,NTAP
2010-03-15,33.27000045776367,33.29999923706055,32.54999923706055,32.81999969482422,24.020122528076172,3756000,NTAP
2010-03-16,32.9900016784668,33.22999954223633,32.650001525878906,33.189998626708984,24.290916442871094,4010400,NTAP
2010-03-17,32.75,33.400001525878906,32.75,33.040000915527344,24.181127548217773,5094900,NTAP
2010-03-18,32.970001220703125,33.369998931884766,32.83000183105469,33.29999923706055,24.371417999267578,3209700,NTAP
2010-03-19,33.34000015258789,33.58000183105469,32.15999984741211,32.459999084472656,23.75664520263672,8786600,NTAP
2010-03-22,32.20000076293945,33.16999816894531,32.20000076293945,32.939998626708984,24.107938766479492,3625200,NTAP
2010-03-23,32.959999084472656,32.97999954223633,32.43000030517578,32.7400016784668,23.96156883239746,5347700,NTAP
2010-03-24,32.58000183105469,33.279998779296875,32.45000076293945,33.16999816894531,24.276273727416992,4908300,NTAP
2010-03-25,33.5,33.5099983215332,32.61000061035156,32.619998931884766,23.87374496459961,6013700,NTAP
2010-03-26,33.060001373291016,33.11000061035156,32.47999954223633,32.72999954223633,23.954246520996094,5679800,NTAP
2010-03-29,32.939998626708984,33.189998626708984,32.41999816894531,32.540000915527344,23.81519889831543,3203800,NTAP
2010-03-30,32.5099983215332,32.720001220703125,32.04999923706055,32.56999969482422,23.837160110473633,3747100,NTAP
2010-03-31,32.25,32.84000015258789,32.25,32.540000915527344,23.81519889831543,3523500,NTAP
2010-04-01,33.2400016784668,34.66999816894531,33.220001220703125,34.2599983215332,25.07400894165039,12611400,NTAP
2010-04-05,34.33000183105469,34.90999984741211,34.189998626708984,34.77000045776367,25.447282791137695,5016200,NTAP
2010-04-06,34.58000183105469,34.880001068115234,34.310001373291016,34.83000183105469,25.49118423461914,4068500,NTAP
2010-04-07,34.720001220703125,35.59000015258789,34.650001525878906,35.119998931884766,25.703433990478516,8154800,NTAP
2010-04-08,34.93000030517578,35.0,34.09000015258789,34.84000015258789,25.498504638671875,5252600,NTAP
2010-04-09,34.900001525878906,35.529998779296875,34.869998931884766,35.529998779296875,26.00349998474121,6107500,NTAP
2010-04-12,35.150001525878906,35.529998779296875,34.709999084472656,34.939998626708984,25.57168960571289,5231100,NTAP
2010-04-13,34.70000076293945,35.029998779296875,34.54999923706055,34.689998626708984,25.38873291015625,3983300,NTAP
2010-04-14,34.97999954223633,35.970001220703125,34.880001068115234,35.86000061035156,26.24502182006836,5129700,NTAP
2010-04-15,35.77000045776367,36.0,35.630001068115234,35.66999816894531,26.10595703125,4956800,NTAP
2010-04-16,35.630001068115234,36.09000015258789,35.0099983215332,35.150001525878906,25.725385665893555,7605300,NTAP
2010-04-19,34.959999084472656,35.38999938964844,34.20000076293945,34.790000915527344,25.461912155151367,4666600,NTAP
2010-04-20,34.79999923706055,34.84000015258789,34.34000015258789,34.66999816894531,25.37408447265625,5718500,NTAP
2010-04-21,34.70000076293945,35.310001373291016,34.5099983215332,35.189998626708984,25.754667282104492,5389100,NTAP
2010-04-22,34.5099983215332,35.5,34.470001220703125,35.349998474121094,25.87175941467285,3592500,NTAP
2010-04-23,35.220001220703125,36.279998779296875,35.150001525878906,36.16999816894531,26.47190284729004,5342300,NTAP
2010-04-26,36.209999084472656,36.4900016784668,35.790000915527344,35.88999938964844,26.26697540283203,3894500,NTAP
2010-04-27,35.599998474121094,35.900001525878906,34.59000015258789,34.849998474121094,25.505817413330078,5337900,NTAP
2010-04-28,35.189998626708984,35.560001373291016,34.81999969482422,35.529998779296875,26.00349998474121,5745100,NTAP
2010-04-29,35.54999923706055,36.25,35.290000915527344,35.84000015258789,26.230377197265625,6314100,NTAP
2010-04-30,36.0,36.0,34.63999938964844,34.66999816894531,25.37408447265625,4173900,NTAP
2010-05-03,34.75,35.130001068115234,34.70000076293945,34.880001068115234,25.527782440185547,4605600,NTAP
2010-05-04,34.380001068115234,34.4900016784668,33.25,34.02000045776367,24.898378372192383,5445300,NTAP
2010-05-05,33.869998931884766,34.189998626708984,33.470001220703125,34.06999969482422,24.934965133666992,4770800,NTAP
2010-05-06,33.900001525878906,34.29999923706055,30.530000686645508,33.0099983215332,24.15916633605957,7345400,NTAP
2010-05-07,32.75,32.95000076293945,30.850000381469727,31.469999313354492,23.032089233398438,11932600,NTAP
2010-05-10,32.939998626708984,34.0,32.72999954223633,33.93000030517578,24.83249855041504,9181400,NTAP
2010-05-11,33.650001525878906,34.08000183105469,33.310001373291016,33.459999084472656,24.48851776123047,5858600,NTAP
2010-05-12,33.45000076293945,34.099998474121094,33.150001525878906,34.04999923706055,24.920326232910156,4380200,NTAP
2010-05-13,33.5,34.349998474121094,33.4900016784668,33.70000076293945,24.66417121887207,3302000,NTAP
2010-05-14,33.02000045776367,33.939998626708984,32.52000045776367,33.75,24.700763702392578,8527300,NTAP
2010-05-17,33.84000015258789,34.25,33.27000045776367,33.959999084472656,24.85445785522461,6192400,NTAP
2010-05-18,34.310001373291016,34.59000015258789,33.29999923706055,33.540000915527344,24.54706573486328,4543400,NTAP
2010-05-19,33.33000183105469,34.0099983215332,33.130001068115234,33.54999923706055,24.554391860961914,4495700,NTAP
2010-05-20,32.939998626708984,33.25,32.0099983215332,32.560001373291016,23.829833984375,7141400,NTAP
2010-05-21,31.809999465942383,32.970001220703125,31.799999237060547,32.83000183105469,24.027435302734375,9349600,NTAP
2010-05-24,31.65999984741211,33.0,31.65999984741211,32.400001525878906,23.712736129760742,4437000,NTAP
2010-05-25,31.65999984741211,33.16999816894531,31.06999969482422,33.09000015258789,24.217721939086914,8365300,NTAP
2010-05-26,33.130001068115234,34.060001373291016,32.279998779296875,32.43000030517578,23.734683990478516,10610400,NTAP
2010-05-27,35.43000030517578,38.650001525878906,35.18000030517578,38.16999816894531,27.93564224243164,27567200,NTAP
2010-05-28,37.61000061035156,38.54999923706055,37.209999084472656,37.68000030517578,27.577030181884766,12368000,NTAP
2010-06-01,37.0,38.619998931884766,37.0,37.619998931884766,27.533109664916992,13584500,NTAP
2010-06-02,37.58000183105469,38.97999954223633,37.36000061035156,38.95000076293945,28.506515502929688,8245800,NTAP
2010-06-03,39.0,39.40999984741211,38.31999969482422,38.880001068115234,28.45528793334961,10890400,NTAP
2010-06-04,38.310001373291016,39.400001525878906,37.630001068115234,37.880001068115234,27.723413467407227,12262500,NTAP
2010-06-07,38.25,38.91999816894531,36.93000030517578,37.029998779296875,27.10131072998047,10634000,NTAP
2010-06-08,37.0,37.540000915527344,36.33000183105469,37.38999938964844,27.364788055419922,11203600,NTAP
2010-06-09,37.63999938964844,38.959999084472656,37.38999938964844,37.5099983215332,27.452608108520508,8171900,NTAP
2010-06-10,38.08000183105469,38.72999954223633,37.77000045776367,38.4900016784668,28.16985511779785,6615800,NTAP
2010-06-11,37.90999984741211,40.09000015258789,37.90999984741211,39.9900016784668,29.267656326293945,12592500,NTAP
2010-06-14,40.380001068115234,40.83000183105469,39.630001068115234,39.91999816894531,29.2164249420166,7654100,NTAP
2010-06-15,39.95000076293945,41.45000076293945,39.95000076293945,41.380001068115234,30.28496551513672,9689100,NTAP
2010-06-16,40.849998474121094,41.380001068115234,40.7400016784668,41.0,30.00684928894043,9675600,NTAP
2010-06-17,41.16999816894531,41.790000915527344,40.75,41.779998779296875,30.57771110534668,7893200,NTAP
2010-06-18,41.779998779296875,41.84000015258789,41.220001220703125,41.220001220703125,30.16786766052246,8880600,NTAP
2010-06-21,41.65999984741211,41.869998931884766,40.220001220703125,40.529998779296875,29.662864685058594,7709700,NTAP
2010-06-22,40.65999984741211,40.900001525878906,39.630001068115234,39.77000045776367,29.10664939880371,5098900,NTAP
2010-06-23,39.77000045776367,40.40999984741211,39.400001525878906,40.099998474121094,29.348159790039062,5249700,NTAP
2010-06-24,39.88999938964844,40.34000015258789,39.349998474121094,39.619998931884766,28.99686622619629,6383100,NTAP
2010-06-25,39.72999954223633,40.08000183105469,38.869998931884766,39.7599983215332,29.099332809448242,7523800,NTAP
2010-06-28,39.95000076293945,40.43000030517578,39.349998474121094,39.790000915527344,29.12129020690918,3745400,NTAP
2010-06-29,39.15999984741211,39.2400016784668,37.66999816894531,37.9900016784668,27.803905487060547,6109200,NTAP
2010-06-30,37.849998474121094,38.2599983215332,37.2599983215332,37.310001373291016,27.306238174438477,4388900,NTAP
2010-07-01,37.599998474121094,38.290000915527344,36.79999923706055,38.11000061035156,27.8917293548584,8398200,NTAP
2010-07-02,38.150001525878906,38.150001525878906,36.68000030517578,37.130001068115234,27.174503326416016,5209900,NTAP
2010-07-06,37.63999938964844,37.849998474121094,36.65999984741211,37.119998931884766,27.167173385620117,5282500,NTAP
2010-07-07,37.29999923706055,39.65999984741211,37.060001373291016,39.599998474121094,28.982236862182617,8004600,NTAP
2010-07-08,39.88999938964844,39.9900016784668,38.279998779296875,38.88999938964844,28.46259307861328,7493800,NTAP
2010-07-09,38.20000076293945,38.97999954223633,38.20000076293945,38.7599983215332,28.367448806762695,4689000,NTAP
2010-07-12,38.810001373291016,39.47999954223633,38.25,38.959999084472656,28.513826370239258,4990600,NTAP
2010-07-13,39.290000915527344,39.79999923706055,38.84000015258789,39.560001373291016,28.95294761657715,4909100,NTAP
2010-07-14,39.68000030517578,40.95000076293945,39.59000015258789,40.31999969482422,29.509183883666992,5623200,NTAP
2010-07-15,40.34000015258789,40.849998474121094,40.16999816894531,40.72999954223633,29.80924415588379,7189100,NTAP
2010-07-16,40.70000076293945,40.900001525878906,40.130001068115234,40.5,29.640920639038086,8291300,NTAP
2010-07-19,40.70000076293945,41.16999816894531,40.130001068115234,41.02000045776367,30.02149200439453,5331800,NTAP
2010-07-20,40.189998626708984,41.40999984741211,39.7599983215332,41.40999984741211,30.306922912597656,5558400,NTAP
2010-07-21,40.9900016784668,41.0,39.70000076293945,39.83000183105469,29.150571823120117,6126400,NTAP
2010-07-22,40.47999954223633,41.9900016784668,40.459999084472656,41.970001220703125,30.716772079467773,6305700,NTAP
2010-07-23,41.61000061035156,43.16999816894531,41.59000015258789,43.11000061035156,31.55109977722168,8218600,NTAP
2010-07-26,42.88999938964844,44.18000030517578,42.65999984741211,44.029998779296875,32.224430084228516,6004300,NTAP
2010-07-27,44.029998779296875,44.25,43.22999954223633,43.75,32.019500732421875,5255300,NTAP
2010-07-28,43.650001525878906,43.86000061035156,42.81999969482422,43.16999816894531,31.595016479492188,3943400,NTAP
2010-07-29,43.5099983215332,43.630001068115234,41.970001220703125,42.41999816894531,31.046112060546875,5744000,NTAP
2010-07-30,42.0,42.529998779296875,41.689998626708984,42.29999923706055,30.958290100097656,4203000,NTAP
2010-08-02,42.81999969482422,44.16999816894531,42.650001525878906,44.0,32.202476501464844,5498500,NTAP
2010-08-03,44.0,44.2400016784668,43.0,43.869998931884766,32.10733413696289,6102200,NTAP
2010-08-04,44.099998474121094,44.88999938964844,44.04999923706055,44.630001068115234,32.663551330566406,5186800,NTAP
2010-08-05,44.38999938964844,44.45000076293945,43.34000015258789,43.720001220703125,31.997547149658203,5362900,NTAP
2010-08-06,42.86000061035156,43.27000045776367,42.25,43.11000061035156,31.55109977722168,5623400,NTAP
2010-08-09,43.349998474121094,43.54999923706055,42.709999084472656,42.90999984741211,31.40473747253418,4758600,NTAP
2010-08-10,42.86000061035156,42.91999816894531,40.869998931884766,41.689998626708984,30.511842727661133,8815400,NTAP
2010-08-11,40.849998474121094,41.34000015258789,40.0099983215332,41.16999816894531,30.131263732910156,7930200,NTAP
2010-08-12,38.720001220703125,39.79999923706055,37.040000915527344,37.58000183105469,27.503841400146484,18264600,NTAP
2010-08-13,37.83000183105469,39.06999969482422,37.58000183105469,38.13999938964844,27.91368293762207,11354900,NTAP
2010-08-16,37.81999969482422,39.09000015258789,37.650001525878906,38.63999938964844,28.27962303161621,5942700,NTAP
2010-08-17,38.9900016784668,39.459999084472656,38.59000015258789,38.650001525878906,28.286954879760742,6871800,NTAP
2010-08-18,38.75,39.529998779296875,38.0,39.31999969482422,28.77730941772461,11016900,NTAP
2010-08-19,38.43000030517578,40.939998626708984,38.380001068115234,40.70000076293945,29.787296295166016,22800200,NTAP
2010-08-20,40.54999923706055,41.279998779296875,40.04999923706055,40.529998779296875,29.662864685058594,7319300,NTAP
2010-08-23,40.79999923706055,41.68000030517578,40.099998474121094,40.45000076293945,29.604326248168945,6723800,NTAP
2010-08-24,39.849998474121094,40.06999969482422,39.349998474121094,39.52000045776367,28.92368507385254,7460800,NTAP
2010-08-25,39.2599983215332,39.65999984741211,38.900001525878906,39.29999923706055,28.762666702270508,6927400,NTAP
2010-08-26,39.66999816894531,40.0099983215332,39.209999084472656,39.689998626708984,29.0480899810791,7169400,NTAP
2010-08-27,40.0,41.650001525878906,39.61000061035156,41.45000076293945,30.33620834350586,10669100,NTAP
2010-08-30,41.150001525878906,41.79999923706055,40.40999984741211,40.529998779296875,29.662864685058594,6595200,NTAP
2010-08-31,40.25,40.66999816894531,39.95000076293945,40.380001068115234,29.553081512451172,5850200,NTAP
2010-09-01,41.0099983215332,42.25,40.7400016784668,41.90999984741211,30.67285919189453,8600100,NTAP
2010-09-02,42.27000045776367,43.209999084472656,41.869998931884766,43.06999969482422,31.521831512451172,6774900,NTAP
2010-09-03,43.5,44.33000183105469,43.33000183105469,44.04999923706055,32.239078521728516,6517700,NTAP
2010-09-07,43.7400016784668,45.0,43.7400016784668,44.779998779296875,32.77333450317383,7448700,NTAP
2010-09-08,44.86000061035156,47.0,44.86000061035156,46.43000030517578,33.98093795776367,13706900,NTAP
2010-09-09,47.060001373291016,47.88999938964844,46.279998779296875,46.33000183105469,33.90773391723633,7980600,NTAP
2010-09-10,46.11000061035156,46.77000045776367,45.709999084472656,46.33000183105469,33.90773391723633,6294800,NTAP
2010-09-13,46.959999084472656,48.220001220703125,46.86000061035156,48.099998474121094,35.20315933227539,8703500,NTAP
2010-09-14,47.939998626708984,49.08000183105469,47.75,48.119998931884766,35.217803955078125,10998300,NTAP
2010-09-15,48.08000183105469,49.560001373291016,47.81999969482422,49.29999923706055,36.08140182495117,13381800,NTAP
2010-09-16,49.0,49.459999084472656,48.31999969482422,48.68000030517578,35.62763977050781,7909800,NTAP
2010-09-17,49.02000045776367,49.150001525878906,48.470001220703125,49.040000915527344,35.891117095947266,8413200,NTAP
2010-09-20,49.4900016784668,49.869998931884766,49.060001373291016,49.66999816894531,36.352203369140625,6432500,NTAP
2010-09-21,49.72999954223633,49.779998779296875,47.91999816894531,48.20000076293945,35.27635192871094,10689100,NTAP
2010-09-22,47.869998931884766,48.540000915527344,47.40999984741211,48.45000076293945,35.459312438964844,10101100,NTAP
2010-09-23,48.18000030517578,48.939998626708984,47.84000015258789,48.290000915527344,35.34222412109375,7210000,NTAP
2010-09-24,49.689998626708984,50.88999938964844,49.400001525878906,50.38999938964844,36.8791618347168,9249800,NTAP
2010-09-27,50.16999816894531,50.290000915527344,49.02000045776367,49.38999938964844,36.147281646728516,5228500,NTAP
2010-09-28,49.54999923706055,51.400001525878906,49.380001068115234,51.0,37.32558059692383,10050000,NTAP
2010-09-29,50.779998779296875,51.29999923706055,50.099998474121094,50.810001373291016,37.18653869628906,6403100,NTAP
2010-09-30,49.720001220703125,50.099998474121094,48.709999084472656,49.790000915527344,36.44004440307617,12333700,NTAP
2010-10-01,49.58000183105469,50.099998474121094,48.470001220703125,48.63999938964844,35.598365783691406,10208300,NTAP
2010-10-04,48.68000030517578,49.900001525878906,48.540000915527344,49.33000183105469,36.10337448120117,6729500,NTAP
2010-10-05,50.0,51.27000045776367,49.7400016784668,50.91999816894531,37.26704788208008,7879500,NTAP
2010-10-06,51.060001373291016,51.099998474121094,47.20000076293945,47.70000076293945,34.9104118347168,14803600,NTAP
2010-10-07,48.0,48.650001525878906,46.869998931884766,48.279998779296875,35.33489990234375,9399700,NTAP
2010-10-08,48.2599983215332,48.86000061035156,47.029998779296875,48.7599983215332,35.68619155883789,6402200,NTAP
2010-10-11,48.84000015258789,48.88999938964844,47.88999938964844,48.040000915527344,35.15925216674805,4095400,NTAP
2010-10-12,47.939998626708984,48.880001068115234,46.97999954223633,48.77000045776367,35.69352340698242,5440100,NTAP
2010-10-13,49.29999923706055,49.77000045776367,49.029998779296875,49.619998931884766,36.31560516357422,6097600,NTAP
2010-10-14,50.119998931884766,50.849998474121094,49.939998626708984,50.38999938964844,36.8791618347168,7832100,NTAP
2010-10-15,51.0099983215332,51.029998779296875,49.81999969482422,50.33000183105469,36.835243225097656,6318000,NTAP
2010-10-18,50.25,50.349998474121094,49.70000076293945,50.29999923706055,36.81328201293945,5188000,NTAP
2010-10-19,49.560001373291016,51.77000045776367,49.0,51.0,37.32558059692383,10226500,NTAP
2010-10-20,51.36000061035156,52.40999984741211,51.09000015258789,51.66999816894531,37.81594467163086,6098400,NTAP
2010-10-21,52.31999969482422,52.369998931884766,50.0,50.959999084472656,37.296321868896484,5393400,NTAP
2010-10-22,51.0,52.41999816894531,50.900001525878906,51.970001220703125,38.03553009033203,3763300,NTAP
2010-10-25,52.2400016784668,52.709999084472656,51.66999816894531,51.900001525878906,37.98428726196289,3963200,NTAP
2010-10-26,51.90999984741211,52.70000076293945,51.33000183105469,52.310001373291016,38.284358978271484,3757900,NTAP
2010-10-27,52.4900016784668,53.65999984741211,52.31999969482422,53.08000183105469,38.8478889465332,4966100,NTAP
2010-10-28,53.38999938964844,53.439998626708984,52.099998474121094,52.810001373291016,38.65028762817383,3655500,NTAP
2010-10-29,52.630001068115234,53.599998474121094,52.560001373291016,53.25,38.97231674194336,3520500,NTAP
2010-11-01,53.630001068115234,54.04999923706055,52.95000076293945,53.279998779296875,38.994266510009766,3943000,NTAP
2010-11-02,53.56999969482422,54.189998626708984,53.459999084472656,53.599998474121094,39.22846984863281,2741900,NTAP
2010-11-03,53.7599983215332,53.970001220703125,52.75,53.75,39.338260650634766,2762400,NTAP
2010-11-04,54.36000061035156,55.459999084472656,54.22999954223633,54.93000030517578,40.20186233520508,6482600,NTAP
2010-11-05,55.060001373291016,55.7599983215332,54.650001525878906,55.099998474121094,40.326290130615234,3774300,NTAP
2010-11-08,55.099998474121094,56.0,54.86000061035156,55.970001220703125,40.96302795410156,4132900,NTAP
2010-11-09,55.93000030517578,57.209999084472656,55.90999984741211,56.630001068115234,41.446048736572266,6165600,NTAP
2010-11-10,56.83000183105469,57.959999084472656,56.0,56.900001525878906,41.643653869628906,6769200,NTAP
2010-11-11,55.56999969482422,55.880001068115234,54.43000030517578,55.439998626708984,40.57512664794922,8442000,NTAP
2010-11-12,55.11000061035156,55.5,52.95000076293945,54.11000061035156,39.60171890258789,7336300,NTAP
2010-11-15,53.79999923706055,54.93000030517578,53.5,53.93000030517578,39.46998977661133,4925300,NTAP
2010-11-16,53.95000076293945,54.77000045776367,52.310001373291016,52.689998626708984,38.56245803833008,9604400,NTAP
2010-11-17,52.70000076293945,54.779998779296875,48.599998474121094,49.25,36.0448112487793,27717700,NTAP
2010-11-18,52.58000183105469,53.56999969482422,51.47999954223633,53.119998931884766,38.87716293334961,19544200,NTAP
2010-11-19,52.88999938964844,53.5,51.27000045776367,51.459999084472656,37.66225814819336,9498500,NTAP
2010-11-22,50.91999816894531,52.779998779296875,50.900001525878906,52.220001220703125,38.218475341796875,6317700,NTAP
2010-11-23,51.5,51.959999084472656,50.380001068115234,50.849998474121094,37.215816497802734,6353700,NTAP
2010-11-24,51.36000061035156,51.61000061035156,50.81999969482422,51.38999938964844,37.611026763916016,6253100,NTAP
2010-11-26,50.81999969482422,51.13999938964844,50.34000015258789,51.04999923706055,37.3621826171875,1754400,NTAP
2010-11-29,50.45000076293945,51.150001525878906,50.11000061035156,50.93000030517578,37.27436828613281,4675400,NTAP
2010-11-30,50.29999923706055,51.150001525878906,50.0,50.93000030517578,37.27436828613281,5336000,NTAP
2010-12-01,51.5099983215332,52.290000915527344,51.4900016784668,52.189998626708984,38.1965217590332,6763900,NTAP
2010-12-02,51.869998931884766,53.9900016784668,51.7599983215332,53.84000015258789,39.40412139892578,7408400,NTAP
2010-12-03,53.59000015258789,54.56999969482422,53.380001068115234,54.06999969482422,39.57245635986328,4054700,NTAP
2010-12-06,53.970001220703125,54.06999969482422,52.83000183105469,53.27000045776367,38.98696517944336,4667100,NTAP
2010-12-07,53.84000015258789,54.33000183105469,53.20000076293945,53.630001068115234,39.25043487548828,5088500,NTAP
2010-12-08,53.810001373291016,55.209999084472656,53.11000061035156,55.130001068115234,40.348243713378906,6075100,NTAP
2010-12-09,55.25,55.369998931884766,54.290000915527344,54.54999923706055,39.92374801635742,4208100,NTAP
2010-12-10,54.790000915527344,54.869998931884766,53.91999816894531,54.150001525878906,39.63100051879883,4999500,NTAP
2010-12-13,55.060001373291016,56.54999923706055,54.959999084472656,55.58000183105469,40.67758560180664,8143300,NTAP
2010-12-14,55.45000076293945,55.5099983215332,52.93000030517578,53.4900016784668,39.14796447753906,7712200,NTAP
2010-12-15,53.439998626708984,53.88999938964844,52.43000030517578,52.66999816894531,38.54781723022461,5690700,NTAP
2010-12-16,52.849998474121094,54.2599983215332,52.77000045776367,53.709999084472656,39.3089714050293,3625200,NTAP
2010-12-17,53.630001068115234,54.060001373291016,53.18000030517578,53.79999923706055,39.37483596801758,6254300,NTAP
2010-12-20,54.86000061035156,55.4900016784668,54.59000015258789,55.349998474121094,40.509246826171875,5070000,NTAP
2010-12-21,55.720001220703125,56.0,55.08000183105469,55.310001373291016,40.47996520996094,3064700,NTAP
2010-12-22,55.099998474121094,55.400001525878906,54.54999923706055,55.04999923706055,40.289676666259766,2172800,NTAP
2010-12-23,54.90999984741211,55.099998474121094,54.56999969482422,54.790000915527344,40.09939956665039,1875500,NTAP
2010-12-27,54.66999816894531,55.290000915527344,54.0099983215332,55.02000045776367,40.26774597167969,1284800,NTAP
2010-12-28,55.08000183105469,55.22999954223633,54.29999923706055,54.709999084472656,40.04084396362305,1456600,NTAP
2010-12-29,54.790000915527344,55.119998931884766,54.33000183105469,54.709999084472656,40.04084396362305,1376000,NTAP
2010-12-30,54.65999984741211,55.06999969482422,54.33000183105469,54.900001525878906,40.179927825927734,1562800,NTAP
2010-12-31,54.900001525878906,55.040000915527344,54.36000061035156,54.959999084472656,40.22382736206055,1807200,NTAP
2011-01-03,55.52000045776367,57.5099983215332,55.27000045776367,57.40999984741211,42.016910552978516,7446100,NTAP
2011-01-04,57.33000183105469,57.779998779296875,56.56999969482422,57.380001068115234,41.994956970214844,5877300,NTAP
2011-01-05,57.029998779296875,58.119998931884766,56.61000061035156,57.869998931884766,42.353580474853516,3911700,NTAP
2011-01-06,57.97999954223633,58.63999938964844,57.25,57.4900016784668,42.07545852661133,4680900,NTAP
2011-01-07,57.27000045776367,57.75,56.34000015258789,57.20000076293945,41.863224029541016,4176200,NTAP
2011-01-10,57.0,58.43000030517578,56.33000183105469,58.220001220703125,42.60972595214844,4508900,NTAP
2011-01-11,58.779998779296875,58.79999923706055,57.4900016784668,58.279998779296875,42.65363693237305,4180100,NTAP
2011-01-12,59.040000915527344,59.709999084472656,58.22999954223633,58.93000030517578,43.129356384277344,4553000,NTAP
2011-01-13,58.790000915527344,59.029998779296875,58.380001068115234,58.619998931884766,42.90248489379883,3413400,NTAP
2011-01-14,58.56999969482422,59.650001525878906,58.52000045776367,59.47999954223633,43.53189468383789,2862300,NTAP
2011-01-18,59.380001068115234,59.790000915527344,58.650001525878906,58.9900016784668,43.17327880859375,2592700,NTAP
2011-01-19,58.7400016784668,59.040000915527344,57.06999969482422,57.630001068115234,42.17792892456055,3854000,NTAP
2011-01-20,55.689998626708984,56.79999923706055,55.25,56.220001220703125,41.14597702026367,6791500,NTAP
2011-01-21,56.47999954223633,57.150001525878906,55.599998474121094,55.77000045776367,40.8166389465332,5404200,NTAP
2011-01-24,55.72999954223633,56.04999923706055,54.959999084472656,55.54999923706055,40.655635833740234,4287800,NTAP
2011-01-25,54.970001220703125,54.970001220703125,53.13999938964844,53.70000076293945,39.301666259765625,8146200,NTAP
2011-01-26,53.83000183105469,55.400001525878906,53.709999084472656,55.16999816894531,40.37751770019531,4298000,NTAP
2011-01-27,55.56999969482422,55.970001220703125,54.849998474121094,55.33000183105469,40.49462127685547,8511700,NTAP
2011-01-28,55.2400016784668,55.849998474121094,53.5099983215332,54.029998779296875,39.54317092895508,4921900,NTAP
2011-01-31,53.90999984741211,55.099998474121094,53.869998931884766,54.72999954223633,40.05549240112305,3955100,NTAP
2011-02-01,55.209999084472656,56.79999923706055,54.91999816894531,56.52000045776367,41.36555099487305,4119400,NTAP
2011-02-02,56.43000030517578,57.709999084472656,56.31999969482422,57.11000061035156,41.79734420776367,3810100,NTAP
2011-02-03,57.13999938964844,57.61000061035156,56.369998931884766,57.0099983215332,41.72415542602539,2426900,NTAP
2011-02-04,57.400001525878906,58.130001068115234,57.29999923706055,57.93000030517578,42.397483825683594,3336500,NTAP
2011-02-07,58.59000015258789,59.47999954223633,58.38999938964844,58.63999938964844,42.91712188720703,3811200,NTAP
2011-02-08,58.7400016784668,59.560001373291016,58.25,59.310001373291016,43.40746307373047,2845900,NTAP
2011-02-09,59.11000061035156,59.9900016784668,58.5099983215332,59.77000045776367,43.744136810302734,4024000,NTAP
2011-02-10,59.13999938964844,60.630001068115234,59.029998779296875,60.540000915527344,44.30767059326172,4867600,NTAP
2011-02-11,60.369998931884766,61.02000045776367,59.31999969482422,60.599998474121094,44.35158157348633,4215700,NTAP
2011-02-14,60.70000076293945,60.70000076293945,59.15999984741211,59.619998931884766,43.63434982299805,4159900,NTAP
2011-02-15,59.380001068115234,59.5099983215332,58.290000915527344,58.439998626708984,42.77073669433594,4724600,NTAP
2011-02-16,59.040000915527344,59.189998626708984,58.189998626708984,58.540000915527344,42.843929290771484,7933400,NTAP
2011-02-17,54.27000045776367,55.099998474121094,52.220001220703125,54.77000045776367,40.08476257324219,30152400,NTAP
2011-02-18,54.900001525878906,55.25,52.68000030517578,53.04999923706055,38.82593536376953,11238000,NTAP
2011-02-22,52.220001220703125,52.36000061035156,51.20000076293945,51.84000015258789,37.94036865234375,10783000,NTAP
2011-02-23,51.47999954223633,51.52000045776367,49.81999969482422,50.63999938964844,37.0621223449707,10523700,NTAP
2011-02-24,50.45000076293945,51.040000915527344,50.290000915527344,50.84000015258789,37.20849609375,9859800,NTAP
2011-02-25,51.2599983215332,52.7400016784668,51.220001220703125,52.470001220703125,38.40144729614258,8850800,NTAP
2011-02-28,52.40999984741211,52.63999938964844,51.040000915527344,51.65999984741211,37.80862808227539,6366400,NTAP
2011-03-01,51.93000030517578,52.130001068115234,50.310001373291016,50.630001068115234,37.05480194091797,7077400,NTAP
2011-03-02,50.47999954223633,52.060001373291016,50.439998626708984,51.08000183105469,37.3841438293457,4690500,NTAP
2011-03-03,51.540000915527344,52.83000183105469,51.25,52.459999084472656,38.39414596557617,5331300,NTAP
2011-03-04,52.470001220703125,52.68000030517578,51.380001068115234,52.04999923706055,38.09405517578125,3282900,NTAP
2011-03-07,52.33000183105469,52.33000183105469,50.470001220703125,51.130001068115234,37.420745849609375,3481200,NTAP
2011-03-08,51.20000076293945,51.95000076293945,50.560001373291016,51.650001525878906,37.80132293701172,2657600,NTAP
2011-03-09,51.38999938964844,51.79999923706055,50.349998474121094,51.540000915527344,37.72080993652344,4033000,NTAP
2011-03-10,48.75,48.75,46.56999969482422,48.40999984741211,35.43003845214844,24875200,NTAP
2011-03-11,48.060001373291016,48.439998626708984,47.2599983215332,47.52000045776367,34.77867889404297,10582000,NTAP
2011-03-14,47.099998474121094,47.79999923706055,46.31999969482422,46.380001068115234,33.9443359375,10975400,NTAP
2011-03-15,44.560001373291016,46.79999923706055,44.5,46.52000045776367,34.04679870605469,10952000,NTAP
2011-03-16,46.150001525878906,47.439998626708984,45.93000030517578,46.77000045776367,34.22976303100586,9649400,NTAP
2011-03-17,47.439998626708984,47.7599983215332,46.849998474121094,46.97999954223633,34.383453369140625,7853700,NTAP
2011-03-18,47.52000045776367,48.70000076293945,47.290000915527344,48.689998626708984,35.63496780395508,12382500,NTAP
2011-03-21,49.04999923706055,49.290000915527344,48.45000076293945,48.56999969482422,35.5471305847168,5464400,NTAP
2011-03-22,48.75,48.84000015258789,47.720001220703125,48.11000061035156,35.21047592163086,3850700,NTAP
2011-03-23,47.880001068115234,48.2599983215332,47.29999923706055,47.95000076293945,35.0933723449707,3940900,NTAP
2011-03-24,48.349998474121094,49.040000915527344,47.7400016784668,48.95000076293945,35.825252532958984,4152600,NTAP
2011-03-25,49.220001220703125,49.40999984741211,47.95000076293945,48.61000061035156,35.576419830322266,5071300,NTAP
2011-03-28,48.810001373291016,48.81999969482422,47.5,47.619998931884766,34.85185623168945,3967800,NTAP
2011-03-29,47.47999954223633,48.72999954223633,47.18000030517578,48.27000045776367,35.327571868896484,4278600,NTAP
2011-03-30,48.599998474121094,48.63999938964844,47.52000045776367,48.0099983215332,35.13729476928711,5281200,NTAP
2011-03-31,48.040000915527344,48.86000061035156,47.560001373291016,48.150001525878906,35.23976135253906,7749300,NTAP
2011-04-01,48.38999938964844,48.970001220703125,48.0,48.20000076293945,35.27635192871094,6648800,NTAP
2011-04-04,48.130001068115234,48.369998931884766,45.400001525878906,45.70000076293945,33.44666290283203,11262300,NTAP
2011-04-05,45.88999938964844,46.369998931884766,45.560001373291016,46.04999923706055,33.70281982421875,7044700,NTAP
2011-04-06,46.29999923706055,46.959999084472656,46.150001525878906,46.70000076293945,34.17853546142578,6142800,NTAP
2011-04-07,46.56999969482422,47.25,46.31999969482422,46.66999816894531,34.156578063964844,4884400,NTAP
2011-04-08,46.70000076293945,47.15999984741211,46.45000076293945,46.790000915527344,34.24441909790039,3908000,NTAP
2011-04-11,46.65999984741211,47.15999984741211,46.22999954223633,47.130001068115234,34.493247985839844,4476900,NTAP
2011-04-12,46.9900016784668,47.880001068115234,46.689998626708984,47.83000183105469,35.005558013916016,8033600,NTAP
2011-04-13,48.220001220703125,49.06999969482422,47.959999084472656,48.58000183105469,35.554466247558594,8117600,NTAP
2011-04-14,48.16999816894531,48.849998474121094,47.66999816894531,48.41999816894531,35.43736267089844,7170000,NTAP
2011-04-15,48.41999816894531,48.9900016784668,48.13999938964844,48.560001373291016,35.539817810058594,8152200,NTAP
2011-04-18,47.84000015258789,48.34000015258789,47.34000015258789,48.11000061035156,35.21047592163086,4888000,NTAP
2011-04-19,48.09000015258789,48.099998474121094,47.040000915527344,47.5,34.76403045654297,5681900,NTAP
2011-04-20,48.380001068115234,49.279998779296875,48.029998779296875,49.0,35.86184310913086,5311600,NTAP
2011-04-21,49.349998474121094,51.36000061035156,49.27000045776367,51.02000045776367,37.34023666381836,10176300,NTAP
2011-04-25,51.70000076293945,52.880001068115234,51.08000183105469,51.939998626708984,38.0135612487793,7676400,NTAP
2011-04-26,52.06999969482422,52.880001068115234,51.86000061035156,52.279998779296875,38.26240539550781,5000000,NTAP
2011-04-27,52.619998931884766,52.68000030517578,51.54999923706055,52.560001373291016,38.467323303222656,4134800,NTAP
2011-04-28,52.34000015258789,52.63999938964844,51.29999923706055,52.40999984741211,38.357540130615234,5500000,NTAP
2011-04-29,52.459999084472656,52.75,51.91999816894531,52.11000061035156,38.137977600097656,6400000,NTAP
2011-05-02,52.52000045776367,52.599998474121094,51.529998779296875,51.70000076293945,37.837921142578125,4074500,NTAP
2011-05-03,51.790000915527344,52.279998779296875,51.59000015258789,52.04999923706055,38.09405517578125,3600000,NTAP
2011-05-04,51.900001525878906,52.20000076293945,51.02000045776367,51.880001068115234,37.96964645385742,4299600,NTAP
2011-05-05,51.380001068115234,52.65999984741211,51.310001373291016,51.5,37.691524505615234,3100900,NTAP
2011-05-06,51.970001220703125,53.630001068115234,51.86000061035156,53.29999923706055,39.008907318115234,5497900,NTAP
2011-05-09,53.33000183105469,53.630001068115234,52.810001373291016,53.16999816894531,38.91376495361328,3309400,NTAP
2011-05-10,53.5,54.369998931884766,53.2400016784668,54.209999084472656,39.6749153137207,4177300,NTAP
2011-05-11,55.0,55.18000030517578,53.4900016784668,53.970001220703125,39.499267578125,5200000,NTAP
2011-05-12,53.790000915527344,54.97999954223633,53.68000030517578,53.9900016784668,39.51388931274414,4700000,NTAP
2011-05-13,54.7400016784668,54.7400016784668,53.68000030517578,53.9900016784668,39.51388931274414,3180800,NTAP
2011-05-16,53.66999816894531,54.08000183105469,52.9900016784668,53.099998474121094,38.86253356933594,3036700,NTAP
2011-05-17,52.849998474121094,53.29999923706055,51.959999084472656,52.279998779296875,38.26240539550781,4468500,NTAP
2011-05-18,52.380001068115234,54.029998779296875,52.02000045776367,53.61000061035156,39.23579406738281,2962000,NTAP
2011-05-19,53.88999938964844,54.470001220703125,53.439998626708984,54.45000076293945,39.850563049316406,3581600,NTAP
2011-05-20,54.369998931884766,54.47999954223633,53.61000061035156,53.70000076293945,39.301666259765625,4609100,NTAP
2011-05-23,52.79999923706055,53.099998474121094,52.5,52.81999969482422,38.657615661621094,2900000,NTAP
2011-05-24,52.77000045776367,52.869998931884766,51.380001068115234,51.470001220703125,37.66957092285156,6597100,NTAP
2011-05-25,51.84000015258789,52.290000915527344,51.02000045776367,51.72999954223633,37.85985565185547,10396200,NTAP
2011-05-26,53.189998626708984,56.4900016784668,52.900001525878906,55.310001373291016,40.47996520996094,18961600,NTAP
2011-05-27,54.90999984741211,55.459999084472656,54.720001220703125,55.33000183105469,40.49462127685547,4947400,NTAP
2011-05-31,55.720001220703125,55.880001068115234,54.36000061035156,54.77000045776367,40.08476257324219,5483000,NTAP
2011-06-01,54.380001068115234,55.08000183105469,53.209999084472656,53.220001220703125,38.95036697387695,5216700,NTAP
2011-06-02,53.040000915527344,54.09000015258789,52.90999984741211,53.310001373291016,39.016231536865234,3312900,NTAP
2011-06-03,52.59000015258789,52.9900016784668,51.84000015258789,51.939998626708984,38.0135612487793,3938600,NTAP
2011-06-06,51.63999938964844,51.689998626708984,50.130001068115234,50.38999938964844,36.8791618347168,7190700,NTAP
2011-06-07,50.650001525878906,51.65999984741211,50.54999923706055,50.650001525878906,37.06943893432617,6532000,NTAP
2011-06-08,50.45000076293945,50.77000045776367,49.540000915527344,49.97999954223633,36.5790901184082,4245800,NTAP
2011-06-09,50.08000183105469,50.349998474121094,49.63999938964844,50.20000076293945,36.74009323120117,3588800,NTAP
2011-06-10,49.72999954223633,50.27000045776367,48.95000076293945,49.0099983215332,35.86914825439453,4613600,NTAP
2011-06-13,48.97999954223633,49.119998931884766,48.310001373291016,48.84000015258789,35.7447509765625,3750700,NTAP
2011-06-14,49.27000045776367,50.13999938964844,49.189998626708984,49.869998931884766,36.49858856201172,4093700,NTAP
2011-06-15,50.34000015258789,51.849998474121094,49.68000030517578,50.54999923706055,36.996238708496094,9083700,NTAP
2011-06-16,50.52000045776367,51.209999084472656,49.0099983215332,49.650001525878906,36.33758544921875,5531400,NTAP
2011-06-17,50.45000076293945,50.810001373291016,49.2400016784668,49.349998474121094,36.11799621582031,5970500,NTAP
2011-06-20,49.18000030517578,49.91999816894531,49.09000015258789,49.709999084472656,36.3814811706543,3590700,NTAP
2011-06-21,49.779998779296875,51.15999984741211,49.33000183105469,50.90999984741211,37.25971603393555,4573900,NTAP
2011-06-22,50.5099983215332,51.5,50.029998779296875,50.709999084472656,37.11335372924805,4338300,NTAP
2011-06-23,49.95000076293945,51.310001373291016,49.65999984741211,51.2599983215332,37.51588439941406,5731600,NTAP
2011-06-24,50.86000061035156,51.06999969482422,49.150001525878906,49.220001220703125,36.02287292480469,10224800,NTAP
2011-06-27,49.380001068115234,50.630001068115234,49.040000915527344,50.41999816894531,36.901119232177734,5372500,NTAP
2011-06-28,50.540000915527344,51.22999954223633,50.43000030517578,50.720001220703125,37.12068176269531,4505400,NTAP
2011-06-29,50.79999923706055,51.029998779296875,49.630001068115234,49.959999084472656,36.564453125,7026100,NTAP
2011-06-30,50.36000061035156,53.29999923706055,50.040000915527344,52.779998779296875,38.62832260131836,14208800,NTAP
2011-07-01,53.5099983215332,54.56999969482422,53.06999969482422,54.31999969482422,39.75542449951172,8717600,NTAP
2011-07-05,54.130001068115234,54.31999969482422,53.459999084472656,53.939998626708984,39.4773063659668,4750400,NTAP
2011-07-06,53.7400016784668,54.25,53.11000061035156,53.4900016784668,39.14796447753906,4152000,NTAP
2011-07-07,53.95000076293945,54.18000030517578,53.0,53.900001525878906,39.44804000854492,4113900,NTAP
2011-07-08,53.29999923706055,53.66999816894531,52.599998474121094,53.47999954223633,39.140647888183594,5155500,NTAP
2011-07-11,53.04999923706055,53.939998626708984,52.150001525878906,52.560001373291016,38.467323303222656,5198800,NTAP
2011-07-12,52.470001220703125,52.70000076293945,51.790000915527344,51.970001220703125,38.03553009033203,5297400,NTAP
2011-07-13,52.4900016784668,52.75,51.15999984741211,51.22999954223633,37.49393844604492,5077400,NTAP
2011-07-14,51.4900016784668,51.70000076293945,49.52000045776367,49.630001068115234,36.32292938232422,8459700,NTAP
2011-07-15,49.900001525878906,50.779998779296875,49.84000015258789,50.65999984741211,37.076759338378906,5385800,NTAP
2011-07-18,50.290000915527344,50.86000061035156,49.540000915527344,50.18000030517578,36.725440979003906,4939500,NTAP
2011-07-19,50.650001525878906,51.9900016784668,50.54999923706055,51.79999923706055,37.91108322143555,4434100,NTAP
2011-07-20,52.09000015258789,52.09000015258789,50.0,50.04999923706055,36.63032531738281,4961900,NTAP
2011-07-21,50.150001525878906,50.58000183105469,48.959999084472656,49.75,36.4107551574707,4619300,NTAP
2011-07-22,50.029998779296875,51.529998779296875,49.869998931884766,51.08000183105469,37.3841438293457,4971600,NTAP
2011-07-25,50.58000183105469,51.040000915527344,49.75,49.79999923706055,36.44735336303711,4069900,NTAP
2011-07-26,49.77000045776367,50.5099983215332,49.310001373291016,50.18000030517578,36.725440979003906,4808400,NTAP
2011-07-27,49.619998931884766,49.7400016784668,47.16999816894531,47.279998779296875,34.60302734375,9603600,NTAP
2011-07-28,47.25,49.099998474121094,46.90999984741211,47.90999984741211,35.0640869140625,9169000,NTAP
2011-07-29,47.310001373291016,48.31999969482422,46.900001525878906,47.52000045776367,34.77867889404297,5545600,NTAP
2011-08-01,48.18000030517578,48.2400016784668,45.720001220703125,46.25,33.84920120239258,8153400,NTAP
2011-08-02,45.720001220703125,46.060001373291016,44.81999969482422,44.939998626708984,32.89044952392578,10455200,NTAP
2011-08-03,44.91999816894531,46.150001525878906,44.47999954223633,45.90999984741211,33.60035705566406,10773700,NTAP
2011-08-04,45.310001373291016,45.310001373291016,43.310001373291016,43.33000183105469,31.71213722229004,8788000,NTAP
2011-08-05,43.5,43.650001525878906,40.72999954223633,41.869998931884766,30.643587112426758,16454500,NTAP
2011-08-08,40.45000076293945,41.16999816894531,39.20000076293945,39.310001373291016,28.76998519897461,15523600,NTAP
2011-08-09,40.150001525878906,41.7599983215332,39.310001373291016,41.720001220703125,30.533802032470703,14055400,NTAP
2011-08-10,40.95000076293945,42.77000045776367,40.25,40.959999084472656,29.977571487426758,11621900,NTAP
2011-08-11,41.13999938964844,43.310001373291016,40.939998626708984,42.68000030517578,31.236392974853516,8742500,NTAP
2011-08-12,42.900001525878906,44.130001068115234,42.58000183105469,43.41999816894531,31.777986526489258,6491000,NTAP
2011-08-15,44.33000183105469,44.9900016784668,43.41999816894531,44.310001373291016,32.42935562133789,5851100,NTAP
2011-08-16,43.79999923706055,44.099998474121094,42.4900016784668,43.029998779296875,31.492565155029297,6771600,NTAP
2011-08-17,42.7599983215332,43.470001220703125,41.220001220703125,41.65999984741211,30.489892959594727,13820200,NTAP
2011-08-18,35.709999084472656,35.91999816894531,33.31999969482422,35.810001373291016,26.20842933654785,41003500,NTAP
2011-08-19,34.849998474121094,36.869998931884766,34.790000915527344,35.95000076293945,26.310890197753906,14439500,NTAP
2011-08-22,36.84000015258789,36.9900016784668,35.220001220703125,35.790000915527344,26.193782806396484,13142400,NTAP
2011-08-23,35.97999954223633,37.880001068115234,35.97999954223633,37.790000915527344,27.657529830932617,12038200,NTAP
2011-08-24,37.63999938964844,38.130001068115234,36.810001373291016,38.0099983215332,27.81854248046875,11079000,NTAP
2011-08-25,37.79999923706055,38.290000915527344,36.61000061035156,36.849998474121094,26.969579696655273,9799500,NTAP
2011-08-26,36.61000061035156,36.90999984741211,35.25,36.540000915527344,26.742692947387695,12515700,NTAP
2011-08-29,36.79999923706055,37.54999923706055,36.029998779296875,37.31999969482422,27.313554763793945,13695200,NTAP
2011-08-30,37.279998779296875,37.68000030517578,36.720001220703125,37.38999938964844,27.364788055419922,6399400,NTAP
2011-08-31,37.630001068115234,38.29999923706055,37.349998474121094,37.619998931884766,27.533109664916992,5469000,NTAP
2011-09-01,37.790000915527344,38.25,37.040000915527344,37.209999084472656,27.23304557800293,4876100,NTAP
2011-09-02,36.5,36.849998474121094,35.380001068115234,35.810001373291016,26.20842933654785,6191500,NTAP
2011-09-06,34.689998626708984,35.400001525878906,34.61000061035156,35.27000045776367,25.813213348388672,7066000,NTAP
2011-09-07,35.959999084472656,36.470001220703125,35.599998474121094,36.310001373291016,26.574365615844727,7204500,NTAP
2011-09-08,36.11000061035156,37.29999923706055,36.02000045776367,36.459999084472656,26.68414306640625,8684700,NTAP
2011-09-09,36.150001525878906,36.58000183105469,35.09000015258789,35.68000030517578,26.113279342651367,7451900,NTAP
2011-09-12,35.04999923706055,36.36000061035156,34.959999084472656,36.29999923706055,26.567047119140625,6294000,NTAP
2011-09-13,36.459999084472656,37.02000045776367,36.150001525878906,36.790000915527344,26.92565155029297,5600500,NTAP
2011-09-14,36.880001068115234,37.31999969482422,36.119998931884766,36.68000030517578,26.845155715942383,9679700,NTAP
2011-09-15,37.150001525878906,38.349998474121094,37.029998779296875,38.06999969482422,27.862455368041992,8464300,NTAP
2011-09-16,38.290000915527344,38.689998626708984,37.279998779296875,37.790000915527344,27.657529830932617,6670000,NTAP
2011-09-19,37.43000030517578,37.599998474121094,35.79999923706055,36.349998474121094,26.60362434387207,8759000,NTAP
2011-09-20,36.400001525878906,36.93000030517578,35.13999938964844,35.2599983215332,25.805885314941406,9941700,NTAP
2011-09-21,35.33000183105469,37.33000183105469,34.869998931884766,35.88999938964844,26.26697540283203,11598500,NTAP
2011-09-22,34.720001220703125,35.380001068115234,34.150001525878906,35.040000915527344,25.644886016845703,10980500,NTAP
2011-09-23,34.75,35.470001220703125,34.34000015258789,35.119998931884766,25.703433990478516,5905800,NTAP
2011-09-26,35.34000015258789,35.83000183105469,34.65999984741211,35.810001373291016,26.20842933654785,5403600,NTAP
2011-09-27,36.41999816894531,36.93000030517578,35.790000915527344,36.040000915527344,26.37675666809082,5029600,NTAP
2011-09-28,36.04999923706055,36.18000030517578,34.77000045776367,34.959999084472656,25.586328506469727,6489400,NTAP
2011-09-29,35.54999923706055,35.779998779296875,34.20000076293945,34.970001220703125,25.593650817871094,6901900,NTAP
2011-09-30,34.52000045776367,34.70000076293945,33.810001373291016,33.93000030517578,24.83249855041504,7541100,NTAP
2011-10-03,34.150001525878906,34.88999938964844,33.439998626708984,33.63999938964844,24.62025260925293,8837100,NTAP
2011-10-04,33.25,34.91999816894531,33.0,34.83000183105469,25.49118423461914,7182500,NTAP
2011-10-05,34.7599983215332,36.58000183105469,34.380001068115234,36.22999954223633,26.515810012817383,8387500,NTAP
2011-10-06,36.16999816894531,37.61000061035156,36.0099983215332,37.34000015258789,27.328195571899414,6753400,NTAP
2011-10-07,37.279998779296875,38.220001220703125,37.119998931884766,37.290000915527344,27.29161262512207,6062500,NTAP
2011-10-10,38.060001373291016,38.88999938964844,37.7599983215332,38.310001373291016,28.038114547729492,3607300,NTAP
2011-10-11,38.150001525878906,39.349998474121094,37.86000061035156,38.650001525878906,28.286954879760742,4421300,NTAP
2011-10-12,38.959999084472656,39.189998626708984,38.349998474121094,38.88999938964844,28.46259307861328,6489400,NTAP
2011-10-13,38.72999954223633,39.11000061035156,38.40999984741211,38.650001525878906,28.286954879760742,5395400,NTAP
2011-10-14,39.40999984741211,39.689998626708984,38.880001068115234,39.22999954223633,28.71143341064453,4636600,NTAP
2011-10-17,38.88999938964844,38.9900016784668,37.59000015258789,38.04999923706055,27.84781837463379,7779600,NTAP
2011-10-18,38.33000183105469,39.93000030517578,37.560001373291016,39.45000076293945,28.87244415283203,8317800,NTAP
2011-10-19,39.52000045776367,39.56999969482422,38.18000030517578,38.5099983215332,28.18448257446289,6797100,NTAP
2011-10-20,38.56999969482422,38.630001068115234,36.779998779296875,37.720001220703125,27.606307983398438,7796000,NTAP
2011-10-21,38.189998626708984,38.9900016784668,37.84000015258789,38.099998474121094,27.884416580200195,6094300,NTAP
2011-10-24,38.2599983215332,39.599998474121094,38.189998626708984,39.130001068115234,28.63823699951172,6624100,NTAP
2011-10-25,38.79999923706055,38.9900016784668,38.060001373291016,38.16999816894531,27.93564224243164,4620000,NTAP
2011-10-26,38.59000015258789,39.0099983215332,37.33000183105469,38.58000183105469,28.235721588134766,8227200,NTAP
2011-10-27,39.689998626708984,42.47999954223633,39.599998474121094,41.709999084472656,30.5264835357666,11875500,NTAP
2011-10-28,41.65999984741211,42.0099983215332,41.0099983215332,41.59000015258789,30.438657760620117,6026400,NTAP
2011-10-31,40.81999969482422,41.900001525878906,40.75,40.959999084472656,29.977571487426758,6735700,NTAP
2011-11-01,39.75,40.459999084472656,38.779998779296875,39.7400016784668,29.084688186645508,9536200,NTAP
2011-11-02,40.25,40.75,39.119998931884766,40.25,29.457944869995117,5262900,NTAP
2011-11-03,40.66999816894531,42.08000183105469,39.7599983215332,41.959999084472656,30.709449768066406,6675700,NTAP
2011-11-04,41.68000030517578,42.86000061035156,41.5099983215332,42.630001068115234,31.199819564819336,6952000,NTAP
2011-11-07,42.849998474121094,43.060001373291016,42.15999984741211,42.84000015258789,31.3535099029541,7261000,NTAP
2011-11-08,43.279998779296875,44.4900016784668,43.130001068115234,43.939998626708984,32.1585807800293,9820600,NTAP
2011-11-09,42.45000076293945,42.88999938964844,41.619998931884766,42.029998779296875,30.760683059692383,7141500,NTAP
2011-11-10,42.68000030517578,42.849998474121094,41.130001068115234,41.88999938964844,30.658222198486328,7543100,NTAP
2011-11-11,42.22999954223633,42.779998779296875,42.040000915527344,42.16999816894531,30.863149642944336,5288400,NTAP
2011-11-14,41.939998626708984,42.5099983215332,41.84000015258789,42.290000915527344,30.950973510742188,7174100,NTAP
2011-11-15,42.150001525878906,42.47999954223633,41.22999954223633,41.900001525878906,30.66554832458496,7620700,NTAP
2011-11-16,41.7599983215332,41.849998474121094,40.58000183105469,40.7400016784668,29.816566467285156,11912800,NTAP
2011-11-17,36.380001068115234,36.88999938964844,35.33000183105469,35.72999954223633,26.149871826171875,31708400,NTAP
2011-11-18,35.900001525878906,35.91999816894531,34.7400016784668,34.7400016784668,25.42531967163086,9489500,NTAP
2011-11-21,34.459999084472656,35.040000915527344,33.65999984741211,34.84000015258789,25.498504638671875,11049400,NTAP
2011-11-22,34.65999984741211,35.29999923706055,34.2599983215332,35.189998626708984,25.754667282104492,13137100,NTAP
2011-11-23,34.79999923706055,35.06999969482422,34.279998779296875,34.65999984741211,25.366769790649414,8676400,NTAP
2011-11-25,34.40999984741211,34.77000045776367,34.16999816894531,34.25,25.066701889038086,3036200,NTAP
2011-11-28,34.79999923706055,35.7400016784668,34.7400016784668,35.720001220703125,26.14255142211914,5944400,NTAP
2011-11-29,35.81999969482422,36.040000915527344,35.279998779296875,35.630001068115234,26.076688766479492,5593600,NTAP
2011-11-30,36.72999954223633,36.90999984741211,36.16999816894531,36.83000183105469,26.954933166503906,6860100,NTAP
2011-12-01,36.720001220703125,37.220001220703125,36.380001068115234,36.91999816894531,27.020803451538086,6121900,NTAP
2011-12-02,37.119998931884766,37.459999084472656,36.36000061035156,36.540000915527344,26.742692947387695,5382700,NTAP
2011-12-05,37.439998626708984,38.25,37.13999938964844,37.540000915527344,27.474552154541016,5564900,NTAP
2011-12-06,37.599998474121094,37.88999938964844,36.83000183105469,37.279998779296875,27.284276962280273,4090800,NTAP
2011-12-07,37.060001373291016,37.91999816894531,36.790000915527344,37.720001220703125,27.606307983398438,4860900,NTAP
2011-12-08,37.369998931884766,37.7400016784668,36.880001068115234,37.099998474121094,27.152528762817383,4633400,NTAP
2011-12-09,37.25,38.2400016784668,36.970001220703125,38.0099983215332,27.81854248046875,4187500,NTAP
2011-12-12,37.47999954223633,37.58000183105469,36.54999923706055,37.130001068115234,27.174503326416016,5813600,NTAP
2011-12-13,37.540000915527344,38.970001220703125,37.5,37.91999816894531,27.752681732177734,8506000,NTAP
2011-12-14,37.61000061035156,37.88999938964844,36.7400016784668,37.130001068115234,27.174503326416016,4839800,NTAP
2011-12-15,37.45000076293945,37.65999984741211,36.0,36.279998779296875,26.552406311035156,5903400,NTAP
2011-12-16,36.5,37.130001068115234,35.630001068115234,35.709999084472656,26.13523292541504,7565000,NTAP
2011-12-19,35.779998779296875,35.939998626708984,35.0099983215332,35.15999984741211,25.73270034790039,4332000,NTAP
2011-12-20,35.630001068115234,36.2400016784668,35.5,36.130001068115234,26.442630767822266,6149500,NTAP
2011-12-21,35.779998779296875,36.0,34.470001220703125,35.220001220703125,25.776611328125,8500100,NTAP
2011-12-22,35.439998626708984,36.41999816894531,35.34000015258789,36.08000183105469,26.40604019165039,4357000,NTAP
2011-12-23,36.279998779296875,36.7400016784668,36.0,36.5099983215332,26.72073745727539,2596000,NTAP
2011-12-27,36.40999984741211,36.77000045776367,36.20000076293945,36.349998474121094,26.60362434387207,2361900,NTAP
2011-12-28,36.400001525878906,36.459999084472656,35.84000015258789,35.939998626708984,26.303573608398438,2426700,NTAP
2011-12-29,36.119998931884766,36.380001068115234,35.810001373291016,36.310001373291016,26.574365615844727,2357800,NTAP
2011-12-30,36.209999084472656,36.869998931884766,36.040000915527344,36.27000045776367,26.54507827758789,1925500,NTAP
2012-01-03,37.0,37.439998626708984,36.689998626708984,36.779998779296875,26.918336868286133,4300200,NTAP
2012-01-04,35.709999084472656,36.0099983215332,35.119998931884766,35.63999938964844,26.083993911743164,7319600,NTAP
2012-01-05,35.2599983215332,35.47999954223633,34.40999984741211,34.66999816894531,25.37408447265625,9831700,NTAP
2012-01-06,34.959999084472656,35.529998779296875,34.560001373291016,35.33000183105469,25.857128143310547,11554000,NTAP
2012-01-09,35.5099983215332,35.65999984741211,34.959999084472656,35.040000915527344,25.644886016845703,4949600,NTAP
2012-01-10,35.40999984741211,35.83000183105469,35.029998779296875,35.130001068115234,25.710750579833984,5417100,NTAP
2012-01-11,35.04999923706055,35.25,34.7400016784668,34.75,25.43264389038086,6126100,NTAP
2012-01-12,34.939998626708984,35.040000915527344,34.29999923706055,34.43000030517578,25.198429107666016,5963400,NTAP
2012-01-13,34.189998626708984,34.290000915527344,33.5,33.97999954223633,24.869098663330078,7189300,NTAP
2012-01-17,34.20000076293945,34.220001220703125,33.63999938964844,33.72999954223633,24.686128616333008,8130900,NTAP
2012-01-18,33.86000061035156,34.75,33.810001373291016,34.650001525878906,25.359451293945312,7177100,NTAP
2012-01-19,35.11000061035156,37.66999816894531,35.11000061035156,37.5099983215332,27.452608108520508,18668200,NTAP
2012-01-20,37.4900016784668,37.65999984741211,36.61000061035156,36.849998474121094,26.969579696655273,10130200,NTAP
2012-01-23,36.939998626708984,37.59000015258789,36.619998931884766,37.2400016784668,27.255006790161133,5666500,NTAP
2012-01-24,37.209999084472656,38.0,36.810001373291016,37.65999984741211,27.56238555908203,8730000,NTAP
2012-01-25,37.189998626708984,37.869998931884766,37.11000061035156,37.79999923706055,27.66485595703125,6121000,NTAP
2012-01-26,37.88999938964844,38.29999923706055,37.380001068115234,37.560001373291016,27.489213943481445,6276200,NTAP
2012-01-27,37.43000030517578,37.83000183105469,37.220001220703125,37.279998779296875,27.284276962280273,4956000,NTAP
2012-01-30,36.63999938964844,37.529998779296875,36.20000076293945,37.43000030517578,27.394060134887695,4845200,NTAP
2012-01-31,37.790000915527344,37.849998474121094,37.099998474121094,37.7400016784668,27.620943069458008,4908900,NTAP
2012-02-01,38.02000045776367,39.72999954223633,37.70000076293945,39.400001525878906,28.835859298706055,10359600,NTAP
2012-02-02,39.5,39.68000030517578,39.06999969482422,39.43000030517578,28.857812881469727,7470900,NTAP
2012-02-03,39.75,41.150001525878906,39.61000061035156,40.349998474121094,29.53113555908203,8273600,NTAP
2012-02-06,40.2599983215332,40.380001068115234,39.66999816894531,39.93000030517578,29.2237491607666,4686900,NTAP
2012-02-07,39.97999954223633,40.08000183105469,39.25,39.40999984741211,28.84316635131836,9920100,NTAP
2012-02-08,39.5,40.0,39.34000015258789,39.779998779296875,29.11395835876465,5125400,NTAP
2012-02-09,39.869998931884766,41.279998779296875,39.849998474121094,41.11000061035156,30.08736801147461,6232100,NTAP
2012-02-10,40.7599983215332,41.0,39.04999923706055,39.689998626708984,29.0480899810791,10044900,NTAP
2012-02-13,39.56999969482422,39.689998626708984,38.779998779296875,38.97999954223633,28.528459548950195,11830400,NTAP
2012-02-14,38.650001525878906,39.18000030517578,38.29999923706055,39.119998931884766,28.630931854248047,8062200,NTAP
2012-02-15,39.5,40.25,39.400001525878906,39.880001068115234,29.187156677246094,15069200,NTAP
2012-02-16,42.4900016784668,43.099998474121094,41.709999084472656,42.7400016784668,31.280305862426758,24995700,NTAP
2012-02-17,42.79999923706055,43.16999816894531,41.79999923706055,42.20000076293945,30.88511085510254,13794400,NTAP
2012-02-21,42.189998626708984,43.36000061035156,42.11000061035156,43.0,31.470596313476562,8706200,NTAP
2012-02-22,42.900001525878906,43.5,42.5,42.630001068115234,31.199819564819336,5269300,NTAP
2012-02-23,42.630001068115234,43.439998626708984,42.5,43.279998779296875,31.675521850585938,4651500,NTAP
2012-02-24,43.4900016784668,43.959999084472656,42.9900016784668,43.08000183105469,31.52915382385254,4647900,NTAP
2012-02-27,42.63999938964844,43.63999938964844,42.630001068115234,43.2599983215332,31.660890579223633,4804700,NTAP
2012-02-28,43.310001373291016,44.13999938964844,43.18000030517578,43.58000183105469,31.895090103149414,5450700,NTAP
2012-02-29,43.599998474121094,44.0,42.810001373291016,43.0,31.470596313476562,4242600,NTAP
2012-03-01,43.130001068115234,43.41999816894531,42.599998474121094,43.310001373291016,31.697481155395508,4238500,NTAP
2012-03-02,43.189998626708984,43.83000183105469,43.04999923706055,43.54999923706055,31.873130798339844,5011700,NTAP
2012-03-05,43.47999954223633,43.5,42.189998626708984,42.31999969482422,30.97292709350586,4766200,NTAP
2012-03-06,41.790000915527344,41.88999938964844,40.529998779296875,40.95000076293945,29.970256805419922,7031800,NTAP
2012-03-07,41.119998931884766,41.790000915527344,40.7599983215332,41.58000183105469,30.431339263916016,4841800,NTAP
2012-03-08,41.7599983215332,42.08000183105469,41.459999084472656,41.84000015258789,30.62162208557129,3857400,NTAP
2012-03-09,42.099998474121094,43.18000030517578,42.08000183105469,42.939998626708984,31.426692962646484,5836800,NTAP
2012-03-12,42.84000015258789,42.939998626708984,42.15999984741211,42.529998779296875,31.126609802246094,3311000,NTAP
2012-03-13,42.790000915527344,43.59000015258789,42.66999816894531,43.5099983215332,31.843852996826172,5235900,NTAP
2012-03-14,43.599998474121094,43.7599983215332,42.459999084472656,42.869998931884766,31.375446319580078,4556300,NTAP
2012-03-15,42.90999984741211,43.4900016784668,42.56999969482422,43.33000183105469,31.71213722229004,3367500,NTAP
2012-03-16,43.209999084472656,43.599998474121094,42.66999816894531,43.38999938964844,31.756038665771484,8612800,NTAP
2012-03-19,43.130001068115234,44.63999938964844,43.130001068115234,44.060001373291016,32.24638366699219,6322300,NTAP
2012-03-20,43.70000076293945,45.900001525878906,43.61000061035156,45.310001373291016,33.161231994628906,14044100,NTAP
2012-03-21,45.380001068115234,46.34000015258789,45.0,46.02000045776367,33.68086242675781,8562900,NTAP
2012-03-22,45.56999969482422,45.900001525878906,44.970001220703125,45.189998626708984,33.07339096069336,7534800,NTAP
2012-03-23,45.25,45.75,44.7400016784668,45.619998931884766,33.388126373291016,5329100,NTAP
2012-03-26,45.970001220703125,46.45000076293945,45.529998779296875,46.33000183105469,33.90773391723633,5238900,NTAP
2012-03-27,46.38999938964844,46.52000045776367,46.0,46.060001373291016,33.710140228271484,5044400,NTAP
2012-03-28,45.959999084472656,46.349998474121094,45.099998474121094,45.290000915527344,33.1465950012207,4053100,NTAP
2012-03-29,45.13999938964844,45.25,44.150001525878906,44.66999816894531,32.69282913208008,6683000,NTAP
2012-03-30,45.0,45.0,44.29999923706055,44.77000045776367,32.766029357910156,6185700,NTAP
2012-04-02,44.810001373291016,45.22999954223633,44.560001373291016,45.04999923706055,32.9709358215332,3750900,NTAP
2012-04-03,45.63999938964844,46.79999923706055,45.0,45.470001220703125,33.2783317565918,9062000,NTAP
2012-04-04,45.04999923706055,45.220001220703125,44.31999969482422,44.709999084472656,32.722110748291016,6200700,NTAP
2012-04-05,44.369998931884766,44.7400016784668,43.68000030517578,43.720001220703125,31.997547149658203,7552400,NTAP
2012-04-09,42.970001220703125,43.290000915527344,42.75,42.77000045776367,31.302282333374023,5780400,NTAP
2012-04-10,42.63999938964844,43.130001068115234,41.97999954223633,42.02000045776367,30.75336456298828,6394100,NTAP
2012-04-11,41.45000076293945,41.75,40.709999084472656,40.869998931884766,29.911710739135742,11695000,NTAP
2012-04-12,40.93000030517578,41.25,40.75,40.939998626708984,29.962936401367188,6661500,NTAP
2012-04-13,41.0,41.130001068115234,40.060001373291016,40.130001068115234,29.37012481689453,6662500,NTAP
2012-04-16,40.31999969482422,40.83000183105469,39.720001220703125,39.790000915527344,29.12129020690918,4798200,NTAP
2012-04-17,39.9900016784668,40.66999816894531,39.97999954223633,40.439998626708984,29.59699821472168,4070800,NTAP
2012-04-18,39.9900016784668,40.380001068115234,39.81999969482422,40.11000061035156,29.35548210144043,3439900,NTAP
2012-04-19,39.66999816894531,40.2599983215332,39.25,39.66999816894531,29.033456802368164,5628000,NTAP
2012-04-20,39.939998626708984,39.939998626708984,38.529998779296875,38.7400016784668,28.352827072143555,4851400,NTAP
2012-04-23,38.439998626708984,38.869998931884766,38.119998931884766,38.68000030517578,28.308897018432617,4676400,NTAP
2012-04-24,38.599998474121094,38.810001373291016,38.349998474121094,38.68000030517578,28.308897018432617,3979700,NTAP
2012-04-25,39.0099983215332,39.349998474121094,38.650001525878906,39.2599983215332,28.733388900756836,5307200,NTAP
2012-04-26,39.290000915527344,39.45000076293945,39.08000183105469,39.40999984741211,28.84316635131836,6028600,NTAP
2012-04-27,39.43000030517578,39.5,38.9900016784668,39.029998779296875,28.5650577545166,5018700,NTAP
2012-04-30,38.9900016784668,39.08000183105469,38.59000015258789,38.83000183105469,28.4186954498291,3933100,NTAP
2012-05-01,38.790000915527344,41.04999923706055,38.790000915527344,40.68000030517578,29.77265739440918,10741600,NTAP
2012-05-02,40.2400016784668,40.29999923706055,39.209999084472656,39.290000915527344,28.755342483520508,10515400,NTAP
2012-05-03,39.400001525878906,39.5,38.22999954223633,38.47999954223633,28.162525177001953,7183100,NTAP
2012-05-04,38.25,38.599998474121094,37.849998474121094,38.41999816894531,28.118610382080078,6308200,NTAP
2012-05-07,38.34000015258789,38.790000915527344,37.959999084472656,37.9900016784668,27.803905487060547,5025200,NTAP
2012-05-08,37.79999923706055,38.029998779296875,37.09000015258789,37.810001373291016,27.672168731689453,6155800,NTAP
2012-05-09,37.29999923706055,38.04999923706055,37.119998931884766,37.779998779296875,27.65021514892578,3932500,NTAP
2012-05-10,37.380001068115234,37.68000030517578,35.400001525878906,35.70000076293945,26.127914428710938,16178400,NTAP
2012-05-11,35.52000045776367,36.5099983215332,35.52000045776367,36.08000183105469,26.40604019165039,6085700,NTAP
2012-05-14,35.68000030517578,36.13999938964844,35.5,35.790000915527344,26.193782806396484,5173200,NTAP
2012-05-15,35.77000045776367,35.97999954223633,35.060001373291016,35.16999816894531,25.74001693725586,4623600,NTAP
2012-05-16,35.349998474121094,35.939998626708984,34.599998474121094,34.63999938964844,25.35211944580078,4608500,NTAP
2012-05-17,34.63999938964844,35.0099983215332,34.27000045776367,34.27000045776367,25.081340789794922,5066500,NTAP
2012-05-18,34.310001373291016,34.33000183105469,32.95000076293945,33.060001373291016,24.195775985717773,9694200,NTAP
2012-05-21,33.209999084472656,34.0099983215332,32.279998779296875,33.52000045776367,24.532426834106445,9724300,NTAP
2012-05-22,33.630001068115234,34.0,32.9900016784668,33.2599983215332,24.342147827148438,9828600,NTAP
2012-05-23,33.029998779296875,33.11000061035156,31.940000534057617,32.86000061035156,24.049388885498047,33098200,NTAP
2012-05-24,28.479999542236328,29.579999923706055,27.790000915527344,28.81999969482422,21.09262466430664,54215800,NTAP
2012-05-25,28.6299991607666,28.979999542236328,28.40999984741211,28.610000610351562,20.938932418823242,9390100,NTAP
2012-05-29,28.81999969482422,29.889999389648438,28.770000457763672,29.709999084472656,21.743989944458008,11572800,NTAP
2012-05-30,29.239999771118164,29.68000030517578,29.079999923706055,29.600000381469727,21.663484573364258,9061200,NTAP
2012-05-31,29.510000228881836,29.989999771118164,29.139999389648438,29.760000228881836,21.780582427978516,10509400,NTAP
2012-06-01,29.09000015258789,29.700000762939453,29.020000457763672,29.440000534057617,21.546382904052734,10066200,NTAP
2012-06-04,29.719999313354492,30.3799991607666,29.299999237060547,29.899999618530273,21.883041381835938,10506600,NTAP
2012-06-05,29.969999313354492,31.299999237060547,29.969999313354492,31.139999389648438,22.79056739807129,13614300,NTAP
2012-06-06,31.18000030517578,32.29999923706055,31.15999984741211,32.06999969482422,23.47120475769043,10348000,NTAP
2012-06-07,32.400001525878906,32.400001525878906,31.229999542236328,31.309999465942383,22.91498565673828,7405400,NTAP
2012-06-08,30.479999542236328,30.81999969482422,30.219999313354492,30.329999923706055,22.197751998901367,10394900,NTAP
2012-06-11,31.0,31.100000381469727,29.639999389648438,29.649999618530273,21.700077056884766,8659300,NTAP
2012-06-12,29.860000610351562,30.290000915527344,29.440000534057617,30.260000228881836,22.146516799926758,7550700,NTAP
2012-06-13,30.020000457763672,30.549999237060547,29.90999984741211,30.18000030517578,22.087968826293945,10210000,NTAP
2012-06-14,30.200000762939453,30.260000228881836,29.56999969482422,30.09000015258789,22.022098541259766,8984700,NTAP
2012-06-15,30.229999542236328,30.8700008392334,29.959999084472656,30.729999542236328,22.490503311157227,7788400,NTAP
2012-06-18,30.6200008392334,30.920000076293945,30.290000915527344,30.780000686645508,22.527099609375,5416000,NTAP
2012-06-19,30.8700008392334,31.059999465942383,30.639999389648438,30.899999618530273,22.614917755126953,4488700,NTAP
2012-06-20,31.049999237060547,31.329999923706055,30.68000030517578,30.969999313354492,22.66615104675293,5132800,NTAP
2012-06-21,30.940000534057617,31.1299991607666,29.5,29.549999237060547,21.626888275146484,7497900,NTAP
2012-06-22,29.549999237060547,30.239999771118164,29.5,30.15999984741211,22.073331832885742,12292000,NTAP
2012-06-25,29.770000457763672,30.170000076293945,29.6200008392334,30.020000457763672,21.970874786376953,6137200,NTAP
2012-06-26,30.1299991607666,31.329999923706055,29.610000610351562,29.65999984741211,21.7073974609375,11329100,NTAP
2012-06-27,29.690000534057617,30.639999389648438,29.5,30.59000015258789,22.388044357299805,7750100,NTAP
2012-06-28,30.200000762939453,30.56999969482422,29.549999237060547,29.889999389648438,21.875730514526367,6140200,NTAP
2012-06-29,30.5,31.829999923706055,30.290000915527344,31.81999969482422,23.288246154785156,7745400,NTAP
2012-07-02,31.719999313354492,31.790000915527344,30.729999542236328,30.950000762939453,22.651517868041992,6099100,NTAP
2012-07-03,31.0,31.15999984741211,30.899999618530273,31.100000381469727,22.761302947998047,2544400,NTAP
2012-07-05,31.010000228881836,31.290000915527344,30.93000030517578,31.1200008392334,22.77593421936035,3807000,NTAP
2012-07-06,30.649999618530273,30.8700008392334,29.450000762939453,29.760000228881836,21.780582427978516,6493900,NTAP
2012-07-09,29.719999313354492,29.799999237060547,29.030000686645508,29.139999389648438,21.326818466186523,5287200,NTAP
2012-07-10,29.479999542236328,29.59000015258789,28.639999389648438,28.829999923706055,21.099937438964844,5337200,NTAP
2012-07-11,28.899999618530273,29.600000381469727,28.440000534057617,28.760000228881836,21.0487117767334,4902400,NTAP
2012-07-12,28.56999969482422,28.639999389648438,28.1200008392334,28.3700008392334,20.763280868530273,6113400,NTAP
2012-07-13,28.420000076293945,28.809999465942383,28.3799991607666,28.600000381469727,20.931612014770508,5463900,NTAP
2012-07-16,28.43000030517578,28.8700008392334,28.360000610351562,28.6200008392334,20.94625473022461,4738100,NTAP
2012-07-17,28.850000381469727,28.850000381469727,28.149999618530273,28.540000915527344,20.887697219848633,4539500,NTAP
2012-07-18,28.850000381469727,30.81999969482422,28.829999923706055,30.260000228881836,22.146516799926758,9722500,NTAP
2012-07-19,30.299999237060547,31.360000610351562,30.149999618530273,31.1200008392334,22.77593421936035,7700300,NTAP
2012-07-20,31.0,31.940000534057617,30.850000381469727,31.190000534057617,22.827167510986328,9456000,NTAP
2012-07-23,30.68000030517578,30.829999923706055,29.920000076293945,30.600000381469727,22.395355224609375,6262100,NTAP
2012-07-24,31.540000915527344,32.18000030517578,30.959999084472656,31.239999771118164,22.863759994506836,9603000,NTAP
2012-07-25,31.149999618530273,31.93000030517578,31.059999465942383,31.469999313354492,23.032089233398438,5063700,NTAP
2012-07-26,32.02000045776367,32.38999938964844,31.700000762939453,32.09000015258789,23.485849380493164,4009000,NTAP
2012-07-27,32.2400016784668,33.20000076293945,32.04999923706055,32.90999984741211,24.08599090576172,5562900,NTAP
2012-07-30,32.86000061035156,33.189998626708984,32.310001373291016,32.4900016784668,23.77860450744629,4430500,NTAP
2012-07-31,32.47999954223633,33.08000183105469,32.11000061035156,32.66999816894531,23.91033363342285,5027900,NTAP
2012-08-01,32.84000015258789,32.869998931884766,31.600000381469727,32.09000015258789,23.485849380493164,5876500,NTAP
2012-08-02,31.90999984741211,32.63999938964844,31.389999389648438,31.610000610351562,23.134550094604492,5636800,NTAP
2012-08-03,32.25,32.9900016784668,32.20000076293945,32.34000015258789,23.668821334838867,5664500,NTAP
2012-08-06,32.630001068115234,32.650001525878906,32.0099983215332,32.060001373291016,23.463895797729492,4757100,NTAP
2012-08-07,32.630001068115234,34.189998626708984,32.380001068115234,33.45000076293945,24.481199264526367,8399400,NTAP
2012-08-08,33.25,33.33000183105469,32.7599983215332,32.97999954223633,24.137222290039062,5563100,NTAP
2012-08-09,32.380001068115234,32.91999816894531,32.0099983215332,32.130001068115234,23.515125274658203,8712800,NTAP
2012-08-10,32.13999938964844,32.779998779296875,31.850000381469727,32.58000183105469,23.844472885131836,4984600,NTAP
2012-08-13,32.86000061035156,32.86000061035156,31.5,31.809999465942383,23.280929565429688,6862500,NTAP
2012-08-14,31.969999313354492,32.060001373291016,31.309999465942383,31.420000076293945,22.995494842529297,5163700,NTAP
2012-08-15,31.549999237060547,32.369998931884766,31.549999237060547,31.75,23.237018585205078,12668200,NTAP
2012-08-16,33.040000915527344,33.369998931884766,31.219999313354492,32.970001220703125,24.129901885986328,19873600,NTAP
2012-08-17,32.970001220703125,33.61000061035156,32.529998779296875,33.459999084472656,24.48851776123047,8316000,NTAP
2012-08-20,33.34000015258789,33.43000030517578,32.93000030517578,33.08000183105469,24.210416793823242,5584100,NTAP
2012-08-21,33.04999923706055,33.349998474121094,32.939998626708984,33.13999938964844,24.254322052001953,4543300,NTAP
2012-08-22,32.97999954223633,33.459999084472656,32.83000183105469,33.38999938964844,24.437288284301758,4487900,NTAP
2012-08-23,33.31999969482422,33.7400016784668,33.04999923706055,33.400001525878906,24.44460105895996,4936500,NTAP
2012-08-24,33.720001220703125,34.91999816894531,33.70000076293945,34.779998779296875,25.454593658447266,10370700,NTAP
2012-08-27,34.720001220703125,35.130001068115234,34.38999938964844,34.90999984741211,25.54973793029785,7001800,NTAP
2012-08-28,34.84000015258789,35.119998931884766,34.439998626708984,34.68000030517578,25.381406784057617,4578600,NTAP
2012-08-29,33.95000076293945,35.04999923706055,33.84000015258789,34.93000030517578,25.56437110900879,6774900,NTAP
2012-08-30,34.650001525878906,34.650001525878906,33.90999984741211,34.130001068115234,24.978872299194336,4649800,NTAP
2012-08-31,34.4900016784668,34.86000061035156,34.02000045776367,34.52000045776367,25.26430892944336,4628000,NTAP
2012-09-04,34.369998931884766,34.84000015258789,34.0099983215332,34.619998931884766,25.337493896484375,4983500,NTAP
2012-09-05,34.61000061035156,34.86000061035156,34.25,34.54999923706055,25.286272048950195,3834300,NTAP
2012-09-06,34.7599983215332,35.59000015258789,34.400001525878906,35.560001373291016,26.025453567504883,6589800,NTAP
2012-09-07,35.459999084472656,35.97999954223633,35.16999816894531,35.79999923706055,26.201101303100586,5244200,NTAP
2012-09-10,35.65999984741211,35.91999816894531,35.029998779296875,35.08000183105469,25.674156188964844,3904100,NTAP
2012-09-11,35.08000183105469,35.470001220703125,35.04999923706055,35.18000030517578,25.74733543395996,4800500,NTAP
2012-09-12,34.29999923706055,35.439998626708984,34.2599983215332,35.20000076293945,25.76198387145996,6457200,NTAP
2012-09-13,34.959999084472656,35.45000076293945,34.619998931884766,35.279998779296875,25.820524215698242,6649800,NTAP
2012-09-14,35.5099983215332,36.40999984741211,35.470001220703125,35.810001373291016,26.20842933654785,6491000,NTAP
2012-09-17,35.7400016784668,35.880001068115234,35.16999816894531,35.40999984741211,25.915674209594727,2905200,NTAP
2012-09-18,35.439998626708984,35.59000015258789,35.099998474121094,35.459999084472656,25.952274322509766,4926700,NTAP
2012-09-19,35.43000030517578,35.90999984741211,35.43000030517578,35.7400016784668,26.15719223022461,4205400,NTAP
2012-09-20,35.47999954223633,35.70000076293945,35.2400016784668,35.5099983215332,25.988859176635742,3947200,NTAP
2012-09-21,35.7599983215332,36.310001373291016,35.56999969482422,36.2599983215332,26.537761688232422,8310700,NTAP
2012-09-24,36.02000045776367,36.15999984741211,35.18000030517578,35.400001525878906,25.908367156982422,5093000,NTAP
2012-09-25,35.619998931884766,35.779998779296875,34.400001525878906,34.41999816894531,25.191116333007812,5411400,NTAP
2012-09-26,34.29999923706055,34.43000030517578,32.880001068115234,32.970001220703125,24.129901885986328,11143900,NTAP
2012-09-27,33.060001373291016,33.43000030517578,33.0,33.22999954223633,24.3201904296875,7826700,NTAP
2012-09-28,33.130001068115234,33.290000915527344,32.7599983215332,32.880001068115234,24.064029693603516,7435900,NTAP
2012-10-01,33.7599983215332,34.040000915527344,32.75,32.939998626708984,24.107938766479492,6128600,NTAP
2012-10-02,33.06999969482422,33.11000061035156,32.16999816894531,32.45000076293945,23.74932289123535,6302300,NTAP
2012-10-03,32.599998474121094,32.619998931884766,31.1299991607666,31.3700008392334,22.958904266357422,10341200,NTAP
2012-10-04,31.43000030517578,31.43000030517578,30.799999237060547,31.040000915527344,22.717388153076172,8603200,NTAP
2012-10-05,30.81999969482422,30.950000762939453,30.139999389648438,30.59000015258789,22.388044357299805,12900100,NTAP
2012-10-08,30.3799991607666,30.84000015258789,30.239999771118164,30.520000457763672,22.336811065673828,3738500,NTAP
2012-10-09,31.139999389648438,31.219999313354492,30.149999618530273,30.209999084472656,22.109928131103516,5467400,NTAP
2012-10-10,30.030000686645508,30.079999923706055,29.219999313354492,29.309999465942383,21.451242446899414,9408200,NTAP
2012-10-11,29.709999084472656,29.799999237060547,29.079999923706055,29.190000534057617,21.36341667175293,8060500,NTAP
2012-10-12,28.959999084472656,29.3799991607666,28.8700008392334,28.93000030517578,21.173131942749023,4051500,NTAP
2012-10-15,28.989999771118164,29.239999771118164,28.809999465942383,29.190000534057617,21.36341667175293,4092800,NTAP
2012-10-16,29.34000015258789,29.889999389648438,29.260000228881836,29.770000457763672,21.787904739379883,6251800,NTAP
2012-10-17,29.59000015258789,29.959999084472656,29.059999465942383,29.899999618530273,21.883041381835938,7069500,NTAP
2012-10-18,29.969999313354492,30.43000030517578,29.81999969482422,30.270000457763672,22.15383529663086,7891400,NTAP
2012-10-19,30.299999237060547,30.389999389648438,29.889999389648438,29.950000762939453,21.91963768005371,8782800,NTAP
2012-10-22,30.010000228881836,30.059999465942383,29.729999542236328,29.899999618530273,21.883041381835938,3554300,NTAP
2012-10-23,28.549999237060547,29.270000457763672,28.520000457763672,28.770000457763672,21.056028366088867,12701900,NTAP
2012-10-24,28.25,28.84000015258789,28.0,28.18000030517578,20.62421989440918,8224500,NTAP
2012-10-25,28.43000030517578,28.530000686645508,28.030000686645508,28.1299991607666,20.58761978149414,5284600,NTAP
2012-10-26,28.030000686645508,28.40999984741211,27.6200008392334,27.8799991607666,20.404659271240234,4662700,NTAP
2012-10-31,27.989999771118164,27.989999771118164,26.829999923706055,26.90999984741211,19.69474220275879,9872900,NTAP
2012-11-01,27.239999771118164,28.290000915527344,27.059999465942383,28.100000381469727,20.565675735473633,8098200,NTAP
2012-11-02,28.670000076293945,28.709999084472656,27.700000762939453,27.739999771118164,20.302196502685547,5709800,NTAP
2012-11-05,27.6299991607666,28.100000381469727,27.6299991607666,27.979999542236328,20.477846145629883,3818000,NTAP
2012-11-06,28.0,28.209999084472656,27.93000030517578,28.139999389648438,20.59494400024414,7491100,NTAP
2012-11-07,27.850000381469727,27.950000762939453,27.299999237060547,27.729999542236328,20.294889450073242,6326700,NTAP
2012-11-08,27.75,28.059999465942383,27.309999465942383,27.309999465942383,19.98748779296875,4153200,NTAP
2012-11-09,27.270000457763672,27.670000076293945,27.200000762939453,27.34000015258789,20.00944709777832,3936000,NTAP
2012-11-12,27.399999618530273,27.65999984741211,26.75,26.81999969482422,19.628877639770508,4241500,NTAP
2012-11-13,26.5,26.760000228881836,26.260000228881836,26.329999923706055,19.2702579498291,7665800,NTAP
2012-11-14,27.25,27.5,26.8700008392334,27.1200008392334,19.84843635559082,16320600,NTAP
2012-11-15,30.219999313354492,30.799999237060547,29.700000762939453,30.200000762939453,22.102617263793945,22808000,NTAP
2012-11-16,30.25,30.360000610351562,29.469999313354492,30.260000228881836,22.146516799926758,9024400,NTAP
2012-11-19,30.510000228881836,30.90999984741211,30.020000457763672,30.889999389648438,22.607608795166016,6270700,NTAP
2012-11-20,30.75,30.889999389648438,30.450000762939453,30.610000610351562,22.40266990661621,4253700,NTAP
2012-11-21,30.719999313354492,30.780000686645508,30.34000015258789,30.450000762939453,22.28557777404785,4393800,NTAP
2012-11-23,30.709999084472656,31.170000076293945,30.520000457763672,31.149999618530273,22.797895431518555,2151000,NTAP
2012-11-26,31.1200008392334,31.389999389648438,30.719999313354492,31.360000610351562,22.951580047607422,5230800,NTAP
2012-11-27,31.25,31.65999984741211,31.059999465942383,31.309999465942383,22.91498565673828,5157600,NTAP
2012-11-28,30.989999771118164,31.469999313354492,30.719999313354492,31.360000610351562,22.951580047607422,6288000,NTAP
2012-11-29,31.3700008392334,32.2599983215332,31.31999969482422,31.8799991607666,23.3321533203125,8452200,NTAP
2012-11-30,31.860000610351562,31.950000762939453,31.40999984741211,31.709999084472656,23.207735061645508,6016900,NTAP
2012-12-03,31.81999969482422,32.22999954223633,31.709999084472656,32.13999938964844,23.522441864013672,5464000,NTAP
2012-12-04,32.11000061035156,32.380001068115234,32.040000915527344,32.04999923706055,23.456571578979492,6630600,NTAP
2012-12-05,31.93000030517578,32.97999954223633,31.93000030517578,32.810001373291016,24.012798309326172,6003500,NTAP
2012-12-06,32.619998931884766,32.939998626708984,32.619998931884766,32.91999816894531,24.093311309814453,5207400,NTAP
2012-12-07,33.0,33.459999084472656,32.84000015258789,33.43000030517578,24.466556549072266,5591200,NTAP
2012-12-10,33.310001373291016,33.95000076293945,33.290000915527344,33.56999969482422,24.569026947021484,5622100,NTAP
2012-12-11,33.709999084472656,34.150001525878906,33.47999954223633,33.849998474121094,24.77394676208496,5593300,NTAP
2012-12-12,33.90999984741211,34.0,33.20000076293945,33.25,24.334829330444336,5126300,NTAP
2012-12-13,33.189998626708984,33.5099983215332,32.779998779296875,33.040000915527344,24.181127548217773,7675500,NTAP
2012-12-14,32.970001220703125,33.29999923706055,32.84000015258789,32.9900016784668,24.144542694091797,4176100,NTAP
2012-12-17,33.09000015258789,33.33000183105469,32.7400016784668,33.18000030517578,24.283597946166992,3461200,NTAP
2012-12-18,33.2400016784668,34.29999923706055,33.209999084472656,34.2599983215332,25.07400894165039,5398400,NTAP
2012-12-19,34.41999816894531,34.810001373291016,34.2400016784668,34.310001373291016,25.110612869262695,6152200,NTAP
2012-12-20,34.2599983215332,34.41999816894531,33.88999938964844,34.06999969482422,24.934965133666992,4378200,NTAP
2012-12-21,33.709999084472656,33.900001525878906,33.22999954223633,33.81999969482422,24.751995086669922,6115500,NTAP
2012-12-24,33.65999984741211,33.79999923706055,33.29999923706055,33.70000076293945,24.66417121887207,1234900,NTAP
2012-12-26,33.70000076293945,34.0,33.45000076293945,33.54999923706055,24.554391860961914,2417500,NTAP
2012-12-27,33.4900016784668,33.54999923706055,32.970001220703125,33.41999816894531,24.45924186706543,3254100,NTAP
2012-12-28,33.25,33.31999969482422,32.75,32.81999969482422,24.020122528076172,2947000,NTAP
2012-12-31,32.7400016784668,33.709999084472656,32.68000030517578,33.54999923706055,24.554391860961914,4322000,NTAP
2013-01-02,34.0099983215332,34.5,33.54999923706055,34.29999923706055,25.103294372558594,8740300,NTAP
2013-01-03,34.220001220703125,34.81999969482422,33.84000015258789,34.16999816894531,25.008150100708008,4620700,NTAP
2013-01-04,34.119998931884766,34.25,33.599998474121094,34.08000183105469,24.942283630371094,3953900,NTAP
2013-01-07,33.939998626708984,34.22999954223633,33.189998626708984,33.2400016784668,24.32750701904297,7114500,NTAP
2013-01-08,33.099998474121094,33.11000061035156,31.739999771118164,32.5,23.785921096801758,9210700,NTAP
2013-01-09,32.66999816894531,32.810001373291016,31.979999542236328,32.209999084472656,23.573678970336914,6275800,NTAP
2013-01-10,32.599998474121094,32.70000076293945,32.04999923706055,32.41999816894531,23.727371215820312,5213600,NTAP
2013-01-11,32.41999816894531,33.25,32.400001525878906,33.060001373291016,24.195775985717773,4292400,NTAP
2013-01-14,32.779998779296875,33.400001525878906,32.470001220703125,33.2400016784668,24.32750701904297,4811500,NTAP
2013-01-15,33.09000015258789,33.54999923706055,32.86000061035156,33.47999954223633,24.503162384033203,3257000,NTAP
2013-01-16,33.59000015258789,34.36000061035156,33.380001068115234,34.22999954223633,25.052066802978516,6185800,NTAP
2013-01-17,34.54999923706055,34.630001068115234,34.119998931884766,34.470001220703125,25.227706909179688,5729400,NTAP
2013-01-18,34.459999084472656,34.459999084472656,33.900001525878906,34.36000061035156,25.147207260131836,4400200,NTAP
2013-01-22,34.279998779296875,34.880001068115234,34.0099983215332,34.790000915527344,25.461912155151367,4504000,NTAP
2013-01-23,35.0,35.0,34.13999938964844,34.720001220703125,25.410686492919922,4452600,NTAP
2013-01-24,35.0,35.619998931884766,34.779998779296875,35.470001220703125,25.959583282470703,7095400,NTAP
2013-01-25,35.63999938964844,36.189998626708984,35.52000045776367,36.150001525878906,26.457260131835938,6799800,NTAP
2013-01-28,36.88999938964844,37.02000045776367,36.349998474121094,36.380001068115234,26.625593185424805,6478000,NTAP
2013-01-29,35.709999084472656,36.95000076293945,35.560001373291016,35.93000030517578,26.296253204345703,6127500,NTAP
2013-01-30,35.77000045776367,36.709999084472656,35.77000045776367,36.540000915527344,26.742692947387695,7828600,NTAP
2013-01-31,36.36000061035156,36.779998779296875,36.0,36.0,26.34747886657715,4036700,NTAP
2013-02-01,36.439998626708984,36.66999816894531,36.08000183105469,36.25,26.53045082092285,4843000,NTAP
2013-02-04,36.099998474121094,36.52000045776367,35.650001525878906,35.68000030517578,26.113279342651367,3798600,NTAP
2013-02-05,35.97999954223633,36.279998779296875,35.459999084472656,35.97999954223633,26.33284568786621,6207600,NTAP
2013-02-06,35.84000015258789,36.310001373291016,35.75,36.11000061035156,26.42799186706543,3061200,NTAP
2013-02-07,36.0,36.0,35.09000015258789,35.560001373291016,26.025453567504883,5522800,NTAP
2013-02-08,35.59000015258789,36.18000030517578,35.54999923706055,35.75,26.164520263671875,5143800,NTAP
2013-02-11,35.849998474121094,35.849998474121094,35.15999984741211,35.36000061035156,25.879085540771484,5580200,NTAP
2013-02-12,36.0,36.099998474121094,35.2599983215332,35.40999984741211,25.915674209594727,5145100,NTAP
2013-02-13,35.40999984741211,36.189998626708984,34.70000076293945,35.81999969482422,26.215744018554688,10308300,NTAP
2013-02-14,34.9900016784668,35.91999816894531,34.0,35.86000061035156,26.24502182006836,10459800,NTAP
2013-02-15,35.689998626708984,36.61000061035156,35.560001373291016,36.54999923706055,26.750011444091797,8517500,NTAP
2013-02-19,36.5,36.61000061035156,36.25,36.47999954223633,26.698776245117188,4709300,NTAP
2013-02-20,36.560001373291016,36.56999969482422,35.459999084472656,35.540000915527344,26.010828018188477,5152100,NTAP
2013-02-21,35.380001068115234,35.790000915527344,34.130001068115234,34.540000915527344,25.278940200805664,7483400,NTAP
2013-02-22,34.720001220703125,34.91999816894531,34.15999984741211,34.380001068115234,25.161848068237305,6796900,NTAP
2013-02-25,34.560001373291016,35.0,33.56999969482422,33.58000183105469,24.576335906982422,7452700,NTAP
2013-02-26,33.75,34.15999984741211,33.5099983215332,33.790000915527344,24.730037689208984,5498900,NTAP
2013-02-27,33.88999938964844,34.650001525878906,33.61000061035156,34.43000030517578,25.198429107666016,4173700,NTAP
2013-02-28,34.33000183105469,34.5,33.81999969482422,33.84000015258789,24.766630172729492,4348800,NTAP
2013-03-01,33.810001373291016,34.2400016784668,33.29999923706055,33.95000076293945,24.847139358520508,6253200,NTAP
2013-03-04,33.939998626708984,33.95000076293945,33.290000915527344,33.59000015258789,24.583663940429688,4540900,NTAP
2013-03-05,33.7599983215332,34.54999923706055,33.72999954223633,34.13999938964844,24.986190795898438,4101600,NTAP
2013-03-06,34.349998474121094,34.77000045776367,34.18000030517578,34.54999923706055,25.286272048950195,3583200,NTAP
2013-03-07,34.529998779296875,34.95000076293945,33.959999084472656,34.279998779296875,25.088645935058594,4677900,NTAP
2013-03-08,34.5,34.66999816894531,34.06999969482422,34.209999084472656,25.03742027282715,4961300,NTAP
2013-03-11,34.04999923706055,34.689998626708984,34.02000045776367,34.68000030517578,25.381406784057617,4996000,NTAP
2013-03-12,34.290000915527344,34.43000030517578,33.709999084472656,34.0,24.883729934692383,5155500,NTAP
2013-03-13,34.09000015258789,34.27000045776367,33.65999984741211,34.189998626708984,25.022789001464844,3900400,NTAP
2013-03-14,34.18000030517578,34.560001373291016,34.18000030517578,34.5099983215332,25.256982803344727,4566700,NTAP
2013-03-15,34.34000015258789,34.83000183105469,34.27000045776367,34.560001373291016,25.2935791015625,5607500,NTAP
2013-03-18,34.279998779296875,34.29999923706055,33.86000061035156,34.11000061035156,24.964237213134766,6574600,NTAP
2013-03-19,34.130001068115234,34.25,33.52000045776367,33.95000076293945,24.847139358520508,5887900,NTAP
2013-03-20,34.20000076293945,34.43000030517578,33.97999954223633,34.150001525878906,24.993520736694336,4914500,NTAP
2013-03-21,33.86000061035156,33.970001220703125,33.41999816894531,33.77000045776367,24.71539878845215,4854300,NTAP
2013-03-22,33.779998779296875,33.90999984741211,33.439998626708984,33.540000915527344,24.54706573486328,6883400,NTAP
2013-03-25,33.54999923706055,33.72999954223633,33.099998474121094,33.189998626708984,24.290916442871094,4830500,NTAP
2013-03-26,33.459999084472656,33.540000915527344,33.040000915527344,33.310001373291016,24.378734588623047,3213300,NTAP
2013-03-27,33.02000045776367,33.95000076293945,32.970001220703125,33.70000076293945,24.66417121887207,3964400,NTAP
2013-03-28,33.59000015258789,34.220001220703125,33.33000183105469,34.15999984741211,25.000831604003906,7173000,NTAP
2013-04-01,34.06999969482422,34.400001525878906,33.70000076293945,34.060001373291016,24.92764663696289,4954000,NTAP
2013-04-02,34.34000015258789,34.95000076293945,34.11000061035156,34.70000076293945,25.396041870117188,8198600,NTAP
2013-04-03,34.61000061035156,34.900001525878906,34.36000061035156,34.439998626708984,25.205759048461914,5836300,NTAP
2013-04-04,34.31999969482422,34.61000061035156,34.11000061035156,34.56999969482422,25.300905227661133,4060500,NTAP
2013-04-05,34.130001068115234,34.150001525878906,33.189998626708984,34.0,24.883729934692383,10886500,NTAP
2013-04-08,33.90999984741211,34.04999923706055,33.77000045776367,33.93000030517578,24.83249855041504,5871800,NTAP
2013-04-09,34.099998474121094,34.540000915527344,34.0099983215332,34.16999816894531,25.008150100708008,8866100,NTAP
2013-04-10,33.689998626708984,34.220001220703125,33.5099983215332,33.619998931884766,24.605621337890625,11516900,NTAP
2013-04-11,33.59000015258789,33.61000061035156,33.11000061035156,33.470001220703125,24.495838165283203,8647600,NTAP
2013-04-12,33.47999954223633,36.15999984741211,33.22999954223633,35.459999084472656,25.952274322509766,20926200,NTAP
2013-04-15,35.25,35.83000183105469,34.619998931884766,34.72999954223633,25.418001174926758,8646200,NTAP
2013-04-16,34.81999969482422,35.970001220703125,34.63999938964844,35.810001373291016,26.20842933654785,8142100,NTAP
2013-04-17,35.5,35.52000045776367,34.61000061035156,34.720001220703125,25.410686492919922,6196700,NTAP
2013-04-18,34.86000061035156,34.959999084472656,33.68000030517578,33.779998779296875,24.72271156311035,5893100,NTAP
2013-04-19,33.16999816894531,33.43000030517578,32.75,32.9900016784668,24.144542694091797,9945600,NTAP
2013-04-22,33.27000045776367,34.16999816894531,33.119998931884766,34.119998931884766,24.971555709838867,6999200,NTAP
2013-04-23,34.45000076293945,35.380001068115234,34.150001525878906,34.95000076293945,25.579015731811523,8393700,NTAP
2013-04-24,34.810001373291016,35.25,34.72999954223633,34.86000061035156,25.513141632080078,6846100,NTAP
2013-04-25,35.099998474121094,35.59000015258789,34.72999954223633,34.810001373291016,25.476545333862305,6834100,NTAP
2013-04-26,34.83000183105469,35.099998474121094,34.59000015258789,34.869998931884766,25.52046012878418,5778300,NTAP
2013-04-29,35.0,35.119998931884766,34.5099983215332,34.529998779296875,25.27161979675293,5291300,NTAP
2013-04-30,34.25,34.90999984741211,34.09000015258789,34.88999938964844,25.53510856628418,7600600,NTAP
2013-05-01,34.810001373291016,34.86000061035156,33.650001525878906,34.150001525878906,24.993520736694336,10225200,NTAP
2013-05-02,34.20000076293945,34.29999923706055,33.61000061035156,33.869998931884766,24.78858757019043,8258700,NTAP
2013-05-03,34.290000915527344,35.06999969482422,34.2400016784668,34.900001525878906,25.54241943359375,17404900,NTAP
2013-05-06,34.869998931884766,35.83000183105469,34.7599983215332,35.4900016784668,25.974224090576172,7077500,NTAP
2013-05-07,35.5,35.75,35.189998626708984,35.560001373291016,26.025453567504883,6011900,NTAP
2013-05-08,35.540000915527344,36.2599983215332,35.369998931884766,35.81999969482422,26.215744018554688,7364800,NTAP
2013-05-09,35.81999969482422,36.06999969482422,35.5099983215332,35.72999954223633,26.149871826171875,6500000,NTAP
2013-05-10,35.84000015258789,36.2400016784668,35.58000183105469,36.150001525878906,26.457260131835938,7012700,NTAP
2013-05-13,36.16999816894531,36.97999954223633,35.599998474121094,36.09000015258789,26.41335105895996,10732600,NTAP
2013-05-14,36.06999969482422,36.310001373291016,35.5099983215332,35.779998779296875,26.18646812438965,8922400,NTAP
2013-05-15,35.61000061035156,36.5,35.5,36.220001220703125,26.508485794067383,6717700,NTAP
2013-05-16,36.54999923706055,39.150001525878906,36.459999084472656,38.459999084472656,28.147897720336914,25043200,NTAP
2013-05-17,38.93000030517578,39.08000183105469,37.79999923706055,37.84000015258789,27.694122314453125,18518800,NTAP
2013-05-20,37.369998931884766,37.56999969482422,37.04999923706055,37.189998626708984,27.21841049194336,12979300,NTAP
2013-05-21,37.150001525878906,37.16999816894531,36.220001220703125,36.630001068115234,26.808570861816406,23442400,NTAP
2013-05-22,38.880001068115234,38.939998626708984,36.880001068115234,37.279998779296875,27.284276962280273,36125900,NTAP
2013-05-23,37.5,37.5,36.849998474121094,36.88999938964844,26.998844146728516,11277400,NTAP
2013-05-24,36.7599983215332,36.84000015258789,36.279998779296875,36.45000076293945,26.67681884765625,8857300,NTAP
2013-05-28,36.75,38.25,36.75,37.709999084472656,27.598976135253906,16258500,NTAP
2013-05-29,37.560001373291016,38.0,37.290000915527344,37.720001220703125,27.606307983398438,8478600,NTAP
2013-05-30,37.869998931884766,38.119998931884766,37.56999969482422,38.0099983215332,27.81854248046875,5409900,NTAP
2013-05-31,37.83000183105469,38.11000061035156,37.52000045776367,37.529998779296875,27.467248916625977,5029700,NTAP
2013-06-03,37.5099983215332,37.77000045776367,37.02000045776367,37.63999938964844,27.54775047302246,6683200,NTAP
2013-06-04,37.369998931884766,37.7400016784668,37.099998474121094,37.290000915527344,27.29161262512207,3385900,NTAP
2013-06-05,37.27000045776367,37.779998779296875,37.02000045776367,37.310001373291016,27.306238174438477,8407600,NTAP
2013-06-06,37.58000183105469,37.63999938964844,37.08000183105469,37.61000061035156,27.52580451965332,6830900,NTAP
2013-06-07,37.68000030517578,38.15999984741211,37.54999923706055,37.970001220703125,27.78926658630371,5136200,NTAP
2013-06-10,37.939998626708984,38.220001220703125,37.70000076293945,38.13999938964844,27.91368293762207,6266100,NTAP
2013-06-11,37.68000030517578,38.56999969482422,37.65999984741211,38.16999816894531,27.93564224243164,6162100,NTAP
2013-06-12,38.650001525878906,38.79999923706055,38.209999084472656,38.34000015258789,28.060068130493164,7442200,NTAP
2013-06-13,38.22999954223633,38.540000915527344,37.70000076293945,38.45000076293945,28.140581130981445,5715300,NTAP
2013-06-14,38.459999084472656,38.560001373291016,37.88999938964844,37.900001525878906,27.738046646118164,3954100,NTAP
2013-06-17,38.130001068115234,38.91999816894531,38.099998474121094,38.61000061035156,28.25767707824707,5754500,NTAP
2013-06-18,38.72999954223633,39.5099983215332,38.70000076293945,39.38999938964844,28.82853126525879,7066600,NTAP
2013-06-19,39.349998474121094,39.470001220703125,38.77000045776367,38.97999954223633,28.528459548950195,5457700,NTAP
2013-06-20,38.45000076293945,38.849998474121094,38.02000045776367,38.310001373291016,28.038114547729492,5380700,NTAP
2013-06-21,38.38999938964844,38.4900016784668,37.529998779296875,37.970001220703125,27.78926658630371,9182700,NTAP
2013-06-24,37.650001525878906,37.869998931884766,37.290000915527344,37.38999938964844,27.364788055419922,6916400,NTAP
2013-06-25,37.619998931884766,37.75,37.06999969482422,37.45000076293945,27.408693313598633,5311700,NTAP
2013-06-26,37.779998779296875,38.06999969482422,37.560001373291016,37.83000183105469,27.68680763244629,3703600,NTAP
2013-06-27,38.0,38.27000045776367,37.880001068115234,37.959999084472656,27.781946182250977,3139600,NTAP
2013-06-28,37.68000030517578,38.119998931884766,37.5,37.779998779296875,27.65021514892578,6723800,NTAP
2013-07-01,37.7400016784668,38.34000015258789,37.720001220703125,37.84000015258789,27.694122314453125,3729300,NTAP
2013-07-02,37.95000076293945,38.470001220703125,37.81999969482422,38.290000915527344,28.023475646972656,4741900,NTAP
2013-07-03,38.16999816894531,38.59000015258789,38.09000015258789,38.310001373291016,28.038114547729492,1926700,NTAP
2013-07-05,38.38999938964844,38.959999084472656,38.33000183105469,38.77000045776367,28.374773025512695,2119800,NTAP
2013-07-08,38.97999954223633,38.9900016784668,38.47999954223633,38.529998779296875,28.19912338256836,5083600,NTAP
2013-07-09,38.689998626708984,38.83000183105469,38.36000061035156,38.66999816894531,28.41219139099121,3425500,NTAP
2013-07-10,38.68000030517578,38.970001220703125,38.470001220703125,38.75,28.470972061157227,3686400,NTAP
2013-07-11,39.130001068115234,39.279998779296875,38.849998474121094,39.029998779296875,28.676698684692383,3553200,NTAP
2013-07-12,39.18000030517578,39.40999984741211,39.16999816894531,39.29999923706055,28.875085830688477,4426800,NTAP
2013-07-15,40.060001373291016,40.47999954223633,39.849998474121094,40.099998474121094,29.462862014770508,9424700,NTAP
2013-07-16,40.02000045776367,40.20000076293945,39.84000015258789,40.06999969482422,29.440824508666992,4431300,NTAP
2013-07-17,40.08000183105469,40.720001220703125,40.0,40.52000045776367,29.771440505981445,6027700,NTAP
2013-07-18,40.79999923706055,41.38999938964844,40.439998626708984,40.97999954223633,30.109426498413086,6849100,NTAP
2013-07-19,41.13999938964844,41.470001220703125,40.959999084472656,41.33000183105469,30.366579055786133,6954700,NTAP
2013-07-22,41.54999923706055,41.54999923706055,40.79999923706055,41.279998779296875,30.329853057861328,6220700,NTAP
2013-07-23,41.20000076293945,41.59000015258789,40.849998474121094,40.90999984741211,30.057992935180664,5716100,NTAP
2013-07-24,41.20000076293945,42.11000061035156,41.0099983215332,41.27000045776367,30.322500228881836,7273900,NTAP
2013-07-25,41.2400016784668,41.66999816894531,41.189998626708984,41.540000915527344,30.520889282226562,4596100,NTAP
2013-07-26,41.150001525878906,41.41999816894531,40.880001068115234,41.349998474121094,30.381290435791016,3109600,NTAP
2013-07-29,41.29999923706055,41.29999923706055,40.70000076293945,40.86000061035156,30.021265029907227,3981800,NTAP
2013-07-30,41.11000061035156,41.33000183105469,40.880001068115234,41.06999969482422,30.175561904907227,4258100,NTAP
2013-07-31,41.29999923706055,41.59000015258789,41.08000183105469,41.119998931884766,30.21229362487793,4572900,NTAP
2013-08-01,41.220001220703125,41.709999084472656,41.209999084472656,41.47999954223633,30.476802825927734,3554700,NTAP
2013-08-02,41.54999923706055,41.59000015258789,41.150001525878906,41.2400016784668,30.300464630126953,3290500,NTAP
2013-08-05,41.209999084472656,41.77000045776367,41.20000076293945,41.68000030517578,30.623746871948242,4382800,NTAP
2013-08-06,41.720001220703125,41.900001525878906,41.22999954223633,41.5,30.491497039794922,3466900,NTAP
2013-08-07,41.58000183105469,41.97999954223633,41.470001220703125,41.70000076293945,30.6384334564209,5418600,NTAP
2013-08-08,42.0,42.529998779296875,42.0,42.45000076293945,31.189491271972656,11208800,NTAP
2013-08-09,42.540000915527344,43.130001068115234,42.369998931884766,42.52000045776367,31.24091148376465,7842500,NTAP
2013-08-12,43.04999923706055,43.04999923706055,42.5,42.529998779296875,31.248268127441406,6014300,NTAP
2013-08-13,42.52000045776367,42.7599983215332,42.040000915527344,42.290000915527344,31.071931838989258,7211000,NTAP
2013-08-14,42.41999816894531,42.4900016784668,41.97999954223633,42.33000183105469,31.10131072998047,9192000,NTAP
2013-08-15,40.38999938964844,42.150001525878906,40.20000076293945,42.029998779296875,30.880916595458984,13996900,NTAP
2013-08-16,42.04999923706055,42.40999984741211,41.97999954223633,42.20000076293945,31.005796432495117,5902100,NTAP
2013-08-19,41.880001068115234,42.40999984741211,41.849998474121094,41.88999938964844,30.778047561645508,4687100,NTAP
2013-08-20,41.84000015258789,41.880001068115234,41.470001220703125,41.75,30.675182342529297,6069800,NTAP
2013-08-21,41.369998931884766,41.93000030517578,41.310001373291016,41.540000915527344,30.520889282226562,4250600,NTAP
2013-08-22,41.65999984741211,41.939998626708984,41.470001220703125,41.81999969482422,30.726608276367188,3370000,NTAP
2013-08-23,42.0,42.060001373291016,41.619998931884766,41.95000076293945,30.82211685180664,3728500,NTAP
2013-08-26,40.79999923706055,42.22999954223633,40.79999923706055,41.849998474121094,30.74864959716797,4880300,NTAP
2013-08-27,41.349998474121094,41.68000030517578,41.290000915527344,41.470001220703125,30.469449996948242,5792800,NTAP
2013-08-28,41.5099983215332,41.689998626708984,41.279998779296875,41.43000030517578,30.440065383911133,3218100,NTAP
2013-08-29,41.310001373291016,41.79999923706055,41.29999923706055,41.599998474121094,30.564987182617188,3238900,NTAP
2013-08-30,41.599998474121094,41.81999969482422,41.380001068115234,41.540000915527344,30.520889282226562,2748200,NTAP
2013-09-03,41.619998931884766,42.130001068115234,41.619998931884766,41.81999969482422,30.726608276367188,5744600,NTAP
2013-09-04,42.0,42.43000030517578,41.70000076293945,42.06999969482422,30.910293579101562,5427900,NTAP
2013-09-05,41.959999084472656,42.31999969482422,41.849998474121094,42.11000061035156,30.939680099487305,3360900,NTAP
2013-09-06,42.150001525878906,42.369998931884766,41.66999816894531,42.2400016784668,31.03519630432129,8196700,NTAP
2013-09-09,42.880001068115234,42.97999954223633,42.369998931884766,42.7599983215332,31.41724967956543,5917100,NTAP
2013-09-10,42.86000061035156,43.310001373291016,42.849998474121094,43.09000015258789,31.659717559814453,4123300,NTAP
2013-09-11,43.02000045776367,43.689998626708984,43.02000045776367,43.43000030517578,31.90953254699707,4457300,NTAP
2013-09-12,43.29999923706055,43.81999969482422,43.25,43.650001525878906,32.07117462158203,4545800,NTAP
2013-09-13,43.790000915527344,43.83000183105469,43.33000183105469,43.77000045776367,32.15934371948242,4092100,NTAP
2013-09-16,43.9900016784668,44.0099983215332,43.2400016784668,43.54999923706055,31.99769401550293,4725700,NTAP
2013-09-17,43.47999954223633,43.97999954223633,43.459999084472656,43.81999969482422,32.19608688354492,3129700,NTAP
2013-09-18,43.849998474121094,44.25,43.68000030517578,43.9900016784668,32.32098388671875,3464300,NTAP
2013-09-19,44.099998474121094,44.650001525878906,44.040000915527344,44.31999969482422,32.56346130371094,3741800,NTAP
2013-09-20,44.119998931884766,44.119998931884766,43.16999816894531,43.20000076293945,31.740549087524414,8750600,NTAP
2013-09-23,42.970001220703125,43.619998931884766,42.970001220703125,43.2599983215332,31.784626007080078,3934800,NTAP
2013-09-24,42.470001220703125,43.45000076293945,42.45000076293945,42.880001068115234,31.505434036254883,6590900,NTAP
2013-09-25,42.97999954223633,43.20000076293945,42.61000061035156,42.72999954223633,31.395214080810547,6168900,NTAP
2013-09-26,42.9900016784668,43.380001068115234,42.84000015258789,43.130001068115234,31.68912124633789,4970700,NTAP
2013-09-27,42.880001068115234,43.040000915527344,42.470001220703125,42.58000183105469,31.285003662109375,4011100,NTAP
2013-09-30,42.060001373291016,42.790000915527344,42.060001373291016,42.619998931884766,31.31439971923828,4608400,NTAP
2013-10-01,42.66999816894531,43.130001068115234,42.47999954223633,43.04999923706055,31.630342483520508,3880300,NTAP
2013-10-02,42.81999969482422,43.150001525878906,42.5099983215332,42.84000015258789,31.476037979125977,3656900,NTAP
2013-10-03,42.709999084472656,42.86000061035156,42.0,42.099998474121094,30.932331085205078,6358500,NTAP
2013-10-04,42.099998474121094,42.369998931884766,42.099998474121094,42.27000045776367,31.057235717773438,4490700,NTAP
2013-10-07,42.040000915527344,42.220001220703125,41.7400016784668,41.91999816894531,30.80008316040039,5508700,NTAP
2013-10-08,42.11000061035156,42.25,41.5099983215332,41.650001525878906,30.601703643798828,4784500,NTAP
2013-10-09,41.63999938964844,41.7599983215332,41.220001220703125,41.40999984741211,30.425363540649414,5269900,NTAP
2013-10-10,41.5,41.790000915527344,41.400001525878906,41.599998474121094,30.564987182617188,4726900,NTAP
2013-10-11,41.459999084472656,41.65999984741211,41.130001068115234,41.56999969482422,30.54292869567871,5854900,NTAP
2013-10-14,41.27000045776367,41.939998626708984,41.18000030517578,41.72999954223633,30.660480499267578,4145600,NTAP
2013-10-15,41.2599983215332,41.439998626708984,40.34000015258789,40.70000076293945,29.903711318969727,12023700,NTAP
2013-10-16,40.810001373291016,40.880001068115234,40.25,40.439998626708984,29.712675094604492,6683200,NTAP
2013-10-17,40.0,40.70000076293945,39.790000915527344,40.63999938964844,29.97079086303711,5787200,NTAP
2013-10-18,40.709999084472656,41.540000915527344,40.5,41.369998931884766,30.509143829345703,4780100,NTAP
2013-10-21,41.40999984741211,41.720001220703125,41.380001068115234,41.650001525878906,30.715633392333984,3279400,NTAP
2013-10-22,40.9900016784668,41.150001525878906,40.45000076293945,40.709999084472656,30.022411346435547,7289100,NTAP
2013-10-23,40.45000076293945,40.45000076293945,38.93000030517578,39.060001373291016,28.80560302734375,8841000,NTAP
2013-10-24,39.220001220703125,39.439998626708984,39.06999969482422,39.290000915527344,28.97520637512207,2930100,NTAP
2013-10-25,39.56999969482422,39.599998474121094,39.22999954223633,39.38999938964844,29.048959732055664,3713200,NTAP
2013-10-28,39.4900016784668,39.93000030517578,39.029998779296875,39.689998626708984,29.270183563232422,4959300,NTAP
2013-10-29,39.95000076293945,40.220001220703125,39.65999984741211,39.77000045776367,29.329187393188477,4635200,NTAP
2013-10-30,39.939998626708984,39.97999954223633,38.849998474121094,38.93000030517578,28.70972442626953,5010900,NTAP
2013-10-31,38.7400016784668,39.25,38.68000030517578,38.810001373291016,28.621232986450195,6122700,NTAP
2013-11-01,38.97999954223633,39.279998779296875,38.83000183105469,39.13999938964844,28.864580154418945,4165600,NTAP
2013-11-04,38.47999954223633,39.029998779296875,38.47999954223633,38.75,28.576967239379883,4356700,NTAP
2013-11-05,38.54999923706055,38.75,38.5,38.5099983215332,28.39998435974121,3781000,NTAP
2013-11-06,38.54999923706055,38.88999938964844,38.34000015258789,38.77000045776367,28.591720581054688,4010900,NTAP
2013-11-07,38.459999084472656,39.619998931884766,38.45000076293945,39.45000076293945,29.093210220336914,7631900,NTAP
2013-11-08,39.630001068115234,39.93000030517578,39.31999969482422,39.90999984741211,29.43244171142578,4985200,NTAP
2013-11-11,39.75,39.970001220703125,39.529998779296875,39.869998931884766,29.402936935424805,2856900,NTAP
2013-11-12,39.939998626708984,40.439998626708984,39.70000076293945,40.20000076293945,29.64630889892578,5935500,NTAP
2013-11-13,40.209999084472656,41.29999923706055,39.75,41.290000915527344,30.450153350830078,7005700,NTAP
2013-11-14,41.130001068115234,42.689998626708984,40.720001220703125,41.06999969482422,30.287912368774414,10528500,NTAP
2013-11-15,41.119998931884766,41.5,40.650001525878906,41.41999816894531,30.546016693115234,5476400,NTAP
2013-11-18,40.77000045776367,41.58000183105469,40.5,40.56999969482422,29.919172286987305,4254900,NTAP
2013-11-19,40.5,40.90999984741211,40.29999923706055,40.59000015258789,29.93392562866211,2851600,NTAP
2013-11-20,40.61000061035156,40.790000915527344,40.31999969482422,40.36000061035156,29.764307022094727,2162100,NTAP
2013-11-21,39.95000076293945,40.66999816894531,39.95000076293945,40.38999938964844,29.786428451538086,2970900,NTAP
2013-11-22,40.400001525878906,40.68000030517578,40.08000183105469,40.63999938964844,29.97079086303711,3599900,NTAP
2013-11-25,40.779998779296875,40.91999816894531,40.54999923706055,40.77000045776367,30.06666374206543,1791600,NTAP
2013-11-26,40.900001525878906,41.029998779296875,40.779998779296875,40.88999938964844,30.155155181884766,2867400,NTAP
2013-11-27,40.900001525878906,41.27000045776367,40.790000915527344,41.2400016784668,30.413272857666016,1931500,NTAP
2013-11-29,41.119998931884766,41.34000015258789,40.900001525878906,41.25,30.420644760131836,1731100,NTAP
2013-12-02,40.5,41.2400016784668,40.5,41.0,30.236286163330078,3235300,NTAP
2013-12-03,40.77000045776367,41.15999984741211,40.599998474121094,40.7400016784668,30.04453468322754,2346100,NTAP
2013-12-04,39.72999954223633,40.88999938964844,39.72999954223633,40.66999816894531,29.992910385131836,4046900,NTAP
2013-12-05,40.56999969482422,41.459999084472656,40.56999969482422,41.45000076293945,30.56814193725586,5517700,NTAP
2013-12-06,41.95000076293945,41.95000076293945,41.43000030517578,41.56999969482422,30.656635284423828,2883200,NTAP
2013-12-09,41.38999938964844,41.84000015258789,41.2400016784668,41.2599983215332,30.428022384643555,3260200,NTAP
2013-12-10,41.29999923706055,41.79999923706055,41.13999938964844,41.459999084472656,30.57551383972168,3455400,NTAP
2013-12-11,41.38999938964844,41.459999084472656,39.9900016784668,40.060001373291016,29.543066024780273,3861600,NTAP
2013-12-12,39.9900016784668,40.11000061035156,39.34000015258789,39.599998474121094,29.203826904296875,5612400,NTAP
2013-12-13,39.810001373291016,39.91999816894531,39.29999923706055,39.77000045776367,29.329187393188477,3780500,NTAP
2013-12-16,40.0,40.189998626708984,39.790000915527344,40.029998779296875,29.52092170715332,2930400,NTAP
2013-12-17,39.84000015258789,40.119998931884766,39.58000183105469,39.95000076293945,29.461938858032227,3202200,NTAP
2013-12-18,40.02000045776367,40.060001373291016,39.0,40.040000915527344,29.5283145904541,3567100,NTAP
2013-12-19,40.0,40.650001525878906,39.95000076293945,40.63999938964844,29.97079086303711,2866600,NTAP
2013-12-20,40.709999084472656,40.93000030517578,40.40999984741211,40.4900016784668,29.86016845703125,4969700,NTAP
2013-12-23,40.61000061035156,40.68000030517578,40.22999954223633,40.380001068115234,29.779052734375,3208900,NTAP
2013-12-24,40.31999969482422,40.540000915527344,40.279998779296875,40.380001068115234,29.779052734375,1799900,NTAP
2013-12-26,40.220001220703125,40.65999984741211,40.220001220703125,40.310001373291016,29.7274227142334,1862500,NTAP
2013-12-27,40.33000183105469,40.810001373291016,40.31999969482422,40.70000076293945,30.01504135131836,1943600,NTAP
2013-12-30,40.72999954223633,41.09000015258789,40.709999084472656,40.97999954223633,30.221532821655273,1918500,NTAP
2013-12-31,41.15999984741211,41.439998626708984,41.0,41.13999938964844,30.339523315429688,1548000,NTAP
2014-01-02,41.0099983215332,41.0099983215332,40.41999816894531,40.41999816894531,29.80855369567871,2427100,NTAP
2014-01-03,40.380001068115234,40.619998931884766,40.220001220703125,40.33000183105469,29.742164611816406,1475600,NTAP
2014-01-06,40.52000045776367,40.61000061035156,40.060001373291016,40.150001525878906,29.60943031311035,2703200,NTAP
2014-01-07,40.20000076293945,40.83000183105469,40.09000015258789,40.81999969482422,30.216434478759766,2745300,NTAP
2014-01-08,40.880001068115234,41.060001373291016,40.689998626708984,41.04999923706055,30.386674880981445,2940000,NTAP
2014-01-09,40.97999954223633,41.13999938964844,40.5099983215332,40.650001525878906,30.090585708618164,3477300,NTAP
2014-01-10,40.709999084472656,40.79999923706055,40.27000045776367,40.369998931884766,29.88332176208496,2041500,NTAP
2014-01-13,40.27000045776367,40.4900016784668,39.61000061035156,39.70000076293945,29.38736343383789,3915600,NTAP
2014-01-14,39.68000030517578,40.380001068115234,39.599998474121094,40.189998626708984,29.75006675720215,4945500,NTAP
2014-01-15,40.630001068115234,43.5099983215332,40.33000183105469,43.5099983215332,32.207664489746094,11070400,NTAP
2014-01-16,43.22999954223633,43.84000015258789,43.18000030517578,43.279998779296875,32.03740692138672,5181800,NTAP
2014-01-17,43.040000915527344,44.720001220703125,42.790000915527344,44.4900016784668,32.933082580566406,6670700,NTAP
2014-01-21,44.68000030517578,45.52000045776367,44.5099983215332,44.88999938964844,33.22918701171875,5726300,NTAP
2014-01-22,44.959999084472656,45.70000076293945,44.79999923706055,45.45000076293945,33.64373016357422,6430500,NTAP
2014-01-23,44.91999816894531,45.959999084472656,44.91999816894531,45.849998474121094,33.9398193359375,4338100,NTAP
2014-01-24,45.720001220703125,45.720001220703125,43.91999816894531,43.959999084472656,32.5407600402832,5372400,NTAP
2014-01-27,44.09000015258789,44.439998626708984,43.66999816894531,43.709999084472656,32.355712890625,2941100,NTAP
2014-01-28,43.880001068115234,43.9900016784668,43.38999938964844,43.7400016784668,32.37792205810547,4573100,NTAP
2014-01-29,43.380001068115234,43.61000061035156,42.70000076293945,42.7599983215332,31.652488708496094,3969000,NTAP
2014-01-30,43.2400016784668,43.279998779296875,42.630001068115234,43.13999938964844,31.933765411376953,2223300,NTAP
2014-01-31,42.61000061035156,42.84000015258789,41.91999816894531,42.34000015258789,31.341571807861328,3323500,NTAP
2014-02-03,43.31999969482422,43.63999938964844,41.70000076293945,41.939998626708984,31.045490264892578,5791300,NTAP
2014-02-04,42.22999954223633,42.47999954223633,41.40999984741211,42.099998474121094,31.163930892944336,2692800,NTAP
2014-02-05,41.650001525878906,41.95000076293945,40.689998626708984,41.56999969482422,30.771608352661133,4507800,NTAP
2014-02-06,41.56999969482422,42.09000015258789,41.45000076293945,41.709999084472656,30.875234603881836,4737000,NTAP
2014-02-07,41.939998626708984,42.9900016784668,41.54999923706055,42.81999969482422,31.6968994140625,3793800,NTAP
2014-02-10,42.720001220703125,43.560001373291016,42.59000015258789,43.27000045776367,32.030006408691406,4455900,NTAP
2014-02-11,43.5,43.93000030517578,43.11000061035156,43.689998626708984,32.340904235839844,6736400,NTAP
2014-02-12,43.65999984741211,44.279998779296875,42.459999084472656,42.59000015258789,31.526641845703125,9308900,NTAP
2014-02-13,40.38999938964844,41.25,39.849998474121094,41.099998474121094,30.42367935180664,11233900,NTAP
2014-02-14,41.04999923706055,41.34000015258789,40.68000030517578,40.720001220703125,30.142406463623047,5220100,NTAP
2014-02-18,40.68000030517578,40.900001525878906,40.58000183105469,40.619998931884766,30.068382263183594,3773300,NTAP
2014-02-19,40.470001220703125,40.900001525878906,40.459999084472656,40.529998779296875,30.00177574157715,3191900,NTAP
2014-02-20,40.52000045776367,40.66999816894531,39.79999923706055,40.18000030517578,29.7426815032959,5200300,NTAP
2014-02-21,40.029998779296875,40.16999816894531,39.650001525878906,39.88999938964844,29.527999877929688,4414800,NTAP
2014-02-24,39.88999938964844,40.27000045776367,39.72999954223633,40.09000015258789,29.676048278808594,3237000,NTAP
2014-02-25,40.15999984741211,40.310001373291016,39.650001525878906,39.849998474121094,29.498397827148438,3228300,NTAP
2014-02-26,40.349998474121094,40.43000030517578,39.72999954223633,40.279998779296875,29.816701889038086,3863500,NTAP
2014-02-27,40.16999816894531,40.70000076293945,40.060001373291016,40.619998931884766,30.068382263183594,3018600,NTAP
2014-02-28,40.650001525878906,40.88999938964844,40.16999816894531,40.40999984741211,29.912919998168945,2850800,NTAP
2014-03-03,40.099998474121094,40.650001525878906,39.849998474121094,40.5,29.979549407958984,3690300,NTAP
2014-03-04,40.880001068115234,41.029998779296875,40.0,40.18000030517578,29.7426815032959,4335900,NTAP
2014-03-05,40.2400016784668,40.31999969482422,39.65999984741211,39.810001373291016,29.468791961669922,4946000,NTAP
2014-03-06,39.9900016784668,40.08000183105469,38.54999923706055,39.029998779296875,28.89141082763672,7862900,NTAP
2014-03-07,39.220001220703125,39.220001220703125,37.529998779296875,37.900001525878906,28.054941177368164,11456100,NTAP
2014-03-10,37.939998626708984,38.029998779296875,37.599998474121094,37.810001373291016,27.988317489624023,6784200,NTAP
2014-03-11,38.0,38.02000045776367,37.400001525878906,37.439998626708984,27.71442413330078,6815600,NTAP
2014-03-12,37.349998474121094,37.88999938964844,36.9900016784668,37.849998474121094,28.017919540405273,6745000,NTAP
2014-03-13,37.279998779296875,37.619998931884766,36.619998931884766,37.15999984741211,27.507158279418945,10204400,NTAP
2014-03-14,37.15999984741211,37.810001373291016,36.529998779296875,36.56999969482422,27.07042121887207,8979800,NTAP
2014-03-17,36.93000030517578,37.5,36.619998931884766,37.29999923706055,27.610780715942383,9347100,NTAP
2014-03-18,37.36000061035156,37.630001068115234,37.189998626708984,37.459999084472656,27.72923469543457,4970600,NTAP
2014-03-19,37.47999954223633,37.630001068115234,37.0099983215332,37.09000015258789,27.455345153808594,4464900,NTAP
2014-03-20,37.060001373291016,37.540000915527344,36.97999954223633,37.099998474121094,27.462743759155273,9153000,NTAP
2014-03-21,37.470001220703125,37.9900016784668,37.13999938964844,37.79999923706055,27.98091697692871,7786300,NTAP
2014-03-24,36.630001068115234,36.97999954223633,36.040000915527344,36.58000183105469,27.07782745361328,8000600,NTAP
2014-03-25,36.70000076293945,37.16999816894531,36.630001068115234,37.09000015258789,27.455345153808594,4470100,NTAP
2014-03-26,37.31999969482422,37.599998474121094,36.689998626708984,36.689998626708984,27.159244537353516,6270200,NTAP
2014-03-27,36.72999954223633,36.9900016784668,36.2599983215332,36.2599983215332,26.840961456298828,10476700,NTAP
2014-03-28,36.33000183105469,36.810001373291016,36.099998474121094,36.18000030517578,26.78172492980957,5170700,NTAP
2014-03-31,36.75,37.11000061035156,36.22999954223633,36.900001525878906,27.314712524414062,4297000,NTAP
2014-04-01,36.91999816894531,37.20000076293945,36.58000183105469,37.119998931884766,27.47755241394043,3094000,NTAP
2014-04-02,37.220001220703125,37.709999084472656,37.099998474121094,37.63999938964844,27.86247444152832,3026000,NTAP
2014-04-03,37.61000061035156,37.810001373291016,37.349998474121094,37.52000045776367,27.773645401000977,2839300,NTAP
2014-04-04,37.90999984741211,38.29999923706055,37.31999969482422,37.529998779296875,27.781051635742188,8188800,NTAP
2014-04-07,37.400001525878906,37.619998931884766,36.290000915527344,36.29999923706055,26.87055015563965,5006700,NTAP
2014-04-08,36.2599983215332,37.04999923706055,36.13999938964844,37.0,27.50237274169922,3734900,NTAP
2014-04-09,37.02000045776367,37.70000076293945,36.88999938964844,37.65999984741211,27.992958068847656,3795800,NTAP
2014-04-10,37.43000030517578,37.95000076293945,36.41999816894531,36.439998626708984,27.08611297607422,4353200,NTAP
2014-04-11,36.20000076293945,36.5,35.880001068115234,35.970001220703125,26.736764907836914,3637800,NTAP
2014-04-14,36.279998779296875,36.81999969482422,36.08000183105469,36.790000915527344,27.34627914428711,3584000,NTAP
2014-04-15,37.0,37.310001373291016,36.58000183105469,36.9900016784668,27.494932174682617,4027600,NTAP
2014-04-16,36.810001373291016,36.88999938964844,35.7400016784668,36.2400016784668,26.937450408935547,4000400,NTAP
2014-04-17,36.099998474121094,36.2400016784668,35.529998779296875,35.869998931884766,26.662429809570312,3863800,NTAP
2014-04-21,35.869998931884766,36.189998626708984,35.79999923706055,35.939998626708984,26.714460372924805,2950500,NTAP
2014-04-22,35.90999984741211,36.279998779296875,35.90999984741211,36.04999923706055,26.79622459411621,4649600,NTAP
2014-04-23,35.869998931884766,36.06999969482422,35.45000076293945,35.869998931884766,26.662429809570312,3546200,NTAP
2014-04-24,36.279998779296875,36.47999954223633,35.59000015258789,35.619998931884766,26.476612091064453,6518100,NTAP
2014-04-25,35.59000015258789,35.59000015258789,34.95000076293945,35.0,26.015750885009766,2260800,NTAP
2014-04-28,35.16999816894531,35.400001525878906,34.209999084472656,35.15999984741211,26.13468360900879,3622500,NTAP
2014-04-29,35.380001068115234,35.630001068115234,35.209999084472656,35.41999816894531,26.327943801879883,2663700,NTAP
2014-04-30,35.279998779296875,35.720001220703125,35.099998474121094,35.61000061035156,26.469173431396484,2586300,NTAP
2014-05-01,35.689998626708984,36.279998779296875,35.31999969482422,35.540000915527344,26.417144775390625,2965000,NTAP
2014-05-02,35.68000030517578,35.900001525878906,35.2599983215332,35.540000915527344,26.417144775390625,2138300,NTAP
2014-05-05,35.529998779296875,35.869998931884766,35.2599983215332,35.84000015258789,26.640132904052734,1912900,NTAP
2014-05-06,35.66999816894531,35.66999816894531,34.869998931884766,34.97999954223633,26.00088119506836,3536400,NTAP
2014-05-07,34.369998931884766,34.599998474121094,33.34000015258789,33.70000076293945,25.049455642700195,7316700,NTAP
2014-05-08,33.66999816894531,34.209999084472656,33.4900016784668,33.84000015258789,25.153514862060547,3978100,NTAP
2014-05-09,33.869998931884766,34.2400016784668,33.58000183105469,34.189998626708984,25.41367530822754,3104500,NTAP
2014-05-12,33.720001220703125,34.04999923706055,33.38999938964844,33.59000015258789,24.967689514160156,4886800,NTAP
2014-05-13,33.810001373291016,34.880001068115234,33.630001068115234,34.79999923706055,25.867090225219727,5941900,NTAP
2014-05-14,34.56999969482422,35.0,34.400001525878906,34.56999969482422,25.696128845214844,3840700,NTAP
2014-05-15,34.529998779296875,34.779998779296875,33.9900016784668,34.70000076293945,25.79276466369629,5309000,NTAP
2014-05-16,34.61000061035156,34.86000061035156,33.40999984741211,33.720001220703125,25.06432342529297,7406100,NTAP
2014-05-19,33.630001068115234,34.380001068115234,33.630001068115234,34.290000915527344,25.488012313842773,4561600,NTAP
2014-05-20,34.06999969482422,34.25,33.65999984741211,33.95000076293945,25.23528289794922,4338800,NTAP
2014-05-21,34.130001068115234,34.630001068115234,34.02000045776367,34.4900016784668,25.636669158935547,4728200,NTAP
2014-05-22,34.83000183105469,36.66999816894531,34.81999969482422,36.15999984741211,26.87799072265625,10435900,NTAP
2014-05-23,36.34000015258789,36.439998626708984,35.15999984741211,35.7599983215332,26.58066749572754,8483500,NTAP
2014-05-27,35.86000061035156,36.63999938964844,35.72999954223633,36.630001068115234,27.227338790893555,4492100,NTAP
2014-05-28,36.58000183105469,36.97999954223633,36.27000045776367,36.84000015258789,27.38343620300293,5288600,NTAP
2014-05-29,37.0,37.16999816894531,36.650001525878906,37.04999923706055,27.539539337158203,3562200,NTAP
2014-05-30,37.0099983215332,37.11000061035156,36.68000030517578,37.0099983215332,27.50979995727539,4353700,NTAP
2014-06-02,36.189998626708984,37.689998626708984,36.189998626708984,37.5099983215332,27.881450653076172,5457900,NTAP
2014-06-03,37.310001373291016,37.40999984741211,36.34000015258789,36.59000015258789,27.197612762451172,4817200,NTAP
2014-06-04,36.41999816894531,36.5,36.09000015258789,36.2599983215332,26.952329635620117,3095300,NTAP
2014-06-05,36.220001220703125,36.349998474121094,35.970001220703125,36.119998931884766,26.848264694213867,4118200,NTAP
2014-06-06,36.38999938964844,36.400001525878906,35.77000045776367,35.83000183105469,26.632707595825195,3941900,NTAP
2014-06-09,35.810001373291016,36.099998474121094,35.43000030517578,35.7400016784668,26.565807342529297,4678800,NTAP
2014-06-10,35.86000061035156,35.880001068115234,35.54999923706055,35.86000061035156,26.65500259399414,2578700,NTAP
2014-06-11,35.880001068115234,35.9900016784668,35.619998931884766,35.939998626708984,26.714460372924805,1942000,NTAP
2014-06-12,35.7400016784668,35.77000045776367,35.470001220703125,35.529998779296875,26.409704208374023,2574600,NTAP
2014-06-13,35.59000015258789,35.91999816894531,35.369998931884766,35.65999984741211,26.50634002685547,2551200,NTAP
2014-06-16,35.5099983215332,36.040000915527344,35.459999084472656,35.68000030517578,26.521207809448242,2177000,NTAP
2014-06-17,35.63999938964844,35.83000183105469,35.47999954223633,35.709999084472656,26.543506622314453,2306200,NTAP
2014-06-18,35.849998474121094,36.58000183105469,35.65999984741211,36.470001220703125,27.108427047729492,4019500,NTAP
2014-06-19,36.400001525878906,36.59000015258789,35.86000061035156,36.22999954223633,26.930025100708008,2949700,NTAP
2014-06-20,36.5,36.5,35.59000015258789,35.790000915527344,26.602968215942383,3532800,NTAP
2014-06-23,35.95000076293945,36.099998474121094,35.33000183105469,35.849998474121094,26.647563934326172,2596800,NTAP
2014-06-24,35.84000015258789,36.970001220703125,35.459999084472656,36.09000015258789,26.82596206665039,5179200,NTAP
2014-06-25,36.04999923706055,36.16999816894531,35.52000045776367,36.0,26.75906753540039,3232400,NTAP
2014-06-26,35.91999816894531,36.040000915527344,35.59000015258789,35.779998779296875,26.59553337097168,2360000,NTAP
2014-06-27,35.68000030517578,35.81999969482422,35.349998474121094,35.47999954223633,26.372549057006836,6424200,NTAP
2014-06-30,36.4900016784668,37.189998626708984,36.36000061035156,36.52000045776367,27.145584106445312,7268500,NTAP
2014-07-01,36.650001525878906,36.709999084472656,36.34000015258789,36.61000061035156,27.21247673034668,4563800,NTAP
2014-07-02,36.65999984741211,37.11000061035156,36.54999923706055,37.11000061035156,27.584136962890625,2685100,NTAP
2014-07-03,37.16999816894531,37.90999984741211,37.04999923706055,37.83000183105469,28.119327545166016,3325200,NTAP
2014-07-07,37.79999923706055,37.83000183105469,37.02000045776367,37.220001220703125,27.665904998779297,4283100,NTAP
2014-07-08,37.060001373291016,37.209999084472656,36.459999084472656,36.72999954223633,27.423242568969727,4717200,NTAP
2014-07-09,37.02000045776367,37.130001068115234,36.38999938964844,36.4900016784668,27.24406623840332,2929000,NTAP
2014-07-10,36.189998626708984,37.0099983215332,36.029998779296875,36.63999938964844,27.35604476928711,3200900,NTAP
2014-07-11,36.66999816894531,37.130001068115234,36.599998474121094,37.130001068115234,27.72189712524414,2782600,NTAP
2014-07-14,37.25,37.290000915527344,36.22999954223633,36.380001068115234,27.161924362182617,3496000,NTAP
2014-07-15,36.349998474121094,36.84000015258789,36.349998474121094,36.68000030517578,27.385921478271484,2806600,NTAP
2014-07-16,36.68000030517578,37.0,36.540000915527344,36.880001068115234,27.535247802734375,4226200,NTAP
2014-07-17,36.54999923706055,37.06999969482422,36.36000061035156,36.70000076293945,27.400854110717773,3910400,NTAP
2014-07-18,36.83000183105469,36.939998626708984,36.56999969482422,36.91999816894531,27.565105438232422,3135200,NTAP
2014-07-21,36.880001068115234,37.2400016784668,36.79999923706055,37.09000015258789,27.692039489746094,2407200,NTAP
2014-07-22,37.34000015258789,37.81999969482422,37.15999984741211,37.7599983215332,28.192262649536133,2947900,NTAP
2014-07-23,37.619998931884766,37.9900016784668,37.38999938964844,37.93000030517578,28.31917381286621,3857500,NTAP
2014-07-24,37.88999938964844,38.209999084472656,37.79999923706055,38.119998931884766,28.461044311523438,2653100,NTAP
2014-07-25,38.06999969482422,38.18000030517578,37.970001220703125,38.130001068115234,28.4685115814209,2349000,NTAP
2014-07-28,37.900001525878906,38.58000183105469,37.79999923706055,38.54999923706055,28.78208351135254,3705700,NTAP
2014-07-29,38.56999969482422,38.779998779296875,38.43000030517578,38.58000183105469,28.804492950439453,3429100,NTAP
2014-07-30,38.7599983215332,39.29999923706055,38.689998626708984,39.119998931884766,29.207656860351562,3623700,NTAP
2014-07-31,38.16999816894531,39.060001373291016,38.16999816894531,38.84000015258789,28.99860191345215,4899100,NTAP
2014-08-01,38.7599983215332,38.79999923706055,38.18000030517578,38.540000915527344,28.774621963500977,3346300,NTAP
2014-08-04,38.470001220703125,38.91999816894531,38.31999969482422,38.7599983215332,28.93886947631836,3373100,NTAP
2014-08-05,38.650001525878906,39.33000183105469,38.470001220703125,38.65999984741211,28.86421775817871,3315500,NTAP
2014-08-06,38.470001220703125,38.9900016784668,38.38999938964844,38.79999923706055,28.96873664855957,2448600,NTAP
2014-08-07,39.11000061035156,39.36000061035156,38.2599983215332,38.439998626708984,28.69996452331543,3220500,NTAP
2014-08-08,38.369998931884766,39.060001373291016,38.369998931884766,39.0,29.118074417114258,2995100,NTAP
2014-08-11,39.209999084472656,39.45000076293945,38.810001373291016,39.31999969482422,29.356979370117188,3045800,NTAP
2014-08-12,39.209999084472656,39.43000030517578,38.970001220703125,39.290000915527344,29.334577560424805,3234400,NTAP
2014-08-13,39.310001373291016,39.4900016784668,39.04999923706055,39.29999923706055,29.342065811157227,3799100,NTAP
2014-08-14,40.0,41.47999954223633,39.5,41.349998474121094,30.872610092163086,11062700,NTAP
2014-08-15,41.369998931884766,41.68000030517578,40.880001068115234,41.36000061035156,30.880077362060547,5253200,NTAP
2014-08-18,41.36000061035156,41.619998931884766,40.9900016784668,41.11000061035156,30.69343376159668,3323600,NTAP
2014-08-19,41.08000183105469,41.25,40.779998779296875,40.83000183105469,30.484375,3268300,NTAP
2014-08-20,40.869998931884766,41.13999938964844,40.7400016784668,40.970001220703125,30.588895797729492,2317600,NTAP
2014-08-21,40.90999984741211,41.150001525878906,40.7400016784668,40.91999816894531,30.55156707763672,1805000,NTAP
2014-08-22,40.97999954223633,41.150001525878906,40.900001525878906,41.0,30.611310958862305,2558400,NTAP
2014-08-25,41.25,41.59000015258789,41.029998779296875,41.189998626708984,30.753156661987305,2199100,NTAP
2014-08-26,41.150001525878906,41.689998626708984,41.099998474121094,41.41999816894531,30.92488670349121,2677700,NTAP
2014-08-27,41.58000183105469,41.689998626708984,41.29999923706055,41.560001373291016,31.029399871826172,1850600,NTAP
2014-08-28,41.47999954223633,42.06999969482422,41.41999816894531,41.9900016784668,31.3504581451416,2946100,NTAP
2014-08-29,42.060001373291016,42.16999816894531,41.68000030517578,42.15999984741211,31.477380752563477,2336800,NTAP
2014-09-02,42.099998474121094,42.33000183105469,41.93000030517578,42.040000915527344,31.387784957885742,2673300,NTAP
2014-09-03,42.08000183105469,42.290000915527344,41.9900016784668,42.099998474121094,31.432579040527344,2223200,NTAP
2014-09-04,42.099998474121094,42.45000076293945,41.90999984741211,41.90999984741211,31.290725708007812,3338700,NTAP
2014-09-05,41.95000076293945,42.22999954223633,41.810001373291016,42.209999084472656,31.514698028564453,2380100,NTAP
2014-09-08,42.060001373291016,42.20000076293945,41.90999984741211,42.15999984741211,31.477380752563477,2843500,NTAP
2014-09-09,42.25,42.41999816894531,41.93000030517578,42.040000915527344,31.387784957885742,2416200,NTAP
2014-09-10,42.20000076293945,42.5,42.0099983215332,42.150001525878906,31.469905853271484,2304700,NTAP
2014-09-11,42.04999923706055,42.47999954223633,42.0,42.470001220703125,31.708820343017578,1385100,NTAP
2014-09-12,42.2599983215332,42.5099983215332,42.18000030517578,42.5,31.731225967407227,2116100,NTAP
2014-09-15,42.5099983215332,43.119998931884766,42.5099983215332,42.869998931884766,32.007484436035156,3954100,NTAP
2014-09-16,42.84000015258789,43.099998474121094,42.61000061035156,42.970001220703125,32.08213806152344,2759100,NTAP
2014-09-17,42.849998474121094,43.25,42.810001373291016,43.04999923706055,32.14186477661133,1916300,NTAP
2014-09-18,43.18000030517578,43.650001525878906,43.06999969482422,43.400001525878906,32.403194427490234,2131300,NTAP
2014-09-19,43.599998474121094,43.75,42.849998474121094,43.0,32.10453414916992,5898800,NTAP
2014-09-22,42.9900016784668,43.25,42.86000061035156,43.0,32.10453414916992,3025100,NTAP
2014-09-23,43.38999938964844,43.38999938964844,42.959999084472656,43.06999969482422,32.15679931640625,2893800,NTAP
2014-09-24,43.09000015258789,43.47999954223633,42.97999954223633,43.380001068115234,32.38825988769531,2563500,NTAP
2014-09-25,43.2400016784668,43.31999969482422,42.15999984741211,42.16999816894531,31.484834671020508,3162400,NTAP
2014-09-26,42.5099983215332,42.5099983215332,41.880001068115234,42.16999816894531,31.484834671020508,3401400,NTAP
2014-09-29,41.91999816894531,42.529998779296875,41.880001068115234,42.439998626708984,31.68642807006836,2796400,NTAP
2014-09-30,42.599998474121094,43.09000015258789,42.56999969482422,42.959999084472656,32.07466506958008,3608600,NTAP
2014-10-01,42.619998931884766,42.68000030517578,41.27000045776367,41.33000183105469,30.857683181762695,4384800,NTAP
2014-10-02,41.310001373291016,41.54999923706055,40.70000076293945,41.380001068115234,30.895021438598633,1967800,NTAP
2014-10-03,41.4900016784668,41.86000061035156,41.290000915527344,41.56999969482422,31.036876678466797,1589100,NTAP
2014-10-06,41.560001373291016,41.68000030517578,40.97999954223633,40.9900016784668,30.603843688964844,2494200,NTAP
2014-10-07,40.65999984741211,40.869998931884766,39.709999084472656,39.849998474121094,29.75269889831543,4328400,NTAP
2014-10-08,39.81999969482422,40.310001373291016,39.45000076293945,40.2400016784668,30.168777465820312,3225200,NTAP
2014-10-09,40.18000030517578,40.52000045776367,39.540000915527344,39.56999969482422,29.666479110717773,2402000,NTAP
2014-10-10,39.43000030517578,39.88999938964844,38.900001525878906,38.90999984741211,29.171655654907227,3089700,NTAP
2014-10-13,38.790000915527344,39.09000015258789,38.209999084472656,38.220001220703125,28.654338836669922,2649100,NTAP
2014-10-14,38.43000030517578,38.849998474121094,38.209999084472656,38.529998779296875,28.886770248413086,3990400,NTAP
2014-10-15,37.95000076293945,38.95000076293945,37.7400016784668,38.810001373291016,29.096689224243164,4422500,NTAP
2014-10-16,37.97999954223633,39.31999969482422,37.7599983215332,38.400001525878906,28.789295196533203,3313600,NTAP
2014-10-17,38.66999816894531,39.369998931884766,38.619998931884766,38.81999969482422,29.104188919067383,2955900,NTAP
2014-10-20,38.25,38.599998474121094,37.439998626708984,38.540000915527344,28.89426040649414,4809700,NTAP
2014-10-21,38.709999084472656,39.349998474121094,38.630001068115234,39.27000045776367,29.441558837890625,2492500,NTAP
2014-10-22,39.31999969482422,40.25,39.27000045776367,39.65999984741211,29.73395347595215,3225900,NTAP
2014-10-23,40.11000061035156,40.68000030517578,39.779998779296875,40.29999923706055,30.213777542114258,2377900,NTAP
2014-10-24,40.459999084472656,40.7400016784668,39.91999816894531,40.720001220703125,30.528650283813477,1981400,NTAP
2014-10-27,40.58000183105469,40.95000076293945,40.349998474121094,40.54999923706055,30.401208877563477,1668800,NTAP
2014-10-28,40.93000030517578,41.5,40.79999923706055,41.5,31.11343765258789,2351400,NTAP
2014-10-29,41.54999923706055,42.09000015258789,41.349998474121094,41.380001068115234,31.02347183227539,2780600,NTAP
2014-10-30,41.220001220703125,42.209999084472656,41.220001220703125,42.11000061035156,31.57078742980957,1831100,NTAP
2014-10-31,42.7400016784668,42.86000061035156,42.439998626708984,42.79999923706055,32.088069915771484,2773000,NTAP
2014-11-03,42.79999923706055,43.45000076293945,42.61000061035156,43.06999969482422,32.290496826171875,2224200,NTAP
2014-11-04,42.88999938964844,43.43000030517578,42.83000183105469,43.02000045776367,32.253028869628906,1505100,NTAP
2014-11-05,43.150001525878906,43.2400016784668,42.56999969482422,43.20000076293945,32.38795471191406,1906900,NTAP
2014-11-06,43.20000076293945,43.66999816894531,42.95000076293945,43.16999816894531,32.36547088623047,2083000,NTAP
2014-11-07,42.880001068115234,43.2400016784668,42.20000076293945,42.29999923706055,31.713211059570312,3620800,NTAP
2014-11-10,42.279998779296875,42.470001220703125,41.900001525878906,42.150001525878906,31.60075569152832,3256600,NTAP
2014-11-11,42.220001220703125,42.439998626708984,41.97999954223633,42.27000045776367,31.690731048583984,2202500,NTAP
2014-11-12,42.459999084472656,42.47999954223633,42.0,42.310001373291016,31.720714569091797,5367100,NTAP
2014-11-13,40.529998779296875,41.90999984741211,40.380001068115234,41.09000015258789,30.80606460571289,9249100,NTAP
2014-11-14,41.18000030517578,42.56999969482422,41.09000015258789,42.27000045776367,31.690731048583984,4439500,NTAP
2014-11-17,42.099998474121094,42.31999969482422,41.72999954223633,42.22999954223633,31.66072654724121,2327900,NTAP
2014-11-18,42.20000076293945,42.20000076293945,41.84000015258789,41.88999938964844,31.405834197998047,2139700,NTAP
2014-11-19,41.939998626708984,41.970001220703125,41.4900016784668,41.810001373291016,31.345848083496094,3696800,NTAP
2014-11-20,41.66999816894531,42.22999954223633,41.61000061035156,42.20000076293945,31.638233184814453,2593000,NTAP
2014-11-21,42.599998474121094,42.599998474121094,42.279998779296875,42.310001373291016,31.720714569091797,2867200,NTAP
2014-11-24,42.40999984741211,42.65999984741211,42.220001220703125,42.630001068115234,31.960622787475586,1738000,NTAP
2014-11-25,42.630001068115234,43.16999816894531,42.459999084472656,43.08000183105469,32.29798889160156,2518900,NTAP
2014-11-26,43.02000045776367,43.119998931884766,42.599998474121094,42.70000076293945,32.01311492919922,2197900,NTAP
2014-11-28,42.810001373291016,42.900001525878906,42.41999816894531,42.54999923706055,31.90064239501953,1130000,NTAP
2014-12-01,42.060001373291016,42.27000045776367,41.75,41.97999954223633,31.473299026489258,3419900,NTAP
2014-12-02,41.689998626708984,42.25,41.5099983215332,42.02000045776367,31.503286361694336,1957700,NTAP
2014-12-03,42.099998474121094,43.16999816894531,42.0,43.13999938964844,32.342987060546875,2426200,NTAP
2014-12-04,43.02000045776367,43.29999923706055,42.810001373291016,43.290000915527344,32.45543670654297,2094500,NTAP
2014-12-05,43.29999923706055,43.58000183105469,43.08000183105469,43.40999984741211,32.54539108276367,2584000,NTAP
2014-12-08,42.9900016784668,43.279998779296875,42.45000076293945,42.619998931884766,31.9531192779541,1920200,NTAP
2014-12-09,42.58000183105469,42.93000030517578,42.290000915527344,42.720001220703125,32.02810287475586,1947800,NTAP
2014-12-10,42.5099983215332,42.849998474121094,41.779998779296875,41.88999938964844,31.405834197998047,2750500,NTAP
2014-12-11,41.970001220703125,42.59000015258789,41.88999938964844,42.189998626708984,31.630739212036133,2106400,NTAP
2014-12-12,41.68000030517578,41.7599983215332,40.65999984741211,40.70000076293945,30.513662338256836,2707400,NTAP
2014-12-15,40.84000015258789,41.290000915527344,40.33000183105469,40.70000076293945,30.513662338256836,3208200,NTAP
2014-12-16,40.650001525878906,41.13999938964844,40.18000030517578,40.650001525878906,30.476173400878906,3470300,NTAP
2014-12-17,40.36000061035156,40.97999954223633,40.22999954223633,40.849998474121094,30.626121520996094,2966500,NTAP
2014-12-18,41.47999954223633,42.77000045776367,41.0099983215332,42.720001220703125,32.02810287475586,3756300,NTAP
2014-12-19,42.439998626708984,43.459999084472656,42.310001373291016,42.939998626708984,32.193031311035156,5818600,NTAP
2014-12-22,42.939998626708984,43.04999923706055,42.060001373291016,42.939998626708984,32.193031311035156,1366800,NTAP
2014-12-23,43.0099983215332,43.31999969482422,42.83000183105469,42.84000015258789,32.118072509765625,1621200,NTAP
2014-12-24,42.9900016784668,43.099998474121094,42.72999954223633,42.810001373291016,32.09556198120117,664500,NTAP
2014-12-26,42.90999984741211,42.90999984741211,42.5099983215332,42.54999923706055,31.90064239501953,863700,NTAP
2014-12-29,42.40999984741211,42.529998779296875,41.97999954223633,41.9900016784668,31.48080825805664,1565900,NTAP
2014-12-30,41.9900016784668,42.209999084472656,41.47999954223633,41.560001373291016,31.158424377441406,1548700,NTAP
2014-12-31,41.560001373291016,41.810001373291016,41.119998931884766,41.45000076293945,31.075956344604492,2385400,NTAP
2015-01-02,41.68000030517578,41.790000915527344,41.02000045776367,41.459999084472656,31.083438873291016,2058600,NTAP
2015-01-05,41.20000076293945,41.369998931884766,39.90999984741211,40.04999923706055,30.02633285522461,2800900,NTAP
2015-01-06,40.04999923706055,40.33000183105469,39.52000045776367,39.689998626708984,29.756441116333008,3358400,NTAP
2015-01-07,39.779998779296875,39.869998931884766,39.43000030517578,39.72999954223633,29.91077995300293,1716400,NTAP
2015-01-08,39.91999816894531,40.88999938964844,39.880001068115234,40.54999923706055,30.528112411499023,1950100,NTAP
2015-01-09,40.45000076293945,40.88999938964844,40.09000015258789,40.650001525878906,30.603403091430664,1543600,NTAP
2015-01-12,40.77000045776367,40.86000061035156,39.63999938964844,39.869998931884766,30.01616668701172,2332800,NTAP
2015-01-13,39.380001068115234,40.41999816894531,38.86000061035156,39.31999969482422,29.602102279663086,4010300,NTAP
2015-01-14,38.939998626708984,39.13999938964844,38.52000045776367,38.88999938964844,29.27838706970215,2960100,NTAP
2015-01-15,38.900001525878906,38.900001525878906,38.22999954223633,38.459999084472656,28.954662322998047,3159100,NTAP
2015-01-16,38.41999816894531,38.779998779296875,38.279998779296875,38.75,29.17298126220703,1944300,NTAP
2015-01-20,38.88999938964844,39.099998474121094,38.25,38.529998779296875,29.00735855102539,1860600,NTAP
2015-01-21,38.29999923706055,38.709999084472656,38.13999938964844,38.5099983215332,28.992300033569336,1911700,NTAP
2015-01-22,38.33000183105469,39.68000030517578,38.29999923706055,39.65999984741211,29.85807991027832,2378700,NTAP
2015-01-23,39.70000076293945,39.7400016784668,39.22999954223633,39.47999954223633,29.722572326660156,1990700,NTAP
2015-01-26,39.15999984741211,39.189998626708984,38.40999984741211,38.900001525878906,29.285919189453125,2352900,NTAP
2015-01-27,38.310001373291016,38.77000045776367,37.95000076293945,38.06999969482422,28.661043167114258,2203700,NTAP
2015-01-28,38.45000076293945,38.77000045776367,37.900001525878906,38.0099983215332,28.615877151489258,3044800,NTAP
2015-01-29,37.83000183105469,38.470001220703125,37.689998626708984,38.060001373291016,28.65350914001465,3773800,NTAP
2015-01-30,37.79999923706055,38.36000061035156,37.540000915527344,37.79999923706055,28.457778930664062,3105500,NTAP
2015-02-02,37.79999923706055,38.349998474121094,37.459999084472656,38.290000915527344,28.826677322387695,2208300,NTAP
2015-02-03,38.380001068115234,39.290000915527344,38.22999954223633,39.2599983215332,29.556936264038086,2279100,NTAP
2015-02-04,39.060001373291016,39.34000015258789,38.779998779296875,38.91999816894531,29.30096435546875,2634400,NTAP
2015-02-05,38.9900016784668,39.13999938964844,38.5,38.790000915527344,29.203092575073242,2028200,NTAP
2015-02-06,38.90999984741211,39.369998931884766,38.45000076293945,38.869998931884766,29.263320922851562,1959800,NTAP
2015-02-09,38.86000061035156,39.09000015258789,38.70000076293945,38.849998474121094,29.248268127441406,1606300,NTAP
2015-02-10,39.15999984741211,39.459999084472656,38.59000015258789,39.439998626708984,29.69245719909668,1953000,NTAP
2015-02-11,39.220001220703125,39.900001525878906,39.119998931884766,39.790000915527344,29.95594024658203,3255000,NTAP
2015-02-12,36.22999954223633,37.279998779296875,35.880001068115234,36.900001525878906,27.780200958251953,14347300,NTAP
2015-02-13,37.119998931884766,38.40999984741211,36.9900016784668,38.220001220703125,28.773967742919922,5255600,NTAP
2015-02-17,38.060001373291016,38.189998626708984,37.18000030517578,37.790000915527344,28.450244903564453,4573300,NTAP
2015-02-18,37.880001068115234,38.22999954223633,37.63999938964844,37.79999923706055,28.457778930664062,3111400,NTAP
2015-02-19,37.779998779296875,38.060001373291016,37.720001220703125,37.849998474121094,28.49541473388672,2765300,NTAP
2015-02-20,37.900001525878906,38.31999969482422,37.630001068115234,38.20000076293945,28.7589111328125,4000900,NTAP
2015-02-23,38.189998626708984,38.5099983215332,37.79999923706055,38.5099983215332,28.992300033569336,2575500,NTAP
2015-02-24,38.59000015258789,38.7400016784668,38.11000061035156,38.56999969482422,29.037477493286133,3157200,NTAP
2015-02-25,38.65999984741211,38.779998779296875,38.52000045776367,38.619998931884766,29.07510757446289,2136100,NTAP
2015-02-26,38.650001525878906,39.13999938964844,38.4900016784668,38.650001525878906,29.09770393371582,2913000,NTAP
2015-02-27,38.720001220703125,38.93000030517578,38.38999938964844,38.650001525878906,29.09770393371582,2851800,NTAP
2015-03-02,38.290000915527344,38.93000030517578,38.25,38.58000183105469,29.045001983642578,2182000,NTAP
2015-03-03,38.36000061035156,38.560001373291016,37.90999984741211,38.029998779296875,28.630939483642578,2883800,NTAP
2015-03-04,37.939998626708984,38.13999938964844,37.54999923706055,37.79999923706055,28.457778930664062,3993900,NTAP
2015-03-05,37.81999969482422,38.599998474121094,37.720001220703125,38.54999923706055,29.02240753173828,2794000,NTAP
2015-03-06,38.400001525878906,38.7599983215332,38.099998474121094,38.20000076293945,28.7589111328125,2471900,NTAP
2015-03-09,38.209999084472656,38.4900016784668,38.04999923706055,38.439998626708984,28.939592361450195,3176200,NTAP
2015-03-10,38.150001525878906,38.2599983215332,37.93000030517578,37.939998626708984,28.56316566467285,4051800,NTAP
2015-03-11,37.869998931884766,38.11000061035156,37.59000015258789,37.81999969482422,28.472824096679688,2390500,NTAP
2015-03-12,37.709999084472656,38.86000061035156,37.220001220703125,37.40999984741211,28.164159774780273,4017600,NTAP
2015-03-13,37.209999084472656,37.439998626708984,36.459999084472656,36.81999969482422,27.71998405456543,3875300,NTAP
2015-03-16,36.970001220703125,37.16999816894531,36.689998626708984,37.15999984741211,27.97594451904297,2109500,NTAP
2015-03-17,37.11000061035156,37.400001525878906,36.7400016784668,36.779998779296875,27.689865112304688,2189300,NTAP
2015-03-18,36.779998779296875,37.560001373291016,36.529998779296875,37.29999923706055,28.081342697143555,3277100,NTAP
2015-03-19,37.279998779296875,37.41999816894531,36.63999938964844,36.70000076293945,27.629636764526367,3775500,NTAP
2015-03-20,36.900001525878906,37.5,36.70000076293945,37.31999969482422,28.09640884399414,3994600,NTAP
2015-03-23,36.52000045776367,36.84000015258789,36.41999816894531,36.63999938964844,27.58446502685547,3895700,NTAP
2015-03-24,36.7400016784668,36.790000915527344,35.83000183105469,35.849998474121094,26.989709854125977,6220700,NTAP
2015-03-25,35.790000915527344,36.09000015258789,35.61000061035156,35.7400016784668,26.90690803527832,4567300,NTAP
2015-03-26,35.43000030517578,35.68000030517578,35.2599983215332,35.54999923706055,26.76386833190918,5171100,NTAP
2015-03-27,35.63999938964844,35.63999938964844,34.97999954223633,35.099998474121094,26.425079345703125,4975000,NTAP
2015-03-30,35.220001220703125,35.439998626708984,35.0099983215332,35.380001068115234,26.635881423950195,3443500,NTAP
2015-03-31,35.34000015258789,35.70000076293945,35.060001373291016,35.459999084472656,26.696102142333984,2944900,NTAP
2015-04-01,35.400001525878906,35.43000030517578,34.939998626708984,35.27000045776367,26.553062438964844,2787800,NTAP
2015-04-02,35.31999969482422,35.93000030517578,35.13999938964844,35.630001068115234,26.824081420898438,4377500,NTAP
2015-04-06,35.36000061035156,36.13999938964844,35.209999084472656,36.029998779296875,27.12523078918457,2686900,NTAP
2015-04-07,36.06999969482422,36.15999984741211,35.77000045776367,35.810001373291016,26.95960235595703,3231600,NTAP
2015-04-08,35.75,35.91999816894531,35.43000030517578,35.81999969482422,27.091960906982422,3282600,NTAP
2015-04-09,35.689998626708984,35.91999816894531,35.45000076293945,35.7400016784668,27.03145980834961,3285700,NTAP
2015-04-10,35.709999084472656,35.779998779296875,35.189998626708984,35.470001220703125,26.827245712280273,4165700,NTAP
2015-04-13,35.470001220703125,35.68000030517578,35.380001068115234,35.40999984741211,26.7818603515625,2481000,NTAP
2015-04-14,35.31999969482422,35.97999954223633,35.22999954223633,35.869998931884766,27.129776000976562,4476900,NTAP
2015-04-15,35.95000076293945,36.75,35.7400016784668,36.72999954223633,27.780208587646484,3795300,NTAP
2015-04-16,36.56999969482422,36.65999984741211,36.220001220703125,36.36000061035156,27.50037384033203,3153000,NTAP
2015-04-17,36.09000015258789,36.54999923706055,35.650001525878906,35.970001220703125,27.205408096313477,4618300,NTAP
2015-04-20,36.2400016784668,36.43000030517578,35.79999923706055,35.9900016784668,27.22054100036621,2855600,NTAP
2015-04-21,36.189998626708984,36.209999084472656,35.7400016784668,36.0,27.22810173034668,3194900,NTAP
2015-04-22,36.0099983215332,36.29999923706055,35.959999084472656,36.13999938964844,27.33399200439453,1880400,NTAP
2015-04-23,36.0099983215332,36.41999816894531,35.97999954223633,36.290000915527344,27.447446823120117,1701700,NTAP
2015-04-24,36.36000061035156,36.36000061035156,35.91999816894531,36.119998931884766,27.31885528564453,2276200,NTAP
2015-04-27,36.119998931884766,36.59000015258789,35.959999084472656,36.369998931884766,27.507949829101562,2725700,NTAP
2015-04-28,36.43000030517578,36.66999816894531,36.130001068115234,36.599998474121094,27.68189811706543,1486100,NTAP
2015-04-29,36.369998931884766,37.06999969482422,36.279998779296875,36.79999923706055,27.833166122436523,3079600,NTAP
2015-04-30,36.540000915527344,36.959999084472656,36.16999816894531,36.25,27.417184829711914,2558400,NTAP
2015-05-01,36.45000076293945,36.790000915527344,36.33000183105469,36.689998626708984,27.749967575073242,1277300,NTAP
2015-05-04,36.70000076293945,36.97999954223633,36.619998931884766,36.709999084472656,27.765100479125977,1488900,NTAP
2015-05-05,36.540000915527344,36.65999984741211,35.849998474121094,35.90999984741211,27.160037994384766,2126300,NTAP
2015-05-06,35.900001525878906,36.029998779296875,35.33000183105469,35.38999938964844,26.76673126220703,2910000,NTAP
2015-05-07,35.43000030517578,35.77000045776367,35.22999954223633,35.56999969482422,26.90287208557129,1865100,NTAP
2015-05-08,35.689998626708984,35.880001068115234,35.349998474121094,35.650001525878906,26.96337890625,2589500,NTAP
2015-05-11,35.279998779296875,35.439998626708984,34.779998779296875,34.959999084472656,26.441509246826172,5265800,NTAP
2015-05-12,34.75,35.04999923706055,34.619998931884766,34.86000061035156,26.365880966186523,3604100,NTAP
2015-05-13,34.900001525878906,35.380001068115234,34.75,35.29999923706055,26.698657989501953,4991500,NTAP
2015-05-14,35.630001068115234,36.060001373291016,35.5099983215332,35.959999084472656,27.197843551635742,3470900,NTAP
2015-05-15,36.0,36.099998474121094,35.38999938964844,35.400001525878906,26.77429962158203,3879000,NTAP
2015-05-18,35.369998931884766,35.47999954223633,34.7400016784668,34.79999923706055,26.320493698120117,6203300,NTAP
2015-05-19,34.689998626708984,35.540000915527344,34.56999969482422,35.349998474121094,26.73648452758789,4520000,NTAP
2015-05-20,35.400001525878906,35.68000030517578,35.16999816894531,35.33000183105469,26.72135353088379,4799300,NTAP
2015-05-21,31.049999237060547,32.130001068115234,30.850000381469727,31.770000457763672,24.02880096435547,25743800,NTAP
2015-05-22,31.649999618530273,33.2599983215332,31.459999084472656,33.13999938964844,25.064977645874023,12065400,NTAP
2015-05-26,32.970001220703125,33.13999938964844,32.33000183105469,32.560001373291016,24.626306533813477,5687800,NTAP
2015-05-27,32.66999816894531,33.099998474121094,32.58000183105469,33.02000045776367,24.97421646118164,4781700,NTAP
2015-05-28,33.0099983215332,33.349998474121094,32.83000183105469,33.2599983215332,25.155738830566406,3661400,NTAP
2015-05-29,33.2599983215332,33.41999816894531,32.970001220703125,33.400001525878906,25.261627197265625,7223700,NTAP
2015-06-01,33.27000045776367,33.400001525878906,32.869998931884766,33.15999984741211,25.080110549926758,4324900,NTAP
2015-06-02,33.040000915527344,33.58000183105469,32.97999954223633,33.34000015258789,25.216245651245117,5554400,NTAP
2015-06-03,33.400001525878906,33.83000183105469,33.209999084472656,33.2400016784668,25.140607833862305,3286400,NTAP
2015-06-04,33.0099983215332,33.869998931884766,32.939998626708984,33.869998931884766,25.617101669311523,5443100,NTAP
2015-06-05,33.869998931884766,34.0,33.52000045776367,33.939998626708984,25.670040130615234,5040000,NTAP
2015-06-08,33.95000076293945,33.97999954223633,32.91999816894531,33.15999984741211,25.080110549926758,4179200,NTAP
2015-06-09,33.290000915527344,33.38999938964844,32.970001220703125,33.099998474121094,25.03472328186035,4099600,NTAP
2015-06-10,33.91999816894531,33.91999816894531,33.18000030517578,33.540000915527344,25.367511749267578,5439200,NTAP
2015-06-11,33.540000915527344,33.959999084472656,33.400001525878906,33.68000030517578,25.47339630126953,3124800,NTAP
2015-06-12,33.47999954223633,33.61000061035156,33.27000045776367,33.47999954223633,25.322134017944336,2830400,NTAP
2015-06-15,33.349998474121094,33.61000061035156,32.970001220703125,33.54999923706055,25.375078201293945,3633000,NTAP
2015-06-16,33.45000076293945,33.72999954223633,33.29999923706055,33.54999923706055,25.375078201293945,2460100,NTAP
2015-06-17,33.650001525878906,33.91999816894531,33.560001373291016,33.779998779296875,25.549030303955078,3019600,NTAP
2015-06-18,33.810001373291016,34.06999969482422,33.720001220703125,33.77000045776367,25.54146957397461,3325400,NTAP
2015-06-19,33.81999969482422,34.0,33.68000030517578,33.93000030517578,25.662492752075195,6715600,NTAP
2015-06-22,34.0,34.47999954223633,33.939998626708984,34.38999938964844,26.010393142700195,3570800,NTAP
2015-06-23,34.15999984741211,34.720001220703125,34.15999984741211,34.54999923706055,26.131404876708984,3909200,NTAP
2015-06-24,34.470001220703125,34.5099983215332,33.09000015258789,33.18000030517578,25.09523582458496,5315600,NTAP
2015-06-25,33.20000076293945,33.279998779296875,32.459999084472656,32.650001525878906,24.69437599182129,6071000,NTAP
2015-06-26,32.619998931884766,32.84000015258789,32.2400016784668,32.36000061035156,24.475038528442383,4692400,NTAP
2015-06-29,32.040000915527344,32.369998931884766,31.6299991607666,31.68000030517578,23.960729598999023,4804800,NTAP
2015-06-30,31.8799991607666,31.989999771118164,31.420000076293945,31.559999465942383,23.86996841430664,3358100,NTAP
2015-07-01,32.279998779296875,32.279998779296875,31.459999084472656,31.59000015258789,23.89265251159668,2781900,NTAP
2015-07-02,31.5,31.719999313354492,31.3799991607666,31.5,23.824588775634766,2802100,NTAP
2015-07-06,31.219999313354492,31.489999771118164,31.100000381469727,31.299999237060547,23.673324584960938,2857100,NTAP
2015-07-07,31.440000534057617,31.6299991607666,30.90999984741211,31.600000381469727,23.900217056274414,3726200,NTAP
2015-07-08,31.6200008392334,31.6200008392334,30.510000228881836,30.600000381469727,23.276470184326172,4466000,NTAP
2015-07-09,30.729999542236328,30.989999771118164,30.260000228881836,30.350000381469727,23.086301803588867,4697700,NTAP
2015-07-10,30.739999771118164,30.920000076293945,30.399999618530273,30.600000381469727,23.276470184326172,2364900,NTAP
2015-07-13,30.690000534057617,30.969999313354492,30.5,30.90999984741211,23.512277603149414,2656400,NTAP
2015-07-14,30.969999313354492,31.100000381469727,30.719999313354492,30.889999389648438,23.497068405151367,2913200,NTAP
2015-07-15,31.209999084472656,31.399999618530273,30.93000030517578,31.139999389648438,23.687236785888672,4241100,NTAP
2015-07-16,31.139999389648438,31.3700008392334,31.059999465942383,31.219999313354492,23.74808692932129,3851100,NTAP
2015-07-17,31.170000076293945,31.209999084472656,30.969999313354492,31.139999389648438,23.687236785888672,3505100,NTAP
2015-07-20,31.190000534057617,31.290000915527344,30.8700008392334,30.940000534057617,23.535097122192383,4063200,NTAP
2015-07-21,30.84000015258789,30.920000076293945,30.25,30.889999389648438,23.497068405151367,3298600,NTAP
2015-07-22,30.68000030517578,31.25,30.420000076293945,31.149999618530273,23.69483757019043,3544400,NTAP
2015-07-23,31.229999542236328,32.18000030517578,31.110000610351562,31.399999618530273,23.885007858276367,4704000,NTAP
2015-07-24,31.459999084472656,31.6200008392334,31.030000686645508,31.100000381469727,23.65681266784668,3067800,NTAP
2015-07-27,30.8700008392334,31.030000686645508,30.6200008392334,30.799999237060547,23.428600311279297,3924500,NTAP
2015-07-28,31.0,31.110000610351562,30.770000457763672,30.950000762939453,23.542705535888672,4003800,NTAP
2015-07-29,30.889999389648438,31.170000076293945,30.809999465942383,30.959999084472656,23.550312042236328,3509100,NTAP
2015-07-30,30.899999618530273,31.639999389648438,30.84000015258789,31.56999969482422,24.01431655883789,2484400,NTAP
2015-07-31,31.6200008392334,31.6200008392334,31.100000381469727,31.149999618530273,23.69483757019043,2641900,NTAP
2015-08-03,31.170000076293945,31.450000762939453,30.56999969482422,30.690000534057617,23.344928741455078,1839400,NTAP
2015-08-04,30.639999389648438,30.760000228881836,30.440000534057617,30.579999923706055,23.261253356933594,2128300,NTAP
2015-08-05,30.860000610351562,31.239999771118164,30.549999237060547,30.8700008392334,23.481857299804688,3243400,NTAP
2015-08-06,30.959999084472656,31.0,30.520000457763672,30.690000534057617,23.344928741455078,2813500,NTAP
2015-08-07,30.59000015258789,30.889999389648438,30.469999313354492,30.520000457763672,23.215620040893555,1911100,NTAP
2015-08-10,30.75,31.68000030517578,30.75,31.5,23.96108055114746,2843600,NTAP
2015-08-11,31.350000381469727,31.360000610351562,30.559999465942383,30.709999084472656,23.360145568847656,1968000,NTAP
2015-08-12,30.549999237060547,30.989999771118164,30.280000686645508,30.989999771118164,23.573129653930664,2918000,NTAP
2015-08-13,30.940000534057617,31.059999465942383,30.540000915527344,30.6200008392334,23.291685104370117,2008700,NTAP
2015-08-14,30.450000762939453,30.799999237060547,30.450000762939453,30.75,23.390573501586914,2415700,NTAP
2015-08-17,30.25,30.559999465942383,30.0,30.540000915527344,23.230833053588867,3448000,NTAP
2015-08-18,30.399999618530273,30.729999542236328,29.920000076293945,30.280000686645508,23.033065795898438,3342100,NTAP
2015-08-19,30.200000762939453,30.270000457763672,29.540000915527344,29.780000686645508,22.652721405029297,6541300,NTAP
2015-08-20,31.979999542236328,32.290000915527344,30.479999542236328,30.780000686645508,23.413394927978516,14103300,NTAP
2015-08-21,30.440000534057617,31.190000534057617,30.209999084472656,30.209999084472656,22.97981071472168,7086200,NTAP
2015-08-24,28.959999084472656,29.8700008392334,28.8799991607666,29.8700008392334,22.721187591552734,9015800,NTAP
2015-08-25,30.510000228881836,30.510000228881836,29.049999237060547,29.06999969482422,22.112648010253906,6646300,NTAP
2015-08-26,29.639999389648438,30.639999389648438,29.459999084472656,30.579999923706055,23.261253356933594,5517600,NTAP
2015-08-27,30.850000381469727,31.440000534057617,30.729999542236328,31.389999389648438,23.87740135192871,4360500,NTAP
2015-08-28,31.34000015258789,31.84000015258789,31.309999465942383,31.6200008392334,24.052356719970703,3294400,NTAP
2015-08-31,31.520000457763672,32.040000915527344,31.40999984741211,31.959999084472656,24.31098175048828,4870500,NTAP
2015-09-01,31.06999969482422,31.280000686645508,30.799999237060547,30.959999084472656,23.550312042236328,4465100,NTAP
2015-09-02,31.420000076293945,31.450000762939453,30.889999389648438,31.270000457763672,23.78611946105957,2848400,NTAP
2015-09-03,31.270000457763672,31.690000534057617,31.1200008392334,31.190000534057617,23.725269317626953,3113000,NTAP
2015-09-04,30.75,30.950000762939453,30.520000457763672,30.56999969482422,23.253652572631836,3484000,NTAP
2015-09-08,30.899999618530273,31.549999237060547,30.780000686645508,31.489999771118164,23.95347023010254,3501500,NTAP
2015-09-09,31.729999542236328,31.950000762939453,31.06999969482422,31.1200008392334,23.672019958496094,2495300,NTAP
2015-09-10,31.06999969482422,31.639999389648438,30.950000762939453,31.360000610351562,23.854585647583008,2416800,NTAP
2015-09-11,31.18000030517578,31.59000015258789,31.049999237060547,31.579999923706055,24.021928787231445,1930100,NTAP
2015-09-14,31.6200008392334,31.6200008392334,31.049999237060547,31.139999389648438,23.687236785888672,2103700,NTAP
2015-09-15,31.3799991607666,32.220001220703125,31.219999313354492,32.189998626708984,24.485937118530273,3790400,NTAP
2015-09-16,32.02000045776367,32.47999954223633,31.90999984741211,32.36000061035156,24.615251541137695,2060400,NTAP
2015-09-17,32.34000015258789,32.72999954223633,32.15999984741211,32.209999084472656,24.50115203857422,2754900,NTAP
2015-09-18,31.809999465942383,32.119998931884766,31.18000030517578,31.360000610351562,23.854585647583008,7859100,NTAP
2015-09-21,31.43000030517578,31.719999313354492,31.149999618530273,31.219999313354492,23.74808692932129,2690900,NTAP
2015-09-22,30.290000915527344,30.389999389648438,29.739999771118164,30.06999969482422,22.873313903808594,5679300,NTAP
2015-09-23,30.139999389648438,30.18000030517578,29.540000915527344,29.700000762939453,22.591867446899414,2588000,NTAP
2015-09-24,29.5,29.889999389648438,29.110000610351562,29.489999771118164,22.432130813598633,3338700,NTAP
2015-09-25,29.579999923706055,29.700000762939453,29.3700008392334,29.56999969482422,22.49298667907715,4860400,NTAP
2015-09-28,29.360000610351562,29.65999984741211,29.09000015258789,29.100000381469727,22.135465621948242,3042800,NTAP
2015-09-29,29.25,29.729999542236328,28.809999465942383,28.950000762939453,22.021373748779297,3255900,NTAP
2015-09-30,29.200000762939453,29.729999542236328,28.75,29.600000381469727,22.51580238342285,4669200,NTAP
2015-10-01,29.649999618530273,29.75,28.8700008392334,29.239999771118164,22.241962432861328,3108500,NTAP
2015-10-02,28.889999389648438,29.93000030517578,28.850000381469727,29.93000030517578,22.766820907592773,2737800,NTAP
2015-10-05,30.18000030517578,30.950000762939453,30.1200008392334,30.889999389648438,23.497068405151367,2336700,NTAP
2015-10-06,30.84000015258789,31.579999923706055,30.84000015258789,31.329999923706055,23.831756591796875,2879100,NTAP
2015-10-07,31.34000015258789,31.770000457763672,31.06999969482422,31.530000686645508,24.12248420715332,3386500,NTAP
2015-10-08,31.6200008392334,32.279998779296875,31.459999084472656,32.27000045776367,24.688634872436523,3788800,NTAP
2015-10-09,32.29999923706055,33.20000076293945,32.29999923706055,33.15999984741211,25.369543075561523,4768200,NTAP
2015-10-12,33.56999969482422,33.65999984741211,32.68000030517578,33.369998931884766,25.530200958251953,4380100,NTAP
2015-10-13,33.099998474121094,33.869998931884766,32.900001525878906,33.43000030517578,25.57610321044922,3464600,NTAP
2015-10-14,33.459999084472656,33.95000076293945,33.41999816894531,33.880001068115234,25.920377731323242,3204400,NTAP
2015-10-15,33.630001068115234,33.779998779296875,33.369998931884766,33.779998779296875,25.843883514404297,3037400,NTAP
2015-10-16,33.790000915527344,33.83000183105469,33.47999954223633,33.81999969482422,25.874481201171875,2326500,NTAP
2015-10-19,33.7400016784668,33.91999816894531,33.599998474121094,33.68000030517578,25.767370223999023,1625900,NTAP
2015-10-20,33.529998779296875,33.84000015258789,33.5,33.720001220703125,25.797969818115234,2017800,NTAP
2015-10-21,33.779998779296875,33.849998474121094,33.31999969482422,33.400001525878906,25.55316162109375,2947400,NTAP
2015-10-22,33.560001373291016,34.400001525878906,33.34000015258789,34.380001068115234,26.302913665771484,2748300,NTAP
2015-10-23,34.5,34.810001373291016,34.220001220703125,34.66999816894531,26.52479362487793,2917700,NTAP
2015-10-26,33.91999816894531,34.029998779296875,33.11000061035156,33.150001525878906,25.36188316345215,3371900,NTAP
2015-10-27,32.970001220703125,33.540000915527344,32.86000061035156,33.36000061035156,25.522552490234375,3926400,NTAP
2015-10-28,33.560001373291016,34.08000183105469,33.380001068115234,34.060001373291016,26.05810546875,2682200,NTAP
2015-10-29,33.72999954223633,34.06999969482422,33.61000061035156,33.7599983215332,25.828571319580078,1732000,NTAP
2015-10-30,33.970001220703125,34.09000015258789,33.38999938964844,34.0,26.012191772460938,1900700,NTAP
2015-11-02,33.93000030517578,34.38999938964844,33.86000061035156,34.380001068115234,26.302913665771484,2187500,NTAP
2015-11-03,34.279998779296875,34.72999954223633,34.18000030517578,34.4900016784668,26.387073516845703,2015100,NTAP
2015-11-04,34.4900016784668,34.529998779296875,33.77000045776367,33.81999969482422,25.874481201171875,2833700,NTAP
2015-11-05,33.95000076293945,34.599998474121094,33.93000030517578,34.20000076293945,26.165212631225586,3309700,NTAP
2015-11-06,33.959999084472656,34.439998626708984,33.880001068115234,34.400001525878906,26.31822395324707,2313500,NTAP
2015-11-09,34.310001373291016,34.380001068115234,33.959999084472656,34.13999938964844,26.119304656982422,2221600,NTAP
2015-11-10,34.0099983215332,34.029998779296875,33.209999084472656,33.33000183105469,25.49959945678711,2433100,NTAP
2015-11-11,33.47999954223633,33.5099983215332,32.310001373291016,32.43000030517578,24.8110408782959,3901600,NTAP
2015-11-12,31.690000534057617,32.439998626708984,31.690000534057617,31.84000015258789,24.35965347290039,4147500,NTAP
2015-11-13,31.3799991607666,31.8700008392334,30.829999923706055,31.309999465942383,23.95417022705078,3980200,NTAP
2015-11-16,31.280000686645508,31.649999618530273,31.18000030517578,31.489999771118164,24.091882705688477,2793700,NTAP
2015-11-17,31.479999542236328,31.940000534057617,31.139999389648438,31.299999237060547,23.946521759033203,3816400,NTAP
2015-11-18,31.200000762939453,31.469999313354492,30.760000228881836,31.040000915527344,23.747600555419922,5732500,NTAP
2015-11-19,31.350000381469727,31.479999542236328,30.1200008392334,30.969999313354492,23.694047927856445,7206400,NTAP
2015-11-20,31.1200008392334,31.25,30.5,31.049999237060547,23.755260467529297,3363800,NTAP
2015-11-23,31.110000610351562,31.59000015258789,30.93000030517578,31.010000228881836,23.724653244018555,2370600,NTAP
2015-11-24,30.809999465942383,31.100000381469727,30.690000534057617,30.93000030517578,23.663450241088867,2043800,NTAP
2015-11-25,30.989999771118164,31.010000228881836,30.709999084472656,30.760000228881836,23.533376693725586,1864700,NTAP
2015-11-27,30.770000457763672,30.899999618530273,30.59000015258789,30.690000534057617,23.479829788208008,949200,NTAP
2015-11-30,30.729999542236328,30.979999542236328,30.610000610351562,30.65999984741211,23.456872940063477,2915300,NTAP
2015-12-01,30.290000915527344,31.0,30.219999313354492,30.969999313354492,23.694047927856445,2472900,NTAP
2015-12-02,30.850000381469727,31.1299991607666,30.700000762939453,30.93000030517578,23.663450241088867,2526000,NTAP
2015-12-03,31.020000457763672,31.030000686645508,30.3799991607666,30.860000610351562,23.60988998413086,4044200,NTAP
2015-12-04,30.889999389648438,31.309999465942383,30.6200008392334,31.280000686645508,23.93122100830078,3214400,NTAP
2015-12-07,31.299999237060547,31.639999389648438,31.200000762939453,31.530000686645508,24.12248420715332,5269700,NTAP
2015-12-08,31.25,31.389999389648438,31.010000228881836,31.079999923706055,23.778207778930664,3618200,NTAP
2015-12-09,31.020000457763672,31.18000030517578,30.020000457763672,30.1200008392334,23.043743133544922,3218800,NTAP
2015-12-10,30.1200008392334,30.5,29.850000381469727,30.190000534057617,23.0972957611084,3178100,NTAP
2015-12-11,29.540000915527344,29.709999084472656,28.940000534057617,29.059999465942383,22.232772827148438,3367600,NTAP
2015-12-14,29.3700008392334,29.3700008392334,28.299999237060547,28.670000076293945,21.934396743774414,4687000,NTAP
2015-12-15,28.920000076293945,29.010000228881836,28.520000457763672,28.56999969482422,21.85789680480957,6826500,NTAP
2015-12-16,28.579999923706055,29.280000686645508,28.530000686645508,28.940000534057617,22.140972137451172,3661800,NTAP
2015-12-17,29.059999465942383,29.059999465942383,28.079999923706055,28.299999237060547,21.651325225830078,3896800,NTAP
2015-12-18,28.09000015258789,28.270000457763672,27.40999984741211,27.600000381469727,21.115787506103516,7834700,NTAP
2015-12-21,27.84000015258789,27.84000015258789,27.440000534057617,27.600000381469727,21.115787506103516,3198300,NTAP
2015-12-22,25.65999984741211,26.799999237060547,25.209999084472656,26.229999542236328,20.067638397216797,10491000,NTAP
2015-12-23,26.31999969482422,26.90999984741211,26.280000686645508,26.520000457763672,20.289506912231445,5506200,NTAP
2015-12-24,26.65999984741211,27.15999984741211,26.459999084472656,26.520000457763672,20.289506912231445,2460100,NTAP
2015-12-28,26.489999771118164,26.770000457763672,26.170000076293945,26.56999969482422,20.3277645111084,3527300,NTAP
2015-12-29,26.639999389648438,26.969999313354492,26.5,26.8799991607666,20.56493377685547,3206900,NTAP
2015-12-30,26.780000686645508,27.010000228881836,26.780000686645508,26.8700008392334,20.557283401489258,3003500,NTAP
2015-12-31,26.81999969482422,26.8700008392334,26.530000686645508,26.530000686645508,20.297164916992188,3371200,NTAP
2016-01-04,26.15999984741211,26.239999771118164,25.809999465942383,26.020000457763672,19.906982421875,4495600,NTAP
2016-01-05,26.09000015258789,26.18000030517578,25.360000610351562,25.399999618530273,19.432641983032227,4239200,NTAP
2016-01-06,24.799999237060547,25.100000381469727,24.610000610351562,24.690000534057617,19.024259567260742,3794200,NTAP
2016-01-07,24.149999618530273,24.459999084472656,23.149999618530273,23.3700008392334,18.007165908813477,6396000,NTAP
2016-01-08,23.459999084472656,23.56999969482422,22.93000030517578,23.0,17.72207260131836,4284500,NTAP
2016-01-11,23.200000762939453,23.209999084472656,22.469999313354492,22.979999542236328,17.706668853759766,4001200,NTAP
2016-01-12,23.200000762939453,23.299999237060547,22.299999237060547,22.600000381469727,17.413856506347656,4090100,NTAP
2016-01-13,22.760000228881836,23.309999465942383,22.3799991607666,22.520000457763672,17.35222625732422,6178200,NTAP
2016-01-14,22.649999618530273,23.43000030517578,22.639999389648438,23.219999313354492,17.891586303710938,5989100,NTAP
2016-01-15,22.329999923706055,22.510000228881836,21.459999084472656,22.25,17.144176483154297,6811300,NTAP
2016-01-19,22.559999465942383,22.579999923706055,21.290000915527344,21.450000762939453,16.52775764465332,5330700,NTAP
2016-01-20,21.170000076293945,21.559999465942383,20.65999984741211,21.350000381469727,16.45070457458496,3787700,NTAP
2016-01-21,21.469999313354492,21.809999465942383,21.110000610351562,21.350000381469727,16.45070457458496,3499900,NTAP
2016-01-22,21.790000915527344,22.139999389648438,21.34000015258789,21.510000228881836,16.573999404907227,3072500,NTAP
2016-01-25,21.559999465942383,21.579999923706055,21.18000030517578,21.219999313354492,16.35053825378418,3262500,NTAP
2016-01-26,21.260000228881836,22.06999969482422,21.25,22.030000686645508,16.974666595458984,5272000,NTAP
2016-01-27,21.93000030517578,22.239999771118164,21.239999771118164,21.309999465942383,16.41988754272461,3733200,NTAP
2016-01-28,21.520000457763672,21.6200008392334,21.25,21.479999542236328,16.55086898803711,4166000,NTAP
2016-01-29,21.65999984741211,22.3799991607666,21.389999389648438,21.93000030517578,16.897611618041992,5123700,NTAP
2016-02-01,21.690000534057617,21.899999618530273,21.3799991607666,21.860000610351562,16.84368133544922,3820000,NTAP
2016-02-02,21.690000534057617,21.959999084472656,21.510000228881836,21.559999465942383,16.612512588500977,3855500,NTAP
2016-02-03,22.139999389648438,22.360000610351562,21.31999969482422,22.200000762939453,17.10565185546875,3973600,NTAP
2016-02-04,21.760000228881836,23.149999618530273,21.469999313354492,22.579999923706055,17.398454666137695,3617800,NTAP
2016-02-05,22.56999969482422,23.079999923706055,22.440000534057617,22.639999389648438,17.444690704345703,4058200,NTAP
2016-02-08,22.329999923706055,22.59000015258789,22.030000686645508,22.350000381469727,17.221235275268555,4213800,NTAP
2016-02-09,22.06999969482422,22.639999389648438,22.0,22.040000915527344,16.98236846923828,3523300,NTAP
2016-02-10,22.260000228881836,22.8700008392334,22.100000381469727,22.3799991607666,17.24435043334961,4240700,NTAP
2016-02-11,21.959999084472656,22.040000915527344,21.219999313354492,21.729999542236328,16.743511199951172,5544500,NTAP
2016-02-12,21.18000030517578,22.059999465942383,20.889999389648438,21.889999389648438,16.866788864135742,5065400,NTAP
2016-02-16,22.079999923706055,23.139999389648438,21.8799991607666,23.09000015258789,17.791423797607422,5391800,NTAP
2016-02-17,23.209999084472656,23.65999984741211,23.15999984741211,23.549999237060547,18.14586067199707,5951000,NTAP
2016-02-18,22.969999313354492,24.329999923706055,22.899999618530273,23.93000030517578,18.438661575317383,9829200,NTAP
2016-02-19,23.90999984741211,24.799999237060547,23.700000762939453,24.639999389648438,18.985734939575195,7297900,NTAP
2016-02-22,24.8700008392334,25.459999084472656,24.8700008392334,24.969999313354492,19.240009307861328,4689300,NTAP
2016-02-23,24.760000228881836,24.889999389648438,24.290000915527344,24.31999969482422,18.739168167114258,4653800,NTAP
2016-02-24,24.139999389648438,25.049999237060547,23.8799991607666,24.989999771118164,19.255420684814453,4542500,NTAP
2016-02-25,24.969999313354492,24.969999313354492,24.440000534057617,24.6299991607666,18.978029251098633,4072100,NTAP
2016-02-26,24.8799991607666,25.559999465942383,24.3799991607666,25.1200008392334,19.3555850982666,3668000,NTAP
2016-02-29,25.040000915527344,25.139999389648438,24.799999237060547,24.84000015258789,19.13983917236328,4221200,NTAP
2016-03-01,25.040000915527344,25.790000915527344,24.889999389648438,25.540000915527344,19.679210662841797,3006500,NTAP
2016-03-02,25.479999542236328,25.850000381469727,25.18000030517578,25.690000534057617,19.794788360595703,2731300,NTAP
2016-03-03,25.760000228881836,26.170000076293945,25.43000030517578,26.06999969482422,20.087583541870117,3092400,NTAP
2016-03-04,26.139999389648438,26.3700008392334,25.719999313354492,26.0,20.033653259277344,4322500,NTAP
2016-03-07,25.81999969482422,27.25,25.559999465942383,26.8700008392334,20.704002380371094,5915800,NTAP
2016-03-08,26.59000015258789,26.729999542236328,25.8799991607666,25.950000762939453,19.9951229095459,3069200,NTAP
2016-03-09,26.149999618530273,26.56999969482422,26.09000015258789,26.170000076293945,20.164636611938477,4162700,NTAP
2016-03-10,25.770000457763672,26.59000015258789,25.770000457763672,26.329999923706055,20.287919998168945,3333300,NTAP
2016-03-11,26.6200008392334,27.06999969482422,26.190000534057617,27.059999465942383,20.85040283203125,4003800,NTAP
2016-03-14,26.780000686645508,27.079999923706055,26.3700008392334,26.610000610351562,20.503677368164062,3491500,NTAP
2016-03-15,26.489999771118164,26.540000915527344,25.65999984741211,25.829999923706055,19.902660369873047,3133300,NTAP
2016-03-16,25.68000030517578,26.3700008392334,25.459999084472656,26.290000915527344,20.257099151611328,2137400,NTAP
2016-03-17,26.3799991607666,26.760000228881836,26.270000457763672,26.65999984741211,20.542194366455078,2107300,NTAP
2016-03-18,26.780000686645508,27.510000228881836,26.520000457763672,27.239999771118164,20.989093780517578,4171900,NTAP
2016-03-21,26.579999923706055,27.0,26.520000457763672,26.790000915527344,20.642364501953125,3301700,NTAP
2016-03-22,26.56999969482422,27.270000457763672,26.520000457763672,27.149999618530273,20.91975212097168,2397500,NTAP
2016-03-23,27.190000534057617,27.200000762939453,26.270000457763672,26.3799991607666,20.326446533203125,2044300,NTAP
2016-03-24,26.260000228881836,26.440000534057617,25.65999984741211,26.34000015258789,20.295629501342773,1845000,NTAP
2016-03-28,26.389999389648438,26.75,26.350000381469727,26.479999542236328,20.40350341796875,1563200,NTAP
2016-03-29,26.350000381469727,27.299999237060547,26.100000381469727,27.260000228881836,21.004512786865234,2625700,NTAP
2016-03-30,27.360000610351562,27.5,26.389999389648438,26.65999984741211,20.542194366455078,3164200,NTAP
2016-03-31,26.709999084472656,27.299999237060547,26.65999984741211,27.290000915527344,21.027624130249023,3149700,NTAP
2016-04-01,26.989999771118164,27.190000534057617,26.59000015258789,26.969999313354492,20.781057357788086,2813200,NTAP
2016-04-04,26.889999389648438,26.889999389648438,26.530000686645508,26.6200008392334,20.511369705200195,1777600,NTAP
2016-04-05,26.5,26.829999923706055,26.219999313354492,26.6299991607666,20.51908302307129,2792000,NTAP
2016-04-06,26.5,26.600000381469727,25.93000030517578,26.559999465942383,20.604412078857422,3225900,NTAP
2016-04-07,26.350000381469727,26.530000686645508,25.540000915527344,25.719999313354492,19.952768325805664,3185900,NTAP
2016-04-08,25.969999313354492,26.399999618530273,25.709999084472656,25.809999465942383,20.022586822509766,2046200,NTAP
2016-04-11,25.90999984741211,26.56999969482422,25.639999389648438,26.1200008392334,20.26307487487793,2064200,NTAP
2016-04-12,26.1299991607666,26.299999237060547,25.700000762939453,26.1299991607666,20.27083396911621,2003100,NTAP
2016-04-13,26.31999969482422,26.700000762939453,26.239999771118164,26.700000762939453,20.71302032470703,2180500,NTAP
2016-04-14,26.290000915527344,26.290000915527344,25.219999313354492,25.639999389648438,19.890708923339844,3447700,NTAP
2016-04-15,25.639999389648438,25.639999389648438,25.059999465942383,25.1200008392334,19.487308502197266,3158500,NTAP
2016-04-18,24.549999237060547,24.829999923706055,24.31999969482422,24.780000686645508,19.223548889160156,4765800,NTAP
2016-04-19,24.93000030517578,25.1200008392334,24.389999389648438,24.440000534057617,18.95979118347168,3233200,NTAP
2016-04-20,24.299999237060547,24.3799991607666,23.440000534057617,24.1200008392334,18.711530685424805,5518600,NTAP
2016-04-21,24.170000076293945,24.299999237060547,24.09000015258789,24.110000610351562,18.703777313232422,2849300,NTAP
2016-04-22,24.139999389648438,24.690000534057617,24.09000015258789,24.239999771118164,18.804630279541016,2346100,NTAP
2016-04-25,24.110000610351562,24.600000381469727,24.100000381469727,24.520000457763672,19.0218505859375,2706000,NTAP
2016-04-26,24.540000915527344,24.760000228881836,24.459999084472656,24.530000686645508,19.029603958129883,2719800,NTAP
2016-04-27,24.459999084472656,24.75,24.360000610351562,24.729999542236328,19.18475914001465,2302800,NTAP
2016-04-28,24.649999618530273,24.690000534057617,24.280000686645508,24.309999465942383,18.858936309814453,2582700,NTAP
2016-04-29,24.170000076293945,24.170000076293945,23.3799991607666,23.639999389648438,18.33917236328125,3862300,NTAP
2016-05-02,23.690000534057617,23.790000915527344,23.200000762939453,23.299999237060547,18.075407028198242,2395100,NTAP
2016-05-03,23.15999984741211,23.15999984741211,22.760000228881836,23.0,17.842676162719727,2831600,NTAP
2016-05-04,22.8700008392334,23.030000686645508,22.75,22.899999618530273,17.76509666442871,2731900,NTAP
2016-05-05,22.979999542236328,23.100000381469727,22.770000457763672,22.81999969482422,17.703039169311523,3251900,NTAP
2016-05-06,22.700000762939453,23.239999771118164,22.5,23.149999618530273,17.959041595458984,2723600,NTAP
2016-05-09,23.190000534057617,23.209999084472656,22.920000076293945,23.010000228881836,17.850439071655273,2127600,NTAP
2016-05-10,23.15999984741211,23.469999313354492,23.010000228881836,23.469999313354492,18.207292556762695,2204900,NTAP
2016-05-11,23.459999084472656,23.600000381469727,23.229999542236328,23.329999923706055,18.098682403564453,2393700,NTAP
2016-05-12,23.469999313354492,23.540000915527344,22.829999923706055,22.989999771118164,17.834922790527344,2753100,NTAP
2016-05-13,22.8799991607666,23.34000015258789,22.75,23.040000915527344,17.873708724975586,2637800,NTAP
2016-05-16,23.0,23.5,22.8700008392334,23.389999389648438,18.145231246948242,1860100,NTAP
2016-05-17,23.350000381469727,23.889999389648438,23.260000228881836,23.59000015258789,18.300378799438477,2576500,NTAP
2016-05-18,23.6200008392334,23.950000762939453,23.510000228881836,23.829999923706055,18.486568450927734,2376400,NTAP
2016-05-19,23.6200008392334,23.780000686645508,23.25,23.399999618530273,18.15298080444336,2058900,NTAP
2016-05-20,23.43000030517578,24.270000457763672,23.43000030517578,24.219999313354492,18.78911590576172,2761100,NTAP
2016-05-23,24.209999084472656,24.729999542236328,24.18000030517578,24.690000534057617,19.15372657775879,2992900,NTAP
2016-05-24,24.790000915527344,25.31999969482422,24.790000915527344,25.209999084472656,19.5571231842041,4205800,NTAP
2016-05-25,25.309999465942383,26.309999465942383,25.309999465942383,25.520000457763672,19.797616958618164,5622800,NTAP
2016-05-26,23.610000610351562,25.1200008392334,23.5,24.899999618530273,19.3166446685791,8045900,NTAP
2016-05-27,25.06999969482422,25.639999389648438,24.940000534057617,25.309999465942383,19.63469696044922,4568200,NTAP
2016-05-31,25.280000686645508,25.690000534057617,25.149999618530273,25.530000686645508,19.805376052856445,4655400,NTAP
2016-06-01,24.440000534057617,25.229999542236328,24.040000915527344,25.06999969482422,19.448522567749023,4810400,NTAP
2016-06-02,24.829999923706055,25.3700008392334,24.40999984741211,24.989999771118164,19.38646125793457,3169200,NTAP
2016-06-03,24.989999771118164,25.040000915527344,24.56999969482422,24.940000534057617,19.347673416137695,2755600,NTAP
2016-06-06,25.030000686645508,25.149999618530273,24.899999618530273,25.010000228881836,19.401975631713867,2618300,NTAP
2016-06-07,25.0,25.200000762939453,24.93000030517578,25.040000915527344,19.42524528503418,2438000,NTAP
2016-06-08,25.139999389648438,25.329999923706055,25.040000915527344,25.139999389648438,19.502822875976562,2699900,NTAP
2016-06-09,25.059999465942383,25.1299991607666,24.729999542236328,24.899999618530273,19.3166446685791,2168600,NTAP
2016-06-10,24.670000076293945,24.84000015258789,24.389999389648438,24.489999771118164,18.99856948852539,2258500,NTAP
2016-06-13,24.489999771118164,24.809999465942383,24.34000015258789,24.360000610351562,18.89771842956543,3274000,NTAP
2016-06-14,24.260000228881836,24.56999969482422,24.040000915527344,24.209999084472656,18.781360626220703,3960300,NTAP
2016-06-15,24.25,24.709999084472656,24.1299991607666,24.43000030517578,18.952030181884766,4322600,NTAP
2016-06-16,24.209999084472656,24.579999923706055,24.139999389648438,24.469999313354492,18.983057022094727,2466700,NTAP
2016-06-17,24.5,24.969999313354492,24.25,24.860000610351562,19.28560447692871,4524200,NTAP
2016-06-20,25.170000076293945,25.479999542236328,25.049999237060547,25.309999465942383,19.63469696044922,2836000,NTAP
2016-06-21,25.329999923706055,25.40999984741211,25.190000534057617,25.31999969482422,19.6424617767334,2983800,NTAP
2016-06-22,25.270000457763672,25.579999923706055,25.15999984741211,25.190000534057617,19.541616439819336,2354900,NTAP
2016-06-23,25.469999313354492,26.030000686645508,25.260000228881836,26.020000457763672,20.185501098632812,2376900,NTAP
2016-06-24,24.5,25.290000915527344,24.5,24.719999313354492,19.177000045776367,8297300,NTAP
2016-06-27,24.479999542236328,24.5,22.889999389648438,22.959999084472656,17.8116512298584,4684000,NTAP
2016-06-28,23.1200008392334,23.459999084472656,22.989999771118164,23.18000030517578,17.98232078552246,3418700,NTAP
2016-06-29,23.520000457763672,24.600000381469727,23.489999771118164,24.469999313354492,18.983057022094727,5781400,NTAP
2016-06-30,24.399999618530273,24.6200008392334,24.040000915527344,24.59000015258789,19.076148986816406,3496100,NTAP
2016-07-01,24.540000915527344,24.860000610351562,24.170000076293945,24.290000915527344,18.843421936035156,2830300,NTAP
2016-07-05,24.139999389648438,24.200000762939453,23.389999389648438,23.479999542236328,18.215042114257812,2221000,NTAP
2016-07-06,23.3799991607666,23.6299991607666,23.079999923706055,23.610000610351562,18.315895080566406,2388300,NTAP
2016-07-07,23.75,24.170000076293945,23.65999984741211,23.940000534057617,18.571895599365234,1943100,NTAP
2016-07-08,24.15999984741211,24.59000015258789,24.06999969482422,24.540000915527344,19.0373592376709,2521300,NTAP
2016-07-11,24.700000762939453,24.8799991607666,24.420000076293945,24.420000076293945,18.94426918029785,1764800,NTAP
2016-07-12,25.010000228881836,25.31999969482422,24.84000015258789,25.15999984741211,19.518339157104492,3273300,NTAP
2016-07-13,25.229999542236328,25.68000030517578,25.020000457763672,25.510000228881836,19.789852142333984,2516000,NTAP
2016-07-14,25.670000076293945,25.729999542236328,25.18000030517578,25.290000915527344,19.76641273498535,3154700,NTAP
2016-07-15,25.420000076293945,25.459999084472656,25.1299991607666,25.270000457763672,19.75078010559082,1739100,NTAP
2016-07-18,25.079999923706055,25.549999237060547,25.040000915527344,25.549999237060547,19.969621658325195,1505700,NTAP
2016-07-19,25.3799991607666,25.84000015258789,24.940000534057617,25.540000915527344,19.961807250976562,2777500,NTAP
2016-07-20,25.559999465942383,25.940000534057617,25.389999389648438,25.899999618530273,20.24318504333496,1432000,NTAP
2016-07-21,25.81999969482422,26.100000381469727,25.68000030517578,25.989999771118164,20.313522338867188,1708900,NTAP
2016-07-22,26.09000015258789,26.489999771118164,25.770000457763672,26.469999313354492,20.688682556152344,2688500,NTAP
2016-07-25,26.5,26.579999923706055,26.200000762939453,26.360000610351562,20.60271453857422,2107500,NTAP
2016-07-26,26.440000534057617,26.65999984741211,26.329999923706055,26.600000381469727,20.7902889251709,2128700,NTAP
2016-07-27,26.770000457763672,26.950000762939453,26.229999542236328,26.3799991607666,20.618343353271484,2464600,NTAP
2016-07-28,26.360000610351562,26.5,26.239999771118164,26.3700008392334,20.610530853271484,1443900,NTAP
2016-07-29,26.329999923706055,26.489999771118164,25.8799991607666,26.350000381469727,20.594894409179688,2755400,NTAP
2016-08-01,26.299999237060547,26.780000686645508,25.81999969482422,26.649999618530273,20.829376220703125,3088500,NTAP
2016-08-02,26.649999618530273,26.760000228881836,25.920000076293945,26.049999237060547,20.360422134399414,2103900,NTAP
2016-08-03,25.959999084472656,26.280000686645508,25.90999984741211,26.219999313354492,20.4932861328125,1119500,NTAP
2016-08-04,26.299999237060547,26.479999542236328,26.219999313354492,26.450000762939453,20.673053741455078,1030500,NTAP
2016-08-05,26.56999969482422,27.1299991607666,26.469999313354492,27.1200008392334,21.196712493896484,1774400,NTAP
2016-08-08,27.18000030517578,27.450000762939453,27.170000076293945,27.450000762939453,21.45464324951172,1829700,NTAP
2016-08-09,27.489999771118164,27.690000534057617,27.260000228881836,27.68000030517578,21.63440704345703,2640600,NTAP
2016-08-10,27.700000762939453,27.780000686645508,27.489999771118164,27.6200008392334,21.5875186920166,2466900,NTAP
2016-08-11,27.8700008392334,28.450000762939453,27.799999237060547,28.110000610351562,21.97049331665039,2343500,NTAP
2016-08-12,28.020000457763672,28.459999084472656,27.989999771118164,28.450000762939453,22.236234664916992,2832600,NTAP
2016-08-15,28.43000030517578,28.8700008392334,28.43000030517578,28.799999237060547,22.50978660583496,2811400,NTAP
2016-08-16,28.709999084472656,29.0,28.469999313354492,28.950000762939453,22.627033233642578,2956700,NTAP
2016-08-17,28.31999969482422,29.0,28.31999969482422,28.850000381469727,22.54886817932129,4219400,NTAP
2016-08-18,31.059999465942383,33.900001525878906,31.010000228881836,33.880001068115234,26.48026466369629,16247600,NTAP
2016-08-19,33.56999969482422,34.75,33.36000061035156,34.709999084472656,27.12898826599121,8177100,NTAP
2016-08-22,34.70000076293945,34.97999954223633,34.380001068115234,34.709999084472656,27.12898826599121,5052000,NTAP
2016-08-23,34.880001068115234,35.2599983215332,34.77000045776367,34.9900016784668,27.347835540771484,3880200,NTAP
2016-08-24,35.15999984741211,35.470001220703125,34.709999084472656,34.81999969482422,27.214969635009766,3860300,NTAP
2016-08-25,34.68000030517578,35.349998474121094,34.540000915527344,35.040000915527344,27.386913299560547,3383900,NTAP
2016-08-26,35.099998474121094,35.4900016784668,34.7400016784668,34.9900016784668,27.347835540771484,3427400,NTAP
2016-08-29,35.099998474121094,35.38999938964844,35.029998779296875,35.130001068115234,27.457252502441406,2043800,NTAP
2016-08-30,35.13999938964844,35.22999954223633,34.720001220703125,34.90999984741211,27.28529930114746,2055600,NTAP
2016-08-31,34.810001373291016,34.9900016784668,34.33000183105469,34.59000015258789,27.035200119018555,3446200,NTAP
2016-09-01,34.7400016784668,34.9900016784668,34.43000030517578,34.93000030517578,27.300941467285156,2336900,NTAP
2016-09-02,35.15999984741211,35.20000076293945,34.75,34.900001525878906,27.277484893798828,2053600,NTAP
2016-09-06,34.75,35.06999969482422,34.70000076293945,35.06999969482422,27.410356521606445,2512000,NTAP
2016-09-07,35.099998474121094,35.68000030517578,35.029998779296875,35.459999084472656,27.715179443359375,3065900,NTAP
2016-09-08,35.41999816894531,35.470001220703125,34.9900016784668,35.060001373291016,27.402538299560547,2581900,NTAP
2016-09-09,34.70000076293945,34.970001220703125,34.15999984741211,34.27000045776367,26.785085678100586,3481600,NTAP
2016-09-12,33.959999084472656,35.189998626708984,33.880001068115234,35.130001068115234,27.457252502441406,3540700,NTAP
2016-09-13,35.099998474121094,35.2599983215332,34.56999969482422,34.7400016784668,27.152433395385742,3160500,NTAP
2016-09-14,34.63999938964844,34.970001220703125,34.31999969482422,34.58000183105469,27.027381896972656,2135000,NTAP
2016-09-15,34.540000915527344,35.38999938964844,34.540000915527344,35.04999923706055,27.394725799560547,2942800,NTAP
2016-09-16,34.91999816894531,35.09000015258789,34.61000061035156,34.810001373291016,27.2071475982666,5182400,NTAP
2016-09-19,35.06999969482422,36.06999969482422,34.95000076293945,35.63999938964844,27.855867385864258,3395900,NTAP
2016-09-20,35.86000061035156,36.09000015258789,34.970001220703125,34.97999954223633,27.34002113342285,2621500,NTAP
2016-09-21,35.369998931884766,36.04999923706055,35.27000045776367,35.709999084472656,27.910573959350586,3763100,NTAP
2016-09-22,35.880001068115234,36.099998474121094,35.63999938964844,35.959999084472656,28.10597038269043,1796600,NTAP
2016-09-23,35.900001525878906,36.04999923706055,35.349998474121094,35.65999984741211,27.871496200561523,2481800,NTAP
2016-09-26,34.869998931884766,35.79999923706055,34.849998474121094,35.18000030517578,27.4963321685791,3486400,NTAP
2016-09-27,35.150001525878906,35.939998626708984,35.04999923706055,35.34000015258789,27.621383666992188,2476800,NTAP
2016-09-28,35.45000076293945,35.59000015258789,34.869998931884766,35.150001525878906,27.472890853881836,2855500,NTAP
2016-09-29,35.130001068115234,35.400001525878906,34.52000045776367,34.72999954223633,27.144617080688477,3682400,NTAP
2016-09-30,35.15999984741211,35.939998626708984,34.91999816894531,35.81999969482422,27.996562957763672,4510000,NTAP
2016-10-03,35.58000183105469,35.630001068115234,34.9900016784668,35.36000061035156,27.637022018432617,3342400,NTAP
2016-10-04,35.36000061035156,35.63999938964844,34.779998779296875,34.849998474121094,27.238405227661133,2951900,NTAP
2016-10-05,34.939998626708984,35.34000015258789,34.849998474121094,34.939998626708984,27.458452224731445,2334000,NTAP
2016-10-06,34.91999816894531,35.08000183105469,34.63999938964844,34.790000915527344,27.340576171875,2532300,NTAP
2016-10-07,34.849998474121094,34.939998626708984,34.58000183105469,34.75,27.30914306640625,2897400,NTAP
2016-10-10,34.90999984741211,35.09000015258789,34.68000030517578,34.689998626708984,27.261987686157227,2202800,NTAP
2016-10-11,34.7599983215332,34.810001373291016,33.84000015258789,34.08000183105469,26.782604217529297,3095600,NTAP
2016-10-12,34.20000076293945,34.25,33.7400016784668,33.86000061035156,26.60970115661621,2900400,NTAP
2016-10-13,33.540000915527344,34.040000915527344,33.290000915527344,33.869998931884766,26.617565155029297,3253000,NTAP
2016-10-14,34.04999923706055,34.220001220703125,33.40999984741211,33.529998779296875,26.350372314453125,2681400,NTAP
2016-10-17,33.68000030517578,33.79999923706055,33.400001525878906,33.41999816894531,26.26392364501953,3022500,NTAP
2016-10-18,33.7400016784668,33.86000061035156,33.40999984741211,33.650001525878906,26.444677352905273,1471400,NTAP
2016-10-19,33.54999923706055,34.189998626708984,33.27000045776367,33.68000030517578,26.46824836730957,4479600,NTAP
2016-10-20,33.709999084472656,34.06999969482422,33.439998626708984,33.869998931884766,26.617565155029297,1854700,NTAP
2016-10-21,33.65999984741211,34.06999969482422,33.369998931884766,33.91999816894531,26.656858444213867,1980200,NTAP
2016-10-24,33.91999816894531,34.150001525878906,33.84000015258789,34.040000915527344,26.751169204711914,1845800,NTAP
2016-10-25,33.869998931884766,34.040000915527344,33.709999084472656,34.0,26.719728469848633,2803400,NTAP
2016-10-26,33.7599983215332,34.189998626708984,33.720001220703125,34.0,26.719728469848633,2191500,NTAP
2016-10-27,34.25,34.56999969482422,33.7400016784668,33.79999923706055,26.562551498413086,2504800,NTAP
2016-10-28,33.880001068115234,34.150001525878906,33.630001068115234,33.7599983215332,26.531112670898438,2159100,NTAP
2016-10-31,33.7400016784668,34.18000030517578,33.619998931884766,33.939998626708984,26.672576904296875,3278800,NTAP
2016-11-01,33.939998626708984,33.97999954223633,32.43000030517578,33.09000015258789,26.004589080810547,4988700,NTAP
2016-11-02,33.13999938964844,33.52000045776367,32.38999938964844,32.41999816894531,25.478052139282227,3328500,NTAP
2016-11-03,32.5,32.630001068115234,32.34000015258789,32.45000076293945,25.501625061035156,4040300,NTAP
2016-11-04,31.329999923706055,31.510000228881836,30.360000610351562,30.450000762939453,23.929880142211914,8312900,NTAP
2016-11-07,31.190000534057617,32.130001068115234,30.93000030517578,32.11000061035156,25.23443031311035,5081400,NTAP
2016-11-08,32.13999938964844,32.59000015258789,31.760000228881836,32.4900016784668,25.53306770324707,3202600,NTAP
2016-11-09,31.690000534057617,33.650001525878906,31.229999542236328,33.189998626708984,26.083173751831055,5581200,NTAP
2016-11-10,33.22999954223633,33.970001220703125,32.77000045776367,33.459999084472656,26.29535675048828,4225200,NTAP
2016-11-11,33.470001220703125,33.91999816894531,33.2599983215332,33.86000061035156,26.60970115661621,4047100,NTAP
2016-11-14,33.86000061035156,35.099998474121094,33.83000183105469,34.93000030517578,27.45060157775879,4389200,NTAP
2016-11-15,34.84000015258789,35.310001373291016,34.529998779296875,34.869998931884766,27.403444290161133,4339700,NTAP
2016-11-16,34.75,34.9900016784668,34.380001068115234,34.72999954223633,27.293418884277344,4775300,NTAP
2016-11-17,38.45000076293945,39.0,36.7400016784668,36.900001525878906,28.998777389526367,14094400,NTAP
2016-11-18,36.81999969482422,37.349998474121094,36.720001220703125,37.0,29.077369689941406,4559300,NTAP
2016-11-21,37.0,37.43000030517578,36.65999984741211,37.119998931884766,29.171663284301758,3640500,NTAP
2016-11-22,37.290000915527344,37.43000030517578,36.58000183105469,36.720001220703125,28.8573055267334,3866900,NTAP
2016-11-23,36.68000030517578,36.79999923706055,36.290000915527344,36.349998474121094,28.5665340423584,3340800,NTAP
2016-11-25,36.31999969482422,36.630001068115234,36.11000061035156,36.61000061035156,28.770870208740234,1533100,NTAP
2016-11-28,36.43000030517578,36.7599983215332,36.20000076293945,36.43000030517578,28.629409790039062,2282700,NTAP
2016-11-29,36.43000030517578,36.86000061035156,36.220001220703125,36.5099983215332,28.69228172302246,2766500,NTAP
2016-11-30,36.560001373291016,36.88999938964844,36.439998626708984,36.560001373291016,28.731569290161133,3372200,NTAP
2016-12-01,36.15999984741211,36.86000061035156,35.349998474121094,35.439998626708984,27.85138702392578,4528100,NTAP
2016-12-02,35.36000061035156,36.09000015258789,35.349998474121094,35.959999084472656,28.260046005249023,3094100,NTAP
2016-12-05,36.220001220703125,36.310001373291016,35.2400016784668,35.459999084472656,27.867101669311523,4820200,NTAP
2016-12-06,35.58000183105469,36.099998474121094,35.45000076293945,35.970001220703125,28.267902374267578,3559100,NTAP
2016-12-07,34.720001220703125,36.5,34.720001220703125,36.47999954223633,28.668701171875,3983700,NTAP
2016-12-08,36.4900016784668,36.810001373291016,36.13999938964844,36.29999923706055,28.527238845825195,2807600,NTAP
2016-12-09,36.45000076293945,36.7400016784668,36.15999984741211,36.40999984741211,28.613693237304688,2888800,NTAP
2016-12-12,36.20000076293945,36.459999084472656,35.529998779296875,35.849998474121094,28.17359733581543,2744400,NTAP
2016-12-13,36.11000061035156,36.619998931884766,35.93000030517578,36.0,28.291484832763672,3770900,NTAP
2016-12-14,35.779998779296875,36.7400016784668,35.779998779296875,36.189998626708984,28.440792083740234,4510300,NTAP
2016-12-15,36.209999084472656,37.119998931884766,36.13999938964844,36.9900016784668,29.069496154785156,4242200,NTAP
2016-12-16,36.9900016784668,37.310001373291016,36.27000045776367,36.45000076293945,28.645124435424805,13844300,NTAP
2016-12-19,36.459999084472656,36.77000045776367,36.27000045776367,36.7400016784668,28.873037338256836,2631900,NTAP
2016-12-20,36.90999984741211,37.11000061035156,36.619998931884766,36.83000183105469,28.943754196166992,2281300,NTAP
2016-12-21,36.810001373291016,37.25,36.38999938964844,36.400001525878906,28.6058349609375,1762500,NTAP
2016-12-22,36.560001373291016,36.880001068115234,36.0,36.220001220703125,28.464370727539062,3237100,NTAP
2016-12-23,36.16999816894531,36.529998779296875,36.09000015258789,36.31999969482422,28.542957305908203,1091700,NTAP
2016-12-27,36.290000915527344,36.7400016784668,36.25,36.61000061035156,28.770870208740234,1070800,NTAP
2016-12-28,36.68000030517578,36.810001373291016,35.79999923706055,35.83000183105469,28.15788459777832,1427500,NTAP
2016-12-29,35.709999084472656,36.119998931884766,35.5,35.68000030517578,28.039997100830078,1506500,NTAP
2016-12-30,35.84000015258789,35.959999084472656,35.13999938964844,35.27000045776367,27.717792510986328,2088700,NTAP
2017-01-03,35.439998626708984,36.189998626708984,35.09000015258789,35.56999969482422,27.95355224609375,3218900,NTAP
2017-01-04,35.369998931884766,35.95000076293945,35.189998626708984,35.650001525878906,28.166881561279297,2481400,NTAP
2017-01-05,35.65999984741211,35.83000183105469,35.18000030517578,35.36000061035156,27.93775177001953,1875500,NTAP
2017-01-06,35.36000061035156,35.709999084472656,35.15999984741211,35.22999954223633,27.835033416748047,1711800,NTAP
2017-01-09,35.31999969482422,35.470001220703125,35.130001068115234,35.22999954223633,27.835033416748047,2140700,NTAP
2017-01-10,35.279998779296875,35.720001220703125,35.15999984741211,35.25,27.85084342956543,3026000,NTAP
2017-01-11,35.25,35.880001068115234,35.25,35.650001525878906,28.166881561279297,3006100,NTAP
2017-01-12,35.52000045776367,35.880001068115234,35.08000183105469,35.810001373291016,28.293302536010742,2069800,NTAP
2017-01-13,35.810001373291016,36.11000061035156,35.790000915527344,35.93000030517578,28.388099670410156,1250800,NTAP
2017-01-17,35.540000915527344,35.970001220703125,35.459999084472656,35.560001373291016,28.095773696899414,1329000,NTAP
2017-01-18,35.70000076293945,36.0,35.40999984741211,35.9900016784668,28.43551254272461,1313200,NTAP
2017-01-19,35.88999938964844,36.189998626708984,35.61000061035156,35.83000183105469,28.309099197387695,2625900,NTAP
2017-01-20,35.88999938964844,36.5,35.84000015258789,36.369998931884766,28.735748291015625,2358900,NTAP
2017-01-23,36.29999923706055,36.4900016784668,35.77000045776367,36.16999816894531,28.57772445678711,2761700,NTAP
2017-01-24,36.29999923706055,37.65999984741211,36.2400016784668,37.52000045776367,29.64436149597168,3172300,NTAP
2017-01-25,37.93000030517578,38.5,37.77000045776367,37.95000076293945,29.984106063842773,3174400,NTAP
2017-01-26,38.02000045776367,38.130001068115234,37.25,37.599998474121094,29.707565307617188,2144000,NTAP
2017-01-27,37.709999084472656,37.869998931884766,37.29999923706055,37.7599983215332,29.833984375,1915500,NTAP
2017-01-30,38.5,38.970001220703125,37.869998931884766,38.06999969482422,30.078903198242188,3516700,NTAP
2017-01-31,37.849998474121094,38.41999816894531,37.47999954223633,38.31999969482422,30.276437759399414,2377800,NTAP
2017-02-01,38.54999923706055,38.70000076293945,37.900001525878906,38.04999923706055,30.0631046295166,1892000,NTAP
2017-02-02,37.88999938964844,38.36000061035156,37.58000183105469,38.2400016784668,30.21323585510254,1564800,NTAP
2017-02-03,38.31999969482422,38.5099983215332,38.099998474121094,38.279998779296875,30.24481964111328,1458800,NTAP
2017-02-06,38.18000030517578,38.630001068115234,38.130001068115234,38.36000061035156,30.30803871154785,2583700,NTAP
2017-02-07,38.5,38.869998931884766,38.439998626708984,38.83000183105469,30.679386138916016,2459100,NTAP
2017-02-08,38.709999084472656,39.0,38.43000030517578,38.959999084472656,30.782100677490234,2152600,NTAP
2017-02-09,38.900001525878906,39.599998474121094,38.77000045776367,39.310001373291016,31.05862045288086,3378400,NTAP
2017-02-10,39.43000030517578,39.720001220703125,38.970001220703125,39.45000076293945,31.169239044189453,2835500,NTAP
2017-02-13,39.61000061035156,39.84000015258789,39.4900016784668,39.58000183105469,31.27194595336914,2844500,NTAP
2017-02-14,39.900001525878906,39.900001525878906,39.36000061035156,39.52000045776367,31.224550247192383,2930400,NTAP
2017-02-15,39.36000061035156,39.5,38.849998474121094,38.93000030517578,30.75839614868164,4894400,NTAP
2017-02-16,40.79999923706055,42.18000030517578,40.36000061035156,40.560001373291016,32.04624938964844,8173100,NTAP
2017-02-17,40.29999923706055,40.97999954223633,40.0099983215332,40.16999816894531,31.73810386657715,3930100,NTAP
2017-02-21,40.15999984741211,40.68000030517578,40.11000061035156,40.52000045776367,32.0146484375,3000600,NTAP
2017-02-22,40.400001525878906,40.77000045776367,40.31999969482422,40.70000076293945,32.1568489074707,2839500,NTAP
2017-02-23,40.79999923706055,41.11000061035156,40.45000076293945,40.939998626708984,32.34647750854492,3177000,NTAP
2017-02-24,40.65999984741211,41.04999923706055,40.470001220703125,40.95000076293945,32.3543815612793,3146100,NTAP
2017-02-27,40.869998931884766,41.380001068115234,40.77000045776367,41.27000045776367,32.60721206665039,3203100,NTAP
2017-02-28,41.369998931884766,41.959999084472656,41.290000915527344,41.83000183105469,33.049659729003906,4647800,NTAP
2017-03-01,42.02000045776367,43.13999938964844,41.83000183105469,43.0099983215332,33.98197555541992,4715100,NTAP
2017-03-02,43.130001068115234,43.13999938964844,42.25,42.2599983215332,33.389404296875,4062900,NTAP
2017-03-03,42.33000183105469,42.83000183105469,42.2400016784668,42.79999923706055,33.816062927246094,2572200,NTAP
2017-03-06,42.58000183105469,42.70000076293945,42.25,42.56999969482422,33.63433837890625,2283200,NTAP
2017-03-07,42.43000030517578,43.08000183105469,42.349998474121094,42.65999984741211,33.705440521240234,3476800,NTAP
2017-03-08,42.650001525878906,42.83000183105469,42.119998931884766,42.150001525878906,33.302494049072266,3888000,NTAP
2017-03-09,41.959999084472656,42.25,41.75,41.97999954223633,33.16818618774414,2007400,NTAP
2017-03-10,42.029998779296875,42.400001525878906,41.88999938964844,42.150001525878906,33.302494049072266,2301300,NTAP
2017-03-13,42.27000045776367,42.38999938964844,41.93000030517578,41.9900016784668,33.176082611083984,3139800,NTAP
2017-03-14,41.9900016784668,42.15999984741211,41.75,42.029998779296875,33.20769119262695,2593700,NTAP
2017-03-15,42.310001373291016,42.439998626708984,41.88999938964844,42.220001220703125,33.35780715942383,2210400,NTAP
2017-03-16,42.22999954223633,42.439998626708984,42.02000045776367,42.20000076293945,33.34200668334961,3181200,NTAP
2017-03-17,42.25,42.43000030517578,42.060001373291016,42.060001373291016,33.23139953613281,4226200,NTAP
2017-03-20,42.20000076293945,42.310001373291016,41.93000030517578,41.95000076293945,33.14448547363281,2330200,NTAP
2017-03-21,42.0099983215332,42.09000015258789,40.84000015258789,40.90999984741211,32.32278060913086,2917900,NTAP
2017-03-22,40.970001220703125,41.06999969482422,40.630001068115234,40.97999954223633,32.378089904785156,2597400,NTAP
2017-03-23,40.959999084472656,41.290000915527344,40.790000915527344,40.900001525878906,32.314876556396484,3417300,NTAP
2017-03-24,41.25,41.599998474121094,40.70000076293945,40.880001068115234,32.29907989501953,2686500,NTAP
2017-03-27,40.52000045776367,41.11000061035156,40.29999923706055,40.900001525878906,32.314876556396484,2538900,NTAP
2017-03-28,40.79999923706055,41.36000061035156,40.720001220703125,41.150001525878906,32.51240539550781,2309100,NTAP
2017-03-29,40.900001525878906,41.61000061035156,40.83000183105469,41.59000015258789,32.86004638671875,3068600,NTAP
2017-03-30,41.529998779296875,42.029998779296875,41.400001525878906,41.900001525878906,33.104976654052734,3119400,NTAP
2017-03-31,41.849998474121094,42.04999923706055,41.439998626708984,41.849998474121094,33.06546401977539,4608200,NTAP
2017-04-03,41.869998931884766,42.06999969482422,41.08000183105469,41.650001525878906,32.907447814941406,3464700,NTAP
2017-04-04,41.41999816894531,41.709999084472656,41.060001373291016,41.189998626708984,32.544002532958984,3234300,NTAP
2017-04-05,41.33000183105469,42.34000015258789,40.83000183105469,40.900001525878906,32.46462631225586,5029400,NTAP
2017-04-06,41.13999938964844,41.27000045776367,40.689998626708984,41.04999923706055,32.58368682861328,4348100,NTAP
2017-04-07,40.970001220703125,41.09000015258789,40.7400016784668,40.79999923706055,32.38525390625,3102100,NTAP
2017-04-10,40.88999938964844,41.0,40.36000061035156,40.40999984741211,32.075679779052734,2287300,NTAP
2017-04-11,40.40999984741211,40.65999984741211,40.06999969482422,40.540000915527344,32.17888259887695,3109600,NTAP
2017-04-12,40.689998626708984,40.720001220703125,39.61000061035156,39.650001525878906,31.472429275512695,3137800,NTAP
2017-04-13,39.650001525878906,40.08000183105469,39.470001220703125,39.4900016784668,31.345436096191406,2768800,NTAP
2017-04-17,39.630001068115234,39.849998474121094,39.43000030517578,39.790000915527344,31.583566665649414,2157900,NTAP
2017-04-18,39.619998931884766,39.880001068115234,39.40999984741211,39.72999954223633,31.535932540893555,1513000,NTAP
2017-04-19,39.849998474121094,40.310001373291016,39.65999984741211,39.75,31.55181884765625,2283600,NTAP
2017-04-20,39.93000030517578,40.400001525878906,39.79999923706055,40.310001373291016,31.996309280395508,2488500,NTAP
2017-04-21,40.33000183105469,40.349998474121094,39.47999954223633,39.4900016784668,31.345436096191406,1858700,NTAP
2017-04-24,40.09000015258789,40.29999923706055,39.91999816894531,39.939998626708984,31.70262908935547,2286800,NTAP
2017-04-25,40.18000030517578,40.189998626708984,39.95000076293945,39.970001220703125,31.726438522338867,1842800,NTAP
2017-04-26,39.779998779296875,39.900001525878906,39.41999816894531,39.630001068115234,31.45656394958496,2257500,NTAP
2017-04-27,39.72999954223633,39.86000061035156,39.33000183105469,39.7599983215332,31.55975341796875,2315000,NTAP
2017-04-28,39.81999969482422,39.939998626708984,39.43000030517578,39.849998474121094,31.631189346313477,2176700,NTAP
2017-05-01,40.0099983215332,40.27000045776367,39.5099983215332,40.15999984741211,31.87725067138672,1819700,NTAP
2017-05-02,40.18000030517578,40.31999969482422,39.9900016784668,40.130001068115234,31.85344886779785,1715500,NTAP
2017-05-03,39.880001068115234,40.099998474121094,39.72999954223633,40.040000915527344,31.7819881439209,1157500,NTAP
2017-05-04,40.11000061035156,40.33000183105469,39.689998626708984,39.77000045776367,31.56768226623535,1868300,NTAP
2017-05-05,39.83000183105469,40.16999816894531,39.650001525878906,40.15999984741211,31.87725067138672,2211500,NTAP
2017-05-08,40.09000015258789,40.220001220703125,39.900001525878906,40.130001068115234,31.85344886779785,2053300,NTAP
2017-05-09,40.220001220703125,40.599998474121094,40.0099983215332,40.130001068115234,31.85344886779785,2218600,NTAP
2017-05-10,40.220001220703125,40.54999923706055,40.040000915527344,40.43000030517578,32.0915641784668,2759700,NTAP
2017-05-11,40.34000015258789,40.43000030517578,39.790000915527344,40.060001373291016,31.797880172729492,2026700,NTAP
2017-05-12,39.97999954223633,40.04999923706055,39.7400016784668,39.7400016784668,31.54387664794922,1299700,NTAP
2017-05-15,40.0099983215332,41.5099983215332,40.0099983215332,41.5,32.94088363647461,3487600,NTAP
2017-05-16,41.63999938964844,41.79999923706055,41.380001068115234,41.619998931884766,33.036128997802734,3830200,NTAP
2017-05-17,41.25,41.27000045776367,40.29999923706055,40.34000015258789,32.02012634277344,2403100,NTAP
2017-05-18,40.119998931884766,40.84000015258789,39.689998626708984,40.150001525878906,31.869304656982422,3855000,NTAP
2017-05-19,40.41999816894531,40.540000915527344,39.4900016784668,39.529998779296875,31.377195358276367,3045400,NTAP
2017-05-22,39.630001068115234,40.099998474121094,39.599998474121094,39.97999954223633,31.734371185302734,4241400,NTAP
2017-05-23,40.18000030517578,40.220001220703125,39.279998779296875,39.4900016784668,31.345436096191406,3257700,NTAP
2017-05-24,39.7400016784668,39.869998931884766,39.060001373291016,39.560001373291016,31.401002883911133,6890900,NTAP
2017-05-25,39.959999084472656,41.290000915527344,39.459999084472656,40.959999084472656,32.51225280761719,6446000,NTAP
2017-05-26,41.189998626708984,41.189998626708984,40.099998474121094,40.2400016784668,31.940759658813477,3637600,NTAP
2017-05-30,40.119998931884766,40.81999969482422,40.09000015258789,40.470001220703125,32.12330627441406,3005300,NTAP
2017-05-31,40.4900016784668,40.880001068115234,40.15999984741211,40.4900016784668,32.13919448852539,3417600,NTAP
2017-06-01,39.849998474121094,40.25,39.540000915527344,39.61000061035156,31.440683364868164,4178100,NTAP
2017-06-02,39.5099983215332,39.75,39.2400016784668,39.40999984741211,31.281936645507812,3236300,NTAP
2017-06-05,39.189998626708984,39.70000076293945,38.95000076293945,38.97999954223633,30.940614700317383,2651900,NTAP
2017-06-06,38.70000076293945,39.22999954223633,38.66999816894531,38.70000076293945,30.718368530273438,2533200,NTAP
2017-06-07,38.86000061035156,39.56999969482422,38.709999084472656,39.27000045776367,31.17080307006836,2479900,NTAP
2017-06-08,39.209999084472656,40.119998931884766,39.09000015258789,40.0099983215332,31.7581787109375,3582000,NTAP
2017-06-09,39.869998931884766,40.400001525878906,39.130001068115234,39.52000045776367,31.36924171447754,3003800,NTAP
2017-06-12,39.13999938964844,39.65999984741211,38.650001525878906,38.86000061035156,30.84536361694336,4255000,NTAP
2017-06-13,38.95000076293945,39.369998931884766,38.70000076293945,38.95000076293945,30.916818618774414,2887500,NTAP
2017-06-14,38.939998626708984,39.0099983215332,37.779998779296875,38.099998474121094,30.24211311340332,2916900,NTAP
2017-06-15,37.720001220703125,38.099998474121094,37.43000030517578,37.970001220703125,30.13892936706543,2231200,NTAP
2017-06-16,37.939998626708984,38.11000061035156,37.779998779296875,37.97999954223633,30.146867752075195,2744000,NTAP
2017-06-19,38.16999816894531,38.4900016784668,38.040000915527344,38.41999816894531,30.496116638183594,2612600,NTAP
2017-06-20,38.27000045776367,38.650001525878906,38.25,38.2599983215332,30.36910629272461,2249900,NTAP
2017-06-21,38.36000061035156,38.86000061035156,38.349998474121094,38.61000061035156,30.646928787231445,2470600,NTAP
2017-06-22,38.59000015258789,39.36000061035156,38.58000183105469,39.11000061035156,31.043806076049805,3109200,NTAP
2017-06-23,39.130001068115234,40.06999969482422,39.0099983215332,39.869998931884766,31.647052764892578,8417800,NTAP
2017-06-26,39.869998931884766,40.52000045776367,39.869998931884766,40.290000915527344,31.980440139770508,3334600,NTAP
2017-06-27,40.13999938964844,40.349998474121094,39.619998931884766,39.630001068115234,31.45656394958496,2779800,NTAP
2017-06-28,39.79999923706055,40.59000015258789,39.599998474121094,40.40999984741211,32.075679779052734,2659500,NTAP
2017-06-29,40.279998779296875,40.380001068115234,39.54999923706055,40.099998474121094,31.829618453979492,3244200,NTAP
2017-06-30,40.18000030517578,40.380001068115234,39.72999954223633,40.04999923706055,31.789934158325195,3952000,NTAP
2017-07-03,40.439998626708984,40.5,39.529998779296875,39.56999969482422,31.408926010131836,1568800,NTAP
2017-07-05,39.54999923706055,40.25,39.47999954223633,39.65999984741211,31.640283584594727,2572200,NTAP
2017-07-06,39.33000183105469,39.38999938964844,38.20000076293945,38.29999923706055,30.555301666259766,2587000,NTAP
2017-07-07,38.439998626708984,38.83000183105469,38.31999969482422,38.63999938964844,30.826555252075195,1918200,NTAP
2017-07-10,38.5,38.90999984741211,38.349998474121094,38.56999969482422,30.77070426940918,2294600,NTAP
2017-07-11,38.54999923706055,39.11000061035156,38.5099983215332,39.06999969482422,31.169601440429688,2240200,NTAP
2017-07-12,39.45000076293945,40.189998626708984,39.16999816894531,40.16999816894531,32.04716110229492,2622100,NTAP
2017-07-13,40.16999816894531,41.5,40.040000915527344,41.380001068115234,33.01249313354492,4018200,NTAP
2017-07-14,42.040000915527344,43.900001525878906,42.0,43.63999938964844,34.815494537353516,8559200,NTAP
2017-07-17,43.20000076293945,43.7599983215332,43.0,43.619998931884766,34.79953384399414,5416500,NTAP
2017-07-18,43.25,43.880001068115234,43.18000030517578,43.77000045776367,34.9192008972168,3116700,NTAP
2017-07-19,43.880001068115234,44.529998779296875,43.83000183105469,44.15999984741211,35.2303352355957,3700600,NTAP
2017-07-20,44.18000030517578,44.689998626708984,44.09000015258789,44.599998474121094,35.58137512207031,3926200,NTAP
2017-07-21,44.560001373291016,45.2400016784668,44.18000030517578,44.7599983215332,35.709014892578125,4566600,NTAP
2017-07-24,44.400001525878906,45.22999954223633,44.400001525878906,44.86000061035156,35.78879928588867,3104300,NTAP
2017-07-25,44.58000183105469,44.939998626708984,44.209999084472656,44.7599983215332,35.709014892578125,3700900,NTAP
2017-07-26,44.869998931884766,44.869998931884766,44.029998779296875,44.36000061035156,35.38990020751953,3385300,NTAP
2017-07-27,44.31999969482422,44.970001220703125,43.650001525878906,44.0099983215332,35.11066436767578,4254800,NTAP
2017-07-28,43.65999984741211,43.86000061035156,43.09000015258789,43.4900016784668,34.695823669433594,2693000,NTAP
2017-07-31,43.66999816894531,43.81999969482422,43.11000061035156,43.41999816894531,34.639976501464844,2468000,NTAP
2017-08-01,43.720001220703125,43.83000183105469,43.15999984741211,43.54999923706055,34.743690490722656,2709300,NTAP
2017-08-02,43.650001525878906,43.790000915527344,43.040000915527344,43.40999984741211,34.631996154785156,1539200,NTAP
2017-08-03,43.34000015258789,43.34000015258789,42.7400016784668,42.90999984741211,34.23309326171875,2420800,NTAP
2017-08-04,43.06999969482422,43.11000061035156,42.61000061035156,42.7400016784668,34.09748077392578,1937400,NTAP
2017-08-07,42.83000183105469,42.880001068115234,42.439998626708984,42.7400016784668,34.09748077392578,1707800,NTAP
2017-08-08,42.65999984741211,43.15999984741211,42.52000045776367,42.68000030517578,34.04961013793945,2016200,NTAP
2017-08-09,42.4900016784668,42.61000061035156,42.18000030517578,42.2400016784668,33.69858932495117,1685700,NTAP
2017-08-10,42.0099983215332,42.22999954223633,41.22999954223633,41.279998779296875,32.93270492553711,2169300,NTAP
2017-08-11,41.439998626708984,41.849998474121094,41.22999954223633,41.4900016784668,33.10023880004883,1456600,NTAP
2017-08-14,42.369998931884766,42.529998779296875,41.75,42.029998779296875,33.53105163574219,3809600,NTAP
2017-08-15,42.959999084472656,43.04999923706055,41.970001220703125,41.970001220703125,33.483192443847656,3827000,NTAP
2017-08-16,42.0,42.54999923706055,42.0,42.40999984741211,33.83420944213867,4148900,NTAP
2017-08-17,40.369998931884766,41.4900016784668,39.47999954223633,39.560001373291016,31.560523986816406,11785300,NTAP
2017-08-18,39.619998931884766,39.869998931884766,39.2599983215332,39.349998474121094,31.392969131469727,4957300,NTAP
2017-08-21,39.7599983215332,39.869998931884766,38.5099983215332,38.95000076293945,31.073877334594727,4478400,NTAP
2017-08-22,39.16999816894531,39.209999084472656,38.59000015258789,38.70000076293945,30.87441635131836,3859400,NTAP
2017-08-23,38.4900016784668,38.95000076293945,38.349998474121094,38.66999816894531,30.850481033325195,2646400,NTAP
2017-08-24,38.7599983215332,38.93000030517578,38.5099983215332,38.810001373291016,30.962177276611328,2212400,NTAP
2017-08-25,38.970001220703125,38.9900016784668,38.52000045776367,38.540000915527344,30.74677848815918,1987300,NTAP
2017-08-28,38.72999954223633,38.810001373291016,38.18000030517578,38.34000015258789,30.58721160888672,1464700,NTAP
2017-08-29,37.91999816894531,38.31999969482422,37.88999938964844,38.029998779296875,30.339900970458984,1444500,NTAP
2017-08-30,37.97999954223633,38.2599983215332,37.84000015258789,38.220001220703125,30.49148178100586,1629400,NTAP
2017-08-31,38.459999084472656,38.70000076293945,38.06999969482422,38.65999984741211,30.84249496459961,2719900,NTAP
2017-09-01,38.81999969482422,38.900001525878906,38.560001373291016,38.650001525878906,30.83452606201172,1786700,NTAP
2017-09-05,38.4900016784668,38.7400016784668,37.54999923706055,37.97999954223633,30.300012588500977,2228400,NTAP
2017-09-06,38.09000015258789,38.970001220703125,37.849998474121094,38.849998474121094,30.994081497192383,3794300,NTAP
2017-09-07,38.900001525878906,38.900001525878906,38.119998931884766,38.689998626708984,30.866443634033203,2609600,NTAP
2017-09-08,38.61000061035156,38.84000015258789,38.380001068115234,38.630001068115234,30.818578720092773,2784800,NTAP
2017-09-11,38.90999984741211,39.560001373291016,38.79999923706055,39.459999084472656,31.480728149414062,2822400,NTAP
2017-09-12,39.619998931884766,40.2400016784668,39.15999984741211,39.93000030517578,31.855695724487305,4108800,NTAP
2017-09-13,39.81999969482422,40.540000915527344,39.54999923706055,40.27000045776367,32.126949310302734,3020600,NTAP
2017-09-14,40.16999816894531,40.689998626708984,39.95000076293945,40.650001525878906,32.430110931396484,2896100,NTAP
2017-09-15,40.720001220703125,41.060001373291016,40.33000183105469,41.029998779296875,32.73325729370117,3640500,NTAP
2017-09-18,41.040000915527344,41.15999984741211,40.5099983215332,40.630001068115234,32.414154052734375,2771700,NTAP
2017-09-19,41.790000915527344,42.31999969482422,41.29999923706055,41.709999084472656,33.27576446533203,5313300,NTAP
2017-09-20,41.720001220703125,41.90999984741211,41.220001220703125,41.70000076293945,33.267784118652344,2997000,NTAP
2017-09-21,41.75,42.040000915527344,41.63999938964844,41.86000061035156,33.39542770385742,2697200,NTAP
2017-09-22,41.77000045776367,42.599998474121094,41.70000076293945,42.54999923706055,33.94589614868164,1836800,NTAP
2017-09-25,42.16999816894531,43.09000015258789,42.11000061035156,42.70000076293945,34.06557083129883,2517400,NTAP
2017-09-26,43.0,43.81999969482422,42.880001068115234,43.7599983215332,34.911231994628906,3274700,NTAP
2017-09-27,43.97999954223633,44.470001220703125,43.560001373291016,44.16999816894531,35.23830795288086,2579300,NTAP
2017-09-28,43.95000076293945,44.04999923706055,43.52000045776367,43.84000015258789,34.97505187988281,2198300,NTAP
2017-09-29,43.70000076293945,43.97999954223633,43.38999938964844,43.7599983215332,34.911231994628906,1881000,NTAP
2017-10-02,43.88999938964844,44.099998474121094,43.709999084472656,44.0,35.10268783569336,4222800,NTAP
2017-10-03,44.06999969482422,44.52000045776367,43.75,44.38999938964844,35.41383743286133,2906200,NTAP
2017-10-04,44.189998626708984,44.540000915527344,44.16999816894531,44.459999084472656,35.46967315673828,2875600,NTAP
2017-10-05,44.279998779296875,44.56999969482422,44.16999816894531,44.54999923706055,35.702083587646484,3263500,NTAP
2017-10-06,44.34000015258789,44.630001068115234,44.04999923706055,44.43000030517578,35.60591125488281,1884900,NTAP
2017-10-09,44.41999816894531,44.81999969482422,44.25,44.369998931884766,35.557830810546875,2039700,NTAP
2017-10-10,44.36000061035156,44.52000045776367,43.56999969482422,43.65999984741211,34.98883819580078,3931200,NTAP
2017-10-11,43.540000915527344,43.939998626708984,43.290000915527344,43.5099983215332,34.86863708496094,1678400,NTAP
2017-10-12,43.380001068115234,43.59000015258789,42.9900016784668,43.41999816894531,34.7965087890625,3473600,NTAP
2017-10-13,43.650001525878906,44.220001220703125,43.619998931884766,43.630001068115234,34.964805603027344,1856400,NTAP
2017-10-16,43.83000183105469,43.939998626708984,43.650001525878906,43.720001220703125,35.03692626953125,1449500,NTAP
2017-10-17,43.290000915527344,44.11000061035156,43.290000915527344,44.08000183105469,35.32542419433594,1769200,NTAP
2017-10-18,44.31999969482422,44.63999938964844,44.08000183105469,44.619998931884766,35.758182525634766,2624800,NTAP
2017-10-19,44.369998931884766,44.5099983215332,43.90999984741211,44.2599983215332,35.46967697143555,2456400,NTAP
2017-10-20,44.56999969482422,45.029998779296875,44.38999938964844,44.560001373291016,35.71009826660156,2559100,NTAP
2017-10-23,44.91999816894531,45.13999938964844,44.65999984741211,44.7400016784668,35.85434341430664,2719700,NTAP
2017-10-24,44.70000076293945,45.029998779296875,44.650001525878906,44.81999969482422,35.918453216552734,2506400,NTAP
2017-10-25,44.65999984741211,44.65999984741211,43.66999816894531,43.709999084472656,35.028907775878906,3448500,NTAP
2017-10-26,43.91999816894531,44.68000030517578,43.81999969482422,44.41999816894531,35.5978889465332,1834100,NTAP
2017-10-27,44.52000045776367,44.52000045776367,43.86000061035156,44.0099983215332,35.269317626953125,1870100,NTAP
2017-10-30,43.7400016784668,43.95000076293945,43.2400016784668,43.52000045776367,34.876651763916016,2063100,NTAP
2017-10-31,43.709999084472656,44.56999969482422,43.560001373291016,44.41999816894531,35.5978889465332,2485600,NTAP
2017-11-01,44.7400016784668,44.900001525878906,44.400001525878906,44.529998779296875,35.686058044433594,1940600,NTAP
2017-11-02,44.54999923706055,44.61000061035156,43.939998626708984,44.25,35.461669921875,2112200,NTAP
2017-11-03,44.38999938964844,44.4900016784668,43.90999984741211,44.2400016784668,35.45365524291992,2057800,NTAP
2017-11-06,44.06999969482422,45.119998931884766,44.02000045776367,45.0,36.062705993652344,2541300,NTAP
2017-11-07,45.0,45.06999969482422,44.40999984741211,44.650001525878906,35.7822265625,1940500,NTAP
2017-11-08,44.63999938964844,45.5,44.47999954223633,45.33000183105469,36.32717514038086,1567100,NTAP
2017-11-09,46.150001525878906,47.20000076293945,45.93000030517578,46.29999923706055,37.1045036315918,3625800,NTAP
2017-11-10,46.189998626708984,46.70000076293945,46.099998474121094,46.34000015258789,37.1365852355957,1649300,NTAP
2017-11-13,46.209999084472656,46.619998931884766,45.93000030517578,46.0,36.864097595214844,2328700,NTAP
2017-11-14,45.95000076293945,46.13999938964844,45.59000015258789,45.619998931884766,36.559574127197266,2253800,NTAP
2017-11-15,45.45000076293945,46.09000015258789,45.2400016784668,45.81999969482422,36.71985626220703,4393500,NTAP
2017-11-16,51.40999984741211,53.88999938964844,51.310001373291016,53.11000061035156,42.562007904052734,12874300,NTAP
2017-11-17,53.029998779296875,54.720001220703125,52.5,52.95000076293945,42.433780670166016,5664500,NTAP
2017-11-20,52.5,54.810001373291016,52.459999084472656,54.72999954223633,43.86027908325195,4373500,NTAP
2017-11-21,54.54999923706055,55.5,54.439998626708984,55.08000183105469,44.14075469970703,3462200,NTAP
2017-11-22,55.0,56.099998474121094,54.689998626708984,56.04999923706055,44.91810607910156,2746800,NTAP
2017-11-24,56.099998474121094,56.54999923706055,56.0,56.40999984741211,45.206607818603516,1533600,NTAP
2017-11-27,56.0,56.31999969482422,55.209999084472656,56.22999954223633,45.06235885620117,2918900,NTAP
2017-11-28,56.150001525878906,56.90999984741211,56.08000183105469,56.79999923706055,45.51914978027344,2517500,NTAP
2017-11-29,56.66999816894531,57.18000030517578,56.08000183105469,56.22999954223633,45.06235885620117,2632400,NTAP
2017-11-30,56.790000915527344,57.75,56.5,56.5099983215332,45.2867546081543,4428800,NTAP
2017-12-01,55.59000015258789,56.5099983215332,54.93000030517578,56.40999984741211,45.206607818603516,4081000,NTAP
2017-12-04,56.720001220703125,58.11000061035156,55.91999816894531,55.93000030517578,44.82194137573242,4292200,NTAP
2017-12-05,55.970001220703125,56.560001373291016,55.619998931884766,56.13999938964844,44.99024200439453,2621900,NTAP
2017-12-06,56.13999938964844,57.279998779296875,55.91999816894531,57.209999084472656,45.84771728515625,3169500,NTAP
2017-12-07,57.209999084472656,57.81999969482422,56.720001220703125,57.529998779296875,46.10416793823242,2905700,NTAP
2017-12-08,57.900001525878906,58.630001068115234,57.47999954223633,58.2599983215332,46.68918991088867,3439200,NTAP
2017-12-11,58.09000015258789,58.9900016784668,58.0,58.58000183105469,46.94563293457031,2874000,NTAP
2017-12-12,58.66999816894531,58.81999969482422,57.7599983215332,57.79999923706055,46.32054901123047,2647300,NTAP
2017-12-13,57.95000076293945,58.31999969482422,57.709999084472656,57.779998779296875,46.30452346801758,2974200,NTAP
2017-12-14,57.88999938964844,58.15999984741211,57.25,57.369998931884766,45.975948333740234,2413300,NTAP
2017-12-15,57.290000915527344,57.880001068115234,57.2599983215332,57.27000045776367,45.89580535888672,5077800,NTAP
2017-12-18,57.7599983215332,58.130001068115234,57.43000030517578,57.72999954223633,46.26444625854492,2138400,NTAP
2017-12-19,57.709999084472656,58.130001068115234,57.470001220703125,57.90999984741211,46.408687591552734,3084200,NTAP
2017-12-20,58.41999816894531,58.439998626708984,56.880001068115234,57.040000915527344,45.71149826049805,1877400,NTAP
2017-12-21,57.09000015258789,57.16999816894531,56.130001068115234,56.209999084472656,45.04633331298828,2359600,NTAP
2017-12-22,56.189998626708984,56.4900016784668,56.15999984741211,56.29999923706055,45.118465423583984,1020800,NTAP
2017-12-26,56.20000076293945,56.29999923706055,55.63999938964844,55.86000061035156,44.76585006713867,981400,NTAP
2017-12-27,55.900001525878906,56.189998626708984,55.7599983215332,56.150001525878906,44.99824142456055,971400,NTAP
2017-12-28,56.25,56.45000076293945,55.38999938964844,55.79999923706055,44.71775817871094,908000,NTAP
2017-12-29,55.79999923706055,55.939998626708984,55.2599983215332,55.31999969482422,44.333091735839844,1294600,NTAP
2018-01-02,55.5,56.08000183105469,55.40999984741211,55.56999969482422,44.53343963623047,1386100,NTAP
2018-01-03,55.560001373291016,57.31999969482422,55.45000076293945,57.06999969482422,45.73552703857422,2406900,NTAP
2018-01-04,56.90999984741211,58.06999969482422,56.86000061035156,57.810001373291016,46.49149703979492,2711300,NTAP
2018-01-05,57.9900016784668,58.9900016784668,57.65999984741211,58.849998474121094,47.327877044677734,2347400,NTAP
2018-01-08,58.66999816894531,59.7400016784668,58.209999084472656,59.650001525878906,47.97124481201172,3280300,NTAP
2018-01-09,59.75,60.56999969482422,59.400001525878906,59.66999816894531,47.98731994628906,3062900,NTAP
2018-01-10,59.4900016784668,60.65999984741211,59.08000183105469,60.650001525878906,48.775455474853516,2021500,NTAP
2018-01-11,60.7400016784668,61.86000061035156,60.22999954223633,61.810001373291016,49.70833206176758,3558300,NTAP
2018-01-12,61.970001220703125,62.79999923706055,61.689998626708984,62.77000045776367,50.48038101196289,2510400,NTAP
2018-01-16,62.939998626708984,63.439998626708984,61.709999084472656,62.27000045776367,50.07827377319336,2769200,NTAP
2018-01-17,62.7400016784668,63.970001220703125,62.68000030517578,63.59000015258789,51.13982009887695,1807500,NTAP
2018-01-18,63.5,63.849998474121094,62.779998779296875,63.29999923706055,50.906612396240234,3294100,NTAP
2018-01-19,63.349998474121094,63.72999954223633,62.9900016784668,63.09000015258789,50.73772430419922,3420800,NTAP
2018-01-22,63.0099983215332,63.529998779296875,62.779998779296875,63.52000045776367,51.08354187011719,2796900,NTAP
2018-01-23,63.61000061035156,63.93000030517578,63.060001373291016,63.84000015258789,51.34089660644531,2419500,NTAP
2018-01-24,63.88999938964844,64.05999755859375,62.150001525878906,62.93000030517578,50.60905456542969,2821500,NTAP
2018-01-25,63.560001373291016,63.689998626708984,62.41999816894531,62.4900016784668,50.25519561767578,1949600,NTAP
2018-01-26,62.959999084472656,63.40999984741211,62.720001220703125,63.34000015258789,50.93878173828125,3671600,NTAP
2018-01-29,63.2599983215332,63.4900016784668,62.68000030517578,62.79999923706055,50.50450897216797,2266900,NTAP
2018-01-30,62.310001373291016,62.70000076293945,61.380001068115234,62.310001373291016,50.110443115234375,1984800,NTAP
2018-01-31,62.689998626708984,63.220001220703125,61.13999938964844,61.5,49.45903396606445,2950300,NTAP
2018-02-01,61.369998931884766,62.369998931884766,61.13999938964844,62.15999984741211,49.98980712890625,3995500,NTAP
2018-02-02,61.529998779296875,62.0,60.16999816894531,60.220001220703125,48.42963409423828,1914300,NTAP
2018-02-05,59.47999954223633,60.15999984741211,56.75,56.810001373291016,45.6872673034668,3943500,NTAP
2018-02-06,55.790000915527344,58.43000030517578,53.86000061035156,58.13999938964844,46.756874084472656,3123400,NTAP
2018-02-07,57.68000030517578,58.720001220703125,57.220001220703125,57.630001068115234,46.34674072265625,2395700,NTAP
2018-02-08,57.849998474121094,57.88999938964844,55.849998474121094,55.849998474121094,44.91523361206055,2259500,NTAP
2018-02-09,56.5099983215332,56.849998474121094,54.119998931884766,56.16999816894531,45.17258071899414,3585900,NTAP
2018-02-12,57.029998779296875,58.34000015258789,56.630001068115234,57.72999954223633,46.427146911621094,4354400,NTAP
2018-02-13,59.59000015258789,60.13999938964844,58.45000076293945,58.7400016784668,47.239410400390625,3915000,NTAP
2018-02-14,58.310001373291016,60.9900016784668,58.25,60.63999938964844,48.76740646362305,5811300,NTAP
2018-02-15,54.56999969482422,57.7400016784668,52.0,57.66999816894531,46.378902435302734,16677500,NTAP
2018-02-16,57.400001525878906,59.0,56.36000061035156,56.5099983215332,45.44601821899414,5438700,NTAP
2018-02-20,56.08000183105469,58.849998474121094,55.72999954223633,58.08000183105469,46.7086296081543,4146100,NTAP
2018-02-21,58.20000076293945,59.880001068115234,58.18000030517578,58.540000915527344,47.07856369018555,3405000,NTAP
2018-02-22,58.630001068115234,59.52000045776367,58.5099983215332,58.59000015258789,47.118778228759766,3209000,NTAP
2018-02-23,59.119998931884766,59.630001068115234,58.150001525878906,59.619998931884766,47.94710922241211,3217000,NTAP
2018-02-26,60.0,60.630001068115234,59.5,60.40999984741211,48.58244705200195,4061700,NTAP
2018-02-27,60.04999923706055,60.9900016784668,60.0099983215332,60.400001525878906,48.574405670166016,2708500,NTAP
2018-02-28,60.540000915527344,61.54999923706055,60.029998779296875,60.54999923706055,48.69502258300781,5440900,NTAP
2018-03-01,60.630001068115234,61.56999969482422,59.90999984741211,60.599998474121094,48.73524475097656,2532900,NTAP
2018-03-02,60.369998931884766,60.900001525878906,59.5099983215332,60.7599983215332,48.86391830444336,2648400,NTAP
2018-03-05,60.36000061035156,62.619998931884766,60.11000061035156,62.189998626708984,50.013938903808594,3504900,NTAP
2018-03-06,63.220001220703125,64.43000030517578,62.90999984741211,63.79999923706055,51.3087158203125,4874300,NTAP
2018-03-07,63.130001068115234,63.75,62.86000061035156,63.349998474121094,50.946815490722656,2657100,NTAP
2018-03-08,63.619998931884766,63.90999984741211,63.13999938964844,63.880001068115234,51.37305450439453,2092400,NTAP
2018-03-09,64.29000091552734,65.31999969482422,63.880001068115234,65.26000213623047,52.48288345336914,2142500,NTAP
2018-03-12,65.36000061035156,65.44000244140625,64.5199966430664,64.52999877929688,51.89578628540039,2457600,NTAP
2018-03-13,64.52999877929688,65.5199966430664,64.5,64.83000183105469,52.13705825805664,2571400,NTAP
2018-03-14,65.25,65.58000183105469,64.47000122070312,64.55000305175781,51.91188049316406,2237600,NTAP
2018-03-15,64.66000366210938,64.66000366210938,63.369998931884766,63.66999816894531,51.204158782958984,2492200,NTAP
2018-03-16,63.630001068115234,64.22000122070312,63.38999938964844,63.93000030517578,51.41326904296875,2631200,NTAP
2018-03-19,63.650001525878906,63.88999938964844,62.33000183105469,62.84000015258789,50.53667449951172,3063500,NTAP
2018-03-20,63.09000015258789,63.81999969482422,62.83000183105469,63.310001373291016,50.91465377807617,2030400,NTAP
2018-03-21,63.400001525878906,64.55000305175781,62.95000076293945,64.11000061035156,51.558021545410156,2146100,NTAP
2018-03-22,63.310001373291016,63.61000061035156,61.70000076293945,62.15999984741211,49.98980712890625,2951700,NTAP
2018-03-23,62.63999938964844,62.810001373291016,61.150001525878906,61.150001525878906,49.17755126953125,1953900,NTAP
2018-03-26,62.09000015258789,63.34000015258789,61.5099983215332,63.29999923706055,50.906612396240234,2224900,NTAP
2018-03-27,63.38999938964844,63.88999938964844,60.75,61.189998626708984,49.209720611572266,2708900,NTAP
2018-03-28,61.15999984741211,61.599998474121094,59.099998474121094,59.470001220703125,47.82647705078125,3253600,NTAP
2018-03-29,59.75,62.0099983215332,59.75,61.689998626708984,49.61182403564453,3690300,NTAP
2018-04-02,60.33000183105469,60.849998474121094,58.7599983215332,59.15999984741211,47.57717514038086,2952600,NTAP
2018-04-03,59.36000061035156,60.9900016784668,59.22999954223633,60.630001068115234,48.75936508178711,3587700,NTAP
2018-04-04,60.7400016784668,62.310001373291016,60.130001068115234,62.11000061035156,49.9495849609375,4104200,NTAP
2018-04-05,62.599998474121094,64.33999633789062,61.560001373291016,62.900001525878906,50.74833297729492,5509400,NTAP
2018-04-06,62.560001373291016,64.98999786376953,61.720001220703125,63.11000061035156,50.91777420043945,4650900,NTAP
2018-04-09,63.5,65.08000183105469,63.31999969482422,63.58000183105469,51.29697799682617,3237600,NTAP
2018-04-10,64.5,66.38999938964844,64.47000122070312,66.05999755859375,53.2978515625,3882500,NTAP
2018-04-11,65.41000366210938,66.79000091552734,65.12999725341797,66.13999938964844,53.362403869628906,2690600,NTAP
2018-04-12,67.05000305175781,67.93000030517578,66.69000244140625,67.56999969482422,54.51613998413086,1723000,NTAP
2018-04-13,68.4800033569336,68.79000091552734,66.97000122070312,67.47000122070312,54.43547439575195,2822200,NTAP
2018-04-16,68.1500015258789,68.7699966430664,67.56999969482422,68.2699966430664,55.0809326171875,2042300,NTAP
2018-04-17,69.58999633789062,69.75,68.80999755859375,69.55000305175781,56.113609313964844,2642100,NTAP
2018-04-18,69.37000274658203,69.68000030517578,68.93000030517578,69.22000122070312,55.847373962402344,1896600,NTAP
2018-04-19,68.86000061035156,69.41000366210938,68.23999786376953,69.01000213623047,55.677947998046875,1443500,NTAP
2018-04-20,69.02999877929688,69.19000244140625,68.30999755859375,68.66000366210938,55.395565032958984,1464000,NTAP
2018-04-23,68.94000244140625,69.30000305175781,68.16999816894531,68.3499984741211,55.145450592041016,1246800,NTAP
2018-04-24,68.7300033569336,69.61000061035156,67.20999908447266,67.8499984741211,54.742042541503906,2760800,NTAP
2018-04-25,67.69000244140625,67.97000122070312,66.44000244140625,67.25,54.257972717285156,2047400,NTAP
2018-04-26,67.72000122070312,68.41999816894531,67.27999877929688,67.45999908447266,54.42739486694336,1975800,NTAP
2018-04-27,67.43000030517578,68.13999938964844,66.20999908447266,67.4000015258789,54.37899398803711,1875400,NTAP
2018-04-30,67.7300033569336,68.4000015258789,66.55999755859375,66.58000183105469,53.717403411865234,2136000,NTAP
2018-05-01,66.33999633789062,67.91000366210938,66.33999633789062,67.8499984741211,54.742042541503906,2297700,NTAP
2018-05-02,68.12000274658203,68.30000305175781,66.88999938964844,67.4000015258789,54.37899398803711,3147000,NTAP
2018-05-03,67.01000213623047,68.01000213623047,66.51000213623047,67.19000244140625,54.20954895019531,2719800,NTAP
2018-05-04,66.87999725341797,68.62999725341797,66.66999816894531,68.01000213623047,54.87114715576172,2461700,NTAP
2018-05-07,68.37999725341797,69.30999755859375,67.98999786376953,68.83999633789062,55.540794372558594,1461800,NTAP
2018-05-08,68.83000183105469,70.1500015258789,68.2300033569336,69.62999725341797,56.17817687988281,3067800,NTAP
2018-05-09,70.0,71.41999816894531,69.43000030517578,71.16999816894531,57.420658111572266,2101100,NTAP
2018-05-10,71.38999938964844,72.08000183105469,71.12000274658203,71.83000183105469,57.953163146972656,1970000,NTAP
2018-05-11,72.25,72.80999755859375,71.80999755859375,72.2699966430664,58.30814743041992,1689700,NTAP
2018-05-14,72.43000030517578,72.8499984741211,70.5199966430664,70.73999786376953,57.073726654052734,3283200,NTAP
2018-05-15,70.29000091552734,70.98999786376953,70.04000091552734,70.54000091552734,56.912357330322266,2705400,NTAP
2018-05-16,70.44999694824219,71.31999969482422,70.27999877929688,70.68000030517578,57.02531433105469,2561800,NTAP
2018-05-17,70.5,70.88999938964844,69.81999969482422,69.88999938964844,56.387935638427734,2196800,NTAP
2018-05-18,69.80999755859375,70.33999633789062,69.08999633789062,69.0999984741211,55.75056457519531,2687200,NTAP
2018-05-21,69.61000061035156,70.05000305175781,68.37999725341797,68.44999694824219,55.22612380981445,5736600,NTAP
2018-05-22,68.4000015258789,68.6500015258789,66.36000061035156,67.0199966430664,54.07241439819336,6192200,NTAP
2018-05-23,66.94999694824219,67.7699966430664,66.27999877929688,66.79000091552734,53.8868293762207,6609000,NTAP
2018-05-24,64.0,68.19999694824219,63.810001373291016,68.08000183105469,54.9276237487793,8726600,NTAP
2018-05-25,67.9800033569336,68.4000015258789,66.66999816894531,67.1500015258789,54.17729187011719,4127000,NTAP
2018-05-29,66.69000244140625,67.8499984741211,66.51000213623047,66.95999908447266,54.02397537231445,3324600,NTAP
2018-05-30,67.54000091552734,69.29000091552734,67.30999755859375,68.2300033569336,55.04863357543945,4375500,NTAP
2018-05-31,68.06999969482422,68.79000091552734,67.3499984741211,68.31999969482422,55.12125778198242,4612900,NTAP
2018-06-01,68.08000183105469,69.88999938964844,67.63999938964844,69.70999908447266,56.24271774291992,3140400,NTAP
2018-06-04,69.52999877929688,71.44000244140625,69.3499984741211,71.2699966430664,57.50133514404297,3636500,NTAP
2018-06-05,71.4000015258789,72.93000030517578,71.2699966430664,72.8499984741211,58.77609634399414,3059100,NTAP
2018-06-06,73.0,75.01000213623047,72.7699966430664,74.91000366210938,60.438133239746094,3844000,NTAP
2018-06-07,75.0,75.4000015258789,73.08000183105469,74.0,59.70395278930664,3723200,NTAP
2018-06-08,73.7300033569336,74.69000244140625,73.63999938964844,74.3499984741211,59.98630142211914,2073400,NTAP
2018-06-11,74.3499984741211,75.66000366210938,74.33999633789062,75.58999633789062,60.986759185791016,1672200,NTAP
2018-06-12,75.98999786376953,76.68000030517578,75.31999969482422,76.16999816894531,61.4547004699707,2224300,NTAP
2018-06-13,76.08000183105469,76.55999755859375,75.68000030517578,76.11000061035156,61.40629959106445,3106400,NTAP
2018-06-14,76.36000061035156,77.75,76.36000061035156,77.5,62.52778244018555,2621600,NTAP
2018-06-15,77.58999633789062,77.83999633789062,76.75,77.69999694824219,62.68911361694336,4302900,NTAP
2018-06-18,77.27999877929688,78.47000122070312,76.80999755859375,78.19000244140625,63.08445358276367,1754400,NTAP
2018-06-19,77.4000015258789,77.98999786376953,76.2300033569336,77.88999938964844,62.842403411865234,1883100,NTAP
2018-06-20,78.30999755859375,78.70999908447266,77.86000061035156,78.16000366210938,63.06028366088867,2246500,NTAP
2018-06-21,78.48999786376953,79.1500015258789,77.69000244140625,77.75,62.729469299316406,2457400,NTAP
2018-06-22,78.33999633789062,78.69999694824219,76.83999633789062,76.95999908447266,62.092079162597656,4008000,NTAP
2018-06-25,76.37000274658203,77.08000183105469,75.33999633789062,76.94000244140625,62.07592010498047,3292800,NTAP
2018-06-26,77.30999755859375,78.25,77.08000183105469,77.93000030517578,62.87467956542969,2769700,NTAP
2018-06-27,78.31999969482422,79.05999755859375,76.11000061035156,76.33999633789062,61.591861724853516,2640500,NTAP
2018-06-28,76.51000213623047,77.61000061035156,76.20999908447266,77.30999755859375,62.374473571777344,3485400,NTAP
2018-06-29,78.06999969482422,79.75,77.73999786376953,78.52999877929688,63.35878372192383,3296500,NTAP
2018-07-02,77.94000244140625,79.56999969482422,77.55999755859375,79.18000030517578,63.88322067260742,2108000,NTAP
2018-07-03,79.80999755859375,79.9000015258789,77.2699966430664,77.29000091552734,62.358341217041016,1911600,NTAP
2018-07-05,77.8499984741211,77.98999786376953,76.61000061035156,77.77999877929688,63.08012008666992,2929100,NTAP
2018-07-06,77.81999969482422,79.0199966430664,77.33000183105469,78.7699966430664,63.88302230834961,1387000,NTAP
2018-07-09,79.30000305175781,79.6500015258789,78.33999633789062,79.38999938964844,64.38585662841797,2436300,NTAP
2018-07-10,79.77999877929688,80.02999877929688,78.44999694824219,79.23999786376953,64.26419067382812,2572500,NTAP
2018-07-11,78.75,80.02999877929688,78.75,79.58999633789062,64.54805755615234,2265200,NTAP
2018-07-12,80.30999755859375,82.12999725341797,80.0,81.8499984741211,66.38091278076172,2853800,NTAP
2018-07-13,81.6500015258789,82.87000274658203,81.6500015258789,82.69999694824219,67.07027435302734,1470700,NTAP
2018-07-16,82.58000183105469,83.11000061035156,81.5,81.8499984741211,66.38091278076172,2402900,NTAP
2018-07-17,81.45999908447266,83.13999938964844,81.25,82.43000030517578,66.85131072998047,2665700,NTAP
2018-07-18,82.41000366210938,82.7300033569336,81.38999938964844,82.2300033569336,66.68911743164062,2161200,NTAP
2018-07-19,82.26000213623047,82.87999725341797,81.9800033569336,82.31999969482422,66.76207733154297,1963000,NTAP
2018-07-20,82.25,82.48999786376953,81.58999633789062,82.01000213623047,66.51069641113281,1916700,NTAP
2018-07-23,82.0199966430664,82.2300033569336,81.11000061035156,81.38999938964844,66.00787353515625,2608200,NTAP
2018-07-24,81.48999786376953,81.91999816894531,78.52999877929688,78.5999984741211,63.74515151977539,3596000,NTAP
2018-07-25,78.36000061035156,81.47000122070312,78.36000061035156,81.41999816894531,66.03218841552734,2559400,NTAP
2018-07-26,81.16999816894531,81.83000183105469,80.08999633789062,81.29000091552734,65.92679595947266,1752400,NTAP
2018-07-27,81.4800033569336,81.61000061035156,78.5199966430664,79.44999694824219,64.43451690673828,2426800,NTAP
2018-07-30,79.7300033569336,80.08999633789062,77.26000213623047,77.29000091552734,62.682743072509766,2818800,NTAP
2018-07-31,77.55999755859375,78.30000305175781,76.5199966430664,77.5199966430664,62.8692741394043,3010400,NTAP
2018-08-01,77.43000030517578,78.98999786376953,77.30999755859375,78.55000305175781,63.7046012878418,2497600,NTAP
2018-08-02,78.16000366210938,80.69000244140625,78.0,80.55999755859375,65.33472442626953,2207100,NTAP
2018-08-03,80.58999633789062,81.75,80.23999786376953,81.68000030517578,66.2430419921875,2009000,NTAP
2018-08-06,81.33999633789062,82.12999725341797,80.93000030517578,81.91999816894531,66.43769073486328,1654400,NTAP
2018-08-07,82.12000274658203,82.87000274658203,81.83999633789062,81.98999786376953,66.49446105957031,3246800,NTAP
2018-08-08,81.98999786376953,83.5999984741211,81.63999938964844,82.97000122070312,67.2892837524414,2117000,NTAP
2018-08-09,82.12000274658203,83.30999755859375,82.12000274658203,82.58999633789062,66.98107147216797,2253300,NTAP
2018-08-10,82.2300033569336,83.33000183105469,81.79000091552734,81.94999694824219,66.46204376220703,1844000,NTAP
2018-08-13,82.30999755859375,82.7300033569336,80.19999694824219,80.31999969482422,65.14010620117188,4295200,NTAP
2018-08-14,80.62999725341797,83.02999877929688,80.62999725341797,82.76000213623047,67.11894989013672,2889100,NTAP
2018-08-15,82.19999694824219,82.9800033569336,81.19000244140625,82.47000122070312,66.88375091552734,3549500,NTAP
2018-08-16,79.48999786376953,82.5,78.4000015258789,79.51000213623047,64.48316955566406,7179600,NTAP
2018-08-17,79.94999694824219,81.47000122070312,78.93000030517578,81.16000366210938,65.82135009765625,2653100,NTAP
2018-08-20,81.66000366210938,82.58000183105469,81.16999816894531,82.37000274658203,66.80265045166016,2479200,NTAP
2018-08-21,82.69999694824219,83.37000274658203,81.2699966430664,81.9000015258789,66.4214859008789,2749700,NTAP
2018-08-22,81.52999877929688,82.77999877929688,81.3499984741211,82.72000122070312,67.08651733398438,1708200,NTAP
2018-08-23,82.44000244140625,83.94999694824219,82.36000061035156,83.16000366210938,67.44335174560547,1887700,NTAP
2018-08-24,83.4800033569336,84.29000091552734,83.37999725341797,84.23999786376953,68.3192367553711,1449100,NTAP
2018-08-27,84.97000122070312,85.61000061035156,84.61000061035156,84.97000122070312,68.91128540039062,1443700,NTAP
2018-08-28,85.33000183105469,85.97000122070312,84.5,85.94000244140625,69.69795227050781,1813700,NTAP
2018-08-29,86.11000061035156,86.87000274658203,85.91000366210938,86.25,69.94937133789062,1419900,NTAP
2018-08-30,86.0199966430664,87.44000244140625,85.98999786376953,86.81999969482422,70.41162872314453,2017900,NTAP
2018-08-31,86.58999633789062,87.37999725341797,86.5,86.80999755859375,70.40351104736328,3354500,NTAP
2018-09-04,86.88999938964844,88.06999969482422,86.16000366210938,87.91999816894531,71.30375671386719,2595700,NTAP
2018-09-05,87.88999938964844,88.08000183105469,83.1500015258789,83.31999969482422,67.57310485839844,4344400,NTAP
2018-09-06,83.8499984741211,84.66999816894531,83.20999908447266,83.41000366210938,67.64610290527344,2955000,NTAP
2018-09-07,82.87000274658203,84.16999816894531,81.58000183105469,83.11000061035156,67.40279388427734,2573100,NTAP
2018-09-10,83.16999816894531,83.8499984741211,82.44000244140625,83.55999755859375,67.76774597167969,2255800,NTAP
2018-09-11,83.77999877929688,85.1500015258789,83.25,85.12000274658203,69.03291320800781,2471600,NTAP
2018-09-12,85.19000244140625,85.44000244140625,83.55999755859375,85.19000244140625,69.08968353271484,2336500,NTAP
2018-09-13,85.77999877929688,86.43000030517578,85.31999969482422,85.5,69.34111022949219,1739400,NTAP
2018-09-14,86.02999877929688,86.29000091552734,84.79000091552734,85.7699966430664,69.56007385253906,2273900,NTAP
2018-09-17,85.52999877929688,85.81999969482422,83.33999633789062,83.44000244140625,67.67042541503906,2288200,NTAP
2018-09-18,83.38999938964844,85.58999633789062,83.38999938964844,85.30999755859375,69.18700408935547,1806300,NTAP
2018-09-19,85.36000061035156,85.38999938964844,83.52999877929688,83.98999786376953,68.1164779663086,1509600,NTAP
2018-09-20,84.38999938964844,85.66000366210938,83.61000061035156,85.36000061035156,69.22755432128906,2298800,NTAP
2018-09-21,86.02999877929688,87.1500015258789,85.55000305175781,86.8499984741211,70.43595886230469,4939500,NTAP
2018-09-24,86.2300033569336,87.6500015258789,86.06999969482422,86.4000015258789,70.0710220336914,2391500,NTAP
2018-09-25,86.37000274658203,87.0,85.98999786376953,86.19000244140625,69.90071868896484,1528000,NTAP
2018-09-26,86.16999816894531,86.77999877929688,85.55999755859375,86.11000061035156,69.8358154296875,1549300,NTAP
2018-09-27,86.48999786376953,86.9800033569336,85.47000122070312,85.6500015258789,69.46276092529297,1390000,NTAP
2018-09-28,85.44999694824219,86.37000274658203,84.16999816894531,85.88999938964844,69.65739440917969,1678500,NTAP
2018-10-01,86.23999786376953,86.80000305175781,85.95999908447266,86.1500015258789,69.8682632446289,1830100,NTAP
2018-10-02,86.02999877929688,86.30999755859375,85.30999755859375,85.66999816894531,69.4789810180664,1504700,NTAP
2018-10-03,85.86000061035156,86.48999786376953,84.66999816894531,85.7699966430664,69.56007385253906,1890500,NTAP
2018-10-04,84.91999816894531,85.44000244140625,83.41999816894531,83.91000366210938,68.37046813964844,2003300,NTAP
2018-10-05,83.80000305175781,84.52999877929688,81.68000030517578,82.31999969482422,67.07489776611328,2076300,NTAP
2018-10-08,81.75,82.37999725341797,79.0999984741211,80.08999633789062,65.25788879394531,2648900,NTAP
2018-10-09,79.7699966430664,80.94000244140625,79.2699966430664,79.7300033569336,64.96456146240234,2584500,NTAP
2018-10-10,79.31999969482422,79.38999938964844,75.36000061035156,75.63999938964844,61.63199234008789,3760300,NTAP
2018-10-11,75.13999938964844,76.80999755859375,73.63999938964844,73.95999908447266,60.263126373291016,3649600,NTAP
2018-10-12,75.88999938964844,77.26000213623047,75.41999816894531,76.91999816894531,62.67495346069336,2642200,NTAP
2018-10-15,76.44000244140625,76.7300033569336,75.30000305175781,75.33000183105469,61.379417419433594,1594400,NTAP
2018-10-16,75.94000244140625,78.12999725341797,75.56999969482422,77.91999816894531,63.489768981933594,2501300,NTAP
2018-10-17,80.30999755859375,80.41000366210938,77.2699966430664,79.06999969482422,64.42679595947266,2400600,NTAP
2018-10-18,78.63999938964844,79.43000030517578,77.19000244140625,78.04000091552734,63.587528228759766,2140200,NTAP
2018-10-19,78.6500015258789,79.05000305175781,76.93000030517578,77.56999969482422,63.20458221435547,2295700,NTAP
2018-10-22,77.8499984741211,80.58999633789062,77.62000274658203,80.31999969482422,65.44532012939453,2716500,NTAP
2018-10-23,77.01000213623047,78.11000061035156,74.94999694824219,77.38999938964844,63.057926177978516,4544800,NTAP
2018-10-24,77.44000244140625,78.13999938964844,74.05000305175781,74.19999694824219,60.458683013916016,3907000,NTAP
2018-10-25,75.06999969482422,76.80999755859375,74.58999633789062,76.23999786376953,62.120872497558594,3245800,NTAP
2018-10-26,73.37000274658203,73.76000213623047,70.26000213623047,71.81999969482422,58.51943588256836,4293100,NTAP
2018-10-29,73.18000030517578,74.68000030517578,70.61000061035156,71.91000366210938,58.5927734375,3648800,NTAP
2018-10-30,71.94999694824219,76.66000366210938,71.69000244140625,76.55999755859375,62.38161087036133,3257500,NTAP
2018-10-31,77.55000305175781,79.77999877929688,77.19999694824219,78.48999786376953,63.954185485839844,3321100,NTAP
2018-11-01,78.4800033569336,79.5999984741211,77.58000183105469,79.48999786376953,64.7690200805664,2678300,NTAP
2018-11-02,79.19000244140625,80.36000061035156,78.1500015258789,78.91000366210938,64.29642486572266,2657200,NTAP
2018-11-05,79.30999755859375,80.4000015258789,78.69000244140625,80.12000274658203,65.2823486328125,1641000,NTAP
2018-11-06,80.12000274658203,80.91000366210938,79.5,80.31999969482422,65.44532012939453,1769000,NTAP
2018-11-07,81.5199966430664,83.30999755859375,81.16000366210938,82.81999969482422,67.4823226928711,1807700,NTAP
2018-11-08,83.20999908447266,83.94999694824219,82.41000366210938,82.83999633789062,67.49859619140625,2487900,NTAP
2018-11-09,82.33999633789062,82.55999755859375,80.95999908447266,81.66000366210938,66.53713989257812,2957900,NTAP
2018-11-12,81.79000091552734,81.9000015258789,78.26000213623047,78.87000274658203,64.26383209228516,3382400,NTAP
2018-11-13,79.5199966430664,80.19000244140625,78.25,78.88999938964844,64.2801284790039,2481900,NTAP
2018-11-14,80.02999877929688,80.87999725341797,77.7699966430664,78.02999877929688,63.57939147949219,3735700,NTAP
2018-11-15,71.01000213623047,71.30000305175781,67.2699966430664,68.87999725341797,56.123905181884766,12103700,NTAP
2018-11-16,68.62999725341797,71.91000366210938,67.7699966430664,71.9000015258789,58.58461380004883,6422400,NTAP
2018-11-19,71.0999984741211,71.47000122070312,66.77999877929688,67.27999877929688,54.820220947265625,4768700,NTAP
2018-11-20,65.58999633789062,68.29000091552734,64.77999877929688,67.66999816894531,55.13798904418945,4246800,NTAP
2018-11-21,67.4800033569336,68.08999633789062,65.86000061035156,65.91000366210938,53.70393753051758,3561200,NTAP
2018-11-23,65.5,66.98999786376953,65.33999633789062,65.66000366210938,53.50022888183594,1598900,NTAP
2018-11-26,66.86000061035156,68.16999816894531,65.87999725341797,67.76000213623047,55.21131896972656,3330400,NTAP
2018-11-27,67.0999984741211,67.6500015258789,66.44999694824219,67.2699966430664,54.81206512451172,1963200,NTAP
2018-11-28,67.80999755859375,69.86000061035156,67.80999755859375,69.4800033569336,56.612789154052734,2798000,NTAP
2018-11-29,69.06999969482422,69.19000244140625,67.31999969482422,67.4000015258789,54.91798782348633,3015300,NTAP
2018-11-30,67.62000274658203,68.16000366210938,66.69999694824219,66.87000274658203,54.48613739013672,4095100,NTAP
2018-12-03,67.80000305175781,69.95999908447266,67.6500015258789,69.93000030517578,56.979461669921875,4960700,NTAP
2018-12-04,69.69999694824219,70.2699966430664,66.98999786376953,67.97000122070312,55.38241958618164,4229800,NTAP
2018-12-06,66.37000274658203,68.5,66.0,68.4800033569336,55.797996520996094,2863300,NTAP
2018-12-07,67.72000122070312,68.05999755859375,63.849998474121094,64.38999938964844,52.465431213378906,3177700,NTAP
2018-12-10,64.43000030517578,66.22000122070312,63.77000045776367,65.62999725341797,53.47579574584961,3772400,NTAP
2018-12-11,65.94000244140625,66.0999984741211,63.459999084472656,64.19999694824219,52.31061553955078,4417100,NTAP
2018-12-12,65.2699966430664,65.9800033569336,64.6500015258789,64.70999908447266,52.726158142089844,3020200,NTAP
2018-12-13,64.94999694824219,65.05000305175781,62.34000015258789,62.72999954223633,51.11284255981445,3875000,NTAP
2018-12-14,61.900001525878906,62.66999816894531,61.38999938964844,61.43000030517578,50.05359649658203,3838000,NTAP
2018-12-17,61.52000045776367,62.16999816894531,59.2599983215332,59.61000061035156,48.57064437866211,4645700,NTAP
2018-12-18,60.20000076293945,62.400001525878906,60.040000915527344,62.029998779296875,50.54248046875,5293700,NTAP
2018-12-19,61.959999084472656,62.61000061035156,58.630001068115234,59.369998931884766,48.37510299682617,3831400,NTAP
2018-12-20,59.040000915527344,60.0099983215332,56.95000076293945,57.86000061035156,47.14472579956055,5000600,NTAP
2018-12-21,57.439998626708984,58.88999938964844,56.560001373291016,56.75,46.24030685424805,10332100,NTAP
2018-12-24,56.33000183105469,56.779998779296875,54.81999969482422,54.81999969482422,44.667724609375,1438700,NTAP
2018-12-26,55.43000030517578,57.88999938964844,54.5,57.869998931884766,47.15288162231445,3929300,NTAP
2018-12-27,57.08000183105469,59.43000030517578,56.810001373291016,59.400001525878906,48.39954376220703,3149800,NTAP
2018-12-28,59.4900016784668,60.029998779296875,58.400001525878906,59.09000015258789,48.146942138671875,2268300,NTAP
2018-12-31,59.939998626708984,60.25,58.75,59.66999816894531,48.61953353881836,2612100,NTAP
2019-01-02,58.16999816894531,60.70000076293945,57.779998779296875,60.34000015258789,49.16545867919922,2339000,NTAP
2019-01-03,59.06999969482422,59.22999954223633,57.2400016784668,57.47999954223633,47.14765930175781,3081400,NTAP
2019-01-04,58.7400016784668,60.13999938964844,58.290000915527344,59.43000030517578,48.747135162353516,2153200,NTAP
2019-01-07,59.2400016784668,59.95000076293945,58.90999984741211,59.130001068115234,48.50105667114258,2224800,NTAP
2019-01-08,59.599998474121094,59.7599983215332,57.970001220703125,58.66999816894531,48.12374496459961,2969400,NTAP
2019-01-09,58.970001220703125,60.439998626708984,58.970001220703125,60.189998626708984,49.37051010131836,1725300,NTAP
2019-01-10,60.029998779296875,61.52000045776367,59.689998626708984,61.459999084472656,50.412227630615234,2714000,NTAP
2019-01-11,61.209999084472656,62.0,60.52000045776367,61.650001525878906,50.56807327270508,2684900,NTAP
2019-01-14,61.040000915527344,61.459999084472656,60.61000061035156,61.22999954223633,50.22356414794922,1890200,NTAP
2019-01-15,61.33000183105469,62.63999938964844,61.18000030517578,62.459999084472656,51.23246765136719,1646700,NTAP
2019-01-16,60.209999084472656,62.20000076293945,59.060001373291016,62.099998474121094,50.93718719482422,3469100,NTAP
2019-01-17,61.7599983215332,62.540000915527344,61.560001373291016,61.91999816894531,50.78955078125,2758300,NTAP
2019-01-18,62.619998931884766,63.279998779296875,62.34000015258789,62.97999954223633,51.65900802612305,1664700,NTAP
2019-01-22,62.689998626708984,62.880001068115234,61.040000915527344,61.470001220703125,50.420433044433594,1525600,NTAP
2019-01-23,62.02000045776367,62.939998626708984,60.95000076293945,61.119998931884766,50.13334655761719,2219000,NTAP
2019-01-24,61.33000183105469,62.29999923706055,60.97999954223633,61.970001220703125,50.8305549621582,2933200,NTAP
2019-01-25,63.18000030517578,63.81999969482422,62.68000030517578,63.72999954223633,52.27417755126953,2699400,NTAP
2019-01-28,62.77000045776367,63.36000061035156,62.119998931884766,63.209999084472656,51.8476448059082,1510600,NTAP
2019-01-29,63.63999938964844,63.869998931884766,62.560001373291016,62.59000015258789,51.339107513427734,2006700,NTAP
2019-01-30,63.220001220703125,63.66999816894531,62.439998626708984,63.380001068115234,51.98710632324219,1611100,NTAP
2019-01-31,63.45000076293945,64.04000091552734,63.040000915527344,63.77000045776367,52.30698776245117,2867400,NTAP
2019-02-01,64.12999725341797,67.20999908447266,63.93000030517578,65.80000305175781,53.97209167480469,3795400,NTAP
2019-02-04,65.80000305175781,67.19000244140625,65.23999786376953,67.12999725341797,55.063018798828125,2118800,NTAP
2019-02-05,66.91999816894531,68.0199966430664,66.81999969482422,67.6500015258789,55.48953628540039,2519600,NTAP
2019-02-06,67.6500015258789,68.33999633789062,67.2699966430664,68.16000366210938,55.907867431640625,1523200,NTAP
2019-02-07,67.77999877929688,68.0999984741211,66.25,66.98999786376953,54.948177337646484,2066300,NTAP
2019-02-08,65.69999694824219,66.5199966430664,64.79000091552734,66.0,54.136138916015625,4685800,NTAP
2019-02-11,66.0,66.86000061035156,65.37999725341797,65.93000030517578,54.0787239074707,6766700,NTAP
2019-02-12,67.0,67.5199966430664,66.44999694824219,67.13999938964844,55.07121658325195,3456800,NTAP
2019-02-13,67.4800033569336,68.44000244140625,67.20999908447266,67.3499984741211,55.24346160888672,4505800,NTAP
2019-02-14,61.5,64.02999877929688,61.0,63.65999984741211,52.21677017211914,10072000,NTAP
2019-02-15,64.13999938964844,64.81999969482422,63.439998626708984,64.02999877929688,52.520263671875,3104000,NTAP
2019-02-19,64.02999877929688,64.41000366210938,63.2599983215332,64.25,52.70071029663086,3253900,NTAP
2019-02-20,64.44999694824219,65.91000366210938,64.2699966430664,65.2699966430664,53.537353515625,3043500,NTAP
2019-02-21,65.4000015258789,65.55000305175781,64.77999877929688,65.44000244140625,53.67679977416992,3055100,NTAP
2019-02-22,65.80000305175781,66.54000091552734,65.56999969482422,66.0199966430664,54.15254592895508,2757400,NTAP
2019-02-25,66.55000305175781,66.94999694824219,65.9000015258789,66.0,54.136138916015625,2407400,NTAP
2019-02-26,65.69999694824219,66.87999725341797,65.54000091552734,66.76000213623047,54.75953674316406,2481400,NTAP
2019-02-27,66.4800033569336,67.0199966430664,66.05000305175781,66.08000183105469,54.201751708984375,2329600,NTAP
2019-02-28,66.18000030517578,66.19999694824219,65.16000366210938,65.19999694824219,53.47994613647461,2706000,NTAP
2019-03-01,65.37999725341797,66.56999969482422,65.05000305175781,66.22000122070312,54.31658935546875,3123600,NTAP
2019-03-04,66.86000061035156,66.86000061035156,63.880001068115234,64.55000305175781,52.94679260253906,3514000,NTAP
2019-03-05,64.5999984741211,65.0,64.0199966430664,64.69999694824219,53.069820404052734,2173900,NTAP
2019-03-06,64.75,64.9800033569336,63.41999816894531,63.939998626708984,52.446434020996094,2663600,NTAP
2019-03-07,63.88999938964844,64.20999908447266,62.849998474121094,63.459999084472656,52.05271911621094,2334700,NTAP
2019-03-08,62.63999938964844,63.279998779296875,62.34000015258789,63.189998626708984,51.83125305175781,2011200,NTAP
2019-03-11,63.470001220703125,65.5199966430664,63.310001373291016,65.26000213623047,53.529170989990234,2186100,NTAP
2019-03-12,65.30999755859375,65.51000213623047,64.79000091552734,65.44000244140625,53.67679977416992,2379900,NTAP
2019-03-13,65.91000366210938,66.18000030517578,65.2699966430664,65.56999969482422,53.7834358215332,3108600,NTAP
2019-03-14,65.52999877929688,65.87000274658203,65.06999969482422,65.73999786376953,53.92286682128906,1704400,NTAP
2019-03-15,66.23999786376953,68.12000274658203,65.80999755859375,68.05999755859375,55.82584762573242,6191400,NTAP
2019-03-18,67.91999816894531,68.4000015258789,66.63999938964844,66.91000366210938,54.882564544677734,3996700,NTAP
2019-03-19,67.19000244140625,67.51000213623047,66.4800033569336,66.5999984741211,54.62828063964844,1843700,NTAP
2019-03-20,66.61000061035156,67.68000030517578,66.38999938964844,67.56999969482422,55.42392349243164,3357400,NTAP
2019-03-21,67.70999908447266,69.97000122070312,67.30000305175781,69.51000213623047,57.01520919799805,2889300,NTAP
2019-03-22,69.25,69.41999816894531,66.66000366210938,66.83999633789062,54.82513427734375,2347700,NTAP
2019-03-25,66.66000366210938,67.04000091552734,65.69000244140625,66.87000274658203,54.849754333496094,1652400,NTAP
2019-03-26,67.55999755859375,68.29000091552734,66.94999694824219,67.62999725341797,55.47315216064453,1684100,NTAP
2019-03-27,67.80999755859375,67.95999908447266,66.79000091552734,67.16999816894531,55.0958137512207,2852800,NTAP
2019-03-28,67.33999633789062,67.9800033569336,66.8499984741211,67.38999938964844,55.276275634765625,1880600,NTAP
2019-03-29,67.98999786376953,69.43000030517578,67.98999786376953,69.33999633789062,56.875762939453125,2643500,NTAP
2019-04-01,69.95999908447266,70.58999633789062,69.5,70.37999725341797,57.72880554199219,1966800,NTAP
2019-04-02,70.22000122070312,70.93000030517578,69.69999694824219,70.76000213623047,58.0405158996582,2232300,NTAP
2019-04-03,71.11000061035156,72.56999969482422,70.93000030517578,72.41000366210938,59.39391326904297,4120000,NTAP
2019-04-04,72.05999755859375,72.22000122070312,70.93000030517578,71.48999786376953,58.964996337890625,2318600,NTAP
2019-04-05,71.62000274658203,72.4000015258789,71.5999984741211,72.1500015258789,59.50938415527344,1717300,NTAP
2019-04-08,72.08999633789062,73.02999877929688,71.77999877929688,72.97000122070312,60.18571853637695,1797100,NTAP
2019-04-09,72.48999786376953,72.94000244140625,72.30999755859375,72.77999877929688,60.028995513916016,1926700,NTAP
2019-04-10,72.66999816894531,74.4000015258789,72.66000366210938,74.25,61.2414665222168,2650900,NTAP
2019-04-11,74.7699966430664,75.69999694824219,74.47000122070312,75.48999786376953,62.26420593261719,2785800,NTAP
2019-04-12,76.0999984741211,76.20999908447266,75.18000030517578,75.62999725341797,62.37968063354492,2557500,NTAP
2019-04-15,75.62999725341797,76.81999969482422,75.29000091552734,76.16000366210938,62.81682205200195,2080100,NTAP
2019-04-16,76.69999694824219,77.70999908447266,76.33000183105469,77.43000030517578,63.86432647705078,2432400,NTAP
2019-04-17,77.3499984741211,78.3499984741211,77.04000091552734,77.66999816894531,64.0622787475586,1673700,NTAP
2019-04-18,77.69999694824219,77.95999908447266,76.91999816894531,77.69000244140625,64.07877349853516,1557400,NTAP
2019-04-22,77.36000061035156,77.61000061035156,76.54000091552734,76.69999694824219,63.26222610473633,1707600,NTAP
2019-04-23,77.11000061035156,77.11000061035156,75.8499984741211,76.63999938964844,63.21272277832031,2465600,NTAP
2019-04-24,76.79000091552734,76.8499984741211,73.05999755859375,73.5,60.62285232543945,4488800,NTAP
2019-04-25,73.75,73.86000061035156,71.91999816894531,73.51000213623047,60.63111114501953,4211500,NTAP
2019-04-26,73.0,73.08000183105469,71.01000213623047,71.9000015258789,59.30316925048828,2724900,NTAP
2019-04-29,71.91000366210938,73.26000213623047,71.63999938964844,72.88999938964844,60.1197395324707,2099200,NTAP
2019-04-30,72.83000183105469,73.16000366210938,71.88999938964844,72.8499984741211,60.08673858642578,2157100,NTAP
2019-05-01,73.02999877929688,73.69000244140625,71.7300033569336,71.77999877929688,59.204200744628906,1648400,NTAP
2019-05-02,71.80999755859375,72.77999877929688,71.0199966430664,71.68000030517578,59.12171936035156,1762500,NTAP
2019-05-03,72.02999877929688,72.37000274658203,71.63999938964844,72.16000366210938,59.517635345458984,1487000,NTAP
2019-05-06,70.48999786376953,71.19000244140625,70.01000213623047,70.7300033569336,58.338165283203125,1927400,NTAP
2019-05-07,69.77999877929688,69.83999633789062,68.69000244140625,69.13999938964844,57.026729583740234,2447100,NTAP
2019-05-08,68.69999694824219,69.80000305175781,68.3499984741211,68.91999816894531,56.84526443481445,1854800,NTAP
2019-05-09,67.81999969482422,68.9000015258789,67.0999984741211,68.54000091552734,56.5318489074707,2302700,NTAP
2019-05-10,67.88999938964844,69.18000030517578,66.91000366210938,68.76000213623047,56.71330261230469,2377700,NTAP
2019-05-13,66.61000061035156,67.62000274658203,65.9000015258789,65.9800033569336,54.42034912109375,2231900,NTAP
2019-05-14,66.18000030517578,67.94000244140625,66.12000274658203,67.31999969482422,55.525596618652344,2055700,NTAP
2019-05-15,66.47000122070312,68.06999969482422,66.0,67.79000091552734,55.913246154785156,2485400,NTAP
2019-05-16,67.91999816894531,70.27999877929688,67.72000122070312,69.69000244140625,57.48037338256836,2373100,NTAP
2019-05-17,68.80000305175781,69.94999694824219,68.5999984741211,69.08999633789062,56.985496520996094,1912900,NTAP
2019-05-20,68.25,69.30000305175781,67.8499984741211,68.12999725341797,56.19367218017578,2978300,NTAP
2019-05-21,69.0,70.37000274658203,68.44000244140625,69.98999786376953,57.72780227661133,2398400,NTAP
2019-05-22,68.98999786376953,69.18000030517578,66.70999908447266,67.0999984741211,55.34414291381836,6253700,NTAP
2019-05-23,61.04999923706055,61.689998626708984,58.11000061035156,61.65999984741211,50.85723114013672,13771000,NTAP
2019-05-24,61.91999816894531,62.779998779296875,61.56999969482422,62.0,51.13764572143555,2680600,NTAP
2019-05-28,62.36000061035156,62.470001220703125,60.689998626708984,60.70000076293945,50.06541061401367,3128500,NTAP
2019-05-29,60.380001068115234,60.849998474121094,59.70000076293945,60.310001373291016,49.743743896484375,2248000,NTAP
2019-05-30,60.459999084472656,60.93000030517578,59.84000015258789,60.45000076293945,49.85921096801758,1614300,NTAP
2019-05-31,59.47999954223633,59.810001373291016,58.939998626708984,59.20000076293945,48.82819747924805,4084900,NTAP
2019-06-03,58.81999969482422,59.130001068115234,58.20000076293945,58.90999984741211,48.589012145996094,4325000,NTAP
2019-06-04,59.61000061035156,61.22999954223633,59.59000015258789,61.150001525878906,50.43657302856445,2663400,NTAP
2019-06-05,61.93000030517578,62.22999954223633,60.43000030517578,61.130001068115234,50.420082092285156,2104600,NTAP
2019-06-06,61.130001068115234,61.40999984741211,60.52000045776367,61.09000015258789,50.38709259033203,2688400,NTAP
2019-06-07,61.630001068115234,61.630001068115234,60.72999954223633,61.29999923706055,50.56028366088867,2479800,NTAP
2019-06-10,61.58000183105469,62.88999938964844,61.45000076293945,62.31999969482422,51.401580810546875,1851200,NTAP
2019-06-11,63.130001068115234,63.150001525878906,62.0099983215332,62.119998931884766,51.23662567138672,2864400,NTAP
2019-06-12,62.0099983215332,62.119998931884766,61.34000015258789,61.52000045776367,50.741737365722656,1856500,NTAP
2019-06-13,61.95000076293945,62.54999923706055,61.560001373291016,62.15999984741211,51.269622802734375,1991800,NTAP
2019-06-14,61.84000015258789,61.900001525878906,60.7599983215332,60.97999954223633,50.296356201171875,1966500,NTAP
2019-06-17,61.02000045776367,61.25,60.0099983215332,60.13999938964844,49.603519439697266,2786600,NTAP
2019-06-18,60.70000076293945,62.11000061035156,60.61000061035156,61.45000076293945,50.68402099609375,2231700,NTAP
2019-06-19,61.7599983215332,62.0,61.11000061035156,61.720001220703125,50.906700134277344,1711200,NTAP
2019-06-20,62.81999969482422,63.45000076293945,62.0,62.66999816894531,51.69026565551758,1504400,NTAP
2019-06-21,62.65999984741211,62.65999984741211,60.880001068115234,61.459999084472656,50.692256927490234,4932300,NTAP
2019-06-24,61.54999923706055,62.150001525878906,61.18000030517578,61.25,50.51904296875,1418900,NTAP
2019-06-25,61.29999923706055,61.72999954223633,60.91999816894531,60.959999084472656,50.27985382080078,1584200,NTAP
2019-06-26,61.33000183105469,61.72999954223633,60.47999954223633,60.630001068115234,50.00768280029297,1727000,NTAP
2019-06-27,60.97999954223633,61.81999969482422,60.939998626708984,61.0,50.31284713745117,2183000,NTAP
2019-06-28,61.380001068115234,62.15999984741211,61.16999816894531,61.70000076293945,50.890220642089844,2263600,NTAP
2019-07-01,62.84000015258789,63.54999923706055,62.380001068115234,62.84000015258789,51.83048629760742,1557400,NTAP
2019-07-02,62.84000015258789,62.9900016784668,61.58000183105469,61.93000030517578,51.079917907714844,2425100,NTAP
2019-07-03,61.72999954223633,62.52000045776367,61.45000076293945,62.4900016784668,51.94441223144531,935700,NTAP
2019-07-05,62.150001525878906,62.45000076293945,61.470001220703125,62.40999984741211,51.877899169921875,1174000,NTAP
2019-07-08,59.2400016784668,60.540000915527344,59.0,60.41999816894531,50.22372817993164,3374700,NTAP
2019-07-09,59.880001068115234,60.33000183105469,59.279998779296875,60.150001525878906,49.999298095703125,2293900,NTAP
2019-07-10,60.77000045776367,60.880001068115234,59.93000030517578,60.279998779296875,50.10735321044922,2287500,NTAP
2019-07-11,60.38999938964844,60.81999969482422,59.52000045776367,60.56999969482422,50.34841537475586,1972900,NTAP
2019-07-12,60.88999938964844,61.5099983215332,60.41999816894531,61.119998931884766,50.80559539794922,1845700,NTAP
2019-07-15,61.22999954223633,61.5099983215332,60.20000076293945,60.81999969482422,50.55623245239258,1338100,NTAP
2019-07-16,60.869998931884766,60.869998931884766,58.04999923706055,58.95000076293945,49.00180435180664,2954100,NTAP
2019-07-17,59.290000915527344,59.70000076293945,59.02000045776367,59.31999969482422,49.309364318847656,2469600,NTAP
2019-07-18,59.0099983215332,59.84000015258789,58.18000030517578,58.81999969482422,48.893741607666016,2065200,NTAP
2019-07-19,59.150001525878906,60.18000030517578,58.7599983215332,59.41999816894531,49.392486572265625,2168200,NTAP
2019-07-22,59.41999816894531,59.91999816894531,58.65999984741211,58.70000076293945,48.79399871826172,1637700,NTAP
2019-07-23,59.220001220703125,59.650001525878906,58.349998474121094,59.099998474121094,49.126487731933594,1349100,NTAP
2019-07-24,58.720001220703125,59.45000076293945,58.13999938964844,58.81999969482422,48.893741607666016,1627100,NTAP
2019-07-25,58.81999969482422,59.529998779296875,58.529998779296875,58.72999954223633,48.81892776489258,1400400,NTAP
2019-07-26,58.9900016784668,59.40999984741211,58.31999969482422,59.11000061035156,49.13481521606445,1698700,NTAP
2019-07-29,58.119998931884766,59.5099983215332,57.45000076293945,59.2400016784668,49.24287033081055,2470000,NTAP
2019-07-30,58.84000015258789,59.61000061035156,58.68000030517578,59.4900016784668,49.45067596435547,1478200,NTAP
2019-07-31,59.56999969482422,59.84000015258789,57.72999954223633,58.4900016784668,48.619441986083984,2144300,NTAP
2019-08-01,58.40999984741211,59.689998626708984,57.369998931884766,57.709999084472656,47.971065521240234,3081800,NTAP
2019-08-02,47.900001525878906,48.0,44.790000915527344,46.040000915527344,38.270442962646484,17339200,NTAP
2019-08-05,45.310001373291016,46.470001220703125,44.95000076293945,45.15999984741211,37.53895950317383,4534900,NTAP
2019-08-06,45.47999954223633,46.29999923706055,45.2599983215332,46.0099983215332,38.245513916015625,3229400,NTAP
2019-08-07,45.369998931884766,46.45000076293945,45.25,46.27000045776367,38.461639404296875,3408700,NTAP
2019-08-08,46.279998779296875,47.93000030517578,46.18000030517578,47.75,39.691871643066406,3666400,NTAP
2019-08-09,47.369998931884766,47.59000015258789,46.029998779296875,46.58000183105469,38.719322204589844,2257600,NTAP
2019-08-12,46.38999938964844,46.400001525878906,45.52000045776367,46.11000061035156,38.32863998413086,2099700,NTAP
2019-08-13,46.209999084472656,48.029998779296875,45.939998626708984,46.9900016784668,39.06013870239258,2784000,NTAP
2019-08-14,45.97999954223633,46.310001373291016,44.54999923706055,44.709999084472656,37.16489791870117,4401900,NTAP
2019-08-15,45.720001220703125,48.04999923706055,45.369998931884766,46.470001220703125,38.62790298461914,5101900,NTAP
2019-08-16,46.84000015258789,47.02000045776367,46.099998474121094,46.7599983215332,38.86894226074219,2892000,NTAP
2019-08-19,47.70000076293945,47.79999923706055,46.959999084472656,47.0099983215332,39.076744079589844,2507400,NTAP
2019-08-20,46.91999816894531,46.970001220703125,45.970001220703125,46.09000015258789,38.31201171875,2136900,NTAP
2019-08-21,46.72999954223633,47.34000015258789,46.560001373291016,46.88999938964844,38.977012634277344,1914200,NTAP
2019-08-22,46.86000061035156,47.31999969482422,46.29999923706055,46.779998779296875,38.88557052612305,1852500,NTAP
2019-08-23,45.95000076293945,46.86000061035156,45.220001220703125,45.43000030517578,37.763397216796875,2541700,NTAP
2019-08-26,46.40999984741211,46.849998474121094,46.09000015258789,46.560001373291016,38.702693939208984,2377200,NTAP
2019-08-27,46.939998626708984,46.9900016784668,46.099998474121094,46.5099983215332,38.661136627197266,2693100,NTAP
2019-08-28,46.59000015258789,47.380001068115234,46.2400016784668,46.81999969482422,38.918827056884766,1970300,NTAP
2019-08-29,47.650001525878906,48.20000076293945,47.5099983215332,47.900001525878906,39.81657409667969,1765900,NTAP
2019-08-30,48.45000076293945,48.88999938964844,47.84000015258789,48.060001373291016,39.94956970214844,2747000,NTAP
2019-09-03,47.5099983215332,47.810001373291016,46.70000076293945,47.40999984741211,39.409263610839844,2351600,NTAP
2019-09-04,48.20000076293945,49.220001220703125,48.16999816894531,49.150001525878906,40.85562515258789,2853700,NTAP
2019-09-05,49.970001220703125,51.869998931884766,49.599998474121094,51.7599983215332,43.02515411376953,3424200,NTAP
2019-09-06,51.7599983215332,52.27000045776367,51.4900016784668,51.97999954223633,43.20802688598633,2983600,NTAP
2019-09-09,53.75,54.900001525878906,52.88999938964844,54.779998779296875,45.535518646240234,3968600,NTAP
2019-09-10,54.619998931884766,55.04999923706055,53.65999984741211,54.5099983215332,45.31108474731445,4172100,NTAP
2019-09-11,54.83000183105469,56.2400016784668,54.2599983215332,56.220001220703125,46.73251724243164,3431000,NTAP
2019-09-12,56.04999923706055,56.65999984741211,55.310001373291016,56.36000061035156,46.8488883972168,4103200,NTAP
2019-09-13,56.369998931884766,56.849998474121094,55.599998474121094,56.56999969482422,47.0234375,3102600,NTAP
2019-09-16,56.63999938964844,57.0099983215332,56.099998474121094,56.84000015258789,47.24788284301758,3256100,NTAP
2019-09-17,56.27000045776367,56.84000015258789,55.209999084472656,56.540000915527344,46.99850845336914,3020900,NTAP
2019-09-18,56.2400016784668,56.52000045776367,54.29999923706055,54.93000030517578,45.66020584106445,2537000,NTAP
2019-09-19,55.099998474121094,55.439998626708984,54.310001373291016,54.43000030517578,45.24458694458008,2242100,NTAP
2019-09-20,54.41999816894531,54.79999923706055,53.810001373291016,54.099998474121094,44.97028350830078,4678500,NTAP
2019-09-23,54.029998779296875,54.869998931884766,53.5,54.529998779296875,45.327701568603516,1917400,NTAP
2019-09-24,54.52000045776367,54.599998474121094,52.630001068115234,52.959999084472656,44.02265167236328,2942800,NTAP
2019-09-25,52.779998779296875,54.04999923706055,52.61000061035156,53.810001373291016,44.72921371459961,1855200,NTAP
2019-09-26,54.130001068115234,54.130001068115234,52.880001068115234,53.689998626708984,44.62946319580078,1686100,NTAP
2019-09-27,53.93000030517578,54.650001525878906,53.58000183105469,53.90999984741211,44.812339782714844,1459800,NTAP
2019-09-30,52.72999954223633,53.16999816894531,52.27000045776367,52.5099983215332,43.64860153198242,3207400,NTAP
2019-10-01,53.06999969482422,53.540000915527344,51.4900016784668,51.9900016784668,43.21635437011719,2325000,NTAP
2019-10-02,51.439998626708984,51.68000030517578,50.529998779296875,51.380001068115234,42.70929718017578,2517500,NTAP
2019-10-03,50.72999954223633,51.52000045776367,50.220001220703125,51.41999816894531,43.145606994628906,2184000,NTAP
2019-10-04,51.630001068115234,52.09000015258789,51.18000030517578,52.060001373291016,43.682640075683594,1774900,NTAP
2019-10-07,51.900001525878906,52.900001525878906,51.88999938964844,52.029998779296875,43.65745544433594,1670000,NTAP
2019-10-08,51.40999984741211,51.41999816894531,50.540000915527344,50.560001373291016,42.42399978637695,1887200,NTAP
2019-10-09,51.06999969482422,51.84000015258789,50.90999984741211,51.369998931884766,43.103660583496094,1401800,NTAP
2019-10-10,49.040000915527344,50.529998779296875,48.810001373291016,49.779998779296875,41.7695198059082,3954800,NTAP
2019-10-11,50.4900016784668,51.90999984741211,50.38999938964844,51.4900016784668,43.204349517822266,2056800,NTAP
2019-10-14,51.5099983215332,52.380001068115234,51.20000076293945,52.20000076293945,43.80010223388672,1762900,NTAP
2019-10-15,52.22999954223633,53.11000061035156,51.849998474121094,53.040000915527344,44.50492858886719,1735900,NTAP
2019-10-16,53.130001068115234,53.63999938964844,52.90999984741211,53.220001220703125,44.65595245361328,1327600,NTAP
2019-10-17,53.439998626708984,54.040000915527344,53.2400016784668,54.02000045776367,45.327232360839844,1582400,NTAP
2019-10-18,53.959999084472656,53.97999954223633,53.040000915527344,53.4900016784668,44.882511138916016,1759400,NTAP
2019-10-21,54.13999938964844,55.43000030517578,53.900001525878906,54.56999969482422,45.788719177246094,2665100,NTAP
2019-10-22,54.65999984741211,55.59000015258789,54.150001525878906,55.18000030517578,46.300559997558594,1508300,NTAP
2019-10-23,55.209999084472656,56.119998931884766,55.119998931884766,56.0099983215332,46.99700164794922,1689200,NTAP
2019-10-24,56.31999969482422,56.470001220703125,54.779998779296875,55.45000076293945,46.52711486816406,1560100,NTAP
2019-10-25,55.540000915527344,56.400001525878906,55.279998779296875,56.0099983215332,46.99700164794922,1437300,NTAP
2019-10-28,56.310001373291016,56.63999938964844,55.66999816894531,55.86000061035156,46.87114334106445,2229800,NTAP
2019-10-29,55.779998779296875,55.93000030517578,55.349998474121094,55.470001220703125,46.54390335083008,1645600,NTAP
2019-10-30,55.290000915527344,56.40999984741211,55.0,56.369998931884766,47.299068450927734,1558800,NTAP
2019-10-31,56.18000030517578,56.36000061035156,55.41999816894531,55.880001068115234,46.8879280090332,1983400,NTAP
2019-11-01,56.45000076293945,57.11000061035156,55.66999816894531,57.09000015258789,47.90321350097656,2217000,NTAP
2019-11-04,57.90999984741211,58.689998626708984,57.439998626708984,57.91999816894531,48.59965133666992,2201300,NTAP
2019-11-05,57.91999816894531,59.709999084472656,57.75,59.529998779296875,49.9505729675293,2665900,NTAP
2019-11-06,59.31999969482422,59.70000076293945,57.84000015258789,57.880001068115234,48.56608581542969,2771300,NTAP
2019-11-07,58.369998931884766,59.5,58.25,58.939998626708984,49.45551300048828,1742100,NTAP
2019-11-08,58.630001068115234,59.4900016784668,58.2599983215332,59.40999984741211,49.849876403808594,1597700,NTAP
2019-11-11,59.220001220703125,60.20000076293945,58.90999984741211,59.869998931884766,50.23585510253906,1978100,NTAP
2019-11-12,60.15999984741211,60.2400016784668,59.5099983215332,60.13999938964844,50.462406158447266,1997000,NTAP
2019-11-13,60.0099983215332,60.939998626708984,59.900001525878906,60.06999969482422,50.403682708740234,4392100,NTAP
2019-11-14,59.86000061035156,63.0,59.5,61.97999954223633,52.00632858276367,7650100,NTAP
2019-11-15,62.4900016784668,63.06999969482422,61.7599983215332,62.869998931884766,52.75310134887695,2456800,NTAP
2019-11-18,62.560001373291016,63.790000915527344,62.16999816894531,63.4900016784668,53.27334213256836,2389800,NTAP
2019-11-19,63.79999923706055,63.93000030517578,62.0,62.900001525878906,52.77827072143555,2972800,NTAP
2019-11-20,62.33000183105469,62.869998931884766,61.08000183105469,61.439998626708984,51.553218841552734,2471300,NTAP
2019-11-21,61.650001525878906,61.849998474121094,60.650001525878906,60.70000076293945,50.93230056762695,2246900,NTAP
2019-11-22,60.91999816894531,61.279998779296875,60.45000076293945,61.22999954223633,51.37701416015625,2502200,NTAP
2019-11-25,61.77000045776367,62.97999954223633,61.2599983215332,62.650001525878906,52.568511962890625,2196200,NTAP
2019-11-26,62.41999816894531,62.59000015258789,60.18000030517578,60.5099983215332,50.77286148071289,4633600,NTAP
2019-11-27,60.560001373291016,60.91999816894531,60.150001525878906,60.54999923706055,50.80643844604492,1654900,NTAP
2019-11-29,60.470001220703125,61.06999969482422,60.470001220703125,60.59000015258789,50.83999252319336,838700,NTAP
2019-12-02,60.099998474121094,60.7400016784668,59.380001068115234,59.41999816894531,49.85826873779297,1802800,NTAP
2019-12-03,58.43000030517578,58.68000030517578,57.63999938964844,58.58000183105469,49.153438568115234,2071900,NTAP
2019-12-04,59.15999984741211,59.630001068115234,58.709999084472656,59.34000015258789,49.7911376953125,1625300,NTAP
2019-12-05,60.0,60.45000076293945,59.36000061035156,60.08000183105469,50.412071228027344,1478000,NTAP
2019-12-06,60.849998474121094,61.5,60.720001220703125,61.029998779296875,51.20918655395508,1937700,NTAP
2019-12-09,60.779998779296875,61.369998931884766,60.5099983215332,60.529998779296875,50.789649963378906,1795300,NTAP
2019-12-10,60.529998779296875,60.91999816894531,60.13999938964844,60.36000061035156,50.647003173828125,1250100,NTAP
2019-12-11,60.41999816894531,60.720001220703125,60.25,60.65999984741211,50.89873123168945,1272800,NTAP
2019-12-12,60.81999969482422,62.810001373291016,60.06999969482422,62.72999954223633,52.63562774658203,2440000,NTAP
2019-12-13,62.22999954223633,63.29999923706055,61.91999816894531,63.2400016784668,53.06357192993164,2444800,NTAP
2019-12-16,63.95000076293945,64.48999786376953,63.5099983215332,63.540000915527344,53.31529998779297,2323300,NTAP
2019-12-17,63.90999984741211,64.0,63.13999938964844,63.459999084472656,53.2481575012207,1459600,NTAP
2019-12-18,63.459999084472656,63.91999816894531,62.900001525878906,62.970001220703125,52.83700942993164,1431800,NTAP
2019-12-19,63.33000183105469,63.709999084472656,62.869998931884766,63.22999954223633,53.055179595947266,1957400,NTAP
2019-12-20,63.290000915527344,63.689998626708984,61.7599983215332,62.06999969482422,52.08184051513672,5612700,NTAP
2019-12-23,62.380001068115234,63.29999923706055,62.25,62.79999923706055,52.694366455078125,1693000,NTAP
2019-12-24,62.900001525878906,63.25,62.400001525878906,62.86000061035156,52.74470901489258,541900,NTAP
2019-12-26,62.959999084472656,63.279998779296875,62.220001220703125,62.52000045776367,52.45942687988281,1210500,NTAP
2019-12-27,62.77000045776367,62.77000045776367,61.38999938964844,61.43000030517578,51.544830322265625,1130300,NTAP
2019-12-30,61.470001220703125,61.779998779296875,60.939998626708984,61.529998779296875,51.62873077392578,1548000,NTAP
2019-12-31,61.29999923706055,62.279998779296875,61.2599983215332,62.25,52.232872009277344,1727100,NTAP
2020-01-02,61.970001220703125,62.81999969482422,61.79999923706055,62.77000045776367,53.07847213745117,1670000,NTAP
2020-01-03,61.95000076293945,62.4900016784668,61.209999084472656,61.70000076293945,52.173683166503906,1429800,NTAP
2020-01-06,61.130001068115234,62.0099983215332,61.119998931884766,61.54999923706055,52.04684066772461,1005400,NTAP
2020-01-07,61.66999816894531,62.20000076293945,61.2400016784668,61.95000076293945,52.38508224487305,1575000,NTAP
2020-01-08,62.22999954223633,63.380001068115234,61.97999954223633,63.13999938964844,53.39134216308594,1801500,NTAP
2020-01-09,63.619998931884766,64.16999816894531,62.970001220703125,63.459999084472656,53.66193389892578,2009200,NTAP
2020-01-10,63.599998474121094,63.709999084472656,62.849998474121094,63.130001068115234,53.382896423339844,1794500,NTAP
2020-01-13,63.38999938964844,64.47000122070312,63.38999938964844,64.11000061035156,54.211578369140625,1627400,NTAP
2020-01-14,64.04000091552734,64.27999877929688,63.61000061035156,63.779998779296875,53.93254470825195,1433300,NTAP
2020-01-15,63.95000076293945,64.54000091552734,63.83000183105469,64.19000244140625,54.279232025146484,1470100,NTAP
2020-01-16,64.48999786376953,65.37999725341797,64.19000244140625,65.37999725341797,55.28550720214844,2221600,NTAP
2020-01-17,63.31999969482422,63.810001373291016,61.93000030517578,62.41999816894531,52.78250503540039,4240500,NTAP
2020-01-21,62.15999984741211,62.599998474121094,60.40999984741211,60.560001373291016,51.20968246459961,2623100,NTAP
2020-01-22,60.83000183105469,61.27000045776367,60.16999816894531,60.470001220703125,51.13359451293945,2119700,NTAP
2020-01-23,60.59000015258789,60.619998931884766,59.08000183105469,60.56999969482422,51.21815872192383,2171100,NTAP
2020-01-24,60.54999923706055,60.90999984741211,59.060001373291016,59.810001373291016,50.57549285888672,1486600,NTAP
2020-01-27,58.400001525878906,58.88999938964844,57.7599983215332,58.15999984741211,49.18024826049805,2043200,NTAP
2020-01-28,58.29999923706055,58.400001525878906,56.849998474121094,56.91999816894531,48.1317024230957,3157600,NTAP
2020-01-29,57.130001068115234,57.130001068115234,55.5,55.540000915527344,46.96476364135742,2950100,NTAP
2020-01-30,54.79999923706055,55.689998626708984,54.06999969482422,54.849998474121094,46.38130187988281,2411300,NTAP
2020-01-31,54.58000183105469,54.689998626708984,53.16999816894531,53.400001525878906,45.155181884765625,2271200,NTAP
2020-02-03,53.5,54.79999923706055,53.4900016784668,54.040000915527344,45.69636154174805,1764300,NTAP
2020-02-04,55.310001373291016,56.439998626708984,55.099998474121094,55.880001068115234,47.252281188964844,1901000,NTAP
2020-02-05,57.029998779296875,57.970001220703125,56.72999954223633,57.79999923706055,48.87583541870117,2237000,NTAP
2020-02-06,58.060001373291016,58.459999084472656,57.34000015258789,58.150001525878906,49.17179870605469,1166900,NTAP
2020-02-07,57.84000015258789,57.900001525878906,57.2400016784668,57.34000015258789,48.48685836791992,1252500,NTAP
2020-02-10,56.880001068115234,58.099998474121094,56.880001068115234,58.060001373291016,49.09568405151367,1551400,NTAP
2020-02-11,58.7599983215332,59.81999969482422,58.369998931884766,59.08000183105469,49.95819854736328,2268900,NTAP
2020-02-12,59.45000076293945,60.959999084472656,59.220001220703125,60.81999969482422,51.4295539855957,4480500,NTAP
2020-02-13,53.47999954223633,55.599998474121094,53.20000076293945,55.18000030517578,46.66035079956055,10365600,NTAP
2020-02-14,55.2599983215332,55.34000015258789,53.68000030517578,54.2400016784668,45.86548614501953,3217300,NTAP
2020-02-18,53.970001220703125,54.13999938964844,52.7599983215332,53.43000030517578,45.18054962158203,2635300,NTAP
2020-02-19,53.15999984741211,54.16999816894531,53.04999923706055,53.209999084472656,44.9945182800293,1936000,NTAP
2020-02-20,53.20000076293945,53.79999923706055,52.68000030517578,53.709999084472656,45.41731262207031,2462700,NTAP
2020-02-21,53.25,53.349998474121094,51.86000061035156,52.0,43.97134017944336,3233200,NTAP
2020-02-24,50.5,50.72999954223633,49.68000030517578,50.099998474121094,42.364688873291016,2601600,NTAP
2020-02-25,50.650001525878906,51.0,48.41999816894531,48.79999923706055,41.265411376953125,2715800,NTAP
2020-02-26,49.459999084472656,50.290000915527344,48.25,48.47999954223633,40.994815826416016,2239200,NTAP
2020-02-27,47.38999938964844,48.65999984741211,46.38999938964844,46.869998931884766,39.633392333984375,3494600,NTAP
2020-02-28,45.0,46.84000015258789,44.88999938964844,46.720001220703125,39.506553649902344,5519100,NTAP
2020-03-02,47.040000915527344,47.619998931884766,45.810001373291016,47.56999969482422,40.225318908691406,3145600,NTAP
2020-03-03,47.0099983215332,48.189998626708984,45.2599983215332,45.90999984741211,38.821624755859375,2557800,NTAP
2020-03-04,46.41999816894531,46.41999816894531,45.34000015258789,46.34000015258789,39.185218811035156,2766000,NTAP
2020-03-05,44.9900016784668,45.380001068115234,43.709999084472656,43.93000030517578,37.14731979370117,2353600,NTAP
2020-03-06,42.15999984741211,44.150001525878906,41.75,44.0,37.206512451171875,4223800,NTAP
2020-03-09,41.15999984741211,42.56999969482422,39.72999954223633,39.86000061035156,33.705726623535156,2770100,NTAP
2020-03-10,41.540000915527344,43.5099983215332,40.40999984741211,43.4900016784668,36.7752571105957,3980900,NTAP
2020-03-11,42.08000183105469,42.36000061035156,39.939998626708984,40.45000076293945,34.20463180541992,2799100,NTAP
2020-03-12,37.5099983215332,39.0,35.86000061035156,35.90999984741211,30.36558723449707,3012000,NTAP
2020-03-13,38.290000915527344,40.79999923706055,36.779998779296875,40.79999923706055,34.500587463378906,3833300,NTAP
2020-03-16,36.130001068115234,42.33000183105469,36.0,40.04999923706055,33.86637878417969,4034800,NTAP
2020-03-17,42.040000915527344,44.2400016784668,39.400001525878906,42.099998474121094,35.59987258911133,4520400,NTAP
2020-03-18,39.63999938964844,43.029998779296875,38.970001220703125,42.290000915527344,35.760536193847656,3151900,NTAP
2020-03-19,41.72999954223633,41.72999954223633,37.970001220703125,38.560001373291016,32.60643005371094,3054400,NTAP
2020-03-20,38.959999084472656,39.880001068115234,36.22999954223633,36.2400016784668,30.644651412963867,3433200,NTAP
2020-03-23,36.93000030517578,37.54999923706055,34.65999984741211,35.349998474121094,29.892051696777344,3639800,NTAP
2020-03-24,37.220001220703125,38.900001525878906,36.7599983215332,38.279998779296875,32.36966323852539,5841800,NTAP
2020-03-25,38.22999954223633,39.40999984741211,36.9900016784668,37.689998626708984,31.87076187133789,2901700,NTAP
2020-03-26,37.81999969482422,42.56999969482422,37.41999816894531,42.45000076293945,35.89583206176758,2875400,NTAP
2020-03-27,41.150001525878906,42.099998474121094,39.349998474121094,40.22999954223633,34.01859664916992,2146200,NTAP
2020-03-30,41.65999984741211,41.65999984741211,39.689998626708984,40.720001220703125,34.43293380737305,2157900,NTAP
2020-03-31,40.150001525878906,42.529998779296875,40.09000015258789,41.689998626708984,35.25316619873047,3882100,NTAP
2020-04-01,40.130001068115234,40.970001220703125,38.90999984741211,40.0099983215332,33.83256530761719,2105500,NTAP
2020-04-02,38.849998474121094,40.70000076293945,38.56999969482422,39.529998779296875,33.83256530761719,1638400,NTAP
2020-04-03,39.25,40.47999954223633,37.08000183105469,37.34000015258789,31.95819664001465,2004900,NTAP
2020-04-06,38.7599983215332,39.900001525878906,38.189998626708984,39.599998474121094,33.89247512817383,2604400,NTAP
2020-04-07,40.93000030517578,41.90999984741211,39.63999938964844,39.72999954223633,34.00373840332031,1726900,NTAP
2020-04-08,40.16999816894531,41.290000915527344,39.619998931884766,40.97999954223633,35.073577880859375,1450700,NTAP
2020-04-09,41.43000030517578,43.81999969482422,41.38999938964844,42.72999954223633,36.571346282958984,2471900,NTAP
2020-04-13,42.58000183105469,42.720001220703125,41.060001373291016,41.630001068115234,35.62989044189453,1214400,NTAP
2020-04-14,42.959999084472656,43.470001220703125,42.52000045776367,43.13999938964844,36.92224884033203,2131300,NTAP
2020-04-15,42.349998474121094,42.349998474121094,40.279998779296875,40.43000030517578,34.602848052978516,1628400,NTAP
2020-04-16,40.77000045776367,41.41999816894531,39.720001220703125,41.209999084472656,35.270416259765625,1194300,NTAP
2020-04-17,41.9900016784668,42.86000061035156,41.689998626708984,42.150001525878906,36.07494354248047,1293900,NTAP
2020-04-20,42.040000915527344,42.04999923706055,40.7599983215332,40.95000076293945,35.04789352416992,1617500,NTAP
2020-04-21,40.779998779296875,40.90999984741211,38.88999938964844,38.939998626708984,33.32759094238281,1301500,NTAP
2020-04-22,39.689998626708984,39.97999954223633,39.2599983215332,39.68000030517578,33.96094512939453,2753700,NTAP
2020-04-23,39.689998626708984,41.56999969482422,39.66999816894531,41.040000915527344,35.12492752075195,4252500,NTAP
2020-04-24,41.310001373291016,43.20000076293945,41.20000076293945,43.060001373291016,36.85379409790039,2355600,NTAP
2020-04-27,42.61000061035156,44.11000061035156,42.599998474121094,42.70000076293945,36.54566955566406,2361900,NTAP
2020-04-28,43.70000076293945,43.7400016784668,42.15999984741211,42.27000045776367,36.17764663696289,2395000,NTAP
2020-04-29,43.630001068115234,45.13999938964844,42.52000045776367,44.880001068115234,38.41147232055664,3852600,NTAP
2020-04-30,44.34000015258789,44.34000015258789,43.40999984741211,43.77000045776367,37.461448669433594,1633800,NTAP
2020-05-01,42.56999969482422,43.15999984741211,41.08000183105469,41.47999954223633,35.50151062011719,1700800,NTAP
2020-05-04,41.5,41.70000076293945,40.0099983215332,40.650001525878906,34.79114532470703,2759200,NTAP
2020-05-05,41.15999984741211,41.9900016784668,41.040000915527344,41.20000076293945,35.26187515258789,2124100,NTAP
2020-05-06,41.63999938964844,42.689998626708984,41.16999816894531,42.599998474121094,36.4600830078125,1566300,NTAP
2020-05-07,43.060001373291016,43.56999969482422,42.779998779296875,43.0099983215332,36.81098175048828,1571200,NTAP
2020-05-08,43.310001373291016,44.97999954223633,43.310001373291016,44.900001525878906,38.428585052490234,1553000,NTAP
2020-05-11,43.52000045776367,44.540000915527344,42.77000045776367,44.0099983215332,37.666866302490234,1770100,NTAP
2020-05-12,44.040000915527344,44.5,43.02000045776367,43.029998779296875,36.82810974121094,1880100,NTAP
2020-05-13,42.869998931884766,42.869998931884766,40.630001068115234,41.459999084472656,35.48439407348633,2011200,NTAP
2020-05-14,40.75,41.91999816894531,39.810001373291016,41.84000015258789,35.80961227416992,1874700,NTAP
2020-05-15,41.09000015258789,42.40999984741211,40.93000030517578,42.380001068115234,36.271793365478516,1539100,NTAP
2020-05-18,43.79999923706055,45.09000015258789,43.630001068115234,44.650001525878906,38.21461868286133,1953400,NTAP
2020-05-19,44.63999938964844,45.630001068115234,44.11000061035156,44.68000030517578,38.24028778076172,1318600,NTAP
2020-05-20,45.400001525878906,46.13999938964844,45.349998474121094,45.97999954223633,39.35292434692383,1279200,NTAP
2020-05-21,45.84000015258789,46.41999816894531,44.86000061035156,45.470001220703125,38.91642761230469,1410800,NTAP
2020-05-22,45.2599983215332,45.2599983215332,44.08000183105469,44.68000030517578,38.24028778076172,1626600,NTAP
2020-05-26,46.220001220703125,46.34000015258789,44.88999938964844,45.13999938964844,38.634002685546875,2733200,NTAP
2020-05-27,45.45000076293945,46.45000076293945,44.91999816894531,46.29999923706055,39.626800537109375,3107400,NTAP
2020-05-28,44.779998779296875,45.90999984741211,44.0,44.150001525878906,37.786685943603516,3456900,NTAP
2020-05-29,44.119998931884766,44.7400016784668,43.529998779296875,44.540000915527344,38.12046813964844,3149200,NTAP
2020-06-01,43.849998474121094,44.130001068115234,42.66999816894531,42.66999816894531,36.51999282836914,2648200,NTAP
2020-06-02,42.869998931884766,44.529998779296875,42.47999954223633,44.13999938964844,37.77812576293945,3313400,NTAP
2020-06-03,44.279998779296875,46.09000015258789,44.16999816894531,45.689998626708984,39.1047248840332,2787700,NTAP
2020-06-04,45.34000015258789,45.93000030517578,44.869998931884766,45.2599983215332,38.7366943359375,2104600,NTAP
2020-06-05,46.439998626708984,48.29999923706055,46.27000045776367,48.060001373291016,41.133140563964844,3646800,NTAP
2020-06-08,48.61000061035156,49.650001525878906,48.47999954223633,49.0099983215332,41.94621276855469,2246700,NTAP
2020-06-09,48.58000183105469,48.599998474121094,46.66999816894531,46.720001220703125,39.98626708984375,2414300,NTAP
2020-06-10,47.02000045776367,47.029998779296875,45.95000076293945,46.220001220703125,39.558345794677734,1848200,NTAP
2020-06-11,44.93000030517578,44.97999954223633,41.11000061035156,41.13999938964844,35.210514068603516,3755100,NTAP
2020-06-12,42.52000045776367,43.040000915527344,41.22999954223633,42.459999084472656,36.34026336669922,2512100,NTAP
2020-06-15,41.470001220703125,43.470001220703125,41.119998931884766,43.040000915527344,36.83666229248047,2194100,NTAP
2020-06-16,44.779998779296875,45.220001220703125,43.41999816894531,44.349998474121094,37.95785903930664,2371100,NTAP
2020-06-17,44.70000076293945,44.70000076293945,42.95000076293945,43.16999816894531,36.94792556762695,2392500,NTAP
2020-06-18,43.02000045776367,43.189998626708984,42.150001525878906,42.790000915527344,36.62269973754883,1716600,NTAP
2020-06-19,43.16999816894531,44.09000015258789,42.06999969482422,44.08000183105469,37.726768493652344,6242100,NTAP
2020-06-22,43.38999938964844,43.58000183105469,41.63999938964844,42.29999923706055,36.20332336425781,3281200,NTAP
2020-06-23,42.83000183105469,43.63999938964844,42.31999969482422,42.38999938964844,36.280357360839844,2208000,NTAP
2020-06-24,42.220001220703125,42.220001220703125,40.93000030517578,40.970001220703125,35.06501007080078,3337100,NTAP
2020-06-25,40.56999969482422,41.84000015258789,39.959999084472656,41.83000183105469,35.801063537597656,2510100,NTAP
2020-06-26,43.43000030517578,44.43000030517578,42.630001068115234,43.9900016784668,37.64974594116211,7400900,NTAP
2020-06-29,44.29999923706055,44.400001525878906,43.099998474121094,44.02000045776367,37.67542266845703,1886500,NTAP
2020-06-30,43.97999954223633,45.04999923706055,43.77000045776367,44.369998931884766,37.97498321533203,2387100,NTAP
2020-07-01,44.36000061035156,44.65999984741211,43.38999938964844,43.5099983215332,37.23892593383789,1685600,NTAP
2020-07-02,44.099998474121094,44.459999084472656,43.470001220703125,43.54999923706055,37.27315902709961,1646800,NTAP
2020-07-06,44.439998626708984,45.13999938964844,43.939998626708984,45.04999923706055,38.556968688964844,2980600,NTAP
2020-07-07,44.5,44.75,42.70000076293945,42.86000061035156,36.6826057434082,2875000,NTAP
2020-07-08,43.130001068115234,43.790000915527344,42.7599983215332,43.7599983215332,37.45288848876953,2013000,NTAP
2020-07-09,43.06999969482422,43.63999938964844,42.22999954223633,42.279998779296875,36.58753204345703,2509600,NTAP
2020-07-10,42.349998474121094,43.13999938964844,41.959999084472656,42.939998626708984,37.158668518066406,1832200,NTAP
2020-07-13,43.619998931884766,44.369998931884766,43.279998779296875,43.400001525878906,37.556739807128906,2705400,NTAP
2020-07-14,42.83000183105469,43.75,42.470001220703125,43.709999084472656,37.82500076293945,1903000,NTAP
2020-07-15,44.33000183105469,45.060001373291016,43.689998626708984,44.380001068115234,38.404788970947266,2338200,NTAP
2020-07-16,44.15999984741211,44.52000045776367,43.880001068115234,44.34000015258789,38.370182037353516,1893600,NTAP
2020-07-17,44.4900016784668,45.11000061035156,44.13999938964844,44.810001373291016,38.776893615722656,2469700,NTAP
2020-07-20,44.63999938964844,45.33000183105469,43.84000015258789,45.150001525878906,39.07111740112305,1992900,NTAP
2020-07-21,45.029998779296875,46.41999816894531,45.029998779296875,45.560001373291016,39.42591857910156,2358300,NTAP
2020-07-22,45.68000030517578,45.68000030517578,44.970001220703125,44.9900016784668,38.93266677856445,1217000,NTAP
2020-07-23,44.939998626708984,45.720001220703125,44.459999084472656,44.689998626708984,38.67305374145508,1568700,NTAP
2020-07-24,44.650001525878906,44.66999816894531,43.060001373291016,43.20000076293945,37.383670806884766,1989800,NTAP
2020-07-27,43.220001220703125,44.34000015258789,42.72999954223633,44.09000015258789,38.153839111328125,1762200,NTAP
2020-07-28,44.040000915527344,44.119998931884766,42.81999969482422,42.95000076293945,37.167320251464844,1393600,NTAP
2020-07-29,42.70000076293945,42.88999938964844,41.38999938964844,42.43000030517578,36.71733093261719,2993200,NTAP
2020-07-30,41.81999969482422,43.290000915527344,41.459999084472656,42.849998474121094,37.08079147338867,2526300,NTAP
2020-07-31,42.90999984741211,44.40999984741211,42.04999923706055,44.29999923706055,38.335567474365234,6109000,NTAP
2020-08-03,44.16999816894531,44.290000915527344,42.4900016784668,42.77000045776367,37.01155471801758,3832600,NTAP
2020-08-04,42.619998931884766,44.119998931884766,42.61000061035156,43.22999954223633,37.40962600708008,2810700,NTAP
2020-08-05,43.5099983215332,43.68000030517578,42.810001373291016,43.099998474121094,37.2971305847168,2354400,NTAP
2020-08-06,42.380001068115234,42.869998931884766,41.880001068115234,42.209999084472656,36.52694320678711,3683400,NTAP
2020-08-07,42.290000915527344,42.849998474121094,41.5099983215332,42.79999923706055,37.03752136230469,2426400,NTAP
2020-08-10,42.790000915527344,44.31999969482422,42.7400016784668,44.27000045776367,38.309608459472656,2351700,NTAP
2020-08-11,44.36000061035156,45.36000061035156,43.36000061035156,43.56999969482422,37.703853607177734,1654300,NTAP
2020-08-12,44.0,44.0099983215332,42.93000030517578,43.279998779296875,37.45289611816406,2921700,NTAP
2020-08-13,42.720001220703125,42.97999954223633,41.439998626708984,41.7400016784668,36.12023162841797,3674400,NTAP
2020-08-14,41.81999969482422,42.040000915527344,41.34000015258789,41.560001373291016,35.96446990966797,2375200,NTAP
2020-08-17,41.33000183105469,41.86000061035156,40.939998626708984,41.310001373291016,35.74812316894531,3236300,NTAP
2020-08-18,41.369998931884766,41.369998931884766,40.08000183105469,41.0,35.4798583984375,3545400,NTAP
2020-08-19,41.20000076293945,42.25,40.90999984741211,41.4900016784668,35.90389633178711,2231400,NTAP
2020-08-20,41.4900016784668,41.5,40.810001373291016,41.41999816894531,35.843318939208984,2017900,NTAP
2020-08-21,41.36000061035156,41.75,40.84000015258789,41.25,35.69620895385742,11406800,NTAP
2020-08-24,41.93000030517578,42.65999984741211,41.290000915527344,42.29999923706055,36.604835510253906,3406700,NTAP
2020-08-25,42.33000183105469,42.939998626708984,41.27000045776367,41.77000045776367,36.14619827270508,2475600,NTAP
2020-08-26,41.95000076293945,42.52000045776367,41.22999954223633,42.209999084472656,36.52694320678711,6808400,NTAP
2020-08-27,46.31999969482422,46.619998931884766,43.599998474121094,43.90999984741211,37.99807357788086,10789000,NTAP
2020-08-28,43.90999984741211,45.869998931884766,43.36000061035156,45.7400016784668,39.58169174194336,4883000,NTAP
2020-08-31,46.189998626708984,47.5,45.54999923706055,47.38999938964844,41.009525299072266,5290900,NTAP
2020-09-01,47.2599983215332,47.38999938964844,46.15999984741211,46.68000030517578,40.39512252807617,3165300,NTAP
2020-09-02,46.84000015258789,48.470001220703125,46.650001525878906,48.150001525878906,41.66720199584961,3340800,NTAP
2020-09-03,47.65999984741211,48.33000183105469,46.0099983215332,46.540000915527344,40.27397155761719,3174500,NTAP
2020-09-04,46.709999084472656,47.5,45.900001525878906,46.400001525878906,40.1528205871582,2705500,NTAP
2020-09-08,45.209999084472656,45.9900016784668,45.15999984741211,45.20000076293945,39.11439895629883,2120600,NTAP
2020-09-09,45.959999084472656,46.7599983215332,45.22999954223633,46.56999969482422,40.29993438720703,2612600,NTAP
2020-09-10,46.959999084472656,46.959999084472656,44.369998931884766,44.369998931884766,38.396141052246094,2395300,NTAP
2020-09-11,44.90999984741211,45.06999969482422,43.47999954223633,44.09000015258789,38.153839111328125,2340100,NTAP
2020-09-14,44.38999938964844,45.66999816894531,44.29999923706055,45.380001068115234,39.27015686035156,2788200,NTAP
2020-09-15,46.0099983215332,46.09000015258789,45.13999938964844,45.380001068115234,39.27015686035156,3001600,NTAP
2020-09-16,45.619998931884766,46.529998779296875,45.029998779296875,45.11000061035156,39.03650665283203,2391400,NTAP
2020-09-17,44.09000015258789,44.2400016784668,42.849998474121094,43.18000030517578,37.366355895996094,3413600,NTAP
2020-09-18,43.459999084472656,43.52000045776367,42.099998474121094,42.61000061035156,36.87310028076172,3702200,NTAP
2020-09-21,41.810001373291016,41.810001373291016,40.720001220703125,41.38999938964844,35.81735610961914,2504300,NTAP
2020-09-22,41.619998931884766,41.97999954223633,41.029998779296875,41.880001068115234,36.241390228271484,2487900,NTAP
2020-09-23,42.04999923706055,42.61000061035156,41.06999969482422,41.189998626708984,35.644283294677734,2042900,NTAP
2020-09-24,40.959999084472656,41.7599983215332,40.459999084472656,41.4900016784668,35.90389633178711,1711300,NTAP
2020-09-25,41.11000061035156,42.060001373291016,41.09000015258789,41.959999084472656,36.31061553955078,1605100,NTAP
2020-09-28,42.689998626708984,43.61000061035156,42.5099983215332,43.599998474121094,37.72981262207031,2296800,NTAP
2020-09-29,43.709999084472656,44.27000045776367,43.5,43.9900016784668,38.067298889160156,1743900,NTAP
2020-09-30,44.06999969482422,44.720001220703125,43.43000030517578,43.84000015258789,37.9375,2564800,NTAP
2020-10-01,44.369998931884766,44.369998931884766,42.619998931884766,42.88999938964844,37.11540222167969,2084800,NTAP
2020-10-02,42.15999984741211,43.5099983215332,42.06999969482422,42.7599983215332,37.00291061401367,1882400,NTAP
2020-10-05,43.380001068115234,43.650001525878906,43.06999969482422,43.349998474121094,37.51346969604492,2437300,NTAP
2020-10-06,43.459999084472656,44.59000015258789,43.18000030517578,43.36000061035156,37.52212142944336,1662600,NTAP
2020-10-07,43.88999938964844,44.7400016784668,43.709999084472656,44.59000015258789,38.58651351928711,1674500,NTAP
2020-10-08,44.41999816894531,46.290000915527344,44.41999816894531,46.2599983215332,40.467281341552734,2943200,NTAP
2020-10-09,46.4900016784668,46.689998626708984,45.52000045776367,45.869998931884766,40.12611770629883,1848700,NTAP
2020-10-12,46.369998931884766,47.189998626708984,45.61000061035156,46.650001525878906,40.808448791503906,2011800,NTAP
2020-10-13,47.5099983215332,47.779998779296875,46.27000045776367,46.880001068115234,41.00965881347656,2415600,NTAP
2020-10-14,46.880001068115234,47.560001373291016,46.439998626708984,46.66999816894531,40.82594299316406,1557700,NTAP
2020-10-15,45.88999938964844,47.099998474121094,45.83000183105469,47.04999923706055,41.158355712890625,1398700,NTAP
2020-10-16,47.290000915527344,47.65999984741211,46.689998626708984,47.150001525878906,41.2458381652832,1332100,NTAP
2020-10-19,47.58000183105469,48.939998626708984,47.310001373291016,48.0,41.989410400390625,2792800,NTAP
2020-10-20,48.220001220703125,48.43000030517578,47.2400016784668,47.25,41.33332443237305,2183800,NTAP
2020-10-21,47.29999923706055,47.459999084472656,46.56999969482422,46.79999923706055,40.939674377441406,1660600,NTAP
2020-10-22,46.90999984741211,47.060001373291016,46.33000183105469,46.70000076293945,40.85219955444336,1666100,NTAP
2020-10-23,47.459999084472656,47.459999084472656,46.560001373291016,46.88999938964844,41.018402099609375,1803500,NTAP
2020-10-26,46.40999984741211,46.689998626708984,44.22999954223633,44.93000030517578,39.303829193115234,2416400,NTAP
2020-10-27,44.7599983215332,45.060001373291016,43.91999816894531,44.04999923706055,38.53403091430664,1340800,NTAP
2020-10-28,43.0,43.38999938964844,41.900001525878906,42.290000915527344,36.99441909790039,2496900,NTAP
2020-10-29,42.400001525878906,44.349998474121094,42.20000076293945,44.11000061035156,38.58651351928711,2725500,NTAP
2020-10-30,43.45000076293945,44.09000015258789,43.06999969482422,43.88999938964844,38.394065856933594,1548200,NTAP
2020-11-02,44.459999084472656,45.0,43.91999816894531,44.939998626708984,39.31257629394531,1576100,NTAP
2020-11-03,45.5099983215332,46.58000183105469,45.5099983215332,46.290000915527344,40.49353790283203,1970400,NTAP
2020-11-04,45.52000045776367,46.27000045776367,44.900001525878906,45.16999816894531,39.51377868652344,2129700,NTAP
2020-11-05,46.08000183105469,46.88999938964844,45.81999969482422,46.709999084472656,40.86093521118164,1406200,NTAP
2020-11-06,47.08000183105469,47.34000015258789,46.34000015258789,47.0099983215332,41.123382568359375,1696600,NTAP
2020-11-09,48.7400016784668,50.099998474121094,48.380001068115234,49.650001525878906,43.432796478271484,2895300,NTAP
2020-11-10,49.099998474121094,50.4900016784668,49.08000183105469,50.0099983215332,43.74771499633789,2474200,NTAP
2020-11-11,50.209999084472656,50.4900016784668,48.97999954223633,49.27000045776367,43.10038375854492,1506300,NTAP
2020-11-12,49.040000915527344,49.40999984741211,46.7400016784668,47.47999954223633,41.53451919555664,1995500,NTAP
2020-11-13,47.95000076293945,49.959999084472656,47.709999084472656,49.83000183105469,43.59025573730469,1444100,NTAP
2020-11-16,50.18000030517578,51.61000061035156,50.18000030517578,51.58000183105469,45.12112045288086,1658000,NTAP
2020-11-17,50.709999084472656,51.65999984741211,50.06999969482422,51.400001525878906,44.96366500854492,1183400,NTAP
2020-11-18,51.40999984741211,52.459999084472656,51.220001220703125,51.540000915527344,45.08612823486328,2065500,NTAP
2020-11-19,51.279998779296875,52.040000915527344,50.81999969482422,51.97999954223633,45.47102737426758,1176400,NTAP
2020-11-20,52.150001525878906,52.540000915527344,51.7400016784668,51.88999938964844,45.39229965209961,1320500,NTAP
2020-11-23,52.02000045776367,53.70000076293945,52.02000045776367,53.560001373291016,46.85318374633789,1603700,NTAP
2020-11-24,54.189998626708984,55.72999954223633,54.0,55.36000061035156,48.42778015136719,2638000,NTAP
2020-11-25,54.650001525878906,55.2599983215332,53.310001373291016,53.52000045776367,46.81819152832031,2576300,NTAP
2020-11-27,53.529998779296875,54.029998779296875,53.029998779296875,53.2599983215332,46.59074020385742,739100,NTAP
2020-11-30,53.209999084472656,53.369998931884766,52.33000183105469,53.310001373291016,46.634490966796875,4533800,NTAP
2020-12-01,52.63999938964844,54.43000030517578,52.63999938964844,54.15999984741211,47.378055572509766,3997100,NTAP
2020-12-02,57.86000061035156,60.43000030517578,56.88999938964844,59.22999954223633,51.81317138671875,9338800,NTAP
2020-12-03,59.349998474121094,59.599998474121094,57.91999816894531,58.4900016784668,51.16584014892578,3475000,NTAP
2020-12-04,58.650001525878906,60.08000183105469,58.5,59.9900016784668,52.4780158996582,1894300,NTAP
2020-12-07,59.79999923706055,60.88999938964844,59.34000015258789,60.369998931884766,52.81043243408203,1910600,NTAP
2020-12-08,60.16999816894531,61.18000030517578,59.90999984741211,60.54999923706055,52.96788024902344,1967900,NTAP
2020-12-09,60.95000076293945,61.689998626708984,60.290000915527344,60.779998779296875,53.16908645629883,1409600,NTAP
2020-12-10,59.4900016784668,61.5099983215332,59.4900016784668,61.119998931884766,53.46651840209961,1807600,NTAP
2020-12-11,60.79999923706055,62.189998626708984,60.59000015258789,61.81999969482422,54.078857421875,1877700,NTAP
2020-12-14,62.220001220703125,62.9900016784668,61.33000183105469,61.66999816894531,53.94763946533203,2136800,NTAP
2020-12-15,62.22999954223633,62.810001373291016,61.45000076293945,62.650001525878906,54.804927825927734,1867200,NTAP
2020-12-16,64.01000213623047,65.04000091552734,63.93000030517578,64.06999969482422,56.04711151123047,3128300,NTAP
2020-12-17,64.29000091552734,64.33999633789062,63.150001525878906,64.12000274658203,56.090850830078125,2537900,NTAP
2020-12-18,64.1500015258789,64.93000030517578,63.810001373291016,64.81999969482422,56.703189849853516,4568400,NTAP
2020-12-21,63.58000183105469,64.62000274658203,63.18000030517578,64.54000091552734,56.458255767822266,1695400,NTAP
2020-12-22,65.79000091552734,66.68000030517578,65.51000213623047,66.18000030517578,57.89289855957031,2721700,NTAP
2020-12-23,66.55999755859375,67.62999725341797,66.12000274658203,66.16999816894531,57.884151458740234,1421200,NTAP
2020-12-24,66.11000061035156,66.2699966430664,65.44999694824219,65.80000305175781,57.56049346923828,509600,NTAP
2020-12-28,66.69000244140625,67.37999725341797,65.7300033569336,65.9000015258789,57.64796447753906,1347200,NTAP
2020-12-29,65.86000061035156,66.2699966430664,64.7300033569336,65.05000305175781,56.90439224243164,1146000,NTAP
2020-12-30,65.02999877929688,66.5199966430664,65.02999877929688,65.33000183105469,57.149330139160156,1349400,NTAP
2020-12-31,65.2699966430664,66.38999938964844,65.01000213623047,66.23999786376953,57.94538497924805,1032700,NTAP
2021-01-04,66.47000122070312,66.72000122070312,64.19000244140625,64.86000061035156,56.738182067871094,2319900,NTAP
2021-01-05,64.37999725341797,65.6500015258789,64.33999633789062,65.16999816894531,57.009361267089844,1860300,NTAP
2021-01-06,64.73999786376953,66.51000213623047,64.66999816894531,65.2300033569336,57.061859130859375,2406400,NTAP
2021-01-07,65.19000244140625,65.97000122070312,64.69000244140625,65.23999786376953,57.49367141723633,2014900,NTAP
2021-01-08,65.30999755859375,65.81999969482422,64.55999755859375,64.97000122070312,57.2557258605957,2670800,NTAP
2021-01-11,64.19000244140625,65.68000030517578,64.01000213623047,65.22000122070312,57.476051330566406,1440400,NTAP
2021-01-12,65.8499984741211,66.55999755859375,65.41000366210938,66.16000366210938,58.30445098876953,1550200,NTAP
2021-01-13,66.0199966430664,66.13999938964844,64.8499984741211,65.19999694824219,57.45842742919922,981900,NTAP
2021-01-14,65.38999938964844,66.18000030517578,65.01000213623047,65.83999633789062,58.02243423461914,928200,NTAP
2021-01-15,65.38999938964844,65.91999816894531,64.44000244140625,64.66000366210938,56.982540130615234,1475800,NTAP
2021-01-19,65.0,65.3499984741211,63.79999923706055,64.27999877929688,56.64766311645508,1306500,NTAP
2021-01-20,64.7699966430664,64.93000030517578,64.02999877929688,64.51000213623047,56.8503532409668,1062200,NTAP
2021-01-21,64.31999969482422,65.27999877929688,63.91999816894531,64.97000122070312,57.2557258605957,980600,NTAP
2021-01-22,63.93000030517578,64.93000030517578,63.400001525878906,64.76000213623047,57.0706672668457,1466600,NTAP
2021-01-25,64.87000274658203,65.66000366210938,64.25,65.6500015258789,57.85499954223633,1693600,NTAP
2021-01-26,65.8499984741211,66.26000213623047,64.93000030517578,65.69999694824219,57.899051666259766,1968300,NTAP
2021-01-27,65.13999938964844,70.63999938964844,65.11000061035156,68.88999938964844,60.710289001464844,4425000,NTAP
2021-01-28,68.7699966430664,70.0,67.36000061035156,67.4000015258789,59.3972053527832,2843600,NTAP
2021-01-29,67.08000183105469,68.08000183105469,65.52999877929688,66.44000244140625,58.551185607910156,5979700,NTAP
2021-02-01,66.83000183105469,67.44000244140625,66.04000091552734,66.08000183105469,58.23394012451172,1955400,NTAP
2021-02-02,66.69999694824219,66.9000015258789,64.68000030517578,65.08000183105469,57.3526725769043,2336600,NTAP
2021-02-03,65.3499984741211,67.19999694824219,65.0199966430664,66.66000366210938,58.74507141113281,1844800,NTAP
2021-02-04,66.72000122070312,67.0,65.98999786376953,66.91999816894531,58.97419357299805,1102500,NTAP
2021-02-05,67.23999786376953,67.87999725341797,66.6500015258789,67.37999725341797,59.37957763671875,1447800,NTAP
2021-02-08,67.94000244140625,69.75,67.69000244140625,69.7300033569336,61.450565338134766,1105400,NTAP
2021-02-09,69.7300033569336,70.4000015258789,69.12999725341797,69.87000274658203,61.57393264770508,1121000,NTAP
2021-02-10,70.0,70.30999755859375,68.16999816894531,68.75,60.58689498901367,1847900,NTAP
2021-02-11,69.58000183105469,69.83999633789062,68.2699966430664,69.16000366210938,60.94822692871094,1294200,NTAP
2021-02-12,68.93000030517578,69.91000366210938,68.8499984741211,69.86000061035156,61.56510543823242,1048600,NTAP
2021-02-16,69.88999938964844,70.06999969482422,68.80000305175781,68.8499984741211,60.6750373840332,1418900,NTAP
2021-02-17,68.88999938964844,68.94000244140625,67.41999816894531,68.23999786376953,60.1374626159668,1490700,NTAP
2021-02-18,67.83000183105469,68.73999786376953,67.54000091552734,68.06999969482422,59.98765563964844,1319400,NTAP
2021-02-19,69.58000183105469,71.68000030517578,69.45999908447266,71.3499984741211,62.87820053100586,3231600,NTAP
2021-02-22,70.55999755859375,71.56999969482422,69.93000030517578,71.06999969482422,62.631446838378906,2197000,NTAP
2021-02-23,70.16999816894531,70.7699966430664,67.83999633789062,69.33000183105469,61.098045349121094,1691100,NTAP
2021-02-24,68.83000183105469,71.56999969482422,68.75,71.56999969482422,63.07207107543945,2222300,NTAP
2021-02-25,67.94999694824219,67.94999694824219,61.15999984741211,61.209999084472656,53.942176818847656,6272600,NTAP
2021-02-26,62.349998474121094,63.95000076293945,61.33000183105469,62.599998474121094,55.16713333129883,4089000,NTAP
2021-03-01,63.0,66.1500015258789,62.84000015258789,65.2300033569336,57.48486328125,3143800,NTAP
2021-03-02,64.75,65.38999938964844,63.68000030517578,63.720001220703125,56.15415573120117,2083100,NTAP
2021-03-03,64.25,64.7300033569336,63.09000015258789,63.79999923706055,56.22465133666992,1495100,NTAP
2021-03-04,63.47999954223633,63.9900016784668,60.060001373291016,61.08000183105469,53.82762145996094,2115500,NTAP
2021-03-05,62.13999938964844,62.29999923706055,58.83000183105469,61.33000183105469,54.04793167114258,2175100,NTAP
2021-03-08,61.900001525878906,63.15999984741211,61.47999954223633,62.59000015258789,55.158321380615234,2147100,NTAP
2021-03-09,63.40999984741211,65.6500015258789,63.22999954223633,64.61000061035156,56.938480377197266,3685500,NTAP
2021-03-10,66.13999938964844,68.04000091552734,66.08000183105469,66.66000366210938,58.74507141113281,3985700,NTAP
2021-03-11,67.22000122070312,68.87000274658203,67.20999908447266,67.9800033569336,59.90834045410156,1701500,NTAP
2021-03-12,67.36000061035156,67.94000244140625,66.93000030517578,67.55999755859375,59.5382194519043,1073500,NTAP
2021-03-15,67.63999938964844,68.87000274658203,67.02999877929688,68.80000305175781,60.630977630615234,1674400,NTAP
2021-03-16,68.68000030517578,69.63999938964844,68.0,69.0999984741211,60.895355224609375,1458700,NTAP
2021-03-17,69.05000305175781,71.26000213623047,68.38999938964844,71.16000366210938,62.71076583862305,1780800,NTAP
2021-03-18,70.12000274658203,72.02999877929688,69.95999908447266,70.30999755859375,61.96168518066406,1785300,NTAP
2021-03-19,70.27999877929688,71.5,69.9000015258789,70.16000366210938,61.82951736450195,2952400,NTAP
2021-03-22,70.19999694824219,71.05000305175781,69.30999755859375,70.54000091552734,62.164363861083984,986200,NTAP
2021-03-23,70.37999725341797,70.76000213623047,67.91000366210938,68.43000030517578,60.304908752441406,1263400,NTAP
2021-03-24,69.2300033569336,70.05999755859375,68.41000366210938,68.62999725341797,60.48114776611328,1269300,NTAP
2021-03-25,68.20999908447266,70.55999755859375,67.72000122070312,70.2699966430664,61.92643356323242,1891400,NTAP
2021-03-26,70.47000122070312,74.83999633789062,70.47000122070312,74.75,65.87448120117188,1773700,NTAP
2021-03-29,74.33999633789062,75.58000183105469,71.93000030517578,72.4000015258789,63.803531646728516,2415400,NTAP
2021-03-30,71.87000274658203,72.22000122070312,71.11000061035156,72.22000122070312,63.64490509033203,1820800,NTAP
2021-03-31,72.62999725341797,73.63999938964844,72.44999694824219,72.66999816894531,64.04145812988281,1659700,NTAP
2021-04-01,73.7300033569336,73.7300033569336,72.12999725341797,73.6500015258789,64.90509033203125,1679100,NTAP
2021-04-05,73.95999908447266,74.94999694824219,72.7699966430664,74.33000183105469,65.5043716430664,1478000,NTAP
2021-04-06,73.69999694824219,73.91999816894531,72.43000030517578,73.41000366210938,64.693603515625,1902700,NTAP
2021-04-07,73.19999694824219,73.94000244140625,72.75,73.66999816894531,64.92272186279297,1275200,NTAP
2021-04-08,74.13999938964844,75.13999938964844,72.80999755859375,73.68000030517578,65.35739135742188,1508000,NTAP
2021-04-09,73.62999725341797,74.11000061035156,73.18000030517578,73.87999725341797,65.5347900390625,1704800,NTAP
2021-04-12,73.97000122070312,74.56999969482422,73.22000122070312,74.19999694824219,65.81863403320312,1391600,NTAP
2021-04-13,74.33000183105469,74.52999877929688,73.26000213623047,74.4800033569336,66.0670166015625,1319400,NTAP
2021-04-14,74.58999633789062,76.62000274658203,74.5,76.44999694824219,67.81449127197266,2352800,NTAP
2021-04-15,77.29000091552734,77.66000366210938,76.25,76.69000244140625,68.02739715576172,2046800,NTAP
2021-04-16,76.06999969482422,78.7699966430664,76.06999969482422,77.70999908447266,68.93216705322266,1992400,NTAP
2021-04-19,77.41000366210938,78.23999786376953,76.91999816894531,77.30999755859375,68.57733917236328,1611500,NTAP
2021-04-20,77.0199966430664,77.23999786376953,75.0199966430664,75.19000244140625,66.69680786132812,1231100,NTAP
2021-04-21,75.0,76.0,74.44999694824219,75.91000366210938,67.33549499511719,1020900,NTAP
2021-04-22,75.94000244140625,76.22000122070312,74.97000122070312,75.5,66.97180938720703,1996500,NTAP
2021-04-23,75.68000030517578,77.29000091552734,75.25,76.94000244140625,68.24915313720703,984400,NTAP
2021-04-26,77.13999938964844,77.58999633789062,76.77999877929688,77.1500015258789,68.43543243408203,854000,NTAP
2021-04-27,77.23999786376953,77.4800033569336,76.45999908447266,76.66999816894531,68.00965118408203,950300,NTAP
2021-04-28,76.87999725341797,76.97000122070312,75.91999816894531,76.5999984741211,67.94755554199219,1087300,NTAP
2021-04-29,77.68000030517578,77.91000366210938,76.33000183105469,76.87000274658203,68.18705749511719,1219900,NTAP
2021-04-30,76.68000030517578,76.68000030517578,74.43000030517578,74.69000244140625,66.25328063964844,1155400,NTAP
2021-05-03,74.88999938964844,75.4800033569336,73.88999938964844,74.30999755859375,65.9162368774414,1265600,NTAP
2021-05-04,74.08000183105469,75.41999816894531,73.29000091552734,75.37999725341797,66.86536407470703,1323300,NTAP
2021-05-05,76.36000061035156,77.05000305175781,74.76000213623047,76.56999969482422,67.92093658447266,1223200,NTAP
2021-05-06,76.5,77.94999694824219,76.45999908447266,77.87000274658203,69.07411193847656,1346900,NTAP
2021-05-07,77.48999786376953,79.69000244140625,77.31999969482422,79.5199966430664,70.5377197265625,1226200,NTAP
2021-05-10,79.5,79.5199966430664,78.37000274658203,78.86000061035156,69.95226287841797,1402900,NTAP
2021-05-11,77.33000183105469,77.86000061035156,76.06999969482422,76.73999786376953,68.07174682617188,1514000,NTAP
2021-05-12,76.04000091552734,76.70999908447266,73.91999816894531,74.33999633789062,65.94282531738281,1134500,NTAP
2021-05-13,74.7699966430664,76.9800033569336,74.7699966430664,76.61000061035156,67.9564208984375,837100,NTAP
2021-05-14,77.33999633789062,78.76000213623047,75.91999816894531,78.5,69.63294219970703,743000,NTAP
2021-05-17,78.25,78.97000122070312,77.9000015258789,78.44000244140625,69.57970428466797,2219600,NTAP
2021-05-18,78.80000305175781,78.91000366210938,77.23999786376953,77.27999877929688,68.55073547363281,2079700,NTAP
2021-05-19,76.58000183105469,77.7300033569336,75.83999633789062,77.70999908447266,68.93216705322266,1093900,NTAP
2021-05-20,77.69999694824219,78.6500015258789,76.94000244140625,77.48999786376953,68.73700714111328,1673200,NTAP
2021-05-21,78.16999816894531,78.97000122070312,77.7699966430664,78.2699966430664,69.42891693115234,1064700,NTAP
2021-05-24,78.94999694824219,79.81999969482422,78.69000244140625,78.98999786376953,70.06758880615234,1260300,NTAP
2021-05-25,79.4800033569336,79.68000030517578,78.12999725341797,78.20999908447266,69.37569427490234,1031200,NTAP
2021-05-26,78.36000061035156,79.45999908447266,78.29000091552734,79.44000244140625,70.46675109863281,1211200,NTAP
2021-05-27,80.0,80.66000366210938,78.31999969482422,78.9800033569336,70.05872344970703,2779700,NTAP
2021-05-28,78.70999908447266,79.0,77.06999969482422,77.37000274658203,68.6305923461914,1548800,NTAP
2021-06-01,77.06999969482422,77.37999725341797,76.1500015258789,76.70999908447266,68.04511260986328,2641000,NTAP
2021-06-02,76.56999969482422,77.26000213623047,76.12999725341797,77.05999755859375,68.35560607910156,2965300,NTAP
2021-06-03,76.75,80.44999694824219,76.62000274658203,78.68000030517578,69.79259490966797,4066200,NTAP
2021-06-04,77.81999969482422,80.76000213623047,77.51000213623047,80.73999786376953,71.61991119384766,2544900,NTAP
2021-06-07,80.75,81.62000274658203,80.55000305175781,81.02999877929688,71.87715148925781,1683600,NTAP
2021-06-08,81.36000061035156,82.13999938964844,80.91000366210938,81.8499984741211,72.60453796386719,1812200,NTAP
2021-06-09,82.27999877929688,82.27999877929688,81.41000366210938,82.01000213623047,72.74645233154297,1338100,NTAP
2021-06-10,83.4800033569336,84.19000244140625,83.04000091552734,83.62999725341797,74.18345642089844,2142800,NTAP
2021-06-11,83.1500015258789,83.7699966430664,82.80999755859375,83.37000274658203,73.95285034179688,1506100,NTAP
2021-06-14,83.2300033569336,83.2300033569336,82.4800033569336,82.98999786376953,73.61576843261719,1153000,NTAP
2021-06-15,82.69999694824219,83.88999938964844,82.38999938964844,83.5199966430664,74.08589172363281,1546100,NTAP
2021-06-16,83.4000015258789,84.16999816894531,82.56999969482422,82.73999786376953,73.39398956298828,1825600,NTAP
2021-06-17,82.81999969482422,83.33000183105469,80.29000091552734,81.47000122070312,72.2674560546875,2481900,NTAP
2021-06-18,80.88999938964844,81.0,77.62000274658203,78.16000366210938,69.33135223388672,4457400,NTAP
2021-06-21,78.6500015258789,80.0999984741211,78.45999908447266,79.43000030517578,70.45790100097656,1697000,NTAP
2021-06-22,79.05999755859375,80.95999908447266,78.43000030517578,80.75,71.6287841796875,2134100,NTAP
2021-06-23,80.63999938964844,81.62999725341797,80.37000274658203,80.5999984741211,71.49571228027344,1118500,NTAP
2021-06-24,81.31999969482422,81.3499984741211,80.31999969482422,80.98999786376953,71.84166717529297,1502400,NTAP
2021-06-25,82.58999633789062,82.6500015258789,81.30999755859375,82.44000244140625,73.12789916992188,2536500,NTAP
2021-06-28,82.37999725341797,82.91000366210938,82.11000061035156,82.45999908447266,73.1456298828125,1327200,NTAP
2021-06-29,82.80000305175781,83.44000244140625,82.5999984741211,83.02999877929688,73.65123748779297,1063400,NTAP
2021-06-30,83.0,83.0,81.58000183105469,81.81999969482422,72.57791137695312,1690200,NTAP
2021-07-01,82.23999786376953,82.3499984741211,81.44000244140625,81.95999908447266,72.70211029052734,1075000,NTAP
2021-07-02,82.47000122070312,83.05000305175781,81.80000305175781,82.98999786376953,73.61576843261719,1131500,NTAP
2021-07-06,82.7699966430664,83.18000030517578,81.25,81.87999725341797,72.63114166259766,1265400,NTAP
2021-07-07,82.27999877929688,83.19999694824219,81.55000305175781,82.5199966430664,73.19883728027344,1427800,NTAP
2021-07-08,80.58000183105469,82.02999877929688,79.95999908447266,81.61000061035156,72.83293914794922,1219800,NTAP
2021-07-09,82.26000213623047,83.0,82.0,82.56999969482422,73.68968963623047,1095300,NTAP
2021-07-12,82.51000213623047,83.1500015258789,82.13999938964844,82.2300033569336,73.38626861572266,991900,NTAP
2021-07-13,81.79000091552734,81.83000183105469,79.97000122070312,80.18000030517578,71.55674743652344,965900,NTAP
2021-07-14,81.0,81.27999877929688,79.26000213623047,79.83999633789062,71.25330352783203,1174000,NTAP
2021-07-15,79.41000366210938,80.13999938964844,78.38999938964844,79.16999816894531,70.6553726196289,1715700,NTAP
2021-07-16,79.37999725341797,79.66000366210938,77.30999755859375,77.37000274658203,69.04895782470703,1032400,NTAP
2021-07-19,76.13999938964844,77.31999969482422,75.55999755859375,77.30000305175781,68.98648834228516,1656700,NTAP
2021-07-20,77.70999908447266,79.0999984741211,77.44000244140625,78.23999786376953,69.82537841796875,1443000,NTAP
2021-07-21,78.66999816894531,78.98999786376953,77.77999877929688,78.30000305175781,69.87894439697266,1472900,NTAP
2021-07-22,78.58999633789062,78.94999694824219,76.0,77.12999725341797,68.83475494384766,4009400,NTAP
2021-07-23,77.69000244140625,78.0199966430664,77.04000091552734,77.72000122070312,69.3613052368164,1525700,NTAP
2021-07-26,78.06999969482422,79.4800033569336,77.75,78.55000305175781,70.10205078125,1141700,NTAP
2021-07-27,78.0999984741211,78.2699966430664,76.91000366210938,77.95999908447266,69.57550048828125,1190900,NTAP
2021-07-28,78.06999969482422,78.61000061035156,77.08000183105469,78.20999908447266,69.7986068725586,818800,NTAP
2021-07-29,78.94999694824219,79.58000183105469,78.58999633789062,79.01000213623047,70.51258087158203,979500,NTAP
2021-07-30,78.62999725341797,79.9800033569336,78.5,79.58999633789062,71.03018951416016,1161000,NTAP
2021-08-02,80.0,81.19000244140625,79.66999816894531,80.12999725341797,71.51210021972656,984300,NTAP
2021-08-03,80.33000183105469,82.04000091552734,79.80999755859375,81.7300033569336,72.94002532958984,1473700,NTAP
2021-08-04,81.43000030517578,81.81999969482422,80.75,81.37000274658203,72.61875915527344,924500,NTAP
2021-08-05,81.52999877929688,82.20999908447266,81.38999938964844,81.4800033569336,72.71691131591797,624000,NTAP
2021-08-06,81.9000015258789,82.4800033569336,81.52999877929688,82.16999816894531,73.33272552490234,1014900,NTAP
2021-08-09,82.16999816894531,83.01000213623047,81.83999633789062,82.25,73.40411376953125,1220100,NTAP
2021-08-10,82.52999877929688,83.0,82.22000122070312,82.58000183105469,73.69862365722656,826700,NTAP
2021-08-11,81.47000122070312,83.5,81.29000091552734,82.69999694824219,73.80569458007812,1538900,NTAP
2021-08-12,82.97000122070312,83.16999816894531,82.06999969482422,83.05999755859375,74.12701416015625,834800,NTAP
2021-08-13,83.31999969482422,83.33999633789062,82.2699966430664,82.27999877929688,73.43089294433594,608000,NTAP
2021-08-16,82.0,82.19999694824219,81.51000213623047,81.80000305175781,73.00249481201172,778800,NTAP
2021-08-17,81.31999969482422,81.45999908447266,79.44999694824219,80.51000213623047,71.85124969482422,864000,NTAP
2021-08-18,80.08000183105469,81.19000244140625,79.62999725341797,79.66999816894531,71.10157775878906,1005000,NTAP
2021-08-19,78.05000305175781,79.44000244140625,78.05000305175781,79.26000213623047,70.7356948852539,1163200,NTAP
2021-08-20,79.26000213623047,80.7300033569336,79.25,80.66999816894531,71.99403381347656,1430000,NTAP
2021-08-23,80.94000244140625,81.41000366210938,80.2699966430664,80.72000122070312,72.03866577148438,1375000,NTAP
2021-08-24,80.86000061035156,81.20999908447266,79.91999816894531,80.77999877929688,72.09220123291016,1991300,NTAP
2021-08-25,80.61000061035156,82.58999633789062,80.61000061035156,82.2699966430664,73.42196655273438,1919700,NTAP
2021-08-26,87.5,91.29000091552734,85.48999786376953,86.1500015258789,76.8846664428711,5095700,NTAP
2021-08-27,85.91000366210938,87.08000183105469,85.19999694824219,87.05999755859375,77.69681549072266,2295000,NTAP
2021-08-30,87.08000183105469,88.70999908447266,86.80999755859375,88.37000274658203,78.86592102050781,1563500,NTAP
2021-08-31,88.69000244140625,89.0999984741211,87.88999938964844,88.93000030517578,79.36566162109375,2077800,NTAP
2021-09-01,88.62000274658203,89.87999725341797,88.44999694824219,89.31999969482422,79.71376037597656,1900700,NTAP
2021-09-02,89.6500015258789,90.11000061035156,88.76000213623047,89.75,80.09750366210938,1619600,NTAP
2021-09-03,89.94000244140625,91.52999877929688,89.69000244140625,91.3499984741211,81.52540588378906,1899400,NTAP
2021-09-07,90.94999694824219,91.55000305175781,89.91999816894531,90.0,80.32060241699219,1715700,NTAP
2021-09-08,89.91999816894531,90.04000091552734,88.05000305175781,89.5199966430664,79.89222717285156,1470800,NTAP
2021-09-09,90.02999877929688,92.19999694824219,89.5999984741211,92.08999633789062,82.18582916259766,2335700,NTAP
2021-09-10,92.3499984741211,93.38999938964844,91.91000366210938,92.31999969482422,82.39109802246094,2001700,NTAP
2021-09-13,92.88999938964844,93.0,90.88999938964844,91.75,81.88240051269531,1233700,NTAP
2021-09-14,92.1500015258789,92.68000030517578,91.23999786376953,92.19000244140625,82.27507019042969,1301600,NTAP
2021-09-15,92.29000091552734,93.30000305175781,91.36000061035156,93.30000305175781,83.26569366455078,1234700,NTAP
2021-09-16,93.18000030517578,93.68000030517578,92.30999755859375,92.95999908447266,82.9622802734375,1055000,NTAP
2021-09-17,92.2699966430664,92.5199966430664,89.80000305175781,90.01000213623047,80.32953643798828,2367300,NTAP
2021-09-20,88.5,89.88999938964844,87.76000213623047,88.97000122070312,79.40139770507812,1645400,NTAP
2021-09-21,89.55000305175781,89.55999755859375,88.08000183105469,88.08999633789062,78.61603546142578,1309800,NTAP
2021-09-22,89.16000366210938,90.4800033569336,88.91000366210938,89.9800033569336,80.30276489257812,1324000,NTAP
2021-09-23,90.30999755859375,93.2699966430664,90.05999755859375,92.77999877929688,82.8016357421875,1714200,NTAP
2021-09-24,92.16000366210938,93.79000091552734,92.16000366210938,93.63999938964844,83.56912994384766,788000,NTAP
2021-09-27,93.22000122070312,94.33000183105469,93.05999755859375,93.86000061035156,83.76547241210938,867600,NTAP
2021-09-28,93.11000061035156,93.69999694824219,91.66999816894531,91.80999755859375,81.93595123291016,1400400,NTAP
2021-09-29,92.0199966430664,92.54000091552734,90.19000244140625,90.33000183105469,80.6151123046875,1241100,NTAP
2021-09-30,91.11000061035156,91.73999786376953,89.4000015258789,89.76000213623047,80.10641479492188,1364900,NTAP
2021-10-01,90.0999984741211,91.30000305175781,89.2699966430664,90.58000183105469,80.8382339477539,1105000,NTAP
2021-10-04,90.77999877929688,91.0999984741211,89.06999969482422,89.54000091552734,79.91007995605469,1012900,NTAP
2021-10-05,89.80999755859375,90.77999877929688,88.87000274658203,90.30000305175781,80.5883560180664,811900,NTAP
2021-10-06,89.11000061035156,90.25,87.91999816894531,90.16000366210938,80.46340942382812,1076600,NTAP
2021-10-07,90.3499984741211,91.94000244140625,90.3499984741211,91.1500015258789,81.80056762695312,1064900,NTAP
2021-10-08,91.87000274658203,91.87000274658203,90.91999816894531,91.51000213623047,82.12362670898438,672300,NTAP
2021-10-11,91.4800033569336,92.30999755859375,91.2699966430664,91.69000244140625,82.28517150878906,598400,NTAP
2021-10-12,91.25,91.66999816894531,90.11000061035156,90.23999786376953,80.98388671875,1601700,NTAP
2021-10-13,90.25,91.12000274658203,90.0199966430664,90.25,80.99287414550781,861800,NTAP
2021-10-14,93.3499984741211,93.3499984741211,91.55000305175781,92.3499984741211,82.87747955322266,1788200,NTAP
2021-10-15,92.91000366210938,94.69000244140625,92.5,94.41999816894531,84.73516845703125,2166000,NTAP
2021-10-18,91.38999938964844,92.13999938964844,89.61000061035156,90.33999633789062,81.07366180419922,2665800,NTAP
2021-10-19,91.16999816894531,91.70999908447266,90.26000213623047,90.80999755859375,81.49544525146484,1328600,NTAP
2021-10-20,90.8499984741211,91.37000274658203,89.87000274658203,90.69999694824219,81.39671325683594,1314200,NTAP
2021-10-21,90.44000244140625,92.77999877929688,90.37000274658203,92.73999786376953,83.22748565673828,1235900,NTAP
2021-10-22,92.98999786376953,94.2300033569336,92.72000122070312,93.01000213623047,83.46980285644531,1922300,NTAP
2021-10-25,93.22000122070312,94.0199966430664,92.30999755859375,93.0999984741211,83.55056762695312,930800,NTAP
2021-10-26,93.1500015258789,93.66999816894531,89.94000244140625,90.66000366210938,81.36083221435547,1401900,NTAP
2021-10-27,91.12999725341797,91.22000122070312,88.23999786376953,88.37999725341797,79.31468963623047,1227400,NTAP
2021-10-28,88.70999908447266,90.2300033569336,88.5,89.70999908447266,80.5082778930664,1000300,NTAP
2021-10-29,89.0,90.23999786376953,88.5999984741211,89.30000305175781,80.14032745361328,1118700,NTAP
2021-11-01,89.31999969482422,90.87000274658203,89.13999938964844,90.12000274658203,80.876220703125,905700,NTAP
2021-11-02,90.76000213623047,90.98999786376953,89.95999908447266,90.26000213623047,81.00186157226562,1503100,NTAP
2021-11-03,90.51000213623047,90.51000213623047,88.72000122070312,90.0,80.76852416992188,2091400,NTAP
2021-11-04,90.2300033569336,91.9000015258789,89.81999969482422,90.69999694824219,81.39671325683594,1606500,NTAP
2021-11-05,90.87000274658203,91.91000366210938,90.66999816894531,91.05000305175781,81.71083068847656,1265600,NTAP
2021-11-08,91.33000183105469,92.6500015258789,91.26000213623047,91.88999938964844,82.46466064453125,939900,NTAP
2021-11-09,91.83999633789062,92.79000091552734,90.83999633789062,91.80000305175781,82.38389587402344,697400,NTAP
2021-11-10,91.66999816894531,92.08999633789062,91.08999633789062,91.41999816894531,82.04287719726562,874900,NTAP
2021-11-11,91.86000061035156,92.61000061035156,91.58000183105469,91.93000030517578,82.50056457519531,716200,NTAP
2021-11-12,91.9800033569336,92.19000244140625,89.48999786376953,89.79000091552734,80.5800552368164,1489100,NTAP
2021-11-15,90.13999938964844,90.52999877929688,87.62000274658203,88.86000061035156,79.7454605102539,1815900,NTAP
2021-11-16,88.87999725341797,89.08000183105469,88.05000305175781,88.73999786376953,79.63776397705078,1260400,NTAP
2021-11-17,88.76000213623047,89.87000274658203,87.91000366210938,87.95999908447266,78.9377670288086,1366000,NTAP
2021-11-18,88.01000213623047,88.29000091552734,84.12999725341797,87.31999969482422,78.36341094970703,2394700,NTAP
2021-11-19,87.7300033569336,87.7300033569336,85.95999908447266,86.0,77.1788101196289,1899600,NTAP
2021-11-22,86.26000213623047,87.62000274658203,85.55000305175781,86.19000244140625,77.34931945800781,2371500,NTAP
2021-11-23,86.63999938964844,87.22000122070312,85.5,86.76000213623047,77.8608627319336,1341500,NTAP
2021-11-24,87.06999969482422,89.95999908447266,86.97000122070312,89.77999877929688,80.57109069824219,2624600,NTAP
2021-11-26,87.66999816894531,89.18000030517578,87.16000366210938,88.31999969482422,79.26083374023438,1084000,NTAP
2021-11-29,88.7300033569336,92.01000213623047,88.7300033569336,91.5199966430664,82.13260650634766,2677600,NTAP
2021-11-30,91.12999725341797,92.3499984741211,88.7699966430664,88.87999725341797,79.7634048461914,3771300,NTAP
2021-12-01,89.5,92.62000274658203,84.73999786376953,89.45999908447266,80.2839126586914,5918600,NTAP
2021-12-02,89.20999908447266,90.9800033569336,87.95999908447266,90.18000030517578,80.9300308227539,1944500,NTAP
2021-12-03,90.23999786376953,91.41000366210938,88.95999908447266,90.05000305175781,80.81339263916016,1897800,NTAP
2021-12-06,91.0,91.0,88.0,88.19999694824219,79.15314483642578,1576500,NTAP
2021-12-07,88.88999938964844,91.01000213623047,88.25,90.66999816894531,81.36979675292969,1238400,NTAP
2021-12-08,91.13999938964844,91.13999938964844,89.51000213623047,89.80999755859375,80.59801483154297,890800,NTAP
2021-12-09,89.69000244140625,90.58000183105469,88.97000122070312,89.30999755859375,80.14930725097656,1655400,NTAP
2021-12-10,90.12999725341797,90.37999725341797,88.04000091552734,89.31999969482422,80.15825653076172,1405300,NTAP
2021-12-13,90.5,90.83999633789062,87.11000061035156,87.19000244140625,78.24675750732422,2002100,NTAP
2021-12-14,87.0,88.08999633789062,86.4000015258789,86.83999633789062,77.93265533447266,1302200,NTAP
2021-12-15,87.6500015258789,88.80999755859375,86.69999694824219,88.69999694824219,79.60186767578125,1345600,NTAP
2021-12-16,88.77999877929688,90.27999877929688,88.01000213623047,88.1500015258789,79.10828399658203,1001300,NTAP
2021-12-17,87.94000244140625,89.08999633789062,87.22000122070312,88.05999755859375,79.02751159667969,3205100,NTAP
2021-12-20,86.77999877929688,87.69000244140625,86.08000183105469,87.52999877929688,78.55186462402344,1405500,NTAP
2021-12-21,88.58999633789062,89.93000030517578,87.72000122070312,89.9000015258789,80.67877197265625,1310300,NTAP
2021-12-22,90.0,90.2300033569336,89.16999816894531,89.9000015258789,80.67877197265625,1348700,NTAP
2021-12-23,90.13999938964844,91.30000305175781,90.0,90.62999725341797,81.33387756347656,1583300,NTAP
2021-12-27,90.6500015258789,93.37000274658203,90.18000030517578,93.33999633789062,83.76593017578125,858200,NTAP
2021-12-28,93.33000183105469,93.75,92.61000061035156,93.26000213623047,83.69413757324219,620400,NTAP
2021-12-29,93.4000015258789,94.12999725341797,93.0199966430664,93.18000030517578,83.62235260009766,1150500,NTAP
2021-12-30,93.06999969482422,93.37999725341797,91.5199966430664,91.69000244140625,82.28517150878906,618700,NTAP
2021-12-31,91.79000091552734,92.5999984741211,91.73999786376953,91.98999786376953,82.55441284179688,671000,NTAP
2022-01-03,92.05999755859375,92.83000183105469,91.61000061035156,92.38999938964844,82.91336822509766,1012800,NTAP
2022-01-04,92.63999938964844,95.2300033569336,92.61000061035156,94.19999694824219,84.53772735595703,1954500,NTAP
2022-01-05,94.38999938964844,94.73999786376953,92.5999984741211,92.6500015258789,83.1467056274414,2026100,NTAP
2022-01-06,92.61000061035156,93.77999877929688,91.62000274658203,93.23999786376953,84.13021850585938,1535300,NTAP
2022-01-07,93.23999786376953,93.9000015258789,92.0199966430664,92.23999786376953,83.22789764404297,1776300,NTAP
2022-01-10,91.5,93.30000305175781,90.19000244140625,93.19999694824219,84.09412384033203,3615400,NTAP
2022-01-11,93.5,95.08999633789062,93.16000366210938,95.0199966430664,85.7363052368164,1883500,NTAP
2022-01-12,95.12999725341797,96.61000061035156,94.44999694824219,94.69999694824219,85.44756317138672,1759900,NTAP
2022-01-13,95.25,96.30999755859375,94.44000244140625,95.4800033569336,86.1513671875,2413200,NTAP
2022-01-14,96.66000366210938,96.81999969482422,94.45999908447266,95.41000366210938,86.08820343017578,1659500,NTAP
2022-01-18,94.91000366210938,95.45999908447266,92.94000244140625,93.31999969482422,84.20240020751953,1292100,NTAP
2022-01-19,93.3499984741211,94.4000015258789,89.29000091552734,89.41000366210938,80.6744155883789,1921200,NTAP
2022-01-20,90.4000015258789,90.87000274658203,87.62999725341797,87.80000305175781,79.22171020507812,2587100,NTAP
2022-01-21,87.04000091552734,88.08000183105469,83.81999969482422,84.27999877929688,76.0456314086914,2927300,NTAP
2022-01-24,83.56999969482422,86.62000274658203,82.48999786376953,86.5199966430664,78.0667724609375,2951800,NTAP
2022-01-25,85.55999755859375,87.31999969482422,83.27999877929688,85.72000122070312,77.3449478149414,2214200,NTAP
2022-01-26,87.29000091552734,87.72000122070312,83.68000030517578,84.63999938964844,76.37045288085938,2354800,NTAP
2022-01-27,85.54000091552734,87.26000213623047,83.41000366210938,83.83000183105469,75.63960266113281,2222400,NTAP
2022-01-28,83.81999969482422,86.41999816894531,83.0,86.37000274658203,77.9314193725586,1504400,NTAP
2022-01-31,86.02999877929688,86.88999938964844,85.41000366210938,86.51000213623047,78.0577621459961,2136000,NTAP
2022-02-01,86.68000030517578,87.58000183105469,85.95999908447266,87.01000213623047,78.50889587402344,3235700,NTAP
2022-02-02,87.25,88.94999694824219,86.4800033569336,88.66000366210938,79.9976806640625,2469900,NTAP
2022-02-03,87.83999633789062,89.68000030517578,87.72000122070312,87.95999908447266,79.36608123779297,1107000,NTAP
2022-02-04,87.83999633789062,88.45999908447266,86.3499984741211,87.62999725341797,79.06831359863281,853800,NTAP
2022-02-07,88.0,88.08000183105469,87.02999877929688,87.33000183105469,78.7976303100586,1301600,NTAP
2022-02-08,87.58999633789062,89.27999877929688,87.2300033569336,89.11000061035156,80.40372467041016,952600,NTAP
2022-02-09,89.44999694824219,92.05999755859375,89.44999694824219,91.69999694824219,82.74067687988281,1395000,NTAP
2022-02-10,90.12999725341797,91.98999786376953,89.58999633789062,90.05000305175781,81.25188446044922,1321400,NTAP
2022-02-11,90.30000305175781,91.08000183105469,88.44999694824219,89.08000183105469,80.37665557861328,1408200,NTAP
2022-02-14,89.3499984741211,89.55999755859375,86.9000015258789,87.79000091552734,79.21269989013672,1404000,NTAP
2022-02-15,89.23999786376953,90.55000305175781,89.0,90.47000122070312,81.630859375,1249000,NTAP
2022-02-16,90.4000015258789,91.87000274658203,89.87999725341797,91.55000305175781,82.6053466796875,1154800,NTAP
2022-02-17,90.58999633789062,91.9800033569336,90.37000274658203,91.06999969482422,82.17222595214844,1483200,NTAP
2022-02-18,91.5,92.4000015258789,90.04000091552734,90.9000015258789,82.01885223388672,1969700,NTAP
2022-02-22,90.55000305175781,91.13999938964844,85.76000213623047,86.12000274658203,77.70584869384766,2857700,NTAP
2022-02-23,86.77999877929688,86.9800033569336,83.5999984741211,84.08999633789062,75.87419128417969,2663600,NTAP
2022-02-24,72.80999755859375,79.36000061035156,72.04000091552734,79.29000091552734,71.54316711425781,6421900,NTAP
2022-02-25,79.51000213623047,81.69999694824219,79.02999877929688,80.13999938964844,72.31010437011719,2516400,NTAP
2022-02-28,78.87000274658203,79.1500015258789,76.73999786376953,78.37999725341797,70.7220687866211,2399200,NTAP
2022-03-01,78.29000091552734,79.11000061035156,76.58999633789062,77.33000183105469,69.77466583251953,1860600,NTAP
2022-03-02,78.16999816894531,81.80000305175781,78.16999816894531,81.0999984741211,73.17633056640625,1739200,NTAP
2022-03-03,81.43000030517578,82.36000061035156,80.2300033569336,80.76000213623047,72.86953735351562,1341200,NTAP
2022-03-04,80.01000213623047,81.25,79.01000213623047,80.3499984741211,72.4996109008789,1185100,NTAP
2022-03-07,79.88999938964844,80.16000366210938,78.13999938964844,78.62000274658203,70.93862915039062,1678500,NTAP
2022-03-08,78.72000122070312,80.38999938964844,78.4000015258789,78.91999816894531,71.20931243896484,1883800,NTAP
2022-03-09,80.61000061035156,81.69000244140625,80.08999633789062,80.77999877929688,72.88758087158203,1053100,NTAP
2022-03-10,80.73999786376953,82.8499984741211,80.52999877929688,82.62000274658203,74.54781341552734,1932300,NTAP
2022-03-11,82.9000015258789,84.37000274658203,82.5,84.0999984741211,75.88320922851562,1991900,NTAP
2022-03-14,83.72000122070312,84.5,79.73999786376953,80.38999938964844,72.53569793701172,3206500,NTAP
2022-03-15,80.79000091552734,82.48999786376953,80.22000122070312,82.0999984741211,74.07862854003906,1549800,NTAP
2022-03-16,82.44000244140625,85.41000366210938,82.30999755859375,84.86000061035156,76.56896209716797,2042800,NTAP
2022-03-17,84.41999816894531,86.44999694824219,83.88999938964844,86.41000366210938,77.96752166748047,1740600,NTAP
2022-03-18,86.6500015258789,89.9000015258789,85.86000061035156,89.69000244140625,80.92705535888672,5351500,NTAP
2022-03-21,89.86000061035156,90.19999694824219,87.79000091552734,88.5,79.85333251953125,1903300,NTAP
2022-03-22,88.62000274658203,89.69999694824219,85.45999908447266,87.61000061035156,79.05029296875,3273300,NTAP
2022-03-23,88.23999786376953,89.33999633789062,86.62999725341797,87.22000122070312,78.6983871459961,1635200,NTAP
2022-03-24,85.77999877929688,86.4000015258789,84.2699966430664,86.30000305175781,77.86827850341797,1711000,NTAP
2022-03-25,86.66000366210938,86.66000366210938,85.20999908447266,85.69000244140625,77.31786346435547,1291700,NTAP
2022-03-28,85.27999877929688,86.26000213623047,84.58000183105469,86.13999938964844,77.72390747070312,953400,NTAP
2022-03-29,86.5999984741211,88.38999938964844,86.5999984741211,88.12999725341797,79.51947784423828,873400,NTAP
2022-03-30,88.12999725341797,88.52999877929688,86.23999786376953,86.56999969482422,78.11190032958984,905000,NTAP
2022-03-31,86.04000091552734,86.29000091552734,82.93000030517578,83.0,74.89068603515625,2216000,NTAP
2022-04-01,83.55999755859375,83.66999816894531,80.80999755859375,82.19999694824219,74.1688461303711,2023700,NTAP
2022-04-04,82.30999755859375,83.9000015258789,82.04000091552734,83.6500015258789,75.47718048095703,1455600,NTAP
2022-04-05,83.33999633789062,83.75,81.01000213623047,81.1500015258789,73.22142791748047,1381300,NTAP
2022-04-06,81.0,81.0,79.68000030517578,79.80999755859375,72.01236724853516,2125300,NTAP
2022-04-07,79.80999755859375,80.79000091552734,78.25,78.80999755859375,71.5583724975586,2242300,NTAP
2022-04-08,78.95999908447266,79.25,77.7699966430664,78.0999984741211,70.91371154785156,1882900,NTAP
2022-04-11,77.72000122070312,77.87999725341797,76.69999694824219,77.12000274658203,70.02388763427734,1738300,NTAP
2022-04-12,76.12000274658203,78.73999786376953,76.05000305175781,76.38999938964844,69.36103820800781,2523600,NTAP
2022-04-13,76.38999938964844,77.62000274658203,76.26000213623047,77.27999877929688,70.16913604736328,1292200,NTAP
2022-04-14,77.27999877929688,77.80000305175781,75.45999908447266,75.5,68.55292510986328,937000,NTAP
2022-04-18,75.5,76.5,75.44999694824219,76.1500015258789,69.14311981201172,1229000,NTAP
2022-04-19,76.06999969482422,77.5,75.83000183105469,77.11000061035156,70.01478576660156,1834600,NTAP
2022-04-20,77.98999786376953,79.9000015258789,77.69000244140625,78.75,71.5038833618164,1826900,NTAP
2022-04-21,79.37000274658203,79.69000244140625,77.58000183105469,77.9800033569336,70.80474853515625,1275000,NTAP
2022-04-22,77.48999786376953,77.72000122070312,75.93000030517578,76.01000213623047,69.01600646972656,1180600,NTAP
2022-04-25,75.9800033569336,77.44000244140625,74.87000274658203,77.4000015258789,70.2780990600586,1790000,NTAP
2022-04-26,77.0199966430664,77.29000091552734,75.37000274658203,75.51000213623047,68.56202697753906,1204100,NTAP
2022-04-27,75.25,75.37999725341797,73.06999969482422,74.55999755859375,67.69943237304688,2205400,NTAP
2022-04-28,75.5,76.05999755859375,74.37999725341797,75.0,68.09893798828125,3966300,NTAP
2022-04-29,74.94999694824219,76.12000274658203,73.19999694824219,73.25,66.50996398925781,2635600,NTAP
2022-05-02,73.47000122070312,74.19999694824219,72.41999816894531,74.0,67.19094848632812,2475300,NTAP
2022-05-03,74.4000015258789,74.48999786376953,73.2300033569336,74.05999755859375,67.24543762207031,2355400,NTAP
2022-05-04,74.2300033569336,76.7300033569336,73.62000274658203,76.69999694824219,69.64250946044922,2003200,NTAP
2022-05-05,75.37999725341797,76.2300033569336,72.43000030517578,73.11000061035156,66.38285064697266,2008800,NTAP
2022-05-06,72.9800033569336,74.18000030517578,72.04000091552734,72.98999786376953,66.27388763427734,1674900,NTAP
2022-05-09,71.75,72.38999938964844,70.86000061035156,71.31999969482422,64.75756072998047,1624700,NTAP
2022-05-10,72.73999786376953,74.11000061035156,71.37000274658203,73.0199966430664,66.30113983154297,2276700,NTAP
2022-05-11,72.5999984741211,73.69000244140625,69.68000030517578,69.73999786376953,63.32292175292969,2091100,NTAP
2022-05-12,69.55999755859375,70.7300033569336,68.2300033569336,69.68000030517578,63.268436431884766,1951400,NTAP
2022-05-13,70.8499984741211,71.44000244140625,69.70999908447266,71.20999908447266,64.65768432617188,1993400,NTAP
2022-05-16,71.33000183105469,72.04000091552734,70.5,71.5,64.92098999023438,1225200,NTAP
2022-05-17,72.81999969482422,73.9800033569336,72.61000061035156,73.9000015258789,67.10018157958984,1269800,NTAP
2022-05-18,73.12000274658203,73.30000305175781,70.30999755859375,70.7300033569336,64.22183990478516,1318000,NTAP
2022-05-19,69.41999816894531,69.79000091552734,66.0999984741211,68.26000213623047,61.97910690307617,3338000,NTAP
2022-05-20,68.83000183105469,69.0199966430664,64.58000183105469,66.63999938964844,60.508182525634766,2464800,NTAP
2022-05-23,66.94999694824219,69.23999786376953,66.94000244140625,68.51000213623047,62.20611572265625,2069500,NTAP
2022-05-24,68.19999694824219,68.45999908447266,65.62000274658203,67.4000015258789,61.19824981689453,1653300,NTAP
2022-05-25,67.4000015258789,70.2699966430664,67.1500015258789,69.44000244140625,63.05054473876953,1395400,NTAP
2022-05-26,68.91999816894531,70.88999938964844,68.73999786376953,70.48999786376953,64.00392150878906,2088800,NTAP
2022-05-27,71.68000030517578,73.05999755859375,71.38999938964844,73.05000305175781,66.32838439941406,1904400,NTAP
2022-05-31,72.30000305175781,72.79000091552734,71.62999725341797,71.94999694824219,65.32958984375,2918700,NTAP
2022-06-01,71.5999984741211,73.69999694824219,71.2699966430664,72.51000213623047,65.83805084228516,2725500,NTAP
2022-06-02,72.19999694824219,73.66999816894531,70.11000061035156,72.9000015258789,66.1921615600586,3853500,NTAP
2022-06-03,71.66000366210938,73.08999633789062,71.0,71.11000061035156,64.56686401367188,1625900,NTAP
2022-06-06,71.95999908447266,72.41000366210938,70.7300033569336,70.87000274658203,64.34896850585938,1279900,NTAP
2022-06-07,70.62999725341797,71.55999755859375,69.9800033569336,71.45999908447266,64.8846664428711,1353500,NTAP
2022-06-08,71.29000091552734,71.41000366210938,69.94999694824219,70.08000183105469,63.631656646728516,1273800,NTAP
2022-06-09,69.94000244140625,70.1500015258789,67.73999786376953,67.7699966430664,61.53419876098633,1151800,NTAP
2022-06-10,66.98999786376953,67.62999725341797,66.16000366210938,66.80999755859375,60.66252517700195,1718800,NTAP
2022-06-13,65.2699966430664,66.38999938964844,64.33000183105469,64.47000122070312,58.53785705566406,1635500,NTAP
2022-06-14,65.30000305175781,65.33999633789062,63.709999084472656,64.31999969482422,58.40165710449219,1747600,NTAP
2022-06-15,64.76000213623047,66.38999938964844,64.43000030517578,65.43000030517578,59.40951156616211,2371900,NTAP
2022-06-16,64.20999908447266,64.20999908447266,62.90999984741211,63.290000915527344,57.46642303466797,2143000,NTAP
2022-06-17,63.45000076293945,64.7300033569336,62.779998779296875,63.7599983215332,57.89317321777344,3596800,NTAP
2022-06-21,65.04000091552734,65.83000183105469,64.48999786376953,64.5,58.56509780883789,2022700,NTAP
2022-06-22,63.939998626708984,65.5199966430664,63.779998779296875,64.69999694824219,58.746681213378906,2509600,NTAP
2022-06-23,65.0199966430664,65.38999938964844,64.08000183105469,64.8499984741211,58.882877349853516,1952100,NTAP
2022-06-24,65.69000244140625,67.7300033569336,65.26000213623047,66.80999755859375,60.66252517700195,4509300,NTAP
2022-06-27,67.19999694824219,67.9800033569336,66.68000030517578,67.2699966430664,61.08020782470703,1452800,NTAP
2022-06-28,67.47000122070312,68.08999633789062,65.41000366210938,65.63999938964844,59.60020065307617,1378900,NTAP
2022-06-29,65.87000274658203,65.87000274658203,64.9800033569336,65.36000061035156,59.345947265625,1104300,NTAP
2022-06-30,64.5,65.77999877929688,64.43000030517578,65.23999786376953,59.237003326416016,1475300,NTAP
2022-07-01,65.0999984741211,65.11000061035156,61.59000015258789,62.779998779296875,57.003353118896484,2066200,NTAP
2022-07-05,61.869998931884766,64.25,61.2599983215332,64.22000122070312,58.310848236083984,2389000,NTAP
2022-07-06,64.33999633789062,64.48999786376953,62.79999923706055,63.33000183105469,57.50274658203125,1393900,NTAP
2022-07-07,63.970001220703125,65.13999938964844,63.58000183105469,64.79000091552734,59.296566009521484,1457900,NTAP
2022-07-08,64.79000091552734,65.33000183105469,64.3499984741211,65.04000091552734,59.52535629272461,1495800,NTAP
2022-07-11,64.69000244140625,64.87999725341797,63.90999984741211,64.4000015258789,58.93962097167969,1379200,NTAP
2022-07-12,64.9800033569336,65.44000244140625,63.869998931884766,64.31999969482422,58.866416931152344,1219200,NTAP
2022-07-13,63.47999954223633,64.62000274658203,63.130001068115234,64.29000091552734,58.83895492553711,1762500,NTAP
2022-07-14,63.5,65.22000122070312,63.15999984741211,64.98999786376953,59.4796028137207,1347400,NTAP
2022-07-15,65.20999908447266,66.05999755859375,64.94999694824219,65.94999694824219,60.35820388793945,1330700,NTAP
2022-07-18,66.47000122070312,67.37000274658203,65.23999786376953,65.56999969482422,60.01041793823242,1326200,NTAP
2022-07-19,66.30999755859375,68.5,66.20999908447266,68.30999755859375,62.51809310913086,1355400,NTAP
2022-07-20,68.27999877929688,70.16999816894531,68.08999633789062,69.5999984741211,63.698734283447266,1360600,NTAP
2022-07-21,69.44999694824219,70.58000183105469,69.11000061035156,70.5199966430664,64.54071807861328,968900,NTAP
2022-07-22,69.98999786376953,70.7300033569336,68.81999969482422,69.26000213623047,63.38755798339844,1359700,NTAP
2022-07-25,69.37999725341797,69.38999938964844,68.52999877929688,69.16999816894531,63.305198669433594,1234900,NTAP
2022-07-26,69.27999877929688,70.68000030517578,68.9800033569336,69.41999816894531,63.53399658203125,1425200,NTAP
2022-07-27,69.2699966430664,71.08000183105469,69.2699966430664,70.56999969482422,64.58647918701172,1076500,NTAP
2022-07-28,70.63999938964844,71.94000244140625,70.13999938964844,71.70999908447266,65.62982940673828,1136300,NTAP
2022-07-29,71.5999984741211,71.7699966430664,70.5,71.33000183105469,65.28204345703125,1043300,NTAP
2022-08-01,71.19999694824219,72.05999755859375,70.79000091552734,71.95999908447266,65.85862731933594,1075300,NTAP
2022-08-02,71.76000213623047,71.97000122070312,70.91999816894531,71.37000274658203,65.31865692138672,628100,NTAP
2022-08-03,71.76000213623047,72.6500015258789,71.45999908447266,72.55000305175781,66.39860534667969,631100,NTAP
2022-08-04,72.55000305175781,72.56999969482422,71.75,72.11000061035156,65.99592590332031,780800,NTAP
2022-08-05,71.66000366210938,72.77999877929688,71.33000183105469,72.37000274658203,66.23387145996094,838800,NTAP
2022-08-08,72.5199966430664,73.05000305175781,71.66999816894531,72.6500015258789,66.4901351928711,899900,NTAP
2022-08-09,72.55000305175781,72.55000305175781,70.33000183105469,71.0999984741211,65.07154846191406,932100,NTAP
2022-08-10,72.51000213623047,73.75,72.19000244140625,73.30000305175781,67.08500671386719,841700,NTAP
2022-08-11,73.86000061035156,75.11000061035156,73.44000244140625,73.69999694824219,67.45108795166016,771700,NTAP
2022-08-12,73.83999633789062,75.1500015258789,73.83999633789062,74.93000030517578,68.57681274414062,853500,NTAP
2022-08-15,74.80999755859375,75.66000366210938,74.25,74.62999725341797,68.30224609375,803100,NTAP
2022-08-16,74.5199966430664,75.37999725341797,74.37999725341797,74.7699966430664,68.43037414550781,686500,NTAP
2022-08-17,74.33000183105469,74.33000183105469,72.68000030517578,73.37000274658203,67.14907836914062,1676000,NTAP
2022-08-18,73.7300033569336,75.6500015258789,73.25,75.48999786376953,69.0893325805664,931000,NTAP
2022-08-19,74.37999725341797,74.61000061035156,73.58999633789062,74.29000091552734,67.9910659790039,1046200,NTAP
2022-08-22,73.26000213623047,73.5199966430664,72.76000213623047,73.02999877929688,66.83790588378906,1024900,NTAP
2022-08-23,73.02999877929688,74.08000183105469,72.9800033569336,73.27999877929688,67.06670379638672,1142300,NTAP
2022-08-24,73.26000213623047,73.9800033569336,72.62999725341797,72.81999969482422,66.64571380615234,1607100,NTAP
2022-08-25,79.08999633789062,79.08999633789062,77.02999877929688,78.55999755859375,71.89901733398438,2953600,NTAP
2022-08-26,77.43000030517578,77.80000305175781,74.80999755859375,74.95999908447266,68.6042709350586,2291600,NTAP
2022-08-29,74.37000274658203,74.58000183105469,72.69999694824219,73.44999694824219,67.22229766845703,1463000,NTAP
2022-08-30,73.5999984741211,73.5999984741211,72.08000183105469,72.27999877929688,66.15150451660156,1034700,NTAP
2022-08-31,72.2300033569336,72.72000122070312,71.72000122070312,72.12999725341797,66.01422882080078,1368600,NTAP
2022-09-01,71.48999786376953,72.27999877929688,70.56999969482422,72.16000366210938,66.04167175292969,1259600,NTAP
2022-09-02,72.75,73.25,71.01000213623047,71.27999877929688,65.23628997802734,1045800,NTAP
2022-09-06,71.38999938964844,71.94000244140625,70.26000213623047,70.69999694824219,64.7054672241211,1193300,NTAP
2022-09-07,70.61000061035156,71.36000061035156,70.22000122070312,70.69999694824219,64.7054672241211,1117600,NTAP
2022-09-08,70.31999969482422,71.41999816894531,69.80999755859375,71.41000366210938,65.35526275634766,1121800,NTAP
2022-09-09,72.0,72.73999786376953,71.76000213623047,72.44999694824219,66.30708312988281,1370200,NTAP
2022-09-12,72.98999786376953,73.6500015258789,72.43000030517578,73.4000015258789,67.17652893066406,1888100,NTAP
2022-09-13,71.9800033569336,72.8499984741211,70.5999984741211,71.05999755859375,65.0349349975586,1563000,NTAP
2022-09-14,71.25,71.55999755859375,69.66000366210938,70.26000213623047,64.30278015136719,1563100,NTAP
2022-09-15,70.2300033569336,70.2300033569336,68.72000122070312,69.08000183105469,63.222816467285156,1288000,NTAP
2022-09-16,68.87999725341797,68.87999725341797,67.81999969482422,68.68000030517578,62.85672378540039,3334800,NTAP
2022-09-19,66.76000213623047,68.22000122070312,66.75,67.61000061035156,61.877437591552734,1578000,NTAP
2022-09-20,66.98999786376953,67.05999755859375,65.83000183105469,66.30000305175781,60.67852783203125,1118400,NTAP
2022-09-21,66.62999725341797,67.11000061035156,65.30000305175781,65.3499984741211,59.80907440185547,1408200,NTAP
2022-09-22,65.05999755859375,65.19000244140625,64.13999938964844,64.2300033569336,58.78404235839844,984800,NTAP
2022-09-23,63.61000061035156,63.68000030517578,62.41999816894531,63.470001220703125,58.088478088378906,1203500,NTAP
2022-09-26,63.189998626708984,64.12000274658203,62.400001525878906,62.61000061035156,57.301395416259766,1427100,NTAP
2022-09-27,63.22999954223633,63.630001068115234,62.119998931884766,62.529998779296875,57.22818374633789,1620600,NTAP
2022-09-28,62.630001068115234,63.84000015258789,62.380001068115234,63.70000076293945,58.298980712890625,1311200,NTAP
2022-09-29,62.689998626708984,63.0,62.02000045776367,62.939998626708984,57.603416442871094,1323700,NTAP
2022-09-30,62.900001525878906,63.56999969482422,61.75,61.849998474121094,56.605838775634766,1987200,NTAP
2022-10-03,62.630001068115234,64.31999969482422,62.29999923706055,64.13999938964844,58.70166778564453,1664100,NTAP
2022-10-04,65.41999816894531,66.70999908447266,65.30999755859375,66.55999755859375,60.916481018066406,2090500,NTAP
2022-10-05,66.06999969482422,67.5999984741211,65.91999816894531,67.19000244140625,61.493072509765625,1454600,NTAP
2022-10-06,66.44999694824219,67.13999938964844,65.94999694824219,67.0,61.77891540527344,2566200,NTAP
2022-10-07,66.0,66.27999877929688,65.22000122070312,66.08000183105469,60.93061447143555,1313600,NTAP
2022-10-10,66.3499984741211,66.56999969482422,63.619998931884766,64.04000091552734,59.04957962036133,2526200,NTAP
2022-10-11,63.88999938964844,64.0,61.779998779296875,62.060001373291016,57.223876953125,1713300,NTAP
2022-10-12,62.41999816894531,63.400001525878906,62.029998779296875,62.33000183105469,57.47282409667969,1200600,NTAP
2022-10-13,61.040000915527344,64.33999633789062,60.560001373291016,64.11000061035156,59.11411666870117,2147600,NTAP
2022-10-14,64.52999877929688,64.62999725341797,62.279998779296875,62.40999984741211,57.546592712402344,2417200,NTAP
2022-10-17,63.70000076293945,64.2699966430664,62.79999923706055,63.16999816894531,58.24736785888672,2190800,NTAP
2022-10-18,64.68000030517578,65.08000183105469,62.150001525878906,62.7400016784668,57.85087966918945,1933400,NTAP
2022-10-19,62.29999923706055,63.31999969482422,61.939998626708984,62.290000915527344,57.435943603515625,1281000,NTAP
2022-10-20,62.56999969482422,63.689998626708984,62.119998931884766,62.47999954223633,57.611141204833984,1606600,NTAP
2022-10-21,62.61000061035156,65.81999969482422,62.25,65.5999984741211,60.48800277709961,1703100,NTAP
2022-10-24,65.88999938964844,66.54000091552734,65.33999633789062,66.33999633789062,61.17033386230469,1338900,NTAP
2022-10-25,66.36000061035156,67.94000244140625,65.94000244140625,67.8499984741211,62.56267547607422,1393100,NTAP
2022-10-26,66.75,68.76000213623047,66.45999908447266,67.45999908447266,62.20306396484375,1832600,NTAP
2022-10-27,68.26000213623047,68.9800033569336,67.2300033569336,67.47000122070312,62.2122917175293,2391400,NTAP
2022-10-28,67.72000122070312,69.44999694824219,67.69000244140625,69.4000015258789,63.99188232421875,1548700,NTAP
2022-10-31,68.8499984741211,69.75,68.23999786376953,69.2699966430664,63.87201690673828,1794900,NTAP
2022-11-01,69.94000244140625,71.33999633789062,69.58000183105469,71.0199966430664,65.48564910888672,1444300,NTAP
2022-11-02,70.61000061035156,71.31999969482422,68.72000122070312,68.87000274658203,63.50318145751953,1196300,NTAP
2022-11-03,67.7300033569336,68.19000244140625,66.8499984741211,67.63999938964844,62.36903381347656,780700,NTAP
2022-11-04,69.02999877929688,71.0,67.83000183105469,68.79000091552734,63.42942428588867,1298300,NTAP
2022-11-07,68.58000183105469,69.73999786376953,68.2300033569336,69.38999938964844,63.982669830322266,1151800,NTAP
2022-11-08,69.58999633789062,70.5199966430664,69.04000091552734,69.44000244140625,64.02877044677734,1016100,NTAP
2022-11-09,68.87999725341797,69.11000061035156,67.77999877929688,68.01000213623047,62.710205078125,1412100,NTAP
2022-11-10,70.6500015258789,72.0999984741211,70.12999725341797,71.91000366210938,66.30628967285156,1528900,NTAP
2022-11-11,72.43000030517578,74.04000091552734,71.63999938964844,73.5,67.77238464355469,1406100,NTAP
2022-11-14,73.13999938964844,74.20999908447266,72.62999725341797,73.18000030517578,67.4773178100586,1155300,NTAP
2022-11-15,74.26000213623047,74.97000122070312,73.43000030517578,73.95999908447266,68.19654846191406,876500,NTAP
2022-11-16,73.63999938964844,73.63999938964844,72.29000091552734,72.33000183105469,66.69356536865234,815200,NTAP
2022-11-17,71.47000122070312,72.91999816894531,70.86000061035156,72.86000061035156,67.18225860595703,929500,NTAP
2022-11-18,73.38999938964844,74.02999877929688,72.97000122070312,73.72000122070312,67.97525024414062,1527800,NTAP
2022-11-21,73.38999938964844,73.5,72.30999755859375,72.5199966430664,66.8687515258789,1116000,NTAP
2022-11-22,72.7699966430664,74.01000213623047,72.37999725341797,73.87999725341797,68.12276458740234,1033000,NTAP
2022-11-23,73.87000274658203,75.13999938964844,73.75,74.66000366210938,68.84200286865234,932000,NTAP
2022-11-25,74.62000274658203,75.19000244140625,74.25,74.66000366210938,68.84200286865234,486200,NTAP
2022-11-28,74.27999877929688,74.31999969482422,72.25,72.56999969482422,66.91486358642578,1669000,NTAP
2022-11-29,73.0199966430664,73.33000183105469,71.69000244140625,71.79000091552734,66.1956558227539,1889900,NTAP
2022-11-30,64.86000061035156,68.13999938964844,64.5,67.61000061035156,62.34136199951172,7561500,NTAP
2022-12-01,67.3499984741211,68.5,65.91999816894531,68.06999969482422,62.765541076660156,3102100,NTAP
2022-12-02,66.4800033569336,67.33999633789062,65.98999786376953,66.43000030517578,61.253326416015625,1707200,NTAP
2022-12-05,65.29000091552734,66.26000213623047,64.20999908447266,64.66000366210938,59.62126541137695,1774900,NTAP
2022-12-06,64.41999816894531,64.44999694824219,62.7400016784668,63.08000183105469,58.16439437866211,2081200,NTAP
2022-12-07,62.68000030517578,63.310001373291016,62.310001373291016,62.97999954223633,58.07217025756836,2254800,NTAP
2022-12-08,63.689998626708984,64.1500015258789,63.13999938964844,63.91999816894531,58.93892288208008,1716300,NTAP
2022-12-09,63.90999984741211,65.56999969482422,63.77000045776367,64.29000091552734,59.280086517333984,3408900,NTAP
2022-12-12,64.19999694824219,65.31999969482422,64.16000366210938,65.29000091552734,60.20216369628906,1531700,NTAP
2022-12-13,65.86000061035156,66.98999786376953,64.38999938964844,64.91000366210938,59.851783752441406,2333500,NTAP
2022-12-14,64.48999786376953,65.52999877929688,63.790000915527344,64.38999938964844,59.37229537963867,1440600,NTAP
2022-12-15,63.58000183105469,63.59000015258789,61.0099983215332,61.380001068115234,56.596858978271484,3177300,NTAP
2022-12-16,60.86000061035156,61.529998779296875,59.70000076293945,60.31999969482422,55.61946487426758,3720200,NTAP
2022-12-19,60.5,60.72999954223633,58.77000045776367,59.189998626708984,54.5775146484375,1755100,NTAP
2022-12-20,58.34000015258789,59.7400016784668,58.15999984741211,59.470001220703125,54.83570098876953,1944600,NTAP
2022-12-21,60.040000915527344,60.470001220703125,59.41999816894531,60.04999923706055,55.37049865722656,1865800,NTAP
2022-12-22,59.40999984741211,59.41999816894531,58.41999816894531,58.970001220703125,54.374671936035156,1762600,NTAP
2022-12-23,59.040000915527344,59.119998931884766,58.33000183105469,59.040000915527344,54.43920135498047,808300,NTAP
2022-12-27,59.290000915527344,59.70000076293945,58.630001068115234,59.04999923706055,54.448421478271484,689600,NTAP
2022-12-28,58.689998626708984,59.15999984741211,58.08000183105469,58.18000030517578,53.646217346191406,1046400,NTAP
2022-12-29,58.66999816894531,60.369998931884766,58.529998779296875,60.09000015258789,55.40739059448242,1075500,NTAP
2022-12-30,59.7599983215332,60.08000183105469,59.099998474121094,60.060001373291016,55.379722595214844,1382200,NTAP
2023-01-03,60.400001525878906,60.88999938964844,59.95000076293945,60.790000915527344,56.052825927734375,1482400,NTAP
2023-01-04,61.7400016784668,62.779998779296875,61.560001373291016,61.93000030517578,57.10399627685547,2013900,NTAP
2023-01-05,61.459999084472656,61.709999084472656,60.66999816894531,61.33000183105469,57.01103973388672,1221500,NTAP
2023-01-06,62.029998779296875,64.06999969482422,61.5099983215332,63.650001525878906,59.16765594482422,1462600,NTAP
2023-01-09,63.869998931884766,65.12000274658203,63.7599983215332,63.79999923706055,59.307098388671875,2574700,NTAP
2023-01-10,62.83000183105469,64.5,62.810001373291016,64.20999908447266,59.6882209777832,1834000,NTAP
2023-01-11,64.5,64.72000122070312,63.70000076293945,64.44999694824219,59.911319732666016,1425100,NTAP
2023-01-12,64.30000305175781,64.58999633789062,63.63999938964844,64.05000305175781,59.53950119018555,1671200,NTAP
2023-01-13,63.70000076293945,64.94000244140625,63.599998474121094,64.66000366210938,60.106544494628906,1497600,NTAP
2023-01-17,64.80999755859375,65.4800033569336,64.45999908447266,64.7699966430664,60.20878219604492,2329100,NTAP
2023-01-18,65.30999755859375,65.80999755859375,64.76000213623047,64.95999908447266,60.385414123535156,1663500,NTAP
2023-01-19,64.79000091552734,64.9800033569336,63.790000915527344,64.51000213623047,59.967105865478516,1549700,NTAP
2023-01-20,64.5199966430664,65.54000091552734,63.9900016784668,65.47000122070312,60.8594970703125,1077300,NTAP
2023-01-23,65.95999908447266,67.52999877929688,65.72000122070312,67.01000213623047,62.29106521606445,1318100,NTAP
2023-01-24,66.95999908447266,67.48999786376953,66.52999877929688,66.86000061035156,62.151611328125,1047700,NTAP
2023-01-25,66.3499984741211,66.6500015258789,65.62999725341797,66.37000274658203,61.696109771728516,1213300,NTAP
2023-01-26,67.0,67.29000091552734,65.6500015258789,65.79000091552734,61.15696334838867,2337700,NTAP
2023-01-27,65.80000305175781,66.4800033569336,65.43000030517578,65.54000091552734,60.924556732177734,1724200,NTAP
2023-01-30,65.18000030517578,66.26000213623047,65.05999755859375,65.51000213623047,60.89668655395508,1699500,NTAP
2023-01-31,65.56999969482422,66.26000213623047,64.2300033569336,66.2300033569336,61.565975189208984,4312900,NTAP
2023-02-01,66.02999877929688,67.4800033569336,65.31999969482422,67.11000061035156,62.38400650024414,1952600,NTAP
2023-02-02,67.68000030517578,69.75,67.5,69.05000305175781,64.18739318847656,2243000,NTAP
2023-02-03,68.30999755859375,68.86000061035156,67.31999969482422,67.62000274658203,62.858097076416016,1349100,NTAP
2023-02-06,66.83999633789062,67.08999633789062,65.88999938964844,66.08000183105469,61.426544189453125,1319300,NTAP
2023-02-07,65.91999816894531,67.5199966430664,65.63999938964844,67.41999816894531,62.67216491699219,1865200,NTAP
2023-02-08,67.01000213623047,67.16000366210938,66.05999755859375,66.41000366210938,61.733299255371094,1170400,NTAP
2023-02-09,66.76000213623047,67.26000213623047,65.63999938964844,65.98999786376953,61.34288024902344,1826100,NTAP
2023-02-10,65.7699966430664,66.79000091552734,65.61000061035156,66.33999633789062,61.66822052001953,1641000,NTAP
2023-02-13,66.05000305175781,67.7300033569336,65.91999816894531,67.72000122070312,62.9510498046875,1411900,NTAP
2023-02-14,67.22000122070312,68.23999786376953,66.55000305175781,67.72000122070312,62.9510498046875,1580000,NTAP
2023-02-15,67.19000244140625,68.7300033569336,67.13999938964844,68.70999908447266,63.8713264465332,1461400,NTAP
2023-02-16,68.38999938964844,68.68000030517578,67.77999877929688,67.94999694824219,63.16484069824219,1318600,NTAP
2023-02-17,67.55000305175781,67.69000244140625,66.62999725341797,67.41000366210938,62.662879943847656,1243100,NTAP
2023-02-21,66.68000030517578,66.94999694824219,65.5199966430664,65.94999694824219,61.305686950683594,1736900,NTAP
2023-02-22,65.86000061035156,66.58000183105469,65.1500015258789,65.83000183105469,61.19414520263672,2536900,NTAP
2023-02-23,64.52999877929688,66.37000274658203,63.310001373291016,66.22000122070312,61.556678771972656,4423200,NTAP
2023-02-24,65.36000061035156,66.44999694824219,64.5,65.37999725341797,60.77582550048828,2131200,NTAP
2023-02-27,65.83999633789062,65.97000122070312,64.5999984741211,64.7699966430664,60.20878219604492,2107200,NTAP
2023-02-28,64.79000091552734,65.33999633789062,64.3499984741211,64.55000305175781,60.0042839050293,2111000,NTAP
2023-03-01,64.41999816894531,65.05000305175781,64.19999694824219,64.5999984741211,60.05076217651367,1466300,NTAP
2023-03-02,64.19000244140625,65.30999755859375,63.47999954223633,65.13999938964844,60.552734375,1247600,NTAP
2023-03-03,65.30000305175781,66.06999969482422,65.0999984741211,65.77999877929688,61.147666931152344,1192300,NTAP
2023-03-06,66.25,66.38999938964844,65.19999694824219,65.36000061035156,60.757232666015625,1314400,NTAP
2023-03-07,65.19000244140625,65.30000305175781,63.7400016784668,63.91999816894531,59.41864776611328,1374100,NTAP
2023-03-08,64.0199966430664,65.0199966430664,63.650001525878906,64.86000061035156,60.29245376586914,1310200,NTAP
2023-03-09,64.79000091552734,65.25,63.31999969482422,63.400001525878906,58.935272216796875,1435300,NTAP
2023-03-10,63.0,63.15999984741211,61.880001068115234,62.220001220703125,57.83837127685547,1775600,NTAP
2023-03-13,62.0099983215332,62.400001525878906,61.209999084472656,61.349998474121094,57.02962875366211,2023200,NTAP
2023-03-14,62.09000015258789,62.75,60.81999969482422,61.119998931884766,56.815834045410156,2842000,NTAP
2023-03-15,60.060001373291016,61.08000183105469,59.72999954223633,61.04999923706055,56.750762939453125,2414900,NTAP
2023-03-16,60.54999923706055,62.130001068115234,60.40999984741211,61.97999954223633,57.615272521972656,2036000,NTAP
2023-03-17,62.189998626708984,62.470001220703125,61.40999984741211,61.470001220703125,57.141178131103516,7681400,NTAP
2023-03-20,61.529998779296875,63.220001220703125,61.41999816894531,62.970001220703125,58.535552978515625,2150300,NTAP
2023-03-21,63.34000015258789,64.19999694824219,63.310001373291016,64.19000244140625,59.66963195800781,1870100,NTAP
2023-03-22,63.849998474121094,64.16000366210938,61.529998779296875,61.54999923706055,57.215545654296875,2247400,NTAP
2023-03-23,61.86000061035156,63.04999923706055,60.939998626708984,61.529998779296875,57.196956634521484,2101700,NTAP
2023-03-24,61.38999938964844,61.470001220703125,59.810001373291016,61.060001373291016,56.76005172729492,1930900,NTAP
2023-03-27,61.36000061035156,62.09000015258789,61.279998779296875,61.65999984741211,57.31780242919922,1433000,NTAP
2023-03-28,61.29999923706055,61.619998931884766,60.279998779296875,60.779998779296875,56.49977493286133,1368700,NTAP
2023-03-29,61.689998626708984,62.25,61.400001525878906,62.04999923706055,57.68033981323242,1256100,NTAP
2023-03-30,62.45000076293945,62.72999954223633,61.86000061035156,62.56999969482422,58.16371154785156,1158800,NTAP
2023-03-31,62.630001068115234,63.90999984741211,62.630001068115234,63.849998474121094,59.353580474853516,1313700,NTAP
2023-04-03,63.790000915527344,64.44000244140625,63.4900016784668,64.19000244140625,59.66963195800781,1959300,NTAP
2023-04-04,64.2699966430664,64.37000274658203,62.7599983215332,63.189998626708984,58.74006271362305,2217200,NTAP
2023-04-05,62.41999816894531,63.0099983215332,62.060001373291016,62.810001373291016,58.85249710083008,1764800,NTAP
2023-04-06,62.47999954223633,63.459999084472656,62.34000015258789,63.0,59.030517578125,2875800,NTAP
2023-04-10,64.31999969482422,65.75,63.88999938964844,65.05000305175781,60.95136260986328,2418500,NTAP
2023-04-11,65.38999938964844,66.80000305175781,65.31999969482422,66.5999984741211,62.40370178222656,2061600,NTAP
2023-04-12,67.16000366210938,67.19000244140625,66.08000183105469,66.4000015258789,62.216304779052734,2305800,NTAP
2023-04-13,66.5,66.97000122070312,66.05000305175781,66.80999755859375,62.600460052490234,1394400,NTAP
2023-04-14,66.95999908447266,67.36000061035156,65.93000030517578,66.3499984741211,62.16945266723633,1485800,NTAP
2023-04-17,66.5,67.7300033569336,66.23999786376953,67.68000030517578,63.41565704345703,1954100,NTAP
2023-04-18,67.83999633789062,68.25,67.3499984741211,67.95999908447266,63.678009033203125,1825300,NTAP
2023-04-19,67.06999969482422,67.06999969482422,65.72000122070312,66.1500015258789,61.982059478759766,2558000,NTAP
2023-04-20,63.83000183105469,64.83000183105469,62.91999816894531,63.36000061035156,59.36783981323242,4862200,NTAP
2023-04-21,63.36000061035156,63.52000045776367,62.810001373291016,63.209999084472656,59.227294921875,10264200,NTAP
2023-04-24,62.77000045776367,63.45000076293945,62.75,63.29999923706055,59.31163024902344,1327400,NTAP
2023-04-25,62.77000045776367,62.959999084472656,61.400001525878906,61.439998626708984,57.56881332397461,1818600,NTAP
2023-04-26,61.040000915527344,62.470001220703125,60.91999816894531,62.369998931884766,58.440216064453125,1718400,NTAP
2023-04-27,62.52000045776367,63.47999954223633,62.040000915527344,63.439998626708984,59.44280242919922,1624800,NTAP
2023-04-28,63.54999923706055,63.720001220703125,62.36000061035156,62.88999938964844,58.92745590209961,1967900,NTAP
2023-05-01,62.849998474121094,63.81999969482422,62.849998474121094,63.689998626708984,59.67704391479492,1655300,NTAP
2023-05-02,63.7400016784668,63.81999969482422,61.88999938964844,62.22999954223633,58.30903244018555,1763400,NTAP
2023-05-03,62.61000061035156,63.4900016784668,62.06999969482422,62.439998626708984,58.50580978393555,2166300,NTAP
2023-05-04,62.2400016784668,62.630001068115234,61.540000915527344,62.5099983215332,58.5713996887207,1508200,NTAP
2023-05-05,63.36000061035156,64.05999755859375,63.189998626708984,63.849998474121094,59.82696533203125,1152200,NTAP
2023-05-08,63.869998931884766,64.12999725341797,63.61000061035156,64.0,59.96751022338867,898200,NTAP
2023-05-09,63.4900016784668,64.19000244140625,63.220001220703125,63.75,59.73326873779297,1826200,NTAP
2023-05-10,64.29000091552734,64.43000030517578,62.290000915527344,63.27000045776367,59.28350830078125,1417200,NTAP
2023-05-11,62.84000015258789,63.34000015258789,62.41999816894531,63.04999923706055,59.07737350463867,1018600,NTAP
2023-05-12,63.38999938964844,63.619998931884766,62.54999923706055,63.13999938964844,59.16170120239258,677200,NTAP
2023-05-15,63.4900016784668,64.79000091552734,63.33000183105469,64.75,60.67025375366211,1275300,NTAP
2023-05-16,64.41999816894531,64.83999633789062,63.95000076293945,64.05000305175781,60.01436996459961,1674000,NTAP
2023-05-17,64.41999816894531,65.66000366210938,63.95000076293945,65.41000366210938,61.2886848449707,1274600,NTAP
2023-05-18,65.02999877929688,66.73999786376953,65.02999877929688,66.54000091552734,62.347476959228516,1406800,NTAP
2023-05-19,66.58000183105469,66.87999725341797,65.6500015258789,65.81999969482422,61.6728401184082,1743800,NTAP
2023-05-22,66.0199966430664,67.37000274658203,65.93000030517578,67.12999725341797,62.900299072265625,1368300,NTAP
2023-05-23,66.83000183105469,67.58000183105469,66.43000030517578,66.45999908447266,62.27252197265625,1222700,NTAP
2023-05-24,66.12000274658203,66.38999938964844,65.70999908447266,66.25,62.075740814208984,1260200,NTAP
2023-05-25,66.66000366210938,68.81999969482422,66.5999984741211,68.73999786376953,64.40885925292969,2109500,NTAP
2023-05-26,68.9000015258789,70.23999786376953,68.7699966430664,69.83000183105469,65.43017578125,1807100,NTAP
2023-05-30,70.33999633789062,70.62000274658203,69.06999969482422,69.0999984741211,64.74617767333984,2825900,NTAP
2023-05-31,67.5999984741211,68.19999694824219,66.01000213623047,66.3499984741211,62.16945266723633,7420100,NTAP
2023-06-01,70.30000305175781,72.77999877929688,70.01000213623047,71.95999908447266,67.42597198486328,6233100,NTAP
2023-06-02,72.08000183105469,72.16000366210938,70.08000183105469,70.9800033569336,66.50772094726562,3129700,NTAP
2023-06-05,71.0999984741211,71.0999984741211,69.7699966430664,70.27999877929688,65.8518295288086,1980900,NTAP
2023-06-06,69.91999816894531,70.4800033569336,69.44000244140625,70.05999755859375,65.64568328857422,2046200,NTAP
2023-06-07,70.33000183105469,71.51000213623047,70.22000122070312,70.97000122070312,66.49835968017578,1832900,NTAP
2023-06-08,70.7699966430664,70.95999908447266,69.58999633789062,70.33000183105469,65.89866638183594,1639300,NTAP
2023-06-09,70.86000061035156,71.22000122070312,69.51000213623047,69.70999908447266,65.31774139404297,2132400,NTAP
2023-06-12,69.70999908447266,71.44999694824219,69.70999908447266,71.41999816894531,66.92000579833984,1987500,NTAP
2023-06-13,71.52999877929688,73.52999877929688,71.52999877929688,73.26000213623047,68.64407348632812,2835900,NTAP
2023-06-14,73.11000061035156,73.94000244140625,72.87999725341797,73.30000305175781,68.68152618408203,2117900,NTAP
2023-06-15,72.86000061035156,74.08999633789062,72.86000061035156,73.76000213623047,69.11257934570312,1971600,NTAP
2023-06-16,74.25,74.58999633789062,73.87000274658203,74.37000274658203,69.68412780761719,3141500,NTAP
2023-06-20,73.7699966430664,73.88999938964844,72.70999908447266,72.83000183105469,68.24117279052734,2124500,NTAP
2023-06-21,72.45999908447266,73.37000274658203,72.18000030517578,72.6500015258789,68.07249450683594,2246300,NTAP
2023-06-22,72.55000305175781,73.44000244140625,72.0,73.37000274658203,68.74714660644531,1595700,NTAP
2023-06-23,72.48999786376953,73.6500015258789,72.30000305175781,73.20999908447266,68.59720611572266,5203300,NTAP
2023-06-26,73.58000183105469,74.31999969482422,73.5199966430664,73.75,69.10318756103516,2048100,NTAP
2023-06-27,74.37999725341797,75.29000091552734,73.5,74.9800033569336,70.25569915771484,1969900,NTAP
2023-06-28,74.86000061035156,75.54000091552734,74.58999633789062,75.2300033569336,70.48992919921875,1589100,NTAP
2023-06-29,75.41999816894531,76.25,75.30999755859375,76.1500015258789,71.35198211669922,1831600,NTAP
2023-06-30,76.5999984741211,76.87999725341797,76.19999694824219,76.4000015258789,71.58623504638672,2175400,NTAP
2023-07-03,76.3499984741211,76.80999755859375,75.97000122070312,76.44999694824219,71.63307189941406,1155400,NTAP
2023-07-05,75.7699966430664,76.66000366210938,75.5,76.29000091552734,71.483154296875,1990100,NTAP
2023-07-06,74.83000183105469,75.88999938964844,74.83000183105469,75.7300033569336,71.42655944824219,1577400,NTAP
2023-07-07,75.73999786376953,77.16000366210938,75.72000122070312,76.25,71.9170150756836,1608100,NTAP
2023-07-10,75.83000183105469,77.86000061035156,75.83000183105469,77.80000305175781,73.3789291381836,1974800,NTAP
2023-07-11,78.3499984741211,79.29000091552734,78.1500015258789,78.76000213623047,74.28438568115234,2195400,NTAP
2023-07-12,79.44999694824219,79.44999694824219,77.23999786376953,77.3499984741211,72.9544906616211,2004900,NTAP
2023-07-13,77.44000244140625,79.02999877929688,77.44000244140625,78.7300033569336,74.25609588623047,1605500,NTAP
2023-07-14,78.16999816894531,78.58999633789062,77.27999877929688,77.87000274658203,73.44496154785156,1472500,NTAP
2023-07-17,77.22000122070312,78.43000030517578,77.11000061035156,78.0199966430664,73.58643341064453,1618900,NTAP
2023-07-18,77.66000366210938,78.94000244140625,77.2699966430664,78.91999816894531,74.4352798461914,1699000,NTAP
2023-07-19,79.0,79.61000061035156,78.87999725341797,79.30999755859375,74.80313110351562,1823200,NTAP
2023-07-20,79.0,80.13999938964844,78.33999633789062,80.06999969482422,75.51994323730469,3314100,NTAP
2023-07-21,80.05999755859375,80.52999877929688,79.45999908447266,79.51000213623047,74.99176788330078,9751100,NTAP
2023-07-24,79.80000305175781,80.36000061035156,78.2300033569336,78.44999694824219,73.99199676513672,2805400,NTAP
2023-07-25,78.44999694824219,79.37999725341797,78.44999694824219,79.05999755859375,74.56732940673828,1861500,NTAP
2023-07-26,79.47000122070312,79.87999725341797,77.27999877929688,78.4000015258789,73.94483947753906,2339900,NTAP
2023-07-27,78.9000015258789,79.5,78.12000274658203,78.2300033569336,73.78450775146484,1671700,NTAP
2023-07-28,78.81999969482422,78.81999969482422,76.83000183105469,77.23999786376953,72.85074615478516,2287400,NTAP
2023-07-31,77.51000213623047,78.30000305175781,77.48999786376953,78.01000213623047,73.5770034790039,3511500,NTAP
2023-08-01,77.5,79.08999633789062,77.41000366210938,78.87000274658203,74.38812255859375,1625300,NTAP
2023-08-02,78.12999725341797,80.0199966430664,78.0199966430664,78.45999908447266,74.00143432617188,2325900,NTAP
2023-08-03,77.97000122070312,79.70999908447266,77.70999908447266,79.31999969482422,74.81256866455078,1889500,NTAP
2023-08-04,79.41000366210938,79.45999908447266,77.66000366210938,77.77999877929688,73.36006927490234,1982800,NTAP
2023-08-07,78.45999908447266,78.55999755859375,77.83000183105469,78.29000091552734,73.84110260009766,1403100,NTAP
2023-08-08,77.7699966430664,78.12000274658203,77.2699966430664,77.88999938964844,73.46382904052734,1780500,NTAP
2023-08-09,77.70999908447266,77.81999969482422,76.80000305175781,76.91000366210938,72.53949737548828,2091600,NTAP
2023-08-10,77.23999786376953,77.7699966430664,76.58999633789062,76.83999633789062,72.47348022460938,2166100,NTAP
2023-08-11,76.56999969482422,77.37000274658203,76.5,76.76000213623047,72.39803314208984,1265500,NTAP
2023-08-14,76.58999633789062,76.91000366210938,76.05000305175781,76.44999694824219,72.10564422607422,1408000,NTAP
2023-08-15,76.7300033569336,77.16999816894531,76.12000274658203,76.29000091552734,71.9547348022461,1997500,NTAP
2023-08-16,76.0,76.56999969482422,75.27999877929688,75.41000366210938,71.12476348876953,1718200,NTAP
2023-08-17,75.94999694824219,75.94999694824219,74.97000122070312,75.02999877929688,70.7663345336914,2547300,NTAP
2023-08-18,74.45999908447266,75.9800033569336,74.37999725341797,75.30999755859375,71.03042602539062,2160600,NTAP
2023-08-21,75.58999633789062,76.62999725341797,75.52999877929688,76.45999908447266,72.11508178710938,2381100,NTAP
2023-08-22,76.48999786376953,77.11000061035156,76.02999877929688,76.51000213623047,72.1622543334961,2401400,NTAP
2023-08-23,76.80000305175781,77.22000122070312,75.93000030517578,76.52999877929688,72.18112182617188,3389700,NTAP
2023-08-24,75.27999877929688,77.33999633789062,74.54000091552734,75.52999877929688,71.2379379272461,3427200,NTAP
2023-08-25,76.0,76.56999969482422,74.13999938964844,74.72000122070312,70.47395324707031,2059800,NTAP
2023-08-28,75.25,76.13999938964844,75.08999633789062,76.01000213623047,71.69066619873047,1376500,NTAP
2023-08-29,75.9000015258789,76.81999969482422,75.66999816894531,76.41999816894531,72.07734680175781,1354300,NTAP
2023-08-30,76.27999877929688,76.55000305175781,75.51000213623047,76.43000030517578,72.0867919921875,1784500,NTAP
2023-08-31,76.80999755859375,76.9000015258789,76.19000244140625,76.69999694824219,72.34144592285156,3068800,NTAP
2023-09-01,77.45999908447266,77.97000122070312,77.13999938964844,77.5999984741211,73.19029235839844,2306300,NTAP
2023-09-05,78.73999786376953,79.94000244140625,78.55999755859375,79.48999786376953,74.97289276123047,2467500,NTAP
2023-09-06,79.26000213623047,79.95999908447266,78.87000274658203,79.91999816894531,75.37847137451172,1718400,NTAP
2023-09-07,79.19000244140625,79.19000244140625,78.12999725341797,78.86000061035156,74.37870025634766,2023400,NTAP
2023-09-08,79.12000274658203,79.55999755859375,78.80999755859375,79.08999633789062,74.59562683105469,1263900,NTAP
2023-09-11,79.58000183105469,79.7300033569336,77.83000183105469,78.52999877929688,74.06743621826172,1351500,NTAP
2023-09-12,78.11000061035156,79.0199966430664,77.91999816894531,78.31999969482422,73.869384765625,1285900,NTAP
2023-09-13,78.19999694824219,78.48999786376953,77.62999725341797,77.97000122070312,73.53926086425781,1564500,NTAP
2023-09-14,78.25,78.66000366210938,77.88999938964844,78.55000305175781,74.0863037109375,1487900,NTAP
2023-09-15,78.19000244140625,78.58000183105469,77.41999816894531,77.72000122070312,73.30348205566406,3999300,NTAP
2023-09-18,76.12999725341797,76.55000305175781,75.45999908447266,76.16999816894531,71.84156036376953,1937100,NTAP
2023-09-19,76.08000183105469,76.70999908447266,75.77999877929688,76.04000091552734,71.71894073486328,1483800,NTAP
2023-09-20,76.4800033569336,77.06999969482422,75.97000122070312,76.08000183105469,71.75666809082031,1923500,NTAP
2023-09-21,75.45999908447266,76.47000122070312,75.4000015258789,75.9000015258789,71.58689880371094,1499900,NTAP
2023-09-22,76.06999969482422,76.66999816894531,75.87000274658203,76.0199966430664,71.70008850097656,1145100,NTAP
2023-09-25,75.44000244140625,76.45999908447266,75.23999786376953,75.51000213623047,71.21907043457031,1443100,NTAP
2023-09-26,75.18000030517578,75.69999694824219,74.79000091552734,74.8499984741211,70.5965805053711,1618600,NTAP
2023-09-27,75.38999938964844,75.80000305175781,74.43000030517578,74.94999694824219,70.6908950805664,1174700,NTAP
2023-09-28,75.20999908447266,76.72000122070312,75.12000274658203,76.25,71.9170150756836,1887700,NTAP
2023-09-29,76.6500015258789,76.83999633789062,75.61000061035156,75.87999725341797,71.56803131103516,1545100,NTAP
2023-10-02,75.93000030517578,76.19000244140625,75.43000030517578,75.80000305175781,71.49259185791016,1284600,NTAP
2023-10-03,75.58000183105469,76.22000122070312,74.51000213623047,74.86000061035156,70.60600280761719,1035100,NTAP
2023-10-04,74.8499984741211,75.58000183105469,74.41000366210938,75.33000183105469,71.04930114746094,1163100,NTAP
2023-10-05,74.83000183105469,75.87000274658203,74.72000122070312,75.5199966430664,71.70442962646484,1121200,NTAP
2023-10-06,75.33999633789062,75.91999816894531,75.08999633789062,75.47000122070312,71.65696716308594,1636700,NTAP
2023-10-09,75.2300033569336,76.36000061035156,75.0199966430664,76.02999877929688,72.18867492675781,1517000,NTAP
2023-10-10,76.19999694824219,76.5999984741211,75.86000061035156,76.0,72.16018676757812,1380400,NTAP
2023-10-11,75.94999694824219,77.11000061035156,75.91000366210938,77.05000305175781,73.15713500976562,1568100,NTAP
2023-10-12,77.37000274658203,77.51000213623047,75.61000061035156,75.93000030517578,72.09371185302734,1460000,NTAP
2023-10-13,76.25,76.7300033569336,74.16000366210938,74.95999908447266,71.17271423339844,1694000,NTAP
2023-10-16,75.27999877929688,76.12999725341797,74.95999908447266,75.94999694824219,72.11270141601562,1585900,NTAP
2023-10-17,75.5,76.98999786376953,75.48999786376953,76.91999816894531,73.03370666503906,1959600,NTAP
2023-10-18,76.61000061035156,76.68000030517578,75.68000030517578,75.7699966430664,71.94180297851562,1657300,NTAP
2023-10-19,75.87000274658203,76.18000030517578,74.8499984741211,75.04000091552734,71.24869537353516,1304400,NTAP
2023-10-20,75.04000091552734,75.19000244140625,73.58000183105469,74.29000091552734,70.53656005859375,4934300,NTAP
2023-10-23,73.44999694824219,74.12999725341797,71.9800033569336,73.2699966430664,69.56809997558594,1617000,NTAP
2023-10-24,73.30999755859375,74.81999969482422,73.30000305175781,73.83999633789062,70.10931396484375,1696500,NTAP
2023-10-25,73.19000244140625,73.91000366210938,72.25,72.4800033569336,68.81803131103516,1340100,NTAP
2023-10-26,72.56999969482422,72.94000244140625,71.30000305175781,71.43000030517578,67.82107543945312,1243100,NTAP
2023-10-27,71.51000213623047,72.62000274658203,71.25,71.80999755859375,68.18187713623047,1087200,NTAP
2023-10-30,72.13999938964844,72.44000244140625,70.81999969482422,71.18000030517578,67.58370971679688,1274100,NTAP
2023-10-31,71.27999877929688,72.98999786376953,71.18000030517578,72.77999877929688,69.10287475585938,1474500,NTAP
2023-11-01,72.77999877929688,73.36000061035156,72.37999725341797,73.3499984741211,69.64407348632812,1005100,NTAP
2023-11-02,73.70999908447266,75.12999725341797,73.62999725341797,74.7300033569336,70.95436096191406,2153900,NTAP
2023-11-03,75.12000274658203,76.44000244140625,74.9800033569336,75.9000015258789,72.06523895263672,1043600,NTAP
2023-11-06,75.91000366210938,75.97000122070312,75.36000061035156,75.81999969482422,71.98926544189453,1158700,NTAP
2023-11-07,75.81999969482422,76.33999633789062,75.5,75.5999984741211,71.78038787841797,865200,NTAP
2023-11-08,75.80000305175781,75.80999755859375,74.83000183105469,75.7699966430664,71.94180297851562,1563100,NTAP
2023-11-09,76.05000305175781,76.47000122070312,75.31999969482422,75.81999969482422,71.98926544189453,906300,NTAP
2023-11-10,76.05000305175781,77.25,75.73999786376953,77.13999938964844,73.2425765991211,996100,NTAP
2023-11-13,77.06999969482422,77.06999969482422,76.44000244140625,76.73999786376953,72.86280059814453,737100,NTAP
2023-11-14,77.73999786376953,78.87000274658203,77.3499984741211,78.69999694824219,74.72377014160156,1383500,NTAP
2023-11-15,78.70999908447266,79.62999725341797,78.55000305175781,78.91999816894531,74.93264770507812,1652200,NTAP
2023-11-16,78.12999725341797,78.12999725341797,76.41000366210938,76.79000091552734,72.91027069091797,1803400,NTAP
2023-11-17,77.19999694824219,77.9800033569336,76.88999938964844,77.5199966430664,73.6033935546875,1227900,NTAP
2023-11-20,77.30999755859375,78.33000183105469,77.08000183105469,77.94000244140625,74.00216674804688,1069100,NTAP
2023-11-21,77.61000061035156,77.87999725341797,77.30000305175781,77.43000030517578,73.51792907714844,1251800,NTAP
2023-11-22,77.6500015258789,78.62999725341797,77.45999908447266,77.98999786376953,74.04963684082031,814800,NTAP
2023-11-24,77.98999786376953,78.36000061035156,77.7300033569336,78.33999633789062,74.38195037841797,466000,NTAP
2023-11-27,78.08999633789062,78.62000274658203,77.75,78.08999633789062,74.14457702636719,1451100,NTAP
2023-11-28,77.87000274658203,78.69000244140625,77.55999755859375,78.11000061035156,74.16357421875,2572300,NTAP
2023-11-29,86.88999938964844,91.3499984741211,86.25,89.54000091552734,85.01608276367188,8403200,NTAP
2023-11-30,89.2699966430664,91.5999984741211,88.62999725341797,91.38999938964844,86.77263641357422,6731400,NTAP
2023-12-01,89.41000366210938,91.77999877929688,89.31999969482422,91.27999877929688,86.66817474365234,2733500,NTAP
2023-12-04,90.86000061035156,90.95999908447266,89.43000030517578,90.30999755859375,85.74717712402344,2450700,NTAP
2023-12-05,90.30999755859375,90.8499984741211,90.01000213623047,90.58000183105469,86.0035400390625,1906700,NTAP
2023-12-06,91.0,91.38999938964844,89.2300033569336,89.4000015258789,84.88316345214844,2282500,NTAP
2023-12-07,89.70999908447266,90.48999786376953,88.9000015258789,89.08000183105469,84.57933044433594,2161200,NTAP
2023-12-08,89.08000183105469,90.22000122070312,88.93000030517578,89.38999938964844,84.87366485595703,1634100,NTAP
2023-12-11,89.5,90.5999984741211,89.22000122070312,89.75,85.2154769897461,2211600,NTAP
2023-12-12,90.0,90.13999938964844,88.0,88.19999694824219,83.74378204345703,2131700,NTAP
2023-12-13,88.25,89.69000244140625,87.7699966430664,89.54000091552734,85.01608276367188,3973700,NTAP
2023-12-14,89.79000091552734,90.19999694824219,88.51000213623047,89.20999908447266,84.7027587890625,3155400,NTAP
2023-12-15,88.95999908447266,89.1500015258789,87.97000122070312,88.91999816894531,84.42740631103516,5992500,NTAP
2023-12-18,88.79000091552734,89.98999786376953,88.62999725341797,89.69999694824219,85.16799926757812,2173000,NTAP
2023-12-19,89.98999786376953,90.66000366210938,89.58000183105469,90.62999725341797,86.05101776123047,1866000,NTAP
2023-12-20,90.26000213623047,90.69000244140625,88.9000015258789,88.93000030517578,84.43690490722656,1417000,NTAP
2023-12-21,89.5199966430664,89.62999725341797,88.66999816894531,89.55000305175781,85.02558135986328,1114200,NTAP
2023-12-22,89.93000030517578,89.98999786376953,89.01000213623047,89.4000015258789,84.88316345214844,828400,NTAP
2023-12-26,89.36000061035156,89.66000366210938,89.18000030517578,89.37999725341797,84.86418151855469,525400,NTAP
2023-12-27,89.36000061035156,89.66999816894531,88.41999816894531,88.5999984741211,84.12357330322266,726800,NTAP
2023-12-28,88.58000183105469,88.76000213623047,88.02999877929688,88.20999908447266,83.7532958984375,962700,NTAP
2023-12-29,88.05000305175781,88.54000091552734,87.52999877929688,88.16000366210938,83.705810546875,1169100,NTAP
2024-01-02,87.19000244140625,87.30999755859375,86.06999969482422,86.20999908447266,81.85432434082031,1892100,NTAP
2024-01-03,86.19999694824219,86.98999786376953,85.91000366210938,86.30999755859375,81.94927215576172,1824600,NTAP
2024-01-04,85.73999786376953,86.5999984741211,85.69000244140625,86.05999755859375,82.18802642822266,1370500,NTAP
2024-01-05,85.8499984741211,86.5,85.0199966430664,85.06999969482422,81.24258422851562,1486500,NTAP
2024-01-08,83.8499984741211,86.0199966430664,83.62000274658203,85.9800033569336,82.11163330078125,1821800,NTAP
2024-01-09,85.33999633789062,86.31999969482422,85.05999755859375,86.06999969482422,82.19758605957031,1684300,NTAP
2024-01-10,86.2699966430664,86.93000030517578,86.01000213623047,86.66000366210938,82.76104736328125,1229000,NTAP
2024-01-11,86.6500015258789,87.41999816894531,85.81999969482422,86.94999694824219,83.0379867553711,1348100,NTAP
2024-01-12,87.27999877929688,87.55000305175781,86.33999633789062,86.66999816894531,82.77058410644531,1234800,NTAP
2024-01-16,85.62999725341797,86.22000122070312,84.80999755859375,85.95999908447266,82.09253692626953,2321500,NTAP
2024-01-17,85.54000091552734,85.76000213623047,84.56999969482422,85.43000030517578,81.58637237548828,1760600,NTAP
2024-01-18,86.30000305175781,86.5,85.04000091552734,86.45999908447266,82.57005310058594,1693200,NTAP
2024-01-19,86.76000213623047,88.06999969482422,86.41000366210938,87.80999755859375,83.85930633544922,5403200,NTAP
2024-01-22,88.70999908447266,88.94000244140625,88.16000366210938,88.62000274658203,84.63285827636719,1420900,NTAP
2024-01-23,88.5999984741211,88.91000366210938,87.98999786376953,88.16000366210938,84.19355773925781,1839800,NTAP
2024-01-24,88.9000015258789,89.48999786376953,88.3499984741211,88.69000244140625,84.69969940185547,1428300,NTAP
2024-01-25,89.19999694824219,89.33000183105469,88.80999755859375,89.23999786376953,85.22496032714844,1065800,NTAP
2024-01-26,89.2699966430664,89.2699966430664,87.63999938964844,88.05999755859375,84.0980453491211,1551200,NTAP
2024-01-29,88.05999755859375,88.51000213623047,87.55999755859375,88.48999786376953,84.50871276855469,1137500,NTAP
2024-01-30,88.94999694824219,89.75,88.68000030517578,88.94999694824219,84.94800567626953,1696300,NTAP
2024-01-31,88.5,88.6500015258789,87.11000061035156,87.19999694824219,83.27672576904297,1649300,NTAP
2024-02-01,87.04000091552734,87.66999816894531,86.47000122070312,87.44999694824219,83.5154800415039,942200,NTAP
2024-02-02,87.41000366210938,88.37999725341797,86.93000030517578,87.83999633789062,83.88794708251953,857300,NTAP
2024-02-05,87.62000274658203,87.68000030517578,86.41000366210938,87.19999694824219,83.27672576904297,1341600,NTAP
2024-02-06,87.62999725341797,87.88999938964844,86.7699966430664,87.5999984741211,83.65875244140625,1122300,NTAP
2024-02-07,87.88999938964844,87.9800033569336,86.79000091552734,87.2300033569336,83.3053970336914,1229500,NTAP
2024-02-08,87.4800033569336,89.48999786376953,87.19999694824219,88.91999816894531,84.91934967041016,1385800,NTAP
2024-02-09,89.06999969482422,90.33999633789062,88.77999877929688,89.8499984741211,85.8075180053711,1405500,NTAP
2024-02-12,89.95999908447266,90.94999694824219,89.83000183105469,90.66000366210938,86.58108520507812,1461600,NTAP
2024-02-13,88.94000244140625,89.0999984741211,86.56999969482422,87.23999786376953,83.31493377685547,1312200,NTAP
2024-02-14,87.86000061035156,88.26000213623047,87.37000274658203,87.76000213623047,83.81153869628906,1536100,NTAP
2024-02-15,87.77999877929688,88.58000183105469,86.44999694824219,87.2699966430664,83.34358978271484,1684300,NTAP
2024-02-16,87.26000213623047,87.51000213623047,85.63999938964844,85.70999908447266,81.85377502441406,1195500,NTAP
2024-02-20,85.2699966430664,85.93000030517578,84.80999755859375,85.45999908447266,81.61503601074219,1546400,NTAP
2024-02-21,85.05000305175781,85.05000305175781,83.80000305175781,84.5999984741211,80.7937240600586,1367900,NTAP
2024-02-22,85.66000366210938,86.58999633789062,85.27999877929688,86.02999877929688,82.15938568115234,1738400,NTAP
2024-02-23,86.58999633789062,87.58000183105469,85.95999908447266,87.4000015258789,83.4677505493164,1602700,NTAP
2024-02-26,87.4000015258789,88.12000274658203,87.04000091552734,87.43000030517578,83.49639129638672,1254300,NTAP
2024-02-27,87.7300033569336,87.94000244140625,86.9800033569336,87.16999816894531,83.24809265136719,1301200,NTAP
2024-02-28,86.55000305175781,88.37999725341797,86.43000030517578,88.02999877929688,84.06940460205078,1853900,NTAP
2024-02-29,89.66000366210938,89.66000366210938,88.48999786376953,89.12000274658203,85.11036682128906,4798300,NTAP
2024-03-01,105.87999725341797,112.4800033569336,104.93000030517578,105.30999755859375,100.57194519042969,12903300,NTAP
2024-03-04,106.0,107.51000213623047,102.95999908447266,103.33000183105469,98.68102264404297,4380400,NTAP
2024-03-05,103.41999816894531,103.69999694824219,101.55999755859375,102.68000030517578,98.0602798461914,2884200,NTAP
2024-03-06,103.87999725341797,106.37000274658203,102.37000274658203,104.80000305175781,100.08488464355469,2712500,NTAP
2024-03-07,105.5199966430664,105.79000091552734,103.63999938964844,104.25,99.55963134765625,2354700,NTAP
2024-03-08,104.77999877929688,105.80000305175781,103.25,103.26000213623047,98.61419677734375,1630900,NTAP
2024-03-11,102.8499984741211,103.36000061035156,101.87000274658203,102.7699966430664,98.146240234375,1635900,NTAP
2024-03-12,103.72000122070312,103.95999908447266,101.91999816894531,102.52999877929688,97.9170150756836,1747600,NTAP
2024-03-13,102.79000091552734,103.19999694824219,101.51000213623047,103.19000244140625,98.54732513427734,2420900,NTAP
2024-03-14,103.01000213623047,103.20999908447266,101.55000305175781,102.12999725341797,97.53502655029297,2007900,NTAP
2024-03-15,101.25,102.41999816894531,101.06999969482422,102.3499984741211,97.74512481689453,7019900,NTAP
2024-03-18,102.5999984741211,103.05999755859375,101.76000213623047,101.80000305175781,97.21986389160156,1542500,NTAP
2024-03-19,101.44000244140625,103.41000366210938,100.66000366210938,103.30999755859375,98.66191864013672,1574700,NTAP
2024-03-20,103.0,104.44999694824219,102.93000030517578,104.44000244140625,99.74109649658203,1730200,NTAP
2024-03-21,105.0,105.54000091552734,104.37000274658203,105.06999969482422,100.3427505493164,1432200,NTAP
2024-03-22,105.26000213623047,105.27999877929688,104.26000213623047,104.7300033569336,100.0180435180664,1040000,NTAP
2024-03-25,104.54000091552734,105.58000183105469,104.0999984741211,104.91999816894531,100.19949340820312,1214100,NTAP
2024-03-26,105.43000030517578,105.77999877929688,104.63999938964844,104.72000122070312,100.00849914550781,1194300,NTAP
2024-03-27,105.47000122070312,105.55000305175781,104.30000305175781,105.22000122070312,100.48599243164062,956300,NTAP
2024-03-28,104.97000122070312,105.7699966430664,104.80000305175781,104.97000122070312,100.24723815917969,1363500,NTAP
2024-04-01,104.7300033569336,105.48999786376953,104.51000213623047,105.04000091552734,100.3141098022461,1473300,NTAP
2024-04-02,104.20999908447266,104.75,103.58000183105469,104.72000122070312,100.00849914550781,991400,NTAP
2024-04-03,104.33000183105469,106.88999938964844,104.26000213623047,106.4800033569336,101.6893081665039,1813300,NTAP
2024-04-04,107.41000366210938,108.81999969482422,104.44999694824219,104.80000305175781,100.55706787109375,2552300,NTAP
2024-04-05,105.3499984741211,105.45999908447266,104.16999816894531,105.05000305175781,100.79695129394531,1017100,NTAP
2024-04-08,105.5999984741211,106.06999969482422,104.86000061035156,105.81999969482422,101.53577423095703,1581500,NTAP
2024-04-09,106.04000091552734,106.9000015258789,103.5,104.1500015258789,99.93340301513672,1282100,NTAP
2024-04-10,103.0199966430664,103.41999816894531,102.06999969482422,102.5999984741211,98.44615173339844,1109900,NTAP
2024-04-11,103.30000305175781,104.95999908447266,102.7699966430664,104.86000061035156,100.61465454101562,1320500,NTAP
2024-04-12,103.70999908447266,103.98999786376953,101.66000366210938,101.80999755859375,97.6881332397461,1346700,NTAP
2024-04-15,102.80000305175781,103.62000274658203,101.8499984741211,102.37000274658203,98.22547149658203,1902400,NTAP
2024-04-16,102.2699966430664,102.79000091552734,101.30000305175781,102.54000091552734,98.38858032226562,1362400,NTAP
2024-04-17,103.33000183105469,103.33000183105469,100.54000091552734,100.91000366210938,96.8245849609375,1110800,NTAP
2024-04-18,101.02999877929688,101.88999938964844,99.7300033569336,100.13999938964844,96.08574676513672,1031700,NTAP
2024-04-19,99.83999633789062,100.73999786376953,97.75,97.94999694824219,93.98440551757812,1692500,NTAP
2024-04-22,98.73999786376953,98.76000213623047,97.30999755859375,97.91000366210938,93.94603729248047,1830500,NTAP
2024-04-23,98.3499984741211,99.8499984741211,97.88999938964844,99.41999816894531,95.39488220214844,1746600,NTAP
2024-04-24,100.27999877929688,101.33000183105469,99.29000091552734,100.05999755859375,96.00897979736328,1292600,NTAP
2024-04-25,99.38999938964844,101.4800033569336,98.8499984741211,100.94000244140625,96.85336303710938,1581300,NTAP
2024-04-26,101.18000030517578,102.05000305175781,100.23999786376953,101.33000183105469,97.2275619506836,2124800,NTAP
2024-04-29,101.51000213623047,102.75,101.44999694824219,102.4800033569336,98.33100128173828,1378500,NTAP
2024-04-30,101.81999969482422,103.2300033569336,101.81999969482422,102.20999908447266,98.07195281982422,1274700,NTAP
2024-05-01,101.36000061035156,102.62999725341797,100.87999725341797,100.98999786376953,96.90132904052734,1012300,NTAP
2024-05-02,102.0,102.4000015258789,100.23999786376953,102.12000274658203,97.98558044433594,1196600,NTAP
2024-05-03,103.25,104.7300033569336,103.04000091552734,104.63999938964844,100.40355682373047,2463500,NTAP
2024-05-06,105.25,108.0999984741211,105.13999938964844,107.94999694824219,103.57953643798828,3381900,NTAP
2024-05-07,108.27999877929688,108.80999755859375,106.8499984741211,107.36000061035156,103.013427734375,1325000,NTAP
2024-05-08,107.0,109.5199966430664,106.83999633789062,109.4800033569336,105.04761505126953,1703700,NTAP
2024-05-09,109.45999908447266,109.7300033569336,107.19999694824219,108.18000030517578,103.80025482177734,1852000,NTAP
2024-05-10,108.83999633789062,109.11000061035156,107.72000122070312,108.5,104.10728454589844,1703400,NTAP
2024-05-13,109.0199966430664,109.29000091552734,107.88999938964844,108.1500015258789,103.7714614868164,1841800,NTAP
2024-05-14,108.62999725341797,109.47000122070312,108.05999755859375,109.04000091552734,104.62541961669922,2814800,NTAP
2024-05-15,109.5,110.9000015258789,109.22000122070312,110.62000274658203,106.1414566040039,2873100,NTAP
2024-05-16,110.05999755859375,110.80999755859375,109.69999694824219,109.75,105.30667877197266,1545200,NTAP
2024-05-17,110.55999755859375,110.81999969482422,109.87000274658203,110.47000122070312,105.99752044677734,2257700,NTAP
2024-05-20,110.81999969482422,112.4800033569336,110.3499984741211,112.27999877929688,107.7342300415039,2097500,NTAP
2024-05-21,111.52999877929688,113.12000274658203,111.5,112.94999694824219,108.37711334228516,1693700,NTAP
2024-05-22,113.44000244140625,114.22000122070312,113.0999984741211,114.11000061035156,109.49015808105469,1746000,NTAP
2024-05-23,115.52999877929688,115.94999694824219,113.83000183105469,114.04000091552734,109.42298126220703,1548900,NTAP
2024-05-24,114.70999908447266,116.01000213623047,114.41000366210938,115.66999816894531,110.98699951171875,1351100,NTAP
2024-05-28,115.94000244140625,118.36000061035156,115.72000122070312,118.01000213623047,113.23226165771484,3238900,NTAP
2024-05-29,116.4800033569336,118.05999755859375,116.37999725341797,117.5,112.74290466308594,2708700,NTAP
2024-05-30,118.68000030517578,118.68000030517578,116.31999969482422,116.5,111.78339385986328,3664600,NTAP
2024-05-31,119.5,121.4800033569336,116.51000213623047,120.43000030517578,115.55429077148438,6128500,NTAP
2024-06-03,117.93000030517578,119.16000366210938,115.0199966430664,118.95999908447266,114.14380645751953,3727900,NTAP
2024-06-04,119.0,119.72000122070312,117.91999816894531,119.0,114.18218231201172,2622200,NTAP
2024-06-05,120.0,122.30000305175781,119.63999938964844,122.26000213623047,117.3102035522461,2370800,NTAP
2024-06-06,121.98999786376953,122.22000122070312,120.41000366210938,121.47000122070312,116.55219268798828,2398400,NTAP
2024-06-07,120.95999908447266,121.52999877929688,120.01000213623047,120.9800033569336,116.08202362060547,1383600,NTAP
2024-06-10,120.41999816894531,122.91000366210938,120.27999877929688,122.91000366210938,117.93387603759766,1651000,NTAP
2024-06-11,122.80999755859375,125.77999877929688,122.3499984741211,125.47000122070312,120.39022827148438,2850500,NTAP
2024-06-12,126.27999877929688,127.97000122070312,125.23999786376953,125.7300033569336,120.63972473144531,2239400,NTAP
2024-06-13,125.41999816894531,127.62999725341797,125.27999877929688,127.30000305175781,122.14615631103516,1604400,NTAP
2024-06-14,126.04000091552734,127.16000366210938,125.80999755859375,126.16999816894531,121.0619125366211,1398400,NTAP
2024-06-17,126.33000183105469,127.30000305175781,123.56999969482422,126.04000091552734,120.93717193603516,1934000,NTAP
2024-06-18,126.20999908447266,129.64999389648438,126.16999816894531,128.7100067138672,123.49906158447266,2575800,NTAP
2024-06-20,129.0,130.8699951171875,126.5999984741211,127.47000122070312,122.30927276611328,3039700,NTAP
2024-06-21,126.9000015258789,128.50999450683594,125.66999816894531,127.63999938964844,122.4723892211914,4282500,NTAP
2024-06-24,126.73999786376953,128.33999633789062,126.37000274658203,126.37999725341797,121.2634048461914,1797100,NTAP
2024-06-25,126.69999694824219,128.07000732421875,126.36000061035156,127.7300033569336,122.55875396728516,1783500,NTAP
2024-06-26,127.1500015258789,128.50999450683594,126.43000030517578,128.42999267578125,123.23040008544922,2023900,NTAP
2024-06-27,128.27000427246094,129.36000061035156,128.0800018310547,129.02999877929688,123.80610656738281,1575100,NTAP
2024-06-28,129.47000122070312,130.17999267578125,128.30999755859375,128.8000030517578,123.58540344238281,3197100,NTAP
2024-07-01,129.4600067138672,131.02000427246094,128.60000610351562,130.24000549316406,124.96713256835938,2468400,NTAP
2024-07-02,128.75999450683594,130.64999389648438,128.74000549316406,129.8800048828125,124.6216812133789,1751500,NTAP
2024-07-03,130.02000427246094,130.57000732421875,128.72000122070312,130.25999450683594,124.9863052368164,904000,NTAP
2024-07-05,129.72000122070312,130.0500030517578,128.1199951171875,129.08999633789062,124.36011505126953,1435100,NTAP
2024-07-08,129.72999572753906,131.0500030517578,129.25,130.1199951171875,125.3523941040039,1688200,NTAP
2024-07-09,130.02000427246094,132.94000244140625,129.7899932861328,132.08999633789062,127.25020599365234,2164400,NTAP
2024-07-10,133.07000732421875,135.00999450683594,132.8800048828125,134.6199951171875,129.6875,1920300,NTAP
2024-07-11,134.61000061035156,134.97000122070312,131.44000244140625,131.4600067138672,126.64328002929688,2266100,NTAP
2024-07-12,131.8699951171875,132.0399932861328,130.0399932861328,130.1699981689453,125.40055084228516,1557000,NTAP
2024-07-15,130.41000366210938,131.39999389648438,129.6699981689453,130.3800048828125,125.60287475585938,1537200,NTAP
2024-07-16,130.74000549316406,131.63999938964844,128.8000030517578,131.58999633789062,126.7685317993164,1818400,NTAP
2024-07-17,129.55999755859375,129.77999877929688,126.80000305175781,127.41999816894531,122.7513198852539,1834200,NTAP
2024-07-18,128.32000732421875,128.55999755859375,125.08999633789062,126.08999633789062,121.47005462646484,1776500,NTAP
2024-07-19,126.44999694824219,126.91000366210938,125.80000305175781,126.22000122070312,121.59529113769531,1220400,NTAP
2024-07-22,127.5,128.88999938964844,127.16000366210938,128.33999633789062,123.6375961303711,1129800,NTAP
2024-07-23,128.27000427246094,129.33999633789062,127.76000213623047,129.1999969482422,124.46610260009766,1045700,NTAP
2024-07-24,128.63999938964844,129.0399932861328,125.47000122070312,125.69999694824219,121.09432983398438,1530000,NTAP
2024-07-25,125.56999969482422,127.47000122070312,123.5199966430664,125.55999755859375,120.95945739746094,1466200,NTAP
2024-07-26,126.9000015258789,126.9000015258789,125.20999908447266,126.1500015258789,121.52784729003906,1194900,NTAP
2024-07-29,126.94000244140625,126.94000244140625,124.55999755859375,124.98999786376953,120.41034698486328,1032100,NTAP
2024-07-30,125.80000305175781,126.5,121.80999755859375,122.56999969482422,118.07901000976562,1691200,NTAP
2024-07-31,125.05999755859375,127.20999908447266,123.72000122070312,126.9800033569336,122.32743835449219,2086300,NTAP
2024-08-01,126.43000030517578,128.1199951171875,121.37000274658203,122.51000213623047,118.0212173461914,1801000,NTAP
2024-08-02,120.20999908447266,120.58000183105469,117.61000061035156,119.05000305175781,114.68798828125,2385900,NTAP
2024-08-05,113.81999969482422,116.02999877929688,113.18000030517578,115.61000061035156,111.37403106689453,2204600,NTAP
2024-08-06,116.29000091552734,118.86000061035156,115.80999755859375,117.08000183105469,112.79017639160156,1561400,NTAP
2024-08-07,118.16999816894531,119.87999725341797,115.91999816894531,116.2300033569336,111.97132110595703,1859200,NTAP
2024-08-08,117.94999694824219,119.37999725341797,116.2300033569336,119.22000122070312,114.85176086425781,1186000,NTAP
2024-08-09,118.80999755859375,122.80999755859375,118.01000213623047,122.48999786376953,118.00194549560547,1300100,NTAP
2024-08-12,122.48999786376953,124.02999877929688,122.38999938964844,122.93000030517578,118.42583465576172,1169500,NTAP
2024-08-13,123.83999633789062,126.54000091552734,123.7300033569336,125.87000274658203,121.25811767578125,1492200,NTAP
2024-08-14,126.27999877929688,127.73999786376953,126.18000030517578,127.11000061035156,122.45266723632812,1163100,NTAP
2024-08-15,128.8300018310547,131.5800018310547,128.7899932861328,131.42999267578125,126.6143798828125,1888500,NTAP
2024-08-16,130.66000366210938,131.44000244140625,129.3800048828125,130.5,125.71846771240234,1374900,NTAP
2024-08-19,129.94000244140625,131.9499969482422,129.58999633789062,131.6999969482422,126.8744888305664,1459000,NTAP
2024-08-20,131.75,132.10000610351562,131.11000061035156,131.38999938964844,126.57585144042969,1404600,NTAP
2024-08-21,131.91000366210938,133.86000061035156,131.60000610351562,133.41000366210938,128.5218505859375,1074000,NTAP
2024-08-22,133.4199981689453,134.3699951171875,131.24000549316406,131.6300048828125,126.80706787109375,1177500,NTAP
2024-08-23,133.00999450683594,133.5500030517578,132.24000549316406,133.1199951171875,128.24246215820312,1223800,NTAP
2024-08-26,132.6699981689453,133.75,131.75,132.5,127.64517211914062,981000,NTAP
2024-08-27,131.5500030517578,133.3000030517578,130.82000732421875,133.1199951171875,128.24246215820312,1878600,NTAP
2024-08-28,131.24000549316406,133.64999389648438,130.99000549316406,131.91000366210938,127.0768051147461,1916300,NTAP
2024-08-29,125.08000183105469,126.11000061035156,119.1500015258789,119.19999694824219,114.83250427246094,4074400,NTAP
2024-08-30,119.69999694824219,121.11000061035156,118.29000091552734,120.72000122070312,116.29679107666016,3020400,NTAP
2024-09-03,122.69999694824219,122.73999786376953,118.02999877929688,118.94999694824219,114.5916519165039,2571600,NTAP
2024-09-04,118.3499984741211,119.25,116.69000244140625,119.08000183105469,114.71688842773438,1519400,NTAP
2024-09-05,117.88999938964844,118.52999877929688,115.94999694824219,116.81999969482422,112.5396957397461,2455600,NTAP
2024-09-06,116.63999938964844,117.56999969482422,113.68000030517578,114.18000030517578,109.99642944335938,1730700,NTAP
2024-09-09,115.6500015258789,116.2300033569336,114.0999984741211,114.5999984741211,110.40103912353516,2272200,NTAP
2024-09-10,114.69000244140625,115.30000305175781,113.52999877929688,114.97000122070312,110.75748443603516,1388300,NTAP
2024-09-11,115.1500015258789,115.8499984741211,112.87000274658203,115.6500015258789,111.4125747680664,1717500,NTAP
2024-09-12,115.83000183105469,117.27999877929688,114.9800033569336,116.45999908447266,112.1928939819336,1587100,NTAP
2024-09-13,116.41999816894531,118.12000274658203,116.12999725341797,117.31999969482422,113.02136993408203,1529300,NTAP
2024-09-16,116.48999786376953,118.06999969482422,116.01000213623047,117.86000061035156,113.54158782958984,1444300,NTAP
2024-09-17,118.7699966430664,120.31999969482422,118.29000091552734,119.04000091552734,114.67835998535156,1218600,NTAP
2024-09-18,119.72000122070312,121.2699966430664,118.95999908447266,119.3499984741211,114.97699737548828,1204000,NTAP
2024-09-19,122.0,122.01000213623047,119.9000015258789,120.08000183105469,115.68025207519531,1219400,NTAP
2024-09-20,119.77999877929688,122.2699966430664,119.66000366210938,122.22000122070312,117.74185180664062,3193700,NTAP
2024-09-23,122.72000122070312,123.16000366210938,121.77999877929688,122.91999816894531,118.41619873046875,1321000,NTAP
2024-09-24,123.5999984741211,123.73999786376953,121.63999938964844,122.94999694824219,118.4450912475586,1693400,NTAP
2024-09-25,122.8499984741211,123.4000015258789,121.1500015258789,121.68000030517578,117.22164154052734,1511300,NTAP
2024-09-26,123.5,125.04000091552734,123.12999725341797,124.44999694824219,119.89013671875,1619900,NTAP
2024-09-27,124.44999694824219,124.69000244140625,121.0999984741211,121.23999786376953,116.79774475097656,1302100,NTAP
2024-09-30,121.26000213623047,123.68000030517578,121.12000274658203,123.51000213623047,118.98458099365234,1673000,NTAP
2024-10-01,123.51000213623047,123.7300033569336,120.91999816894531,121.30999755859375,116.86518096923828,1366000,NTAP
2024-10-02,121.26000213623047,124.18000030517578,121.26000213623047,123.0199966430664,118.51253509521484,1122500,NTAP
2024-10-03,122.41000366210938,123.44999694824219,121.91999816894531,122.70999908447266,118.2138900756836,999200,NTAP
2024-10-04,123.91000366210938,123.91000366210938,122.0999984741211,123.38999938964844,119.37483215332031,845000,NTAP
2024-10-07,122.7300033569336,124.73999786376953,122.3499984741211,123.87999725341797,119.84889221191406,915900,NTAP
2024-10-08,124.68000030517578,126.66000366210938,124.2300033569336,126.55000305175781,122.43202209472656,1222800,NTAP
2024-10-09,126.05999755859375,127.5,125.4000015258789,127.2699966430664,123.12858581542969,1344400,NTAP
2024-10-10,126.44999694824219,126.94999694824219,124.58999633789062,124.9800033569336,120.9131088256836,1438600,NTAP
2024-10-11,125.0,127.36000061035156,125.0,126.93000030517578,122.79965209960938,891200,NTAP
2024-10-14,127.12999725341797,127.80000305175781,126.66000366210938,126.86000061035156,122.73192596435547,824500,NTAP
2024-10-15,127.30000305175781,128.25,125.23999786376953,125.37999725341797,121.30009460449219,1206500,NTAP
2024-10-16,125.56999969482422,126.5199966430664,125.43000030517578,125.87999725341797,121.78379821777344,873900,NTAP
2024-10-17,127.19000244140625,127.75,126.4000015258789,126.69000244140625,122.56745910644531,885200,NTAP
2024-10-18,127.37000274658203,127.37000274658203,125.12000274658203,126.52999877929688,122.41266632080078,1027500,NTAP
2024-10-21,125.6500015258789,126.9800033569336,124.86000061035156,125.31999969482422,121.2420425415039,1127200,NTAP
2024-10-22,124.0,124.12000274658203,118.41999816894531,119.75,115.8532943725586,1786600,NTAP
2024-10-23,118.62999725341797,121.19999694824219,118.62999725341797,119.01000213623047,115.13737487792969,1524200,NTAP
2024-10-24,118.9800033569336,120.08000183105469,118.2300033569336,119.83999633789062,115.94035339355469,1385700,NTAP
2024-10-25,120.47000122070312,120.69999694824219,119.33999633789062,119.41000366210938,115.52436065673828,1158100,NTAP
2024-10-28,119.8499984741211,120.81999969482422,119.20999908447266,120.41000366210938,116.4918212890625,1112300,NTAP
2024-10-29,120.5999984741211,122.33000183105469,120.06999969482422,121.23999786376953,117.2947998046875,929800,NTAP
2024-10-30,120.05999755859375,120.62000274658203,117.38999938964844,118.76000213623047,114.8955078125,1587600,NTAP
2024-10-31,118.18000030517578,118.20999908447266,115.19999694824219,115.30999755859375,111.55776977539062,1630200,NTAP
2024-11-01,115.55999755859375,117.66000366210938,115.55999755859375,116.0999984741211,112.32205200195312,1901500,NTAP
2024-11-04,115.98999786376953,116.66999816894531,115.25,115.44999694824219,111.69320678710938,1780700,NTAP
2024-11-05,115.45999908447266,116.86000061035156,115.45999908447266,116.4000015258789,112.6123046875,1413100,NTAP
2024-11-06,120.37000274658203,121.5,118.83000183105469,121.12999725341797,117.1883773803711,2337700,NTAP
2024-11-07,121.5,123.05999755859375,120.52999877929688,122.83000183105469,118.83307647705078,1619400,NTAP
2024-11-08,123.0,125.0199966430664,123.0,124.01000213623047,119.97467041015625,1367600,NTAP
2024-11-11,123.62999725341797,124.29000091552734,121.62000274658203,121.93000030517578,117.96234893798828,1040500,NTAP
2024-11-12,121.36000061035156,122.55000305175781,120.37999725341797,120.91999816894531,116.98522186279297,1369400,NTAP
2024-11-13,120.51000213623047,122.02999877929688,119.51000213623047,119.68000030517578,115.78557586669922,1422900,NTAP
2024-11-14,116.98999786376953,119.11000061035156,116.06999969482422,118.06999969482422,114.22796630859375,1466700,NTAP
2024-11-15,116.80000305175781,118.23999786376953,116.68000030517578,117.20999908447266,113.39594268798828,1973000,NTAP
2024-11-18,117.44000244140625,119.86000061035156,117.08999633789062,119.33999633789062,115.45662689208984,1651900,NTAP
2024-11-19,118.76000213623047,122.29000091552734,118.69999694824219,122.19999694824219,118.22356414794922,2545200,NTAP
2024-11-20,122.4000015258789,123.5199966430664,121.2699966430664,123.44999694824219,119.43289184570312,2421600,NTAP
2024-11-21,125.0,128.0399932861328,123.55999755859375,126.68000030517578,122.55777740478516,4469400,NTAP
2024-11-22,135.10000610351562,135.4499969482422,120.61000061035156,122.33999633789062,118.3590087890625,5663700,NTAP
2024-11-25,123.69999694824219,126.30000305175781,123.19999694824219,126.18000030517578,122.07406616210938,4724700,NTAP
2024-11-26,126.41000366210938,129.9600067138672,126.3499984741211,129.60000610351562,125.38277435302734,2670100,NTAP
2024-11-27,128.9199981689453,129.0800018310547,122.12000274658203,122.43000030517578,118.44609069824219,1779500,NTAP
2024-11-29,122.94000244140625,124.19999694824219,122.58000183105469,122.63999938964844,118.64925384521484,935200,NTAP
2024-12-02,122.33000183105469,123.9800033569336,121.91000366210938,123.29000091552734,119.2780990600586,1799100,NTAP
2024-12-03,123.4800033569336,124.86000061035156,122.08999633789062,124.66999816894531,120.61318969726562,1764600,NTAP
2024-12-04,126.19999694824219,129.75,125.0,129.0500030517578,124.85066986083984,2445600,NTAP
2024-12-05,129.0,130.24000549316406,128.50999450683594,128.7899932861328,124.59911346435547,1864300,NTAP
2024-12-06,128.86000061035156,131.3000030517578,128.77999877929688,131.11000061035156,126.84363555908203,2100400,NTAP
2024-12-09,130.97999572753906,131.0,127.44999694824219,127.5999984741211,123.44784545898438,1656800,NTAP
2024-12-10,127.41000366210938,128.52999877929688,120.62000274658203,121.22000122070312,117.27546691894531,2392900,NTAP
2024-12-11,122.30999755859375,124.95999908447266,121.31999969482422,122.66000366210938,118.6686019897461,2043800,NTAP
2024-12-12,122.11000061035156,124.29000091552734,121.80999755859375,123.51000213623047,119.49093627929688,1207500,NTAP
2024-12-13,123.73999786376953,124.33000183105469,121.5199966430664,121.94999694824219,117.98169708251953,885900,NTAP
2024-12-16,124.83999633789062,127.19999694824219,122.68000030517578,126.0999984741211,121.99666595458984,2130800,NTAP
2024-12-17,124.97000122070312,125.36000061035156,121.81999969482422,122.48999786376953,118.5041275024414,1608800,NTAP
2024-12-18,122.9000015258789,123.55000305175781,117.94000244140625,118.33999633789062,114.48917388916016,1873800,NTAP
2024-12-19,118.0,119.48999786376953,116.2300033569336,116.58000183105469,112.78644561767578,1620700,NTAP
2024-12-20,115.94000244140625,119.81999969482422,115.0999984741211,118.44999694824219,114.59559631347656,3813600,NTAP
2024-12-23,118.26000213623047,118.69999694824219,117.04000091552734,118.08000183105469,114.23764038085938,1457000,NTAP
2024-12-24,118.0,118.86000061035156,117.55000305175781,118.83999633789062,114.97290802001953,441300,NTAP
2024-12-26,118.5,119.25,117.44000244140625,118.3499984741211,114.49885559082031,733800,NTAP
2024-12-27,117.06999969482422,117.75,115.62999725341797,116.95999908447266,113.1540756225586,995000,NTAP
2024-12-30,115.12999725341797,116.83000183105469,114.52999877929688,116.48999786376953,112.69937896728516,2225400,NTAP
2024-12-31,117.04000091552734,117.56999969482422,114.66000366210938,116.08000183105469,112.30271911621094,1378100,NTAP
2025-01-02,116.9800033569336,117.33000183105469,114.80000305175781,115.91999816894531,112.14791107177734,1429100,NTAP
2025-01-03,115.77999877929688,117.08000183105469,115.77999877929688,116.94000244140625,113.64452362060547,1091900,NTAP
2025-01-06,118.55000305175781,119.51000213623047,117.16999816894531,118.0,114.67464447021484,1212200,NTAP
2025-01-07,118.91000366210938,119.30000305175781,116.5199966430664,117.18000030517578,113.87776184082031,1374000,NTAP
2025-01-08,116.87000274658203,118.12999725341797,115.62000274658203,118.08999633789062,114.7621078491211,1117900,NTAP
2025-01-10,116.79000091552734,117.56999969482422,115.62000274658203,116.27999877929688,113.00311279296875,1359900,NTAP
2025-01-13,114.3499984741211,115.08000183105469,112.86000061035156,114.91999816894531,111.68144226074219,1421000,NTAP
2025-01-14,115.54000091552734,117.94999694824219,115.54000091552734,116.69000244140625,113.40157318115234,1889900,NTAP
2025-01-15,118.7300033569336,119.7300033569336,118.36000061035156,119.36000061035156,115.9963150024414,1257600,NTAP
2025-01-16,120.0,121.55999755859375,119.5,119.9800033569336,116.5988540649414,1206900,NTAP
2025-01-17,121.70999908447266,122.75,120.25,122.08999633789062,118.64939880371094,1876200,NTAP
2025-01-21,122.8499984741211,124.30000305175781,122.4000015258789,123.66999816894531,120.18486785888672,1301600,NTAP
2025-01-22,125.0,127.19000244140625,124.31999969482422,126.05000305175781,122.49779510498047,1483600,NTAP
2025-01-23,125.3499984741211,126.30000305175781,124.0999984741211,126.30000305175781,122.74075317382812,1088200,NTAP
2025-01-24,126.55999755859375,126.62000274658203,124.94999694824219,126.0,122.4491958618164,912600,NTAP
2025-01-27,121.54000091552734,122.05999755859375,118.12999725341797,119.93000030517578,116.5502700805664,2104300,NTAP
2025-01-28,120.45999908447266,120.69000244140625,117.75,119.52999877929688,116.16152954101562,1276300,NTAP
2025-01-29,120.51000213623047,121.20999908447266,119.55000305175781,120.27999877929688,116.89038848876953,1341200,NTAP
2025-01-30,122.05999755859375,124.06999969482422,121.7300033569336,122.44000244140625,118.9895248413086,1285900,NTAP
2025-01-31,123.06999969482422,124.61000061035156,121.7300033569336,122.0999984741211,118.65910339355469,1316500,NTAP
2025-02-03,119.26000213623047,120.7699966430664,117.6500015258789,119.72000122070312,116.34617614746094,1184800,NTAP
2025-02-04,119.3499984741211,121.7300033569336,119.05999755859375,121.41999816894531,117.99826049804688,1373700,NTAP
2025-02-05,121.93000030517578,123.88999938964844,121.0,123.72000122070312,120.23345947265625,965400,NTAP
2025-02-06,124.26000213623047,124.73999786376953,123.05000305175781,124.04000091552734,120.54444122314453,1087400,NTAP
2025-02-07,124.9800033569336,126.26000213623047,122.83000183105469,122.91000366210938,119.44627380371094,940300,NTAP
2025-02-10,120.75,123.08999633789062,116.77999877929688,123.0199966430664,119.55316925048828,2120800,NTAP
2025-02-11,121.30000305175781,121.30000305175781,119.0999984741211,119.55999755859375,116.19068145751953,1106200,NTAP
2025-02-12,117.41000366210938,118.86000061035156,116.94000244140625,117.9000015258789,114.57746887207031,1595000,NTAP
2025-02-13,117.91999816894531,119.75,116.94999694824219,117.7300033569336,114.41226196289062,1306000,NTAP
2025-02-14,117.8499984741211,119.16999816894531,117.7699966430664,119.05999755859375,115.70478820800781,1036100,NTAP
2025-02-18,119.63999938964844,120.73999786376953,118.22000122070312,120.5199966430664,117.1236343383789,1902400,NTAP
2025-02-19,121.27999877929688,124.72000122070312,120.58000183105469,124.52999877929688,121.02062225341797,2198100,NTAP
2025-02-20,124.68000030517578,125.48999786376953,121.87000274658203,124.55000305175781,121.04006958007812,1496100,NTAP
2025-02-21,125.36000061035156,126.95999908447266,123.37000274658203,124.47000122070312,120.96232604980469,2975300,NTAP
2025-02-24,124.38999938964844,125.3499984741211,121.16999816894531,123.5,120.01964569091797,2339300,NTAP
2025-02-25,123.91000366210938,124.12999725341797,121.37000274658203,122.62000274658203,119.16445922851562,2192300,NTAP
2025-02-26,124.44000244140625,127.77999877929688,123.36000061035156,124.48999786376953,120.98175048828125,1816600,NTAP
2025-02-27,124.0199966430664,124.70999908447266,117.83999633789062,118.22000122070312,114.88844299316406,2845200,NTAP
2025-02-28,99.33000183105469,105.26000213623047,97.51000213623047,99.80999755859375,96.99725341796875,10002100,NTAP
2025-03-03,100.62000274658203,100.68000030517578,95.19000244140625,95.7300033569336,93.0322494506836,3429900,NTAP
2025-03-04,94.0,95.68000030517578,92.58999633789062,93.55999755859375,90.92339324951172,3172300,NTAP
2025-03-05,93.38999938964844,96.06999969482422,92.98999786376953,94.87000274658203,92.19647979736328,2077600,NTAP
2025-03-06,93.26000213623047,94.08999633789062,91.19000244140625,91.86000061035156,89.27129364013672,2692300,NTAP
2025-03-07,91.56999969482422,94.37999725341797,91.16000366210938,93.7699966430664,91.12747192382812,2480900,NTAP
2025-03-10,92.58000183105469,93.02999877929688,90.12000274658203,92.05000305175781,89.45594787597656,2147300,NTAP
2025-03-11,92.16000366210938,92.97000122070312,90.08000183105469,90.91999816894531,88.35778045654297,2577600,NTAP
2025-03-12,92.77999877929688,93.1500015258789,90.33000183105469,91.48999786376953,88.9117202758789,2317800,NTAP
2025-03-13,91.12999725341797,91.91999816894531,89.87999725341797,90.05999755859375,87.52203369140625,2203500,NTAP
2025-03-14,91.48999786376953,92.9000015258789,90.9000015258789,91.9800033569336,89.3879165649414,1751600,NTAP
2025-03-17,91.95999908447266,94.31999969482422,91.69999694824219,93.27999877929688,90.65129089355469,2073700,NTAP
2025-03-18,93.05000305175781,93.56999969482422,91.91000366210938,92.26000213623047,89.66002655029297,2552900,NTAP
2025-03-19,92.95999908447266,94.72000122070312,92.33999633789062,93.52999877929688,90.89424133300781,2075600,NTAP
2025-03-20,92.86000061035156,94.11000061035156,92.02999877929688,92.0999984741211,89.50454711914062,2845900,NTAP
2025-03-21,91.6500015258789,92.97000122070312,90.79000091552734,92.25,89.65030670166016,5417000,NTAP
2025-03-24,93.93000030517578,95.25,93.0,95.12000274658203,92.4394302368164,2170400,NTAP
2025-03-25,95.36000061035156,96.0999984741211,93.87000274658203,94.38999938964844,91.72999572753906,2095300,NTAP
2025-03-26,94.44999694824219,94.79000091552734,92.69999694824219,92.75,90.13622283935547,1900300,NTAP
2025-03-27,91.69000244140625,91.86000061035156,90.77999877929688,91.08999633789062,88.52298736572266,2640200,NTAP
2025-03-28,90.75,90.83000183105469,88.13999938964844,88.4000015258789,85.90880584716797,2662200,NTAP
2025-03-31,87.19000244140625,88.63999938964844,86.4000015258789,87.83999633789062,85.36459350585938,2953400,NTAP
2025-04-01,88.3499984741211,89.66999816894531,88.0,89.48999786376953,86.96807861328125,2838800,NTAP
2025-04-02,88.3499984741211,91.22000122070312,88.04000091552734,90.48999786376953,87.93990325927734,1591200,NTAP
2025-04-03,86.73999786376953,86.88999938964844,81.55999755859375,81.61000061035156,79.31015014648438,3334200,NTAP
2025-04-04,78.47000122070312,78.81999969482422,74.83000183105469,76.0999984741211,74.42967987060547,3381900,NTAP
2025-04-07,73.0,79.5999984741211,71.83999633789062,77.06999969482422,75.37837982177734,3676600,NTAP
2025-04-08,79.83000183105469,81.06999969482422,74.80000305175781,76.13999938964844,74.46879577636719,2913300,NTAP
2025-04-09,76.04000091552734,87.45999908447266,75.30000305175781,86.0999984741211,84.2101821899414,4518500,NTAP
2025-04-10,83.13999938964844,83.73999786376953,79.80999755859375,82.27999877929688,80.47402954101562,3555600,NTAP
2025-04-11,81.77999877929688,83.6500015258789,80.69000244140625,82.63999938964844,80.82613372802734,2738500,NTAP
2025-04-14,85.12999725341797,85.12999725341797,81.91000366210938,83.27999877929688,81.45208740234375,2516700,NTAP
2025-04-15,82.51000213623047,83.97000122070312,81.76000213623047,82.18000030517578,80.37623596191406,2539800,NTAP
2025-04-16,80.68000030517578,82.20999908447266,80.22000122070312,81.3499984741211,79.56444549560547,1776400,NTAP
2025-04-17,82.69999694824219,83.33000183105469,81.66000366210938,82.61000061035156,80.79679870605469,1602000,NTAP
2025-04-21,81.5,82.19999694824219,80.63999938964844,81.68000030517578,79.88720703125,1286200,NTAP
2025-04-22,82.63999938964844,83.0199966430664,81.7300033569336,82.44999694824219,80.64029693603516,1771700,NTAP
2025-04-23,85.3499984741211,87.56999969482422,84.4800033569336,84.87999725341797,83.0169677734375,1722400,NTAP
2025-04-24,85.44999694824219,88.33999633789062,85.12000274658203,88.16999816894531,86.23475646972656,1813000,NTAP
2025-04-25,87.88999938964844,88.5,86.91999816894531,88.44999694824219,86.50860595703125,1699100,NTAP
2025-04-28,87.91000366210938,89.0999984741211,87.19000244140625,88.0,86.06848907470703,1383700,NTAP
2025-04-29,87.19999694824219,88.68000030517578,87.19999694824219,87.86000061035156,85.93155670166016,1207300,NTAP
2025-04-30,88.0999984741211,89.94999694824219,86.69999694824219,89.75,87.78008270263672,2861500,NTAP
2025-05-01,90.0,90.75,89.1500015258789,89.7300033569336,87.7605209350586,1386200,NTAP
2025-05-02,91.36000061035156,92.55000305175781,90.86000061035156,92.33000183105469,90.30345153808594,1528400,NTAP
2025-05-05,91.75,93.66000366210938,91.37999725341797,93.08999633789062,91.04676818847656,1844400,NTAP
2025-05-06,92.01000213623047,93.52999877929688,91.1500015258789,92.26000213623047,90.2349853515625,1865000,NTAP
2025-05-07,92.86000061035156,93.08999633789062,91.61000061035156,93.0199966430664,90.97830200195312,2257100,NTAP
2025-05-08,93.55999755859375,95.3499984741211,92.91000366210938,94.44000244140625,92.36713409423828,1839300,NTAP
2025-05-09,95.05999755859375,95.20999908447266,93.2300033569336,93.44999694824219,91.39886474609375,1365000,NTAP
2025-05-12,97.5,98.54000091552734,97.13999938964844,98.43000030517578,96.2695541381836,1532500,NTAP
2025-05-13,98.43000030517578,99.80000305175781,98.11000061035156,99.52999877929688,97.34541320800781,1377700,NTAP
2025-05-14,99.97000122070312,100.44000244140625,99.0,99.6500015258789,97.4627914428711,1839800,NTAP
2025-05-15,99.19000244140625,99.83999633789062,98.27999877929688,99.81999969482422,97.6290512084961,1894400,NTAP
2025-05-16,99.9800033569336,100.95999908447266,99.37000274658203,100.52999877929688,98.3234634399414,1698600,NTAP
2025-05-19,99.62000274658203,101.94999694824219,99.18000030517578,101.52999877929688,99.301513671875,2036800,NTAP
2025-05-20,100.48999786376953,101.69999694824219,100.11000061035156,101.05999755859375,98.84182739257812,1666100,NTAP
2025-05-21,100.11000061035156,102.16999816894531,99.19000244140625,99.56999969482422,97.38453674316406,1777200,NTAP
2025-05-22,99.56999969482422,100.5199966430664,98.87999725341797,99.77999877929688,97.58992767333984,1520200,NTAP
2025-05-23,97.91999816894531,98.5,96.88999938964844,98.0,95.8489990234375,2840400,NTAP
2025-05-27,99.86000061035156,100.4800033569336,99.12000274658203,100.37000274658203,98.16698455810547,2135600,NTAP
2025-05-28,100.69000244140625,101.12999725341797,99.54000091552734,99.66999816894531,97.48233032226562,1812100,NTAP
2025-05-29,100.0,100.22000122070312,98.19999694824219,99.20999908447266,97.03244018554688,3941500,NTAP
2025-05-30,94.5,100.98999786376953,94.11000061035156,99.16000366210938,96.9835433959961,7014000,NTAP
2025-06-02,99.0199966430664,99.11000061035156,96.12999725341797,98.7699966430664,96.60209655761719,3087600,NTAP
2025-06-03,98.7699966430664,103.72000122070312,98.4800033569336,103.66000366210938,101.38478088378906,2701700,NTAP
2025-06-04,104.0,105.01000213623047,103.54000091552734,103.76000213623047,101.48257446289062,2744800,NTAP
2025-06-05,103.91000366210938,105.0,103.2699966430664,104.5999984741211,102.30413055419922,2673700,NTAP
2025-06-06,105.5,106.9800033569336,104.83999633789062,106.25,103.91791534423828,2872700,NTAP
2025-06-09,106.91999816894531,107.08999633789062,102.86000061035156,103.05999755859375,100.79793548583984,2317800,NTAP
2025-06-10,103.05999755859375,103.58999633789062,102.0,102.51000213623047,100.26000213623047,1879700,NTAP
2025-06-11,102.98999786376953,102.98999786376953,101.19000244140625,102.62999725341797,100.37737274169922,2800600,NTAP
2025-06-12,102.1500015258789,103.69999694824219,101.91999816894531,102.94000244140625,100.68057250976562,1900900,NTAP
2025-06-13,101.4800033569336,102.01000213623047,99.9000015258789,100.48999786376953,98.28433990478516,3516000,NTAP
2025-06-16,101.6500015258789,104.27999877929688,101.16999816894531,104.19999694824219,101.91291046142578,2113900,NTAP
2025-06-17,103.56999969482422,104.63999938964844,102.44999694824219,103.19999694824219,100.93486785888672,2124500,NTAP
2025-06-18,104.12999725341797,104.23999786376953,102.41000366210938,102.75,100.49473571777344,1859600,NTAP
2025-06-20,103.5,103.93000030517578,101.83999633789062,102.69000244140625,100.4360580444336,3005900,NTAP
2025-06-23,102.02999877929688,104.36000061035156,101.7300033569336,104.2699966430664,101.98136901855469,2523200,NTAP
2025-06-24,104.80000305175781,106.22000122070312,103.91000366210938,106.12999725341797,103.80054473876953,1905400,NTAP
2025-06-25,106.41999816894531,107.0,105.05000305175781,105.18000030517578,102.87139892578125,1677000,NTAP
2025-06-26,105.31999969482422,105.75,103.54000091552734,104.75,102.45085144042969,2115700,NTAP
2025-06-27,105.29000091552734,106.45999908447266,103.47000122070312,105.72000122070312,103.39955139160156,2976100,NTAP
2025-06-30,106.5,106.97000122070312,105.44000244140625,106.55000305175781,104.21134185791016,2006000,NTAP
2025-07-01,106.05000305175781,108.0999984741211,105.62000274658203,106.69000244140625,104.3482666015625,1493500,NTAP
2025-07-02,106.4000015258789,107.68000030517578,104.8499984741211,107.61000061035156,105.2480697631836,1400100,NTAP
2025-07-03,107.44999694824219,108.25,106.8499984741211,107.26000213623047,105.41514587402344,940200,NTAP
2025-07-07,106.87000274658203,107.91000366210938,105.19999694824219,105.5,103.68541717529297,1376900,NTAP
2025-07-08,106.18000030517578,107.16000366210938,105.26000213623047,106.66000366210938,104.8254623413086,1270400,NTAP
2025-07-09,106.66000366210938,107.06999969482422,105.5999984741211,106.66999816894531,104.83528900146484,1201900,NTAP
2025-07-10,106.83999633789062,106.88999938964844,105.70999908447266,106.41999816894531,104.58959197998047,1354700,NTAP
2025-07-11,105.4000015258789,105.97000122070312,104.56999969482422,105.2699966430664,103.4593734741211,1538100,NTAP
2025-07-14,105.01000213623047,105.38999938964844,102.72000122070312,104.66999816894531,102.86968994140625,1275000,NTAP
2025-07-15,105.83000183105469,105.83000183105469,103.43000030517578,103.47000122070312,101.6903305053711,982300,NTAP
2025-07-16,103.6500015258789,104.4800033569336,102.37999725341797,104.16000366210938,102.36847686767578,1423100,NTAP
2025-07-17,104.33999633789062,107.26000213623047,104.04000091552734,107.25,105.40531921386719,2577800,NTAP
2025-07-18,108.18000030517578,110.31999969482422,107.76000213623047,108.37000274658203,106.50605010986328,1742700,NTAP
2025-07-21,109.04000091552734,109.05999755859375,106.91999816894531,107.45999908447266,105.6116943359375,2159700,NTAP
2025-07-22,107.47000122070312,107.97000122070312,104.91999816894531,104.94999694824219,103.14486694335938,1650300,NTAP
2025-07-23,105.6500015258789,106.5,105.31999969482422,105.87999725341797,104.05887603759766,2082900,NTAP
2025-07-24,105.7300033569336,106.3499984741211,104.5999984741211,104.66000366210938,102.85987091064453,1585200,NTAP
2025-07-25,105.08999633789062,105.33999633789062,104.37000274658203,104.94000244140625,103.13504791259766,893200,NTAP
2025-07-28,105.36000061035156,107.12999725341797,105.36000061035156,106.91000366210938,105.07117462158203,1177200,NTAP
2025-07-29,107.66000366210938,107.91999816894531,105.38999938964844,106.08999633789062,104.26526641845703,1362900,NTAP
2025-07-30,106.0,106.5,104.18000030517578,104.69999694824219,102.899169921875,1363200,NTAP
2025-07-31,104.87999725341797,105.91999816894531,103.9000015258789,104.12999725341797,102.33897399902344,1196400,NTAP
2025-08-01,102.51000213623047,102.83999633789062,100.55999755859375,101.0999984741211,99.36109924316406,1415000,NTAP
2025-08-04,101.81999969482422,103.31999969482422,101.2300033569336,103.2300033569336,101.4544677734375,1193800,NTAP
2025-08-05,103.7699966430664,104.02999877929688,101.80000305175781,102.01000213623047,100.25544738769531,1255800,NTAP
2025-08-06,102.69000244140625,104.26000213623047,102.12999725341797,103.33000183105469,101.55274200439453,1630400,NTAP
2025-08-07,104.33999633789062,104.61000061035156,102.36000061035156,103.8499984741211,102.06379699707031,1330400,NTAP
2025-08-08,104.51000213623047,106.48999786376953,103.9000015258789,106.20999908447266,104.3832015991211,1275300,NTAP
2025-08-11,105.9000015258789,107.27999877929688,105.33000183105469,105.87999725341797,104.05887603759766,1334300,NTAP
2025-08-12,106.44999694824219,108.05000305175781,106.29000091552734,107.77999877929688,105.92620086669922,1558300,NTAP
2025-08-13,108.0,109.51000213623047,107.37000274658203,109.4000015258789,107.5183334350586,1306600,NTAP
2025-08-14,108.79000091552734,109.8499984741211,108.04000091552734,109.55999755859375,107.67558288574219,1965300,NTAP
2025-08-15,109.62000274658203,110.01000213623047,108.06999969482422,108.79000091552734,106.91883087158203,2066200,NTAP
2025-08-18,108.55000305175781,109.38999938964844,108.33999633789062,108.9000015258789,107.02693939208984,1193400,NTAP
2025-08-19,109.06999969482422,110.0999984741211,108.69000244140625,109.16000366210938,107.28246307373047,1731900,NTAP
2025-08-20,109.18000030517578,109.2300033569336,105.86000061035156,108.41999816894531,106.5551986694336,2498800,NTAP
2025-08-21,108.12000274658203,108.6500015258789,107.26000213623047,107.77999877929688,105.92620086669922,1509500,NTAP
2025-08-22,108.47000122070312,110.86000061035156,107.55999755859375,110.5199966430664,108.61906433105469,1331300,NTAP
2025-08-25,110.37000274658203,111.54000091552734,109.94000244140625,111.01000213623047,109.10064697265625,2293700,NTAP
2025-08-26,110.80000305175781,111.26000213623047,109.38999938964844,109.41000366210938,107.5281753540039,3099400,NTAP
2025-08-27,109.41999816894531,112.45999908447266,109.30000305175781,112.12999725341797,110.20138549804688,3377500,NTAP
2025-08-28,108.61000061035156,117.41999816894531,108.61000061035156,117.22000122070312,115.20384216308594,4683700,NTAP
2025-08-29,116.45999908447266,118.23999786376953,112.19000244140625,112.79000091552734,110.85003662109375,2552000,NTAP
2025-09-02,110.91000366210938,115.5999984741211,110.20999908447266,115.37000274658203,113.38565826416016,2709900,NTAP
2025-09-03,115.41000366210938,116.58999633789062,115.38999938964844,116.47000122070312,114.46672821044922,1982300,NTAP
2025-09-04,117.0,118.98999786376953,115.19999694824219,118.83000183105469,116.78614807128906,2049800,NTAP
2025-09-05,119.0,120.45999908447266,117.54000091552734,118.75,116.70751953125,1412900,NTAP
2025-09-08,118.83000183105469,121.33000183105469,118.37999725341797,121.16999816894531,119.08589172363281,3018300,NTAP
2025-09-09,121.5999984741211,123.25,120.7300033569336,123.12000274658203,121.00235748291016,2000800,NTAP
2025-09-10,123.66999816894531,124.62000274658203,122.73999786376953,123.52999877929688,121.4052963256836,2170200,NTAP
2025-09-11,124.30000305175781,125.62999725341797,122.58000183105469,125.08999633789062,122.9384765625,2106600,NTAP
2025-09-12,125.05000305175781,125.26000213623047,123.75,124.0,121.86721801757812,1868600,NTAP
2025-09-15,124.30000305175781,125.81999969482422,123.41999816894531,124.16000366210938,122.02447509765625,2477800,NTAP
2025-09-16,124.05999755859375,124.55999755859375,122.66999816894531,123.37000274658203,121.24805450439453,1685000,NTAP
2025-09-17,123.19999694824219,124.76000213623047,122.20999908447266,123.91999816894531,121.78858947753906,1770500,NTAP
2025-09-18,123.87999725341797,126.54000091552734,123.87999725341797,126.36000061035156,124.18663024902344,1842400,NTAP
2025-09-19,126.54000091552734,126.66000366210938,124.3499984741211,125.16000366210938,123.00727081298828,7250400,NTAP
2025-09-22,124.5199966430664,125.20999908447266,123.75,124.61000061035156,122.46672058105469,1512700,NTAP
2025-09-23,124.61000061035156,124.77999877929688,122.91999816894531,123.44000244140625,121.31684875488281,1974600,NTAP
2025-09-24,123.22000122070312,123.58999633789062,122.31999969482422,123.25,121.13011932373047,1825500,NTAP
2025-09-25,121.87000274658203,122.0,119.62000274658203,120.77999877929688,118.70259857177734,1867700,NTAP
2025-09-26,120.83999633789062,120.94999694824219,119.33999633789062,119.87999725341797,117.81808471679688,1475100,NTAP
2025-09-29,120.66999816894531,121.1500015258789,118.1500015258789,118.56999969482422,116.5306167602539,1607600,NTAP
2025-09-30,118.37000274658203,119.38999938964844,116.52999877929688,118.45999908447266,116.4225082397461,2056500,NTAP
2025-10-01,117.43000030517578,119.18000030517578,117.08000183105469,118.5,116.46182250976562,1841300,NTAP
2025-10-02,120.05999755859375,120.66000366210938,118.06999969482422,120.06999969482422,118.00481414794922,1589000,NTAP
2025-10-03,119.88999938964844,121.37000274658203,118.6500015258789,118.72000122070312,117.185546875,1265300,NTAP
2025-10-06,119.98999786376953,120.54000091552734,117.56999969482422,120.41999816894531,118.86357116699219,1636800,NTAP
2025-10-07,121.69000244140625,122.31999969482422,117.3499984741211,117.98999786376953,116.46498107910156,1353000,NTAP
2025-10-08,118.23999786376953,121.95999908447266,118.01000213623047,121.81999969482422,120.24547576904297,1433400,NTAP
2025-10-09,121.13999938964844,121.5,118.75,120.30999755859375,118.75499725341797,1387800,NTAP
2025-10-10,119.0,119.0,112.62999725341797,113.94000244140625,112.46732330322266,4304600,NTAP
2025-10-13,116.27999877929688,119.38999938964844,115.4000015258789,118.86000061035156,117.32373809814453,2052400,NTAP
2025-10-14,116.94000244140625,121.7300033569336,116.36000061035156,120.55000305175781,118.99189758300781,2309800,NTAP
2025-10-15,121.62000274658203,123.66000366210938,120.72000122070312,121.47000122070312,119.9000015258789,2307000,NTAP
2025-10-16,122.11000061035156,123.0,118.66000366210938,119.4000015258789,117.85675811767578,2093800,NTAP
2025-10-17,119.23999786376953,119.98999786376953,118.25,119.06999969482422,117.53102111816406,1234700,NTAP
2025-10-20,119.81999969482422,120.37000274658203,117.05999755859375,117.23999786376953,115.72466278076172,1414200,NTAP
2025-10-21,116.66000366210938,119.6500015258789,116.66000366210938,119.08000183105469,117.54088592529297,1207800,NTAP
2025-10-22,119.01000213623047,119.58000183105469,115.62999725341797,116.76000213623047,115.2508773803711,1597100,NTAP
2025-10-23,117.13999938964844,119.05999755859375,117.13999938964844,117.79000091552734,116.26756286621094,1521200,NTAP
2025-10-24,119.26000213623047,119.26000213623047,116.41999816894531,116.63999938964844,115.1324234008789,1709600,NTAP
2025-10-27,117.36000061035156,118.25,116.12999725341797,117.19000244140625,115.6753158569336,1522400,NTAP
2025-10-28,117.0,117.16000366210938,114.11000061035156,115.91000366210938,114.411865234375,1667200,NTAP
2025-10-29,115.95999908447266,116.25,113.79000091552734,114.12000274658203,112.6449966430664,2164700,NTAP
2025-10-30,114.12999725341797,116.29000091552734,113.66999816894531,115.56999969482422,114.07626342773438,1302800,NTAP
2025-10-31,116.12999725341797,118.55999755859375,115.9800033569336,117.77999877929688,116.2576904296875,1499000,NTAP
2025-11-03,117.16000366210938,118.29000091552734,116.79000091552734,116.94000244140625,115.42854309082031,1637900,NTAP
2025-11-04,114.37999725341797,115.55999755859375,113.01000213623047,113.33999633789062,111.87507629394531,2002100,NTAP
2025-11-05,114.37999725341797,116.31999969482422,113.69000244140625,115.69000244140625,114.19470977783203,1588800,NTAP
2025-11-06,115.38999938964844,116.06999969482422,113.61000061035156,113.7699966430664,112.29952239990234,1807900,NTAP
2025-11-07,112.83999633789062,113.55000305175781,110.83999633789062,112.97000122070312,111.50985717773438,1764700,NTAP
2025-11-10,114.29000091552734,114.73999786376953,110.62000274658203,112.5,111.04593658447266,2084100,NTAP
2025-11-11,111.73999786376953,112.12000274658203,109.56999969482422,110.41999816894531,108.99281311035156,2071700,NTAP
2025-11-12,111.0,112.80000305175781,110.91999816894531,111.56999969482422,110.1279525756836,2255900,NTAP
2025-11-13,111.0,111.77999877929688,109.36000061035156,109.5999984741211,108.18341827392578,1842100,NTAP
2025-11-14,108.19999694824219,111.23999786376953,107.3499984741211,109.44000244140625,108.0254898071289,1437300,NTAP
2025-11-17,107.4800033569336,109.33999633789062,106.12999725341797,106.80000305175781,105.41960906982422,2757800,NTAP
2025-11-18,106.4000015258789,107.73999786376953,106.06999969482422,106.4000015258789,105.0247802734375,2195100,NTAP
2025-11-19,106.91999816894531,107.26000213623047,106.04000091552734,106.2699966430664,104.89645385742188,1952600,NTAP
2025-11-20,108.30999755859375,109.08999633789062,102.58999633789062,103.23999786376953,101.9056167602539,2105900,NTAP
2025-11-21,103.62999725341797,108.31999969482422,103.48999786376953,107.30000305175781,105.91314697265625,2974700,NTAP
2025-11-24,107.87999725341797,110.66000366210938,107.55000305175781,108.95999908447266,107.55168914794922,3981600,NTAP
2025-11-25,108.0,112.56999969482422,107.98999786376953,111.4800033569336,110.03912353515625,3625300,NTAP
2025-11-26,116.5199966430664,116.5199966430664,106.5199966430664,109.25,107.83794403076172,5036900,NTAP
2025-11-28,109.70999908447266,111.91000366210938,109.33000183105469,111.55999755859375,110.11808013916016,1370400,NTAP
2025-12-01,110.04000091552734,112.55999755859375,109.58000183105469,112.2699966430664,110.81890869140625,2376200,NTAP
2025-12-02,113.0,116.54000091552734,112.66999816894531,115.83000183105469,114.33290100097656,3135000,NTAP
2025-12-03,115.56999969482422,116.33999633789062,113.7300033569336,114.66000366210938,113.17801666259766,1717800,NTAP
2025-12-04,114.66000366210938,116.54000091552734,114.27999877929688,115.98999786376953,114.49082946777344,1392900,NTAP
2025-12-05,116.01000213623047,117.75,115.69000244140625,117.2699966430664,115.75428009033203,1548700,NTAP
2025-12-08,117.61000061035156,117.75,116.47000122070312,117.52999877929688,116.01092529296875,1700000,NTAP
2025-12-09,117.05000305175781,117.93000030517578,115.80000305175781,117.30000305175781,115.78389739990234,1271900,NTAP
2025-12-10,117.37000274658203,119.62000274658203,117.12999725341797,119.38999938964844,117.84688568115234,1976000,NTAP
2025-12-11,119.2699966430664,119.68000030517578,116.61000061035156,119.11000061035156,117.57050323486328,1845200,NTAP
2025-12-12,119.11000061035156,119.72000122070312,114.97000122070312,115.66000366210938,114.16509246826172,1489200,NTAP
2025-12-15,116.69999694824219,116.7699966430664,113.69999694824219,114.11000061035156,112.63512420654297,1355800,NTAP
2025-12-16,114.4800033569336,114.58999633789062,112.56999969482422,113.08999633789062,111.62830352783203,1755800,NTAP
2025-12-17,113.73999786376953,114.7300033569336,110.41999816894531,110.95999908447266,109.52584075927734,2070900,NTAP
2025-12-18,112.37000274658203,112.69999694824219,107.62999725341797,110.5,109.07178497314453,2405400,NTAP
2025-12-19,110.80000305175781,112.79000091552734,110.73999786376953,111.9000015258789,110.45369720458984,3799800,NTAP
2025-12-22,112.81999969482422,113.12000274658203,110.66000366210938,110.9000015258789,109.46662139892578,1791500,NTAP
2025-12-23,110.5999984741211,111.55000305175781,109.6500015258789,109.83999633789062,108.4203109741211,1394000,NTAP
2025-12-24,109.70999908447266,110.4800033569336,109.37999725341797,110.05999755859375,108.6374740600586,507200,NTAP
2025-12-26,110.25,110.63999938964844,109.63999938964844,110.51000213623047,109.08165740966797,759200,NTAP
2025-12-29,109.8499984741211,110.61000061035156,109.30999755859375,109.4000015258789,107.98600769042969,1186100,NTAP
2025-12-30,109.27999877929688,109.37999725341797,108.33000183105469,108.41999816894531,107.01866149902344,1002100,NTAP
2025-12-31,108.47000122070312,108.47000122070312,107.01000213623047,107.08999633789062,105.70586395263672,1079600,NTAP
2026-01-02,107.6500015258789,107.95999908447266,105.23999786376953,106.47000122070312,105.60667419433594,1829900,NTAP
2026-01-05,107.5,107.66999816894531,104.6500015258789,105.08000183105469,104.22794342041016,1702200,NTAP
2026-01-06,104.91000366210938,107.05999755859375,104.16999816894531,106.62000274658203,105.75546264648438,2648600,NTAP
2026-01-07,106.7300033569336,107.05000305175781,103.3499984741211,104.30999755859375,103.46418762207031,2383000,NTAP
2026-01-08,103.9000015258789,107.22000122070312,103.7300033569336,105.55000305175781,104.69413757324219,2978900,NTAP
2026-01-09,105.77999877929688,106.08999633789062,104.16000366210938,105.38999938964844,104.53543090820312,1446700,NTAP
2026-01-12,105.48999786376953,107.44999694824219,104.55999755859375,107.02999877929688,106.1621322631836,2027000,NTAP
2026-01-13,109.4800033569336,110.41999816894531,107.05999755859375,107.27999877929688,106.41011047363281,2274900,NTAP
2026-01-14,107.11000061035156,109.25,106.77999877929688,107.66999816894531,106.79694366455078,2171300,NTAP
2026-01-15,109.0199966430664,109.98999786376953,108.29000091552734,108.4000015258789,107.52102661132812,2260000,NTAP
2026-01-16,109.3499984741211,109.3499984741211,103.41999816894531,103.83999633789062,102.99800109863281,2815200,NTAP
2026-01-20,98.41999816894531,99.5199966430664,93.69000244140625,94.11000061035156,93.3469009399414,5233500,NTAP
2026-01-21,95.3499984741211,97.73999786376953,94.8499984741211,97.08999633789062,96.30272674560547,3325600,NTAP
2026-01-22,97.94999694824219,99.58000183105469,97.0,99.25,98.4452133178711,2317200,NTAP
2026-01-23,99.1500015258789,99.1500015258789,96.45999908447266,97.41999816894531,96.63005828857422,3266200,NTAP
2026-01-26,97.8499984741211,99.44000244140625,97.33000183105469,98.80999755859375,98.00878143310547,2374800,NTAP
2026-01-27,99.81999969482422,100.1500015258789,97.16000366210938,99.88999938964844,99.08003234863281,2254400,NTAP
2026-01-28,100.26000213623047,100.58000183105469,98.88999938964844,99.33000183105469,98.52457427978516,1947200,NTAP
2026-01-29,99.4000015258789,99.7699966430664,97.56999969482422,98.33000183105469,97.53268432617188,2603300,NTAP
2026-01-30,98.06999969482422,98.31999969482422,95.93000030517578,96.3499984741211,95.5687255859375,4167900,NTAP
2026-02-02,96.05000305175781,98.25,95.5199966430664,97.45999908447266,96.66973114013672,2681500,NTAP
2026-02-03,97.25,97.33000183105469,94.45999908447266,95.48999786376953,94.71570587158203,2204400,NTAP
2026-02-04,95.33000183105469,101.0,95.01000213623047,100.52999877929688,99.71483612060547,3539300,NTAP
2026-02-05,99.0199966430664,99.91000366210938,98.13999938964844,99.58999633789062,98.78245544433594,2427900,NTAP
2026-02-06,100.9000015258789,103.58000183105469,100.75,103.33999633789062,102.5020523071289,1884400,NTAP
2026-02-09,102.55000305175781,104.69000244140625,101.75,103.68000030517578,102.83929443359375,1723100,NTAP
2026-02-10,103.44999694824219,106.1500015258789,102.94000244140625,105.63999938964844,104.78340148925781,2656200,NTAP
2026-02-11,106.91999816894531,107.05000305175781,104.08000183105469,105.9000015258789,105.04129791259766,1885000,NTAP
2026-02-12,101.80000305175781,103.6500015258789,97.27999877929688,98.22000122070312,97.42356872558594,3392000,NTAP
2026-02-13,98.62999725341797,103.20999908447266,98.62999725341797,102.41999816894531,101.58951568603516,2203300,NTAP
2026-02-17,101.83999633789062,102.80000305175781,100.18000030517578,101.06999969482422,100.2504653930664,1899100,NTAP
2026-02-18,100.3499984741211,102.06999969482422,98.6500015258789,101.31999969482422,100.4984359741211,1844100,NTAP
2026-02-19,101.0,102.30000305175781,100.54000091552734,101.5999984741211,100.77616119384766,1665600,NTAP
2026-02-20,101.26000213623047,104.75,101.26000213623047,102.4800033569336,101.64903259277344,1819300,NTAP
2026-02-23,100.98999786376953,102.26000213623047,99.33999633789062,100.52999877929688,99.71483612060547,2554700,NTAP
2026-02-24,101.2300033569336,103.16999816894531,99.80000305175781,99.87000274658203,99.06019592285156,2472100,NTAP
2026-02-25,100.06999969482422,102.44000244140625,99.83000183105469,101.87999725341797,101.05389404296875,2644100,NTAP
2026-02-26,103.23999786376953,103.23999786376953,99.0,99.13999938964844,98.33611297607422,3817200,NTAP
2026-02-27,98.66000366210938,99.61000061035156,96.01000213623047,99.02999877929688,98.22699737548828,5113700,NTAP
2026-03-02,96.9800033569336,101.41999816894531,96.20999908447266,100.1500015258789,99.33792114257812,2371200,NTAP
2026-03-03,97.37000274658203,99.45999908447266,95.91000366210938,98.79000091552734,97.98895263671875,2852700,NTAP
2026-03-04,99.12999725341797,101.05000305175781,98.29000091552734,99.55000305175781,98.74279022216797,1393600,NTAP
2026-03-05,98.7699966430664,102.98999786376953,98.68000030517578,102.11000061035156,101.28202819824219,2528400,NTAP
2026-03-06,100.12000274658203,101.2699966430664,98.95999908447266,101.05999755859375,100.24053955078125,1944400,NTAP
2026-03-09,99.11000061035156,100.7300033569336,97.68000030517578,100.61000061035156,99.794189453125,1862300,NTAP
2026-03-10,100.66999816894531,101.18000030517578,96.7300033569336,96.91000366210938,96.12419128417969,1783300,NTAP
2026-03-11,97.30000305175781,98.52999877929688,96.7300033569336,97.58000183105469,96.78876495361328,2021400,NTAP
2026-03-12,97.1500015258789,99.66999816894531,96.79000091552734,96.93000030517578,96.14402770996094,2073200,NTAP
2026-03-13,97.55999755859375,99.36000061035156,97.3499984741211,98.66000366210938,97.8600082397461,1527200,NTAP
2026-03-16,100.36000061035156,102.70999908447266,99.76000213623047,102.23999786376953,101.41097259521484,2485100,NTAP
2026-03-17,103.05000305175781,104.01000213623047,101.87000274658203,101.91999816894531,101.09356689453125,2072300,NTAP
2026-03-18,101.19000244140625,102.08999633789062,100.58999633789062,100.7699966430664,99.95288848876953,1825700,NTAP
2026-03-19,100.44999694824219,104.95999908447266,100.41000366210938,103.08999633789062,102.25408172607422,2132500,NTAP
2026-03-20,102.75,103.19000244140625,100.1500015258789,101.11000061035156,100.2901382446289,7694400,NTAP
2026-03-23,102.58000183105469,103.26000213623047,100.51000213623047,101.30000305175781,100.47859954833984,2129800,NTAP
2026-03-24,100.44999694824219,104.58999633789062,100.0999984741211,104.30999755859375,103.46418762207031,2721000,NTAP
2026-03-25,104.66999816894531,107.41000366210938,104.26000213623047,105.5,104.64453887939453,1745300,NTAP
2026-03-26,104.56999969482422,106.48999786376953,104.31999969482422,104.44999694824219,103.6030502319336,1844400,NTAP
2026-03-27,103.98999786376953,104.38999938964844,101.52999877929688,102.33999633789062,101.5101547241211,1431500,NTAP
2026-03-30,103.4800033569336,104.2300033569336,100.45999908447266,101.18000030517578,100.35956573486328,2376100,NTAP
2026-03-31,101.7699966430664,103.1500015258789,99.5999984741211,102.38999938964844,101.55975341796875,2768100,NTAP
2026-04-01,102.38999938964844,103.95999908447266,100.8499984741211,102.04000091552734,101.21260070800781,1867000,NTAP
2026-04-02,100.66000366210938,103.62999725341797,100.23999786376953,103.3499984741211,103.03704833984375,1388600,NTAP
2026-04-06,103.22000122070312,104.0,100.81999969482422,100.9000015258789,100.59447479248047,1360800,NTAP
2026-04-07,100.04000091552734,100.20999908447266,95.76000213623047,97.61000061035156,97.31443786621094,2539300,NTAP
2026-04-08,99.38999938964844,100.61000061035156,98.33999633789062,99.47000122070312,99.1688003540039,2258200,NTAP
2026-04-09,99.08000183105469,99.1500015258789,94.88999938964844,95.66999816894531,95.38030242919922,2449000,NTAP
2026-04-10,96.25,96.58000183105469,95.16999816894531,95.93000030517578,95.63951873779297,2037500,NTAP
2026-04-13,95.83000183105469,98.56999969482422,95.05999755859375,98.4000015258789,98.10204315185547,1654500,NTAP
2026-04-14,98.37000274658203,98.9000015258789,97.30999755859375,98.88999938964844,98.5905532836914,2098900,NTAP
2026-04-15,99.08999633789062,100.73999786376953,98.37000274658203,100.33000183105469,100.02619934082031,1656300,NTAP
2026-04-16,100.73999786376953,103.91999816894531,100.11000061035156,103.68000030517578,103.36605072021484,1959500,NTAP
2026-04-17,103.80000305175781,105.69999694824219,103.0,104.52999877929688,104.2134780883789,2139100,NTAP
2026-04-20,104.72000122070312,107.08000183105469,104.72000122070312,106.79000091552734,106.46663665771484,2155200,NTAP
2026-04-21,106.87000274658203,113.77999877929688,106.81999969482422,111.80000305175781,111.46147155761719,3136600,NTAP
2026-04-22,112.4000015258789,112.8499984741211,110.01000213623047,111.0199966430664,110.68382263183594,2149700,NTAP
2026-04-23,109.62999725341797,110.87000274658203,106.63999938964844,108.4000015258789,108.07176208496094,2450700,NTAP
2026-04-24,108.4000015258789,109.45999908447266,106.30000305175781,108.70999908447266,108.38082122802734,1470300,NTAP
2026-04-27,108.5199966430664,109.18000030517578,107.62000274658203,108.44000244140625,108.11164093017578,2176700,NTAP
2026-04-28,108.69000244140625,109.4800033569336,107.23999786376953,108.27999877929688,107.9521255493164,1837000,NTAP
2026-04-29,109.08999633789062,109.72000122070312,107.25,108.6500015258789,108.32100677490234,1537700,NTAP
2026-04-30,108.6500015258789,111.8499984741211,107.70999908447266,110.7699966430664,110.43457794189453,2041000,NTAP
2026-05-01,110.94000244140625,112.30999755859375,110.47000122070312,112.08000183105469,111.74061584472656,1138000,NTAP
2026-05-04,112.27999877929688,113.37000274658203,110.2699966430664,110.94000244140625,110.60407257080078,1307300,NTAP
2026-05-05,111.7699966430664,115.37000274658203,111.30999755859375,114.13999938964844,113.79438018798828,1800800,NTAP
2026-05-06,114.0199966430664,114.0199966430664,110.41999816894531,111.73999786376953,111.40164184570312,2144200,NTAP
2026-05-07,112.2300033569336,115.01000213623047,110.87999725341797,113.0,112.65782928466797,2029700,NTAP
2026-05-08,113.37000274658203,118.22000122070312,112.5999984741211,118.0,117.64269256591797,2893800,NTAP
2026-05-11,117.7300033569336,120.04000091552734,117.2699966430664,117.7300033569336,117.3735122680664,2288100,NTAP
2026-05-12,117.33000183105469,117.68000030517578,113.9000015258789,116.2300033569336,115.8780517578125,2043200,NTAP
2026-05-13,115.91000366210938,119.87000274658203,115.91000366210938,118.58000183105469,118.22093963623047,2122300,NTAP
2026-05-14,119.93000030517578,123.47000122070312,118.79000091552734,119.93000030517578,119.56684875488281,4518200,NTAP
2026-05-15,119.02999877929688,121.44999694824219,117.54000091552734,119.93000030517578,119.56684875488281,2883200,NTAP
2026-05-18,119.91000366210938,122.0999984741211,118.5,120.5999984741211,120.23481750488281,2744000,NTAP
2026-05-19,118.79000091552734,121.66999816894531,117.58999633789062,120.58999633789062,120.22484588623047,2028000,NTAP
2026-05-20,120.16999816894531,121.48999786376953,118.6500015258789,118.97000122070312,118.60975646972656,1828200,NTAP
2026-05-21,118.9000015258789,124.22000122070312,118.75,123.94999694824219,123.57466888427734,2098000,NTAP
2026-05-22,123.62000274658203,141.75,122.69999694824219,139.36000061035156,138.93801879882812,6667700,NTAP
2026-05-26,138.50999450683594,142.4199981689453,136.82000732421875,138.9499969482422,138.5292510986328,6060700,NTAP
2026-05-27,139.5,143.64999389648438,138.6999969482422,142.74000549316406,142.3077850341797,6025700,NTAP
2026-05-28,141.8800048828125,143.5800018310547,137.42999267578125,142.39999389648438,141.9687957763672,6036800,NTAP
2026-05-29,176.69000244140625,192.8300018310547,172.08999633789062,174.2899932861328,173.76223754882812,15908200,NTAP
2026-06-01,171.6699981689453,179.9499969482422,170.7899932861328,179.6999969482422,179.15585327148438,5893600,NTAP
2026-06-02,183.0,186.52999877929688,173.57000732421875,175.63999938964844,175.108154296875,4710000,NTAP
2026-06-03,176.58999633789062,182.86000061035156,175.63999938964844,181.0800018310547,180.5316925048828,3434000,NTAP
2026-06-04,179.63999938964844,180.0,174.7100067138672,178.8699951171875,178.328369140625,3229700,NTAP
2026-06-05,177.0,177.6199951171875,166.72000122070312,167.0399932861328,166.53419494628906,3258600,NTAP
2026-06-08,170.1199951171875,172.0500030517578,165.82000732421875,170.30999755859375,169.79429626464844,2621700,NTAP
2026-06-09,171.82000732421875,171.91000366210938,160.00999450683594,165.0,164.50038146972656,2725700,NTAP
2026-06-10,163.47999572753906,166.11000061035156,160.55999755859375,160.66000366210938,160.17352294921875,3177000,NTAP
2026-06-11,160.91000366210938,161.61000061035156,157.05999755859375,160.47000122070312,159.9840850830078,2463200,NTAP
2026-06-12,159.5,163.05999755859375,156.41000366210938,161.61000061035156,161.12063598632812,1774600,NTAP
2026-06-15,163.14999389648438,164.14999389648438,159.17999267578125,161.82000732421875,161.33001708984375,3001700,NTAP
2026-06-16,162.07000732421875,164.0,157.39999389648438,161.25999450683594,160.77169799804688,2494100,NTAP
2026-06-17,161.50999450683594,161.77000427246094,154.00999450683594,154.80999755859375,154.3412322998047,2292300,NTAP
2026-06-18,158.63999938964844,161.1699981689453,153.3300018310547,159.7100067138672,159.2263946533203,8151300,NTAP
2026-06-22,159.8000030517578,164.66000366210938,157.30999755859375,158.30999755859375,157.83062744140625,3590100,NTAP
2026-06-23,154.55999755859375,159.1999969482422,152.3300018310547,157.82000732421875,157.3421173095703,3274000,NTAP
2026-06-24,156.39999389648438,157.55999755859375,151.36000061035156,155.55999755859375,155.08895874023438,2786600,NTAP
2026-06-25,157.42999267578125,158.0,152.52999877929688,154.58999633789062,154.12188720703125,2076700,NTAP
2026-06-26,154.16000366210938,154.7100067138672,149.27000427246094,152.4499969482422,151.98837280273438,3318600,NTAP
2026-06-29,153.25999450683594,156.0500030517578,151.3800048828125,155.05999755859375,154.59046936035156,1742700,NTAP
2026-06-30,154.3699951171875,156.14999389648438,151.1300048828125,154.75999450683594,154.2913818359375,2532500,NTAP
2026-07-01,155.02000427246094,160.2899932861328,153.10000610351562,156.3800048828125,155.90647888183594,4005600,NTAP
2026-07-02,155.86000061035156,159.77999877929688,153.16000366210938,154.1699981689453,153.7031707763672,1930200,NTAP
2026-07-06,155.24000549316406,163.89999389648438,155.1300048828125,163.5500030517578,163.0547637939453,3630900,NTAP
2026-07-07,163.5500030517578,167.72000122070312,163.1300048828125,165.77999877929688,165.27801513671875,3664800,NTAP
2026-07-08,162.74000549316406,166.7100067138672,161.67999267578125,165.39999389648438,164.89915466308594,2380700,NTAP
2026-07-09,165.5800018310547,171.97000122070312,164.00999450683594,171.72999572753906,171.20999145507812,5239800,NTAP
2026-07-10,170.9199981689453,176.97000122070312,168.66000366210938,168.8699951171875,168.8699951171875,3303000,NTAP
2026-07-13,168.19000244140625,168.52999877929688,160.5,163.92999267578125,163.92999267578125,2664400,NTAP
2026-07-14,166.3699951171875,175.6699981689453,164.41000366210938,174.5500030517578,174.5500030517578,3037300,NTAP
2026-07-15,175.4199981689453,175.69000244140625,156.30999755859375,162.10000610351562,162.10000610351562,3586100,NTAP
2026-07-16,161.60000610351562,162.0800018310547,156.25999450683594,159.69000244140625,159.69000244140625,2371400,NTAP
2026-07-17,157.67999267578125,165.36000061035156,157.0,163.8800048828125,163.8800048828125,2845400,NTAP
2026-07-20,163.7899932861328,165.0,160.80999755859375,161.16000366210938,161.16000366210938,1894200,NTAP
2026-07-21,164.9499969482422,167.57000732421875,163.57000732421875,165.75999450683594,165.75999450683594,1567800,NTAP
2026-07-22,166.0,169.16000366210938,165.86000061035156,166.5399932861328,166.5399932861328,1698500,NTAP
2026-07-23,167.27999877929688,169.02000427246094,163.36000061035156,164.63999938964844,164.63999938964844,1736800,NTAP
2026-07-24,163.44000244140625,169.17999267578125,163.44000244140625,167.74000549316406,167.74000549316406,1231400,NTAP
2026-07-27,170.22000122070312,171.10000610351562,165.17999267578125,169.8000030517578,169.8000030517578,1723300,NTAP
2026-07-28,168.50999450683594,174.9199981689453,163.67999267578125,174.52999877929688,174.52999877929688,2786500,NTAP
2026-07-29,173.5500030517578,178.2899932861328,171.50999450683594,173.22999572753906,173.22999572753906,3758500,NTAP
2026-07-30,174.00999450683594,174.5,170.5,173.97999572753906,173.97999572753906,1995200,NTAP
2026-07-31,179.27000427246094,179.80999755859375,174.0399932861328,178.5,178.5,1829900,NTAP
2026-08-03,179.05999755859375,184.3800048828125,176.02000427246094,182.9199981689453,182.9199981689453,1964500,NTAP
