Date,Open,High,Low,Close,Adj Close,Volume,Symbol
2006-08-04,36.59000015258789,36.88999938964844,36.40999984741211,36.5,21.41377067565918,10971600,WFC
2006-08-07,36.5,36.505001068115234,36.08000183105469,36.189998626708984,21.23189926147461,7244000,WFC
2006-08-08,36.19499969482422,36.34000015258789,35.57500076293945,35.73500061035156,20.96495819091797,12422400,WFC
2006-08-09,35.810001373291016,35.93000030517578,34.75,34.8650016784668,20.454545974731445,15922800,WFC
2006-08-10,34.75,34.755001068115234,34.29999923706055,34.724998474121094,20.37242317199707,13050800,WFC
2006-08-11,34.560001373291016,34.84000015258789,34.474998474121094,34.79499816894531,20.413484573364258,6047800,WFC
2006-08-14,35.540000915527344,35.59000015258789,34.5,34.650001525878906,20.32841682434082,6539400,WFC
2006-08-15,35.84000015258789,35.849998474121094,34.95000076293945,34.970001220703125,20.51615333557129,8049500,WFC
2006-08-16,35.29999923706055,35.380001068115234,35.08000183105469,35.22999954223633,20.668684005737305,7873400,WFC
2006-08-17,35.34000015258789,35.38999938964844,35.060001373291016,35.25,20.680423736572266,5339700,WFC
2006-08-18,35.34000015258789,35.77000045776367,35.0,35.13999938964844,20.615888595581055,6990000,WFC
2006-08-21,35.119998931884766,35.290000915527344,35.0099983215332,35.209999084472656,20.65694808959961,6733700,WFC
2006-08-22,35.31999969482422,35.31999969482422,34.869998931884766,34.880001068115234,20.463359832763672,8289800,WFC
2006-08-23,34.88999938964844,34.970001220703125,34.58000183105469,34.90999984741211,20.48094940185547,7197400,WFC
2006-08-24,35.0,35.2400016784668,34.970001220703125,35.209999084472656,20.65694808959961,7025200,WFC
2006-08-25,35.099998474121094,35.209999084472656,34.790000915527344,34.900001525878906,20.475088119506836,4387700,WFC
2006-08-28,35.0,35.220001220703125,34.88999938964844,35.119998931884766,20.60415267944336,4224000,WFC
2006-08-29,35.130001068115234,35.130001068115234,34.619998931884766,34.849998474121094,20.44574546813965,6449700,WFC
2006-08-30,34.779998779296875,35.0,34.689998626708984,34.689998626708984,20.351879119873047,5045600,WFC
2006-08-31,34.88999938964844,34.900001525878906,34.689998626708984,34.75,20.3870849609375,11055800,WFC
2006-09-01,34.880001068115234,34.900001525878906,34.63999938964844,34.81999969482422,20.42815399169922,6150900,WFC
2006-09-05,34.86000061035156,35.040000915527344,34.75,34.83000183105469,20.434011459350586,6165500,WFC
2006-09-06,34.83000183105469,35.2400016784668,34.70000076293945,35.040000915527344,20.55722427368164,8283200,WFC
2006-09-07,35.040000915527344,35.13999938964844,34.56999969482422,34.66999816894531,20.340152740478516,6723800,WFC
2006-09-08,35.099998474121094,35.099998474121094,34.5099983215332,34.97999954223633,20.522018432617188,6596700,WFC
2006-09-11,35.099998474121094,35.11000061035156,34.209999084472656,35.040000915527344,20.55722427368164,5197800,WFC
2006-09-12,35.189998626708984,35.45000076293945,35.040000915527344,35.34000015258789,20.733226776123047,8839300,WFC
2006-09-13,35.33000183105469,35.540000915527344,35.13999938964844,35.47999954223633,20.815364837646484,6318700,WFC
2006-09-14,35.47999954223633,35.689998626708984,35.2599983215332,35.63999938964844,20.909229278564453,7104900,WFC
2006-09-15,35.91999816894531,36.02000045776367,35.720001220703125,35.869998931884766,21.04416275024414,12860300,WFC
2006-09-18,35.77000045776367,35.97999954223633,35.45000076293945,35.779998779296875,20.991355895996094,7045800,WFC
2006-09-19,35.849998474121094,35.97999954223633,35.630001068115234,35.970001220703125,21.102832794189453,4750900,WFC
2006-09-20,36.0,36.400001525878906,36.0,36.29999923706055,21.296432495117188,7031200,WFC
2006-09-21,36.40999984741211,36.4900016784668,35.880001068115234,36.099998474121094,21.179100036621094,6262000,WFC
2006-09-22,36.279998779296875,36.279998779296875,35.90999984741211,36.0099983215332,21.126298904418945,3550400,WFC
2006-09-25,36.290000915527344,36.4900016784668,36.04999923706055,36.369998931884766,21.337505340576172,6484300,WFC
2006-09-26,36.47999954223633,36.47999954223633,36.25,36.459999084472656,21.390308380126953,6973500,WFC
2006-09-27,36.45000076293945,36.459999084472656,36.09000015258789,36.18000030517578,21.226037979125977,5727500,WFC
2006-09-28,36.25,36.36000061035156,36.06999969482422,36.119998931884766,21.19083595275879,5447100,WFC
2006-09-29,36.150001525878906,36.439998626708984,36.099998474121094,36.18000030517578,21.226037979125977,5432100,WFC
2006-10-02,36.31999969482422,36.31999969482422,35.83000183105469,36.04999923706055,21.149768829345703,4577500,WFC
2006-10-03,36.04999923706055,36.560001373291016,36.04999923706055,36.4900016784668,21.407909393310547,6904600,WFC
2006-10-04,36.279998779296875,36.72999954223633,36.18000030517578,36.630001068115234,21.49004554748535,7836700,WFC
2006-10-05,36.599998474121094,36.720001220703125,36.400001525878906,36.5099983215332,21.419645309448242,4114600,WFC
2006-10-06,36.369998931884766,36.45000076293945,36.20000076293945,36.34000015258789,21.31989288330078,4834400,WFC
2006-10-09,36.2599983215332,36.41999816894531,36.18000030517578,36.40999984741211,21.36097526550293,2392000,WFC
2006-10-10,36.40999984741211,36.56999969482422,36.22999954223633,36.279998779296875,21.284711837768555,4296700,WFC
2006-10-11,36.279998779296875,36.380001068115234,36.02000045776367,36.220001220703125,21.249500274658203,4630000,WFC
2006-10-12,36.369998931884766,36.439998626708984,36.13999938964844,36.29999923706055,21.296432495117188,5446500,WFC
2006-10-13,36.22999954223633,36.459999084472656,36.15999984741211,36.33000183105469,21.314041137695312,6359300,WFC
2006-10-16,36.33000183105469,36.349998474121094,35.9900016784668,36.20000076293945,21.237777709960938,7133700,WFC
2006-10-17,36.20000076293945,36.68000030517578,35.75,36.47999954223633,21.40203857421875,8750900,WFC
2006-10-18,36.72999954223633,36.95000076293945,36.4900016784668,36.810001373291016,21.59564781188965,6670400,WFC
2006-10-19,36.65999984741211,36.81999969482422,36.29999923706055,36.7400016784668,21.554580688476562,7139800,WFC
2006-10-20,36.90999984741211,36.9900016784668,36.4900016784668,36.630001068115234,21.49004554748535,11002100,WFC
2006-10-23,36.459999084472656,36.75,36.33000183105469,36.66999816894531,21.513505935668945,4544800,WFC
2006-10-24,36.5,36.599998474121094,36.220001220703125,36.45000076293945,21.38443374633789,7779500,WFC
2006-10-25,36.45000076293945,36.540000915527344,36.029998779296875,36.38999938964844,21.349231719970703,7103600,WFC
2006-10-26,36.33000183105469,36.47999954223633,36.08000183105469,36.43000030517578,21.37270164489746,6275300,WFC
2006-10-27,36.43000030517578,36.619998931884766,36.25,36.31999969482422,21.308164596557617,8199100,WFC
2006-10-30,36.470001220703125,36.529998779296875,36.209999084472656,36.34000015258789,21.31989288330078,5850600,WFC
2006-10-31,36.4900016784668,36.72999954223633,36.18000030517578,36.290000915527344,21.29056739807129,11531700,WFC
2006-11-01,36.29999923706055,36.29999923706055,35.77000045776367,35.9900016784668,21.278749465942383,7279600,WFC
2006-11-02,35.869998931884766,36.099998474121094,35.72999954223633,35.869998931884766,21.207794189453125,6738800,WFC
2006-11-03,35.970001220703125,36.22999954223633,35.93000030517578,36.0,21.28465461730957,6358200,WFC
2006-11-06,36.099998474121094,36.400001525878906,36.02000045776367,36.34000015258789,21.485679626464844,7950800,WFC
2006-11-07,36.349998474121094,36.56999969482422,36.20000076293945,36.38999938964844,21.515241622924805,6877000,WFC
2006-11-08,36.439998626708984,36.91999816894531,36.349998474121094,36.79999923706055,21.757648468017578,6838200,WFC
2006-11-09,36.900001525878906,36.900001525878906,36.59000015258789,36.72999954223633,21.716270446777344,5831000,WFC
2006-11-10,36.7400016784668,36.81999969482422,36.47999954223633,36.66999816894531,21.680789947509766,5366300,WFC
2006-11-13,36.709999084472656,36.95000076293945,36.38999938964844,36.4900016784668,21.574371337890625,6552100,WFC
2006-11-14,36.529998779296875,36.91999816894531,36.189998626708984,36.709999084472656,21.704435348510742,5911000,WFC
2006-11-15,36.630001068115234,36.720001220703125,36.119998931884766,36.22999954223633,21.420644760131836,9744200,WFC
2006-11-16,36.61000061035156,36.630001068115234,36.349998474121094,36.5,21.580272674560547,7102800,WFC
2006-11-17,36.29999923706055,36.5,36.2599983215332,36.27000045776367,21.444299697875977,11406500,WFC
2006-11-20,36.27000045776367,36.310001373291016,36.040000915527344,36.15999984741211,21.379249572753906,5877200,WFC
2006-11-21,36.15999984741211,36.20000076293945,35.77000045776367,35.779998779296875,21.154571533203125,7766300,WFC
2006-11-22,35.65999984741211,35.81999969482422,35.40999984741211,35.5099983215332,20.994943618774414,9128900,WFC
2006-11-24,35.34000015258789,35.72999954223633,35.279998779296875,35.56999969482422,21.030420303344727,3660000,WFC
2006-11-27,35.459999084472656,35.56999969482422,35.150001525878906,35.20000076293945,20.811664581298828,10366100,WFC
2006-11-28,35.11000061035156,35.150001525878906,34.900001525878906,35.11000061035156,20.758453369140625,9385700,WFC
2006-11-29,35.15999984741211,35.5,35.150001525878906,35.459999084472656,20.96538734436035,5941700,WFC
2006-11-30,35.459999084472656,35.47999954223633,34.9900016784668,35.2400016784668,20.83531951904297,6475300,WFC
2006-12-01,35.43000030517578,35.4900016784668,35.0099983215332,35.22999954223633,20.829395294189453,8862600,WFC
2006-12-04,35.22999954223633,35.619998931884766,35.20000076293945,35.4900016784668,20.98312759399414,8880800,WFC
2006-12-05,35.5,35.56999969482422,35.310001373291016,35.52000045776367,21.00086212158203,8803800,WFC
2006-12-06,35.619998931884766,35.68000030517578,35.5099983215332,35.52000045776367,21.00086212158203,5104800,WFC
2006-12-07,35.650001525878906,35.79999923706055,35.40999984741211,35.4900016784668,20.98312759399414,5952900,WFC
2006-12-08,35.400001525878906,35.58000183105469,35.209999084472656,35.43000030517578,20.94765853881836,8873800,WFC
2006-12-11,35.43000030517578,35.61000061035156,35.33000183105469,35.38999938964844,20.924007415771484,7216500,WFC
2006-12-12,35.31999969482422,35.470001220703125,35.189998626708984,35.34000015258789,20.894439697265625,12805500,WFC
2006-12-13,35.349998474121094,35.4900016784668,35.290000915527344,35.349998474121094,20.900346755981445,10873500,WFC
2006-12-14,35.41999816894531,35.68000030517578,35.29999923706055,35.56999969482422,21.030420303344727,14117700,WFC
2006-12-15,35.599998474121094,35.77000045776367,35.43000030517578,35.650001525878906,21.077728271484375,19638400,WFC
2006-12-18,35.7400016784668,35.810001373291016,35.529998779296875,35.7599983215332,21.14275360107422,10313500,WFC
2006-12-19,35.709999084472656,36.06999969482422,35.70000076293945,35.88999938964844,21.219619750976562,10087800,WFC
2006-12-20,35.91999816894531,36.04999923706055,35.849998474121094,35.880001068115234,21.213708877563477,6413300,WFC
2006-12-21,35.88999938964844,36.060001373291016,35.86000061035156,35.88999938964844,21.219619750976562,5323400,WFC
2006-12-22,35.79999923706055,36.0,35.52000045776367,35.84000015258789,21.190052032470703,4564000,WFC
2006-12-26,35.7599983215332,35.970001220703125,35.720001220703125,35.939998626708984,21.24918556213379,5115000,WFC
2006-12-27,35.97999954223633,36.15999984741211,35.95000076293945,36.04999923706055,21.3142147064209,5199700,WFC
2006-12-28,36.04999923706055,36.09000015258789,35.83000183105469,35.91999816894531,21.237346649169922,4328300,WFC
2006-12-29,35.81999969482422,35.90999984741211,35.47999954223633,35.560001373291016,21.024513244628906,5992100,WFC
2007-01-03,35.93000030517578,36.0099983215332,35.369998931884766,35.7400016784668,21.130935668945312,12447600,WFC
2007-01-04,35.7400016784668,36.02000045776367,35.540000915527344,35.79999923706055,21.166397094726562,11060500,WFC
2007-01-05,35.790000915527344,35.83000183105469,35.5099983215332,35.599998474121094,21.04816436767578,10329200,WFC
2007-01-08,35.61000061035156,35.88999938964844,35.38999938964844,35.5,20.989038467407227,11650400,WFC
2007-01-09,35.58000183105469,35.849998474121094,35.47999954223633,35.59000015258789,21.04224967956543,10159800,WFC
2007-01-10,35.41999816894531,35.650001525878906,35.369998931884766,35.47999954223633,20.977210998535156,9801800,WFC
2007-01-11,35.45000076293945,35.63999938964844,35.45000076293945,35.540000915527344,21.01268196105957,7089700,WFC
2007-01-12,35.540000915527344,35.720001220703125,35.400001525878906,35.5099983215332,20.994943618774414,10251800,WFC
2007-01-16,35.810001373291016,36.5,35.75,36.22999954223633,21.420644760131836,15186000,WFC
2007-01-17,36.310001373291016,36.47999954223633,36.04999923706055,36.27000045776367,21.444299697875977,11854100,WFC
2007-01-18,36.27000045776367,36.38999938964844,36.13999938964844,36.20000076293945,21.402904510498047,8292400,WFC
2007-01-19,36.290000915527344,36.33000183105469,35.869998931884766,36.040000915527344,21.308317184448242,10649900,WFC
2007-01-22,35.959999084472656,36.060001373291016,35.58000183105469,35.75,21.1368465423584,13683900,WFC
2007-01-23,35.79999923706055,36.04999923706055,35.560001373291016,36.0099983215332,21.290563583374023,8460900,WFC
2007-01-24,35.970001220703125,36.630001068115234,35.95000076293945,36.560001373291016,21.615753173828125,10893500,WFC
2007-01-25,36.459999084472656,36.63999938964844,36.02000045776367,36.08000183105469,21.331954956054688,8555000,WFC
2007-01-26,36.130001068115234,36.22999954223633,35.83000183105469,36.029998779296875,21.302398681640625,10103800,WFC
2007-01-29,35.90999984741211,36.119998931884766,35.849998474121094,35.95000076293945,21.25509262084961,13256200,WFC
2007-01-30,36.09000015258789,36.11000061035156,35.810001373291016,35.900001525878906,21.225542068481445,9689100,WFC
2007-01-31,35.47999954223633,36.0,35.470001220703125,35.91999816894531,21.4043025970459,8536500,WFC
2007-02-01,35.93000030517578,36.09000015258789,35.619998931884766,35.869998931884766,21.374507904052734,7875600,WFC
2007-02-02,35.869998931884766,36.04999923706055,35.77000045776367,35.86000061035156,21.368553161621094,6222200,WFC
2007-02-05,35.790000915527344,35.849998474121094,35.65999984741211,35.689998626708984,21.26724624633789,15495800,WFC
2007-02-06,35.790000915527344,36.02000045776367,35.75,35.900001525878906,21.392383575439453,9657100,WFC
2007-02-07,35.90999984741211,36.040000915527344,35.7599983215332,35.880001068115234,21.38046646118164,9411400,WFC
2007-02-08,35.810001373291016,35.810001373291016,35.36000061035156,35.560001373291016,21.18978500366211,11147500,WFC
2007-02-09,35.41999816894531,35.849998474121094,35.22999954223633,35.36000061035156,21.070602416992188,12378900,WFC
2007-02-12,35.47999954223633,35.630001068115234,35.369998931884766,35.599998474121094,21.213611602783203,8153500,WFC
2007-02-13,35.599998474121094,36.029998779296875,35.56999969482422,35.869998931884766,21.374507904052734,10409500,WFC
2007-02-14,35.880001068115234,36.20000076293945,35.81999969482422,36.0099983215332,21.457929611206055,10671900,WFC
2007-02-15,36.220001220703125,36.36000061035156,35.97999954223633,36.0099983215332,21.457929611206055,6591900,WFC
2007-02-16,36.27000045776367,36.279998779296875,35.54999923706055,35.7599983215332,21.308956146240234,11446000,WFC
2007-02-20,35.77000045776367,35.970001220703125,35.599998474121094,35.939998626708984,21.416227340698242,7986600,WFC
2007-02-21,35.939998626708984,36.279998779296875,35.81999969482422,36.18000030517578,21.55923080444336,12414900,WFC
2007-02-22,36.130001068115234,36.22999954223633,35.939998626708984,36.209999084472656,21.577110290527344,10513900,WFC
2007-02-23,36.16999816894531,36.209999084472656,35.540000915527344,35.630001068115234,21.231489181518555,15818200,WFC
2007-02-26,35.75,35.81999969482422,35.41999816894531,35.66999816894531,21.255329132080078,11862000,WFC
2007-02-27,35.150001525878906,35.5,33.79999923706055,34.38999938964844,20.492595672607422,15744000,WFC
2007-02-28,34.5,35.02000045776367,34.20000076293945,34.70000076293945,20.677316665649414,19013100,WFC
2007-03-01,34.5,34.90999984741211,34.209999084472656,34.65999984741211,20.65348243713379,18585400,WFC
2007-03-02,34.599998474121094,35.0,34.400001525878906,34.439998626708984,20.522375106811523,14720900,WFC
2007-03-05,34.0,34.650001525878906,33.97999954223633,34.029998779296875,20.2780704498291,15652700,WFC
2007-03-06,34.45000076293945,34.75,34.20000076293945,34.65999984741211,20.65348243713379,14467900,WFC
2007-03-07,34.52000045776367,34.72999954223633,34.290000915527344,34.31999969482422,20.450876235961914,10505800,WFC
2007-03-08,34.619998931884766,34.779998779296875,34.45000076293945,34.5099983215332,20.5640926361084,9772400,WFC
2007-03-09,34.779998779296875,34.84000015258789,34.47999954223633,34.5,20.55813980102539,10890000,WFC
2007-03-12,34.209999084472656,34.540000915527344,34.02000045776367,34.529998779296875,20.576013565063477,8307700,WFC
2007-03-13,34.2599983215332,34.439998626708984,33.41999816894531,33.470001220703125,19.94437599182129,21867900,WFC
2007-03-14,33.47999954223633,33.880001068115234,33.0099983215332,33.650001525878906,20.051637649536133,26108800,WFC
2007-03-15,33.619998931884766,34.54999923706055,33.52000045776367,34.099998474121094,20.319786071777344,20471200,WFC
2007-03-16,34.130001068115234,34.54999923706055,33.90999984741211,33.95000076293945,20.23040008544922,21731600,WFC
2007-03-19,34.09000015258789,34.439998626708984,34.09000015258789,34.25,20.40915870666504,12432400,WFC
2007-03-20,34.25,34.66999816894531,34.20000076293945,34.61000061035156,20.623682022094727,10092400,WFC
2007-03-21,34.65999984741211,35.560001373291016,34.33000183105469,35.47999954223633,21.142108917236328,16124700,WFC
2007-03-22,35.04999923706055,35.56999969482422,34.619998931884766,34.9900016784668,20.85011863708496,13373700,WFC
2007-03-23,35.02000045776367,35.16999816894531,34.810001373291016,34.959999084472656,20.832250595092773,9270700,WFC
2007-03-26,34.84000015258789,35.0,34.41999816894531,34.68000030517578,20.665401458740234,11924600,WFC
2007-03-27,34.5,34.95000076293945,34.38999938964844,34.400001525878906,20.498544692993164,14390400,WFC
2007-03-28,34.31999969482422,34.439998626708984,34.08000183105469,34.13999938964844,20.343626022338867,18239700,WFC
2007-03-29,34.5,34.68000030517578,34.22999954223633,34.540000915527344,20.581974029541016,10156800,WFC
2007-03-30,34.5,34.779998779296875,34.15999984741211,34.43000030517578,20.516429901123047,12506300,WFC
2007-04-02,34.41999816894531,34.45000076293945,33.93000030517578,34.0099983215332,20.266162872314453,19070700,WFC
2007-04-03,34.099998474121094,34.54999923706055,34.099998474121094,34.5099983215332,20.5640926361084,11247100,WFC
2007-04-04,34.54999923706055,34.54999923706055,34.29999923706055,34.34000015258789,20.462791442871094,8783800,WFC
2007-04-05,34.20000076293945,34.47999954223633,34.189998626708984,34.439998626708984,20.522375106811523,8935200,WFC
2007-04-09,34.40999984741211,34.43000030517578,34.220001220703125,34.369998931884766,20.480670928955078,10389300,WFC
2007-04-10,34.38999938964844,34.47999954223633,34.290000915527344,34.40999984741211,20.504512786865234,10856200,WFC
2007-04-11,34.43000030517578,34.540000915527344,34.16999816894531,34.16999816894531,20.36149787902832,16288300,WFC
2007-04-12,34.16999816894531,34.43000030517578,34.029998779296875,34.34000015258789,20.462791442871094,13058300,WFC
2007-04-13,34.150001525878906,34.7400016784668,34.099998474121094,34.630001068115234,20.635597229003906,11352900,WFC
2007-04-16,34.79999923706055,35.5099983215332,34.70000076293945,35.5099983215332,21.159982681274414,16418600,WFC
2007-04-17,35.689998626708984,35.849998474121094,35.09000015258789,35.25,21.005046844482422,15190100,WFC
2007-04-18,35.400001525878906,36.08000183105469,35.150001525878906,35.95000076293945,21.42217445373535,17211900,WFC
2007-04-19,35.849998474121094,36.220001220703125,35.599998474121094,36.13999938964844,21.535400390625,11740400,WFC
2007-04-20,36.41999816894531,36.4900016784668,36.02000045776367,36.29999923706055,21.6307373046875,20674700,WFC
2007-04-23,36.369998931884766,36.41999816894531,36.0099983215332,36.02000045776367,21.463891983032227,9400400,WFC
2007-04-24,35.95000076293945,36.0,35.59000015258789,35.779998779296875,21.320863723754883,11667100,WFC
2007-04-25,35.83000183105469,36.33000183105469,35.83000183105469,36.279998779296875,21.61882972717285,17424400,WFC
2007-04-26,35.540000915527344,36.36000061035156,35.540000915527344,36.06999969482422,21.49368667602539,15068300,WFC
2007-04-27,35.970001220703125,36.08000183105469,35.79999923706055,35.939998626708984,21.416227340698242,8692500,WFC
2007-04-30,36.150001525878906,36.22999954223633,35.86000061035156,35.88999938964844,21.38642120361328,19273800,WFC
2007-05-01,36.029998779296875,36.150001525878906,35.720001220703125,36.040000915527344,21.47580337524414,10277400,WFC
2007-05-02,35.7599983215332,35.93000030517578,35.63999938964844,35.689998626708984,21.43376922607422,8231300,WFC
2007-05-03,35.720001220703125,35.97999954223633,35.70000076293945,35.84000015258789,21.52385139465332,6225100,WFC
2007-05-04,35.959999084472656,36.099998474121094,35.75,35.91999816894531,21.571897506713867,8103300,WFC
2007-05-07,35.91999816894531,36.16999816894531,35.90999984741211,36.06999969482422,21.661983489990234,8388900,WFC
2007-05-08,35.869998931884766,36.06999969482422,35.72999954223633,35.810001373291016,21.505836486816406,9384100,WFC
2007-05-09,35.75,36.220001220703125,35.720001220703125,36.11000061035156,21.686004638671875,11187600,WFC
2007-05-10,36.029998779296875,36.029998779296875,35.400001525878906,35.400001525878906,21.259607315063477,11804500,WFC
2007-05-11,35.52000045776367,35.79999923706055,35.41999816894531,35.52000045776367,21.331668853759766,13532500,WFC
2007-05-14,35.61000061035156,35.79999923706055,35.25,35.29999923706055,21.19954490661621,12078800,WFC
2007-05-15,35.45000076293945,35.84000015258789,35.29999923706055,35.40999984741211,21.265621185302734,11736100,WFC
2007-05-16,35.66999816894531,36.22999954223633,35.43000030517578,36.220001220703125,21.752063751220703,13810700,WFC
2007-05-17,36.04999923706055,36.29999923706055,36.0,36.2400016784668,21.764080047607422,9456600,WFC
2007-05-18,36.34000015258789,36.439998626708984,36.279998779296875,36.41999816894531,21.872163772583008,11731400,WFC
2007-05-21,36.45000076293945,36.4900016784668,36.130001068115234,36.310001373291016,21.806110382080078,15405800,WFC
2007-05-22,36.2599983215332,36.31999969482422,35.970001220703125,36.0,21.619935989379883,12812300,WFC
2007-05-23,36.060001373291016,36.189998626708984,35.900001525878906,36.09000015258789,21.673995971679688,14520200,WFC
2007-05-24,36.060001373291016,36.40999984741211,35.9900016784668,36.040000915527344,21.643962860107422,14604100,WFC
2007-05-25,36.06999969482422,36.13999938964844,35.900001525878906,36.130001068115234,21.698017120361328,7717100,WFC
2007-05-29,36.150001525878906,36.29999923706055,36.029998779296875,36.150001525878906,21.710025787353516,9657300,WFC
2007-05-30,36.060001373291016,36.25,35.95000076293945,36.22999954223633,21.75806427001953,9801600,WFC
2007-05-31,36.18000030517578,36.29999923706055,35.9900016784668,36.09000015258789,21.673995971679688,10211900,WFC
2007-06-01,36.09000015258789,36.470001220703125,36.04999923706055,36.400001525878906,21.860157012939453,9860900,WFC
2007-06-04,36.400001525878906,36.400001525878906,36.13999938964844,36.20000076293945,21.740053176879883,7486000,WFC
2007-06-05,36.11000061035156,36.15999984741211,35.75,35.90999984741211,21.565889358520508,13274400,WFC
2007-06-06,35.84000015258789,35.84000015258789,35.5,35.59000015258789,21.37371253967285,11550300,WFC
2007-06-07,35.560001373291016,35.72999954223633,35.040000915527344,35.060001373291016,21.0554256439209,12456600,WFC
2007-06-08,35.04999923706055,35.380001068115234,35.040000915527344,35.34000015258789,21.223581314086914,10598900,WFC
2007-06-11,35.27000045776367,35.689998626708984,35.209999084472656,35.47999954223633,21.307649612426758,7012700,WFC
2007-06-12,35.310001373291016,35.650001525878906,35.150001525878906,35.18000030517578,21.127485275268555,12201500,WFC
2007-06-13,35.29999923706055,35.97999954223633,35.209999084472656,35.939998626708984,21.583911895751953,10914500,WFC
2007-06-14,35.45000076293945,36.099998474121094,35.40999984741211,35.88999938964844,21.55387306213379,7805400,WFC
2007-06-15,36.0,36.470001220703125,35.95000076293945,35.970001220703125,21.60191535949707,13530400,WFC
2007-06-18,36.130001068115234,36.2599983215332,35.900001525878906,36.13999938964844,21.704017639160156,8271400,WFC
2007-06-19,36.150001525878906,36.439998626708984,36.029998779296875,36.380001068115234,21.84815216064453,10029000,WFC
2007-06-20,36.45000076293945,36.459999084472656,35.66999816894531,35.68000030517578,21.427753448486328,11947500,WFC
2007-06-21,35.68000030517578,35.779998779296875,35.33000183105469,35.630001068115234,21.397735595703125,9491900,WFC
2007-06-22,35.470001220703125,35.56999969482422,35.0099983215332,35.02000045776367,21.031394958496094,18177800,WFC
2007-06-25,35.0,35.40999984741211,34.970001220703125,35.08000183105469,21.06743049621582,14861400,WFC
2007-06-26,35.310001373291016,35.41999816894531,35.0099983215332,35.060001373291016,21.0554256439209,11361000,WFC
2007-06-27,34.810001373291016,35.369998931884766,34.689998626708984,35.33000183105469,21.21756935119629,13528900,WFC
2007-06-28,35.33000183105469,35.63999938964844,35.040000915527344,35.279998779296875,21.187541961669922,9297300,WFC
2007-06-29,35.5,36.150001525878906,34.95000076293945,35.16999816894531,21.121475219726562,14624700,WFC
2007-07-02,35.41999816894531,35.650001525878906,35.29999923706055,35.5099983215332,21.325668334960938,6758900,WFC
2007-07-03,35.7400016784668,35.900001525878906,35.529998779296875,35.68000030517578,21.427753448486328,3654400,WFC
2007-07-05,35.56999969482422,35.7400016784668,35.11000061035156,35.31999969482422,21.211570739746094,7500800,WFC
2007-07-06,35.2400016784668,35.400001525878906,35.13999938964844,35.33000183105469,21.21756935119629,8711000,WFC
2007-07-09,35.400001525878906,35.59000015258789,35.08000183105469,35.119998931884766,21.09144401550293,10523600,WFC
2007-07-10,35.0,35.0,34.33000183105469,34.439998626708984,20.683073043823242,21159600,WFC
2007-07-11,34.400001525878906,35.0,34.34000015258789,34.91999816894531,20.971343994140625,16253500,WFC
2007-07-12,35.150001525878906,35.47999954223633,34.91999816894531,35.439998626708984,21.283620834350586,18310100,WFC
2007-07-13,35.34000015258789,35.61000061035156,35.290000915527344,35.540000915527344,21.343687057495117,9719500,WFC
2007-07-16,35.650001525878906,36.0099983215332,35.45000076293945,35.45000076293945,21.28962516784668,10034300,WFC
2007-07-17,35.79999923706055,35.97999954223633,35.400001525878906,35.59000015258789,21.37371253967285,15446500,WFC
2007-07-18,35.45000076293945,35.4900016784668,34.9900016784668,35.38999938964844,21.253604888916016,19774000,WFC
2007-07-19,35.540000915527344,35.75,35.16999816894531,35.540000915527344,21.343687057495117,14956400,WFC
2007-07-20,35.18000030517578,35.65999984741211,34.650001525878906,34.720001220703125,20.85123062133789,21416100,WFC
2007-07-23,34.95000076293945,35.150001525878906,34.720001220703125,34.849998474121094,20.929298400878906,15077800,WFC
2007-07-24,34.45000076293945,34.689998626708984,33.83000183105469,33.93000030517578,20.376792907714844,23414300,WFC
2007-07-25,34.38999938964844,34.869998931884766,34.150001525878906,34.56999969482422,20.76114273071289,22049700,WFC
2007-07-26,33.849998474121094,34.369998931884766,33.40999984741211,33.650001525878906,20.208642959594727,30408300,WFC
2007-07-27,33.689998626708984,34.36000061035156,33.400001525878906,33.560001373291016,20.154592514038086,26603700,WFC
2007-07-30,33.77000045776367,34.720001220703125,33.34000015258789,34.61000061035156,20.785165786743164,23790300,WFC
2007-07-31,34.720001220703125,35.040000915527344,33.68000030517578,33.77000045776367,20.28070640563965,21447300,WFC
2007-08-01,33.7599983215332,34.560001373291016,33.529998779296875,34.47999954223633,20.70709228515625,29218200,WFC
2007-08-02,33.689998626708984,34.81999969482422,33.689998626708984,34.41999816894531,20.671064376831055,19716100,WFC
2007-08-03,34.11000061035156,34.4900016784668,32.65999984741211,32.810001373291016,19.704174041748047,34723700,WFC
2007-08-06,32.810001373291016,34.810001373291016,32.810001373291016,34.7599983215332,20.875242233276367,36005500,WFC
2007-08-07,34.25,35.29999923706055,34.25,34.88999938964844,20.953327178955078,29253000,WFC
2007-08-08,34.630001068115234,35.25,34.290000915527344,34.9900016784668,21.201765060424805,27057900,WFC
2007-08-09,33.900001525878906,35.209999084472656,32.72999954223633,34.15999984741211,20.698835372924805,25370300,WFC
2007-08-10,33.5099983215332,34.88999938964844,33.5,34.400001525878906,20.84426498413086,24789400,WFC
2007-08-13,34.68000030517578,34.810001373291016,33.79999923706055,33.900001525878906,20.541290283203125,13300800,WFC
2007-08-14,33.939998626708984,34.22999954223633,33.540000915527344,33.65999984741211,20.39586067199707,18934300,WFC
2007-08-15,33.68000030517578,34.689998626708984,33.220001220703125,33.56999969482422,20.341325759887695,22875600,WFC
2007-08-16,33.06999969482422,35.959999084472656,32.900001525878906,35.400001525878906,21.450193405151367,44702200,WFC
2007-08-17,37.040000915527344,37.9900016784668,35.90999984741211,37.2400016784668,22.565122604370117,49846400,WFC
2007-08-20,37.220001220703125,37.29999923706055,36.349998474121094,37.099998474121094,22.480289459228516,29025800,WFC
2007-08-21,36.93000030517578,37.77000045776367,36.65999984741211,37.369998931884766,22.643896102905273,27153000,WFC
2007-08-22,37.40999984741211,37.7400016784668,36.380001068115234,36.70000076293945,22.237905502319336,25721000,WFC
2007-08-23,36.779998779296875,37.0,36.150001525878906,36.45000076293945,22.0864200592041,17197600,WFC
2007-08-24,36.45000076293945,36.63999938964844,36.15999984741211,36.56999969482422,22.15913963317871,16806800,WFC
2007-08-27,36.369998931884766,36.58000183105469,36.08000183105469,36.130001068115234,21.892526626586914,18149200,WFC
2007-08-28,35.70000076293945,35.880001068115234,35.130001068115234,35.20000076293945,21.329008102416992,19522200,WFC
2007-08-29,35.349998474121094,36.11000061035156,35.0099983215332,35.97999954223633,21.801637649536133,15912900,WFC
2007-08-30,35.79999923706055,36.09000015258789,35.5,35.7400016784668,21.65621566772461,14342300,WFC
2007-08-31,36.380001068115234,36.779998779296875,36.099998474121094,36.540000915527344,22.140966415405273,15133700,WFC
2007-09-04,36.47999954223633,36.88999938964844,36.22999954223633,36.59000015258789,22.1712589263916,12123600,WFC
2007-09-05,36.0099983215332,36.36000061035156,35.25,35.88999938964844,21.747106552124023,13896400,WFC
2007-09-06,35.849998474121094,36.0,35.16999816894531,35.650001525878906,21.6016788482666,15233800,WFC
2007-09-07,35.06999969482422,35.599998474121094,34.90999984741211,35.20000076293945,21.329008102416992,17034300,WFC
2007-09-10,35.34000015258789,35.5099983215332,34.709999084472656,35.13999938964844,21.292654037475586,13618400,WFC
2007-09-11,35.25,36.209999084472656,35.08000183105469,36.119998931884766,21.8864688873291,16563400,WFC
2007-09-12,35.959999084472656,36.04999923706055,35.63999938964844,35.68000030517578,21.619857788085938,13375900,WFC
2007-09-13,35.7400016784668,36.0099983215332,35.63999938964844,35.810001373291016,21.698631286621094,14613700,WFC
2007-09-14,35.560001373291016,35.810001373291016,35.380001068115234,35.65999984741211,21.607736587524414,12095900,WFC
2007-09-17,35.459999084472656,35.790000915527344,35.380001068115234,35.65999984741211,21.607736587524414,11573500,WFC
2007-09-18,35.470001220703125,37.25,35.459999084472656,37.189998626708984,22.534826278686523,20974500,WFC
2007-09-19,37.380001068115234,37.9900016784668,37.189998626708984,37.29999923706055,22.601484298706055,21376400,WFC
2007-09-20,37.11000061035156,37.41999816894531,36.25,36.54999923706055,22.14702033996582,17721400,WFC
2007-09-21,36.5,36.90999984741211,36.119998931884766,36.2400016784668,21.959186553955078,23788600,WFC
2007-09-24,36.2400016784668,36.290000915527344,35.869998931884766,35.959999084472656,21.78952407836914,15541500,WFC
2007-09-25,35.560001373291016,36.25,35.560001373291016,36.06999969482422,21.85617446899414,15990400,WFC
2007-09-26,36.20000076293945,36.25,35.650001525878906,35.849998474121094,21.722862243652344,14538500,WFC
2007-09-27,35.91999816894531,36.189998626708984,35.54999923706055,36.02000045776367,21.825878143310547,13663600,WFC
2007-09-28,35.86000061035156,35.97999954223633,35.459999084472656,35.619998931884766,21.583499908447266,15879300,WFC
2007-10-01,35.20000076293945,36.72999954223633,35.20000076293945,36.650001525878906,22.207622528076172,19206300,WFC
2007-10-02,36.790000915527344,36.83000183105469,36.22999954223633,36.630001068115234,22.19550132751465,14569000,WFC
2007-10-03,36.47999954223633,37.119998931884766,36.34000015258789,37.0,22.419696807861328,16787300,WFC
2007-10-04,37.0,37.5,37.0,37.27000045776367,22.58329963684082,12525700,WFC
2007-10-05,37.4900016784668,37.779998779296875,36.970001220703125,37.470001220703125,22.704492568969727,11630000,WFC
2007-10-08,37.45000076293945,37.5099983215332,36.7599983215332,36.959999084472656,22.395450592041016,9408300,WFC
2007-10-09,37.099998474121094,37.2400016784668,36.79999923706055,37.119998931884766,22.492403030395508,10259500,WFC
2007-10-10,37.11000061035156,37.11000061035156,36.279998779296875,36.619998931884766,22.189437866210938,13995900,WFC
2007-10-11,36.65999984741211,37.0,35.97999954223633,36.31999969482422,22.007658004760742,16334300,WFC
2007-10-12,36.45000076293945,36.61000061035156,35.97999954223633,36.040000915527344,21.837997436523438,13902700,WFC
2007-10-15,35.970001220703125,36.22999954223633,35.58000183105469,35.95000076293945,21.78346061706543,14955400,WFC
2007-10-16,35.06999969482422,35.06999969482422,34.209999084472656,34.54999923706055,20.935148239135742,34443800,WFC
2007-10-17,34.86000061035156,34.939998626708984,33.7599983215332,34.27000045776367,20.76548957824707,29190300,WFC
2007-10-18,33.720001220703125,33.90999984741211,33.29999923706055,33.5,20.298904418945312,28606400,WFC
2007-10-19,33.36000061035156,33.75,32.86000061035156,32.86000061035156,19.911104202270508,25084800,WFC
2007-10-22,32.72999954223633,33.91999816894531,32.65999984741211,33.81999969482422,20.49281120300293,23442600,WFC
2007-10-23,34.099998474121094,34.16999816894531,33.5,33.7599983215332,20.45645523071289,13762300,WFC
2007-10-24,33.5099983215332,34.34000015258789,32.869998931884766,34.040000915527344,20.626121520996094,31495500,WFC
2007-10-25,34.150001525878906,34.16999816894531,33.36000061035156,33.810001373291016,20.486753463745117,30605800,WFC
2007-10-26,34.4900016784668,34.63999938964844,33.70000076293945,34.54999923706055,20.935148239135742,18356600,WFC
2007-10-29,34.70000076293945,34.779998779296875,34.09000015258789,34.130001068115234,20.6806583404541,13636300,WFC
2007-10-30,34.0099983215332,34.25,33.849998474121094,34.0,20.60188102722168,12756900,WFC
2007-10-31,34.47999954223633,34.52000045776367,33.400001525878906,34.0099983215332,20.607938766479492,21564500,WFC
2007-11-01,33.18000030517578,33.400001525878906,32.040000915527344,32.11000061035156,19.4566650390625,32112000,WFC
2007-11-02,32.349998474121094,32.720001220703125,31.8700008392334,32.310001373291016,19.577842712402344,32732300,WFC
2007-11-05,32.0,32.459999084472656,31.540000915527344,31.93000030517578,19.34758758544922,28996500,WFC
2007-11-06,32.0,33.0,31.950000762939453,32.95000076293945,19.96564483642578,31844600,WFC
2007-11-07,32.689998626708984,33.02000045776367,30.75,30.760000228881836,18.81566619873047,49881300,WFC
2007-11-08,31.389999389648438,31.670000076293945,30.56999969482422,31.479999542236328,19.256078720092773,41754200,WFC
2007-11-09,31.1299991607666,32.43000030517578,30.649999618530273,31.65999984741211,19.366188049316406,33082100,WFC
2007-11-12,31.540000915527344,33.279998779296875,31.540000915527344,32.349998474121094,19.788257598876953,28380000,WFC
2007-11-13,32.9900016784668,33.93000030517578,32.470001220703125,33.88999938964844,20.73026466369629,22352300,WFC
2007-11-14,34.15999984741211,34.290000915527344,33.11000061035156,33.25,20.338781356811523,18661800,WFC
2007-11-15,32.630001068115234,33.13999938964844,31.670000076293945,31.969999313354492,19.555822372436523,34812300,WFC
2007-11-16,31.690000534057617,31.850000381469727,30.81999969482422,31.139999389648438,19.048107147216797,39530300,WFC
2007-11-19,31.010000228881836,31.1200008392334,29.829999923706055,30.530000686645508,18.67497444152832,40613800,WFC
2007-11-20,30.270000457763672,30.979999542236328,29.700000762939453,30.420000076293945,18.607688903808594,38990900,WFC
2007-11-21,30.110000610351562,30.56999969482422,29.829999923706055,29.920000076293945,18.301847457885742,41541600,WFC
2007-11-23,30.479999542236328,31.139999389648438,30.260000228881836,30.84000015258789,18.864593505859375,12297700,WFC
2007-11-26,30.899999618530273,31.020000457763672,29.440000534057617,29.489999771118164,18.038814544677734,27166400,WFC
2007-11-27,30.18000030517578,30.18000030517578,29.290000915527344,29.829999923706055,18.24679183959961,39726300,WFC
2007-11-28,30.09000015258789,31.639999389648438,29.989999771118164,30.719999313354492,18.791187286376953,54712600,WFC
2007-11-29,30.719999313354492,30.790000915527344,30.049999237060547,30.540000915527344,18.681089401245117,24391500,WFC
2007-11-30,32.16999816894531,34.0,31.229999542236328,32.43000030517578,19.837190628051758,51608600,WFC
2007-12-03,32.75,32.75,31.68000030517578,31.84000015258789,19.47629165649414,19735700,WFC
2007-12-04,31.709999084472656,31.950000762939453,31.18000030517578,31.760000228881836,19.42734718322754,22999900,WFC
2007-12-05,32.290000915527344,32.529998779296875,31.84000015258789,32.400001525878906,19.818838119506836,18992400,WFC
2007-12-06,31.940000534057617,33.43000030517578,31.530000686645508,32.59000015258789,19.935054779052734,25330600,WFC
2007-12-07,32.720001220703125,32.970001220703125,31.559999465942383,31.709999084472656,19.39676856994629,22086200,WFC
2007-12-10,31.760000228881836,32.900001525878906,31.760000228881836,32.63999938964844,19.965648651123047,19879600,WFC
2007-12-11,32.599998474121094,32.599998474121094,30.670000076293945,30.770000457763672,18.821786880493164,35948300,WFC
2007-12-12,31.360000610351562,31.8799991607666,29.829999923706055,30.670000076293945,18.760610580444336,41219400,WFC
2007-12-13,30.030000686645508,30.639999389648438,29.75,30.559999465942383,18.693321228027344,27845000,WFC
2007-12-14,30.3799991607666,30.829999923706055,29.850000381469727,30.06999969482422,18.393600463867188,21069200,WFC
2007-12-17,30.0,30.8799991607666,29.5,30.06999969482422,18.393600463867188,21773800,WFC
2007-12-18,30.299999237060547,30.68000030517578,29.649999618530273,30.31999969482422,18.54652214050293,20313700,WFC
2007-12-19,30.389999389648438,31.290000915527344,30.209999084472656,30.6200008392334,18.73002815246582,23568800,WFC
2007-12-20,30.90999984741211,30.969999313354492,29.93000030517578,30.3700008392334,18.577106475830078,17637400,WFC
2007-12-21,30.670000076293945,30.770000457763672,29.8799991607666,30.3700008392334,18.577106475830078,35344200,WFC
2007-12-24,30.450000762939453,31.389999389648438,30.399999618530273,31.200000762939453,19.08481216430664,9505400,WFC
2007-12-26,31.219999313354492,31.43000030517578,30.760000228881836,31.260000228881836,19.121503829956055,11876900,WFC
2007-12-27,30.760000228881836,30.889999389648438,30.209999084472656,30.299999237060547,18.534286499023438,18016800,WFC
2007-12-28,30.520000457763672,30.579999923706055,29.899999618530273,30.09000015258789,18.405832290649414,12907200,WFC
2007-12-31,30.09000015258789,30.56999969482422,29.75,30.190000534057617,18.466991424560547,12947700,WFC
2008-01-02,30.479999542236328,30.479999542236328,28.979999542236328,29.100000381469727,17.800251007080078,24387800,WFC
2008-01-03,29.25,29.3700008392334,28.170000076293945,28.520000457763672,17.445466995239258,26313100,WFC
2008-01-04,28.25,28.31999969482422,26.989999771118164,27.489999771118164,16.815425872802734,50818700,WFC
2008-01-07,27.700000762939453,28.040000915527344,27.110000610351562,27.68000030517578,16.931652069091797,25887100,WFC
2008-01-08,27.8700008392334,28.110000610351562,26.3700008392334,26.5,16.209850311279297,41495200,WFC
2008-01-09,26.5,27.1200008392334,25.790000915527344,27.040000915527344,16.540163040161133,37293300,WFC
2008-01-10,26.559999465942383,28.459999084472656,26.5,27.90999984741211,17.07234001159668,44359200,WFC
2008-01-11,27.709999084472656,28.639999389648438,27.149999618530273,28.200000762939453,17.249723434448242,32925100,WFC
2008-01-14,28.3799991607666,28.420000076293945,27.65999984741211,28.209999084472656,17.255849838256836,22667200,WFC
2008-01-15,27.209999084472656,27.389999389648438,26.450000762939453,26.489999771118164,16.203737258911133,36283900,WFC
2008-01-16,27.700000762939453,28.110000610351562,26.719999313354492,27.3700008392334,16.742027282714844,43681900,WFC
2008-01-17,27.510000228881836,27.690000534057617,26.0,26.1299991607666,15.983531951904297,34795200,WFC
2008-01-18,26.65999984741211,26.989999771118164,25.020000457763672,25.479999542236328,15.585929870605469,49848000,WFC
2008-01-22,24.3799991607666,28.270000457763672,24.3799991607666,26.950000762939453,16.4851131439209,60889400,WFC
2008-01-23,26.209999084472656,30.100000381469727,26.200000762939453,29.3799991607666,17.971534729003906,88250400,WFC
2008-01-24,30.0,31.440000534057617,29.469999313354492,31.15999984741211,19.06033706665039,65278700,WFC
2008-01-25,31.540000915527344,32.040000915527344,30.030000686645508,30.65999984741211,18.754497528076172,57728300,WFC
2008-01-28,30.40999984741211,31.93000030517578,30.270000457763672,31.799999237060547,19.45181655883789,36801500,WFC
2008-01-29,32.0,32.83000183105469,31.360000610351562,32.599998474121094,19.94118309020996,44412500,WFC
2008-01-30,32.47999954223633,34.0,32.189998626708984,32.7599983215332,20.039045333862305,62076900,WFC
2008-01-31,32.209999084472656,34.25,31.770000457763672,34.08000183105469,20.846487045288086,60276300,WFC
2008-02-01,33.2599983215332,34.560001373291016,33.13999938964844,33.650001525878906,20.583452224731445,44720500,WFC
2008-02-04,32.38999938964844,32.54999923706055,31.100000381469727,31.389999389648438,19.201034545898438,39734200,WFC
2008-02-05,30.579999923706055,30.969999313354492,30.219999313354492,30.469999313354492,18.63827133178711,33198700,WFC
2008-02-06,30.84000015258789,30.989999771118164,29.75,30.079999923706055,18.58883285522461,30586300,WFC
2008-02-07,29.84000015258789,30.8700008392334,29.690000534057617,30.459999084472656,18.82367706298828,31932500,WFC
2008-02-08,30.360000610351562,30.469999313354492,29.049999237060547,29.479999542236328,18.21804428100586,34869000,WFC
2008-02-11,29.899999618530273,29.899999618530273,28.829999923706055,29.540000915527344,18.255125045776367,23042800,WFC
2008-02-12,29.780000686645508,30.350000381469727,29.40999984741211,29.920000076293945,18.489961624145508,28865800,WFC
2008-02-13,30.209999084472656,30.65999984741211,29.6200008392334,30.469999313354492,18.829851150512695,34892200,WFC
2008-02-14,30.540000915527344,30.639999389648438,29.5,29.59000015258789,18.286020278930664,25116200,WFC
2008-02-15,29.420000076293945,29.790000915527344,28.75,29.690000534057617,18.347820281982422,26386700,WFC
2008-02-19,30.5,30.770000457763672,29.459999084472656,29.860000610351562,18.452877044677734,29717800,WFC
2008-02-20,29.540000915527344,30.81999969482422,29.260000228881836,30.649999618530273,18.941072463989258,28800700,WFC
2008-02-21,30.81999969482422,31.15999984741211,30.610000610351562,30.739999771118164,18.9967041015625,28937100,WFC
2008-02-22,30.860000610351562,31.579999923706055,30.309999465942383,31.440000534057617,19.429290771484375,28788100,WFC
2008-02-25,31.200000762939453,31.860000610351562,30.700000762939453,31.690000534057617,19.58378028869629,42232900,WFC
2008-02-26,31.59000015258789,31.979999542236328,31.010000228881836,31.399999618530273,19.40457534790039,30393300,WFC
2008-02-27,30.84000015258789,32.310001373291016,30.65999984741211,31.739999771118164,19.614683151245117,30550200,WFC
2008-02-28,31.43000030517578,31.43000030517578,30.540000915527344,30.559999465942383,18.885461807250977,27700300,WFC
2008-02-29,30.260000228881836,30.399999618530273,29.030000686645508,29.229999542236328,18.06355857849121,33507400,WFC
2008-03-03,29.239999771118164,29.25,28.219999313354492,28.8700008392334,17.841083526611328,25951400,WFC
2008-03-04,28.440000534057617,29.06999969482422,27.84000015258789,28.829999923706055,17.816364288330078,30441700,WFC
2008-03-05,29.260000228881836,30.0,28.59000015258789,28.979999542236328,17.9090576171875,32727100,WFC
2008-03-06,28.59000015258789,28.809999465942383,27.75,27.829999923706055,17.198375701904297,33668800,WFC
2008-03-07,27.479999542236328,29.389999389648438,27.1299991607666,28.110000610351562,17.371417999267578,48327100,WFC
2008-03-10,28.479999542236328,28.549999237060547,27.440000534057617,27.889999389648438,17.23546028137207,33698100,WFC
2008-03-11,29.8799991607666,30.81999969482422,28.75,30.81999969482422,19.046140670776367,51189600,WFC
2008-03-12,30.420000076293945,31.59000015258789,29.440000534057617,29.540000915527344,18.255125045776367,39549000,WFC
2008-03-13,28.799999237060547,29.81999969482422,27.8700008392334,29.479999542236328,18.21804428100586,51569200,WFC
2008-03-14,29.75,30.059999465942383,28.0,28.450000762939453,17.581531524658203,51388600,WFC
2008-03-17,27.25,29.309999465942383,27.100000381469727,28.780000686645508,17.78546714782715,54665200,WFC
2008-03-18,30.100000381469727,31.579999923706055,29.649999618530273,31.540000915527344,19.4910831451416,55149600,WFC
2008-03-19,31.690000534057617,32.43000030517578,30.290000915527344,30.579999923706055,18.897829055786133,46917900,WFC
2008-03-20,30.959999084472656,32.79999923706055,30.75,32.54999923706055,20.115249633789062,47658600,WFC
2008-03-24,32.38999938964844,33.529998779296875,32.0,32.09000015258789,19.830974578857422,45234500,WFC
2008-03-25,32.040000915527344,32.47999954223633,31.350000381469727,32.060001373291016,19.812429428100586,27482600,WFC
2008-03-26,31.790000915527344,31.790000915527344,30.149999618530273,30.809999465942383,19.039960861206055,36599400,WFC
2008-03-27,31.200000762939453,31.200000762939453,30.049999237060547,30.260000228881836,18.7000732421875,26998000,WFC
2008-03-28,30.40999984741211,30.520000457763672,29.209999084472656,29.350000381469727,18.137710571289062,28854000,WFC
2008-03-31,29.389999389648438,29.75,28.90999984741211,29.100000381469727,17.983219146728516,34976200,WFC
2008-04-01,30.329999923706055,31.530000686645508,30.110000610351562,31.489999771118164,19.460189819335938,36070500,WFC
2008-04-02,31.709999084472656,31.75,30.309999465942383,30.530000686645508,18.866920471191406,37101500,WFC
2008-04-03,30.229999542236328,31.0,30.0,30.790000915527344,19.0275936126709,20045200,WFC
2008-04-04,30.809999465942383,31.139999389648438,30.3799991607666,30.93000030517578,19.11411476135254,25087100,WFC
2008-04-07,31.459999084472656,31.770000457763672,30.770000457763672,30.790000915527344,19.0275936126709,20142300,WFC
2008-04-08,30.270000457763672,30.329999923706055,29.65999984741211,29.93000030517578,18.496137619018555,33757900,WFC
2008-04-09,30.010000228881836,30.149999618530273,29.040000915527344,29.450000762939453,18.19950294494629,29806200,WFC
2008-04-10,29.309999465942383,29.559999465942383,28.399999618530273,28.520000457763672,17.624788284301758,45453800,WFC
2008-04-11,28.239999771118164,28.84000015258789,27.899999618530273,27.969999313354492,17.284902572631836,44211800,WFC
2008-04-14,27.649999618530273,27.90999984741211,27.079999923706055,27.200000762939453,16.809053421020508,36081500,WFC
2008-04-15,27.479999542236328,27.979999542236328,27.1200008392334,27.809999465942383,17.186019897460938,29674500,WFC
2008-04-16,29.950000762939453,30.34000015258789,28.489999771118164,29.010000228881836,17.92759132385254,69841500,WFC
2008-04-17,28.700000762939453,29.90999984741211,28.579999923706055,29.709999084472656,18.360183715820312,32575200,WFC
2008-04-18,30.6299991607666,31.040000915527344,30.25,30.399999618530273,18.786590576171875,37941600,WFC
2008-04-21,29.8700008392334,29.940000534057617,29.059999465942383,29.270000457763672,18.08827018737793,24365800,WFC
2008-04-22,29.190000534057617,29.59000015258789,28.950000762939453,29.3799991607666,18.156248092651367,22788100,WFC
2008-04-23,29.440000534057617,29.639999389648438,28.579999923706055,28.920000076293945,17.871973037719727,24533400,WFC
2008-04-24,28.959999084472656,30.139999389648438,28.770000457763672,29.850000381469727,18.446701049804688,28973100,WFC
2008-04-25,30.059999465942383,30.799999237060547,29.559999465942383,30.59000015258789,18.90399932861328,25805400,WFC
2008-04-28,30.5,30.68000030517578,30.1200008392334,30.34000015258789,18.749513626098633,17222000,WFC
2008-04-29,30.34000015258789,30.43000030517578,29.739999771118164,29.8799991607666,18.46523094177246,19367400,WFC
2008-04-30,29.889999389648438,30.59000015258789,29.56999969482422,29.75,18.384899139404297,21492200,WFC
2008-05-01,29.770000457763672,31.770000457763672,29.75,31.18000030517578,19.268611907958984,38326900,WFC
2008-05-02,31.790000915527344,32.400001525878906,30.940000534057617,31.139999389648438,19.243892669677734,25950200,WFC
2008-05-05,31.1200008392334,31.389999389648438,30.65999984741211,31.149999618530273,19.250072479248047,18618000,WFC
2008-05-06,30.6299991607666,31.59000015258789,30.510000228881836,31.270000457763672,19.324228286743164,21163200,WFC
2008-05-07,31.219999313354492,31.260000228881836,29.780000686645508,29.899999618530273,18.662614822387695,27670800,WFC
2008-05-08,30.06999969482422,30.110000610351562,29.079999923706055,29.3799991607666,18.33804702758789,24230300,WFC
2008-05-09,29.25,29.950000762939453,29.0,29.329999923706055,18.30683708190918,16056300,WFC
2008-05-12,29.5,29.899999618530273,29.389999389648438,29.760000228881836,18.575233459472656,13503000,WFC
2008-05-13,29.790000915527344,29.959999084472656,28.899999618530273,28.969999313354492,18.082130432128906,27224800,WFC
2008-05-14,29.1299991607666,29.43000030517578,28.770000457763672,28.90999984741211,18.044681549072266,25831600,WFC
2008-05-15,28.979999542236328,29.600000381469727,28.709999084472656,29.600000381469727,18.475366592407227,27903900,WFC
2008-05-16,29.639999389648438,29.649999618530273,28.610000610351562,28.950000762939453,18.069652557373047,25883600,WFC
2008-05-19,29.0,29.440000534057617,28.399999618530273,28.479999542236328,17.776288986206055,28571900,WFC
2008-05-20,28.290000915527344,28.329999923706055,27.75,28.049999237060547,17.507904052734375,31462700,WFC
2008-05-21,27.950000762939453,28.389999389648438,27.469999313354492,27.700000762939453,17.289445877075195,32859800,WFC
2008-05-22,27.75,28.440000534057617,27.549999237060547,27.90999984741211,17.420520782470703,26221400,WFC
2008-05-23,27.829999923706055,27.93000030517578,27.450000762939453,27.68000030517578,17.276960372924805,23920700,WFC
2008-05-27,27.639999389648438,28.020000457763672,27.149999618530273,27.559999465942383,17.202062606811523,27493300,WFC
2008-05-28,27.709999084472656,27.8700008392334,26.6299991607666,27.469999313354492,17.145883560180664,39715000,WFC
2008-05-29,27.360000610351562,28.1299991607666,27.25,27.979999542236328,17.464204788208008,25225100,WFC
2008-05-30,28.290000915527344,28.290000915527344,27.5,27.56999969482422,17.20830726623535,19411300,WFC
2008-06-02,27.469999313354492,27.540000915527344,26.709999084472656,27.110000610351562,16.921188354492188,23179200,WFC
2008-06-03,27.260000228881836,27.440000534057617,26.59000015258789,26.780000686645508,16.715213775634766,30363600,WFC
2008-06-04,26.610000610351562,27.0,26.200000762939453,26.639999389648438,16.62782859802246,33490000,WFC
2008-06-05,26.81999969482422,27.469999313354492,26.610000610351562,27.200000762939453,16.97735595703125,26962600,WFC
2008-06-06,26.799999237060547,26.81999969482422,25.31999969482422,25.420000076293945,15.86634635925293,57724400,WFC
2008-06-09,25.719999313354492,25.8700008392334,24.81999969482422,25.270000457763672,15.772714614868164,40108200,WFC
2008-06-10,25.040000915527344,26.489999771118164,24.809999465942383,25.90999984741211,16.172183990478516,43539900,WFC
2008-06-11,26.110000610351562,26.15999984741211,25.5,25.549999237060547,15.94748306274414,48023600,WFC
2008-06-12,25.729999542236328,26.829999923706055,25.59000015258789,26.020000457763672,16.2408447265625,40700800,WFC
2008-06-13,26.299999237060547,26.600000381469727,25.290000915527344,26.079999923706055,16.278282165527344,32367300,WFC
2008-06-16,26.030000686645508,26.979999542236328,25.6200008392334,26.3799991607666,16.46554183959961,33166500,WFC
2008-06-17,26.739999771118164,27.200000762939453,25.270000457763672,25.399999618530273,15.853859901428223,40682000,WFC
2008-06-18,25.0,25.850000381469727,24.770000457763672,25.43000030517578,15.872580528259277,42211000,WFC
2008-06-19,25.469999313354492,25.700000762939453,24.56999969482422,25.6299991607666,15.997411727905273,47029900,WFC
2008-06-20,24.559999465942383,25.399999618530273,24.0,24.5,15.29210376739502,62647400,WFC
2008-06-23,24.6299991607666,24.790000915527344,23.8799991607666,24.260000228881836,15.14230728149414,36638600,WFC
2008-06-24,24.219999313354492,25.690000534057617,23.899999618530273,25.200000762939453,15.729026794433594,50002700,WFC
2008-06-25,25.3700008392334,26.540000915527344,25.219999313354492,25.399999618530273,15.853859901428223,41995500,WFC
2008-06-26,24.790000915527344,25.309999465942383,24.06999969482422,24.06999969482422,15.02371597290039,59131200,WFC
2008-06-27,24.239999771118164,24.59000015258789,23.6200008392334,24.030000686645508,14.998746871948242,49640300,WFC
2008-06-30,24.110000610351562,24.329999923706055,23.459999084472656,23.75,14.823982238769531,42295500,WFC
2008-07-01,23.469999313354492,24.219999313354492,23.040000915527344,24.1200008392334,15.05492115020752,58147900,WFC
2008-07-02,24.219999313354492,24.780000686645508,23.549999237060547,23.59000015258789,14.72411823272705,34038500,WFC
2008-07-03,23.899999618530273,24.420000076293945,23.360000610351562,23.920000076293945,14.930085182189941,28348800,WFC
2008-07-07,24.200000762939453,24.5,22.5,23.520000457763672,14.680420875549316,58126600,WFC
2008-07-08,23.690000534057617,24.780000686645508,22.889999389648438,24.670000076293945,15.398221969604492,61171700,WFC
2008-07-09,24.729999542236328,25.170000076293945,23.559999465942383,23.709999084472656,14.7990140914917,52656700,WFC
2008-07-10,23.329999923706055,24.149999618530273,22.899999618530273,23.610000610351562,14.736595153808594,61009300,WFC
2008-07-11,22.559999465942383,23.780000686645508,22.110000610351562,23.0,14.355855941772461,82338800,WFC
2008-07-14,23.860000610351562,23.989999771118164,21.489999771118164,21.56999969482422,13.463296890258789,56418100,WFC
2008-07-15,21.010000228881836,22.81999969482422,20.459999084472656,20.510000228881836,12.801680564880371,122587000,WFC
2008-07-16,23.780000686645508,27.31999969482422,23.200000762939453,27.229999542236328,16.9960880279541,206249200,WFC
2008-07-17,26.969999313354492,28.729999542236328,25.540000915527344,27.829999923706055,17.370582580566406,115206800,WFC
2008-07-18,28.079999923706055,28.309999465942383,26.450000762939453,27.860000610351562,17.389312744140625,71649800,WFC
2008-07-21,28.049999237060547,28.600000381469727,27.299999237060547,27.540000915527344,17.189579010009766,70613600,WFC
2008-07-22,27.290000915527344,30.610000610351562,26.6299991607666,30.43000030517578,18.993423461914062,100898900,WFC
2008-07-23,30.1200008392334,31.969999313354492,29.860000610351562,30.450000762939453,19.005905151367188,122201200,WFC
2008-07-24,30.700000762939453,30.809999465942383,29.0,29.149999618530273,18.194486618041992,70564700,WFC
2008-07-25,29.329999923706055,30.010000228881836,28.510000228881836,29.09000015258789,18.15703773498535,55525300,WFC
2008-07-28,29.0,29.670000076293945,27.799999237060547,27.93000030517578,17.43301010131836,46645300,WFC
2008-07-29,28.170000076293945,30.459999084472656,27.729999542236328,30.459999084472656,19.012157440185547,62303400,WFC
2008-07-30,31.0,31.5,29.8700008392334,31.200000762939453,19.474031448364258,65749100,WFC
2008-07-31,30.709999084472656,31.239999771118164,30.010000228881836,30.270000457763672,18.8935489654541,48107500,WFC
2008-08-01,30.270000457763672,30.639999389648438,29.709999084472656,30.5,19.0371150970459,40425300,WFC
2008-08-04,30.100000381469727,30.770000457763672,29.440000534057617,30.18000030517578,18.837387084960938,46627900,WFC
2008-08-05,30.549999237060547,31.690000534057617,30.239999771118164,31.540000915527344,19.686246871948242,45806300,WFC
2008-08-06,30.799999237060547,30.969999313354492,30.100000381469727,30.309999465942383,19.12468719482422,42199300,WFC
2008-08-07,29.90999984741211,30.639999389648438,28.549999237060547,29.010000228881836,18.304426193237305,57510900,WFC
2008-08-08,29.030000686645508,30.510000228881836,28.709999084472656,30.170000076293945,19.03635025024414,45857600,WFC
2008-08-11,30.200000762939453,32.06999969482422,30.200000762939453,31.610000610351562,19.9449462890625,55278900,WFC
2008-08-12,31.0,31.520000457763672,30.09000015258789,30.3799991607666,19.16885757446289,54318600,WFC
2008-08-13,30.139999389648438,30.329999923706055,29.0,29.290000915527344,18.48109245300293,53459400,WFC
2008-08-14,29.18000030517578,30.520000457763672,28.950000762939453,30.170000076293945,19.03635025024414,40937100,WFC
2008-08-15,29.809999465942383,30.489999771118164,29.25,29.760000228881836,18.77764892578125,43611700,WFC
2008-08-18,29.8700008392334,29.8700008392334,28.559999465942383,28.799999237060547,18.171924591064453,38157700,WFC
2008-08-19,28.5,28.5,27.3799991607666,27.790000915527344,17.534645080566406,45428100,WFC
2008-08-20,28.010000228881836,29.010000228881836,27.170000076293945,28.920000076293945,18.247629165649414,52813300,WFC
2008-08-21,28.170000076293945,28.68000030517578,28.040000915527344,28.440000534057617,17.944772720336914,37272800,WFC
2008-08-22,29.219999313354492,29.65999984741211,28.700000762939453,29.360000610351562,18.5252685546875,44892000,WFC
2008-08-25,28.920000076293945,29.229999542236328,28.540000915527344,28.670000076293945,18.08989906311035,30517900,WFC
2008-08-26,28.690000534057617,29.260000228881836,28.09000015258789,28.690000534057617,18.102516174316406,33048100,WFC
2008-08-27,28.729999542236328,29.139999389648438,28.3799991607666,28.90999984741211,18.241323471069336,25864700,WFC
2008-08-28,29.350000381469727,30.440000534057617,28.979999542236328,30.43000030517578,19.20040512084961,36971300,WFC
2008-08-29,30.170000076293945,30.56999969482422,29.84000015258789,30.270000457763672,19.099437713623047,29295400,WFC
2008-09-02,31.219999313354492,31.690000534057617,30.709999084472656,31.209999084472656,19.69256591796875,37648600,WFC
2008-09-03,31.1200008392334,31.389999389648438,30.579999923706055,31.010000228881836,19.566362380981445,38035000,WFC
2008-09-04,30.559999465942383,30.950000762939453,29.56999969482422,29.670000076293945,18.720869064331055,46546500,WFC
2008-09-05,29.56999969482422,31.34000015258789,28.790000915527344,31.200000762939453,19.686246871948242,52598700,WFC
2008-09-08,33.2400016784668,33.959999084472656,31.829999923706055,33.560001373291016,21.17533302307129,97528900,WFC
2008-09-09,33.06999969482422,33.75,31.15999984741211,31.170000076293945,19.667316436767578,68945200,WFC
2008-09-10,31.5,32.5,30.100000381469727,31.700000762939453,20.001737594604492,57747600,WFC
2008-09-11,30.700000762939453,33.939998626708984,30.520000457763672,33.849998474121094,21.358318328857422,76365300,WFC
2008-09-12,33.2599983215332,34.5,32.970001220703125,34.290000915527344,21.635944366455078,63888200,WFC
2008-09-15,32.66999816894531,35.0,31.0,31.0,19.560049057006836,100858600,WFC
2008-09-16,31.200000762939453,35.119998931884766,31.0,34.93000030517578,22.03976821899414,115545500,WFC
2008-09-17,33.79999923706055,35.25,32.900001525878906,33.43000030517578,21.093311309814453,98504500,WFC
2008-09-18,34.279998779296875,39.54999923706055,32.27000045776367,37.0,23.345867156982422,166561000,WFC
2008-09-19,44.29999923706055,44.75,37.0099983215332,39.79999923706055,25.112586975097656,96587700,WFC
2008-09-22,39.150001525878906,39.20000076293945,34.29999923706055,35.18000030517578,22.1975040435791,54381000,WFC
2008-09-23,35.04999923706055,36.59000015258789,34.029998779296875,34.16999816894531,21.56023406982422,32709700,WFC
2008-09-24,35.099998474121094,35.75,34.08000183105469,34.27000045776367,21.623336791992188,26497100,WFC
2008-09-25,35.25,35.79999923706055,34.02000045776367,34.119998931884766,21.528684616088867,38564000,WFC
2008-09-26,33.27000045776367,38.25,33.0,37.310001373291016,23.541473388671875,56079000,WFC
2008-09-29,36.0,38.40999984741211,33.25,33.25,20.979732513427734,67567100,WFC
2008-09-30,35.36000061035156,38.0,34.79999923706055,37.529998779296875,23.680286407470703,46865200,WFC
2008-10-01,36.97999954223633,38.599998474121094,36.4900016784668,36.70000076293945,23.156578063964844,47778200,WFC
2008-10-02,37.0,37.65999984741211,35.0099983215332,35.15999984741211,22.184890747070312,39351300,WFC
2008-10-03,37.97999954223633,38.95000076293945,34.5,34.560001373291016,21.806304931640625,81074700,WFC
2008-10-06,33.29999923706055,35.47999954223633,31.920000076293945,33.63999938964844,21.225814819335938,59028000,WFC
2008-10-07,34.099998474121094,34.9900016784668,30.600000381469727,30.600000381469727,19.307668685913086,45277800,WFC
2008-10-08,29.950000762939453,33.7599983215332,29.219999313354492,31.899999618530273,20.127925872802734,57472800,WFC
2008-10-09,33.060001373291016,33.06999969482422,26.18000030517578,27.25,17.19392204284668,122764600,WFC
2008-10-10,25.43000030517578,29.530000686645508,25.0,28.309999465942383,17.862747192382812,122081300,WFC
2008-10-13,30.649999618530273,31.0,27.559999465942383,30.399999618530273,19.181476593017578,69324000,WFC
2008-10-14,32.970001220703125,34.16999816894531,31.780000686645508,33.52000045776367,21.150094985961914,96432200,WFC
2008-10-15,32.29999923706055,35.029998779296875,32.02000045776367,33.349998474121094,21.042831420898438,95036300,WFC
2008-10-16,32.88999938964844,34.310001373291016,30.040000915527344,33.900001525878906,21.38987159729004,73953600,WFC
2008-10-17,33.400001525878906,34.439998626708984,31.770000457763672,32.060001373291016,20.228879928588867,67021500,WFC
2008-10-20,32.72999954223633,33.0,31.100000381469727,32.22999954223633,20.33614158630371,52147200,WFC
2008-10-21,31.579999923706055,34.0,31.540000915527344,32.63999938964844,20.59484100341797,52862300,WFC
2008-10-22,31.84000015258789,32.5,29.81999969482422,31.299999237060547,19.749343872070312,65131500,WFC
2008-10-23,31.209999084472656,31.899999618530273,29.15999984741211,31.329999923706055,19.768274307250977,63126100,WFC
2008-10-24,29.040000915527344,32.0,29.0,30.90999984741211,19.50326156616211,50050200,WFC
2008-10-27,30.420000076293945,32.150001525878906,30.260000228881836,30.829999923706055,19.452781677246094,48569000,WFC
2008-10-28,31.75,34.459999084472656,30.549999237060547,34.459999084472656,21.74320411682129,62933400,WFC
2008-10-29,34.060001373291016,34.209999084472656,31.850000381469727,32.11000061035156,20.26042938232422,69966000,WFC
2008-10-30,33.150001525878906,33.25,31.719999313354492,31.84000015258789,20.090065002441406,57908900,WFC
2008-10-31,31.600000381469727,34.560001373291016,31.540000915527344,34.04999923706055,21.484516143798828,63355800,WFC
2008-11-03,34.15999984741211,34.470001220703125,33.40999984741211,33.79999923706055,21.326770782470703,37362400,WFC
2008-11-04,34.47999954223633,35.25,33.91999816894531,35.11000061035156,22.153337478637695,47060300,WFC
2008-11-05,34.630001068115234,35.0,31.309999465942383,31.68000030517578,20.184581756591797,53767600,WFC
2008-11-06,29.780000686645508,30.969999313354492,28.0,28.770000457763672,18.330503463745117,119014900,WFC
2008-11-07,27.399999618530273,29.5,27.049999237060547,29.5,18.795616149902344,291576400,WFC
2008-11-10,29.940000534057617,30.030000686645508,28.040000915527344,28.6200008392334,18.23493194580078,80723300,WFC
2008-11-11,27.950000762939453,29.530000686645508,27.940000534057617,28.829999923706055,18.368738174438477,64961800,WFC
2008-11-12,28.31999969482422,29.420000076293945,27.299999237060547,27.299999237060547,17.39391326904297,64430300,WFC
2008-11-13,27.510000228881836,29.34000015258789,25.75,29.09000015258789,18.534385681152344,86007600,WFC
2008-11-14,28.200000762939453,29.889999389648438,27.6299991607666,28.729999542236328,18.305017471313477,69123200,WFC
2008-11-17,28.190000534057617,28.729999542236328,26.729999542236328,27.829999923706055,17.73158836364746,64412800,WFC
2008-11-18,27.969999313354492,28.3700008392334,25.829999923706055,27.200000762939453,17.330188751220703,81619800,WFC
2008-11-19,27.100000381469727,27.200000762939453,24.270000457763672,24.399999618530273,15.546195983886719,86670000,WFC
2008-11-20,23.8799991607666,25.440000534057617,22.0,22.530000686645508,14.35474967956543,110888100,WFC
2008-11-21,22.920000076293945,23.510000228881836,19.889999389648438,21.760000228881836,13.864153861999512,139652100,WFC
2008-11-24,22.979999542236328,26.15999984741211,22.75,26.020000457763672,16.578372955322266,99328200,WFC
2008-11-25,26.979999542236328,28.40999984741211,25.020000457763672,26.950000762939453,17.17090606689453,78431300,WFC
2008-11-26,26.350000381469727,28.799999237060547,25.829999923706055,28.649999618530273,18.254045486450195,56597700,WFC
2008-11-28,28.3700008392334,29.010000228881836,27.520000457763672,28.889999389648438,18.40695571899414,28138600,WFC
2008-12-01,28.040000915527344,28.040000915527344,22.860000610351562,23.40999984741211,14.915432929992676,76566300,WFC
2008-12-02,24.170000076293945,26.1299991607666,22.56999969482422,25.889999389648438,16.495542526245117,80340500,WFC
2008-12-03,24.860000610351562,28.5,24.75,28.100000381469727,17.903614044189453,72932900,WFC
2008-12-04,27.540000915527344,29.15999984741211,26.780000686645508,27.549999237060547,17.55319595336914,60716600,WFC
2008-12-05,27.100000381469727,30.0,26.579999923706055,29.940000534057617,19.075958251953125,69302900,WFC
2008-12-08,30.639999389648438,32.72999954223633,30.219999313354492,32.65999984741211,20.80897331237793,70930700,WFC
2008-12-09,32.13999938964844,32.7599983215332,30.399999618530273,30.5,19.432754516601562,56791300,WFC
2008-12-10,30.559999465942383,30.799999237060547,28.649999618530273,29.190000534057617,18.598100662231445,51041700,WFC
2008-12-11,28.219999313354492,28.479999542236328,25.709999084472656,25.899999618530273,16.501909255981445,72244500,WFC
2008-12-12,24.84000015258789,26.8700008392334,24.670000076293945,26.719999313354492,17.02436637878418,51372900,WFC
2008-12-15,26.979999542236328,27.030000686645508,25.530000686645508,26.06999969482422,16.610227584838867,37629900,WFC
2008-12-16,26.469999313354492,29.81999969482422,26.450000762939453,29.780000686645508,18.974018096923828,64931200,WFC
2008-12-17,29.200000762939453,30.549999237060547,28.8700008392334,29.979999542236328,19.10144805908203,57126400,WFC
2008-12-18,30.260000228881836,31.40999984741211,29.209999084472656,29.649999618530273,18.89118766784668,62937100,WFC
2008-12-19,30.09000015258789,30.18000030517578,28.5,29.360000610351562,18.706417083740234,88618600,WFC
2008-12-22,29.110000610351562,29.299999237060547,27.280000686645508,27.420000076293945,17.470361709594727,41191700,WFC
2008-12-23,27.959999084472656,28.09000015258789,26.989999771118164,26.989999771118164,17.19639015197754,28140900,WFC
2008-12-24,27.299999237060547,27.68000030517578,26.860000610351562,27.479999542236328,17.50859260559082,11211400,WFC
2008-12-26,27.56999969482422,27.860000610351562,27.149999618530273,27.510000228881836,17.527706146240234,12384400,WFC
2008-12-29,27.889999389648438,27.90999984741211,27.299999237060547,27.829999923706055,17.73158836364746,20971000,WFC
2008-12-30,27.809999465942383,28.799999237060547,27.610000610351562,28.799999237060547,18.34961700439453,28636600,WFC
2008-12-31,28.690000534057617,30.489999771118164,28.200000762939453,29.479999542236328,18.782875061035156,45109700,WFC
2009-01-02,29.18000030517578,30.469999313354492,28.670000076293945,30.0,19.114181518554688,36522300,WFC
2009-01-05,29.739999771118164,29.790000915527344,28.059999465942383,28.059999465942383,17.878129959106445,43614200,WFC
2009-01-06,28.670000076293945,28.81999969482422,27.290000915527344,27.540000915527344,17.546817779541016,54222900,WFC
2009-01-07,27.079999923706055,27.18000030517578,23.6200008392334,25.8700008392334,16.482797622680664,52631000,WFC
2009-01-08,25.360000610351562,26.06999969482422,25.110000610351562,25.719999313354492,16.387222290039062,52580100,WFC
2009-01-09,25.950000762939453,25.979999542236328,24.989999771118164,25.139999389648438,16.017681121826172,43187900,WFC
2009-01-12,25.190000534057617,25.31999969482422,23.540000915527344,23.799999237060547,15.163919448852539,57566500,WFC
2009-01-13,23.489999771118164,24.809999465942383,23.40999984741211,24.3799991607666,15.533456802368164,65413600,WFC
2009-01-14,23.360000610351562,23.709999084472656,22.700000762939453,23.06999969482422,14.698808670043945,71135600,WFC
2009-01-15,22.989999771118164,23.020000457763672,19.030000686645508,20.15999984741211,12.844727516174316,178862300,WFC
2009-01-16,20.829999923706055,21.290000915527344,17.030000686645508,18.68000030517578,11.901769638061523,173589900,WFC
2009-01-20,16.770000457763672,17.020000457763672,13.819999694824219,14.229999542236328,9.066498756408691,203896600,WFC
2009-01-21,15.0,16.829999923706055,13.739999771118164,16.649999618530273,10.608373641967773,188824400,WFC
2009-01-22,16.040000915527344,16.59000015258789,15.079999923706055,15.789999961853027,10.060433387756348,94501600,WFC
2009-01-23,14.930000305175781,16.15999984741211,14.6899995803833,15.869999885559082,10.111404418945312,84417000,WFC
2009-01-26,16.200000762939453,16.889999389648438,15.4399995803833,15.479999542236328,9.862918853759766,75464000,WFC
2009-01-27,15.800000190734863,16.639999389648438,15.75,16.190000534057617,10.315286636352539,77306500,WFC
2009-01-28,19.010000228881836,21.450000762939453,18.40999984741211,21.190000534057617,13.500986099243164,203219500,WFC
2009-01-29,19.829999923706055,20.729999542236328,18.729999542236328,18.780000686645508,11.965479850769043,127527600,WFC
2009-01-30,19.350000381469727,19.75,18.3700008392334,18.899999618530273,12.0419340133667,97576800,WFC
2009-02-02,18.40999984741211,19.479999542236328,18.200000762939453,19.229999542236328,12.252190589904785,81939400,WFC
2009-02-03,19.649999618530273,19.739999771118164,17.450000762939453,18.530000686645508,11.806197166442871,95285100,WFC
2009-02-04,18.5,19.299999237060547,17.280000686645508,17.450000762939453,11.325896263122559,89512300,WFC
2009-02-05,17.229999542236328,17.399999618530273,14.670000076293945,16.270000457763672,10.560020446777344,206588100,WFC
2009-02-06,17.350000381469727,19.389999389648438,17.100000381469727,19.139999389648438,12.422789573669434,118216200,WFC
2009-02-09,19.15999984741211,19.600000381469727,18.56999969482422,19.059999465942383,12.370863914489746,74538100,WFC
2009-02-10,18.84000015258789,19.059999465942383,16.06999969482422,16.350000381469727,10.611939430236816,136825300,WFC
2009-02-11,16.75,17.579999923706055,16.360000610351562,17.5,11.358351707458496,74251900,WFC
2009-02-12,16.540000915527344,16.809999465942383,15.270000457763672,16.799999237060547,10.904014587402344,144748600,WFC
2009-02-13,16.350000381469727,16.420000076293945,15.5600004196167,15.760000228881836,10.22900390625,88502000,WFC
2009-02-17,14.579999923706055,15.0600004196167,13.6899995803833,13.6899995803833,8.885475158691406,122235400,WFC
2009-02-18,14.329999923706055,14.399999618530273,12.0600004196167,13.050000190734863,8.470086097717285,190592400,WFC
2009-02-19,12.90999984741211,13.75,11.9399995803833,12.010000228881836,7.79507303237915,129429500,WFC
2009-02-20,11.069999694824219,11.399999618530273,8.8100004196167,10.90999984741211,7.081118583679199,372764600,WFC
2009-02-23,11.760000228881836,12.949999809265137,10.5600004196167,11.029999732971191,7.159005641937256,225178200,WFC
2009-02-24,11.390000343322754,13.109999656677246,11.149999618530273,13.050000190734863,8.470086097717285,187177900,WFC
2009-02-25,12.960000038146973,14.079999923706055,11.770000457763672,13.4399995803833,8.723213195800781,209935600,WFC
2009-02-26,14.59000015258789,15.039999961853027,13.819999694824219,14.399999618530273,9.346302032470703,170145000,WFC
2009-02-27,12.550000190734863,14.829999923706055,11.869999885559082,12.100000381469727,7.853491306304932,186832300,WFC
2009-03-02,10.979999542236328,11.430000305175781,10.270000457763672,10.84000015258789,7.035687446594238,162697700,WFC
2009-03-03,11.479999542236328,11.770000457763672,10.4399995803833,10.670000076293945,6.925351142883301,156370200,WFC
2009-03-04,11.319999694824219,11.319999694824219,8.9399995803833,9.65999984741211,6.269809722900391,237467700,WFC
2009-03-05,8.890000343322754,8.9399995803833,7.800000190734863,8.119999885559082,5.2702741622924805,274724600,WFC
2009-03-06,8.729999542236328,9.489999771118164,8.010000228881836,8.609999656677246,5.588308334350586,256312500,WFC
2009-03-09,8.649999618530273,10.699999809265137,8.5,9.970000267028809,6.471014022827148,209041300,WFC
2009-03-10,11.180000305175781,11.949999809265137,10.699999809265137,11.8100004196167,7.665265083312988,233377400,WFC
2009-03-11,12.420000076293945,12.729999542236328,11.319999694824219,11.880000114440918,7.71069860458374,190297200,WFC
2009-03-12,11.539999961853027,14.010000228881836,11.359999656677246,13.949999809265137,9.054227828979492,194211600,WFC
2009-03-13,14.479999542236328,15.010000228881836,12.90999984741211,13.9399995803833,9.047738075256348,197054500,WFC
2009-03-16,14.40999984741211,15.239999771118164,13.6899995803833,13.699999809265137,8.891966819763184,183999100,WFC
2009-03-17,13.569999694824219,14.65999984741211,12.9399995803833,14.65999984741211,9.515050888061523,144894400,WFC
2009-03-18,14.399999618530273,17.309999465942383,14.15999984741211,17.219999313354492,11.176616668701172,232658000,WFC
2009-03-19,17.459999084472656,17.600000381469727,15.170000076293945,15.420000076293945,10.008330345153809,175963000,WFC
2009-03-20,15.390000343322754,15.470000267028809,13.949999809265137,13.989999771118164,9.080188751220703,167275700,WFC
2009-03-23,15.899999618530273,17.670000076293945,15.220000267028809,17.329999923706055,11.24801254272461,186689100,WFC
2009-03-24,16.549999237060547,17.530000686645508,15.430000305175781,15.5,10.06025505065918,167873500,WFC
2009-03-25,16.299999237060547,17.190000534057617,14.869999885559082,16.420000076293945,10.657377243041992,217755200,WFC
2009-03-26,16.850000381469727,16.899999618530273,15.470000267028809,15.949999809265137,10.352326393127441,163404200,WFC
2009-03-27,15.359999656677246,16.6299991607666,15.3100004196167,15.59000015258789,10.118669509887695,129904000,WFC
2009-03-30,14.699999809265137,15.119999885559082,13.369999885559082,13.369999885559082,8.677779197692871,148010900,WFC
2009-03-31,14.010000228881836,14.75,13.75,14.239999771118164,9.242448806762695,145973500,WFC
2009-04-01,13.720000267028809,14.9399995803833,13.649999618530273,14.479999542236328,9.398222923278809,156839200,WFC
2009-04-02,15.920000076293945,16.25,14.90999984741211,15.329999923706055,9.949911117553711,206881200,WFC
2009-04-03,15.170000076293945,16.34000015258789,14.930000305175781,16.34000015258789,10.60545539855957,130556900,WFC
2009-04-06,15.479999542236328,15.640000343322754,15.039999961853027,15.25,9.897991180419922,119301700,WFC
2009-04-07,14.760000228881836,15.399999618530273,14.510000228881836,14.850000381469727,9.638372421264648,117192300,WFC
2009-04-08,15.100000381469727,15.170000076293945,14.40999984741211,14.890000343322754,9.664336204528809,91295200,WFC
2009-04-09,19.84000015258789,19.950000762939453,17.420000076293945,19.610000610351562,12.727849960327148,376577100,WFC
2009-04-13,18.850000381469727,19.950000762939453,18.510000228881836,19.670000076293945,12.766785621643066,173737800,WFC
2009-04-14,19.280000686645508,19.530000686645508,18.049999237060547,18.270000457763672,11.858121871948242,154442900,WFC
2009-04-15,17.969999313354492,19.6299991607666,17.600000381469727,19.549999237060547,12.68890380859375,119185500,WFC
2009-04-16,19.65999984741211,19.989999771118164,18.649999618530273,19.450000762939453,12.623997688293457,129565500,WFC
2009-04-17,19.40999984741211,20.989999771118164,18.8799991607666,20.260000228881836,13.1497220993042,166941600,WFC
2009-04-20,18.969999313354492,19.25,16.979999542236328,17.0,11.033828735351562,162271800,WFC
2009-04-21,16.559999465942383,18.809999465942383,16.139999389648438,18.809999465942383,12.208605766296387,185041900,WFC
2009-04-22,18.209999084472656,20.559999465942383,18.149999618530273,18.18000030517578,11.799707412719727,248215300,WFC
2009-04-23,18.6200008392334,20.280000686645508,18.600000381469727,20.09000015258789,13.039392471313477,206481900,WFC
2009-04-24,20.6299991607666,21.969999313354492,20.049999237060547,21.399999618530273,13.889639854431152,222241900,WFC
2009-04-27,20.459999084472656,21.229999542236328,20.260000228881836,20.299999237060547,13.175688743591309,134002500,WFC
2009-04-28,19.3799991607666,20.1200008392334,19.280000686645508,19.479999542236328,12.64346694946289,107394300,WFC
2009-04-29,19.84000015258789,20.690000534057617,19.350000381469727,19.969999313354492,12.961502075195312,142750100,WFC
2009-04-30,20.360000610351562,21.959999084472656,19.899999618530273,20.010000228881836,12.987460136413574,115836200,WFC
2009-05-01,19.979999542236328,20.3799991607666,19.350000381469727,19.610000610351562,12.727849960327148,96730100,WFC
2009-05-04,20.440000534057617,24.25,20.260000228881836,24.25,15.739435195922852,294065000,WFC
2009-05-05,23.6299991607666,24.149999618530273,22.729999542236328,23.270000457763672,15.103358268737793,175576000,WFC
2009-05-06,24.510000228881836,26.84000015258789,24.399999618530273,26.84000015258789,17.457984924316406,256184300,WFC
2009-05-07,27.950000762939453,28.34000015258789,24.229999542236328,24.760000228881836,16.10504913330078,236941900,WFC
2009-05-08,24.030000686645508,28.18000030517578,23.829999923706055,28.18000030517578,18.329574584960938,478736600,WFC
2009-05-11,27.190000534057617,28.450000762939453,26.530000686645508,26.530000686645508,17.256336212158203,188439600,WFC
2009-05-12,26.739999771118164,27.09000015258789,24.290000915527344,25.700000762939453,16.71646499633789,189795100,WFC
2009-05-13,24.68000030517578,25.34000015258789,24.15999984741211,24.200000762939453,15.740801811218262,135710100,WFC
2009-05-14,24.25,25.690000534057617,23.8700008392334,25.690000534057617,16.709957122802734,122509300,WFC
2009-05-15,25.579999923706055,26.1200008392334,24.579999923706055,24.8700008392334,16.176603317260742,94467400,WFC
2009-05-18,26.020000457763672,26.950000762939453,25.270000457763672,26.93000030517578,17.51651382446289,107543400,WFC
2009-05-19,27.020000457763672,27.079999923706055,25.399999618530273,25.450000762939453,16.553861618041992,96754700,WFC
2009-05-20,25.860000610351562,26.149999618530273,24.280000686645508,24.459999084472656,15.909915924072266,122873300,WFC
2009-05-21,23.450000762939453,25.270000457763672,23.440000534057617,25.040000915527344,16.287174224853516,98832400,WFC
2009-05-22,25.079999923706055,25.200000762939453,24.309999465942383,24.309999465942383,15.812348365783691,59379300,WFC
2009-05-26,24.229999542236328,25.760000228881836,24.079999923706055,25.649999618530273,16.68394660949707,92738800,WFC
2009-05-27,25.850000381469727,25.899999618530273,24.049999237060547,24.079999923706055,15.662736892700195,110028600,WFC
2009-05-28,24.170000076293945,24.770000457763672,23.219999313354492,24.770000457763672,16.111549377441406,128903700,WFC
2009-05-29,24.790000915527344,25.5,24.1299991607666,25.5,16.586374282836914,121275800,WFC
2009-06-01,25.760000228881836,26.049999237060547,25.0,25.43000030517578,16.54084587097168,122370300,WFC
2009-06-02,24.84000015258789,24.950000762939453,24.110000610351562,24.389999389648438,15.864383697509766,102133000,WFC
2009-06-03,24.299999237060547,24.639999389648438,23.8799991607666,24.1299991607666,15.695262908935547,82289300,WFC
2009-06-04,24.389999389648438,25.100000381469727,23.780000686645508,25.100000381469727,16.32619857788086,75247800,WFC
2009-06-05,25.469999313354492,25.690000534057617,24.690000534057617,24.719999313354492,16.07902717590332,79067200,WFC
2009-06-08,24.600000381469727,25.600000381469727,24.5,25.389999389648438,16.51483154296875,65703100,WFC
2009-06-09,25.5,25.690000534057617,25.1200008392334,25.65999984741211,16.690452575683594,70525600,WFC
2009-06-10,25.75,25.799999237060547,24.579999923706055,24.90999984741211,16.202608108520508,88999800,WFC
2009-06-11,24.940000534057617,25.399999618530273,24.239999771118164,25.020000457763672,16.274166107177734,63676900,WFC
2009-06-12,24.920000076293945,25.5,24.780000686645508,25.479999542236328,16.5733699798584,49000500,WFC
2009-06-15,25.219999313354492,25.5,24.649999618530273,24.709999084472656,16.07253074645996,59908800,WFC
2009-06-16,24.299999237060547,25.110000610351562,24.299999237060547,24.399999618530273,15.87088394165039,62161500,WFC
2009-06-17,24.15999984741211,24.239999771118164,22.979999542236328,23.09000015258789,15.018802642822266,100761400,WFC
2009-06-18,23.030000686645508,23.93000030517578,21.56999969482422,23.700000762939453,15.415574073791504,73968300,WFC
2009-06-19,24.0,25.200000762939453,23.139999389648438,24.190000534057617,15.734294891357422,101330400,WFC
2009-06-22,23.780000686645508,24.190000534057617,22.479999542236328,22.510000228881836,14.641547203063965,82122000,WFC
2009-06-23,22.65999984741211,23.299999237060547,22.15999984741211,22.90999984741211,14.901725769042969,83126100,WFC
2009-06-24,23.18000030517578,23.5,22.860000610351562,23.170000076293945,15.070842742919922,69038200,WFC
2009-06-25,23.06999969482422,23.809999465942383,22.25,23.799999237060547,15.480622291564941,64436000,WFC
2009-06-26,23.739999771118164,24.079999923706055,23.5,23.8700008392334,15.526148796081543,62738900,WFC
2009-06-29,23.959999084472656,24.639999389648438,23.600000381469727,24.530000686645508,15.955450057983398,60701400,WFC
2009-06-30,24.459999084472656,24.979999542236328,24.18000030517578,24.260000228881836,15.779829025268555,75007300,WFC
2009-07-01,24.25,24.6299991607666,24.040000915527344,24.139999389648438,15.701772689819336,57186500,WFC
2009-07-02,23.729999542236328,23.889999389648438,23.059999465942383,23.079999923706055,15.012298583984375,52546200,WFC
2009-07-06,22.950000762939453,23.420000076293945,22.219999313354492,23.100000381469727,15.025309562683105,77596200,WFC
2009-07-07,23.149999618530273,23.84000015258789,23.0,23.329999923706055,15.174909591674805,64747000,WFC
2009-07-08,23.329999923706055,23.56999969482422,22.079999923706055,22.90999984741211,14.901725769042969,93891900,WFC
2009-07-09,23.209999084472656,23.579999923706055,22.610000610351562,23.280000686645508,15.142389297485352,53836900,WFC
2009-07-10,23.06999969482422,23.34000015258789,22.809999465942383,22.8700008392334,14.875702857971191,53700500,WFC
2009-07-13,23.3799991607666,24.799999237060547,23.31999969482422,24.799999237060547,16.13106346130371,86119200,WFC
2009-07-14,24.719999313354492,24.829999923706055,23.950000762939453,24.399999618530273,15.87088394165039,67883400,WFC
2009-07-15,24.719999313354492,25.469999313354492,24.649999618530273,25.299999237060547,16.45629119873047,90990200,WFC
2009-07-16,25.06999969482422,25.3799991607666,24.56999969482422,25.049999237060547,16.293676376342773,61519900,WFC
2009-07-17,25.06999969482422,25.329999923706055,24.579999923706055,25.0,16.261154174804688,54724600,WFC
2009-07-20,25.079999923706055,25.979999542236328,24.760000228881836,25.520000457763672,16.599390029907227,64893800,WFC
2009-07-21,25.780000686645508,25.899999618530273,24.799999237060547,25.350000381469727,16.488807678222656,64544500,WFC
2009-07-22,23.690000534057617,24.8700008392334,23.420000076293945,24.450000762939453,15.903410911560059,150692300,WFC
2009-07-23,24.3799991607666,24.549999237060547,24.020000457763672,24.260000228881836,15.779829025268555,99923300,WFC
2009-07-24,24.030000686645508,24.049999237060547,23.170000076293945,23.469999313354492,15.265971183776855,93905100,WFC
2009-07-27,23.520000457763672,24.329999923706055,23.3799991607666,24.219999313354492,15.753808975219727,62487900,WFC
2009-07-28,23.989999771118164,24.639999389648438,23.899999618530273,24.520000457763672,15.948951721191406,62683700,WFC
2009-07-29,24.290000915527344,24.760000228881836,24.15999984741211,24.3799991607666,15.857873916625977,48075900,WFC
2009-07-30,24.649999618530273,25.309999465942383,24.530000686645508,24.8700008392334,16.176603317260742,54517400,WFC
2009-07-31,24.899999618530273,24.93000030517578,24.440000534057617,24.459999084472656,15.909915924072266,54880800,WFC
2009-08-03,24.899999618530273,25.829999923706055,24.8700008392334,25.799999237060547,16.78152084350586,66231200,WFC
2009-08-04,25.690000534057617,26.989999771118164,25.219999313354492,26.549999237060547,17.269344329833984,82298700,WFC
2009-08-05,26.709999084472656,28.049999237060547,26.600000381469727,28.020000457763672,18.2598876953125,87411700,WFC
2009-08-06,28.559999465942383,28.989999771118164,27.469999313354492,27.969999313354492,18.22730827331543,85642200,WFC
2009-08-07,28.40999984741211,29.350000381469727,28.0,28.760000228881836,18.742130279541016,71572200,WFC
2009-08-10,28.5,28.989999771118164,28.149999618530273,28.639999389648438,18.663928985595703,43352200,WFC
2009-08-11,28.299999237060547,28.31999969482422,26.889999389648438,26.889999389648438,17.52350616455078,72918200,WFC
2009-08-12,26.719999313354492,27.5,26.6200008392334,27.170000076293945,17.705963134765625,53521000,WFC
2009-08-13,27.540000915527344,27.899999618530273,26.049999237060547,27.8799991607666,18.168655395507812,49493800,WFC
2009-08-14,27.799999237060547,28.09000015258789,27.299999237060547,27.729999542236328,18.070905685424805,45055900,WFC
2009-08-17,26.75,26.989999771118164,26.25,26.299999237060547,17.13901710510254,51950300,WFC
2009-08-18,26.540000915527344,26.75,26.209999084472656,26.34000015258789,17.16507911682129,36659900,WFC
2009-08-19,26.020000457763672,26.860000610351562,25.829999923706055,26.610000610351562,17.341032028198242,46441900,WFC
2009-08-20,26.700000762939453,27.719999313354492,26.690000534057617,27.479999542236328,17.907989501953125,48097300,WFC
2009-08-21,27.90999984741211,28.079999923706055,27.6200008392334,27.940000534057617,18.20775604248047,51137800,WFC
2009-08-24,28.170000076293945,28.540000915527344,27.200000762939453,27.31999969482422,17.80371856689453,51642300,WFC
2009-08-25,27.56999969482422,28.06999969482422,27.299999237060547,27.329999923706055,17.810232162475586,42789000,WFC
2009-08-26,27.139999389648438,27.719999313354492,27.020000457763672,27.6200008392334,17.99921989440918,43310800,WFC
2009-08-27,27.549999237060547,27.850000381469727,27.360000610351562,27.739999771118164,18.077423095703125,35292800,WFC
2009-08-28,28.010000228881836,28.010000228881836,27.209999084472656,27.299999237060547,17.790678024291992,35405800,WFC
2009-08-31,26.969999313354492,27.600000381469727,26.770000457763672,27.520000457763672,17.93405532836914,35614100,WFC
2009-09-01,27.34000015258789,27.770000457763672,25.809999465942383,26.209999084472656,17.080366134643555,87353300,WFC
2009-09-02,26.100000381469727,26.700000762939453,25.889999389648438,26.09000015258789,17.00216293334961,53902400,WFC
2009-09-03,26.329999923706055,26.920000076293945,26.309999465942383,26.90999984741211,17.536537170410156,39465400,WFC
2009-09-04,26.8799991607666,26.979999542236328,26.559999465942383,26.90999984741211,17.536537170410156,31552900,WFC
2009-09-08,27.209999084472656,27.290000915527344,26.600000381469727,26.979999542236328,17.5821475982666,31736000,WFC
2009-09-09,27.030000686645508,27.75,26.979999542236328,27.68000030517578,18.038328170776367,47483700,WFC
2009-09-10,27.5,27.950000762939453,27.299999237060547,27.860000610351562,18.15562629699707,40938900,WFC
2009-09-11,27.81999969482422,28.09000015258789,27.3700008392334,27.43000030517578,17.875411987304688,33802300,WFC
2009-09-14,27.170000076293945,27.989999771118164,27.100000381469727,27.920000076293945,18.19472312927246,32056200,WFC
2009-09-15,27.93000030517578,28.889999389648438,27.790000915527344,28.579999923706055,18.62483024597168,50756800,WFC
2009-09-16,28.770000457763672,29.559999465942383,28.3700008392334,29.40999984741211,19.16572380065918,49675000,WFC
2009-09-17,29.239999771118164,29.440000534057617,28.549999237060547,28.780000686645508,18.755163192749023,36872000,WFC
2009-09-18,29.079999923706055,29.079999923706055,28.229999542236328,28.489999771118164,18.566173553466797,42749200,WFC
2009-09-21,28.389999389648438,28.690000534057617,28.149999618530273,28.290000915527344,18.43584632873535,34390700,WFC
2009-09-22,28.6299991607666,29.540000915527344,28.31999969482422,29.389999389648438,19.152685165405273,45230300,WFC
2009-09-23,29.329999923706055,29.40999984741211,28.709999084472656,28.760000228881836,18.742130279541016,38182200,WFC
2009-09-24,28.899999618530273,29.190000534057617,27.920000076293945,28.450000762939453,18.54011344909668,46650900,WFC
2009-09-25,28.270000457763672,28.440000534057617,27.790000915527344,28.190000534057617,18.37067413330078,34479100,WFC
2009-09-28,28.309999465942383,28.899999618530273,28.010000228881836,28.899999618530273,18.833370208740234,31319700,WFC
2009-09-29,28.700000762939453,28.969999313354492,28.299999237060547,28.350000381469727,18.474946975708008,29705900,WFC
2009-09-30,28.43000030517578,28.68000030517578,27.889999389648438,28.18000030517578,18.364158630371094,39190600,WFC
2009-10-01,28.059999465942383,28.059999465942383,26.530000686645508,26.600000381469727,17.334518432617188,56454900,WFC
2009-10-02,26.040000915527344,26.690000534057617,25.989999771118164,26.280000686645508,17.125980377197266,52060900,WFC
2009-10-05,27.440000534057617,28.299999237060547,27.34000015258789,28.09000015258789,18.305509567260742,56118100,WFC
2009-10-06,28.34000015258789,29.049999237060547,28.309999465942383,28.65999984741211,18.67696189880371,59068600,WFC
2009-10-07,28.489999771118164,29.299999237060547,28.360000610351562,29.260000228881836,19.067962646484375,41824100,WFC
2009-10-08,29.15999984741211,29.43000030517578,28.90999984741211,29.049999237060547,18.931116104125977,45338900,WFC
2009-10-09,29.010000228881836,29.329999923706055,28.860000610351562,29.209999084472656,19.035383224487305,29218700,WFC
2009-10-12,29.5,30.540000915527344,29.110000610351562,30.280000686645508,19.732675552368164,52504500,WFC
2009-10-13,29.979999542236328,30.34000015258789,29.6200008392334,30.059999465942383,19.589303970336914,38648600,WFC
2009-10-14,30.700000762939453,31.43000030517578,30.389999389648438,31.34000015258789,20.423446655273438,62894600,WFC
2009-10-15,31.0,31.530000686645508,30.920000076293945,31.3799991607666,20.44951057434082,39072700,WFC
2009-10-16,30.579999923706055,30.6299991607666,29.829999923706055,30.020000457763672,19.563234329223633,57472400,WFC
2009-10-19,30.350000381469727,30.420000076293945,29.770000457763672,30.06999969482422,19.5958194732666,32327500,WFC
2009-10-20,29.979999542236328,30.639999389648438,29.850000381469727,30.459999084472656,19.84998321533203,41722700,WFC
2009-10-21,30.100000381469727,31.1200008392334,28.84000015258789,28.899999618530273,18.833370208740234,113718800,WFC
2009-10-22,28.790000915527344,30.280000686645508,28.610000610351562,30.170000076293945,19.660987854003906,74918700,WFC
2009-10-23,30.18000030517578,30.18000030517578,29.049999237060547,29.31999969482422,19.107065200805664,49377700,WFC
2009-10-26,29.309999465942383,29.329999923706055,28.270000457763672,28.450000762939453,18.54011344909668,55207900,WFC
2009-10-27,28.40999984741211,28.709999084472656,28.040000915527344,28.389999389648438,18.501008987426758,49819400,WFC
2009-10-28,28.229999542236328,28.270000457763672,27.399999618530273,27.459999084472656,17.894956588745117,57274600,WFC
2009-10-29,27.979999542236328,28.6200008392334,27.690000534057617,28.56999969482422,18.61830711364746,47894800,WFC
2009-10-30,28.34000015258789,28.5,27.350000381469727,27.520000457763672,17.93405532836914,66430300,WFC
2009-11-02,27.860000610351562,28.239999771118164,26.739999771118164,27.610000610351562,17.992704391479492,55576000,WFC
2009-11-03,27.1200008392334,28.040000915527344,27.010000228881836,27.739999771118164,18.077423095703125,37878400,WFC
2009-11-04,28.020000457763672,28.1200008392334,26.719999313354492,26.81999969482422,17.509445190429688,46075800,WFC
2009-11-05,27.020000457763672,27.329999923706055,26.5,27.290000915527344,17.816286087036133,53391400,WFC
2009-11-06,26.719999313354492,27.329999923706055,26.579999923706055,27.1200008392334,17.705297470092773,37610100,WFC
2009-11-09,27.5,28.399999618530273,27.1200008392334,28.399999618530273,18.540943145751953,44419900,WFC
2009-11-10,28.25,28.450000762939453,27.93000030517578,28.100000381469727,18.3450870513916,35216700,WFC
2009-11-11,28.3700008392334,29.1299991607666,28.25,28.799999237060547,18.802087783813477,40085800,WFC
2009-11-12,28.780000686645508,28.899999618530273,28.110000610351562,28.219999313354492,18.423431396484375,34730700,WFC
2009-11-13,28.06999969482422,28.149999618530273,27.3700008392334,27.68000030517578,18.070898056030273,36576600,WFC
2009-11-16,27.920000076293945,28.68000030517578,27.780000686645508,28.209999084472656,18.41690444946289,45256000,WFC
2009-11-17,28.190000534057617,28.489999771118164,27.979999542236328,28.3700008392334,18.521364212036133,29199400,WFC
2009-11-18,28.290000915527344,28.93000030517578,28.270000457763672,28.860000610351562,18.841257095336914,27288800,WFC
2009-11-19,28.59000015258789,28.6299991607666,28.139999389648438,28.31999969482422,18.48871612548828,30848000,WFC
2009-11-20,28.209999084472656,28.280000686645508,27.65999984741211,27.8700008392334,18.194936752319336,41877900,WFC
2009-11-23,28.219999313354492,28.350000381469727,27.8799991607666,28.06999969482422,18.32550621032715,32738800,WFC
2009-11-24,27.889999389648438,28.06999969482422,27.479999542236328,27.860000610351562,18.18840980529785,29019100,WFC
2009-11-25,28.010000228881836,28.1299991607666,27.649999618530273,27.829999923706055,18.16881561279297,22882000,WFC
2009-11-27,26.959999084472656,27.59000015258789,26.899999618530273,27.139999389648438,17.71836280822754,23176800,WFC
2009-11-30,27.280000686645508,28.100000381469727,27.25,28.040000915527344,18.305919647216797,36739300,WFC
2009-12-01,28.149999618530273,28.389999389648438,27.850000381469727,27.989999771118164,18.273273468017578,33169200,WFC
2009-12-02,27.8799991607666,27.979999542236328,27.280000686645508,27.450000762939453,17.920745849609375,35368000,WFC
2009-12-03,27.520000457763672,27.90999984741211,26.40999984741211,26.489999771118164,17.294002532958984,66620600,WFC
2009-12-04,27.020000457763672,27.43000030517578,26.559999465942383,26.959999084472656,17.600841522216797,63916000,WFC
2009-12-07,27.06999969482422,27.309999465942383,26.18000030517578,26.360000610351562,17.20912742614746,35764600,WFC
2009-12-08,25.989999771118164,26.459999084472656,25.90999984741211,26.030000686645508,16.993696212768555,42682400,WFC
2009-12-09,26.149999618530273,26.350000381469727,25.81999969482422,25.959999084472656,16.947994232177734,35697000,WFC
2009-12-10,26.18000030517578,26.260000228881836,25.25,25.31999969482422,16.53016471862793,62139500,WFC
2009-12-11,25.09000015258789,25.649999618530273,25.010000228881836,25.40999984741211,16.58892250061035,48496300,WFC
2009-12-14,25.399999618530273,25.90999984741211,25.09000015258789,25.489999771118164,16.64115333557129,43877900,WFC
2009-12-15,26.020000457763672,26.31999969482422,25.0,25.65999984741211,16.75213623046875,254575800,WFC
2009-12-16,26.09000015258789,26.209999084472656,25.559999465942383,25.84000015258789,16.869647979736328,87439800,WFC
2009-12-17,25.639999389648438,26.18000030517578,25.6200008392334,26.06999969482422,17.019804000854492,80733500,WFC
2009-12-18,26.3799991607666,27.0,26.18000030517578,26.780000686645508,17.483325958251953,145756600,WFC
2009-12-21,26.989999771118164,27.489999771118164,26.850000381469727,27.34000015258789,17.84893035888672,47240800,WFC
2009-12-22,27.260000228881836,27.299999237060547,26.670000076293945,27.15999984741211,17.73141860961914,45699700,WFC
2009-12-23,27.270000457763672,27.280000686645508,26.719999313354492,26.850000381469727,17.529024124145508,25516800,WFC
2009-12-24,26.959999084472656,27.139999389648438,26.8700008392334,27.09000015258789,17.685710906982422,10481200,WFC
2009-12-28,27.079999923706055,27.200000762939453,26.540000915527344,26.75,17.463747024536133,19753100,WFC
2009-12-29,26.719999313354492,26.8799991607666,26.549999237060547,26.68000030517578,17.41804313659668,18586500,WFC
2009-12-30,26.5,26.81999969482422,26.440000534057617,26.81999969482422,17.509445190429688,19087700,WFC
2009-12-31,26.739999771118164,27.239999771118164,26.690000534057617,26.989999771118164,17.620424270629883,28942400,WFC
2010-01-04,27.020000457763672,27.479999542236328,26.81999969482422,27.31999969482422,17.83587074279785,39335700,WFC
2010-01-05,27.270000457763672,28.239999771118164,27.239999771118164,28.06999969482422,18.32550621032715,55416000,WFC
2010-01-06,28.030000686645508,28.329999923706055,27.790000915527344,28.110000610351562,18.351625442504883,33237000,WFC
2010-01-07,28.1200008392334,29.43000030517578,27.920000076293945,29.1299991607666,19.01752471923828,61649000,WFC
2010-01-08,28.899999618530273,29.350000381469727,28.600000381469727,28.860000610351562,18.841257095336914,35508700,WFC
2010-01-11,29.09000015258789,29.170000076293945,28.579999923706055,28.799999237060547,18.802087783813477,24387800,WFC
2010-01-12,28.469999313354492,28.549999237060547,27.5,28.079999923706055,18.332033157348633,39795000,WFC
2010-01-13,27.989999771118164,28.760000228881836,27.799999237060547,28.579999923706055,18.658458709716797,36715300,WFC
2010-01-14,28.5,29.209999084472656,28.5,28.989999771118164,18.92612075805664,31540700,WFC
2010-01-15,28.81999969482422,28.899999618530273,27.8799991607666,28.079999923706055,18.332033157348633,47255900,WFC
2010-01-19,27.93000030517578,28.469999313354492,27.610000610351562,28.280000686645508,18.462604522705078,40815800,WFC
2010-01-20,28.020000457763672,28.649999618530273,27.700000762939453,27.81999969482422,18.162296295166016,75712300,WFC
2010-01-21,27.979999542236328,28.5,27.18000030517578,28.0,18.279800415039062,90151500,WFC
2010-01-22,27.969999313354492,28.40999984741211,27.170000076293945,27.260000228881836,17.79669189453125,69506900,WFC
2010-01-25,27.450000762939453,28.049999237060547,27.190000534057617,27.65999984741211,18.057836532592773,48319700,WFC
2010-01-26,27.450000762939453,28.350000381469727,26.920000076293945,26.989999771118164,17.620424270629883,66590800,WFC
2010-01-27,26.899999618530273,28.239999771118164,26.8799991607666,28.200000762939453,18.410377502441406,63074200,WFC
2010-01-28,28.280000686645508,28.770000457763672,27.719999313354492,28.450000762939453,18.573593139648438,62109300,WFC
2010-01-29,28.440000534057617,29.170000076293945,28.3799991607666,28.43000030517578,18.560527801513672,88783700,WFC
2010-02-01,28.600000381469727,29.09000015258789,28.510000228881836,28.93000030517578,18.886960983276367,45240000,WFC
2010-02-02,28.959999084472656,29.1299991607666,28.510000228881836,28.790000915527344,18.79555892944336,50306600,WFC
2010-02-03,28.56999969482422,28.780000686645508,27.979999542236328,28.139999389648438,18.403167724609375,44597600,WFC
2010-02-04,27.950000762939453,28.079999923706055,27.0,27.059999465942383,17.696861267089844,68235300,WFC
2010-02-05,27.299999237060547,27.709999084472656,26.6200008392334,27.420000076293945,17.932296752929688,68479000,WFC
2010-02-08,27.229999542236328,27.40999984741211,26.399999618530273,26.43000030517578,17.284852981567383,43425800,WFC
2010-02-09,26.889999389648438,27.139999389648438,26.3700008392334,26.709999084472656,17.467967987060547,46845300,WFC
2010-02-10,26.610000610351562,27.559999465942383,26.549999237060547,27.18000030517578,17.775339126586914,42104800,WFC
2010-02-11,27.149999618530273,27.239999771118164,26.709999084472656,27.079999923706055,17.709945678710938,35821600,WFC
2010-02-12,26.790000915527344,27.040000915527344,26.469999313354492,26.8799991607666,17.579145431518555,45333600,WFC
2010-02-16,27.190000534057617,27.389999389648438,26.940000534057617,27.389999389648438,17.912670135498047,36097500,WFC
2010-02-17,27.59000015258789,27.639999389648438,27.09000015258789,27.329999923706055,17.87343406677246,50109700,WFC
2010-02-18,27.299999237060547,27.56999969482422,27.15999984741211,27.34000015258789,17.879985809326172,30287900,WFC
2010-02-19,27.079999923706055,27.479999542236328,27.06999969482422,27.3700008392334,17.899595260620117,32174300,WFC
2010-02-22,27.479999542236328,28.149999618530273,27.3799991607666,28.010000228881836,18.318140029907227,41852200,WFC
2010-02-23,27.950000762939453,28.0,27.18000030517578,27.290000915527344,17.847286224365234,38755100,WFC
2010-02-24,27.450000762939453,27.770000457763672,27.18000030517578,27.65999984741211,18.089252471923828,35782300,WFC
2010-02-25,27.170000076293945,27.479999542236328,27.040000915527344,27.440000534057617,17.945371627807617,34185600,WFC
2010-02-26,27.489999771118164,27.5,26.93000030517578,27.34000015258789,17.879985809326172,50819700,WFC
2010-03-01,27.450000762939453,27.59000015258789,27.149999618530273,27.350000381469727,17.886510848999023,34311000,WFC
2010-03-02,27.399999618530273,28.209999084472656,27.3700008392334,27.8700008392334,18.22658920288086,45592200,WFC
2010-03-03,27.950000762939453,28.450000762939453,27.940000534057617,28.200000762939453,18.442413330078125,35902200,WFC
2010-03-04,28.350000381469727,28.56999969482422,28.209999084472656,28.43000030517578,18.59282112121582,30891500,WFC
2010-03-05,28.6299991607666,29.270000457763672,28.549999237060547,29.149999618530273,19.063688278198242,40554100,WFC
2010-03-08,29.1299991607666,29.350000381469727,28.81999969482422,28.889999389648438,18.89365005493164,31311900,WFC
2010-03-09,28.780000686645508,29.219999313354492,28.469999313354492,28.979999542236328,18.9525203704834,31292400,WFC
2010-03-10,29.1299991607666,29.829999923706055,29.100000381469727,29.56999969482422,19.338361740112305,42568300,WFC
2010-03-11,29.530000686645508,29.760000228881836,29.239999771118164,29.760000228881836,19.462623596191406,32127400,WFC
2010-03-12,29.829999923706055,29.940000534057617,29.489999771118164,29.6299991607666,19.377605438232422,36671500,WFC
2010-03-15,29.479999542236328,29.889999389648438,29.260000228881836,29.889999389648438,19.547645568847656,26911900,WFC
2010-03-16,29.93000030517578,30.31999969482422,29.739999771118164,30.280000686645508,19.80270004272461,40201400,WFC
2010-03-17,30.40999984741211,30.670000076293945,30.260000228881836,30.549999237060547,19.97926902770996,33176200,WFC
2010-03-18,30.469999313354492,30.559999465942383,29.850000381469727,30.290000915527344,19.809234619140625,33984900,WFC
2010-03-19,30.3799991607666,30.540000915527344,29.959999084472656,30.3799991607666,19.868093490600586,53781800,WFC
2010-03-22,30.09000015258789,30.59000015258789,30.049999237060547,30.40999984741211,19.88772201538086,28594000,WFC
2010-03-23,30.469999313354492,31.1200008392334,30.3799991607666,31.079999923706055,20.32588768005371,39320200,WFC
2010-03-24,30.84000015258789,31.280000686645508,30.670000076293945,30.860000610351562,20.1820068359375,36135600,WFC
2010-03-25,31.030000686645508,31.989999771118164,30.899999618530273,31.059999465942383,20.312808990478516,47424300,WFC
2010-03-26,31.209999084472656,31.770000457763672,31.0,31.219999313354492,20.41744041442871,36079700,WFC
2010-03-29,31.350000381469727,31.450000762939453,30.899999618530273,31.100000381469727,20.338970184326172,25280200,WFC
2010-03-30,31.100000381469727,31.299999237060547,30.799999237060547,30.84000015258789,20.168930053710938,26937900,WFC
2010-03-31,30.579999923706055,31.15999984741211,30.579999923706055,31.1200008392334,20.35204315185547,28384000,WFC
2010-04-01,31.399999618530273,31.600000381469727,31.1299991607666,31.3700008392334,20.51554298400879,33041400,WFC
2010-04-05,31.489999771118164,31.75,31.260000228881836,31.510000228881836,20.607097625732422,30821900,WFC
2010-04-06,31.360000610351562,32.38999938964844,31.350000381469727,32.279998779296875,21.110668182373047,39500100,WFC
2010-04-07,32.279998779296875,32.4900016784668,31.770000457763672,31.989999771118164,20.9210147857666,34514700,WFC
2010-04-08,31.790000915527344,32.40999984741211,31.559999465942383,32.22999954223633,21.07796287536621,32203600,WFC
2010-04-09,32.400001525878906,32.650001525878906,31.920000076293945,32.29999923706055,21.123746871948242,27106200,WFC
2010-04-12,32.400001525878906,32.70000076293945,32.27000045776367,32.41999816894531,21.20222282409668,25108400,WFC
2010-04-13,32.15999984741211,32.2400016784668,31.729999542236328,32.150001525878906,21.025646209716797,38042000,WFC
2010-04-14,32.459999084472656,33.41999816894531,32.349998474121094,33.279998779296875,21.764646530151367,54445900,WFC
2010-04-15,33.22999954223633,33.88999938964844,33.119998931884766,33.5099983215332,21.915071487426758,47891800,WFC
2010-04-16,33.209999084472656,33.25,31.65999984741211,32.560001373291016,21.29378890991211,89843800,WFC
2010-04-19,32.619998931884766,33.2599983215332,32.130001068115234,33.02000045776367,21.594619750976562,54879400,WFC
2010-04-20,33.189998626708984,33.88999938964844,33.0,33.689998626708984,22.03278350830078,46816100,WFC
2010-04-21,32.59000015258789,34.25,32.5099983215332,33.0099983215332,21.588077545166016,96214600,WFC
2010-04-22,32.70000076293945,33.720001220703125,32.560001373291016,33.58000183105469,21.96085548400879,49765400,WFC
2010-04-23,33.70000076293945,33.790000915527344,33.20000076293945,33.47999954223633,21.895442962646484,30999200,WFC
2010-04-26,33.36000061035156,33.45000076293945,32.59000015258789,32.720001220703125,21.398418426513672,36186000,WFC
2010-04-27,32.20000076293945,33.06999969482422,31.649999618530273,31.719999313354492,20.74444007873535,52674300,WFC
2010-04-28,32.06999969482422,32.650001525878906,31.969999313354492,32.45000076293945,21.22184944152832,39027300,WFC
2010-04-29,32.790000915527344,33.400001525878906,32.72999954223633,33.22999954223633,21.73195457458496,31021400,WFC
2010-04-30,33.25,33.81999969482422,32.97999954223633,33.11000061035156,21.653480529785156,53446100,WFC
2010-05-03,33.220001220703125,34.09000015258789,33.209999084472656,33.880001068115234,22.157052993774414,37442300,WFC
2010-05-04,33.40999984741211,33.970001220703125,32.720001220703125,32.939998626708984,21.54229736328125,53828300,WFC
2010-05-05,32.630001068115234,33.18000030517578,31.719999313354492,32.65999984741211,21.391653060913086,45183200,WFC
2010-05-06,32.439998626708984,32.75,29.309999465942383,31.18000030517578,20.422283172607422,78743100,WFC
2010-05-07,30.8799991607666,31.75,30.200000762939453,30.81999969482422,20.186492919921875,66958000,WFC
2010-05-10,32.25,33.08000183105469,32.15999984741211,32.970001220703125,21.594697952270508,67195800,WFC
2010-05-11,32.5099983215332,33.66999816894531,32.41999816894531,32.90999984741211,21.555395126342773,47883200,WFC
2010-05-12,33.18000030517578,33.810001373291016,33.060001373291016,33.65999984741211,22.0466365814209,39616100,WFC
2010-05-13,33.5,33.83000183105469,33.08000183105469,33.08000183105469,21.666744232177734,33791100,WFC
2010-05-14,32.7599983215332,32.880001068115234,31.760000228881836,32.040000915527344,20.985567092895508,57390600,WFC
2010-05-17,32.08000183105469,32.2400016784668,31.139999389648438,31.969999313354492,20.939716339111328,47043700,WFC
2010-05-18,32.279998779296875,32.349998474121094,30.350000381469727,30.59000015258789,20.035846710205078,56666700,WFC
2010-05-19,29.950000762939453,30.280000686645508,29.09000015258789,30.079999923706055,19.701801300048828,72538500,WFC
2010-05-20,29.440000534057617,30.0,28.649999618530273,28.690000534057617,18.791385650634766,78027500,WFC
2010-05-21,28.049999237060547,30.299999237060547,28.049999237060547,30.110000610351562,19.721458435058594,88191700,WFC
2010-05-24,29.56999969482422,29.75,28.530000686645508,28.709999084472656,18.80447769165039,64867000,WFC
2010-05-25,27.709999084472656,28.90999984741211,27.440000534057617,28.899999618530273,18.92892837524414,55196200,WFC
2010-05-26,29.229999542236328,29.34000015258789,27.700000762939453,28.040000915527344,18.365642547607422,62366800,WFC
2010-05-27,28.709999084472656,29.479999542236328,28.5,29.40999984741211,19.262969970703125,48871900,WFC
2010-05-28,29.469999313354492,29.5,28.540000915527344,28.690000534057617,18.791385650634766,40885500,WFC
2010-06-01,28.68000030517578,29.200000762939453,28.190000534057617,28.229999542236328,18.490089416503906,39475500,WFC
2010-06-02,28.559999465942383,29.200000762939453,28.31999969482422,29.18000030517578,19.112319946289062,32478900,WFC
2010-06-03,29.360000610351562,29.479999542236328,28.520000457763672,28.860000610351562,18.902729034423828,30888500,WFC
2010-06-04,28.280000686645508,28.450000762939453,27.649999618530273,27.780000686645508,18.195350646972656,50696800,WFC
2010-06-07,28.010000228881836,28.110000610351562,27.260000228881836,27.290000915527344,17.87441635131836,36969800,WFC
2010-06-08,27.459999084472656,27.809999465942383,26.65999984741211,27.760000228881836,18.1822452545166,47134900,WFC
2010-06-09,27.950000762939453,27.959999084472656,26.899999618530273,27.030000686645508,17.704111099243164,37988200,WFC
2010-06-10,27.520000457763672,28.239999771118164,27.399999618530273,28.1299991607666,18.42459487915039,41612900,WFC
2010-06-11,27.739999771118164,27.950000762939453,27.350000381469727,27.84000015258789,18.234649658203125,39468100,WFC
2010-06-14,27.799999237060547,27.969999313354492,27.309999465942383,27.399999618530273,17.946456909179688,45506200,WFC
2010-06-15,27.59000015258789,27.93000030517578,27.5,27.90999984741211,18.280500411987305,45128400,WFC
2010-06-16,27.75,28.25,27.670000076293945,28.1200008392334,18.41803741455078,28707100,WFC
2010-06-17,28.100000381469727,28.190000534057617,27.530000686645508,27.93000030517578,18.29360008239746,30739400,WFC
2010-06-18,28.040000915527344,28.229999542236328,27.739999771118164,28.06999969482422,18.38528823852539,39496700,WFC
2010-06-21,28.440000534057617,28.5,27.790000915527344,27.940000534057617,18.30014419555664,30005400,WFC
2010-06-22,28.030000686645508,28.329999923706055,27.43000030517578,27.459999084472656,17.98575210571289,33694800,WFC
2010-06-23,27.3799991607666,27.760000228881836,27.149999618530273,27.31999969482422,17.89405632019043,36030500,WFC
2010-06-24,27.049999237060547,27.100000381469727,26.280000686645508,26.860000610351562,17.592763900756836,66950600,WFC
2010-06-25,27.149999618530273,27.610000610351562,26.850000381469727,27.049999237060547,17.71721839904785,78977700,WFC
2010-06-28,27.239999771118164,27.34000015258789,26.81999969482422,27.030000686645508,17.704111099243164,31717000,WFC
2010-06-29,26.56999969482422,26.65999984741211,25.790000915527344,25.93000030517578,16.9836368560791,55568200,WFC
2010-06-30,26.049999237060547,26.450000762939453,25.520000457763672,25.600000381469727,16.76749610900879,37501000,WFC
2010-07-01,25.540000915527344,25.940000534057617,24.600000381469727,25.18000030517578,16.492393493652344,58947800,WFC
2010-07-02,25.399999618530273,25.68000030517578,24.760000228881836,24.8799991607666,16.29590606689453,32231100,WFC
2010-07-06,25.459999084472656,25.639999389648438,24.790000915527344,25.149999618530273,16.472749710083008,37248300,WFC
2010-07-07,25.280000686645508,26.729999542236328,25.139999389648438,26.65999984741211,17.461761474609375,48830500,WFC
2010-07-08,27.059999465942383,27.059999465942383,26.100000381469727,26.639999389648438,17.448671340942383,38228800,WFC
2010-07-09,26.5,27.040000915527344,26.399999618530273,27.0,17.68446922302246,24905000,WFC
2010-07-12,26.93000030517578,27.1299991607666,26.559999465942383,27.059999465942383,17.72376823425293,18761700,WFC
2010-07-13,27.3700008392334,28.079999923706055,27.31999969482422,27.940000534057617,18.30014419555664,31658500,WFC
2010-07-14,27.700000762939453,27.780000686645508,27.25,27.65999984741211,18.116750717163086,31305800,WFC
2010-07-15,27.850000381469727,28.15999984741211,27.020000457763672,27.809999465942383,18.21500015258789,48127100,WFC
2010-07-16,27.440000534057617,27.469999313354492,26.15999984741211,26.239999771118164,17.186677932739258,55456400,WFC
2010-07-19,26.270000457763672,26.399999618530273,25.6200008392334,26.020000457763672,17.042583465576172,34667100,WFC
2010-07-20,25.469999313354492,25.920000076293945,25.299999237060547,25.90999984741211,16.970539093017578,47672300,WFC
2010-07-21,27.530000686645508,27.600000381469727,25.969999313354492,26.059999465942383,17.068782806396484,70914600,WFC
2010-07-22,26.6200008392334,27.489999771118164,26.549999237060547,27.389999389648438,17.939899444580078,53000300,WFC
2010-07-23,27.329999923706055,27.549999237060547,27.0,27.420000076293945,17.959558486938477,25737000,WFC
2010-07-26,27.450000762939453,27.920000076293945,27.229999542236328,27.90999984741211,18.280500411987305,22724200,WFC
2010-07-27,28.40999984741211,28.770000457763672,28.239999771118164,28.389999389648438,18.594884872436523,38411500,WFC
2010-07-28,28.25,28.540000915527344,27.920000076293945,28.06999969482422,18.38528823852539,23935100,WFC
2010-07-29,28.31999969482422,28.489999771118164,27.479999542236328,27.690000534057617,18.136402130126953,30045500,WFC
2010-07-30,27.270000457763672,27.989999771118164,27.25,27.729999542236328,18.162601470947266,27490900,WFC
2010-08-02,28.290000915527344,28.579999923706055,27.950000762939453,28.56999969482422,18.712778091430664,28005100,WFC
2010-08-03,28.450000762939453,28.489999771118164,27.940000534057617,28.1200008392334,18.41803741455078,29544200,WFC
2010-08-04,28.170000076293945,28.25,27.700000762939453,27.93000030517578,18.326183319091797,28936700,WFC
2010-08-05,27.709999084472656,27.959999084472656,27.559999465942383,27.8799991607666,18.293373107910156,21881200,WFC
2010-08-06,27.489999771118164,27.770000457763672,27.239999771118164,27.75,18.20807647705078,38637900,WFC
2010-08-09,27.899999618530273,28.270000457763672,27.520000457763672,28.229999542236328,18.523019790649414,29199300,WFC
2010-08-10,27.940000534057617,28.06999969482422,27.510000228881836,27.770000457763672,18.22119140625,29837400,WFC
2010-08-11,27.260000228881836,27.389999389648438,26.260000228881836,26.299999237060547,17.25666046142578,39624100,WFC
2010-08-12,26.0,26.389999389648438,25.8700008392334,26.0,17.059823989868164,31944800,WFC
2010-08-13,25.989999771118164,26.299999237060547,25.809999465942383,25.84000015258789,16.954835891723633,25494200,WFC
2010-08-16,25.670000076293945,25.90999984741211,25.520000457763672,25.68000030517578,16.849851608276367,24593600,WFC
2010-08-17,25.959999084472656,26.010000228881836,25.209999084472656,25.34000015258789,16.626766204833984,49481000,WFC
2010-08-18,25.299999237060547,25.670000076293945,25.09000015258789,25.3799991607666,16.653011322021484,38076300,WFC
2010-08-19,25.100000381469727,25.360000610351562,24.270000457763672,24.43000030517578,16.029674530029297,51516800,WFC
2010-08-20,24.43000030517578,24.709999084472656,24.270000457763672,24.600000381469727,16.14120864868164,40025600,WFC
2010-08-23,24.860000610351562,24.8799991607666,24.190000534057617,24.229999542236328,15.898436546325684,33766900,WFC
2010-08-24,23.959999084472656,24.049999237060547,23.540000915527344,23.639999389648438,15.511312484741211,55658300,WFC
2010-08-25,23.40999984741211,23.649999618530273,23.020000457763672,23.600000381469727,15.48507022857666,55554200,WFC
2010-08-26,23.729999542236328,24.100000381469727,23.399999618530273,23.489999771118164,15.412893295288086,41212900,WFC
2010-08-27,23.639999389648438,24.0,23.469999313354492,24.0,15.74752426147461,45099500,WFC
2010-08-30,23.93000030517578,23.979999542236328,23.229999542236328,23.25,15.255412101745605,37964800,WFC
2010-08-31,23.18000030517578,23.68000030517578,23.030000686645508,23.549999237060547,15.45225715637207,35713300,WFC
2010-09-01,23.90999984741211,24.75,23.760000228881836,24.65999984741211,16.180587768554688,53882000,WFC
2010-09-02,24.68000030517578,25.110000610351562,24.6200008392334,25.100000381469727,16.46928596496582,38196400,WFC
2010-09-03,25.75,26.1299991607666,25.59000015258789,25.84000015258789,16.954835891723633,42741400,WFC
2010-09-07,25.56999969482422,25.68000030517578,24.90999984741211,24.920000076293945,16.351171493530273,30986700,WFC
2010-09-08,25.030000686645508,25.399999618530273,25.030000686645508,25.219999313354492,16.548019409179688,22687800,WFC
2010-09-09,25.709999084472656,26.010000228881836,25.219999313354492,25.690000534057617,16.856412887573242,28728700,WFC
2010-09-10,25.829999923706055,25.969999313354492,25.670000076293945,25.75,16.89577865600586,19893500,WFC
2010-09-13,26.3700008392334,26.790000915527344,26.25,26.5,17.387895584106445,39588200,WFC
2010-09-14,26.299999237060547,26.329999923706055,25.889999389648438,26.059999465942383,17.099184036254883,29814000,WFC
2010-09-15,25.719999313354492,26.440000534057617,25.610000610351562,26.34000015258789,17.282909393310547,32614200,WFC
2010-09-16,26.15999984741211,26.280000686645508,25.899999618530273,26.059999465942383,17.099184036254883,28999400,WFC
2010-09-17,26.3700008392334,26.3700008392334,25.8700008392334,26.010000228881836,17.066383361816406,34400600,WFC
2010-09-20,26.09000015258789,26.649999618530273,25.920000076293945,26.559999465942383,17.427257537841797,30529000,WFC
2010-09-21,26.6299991607666,26.959999084472656,26.290000915527344,26.3799991607666,17.309154510498047,32217500,WFC
2010-09-22,26.3700008392334,26.479999542236328,25.719999313354492,25.809999465942383,16.935155868530273,32251200,WFC
2010-09-23,25.299999237060547,25.670000076293945,25.040000915527344,25.040000915527344,16.429914474487305,59315100,WFC
2010-09-24,25.459999084472656,25.729999542236328,25.329999923706055,25.59000015258789,16.790794372558594,46480600,WFC
2010-09-27,25.719999313354492,25.920000076293945,25.489999771118164,25.530000686645508,16.75143814086914,28381000,WFC
2010-09-28,25.579999923706055,25.8700008392334,25.110000610351562,25.350000381469727,16.63331413269043,38697900,WFC
2010-09-29,25.209999084472656,25.3700008392334,24.90999984741211,25.040000915527344,16.429914474487305,37676000,WFC
2010-09-30,25.239999771118164,25.6299991607666,25.020000457763672,25.1200008392334,16.482412338256836,37365700,WFC
2010-10-01,25.299999237060547,25.690000534057617,25.1200008392334,25.559999465942383,16.7711124420166,32117900,WFC
2010-10-04,25.510000228881836,25.790000915527344,25.219999313354492,25.3799991607666,16.653011322021484,25645400,WFC
2010-10-05,25.670000076293945,26.350000381469727,25.399999618530273,26.25,17.22385597229004,42788700,WFC
2010-10-06,26.219999313354492,26.489999771118164,26.1299991607666,26.299999237060547,17.25666046142578,31852900,WFC
2010-10-07,26.469999313354492,26.579999923706055,25.84000015258789,26.0,17.059823989868164,27293900,WFC
2010-10-08,26.190000534057617,26.25,25.719999313354492,25.950000762939453,17.02701187133789,29467900,WFC
2010-10-11,25.959999084472656,26.100000381469727,25.459999084472656,25.649999618530273,16.830171585083008,24637400,WFC
2010-10-12,25.440000534057617,26.040000915527344,25.299999237060547,25.979999542236328,17.046688079833984,37344700,WFC
2010-10-13,26.229999542236328,26.34000015258789,25.6299991607666,25.809999465942383,16.935155868530273,41846800,WFC
2010-10-14,25.450000762939453,25.489999771118164,24.200000762939453,24.719999313354492,16.219942092895508,117397100,WFC
2010-10-15,25.0,25.0,23.3700008392334,23.579999923706055,15.471945762634277,144985700,WFC
2010-10-18,23.690000534057617,24.8799991607666,23.639999389648438,24.8700008392334,16.318378448486328,66672500,WFC
2010-10-19,24.670000076293945,25.31999969482422,24.389999389648438,24.549999237060547,16.10841178894043,72213100,WFC
2010-10-20,24.270000457763672,25.969999313354492,24.170000076293945,25.600000381469727,16.797359466552734,101499400,WFC
2010-10-21,25.770000457763672,26.40999984741211,23.8700008392334,26.030000686645508,17.079504013061523,52489800,WFC
2010-10-22,26.030000686645508,26.25,25.75,26.110000610351562,17.13199806213379,26633200,WFC
2010-10-25,26.3700008392334,26.420000076293945,25.520000457763672,25.719999313354492,16.8760986328125,36779700,WFC
2010-10-26,25.600000381469727,25.989999771118164,25.479999542236328,25.90999984741211,17.000768661499023,30595600,WFC
2010-10-27,25.690000534057617,26.0,25.600000381469727,25.75,16.89577865600586,35352000,WFC
2010-10-28,25.84000015258789,25.959999084472656,25.610000610351562,25.940000534057617,17.02045440673828,23976400,WFC
2010-10-29,25.81999969482422,26.1299991607666,25.670000076293945,26.059999465942383,17.099184036254883,24018000,WFC
2010-11-01,26.030000686645508,26.100000381469727,25.600000381469727,25.93000030517578,17.01388931274414,24764600,WFC
2010-11-02,26.0,26.049999237060547,25.780000686645508,25.969999313354492,17.04013442993164,25101700,WFC
2010-11-03,25.739999771118164,26.5,25.690000534057617,26.459999084472656,17.3951358795166,32381400,WFC
2010-11-04,26.809999465942383,27.5,26.6299991607666,27.459999084472656,18.052549362182617,57381100,WFC
2010-11-05,27.559999465942383,29.360000610351562,27.549999237060547,29.219999313354492,19.209598541259766,79752600,WFC
2010-11-08,28.90999984741211,29.280000686645508,28.510000228881836,29.040000915527344,19.091259002685547,35734000,WFC
2010-11-09,29.040000915527344,29.110000610351562,28.040000915527344,28.1299991607666,18.49301528930664,37178800,WFC
2010-11-10,28.079999923706055,28.6200008392334,27.8799991607666,28.579999923706055,18.788856506347656,37250900,WFC
2010-11-11,28.360000610351562,28.56999969482422,27.979999542236328,28.190000534057617,18.532461166381836,23280400,WFC
2010-11-12,28.010000228881836,28.040000915527344,27.399999618530273,27.540000915527344,18.105140686035156,27040000,WFC
2010-11-15,27.6200008392334,28.209999084472656,27.56999969482422,27.649999618530273,18.177453994750977,23160300,WFC
2010-11-16,27.5,27.6299991607666,26.850000381469727,27.190000534057617,17.875049591064453,45295900,WFC
2010-11-17,27.18000030517578,27.43000030517578,26.760000228881836,26.860000610351562,17.658096313476562,31956700,WFC
2010-11-18,27.239999771118164,27.709999084472656,27.110000610351562,27.510000228881836,18.085416793823242,30765200,WFC
2010-11-19,27.43000030517578,27.549999237060547,27.09000015258789,27.489999771118164,18.072275161743164,24750900,WFC
2010-11-22,27.260000228881836,27.360000610351562,26.780000686645508,26.950000762939453,17.71726417541504,24825700,WFC
2010-11-23,26.639999389648438,26.950000762939453,26.530000686645508,26.799999237060547,17.6186580657959,30165900,WFC
2010-11-24,26.920000076293945,27.139999389648438,26.75,27.110000610351562,17.822452545166016,22038200,WFC
2010-11-26,26.920000076293945,27.149999618530273,26.649999618530273,26.649999618530273,17.520048141479492,9239700,WFC
2010-11-29,26.579999923706055,27.350000381469727,26.510000228881836,27.200000762939453,17.88161849975586,31181000,WFC
2010-11-30,26.8799991607666,27.43000030517578,26.850000381469727,27.209999084472656,17.88819122314453,33064700,WFC
2010-12-01,27.579999923706055,27.799999237060547,27.200000762939453,27.530000686645508,18.09856414794922,35338900,WFC
2010-12-02,27.6299991607666,28.780000686645508,27.59000015258789,28.780000686645508,18.920330047607422,43197400,WFC
2010-12-03,28.350000381469727,29.1299991607666,28.299999237060547,29.049999237060547,19.097835540771484,36853100,WFC
2010-12-06,28.860000610351562,29.100000381469727,28.729999542236328,28.739999771118164,18.894039154052734,27255700,WFC
2010-12-07,29.09000015258789,29.25,28.420000076293945,28.469999313354492,18.716535568237305,30166400,WFC
2010-12-08,28.549999237060547,29.3700008392334,28.5,29.3700008392334,19.308210372924805,31376300,WFC
2010-12-09,29.549999237060547,30.110000610351562,29.489999771118164,30.06999969482422,19.768400192260742,45744200,WFC
2010-12-10,30.31999969482422,30.559999465942383,30.15999984741211,30.270000457763672,19.899877548217773,40143400,WFC
2010-12-13,30.489999771118164,30.56999969482422,30.0,30.219999313354492,19.86701011657715,30423700,WFC
2010-12-14,30.1299991607666,30.34000015258789,29.65999984741211,29.81999969482422,19.604045867919922,26799300,WFC
2010-12-15,29.780000686645508,30.1299991607666,29.649999618530273,29.790000915527344,19.584320068359375,36800800,WFC
2010-12-16,29.84000015258789,30.360000610351562,29.700000762939453,30.020000457763672,19.735525131225586,34396900,WFC
2010-12-17,29.989999771118164,30.239999771118164,29.709999084472656,29.959999084472656,19.696081161499023,37736800,WFC
2010-12-20,30.020000457763672,30.280000686645508,29.850000381469727,30.100000381469727,19.788114547729492,22290400,WFC
2010-12-21,30.1200008392334,30.889999389648438,30.059999465942383,30.81999969482422,20.26145362854004,25481400,WFC
2010-12-22,30.8799991607666,31.610000610351562,30.860000610351562,31.309999465942383,20.583589553833008,29063200,WFC
2010-12-23,31.229999542236328,31.360000610351562,30.860000610351562,30.989999771118164,20.37322425842285,16954800,WFC
2010-12-27,30.90999984741211,31.34000015258789,30.780000686645508,31.209999084472656,20.51784896850586,13823700,WFC
2010-12-28,31.059999465942383,31.299999237060547,31.0,31.200000762939453,20.511274337768555,14863300,WFC
2010-12-29,31.229999542236328,31.280000686645508,30.979999542236328,31.020000457763672,20.39293670654297,12280700,WFC
2010-12-30,31.040000915527344,31.1200008392334,30.700000762939453,30.81999969482422,20.26145362854004,11675700,WFC
2010-12-31,30.719999313354492,31.030000686645508,30.65999984741211,30.989999771118164,20.37322425842285,12108400,WFC
2011-01-03,31.299999237060547,31.65999984741211,31.15999984741211,31.579999923706055,20.761093139648438,34397100,WFC
2011-01-04,31.649999618530273,31.940000534057617,31.489999771118164,31.649999618530273,20.807106018066406,30341100,WFC
2011-01-05,31.40999984741211,32.5,31.399999618530273,32.369998931884766,21.280447006225586,43245600,WFC
2011-01-06,32.150001525878906,32.470001220703125,32.119998931884766,32.150001525878906,21.13581085205078,32500000,WFC
2011-01-07,32.22999954223633,32.22999954223633,30.639999389648438,31.5,20.708498001098633,81572300,WFC
2011-01-10,31.170000076293945,31.450000762939453,30.969999313354492,31.200000762939453,20.511274337768555,30263400,WFC
2011-01-11,31.690000534057617,31.690000534057617,31.040000915527344,31.399999618530273,20.642757415771484,27230700,WFC
2011-01-12,31.729999542236328,32.150001525878906,31.6200008392334,32.0099983215332,21.04377555847168,29181000,WFC
2011-01-13,32.130001068115234,32.13999938964844,31.700000762939453,31.889999389648438,20.96489143371582,25139400,WFC
2011-01-14,31.81999969482422,32.810001373291016,31.81999969482422,32.75,21.530256271362305,34358900,WFC
2011-01-18,32.779998779296875,32.9900016784668,32.060001373291016,32.4900016784668,21.359338760375977,35506000,WFC
2011-01-19,32.060001373291016,32.77000045776367,31.649999618530273,31.809999465942383,20.912296295166016,51635900,WFC
2011-01-20,32.0,32.400001525878906,31.6200008392334,31.889999389648438,20.96489143371582,34435600,WFC
2011-01-21,32.27000045776367,32.709999084472656,32.04999923706055,32.5099983215332,21.372474670410156,35549000,WFC
2011-01-24,32.5,32.709999084472656,32.45000076293945,32.70000076293945,21.497385025024414,27472000,WFC
2011-01-25,32.52000045776367,32.709999084472656,31.989999771118164,32.70000076293945,21.497385025024414,28232300,WFC
2011-01-26,32.7400016784668,32.83000183105469,32.40999984741211,32.45000076293945,21.333040237426758,25866200,WFC
2011-01-27,32.209999084472656,32.54999923706055,32.06999969482422,32.5,21.365903854370117,23077200,WFC
2011-01-28,32.59000015258789,32.79999923706055,31.790000915527344,31.84000015258789,20.9320125579834,30345800,WFC
2011-01-31,31.979999542236328,32.5,31.729999542236328,32.41999816894531,21.313308715820312,23646400,WFC
2011-02-01,32.61000061035156,33.4900016784668,32.529998779296875,33.439998626708984,21.983875274658203,31359000,WFC
2011-02-02,33.150001525878906,33.27000045776367,32.68000030517578,32.720001220703125,21.542757034301758,24766100,WFC
2011-02-03,32.65999984741211,32.970001220703125,32.5,32.75,21.562501907348633,18950200,WFC
2011-02-04,32.709999084472656,32.88999938964844,32.369998931884766,32.7599983215332,21.569089889526367,18236900,WFC
2011-02-07,33.0,33.54999923706055,32.939998626708984,33.31999969482422,21.937789916992188,21356800,WFC
2011-02-08,33.290000915527344,34.25,33.20000076293945,34.099998474121094,22.45132827758789,39820700,WFC
2011-02-09,33.22999954223633,33.65999984741211,32.7400016784668,33.130001068115234,21.812685012817383,71834200,WFC
2011-02-10,33.06999969482422,33.43000030517578,32.75,33.0,21.727096557617188,31174900,WFC
2011-02-11,32.689998626708984,33.88999938964844,32.650001525878906,33.7599983215332,22.227479934692383,40581700,WFC
2011-02-14,33.630001068115234,34.060001373291016,33.59000015258789,33.869998931884766,22.299903869628906,17735100,WFC
2011-02-15,33.939998626708984,34.189998626708984,33.58000183105469,33.68000030517578,22.1748104095459,24395000,WFC
2011-02-16,33.709999084472656,33.779998779296875,32.47999954223633,33.29999923706055,21.92462158203125,86403000,WFC
2011-02-17,33.060001373291016,33.20000076293945,32.880001068115234,32.95000076293945,21.694181442260742,26621100,WFC
2011-02-18,33.0099983215332,33.06999969482422,32.34000015258789,32.63999938964844,21.490076065063477,43900100,WFC
2011-02-22,31.969999313354492,32.2400016784668,31.1299991607666,31.3799991607666,20.660493850708008,59143100,WFC
2011-02-23,31.420000076293945,31.68000030517578,30.799999237060547,31.5,20.7395076751709,38562600,WFC
2011-02-24,31.079999923706055,31.59000015258789,30.940000534057617,31.440000534057617,20.70000457763672,35604200,WFC
2011-02-25,32.34000015258789,32.7400016784668,32.25,32.400001525878906,21.332069396972656,46480100,WFC
2011-02-28,32.52000045776367,32.66999816894531,32.040000915527344,32.2599983215332,21.239887237548828,30717000,WFC
2011-03-01,32.34000015258789,32.459999084472656,31.600000381469727,31.649999618530273,20.838260650634766,34960100,WFC
2011-03-02,31.399999618530273,31.950000762939453,29.81999969482422,31.549999237060547,20.772430419921875,31044700,WFC
2011-03-03,31.950000762939453,32.529998779296875,31.93000030517578,32.40999984741211,21.338651657104492,31246600,WFC
2011-03-04,32.279998779296875,32.36000061035156,31.56999969482422,31.90999984741211,21.00945281982422,39680800,WFC
2011-03-07,32.189998626708984,32.369998931884766,31.610000610351562,31.719999313354492,20.884353637695312,23555800,WFC
2011-03-08,31.950000762939453,32.779998779296875,31.850000381469727,32.5099983215332,21.404476165771484,33966900,WFC
2011-03-09,32.47999954223633,32.970001220703125,32.22999954223633,32.79999923706055,21.595420837402344,24760800,WFC
2011-03-10,32.310001373291016,32.58000183105469,32.0099983215332,32.060001373291016,21.108205795288086,29742100,WFC
2011-03-11,31.959999084472656,32.47999954223633,31.940000534057617,32.380001068115234,21.318897247314453,22893500,WFC
2011-03-14,31.989999771118164,32.2400016784668,31.739999771118164,32.099998474121094,21.13454246520996,27021900,WFC
2011-03-15,31.450000762939453,32.310001373291016,31.200000762939453,32.27000045776367,21.246469497680664,42774600,WFC
2011-03-16,32.290000915527344,32.380001068115234,31.100000381469727,31.229999542236328,20.561738967895508,48008900,WFC
2011-03-17,31.6200008392334,31.700000762939453,30.6299991607666,31.360000610351562,20.647336959838867,50554400,WFC
2011-03-18,31.84000015258789,32.369998931884766,31.6200008392334,31.829999923706055,20.956777572631836,63760300,WFC
2011-03-21,32.2400016784668,32.25,31.459999084472656,31.8799991607666,20.98969841003418,32893300,WFC
2011-03-22,31.84000015258789,31.860000610351562,31.5,31.510000228881836,20.746082305908203,24174100,WFC
2011-03-23,31.440000534057617,31.520000457763672,30.920000076293945,31.450000762939453,20.706588745117188,25385700,WFC
2011-03-24,31.219999313354492,31.610000610351562,31.059999465942383,31.540000915527344,20.812166213989258,20992300,WFC
2011-03-25,31.5,32.220001220703125,31.389999389648438,31.940000534057617,21.07611656188965,23474900,WFC
2011-03-28,32.029998779296875,32.040000915527344,31.600000381469727,31.610000610351562,20.858360290527344,17533000,WFC
2011-03-29,31.610000610351562,31.610000610351562,31.260000228881836,31.59000015258789,20.845165252685547,21738700,WFC
2011-03-30,31.809999465942383,32.08000183105469,31.600000381469727,31.90999984741211,21.056318283081055,19395700,WFC
2011-03-31,31.610000610351562,31.799999237060547,31.530000686645508,31.709999084472656,20.924346923828125,21679800,WFC
2011-04-01,32.09000015258789,32.27000045776367,31.81999969482422,32.060001373291016,21.155296325683594,24788900,WFC
2011-04-04,31.979999542236328,32.130001068115234,31.520000457763672,31.799999237060547,20.983732223510742,24425900,WFC
2011-04-05,31.770000457763672,32.27000045776367,31.610000610351562,31.989999771118164,21.109102249145508,23086800,WFC
2011-04-06,32.119998931884766,32.52000045776367,31.8700008392334,32.400001525878906,21.379653930664062,34716200,WFC
2011-04-07,32.369998931884766,32.630001068115234,32.029998779296875,32.16999816894531,21.227880477905273,30236500,WFC
2011-04-08,32.5,32.529998779296875,31.559999465942383,31.6200008392334,20.864953994750977,25826800,WFC
2011-04-11,31.6200008392334,31.809999465942383,31.270000457763672,31.399999618530273,20.719789505004883,27145200,WFC
2011-04-12,31.15999984741211,31.690000534057617,31.020000457763672,31.399999618530273,20.719789505004883,22836800,WFC
2011-04-13,31.540000915527344,31.59000015258789,30.649999618530273,30.68000030517578,20.244678497314453,38994300,WFC
2011-04-14,30.549999237060547,30.59000015258789,30.100000381469727,30.149999618530273,19.89495086669922,39664600,WFC
2011-04-15,30.309999465942383,30.469999313354492,29.860000610351562,29.889999389648438,19.723388671875,78436200,WFC
2011-04-18,29.5,29.8799991607666,29.350000381469727,29.520000457763672,19.47924041748047,44730100,WFC
2011-04-19,29.68000030517578,30.149999618530273,29.600000381469727,30.06999969482422,19.8421630859375,40190900,WFC
2011-04-20,29.270000457763672,29.43000030517578,28.209999084472656,28.829999923706055,19.023927688598633,143256200,WFC
2011-04-21,28.959999084472656,29.040000915527344,28.299999237060547,28.540000915527344,18.832565307617188,67291500,WFC
2011-04-25,28.5,28.799999237060547,28.459999084472656,28.559999465942383,18.845762252807617,32213300,WFC
2011-04-26,28.68000030517578,28.899999618530273,28.420000076293945,28.8700008392334,19.050323486328125,34600000,WFC
2011-04-27,28.940000534057617,29.3799991607666,28.850000381469727,29.270000457763672,19.314266204833984,31409900,WFC
2011-04-28,29.100000381469727,29.3700008392334,29.100000381469727,29.270000457763672,19.314266204833984,37234200,WFC
2011-04-29,29.209999084472656,29.420000076293945,28.989999771118164,29.110000610351562,19.208688735961914,27800000,WFC
2011-05-02,29.34000015258789,29.360000610351562,28.940000534057617,29.1299991607666,19.221885681152344,30771000,WFC
2011-05-03,28.889999389648438,29.530000686645508,28.850000381469727,29.510000228881836,19.472639083862305,31819500,WFC
2011-05-04,29.40999984741211,29.549999237060547,28.760000228881836,28.780000686645508,19.068471908569336,40496200,WFC
2011-05-05,28.709999084472656,28.809999465942383,27.770000457763672,28.1299991607666,18.637807846069336,53431000,WFC
2011-05-06,28.440000534057617,28.59000015258789,28.1200008392334,28.25,18.717317581176758,35833900,WFC
2011-05-09,28.06999969482422,28.469999313354492,28.049999237060547,28.209999084472656,18.690818786621094,21580100,WFC
2011-05-10,28.34000015258789,28.579999923706055,28.299999237060547,28.530000686645508,18.902841567993164,25331200,WFC
2011-05-11,28.459999084472656,28.6200008392334,28.030000686645508,28.15999984741211,18.657690048217773,28456300,WFC
2011-05-12,28.219999313354492,28.280000686645508,27.700000762939453,28.229999542236328,18.70406723022461,27282700,WFC
2011-05-13,28.280000686645508,28.399999618530273,27.850000381469727,27.93000030517578,18.50530242919922,32371800,WFC
2011-05-16,27.81999969482422,28.34000015258789,27.780000686645508,27.860000610351562,18.45892333984375,32320800,WFC
2011-05-17,27.780000686645508,28.760000228881836,27.75,28.75,19.04859733581543,40162800,WFC
2011-05-18,28.719999313354492,28.940000534057617,28.459999084472656,28.920000076293945,19.161237716674805,23852500,WFC
2011-05-19,29.010000228881836,29.079999923706055,28.459999084472656,28.610000610351562,18.955839157104492,25207600,WFC
2011-05-20,28.469999313354492,28.610000610351562,27.950000762939453,28.0,18.55167579650879,29293400,WFC
2011-05-23,27.59000015258789,27.93000030517578,27.520000457763672,27.530000686645508,18.240276336669922,28094700,WFC
2011-05-24,27.56999969482422,27.729999542236328,27.3799991607666,27.6299991607666,18.30653953552246,21103400,WFC
2011-05-25,27.43000030517578,27.90999984741211,27.43000030517578,27.559999465942383,18.260156631469727,20648700,WFC
2011-05-26,27.469999313354492,27.829999923706055,27.40999984741211,27.700000762939453,18.352907180786133,18407800,WFC
2011-05-27,27.729999542236328,28.479999542236328,27.709999084472656,28.139999389648438,18.644439697265625,24528200,WFC
2011-05-31,28.399999618530273,28.56999969482422,28.06999969482422,28.3700008392334,18.796829223632812,27428500,WFC
2011-06-01,28.360000610351562,28.360000610351562,26.920000076293945,26.940000534057617,17.849363327026367,46071600,WFC
2011-06-02,27.040000915527344,27.350000381469727,26.3700008392334,27.15999984741211,17.995132446289062,54133000,WFC
2011-06-03,26.670000076293945,27.329999923706055,26.610000610351562,26.860000610351562,17.79636001586914,31962700,WFC
2011-06-06,26.3700008392334,26.75,26.079999923706055,26.260000228881836,17.398822784423828,43207700,WFC
2011-06-07,26.3700008392334,26.600000381469727,25.700000762939453,25.770000457763672,17.074169158935547,43318200,WFC
2011-06-08,25.860000610351562,26.18000030517578,25.260000228881836,25.360000610351562,16.80251693725586,56130000,WFC
2011-06-09,25.489999771118164,26.3700008392334,25.350000381469727,26.219999313354492,17.372325897216797,43128400,WFC
2011-06-10,25.969999313354492,26.549999237060547,25.65999984741211,26.280000686645508,17.412076950073242,46257400,WFC
2011-06-13,26.639999389648438,27.030000686645508,26.43000030517578,26.899999618530273,17.822864532470703,41440900,WFC
2011-06-14,27.219999313354492,27.6200008392334,26.90999984741211,27.020000457763672,17.902376174926758,42166500,WFC
2011-06-15,26.670000076293945,26.799999237060547,26.09000015258789,26.549999237060547,17.590970993041992,43190200,WFC
2011-06-16,26.540000915527344,26.969999313354492,26.360000610351562,26.799999237060547,17.756607055664062,39935600,WFC
2011-06-17,27.190000534057617,27.469999313354492,27.100000381469727,27.329999923706055,18.10776138305664,46513800,WFC
2011-06-20,27.170000076293945,27.31999969482422,26.770000457763672,26.950000762939453,17.856000900268555,31769100,WFC
2011-06-21,27.139999389648438,27.559999465942383,26.950000762939453,27.459999084472656,18.193897247314453,29746600,WFC
2011-06-22,27.389999389648438,27.920000076293945,27.299999237060547,27.3700008392334,18.134267807006836,31172600,WFC
2011-06-23,26.90999984741211,27.239999771118164,26.59000015258789,27.040000915527344,17.915624618530273,46395300,WFC
2011-06-24,27.06999969482422,27.420000076293945,26.719999313354492,27.260000228881836,18.06138801574707,44103400,WFC
2011-06-27,27.190000534057617,27.690000534057617,27.18000030517578,27.450000762939453,18.187278747558594,30881900,WFC
2011-06-28,27.65999984741211,27.700000762939453,27.209999084472656,27.489999771118164,18.213768005371094,35223100,WFC
2011-06-29,27.899999618530273,28.1299991607666,27.530000686645508,28.06999969482422,18.598064422607422,38475600,WFC
2011-06-30,28.1299991607666,28.299999237060547,27.860000610351562,28.059999465942383,18.591428756713867,29556000,WFC
2011-07-01,28.079999923706055,28.75,27.959999084472656,28.670000076293945,18.995594024658203,30309400,WFC
2011-07-05,28.520000457763672,28.559999465942383,28.079999923706055,28.420000076293945,18.8299503326416,31275200,WFC
2011-07-06,27.969999313354492,28.18000030517578,27.639999389648438,28.1200008392334,18.63118553161621,29465000,WFC
2011-07-07,28.690000534057617,28.940000534057617,28.579999923706055,28.65999984741211,18.988969802856445,28868600,WFC
2011-07-08,28.280000686645508,28.399999618530273,28.059999465942383,28.299999237060547,18.750452041625977,24149500,WFC
2011-07-11,27.850000381469727,28.010000228881836,27.450000762939453,27.59000015258789,18.280031204223633,28903200,WFC
2011-07-12,27.360000610351562,27.920000076293945,27.350000381469727,27.389999389648438,18.147520065307617,25518600,WFC
2011-07-13,27.6299991607666,28.100000381469727,27.469999313354492,27.530000686645508,18.240276336669922,28163200,WFC
2011-07-14,27.68000030517578,27.799999237060547,27.229999542236328,27.280000686645508,18.07464027404785,27128100,WFC
2011-07-15,27.420000076293945,27.530000686645508,26.940000534057617,27.18000030517578,18.00838279724121,34385200,WFC
2011-07-18,27.030000686645508,27.25,26.3700008392334,26.8799991607666,17.809616088867188,49007200,WFC
2011-07-19,27.290000915527344,28.639999389648438,27.139999389648438,28.40999984741211,18.823320388793945,64679100,WFC
2011-07-20,28.56999969482422,29.190000534057617,28.549999237060547,28.700000762939453,19.01546859741211,44396200,WFC
2011-07-21,29.049999237060547,29.6299991607666,28.850000381469727,29.3799991607666,19.46601104736328,46306800,WFC
2011-07-22,29.389999389648438,29.43000030517578,28.979999542236328,29.139999389648438,19.30699920654297,25926400,WFC
2011-07-25,28.860000610351562,29.040000915527344,28.600000381469727,28.950000762939453,19.18111228942871,27127500,WFC
2011-07-26,28.950000762939453,29.270000457763672,28.729999542236328,28.969999313354492,19.194360733032227,22662900,WFC
2011-07-27,28.899999618530273,29.049999237060547,28.450000762939453,28.579999923706055,18.935964584350586,40987100,WFC
2011-07-28,28.65999984741211,28.959999084472656,28.200000762939453,28.299999237060547,18.750452041625977,26866800,WFC
2011-07-29,27.969999313354492,28.520000457763672,27.780000686645508,27.940000534057617,18.51192283630371,38011600,WFC
2011-08-01,28.3700008392334,28.440000534057617,27.469999313354492,27.93000030517578,18.50530242919922,31121600,WFC
2011-08-02,27.600000381469727,27.809999465942383,27.18000030517578,27.18000030517578,18.00838279724121,35543600,WFC
2011-08-03,27.09000015258789,27.40999984741211,26.790000915527344,27.299999237060547,18.16810417175293,33577000,WFC
2011-08-04,26.780000686645508,27.09000015258789,25.65999984741211,25.739999771118164,17.12992286682129,51507800,WFC
2011-08-05,26.139999389648438,26.389999389648438,24.90999984741211,25.209999084472656,16.777206420898438,58462000,WFC
2011-08-08,24.700000762939453,25.540000915527344,22.8799991607666,22.93000030517578,15.259872436523438,107020900,WFC
2011-08-09,24.350000381469727,24.860000610351562,22.649999618530273,24.780000686645508,16.491043090820312,104006100,WFC
2011-08-10,24.209999084472656,24.299999237060547,22.579999923706055,22.8799991607666,15.226594924926758,86503900,WFC
2011-08-11,23.200000762939453,24.719999313354492,23.110000610351562,24.290000915527344,16.164955139160156,73369600,WFC
2011-08-12,24.799999237060547,25.229999542236328,23.829999923706055,24.1299991607666,16.0584659576416,50527400,WFC
2011-08-15,24.559999465942383,25.059999465942383,24.549999237060547,25.020000457763672,16.650758743286133,35854000,WFC
2011-08-16,24.6299991607666,24.93000030517578,24.329999923706055,24.549999237060547,16.337982177734375,37863500,WFC
2011-08-17,24.860000610351562,25.229999542236328,24.610000610351562,24.8799991607666,16.557588577270508,30987300,WFC
2011-08-18,24.270000457763672,24.450000762939453,23.440000534057617,23.719999313354492,15.78561019897461,54908900,WFC
2011-08-19,23.3799991607666,23.950000762939453,23.020000457763672,23.360000610351562,15.54603385925293,56250900,WFC
2011-08-22,24.09000015258789,24.1200008392334,22.799999237060547,22.889999389648438,15.233243942260742,51264900,WFC
2011-08-23,23.040000915527344,23.950000762939453,22.639999389648438,23.940000534057617,15.932026863098145,45910400,WFC
2011-08-24,24.010000228881836,24.809999465942383,23.790000915527344,24.43000030517578,16.25812339782715,40816200,WFC
2011-08-25,25.360000610351562,25.8799991607666,24.34000015258789,24.760000228881836,16.477731704711914,57371600,WFC
2011-08-26,24.399999618530273,24.8799991607666,23.770000457763672,24.59000015258789,16.36459732055664,40700300,WFC
2011-08-29,24.90999984741211,25.450000762939453,24.899999618530273,25.420000076293945,16.916959762573242,28990900,WFC
2011-08-30,25.239999771118164,25.610000610351562,25.0,25.399999618530273,16.903654098510742,28148200,WFC
2011-08-31,25.700000762939453,26.200000762939453,25.510000228881836,26.100000381469727,17.369503021240234,40392400,WFC
2011-09-01,26.110000610351562,26.239999771118164,25.200000762939453,25.229999542236328,16.790515899658203,38742000,WFC
2011-09-02,24.459999084472656,24.6200008392334,24.049999237060547,24.200000762939453,16.105056762695312,42752900,WFC
2011-09-06,23.40999984741211,24.040000915527344,23.270000457763672,23.920000076293945,15.91871166229248,44239400,WFC
2011-09-07,24.450000762939453,25.020000457763672,24.1200008392334,24.959999084472656,16.6108341217041,35509900,WFC
2011-09-08,24.670000076293945,24.829999923706055,24.280000686645508,24.399999618530273,16.238155364990234,30515500,WFC
2011-09-09,24.059999465942383,24.280000686645508,23.43000030517578,23.520000457763672,15.65251636505127,46465800,WFC
2011-09-12,23.09000015258789,24.149999618530273,23.0,24.100000381469727,16.038515090942383,46200700,WFC
2011-09-13,24.34000015258789,24.90999984741211,24.15999984741211,24.360000610351562,16.21153450012207,34748500,WFC
2011-09-14,24.479999542236328,24.959999084472656,23.889999389648438,24.690000534057617,16.431154251098633,34475300,WFC
2011-09-15,25.030000686645508,25.219999313354492,24.709999084472656,25.190000534057617,16.76390266418457,31740600,WFC
2011-09-16,25.360000610351562,25.40999984741211,24.520000457763672,24.950000762939453,16.60418128967285,43811100,WFC
2011-09-19,24.34000015258789,24.559999465942383,24.049999237060547,24.329999923706055,16.19156837463379,34552600,WFC
2011-09-20,24.43000030517578,25.170000076293945,24.239999771118164,24.670000076293945,16.4178409576416,36200400,WFC
2011-09-21,24.799999237060547,25.149999618530273,23.690000534057617,23.709999084472656,15.778960227966309,66061000,WFC
2011-09-22,23.110000610351562,23.40999984741211,22.700000762939453,23.170000076293945,15.41959285736084,61762900,WFC
2011-09-23,22.940000534057617,23.90999984741211,22.90999984741211,23.690000534057617,15.765654563903809,46958000,WFC
2011-09-26,23.959999084472656,24.889999389648438,23.75,24.790000915527344,16.497703552246094,46418300,WFC
2011-09-27,25.389999389648438,26.0,24.729999542236328,24.959999084472656,16.6108341217041,50743100,WFC
2011-09-28,24.959999084472656,25.329999923706055,24.40999984741211,24.450000762939453,16.271427154541016,40277800,WFC
2011-09-29,25.079999923706055,25.270000457763672,24.110000610351562,24.989999771118164,16.63079261779785,42439200,WFC
2011-09-30,24.579999923706055,25.06999969482422,24.110000610351562,24.1200008392334,16.051815032958984,40205200,WFC
2011-10-03,24.049999237060547,24.489999771118164,23.15999984741211,23.18000030517578,15.426247596740723,44760600,WFC
2011-10-04,22.90999984741211,24.270000457763672,22.610000610351562,24.209999084472656,16.111713409423828,61000000,WFC
2011-10-05,24.1200008392334,24.709999084472656,23.610000610351562,24.5,16.304706573486328,41426500,WFC
2011-10-06,24.420000076293945,25.459999084472656,23.940000534057617,25.3700008392334,16.883689880371094,41514800,WFC
2011-10-07,25.510000228881836,25.520000457763672,24.540000915527344,24.540000915527344,16.33133316040039,42315700,WFC
2011-10-10,25.290000915527344,26.139999389648438,25.229999542236328,26.1299991607666,17.389467239379883,38967600,WFC
2011-10-11,25.920000076293945,26.31999969482422,25.670000076293945,26.049999237060547,17.33623504638672,33668700,WFC
2011-10-12,26.360000610351562,27.540000915527344,26.25,26.950000762939453,17.935176849365234,54694200,WFC
2011-10-13,26.579999923706055,26.579999923706055,25.65999984741211,26.1200008392334,17.382814407348633,41606200,WFC
2011-10-14,26.59000015258789,26.790000915527344,25.799999237060547,26.670000076293945,17.74883460998535,39545600,WFC
2011-10-17,25.239999771118164,25.399999618530273,24.299999237060547,24.420000076293945,16.25145721435547,77765400,WFC
2011-10-18,24.850000381469727,26.200000762939453,24.520000457763672,25.860000610351562,17.20978355407715,69467900,WFC
2011-10-19,25.790000915527344,26.18000030517578,25.100000381469727,25.18000030517578,16.75724220275879,42878200,WFC
2011-10-20,25.239999771118164,25.90999984741211,24.920000076293945,25.760000228881836,17.14323616027832,35366200,WFC
2011-10-21,26.09000015258789,26.479999542236328,25.90999984741211,26.309999465942383,17.50925636291504,49625100,WFC
2011-10-24,26.020000457763672,26.739999771118164,25.989999771118164,26.520000457763672,17.649011611938477,37427600,WFC
2011-10-25,26.200000762939453,26.200000762939453,25.420000076293945,25.549999237060547,17.003475189208984,39377100,WFC
2011-10-26,26.040000915527344,26.09000015258789,25.3799991607666,25.760000228881836,17.14323616027832,53053100,WFC
2011-10-27,26.959999084472656,27.5,26.34000015258789,27.06999969482422,18.015033721923828,66818300,WFC
2011-10-28,26.81999969482422,27.360000610351562,26.459999084472656,27.079999923706055,18.021692276000977,36000200,WFC
2011-10-31,26.3700008392334,26.65999984741211,25.8799991607666,25.90999984741211,17.24306297302246,41518700,WFC
2011-11-01,24.780000686645508,25.610000610351562,24.540000915527344,24.770000457763672,16.48438835144043,52809300,WFC
2011-11-02,25.1200008392334,25.440000534057617,24.90999984741211,25.329999923706055,16.939130783081055,39223800,WFC
2011-11-03,25.6200008392334,25.899999618530273,25.049999237060547,25.809999465942383,17.260128021240234,30803800,WFC
2011-11-04,25.5,25.770000457763672,25.18000030517578,25.399999618530273,16.985944747924805,27170400,WFC
2011-11-07,25.399999618530273,25.56999969482422,25.059999465942383,25.420000076293945,16.99932098388672,24587900,WFC
2011-11-08,25.540000915527344,26.6299991607666,25.530000686645508,26.530000686645508,17.741613388061523,42714300,WFC
2011-11-09,25.920000076293945,26.049999237060547,24.829999923706055,24.989999771118164,16.71175193786621,46938400,WFC
2011-11-10,25.219999313354492,25.43000030517578,24.850000381469727,25.079999923706055,16.771942138671875,30472200,WFC
2011-11-11,25.440000534057617,25.75,25.399999618530273,25.649999618530273,17.15312385559082,25833300,WFC
2011-11-14,25.530000686645508,25.56999969482422,24.950000762939453,25.100000381469727,16.785322189331055,29278000,WFC
2011-11-15,24.989999771118164,25.469999313354492,24.81999969482422,25.290000915527344,16.91238784790039,28387500,WFC
2011-11-16,25.049999237060547,25.56999969482422,24.81999969482422,24.940000534057617,16.678327560424805,36164200,WFC
2011-11-17,24.93000030517578,25.270000457763672,24.469999313354492,24.670000076293945,16.497760772705078,39889500,WFC
2011-11-18,24.75,25.06999969482422,24.6200008392334,24.690000534057617,16.51113510131836,31119100,WFC
2011-11-21,24.18000030517578,24.459999084472656,24.030000686645508,24.18000030517578,16.170085906982422,32214100,WFC
2011-11-22,24.1299991607666,24.450000762939453,23.90999984741211,23.93000030517578,16.00289535522461,37236500,WFC
2011-11-23,23.610000610351562,23.700000762939453,23.190000534057617,23.209999084472656,15.521404266357422,35928800,WFC
2011-11-25,23.309999465942383,23.760000228881836,23.280000686645508,23.510000228881836,15.722025871276855,14601000,WFC
2011-11-28,24.579999923706055,24.579999923706055,23.8799991607666,24.149999618530273,16.15001678466797,32648300,WFC
2011-11-29,24.200000762939453,24.440000534057617,23.899999618530273,24.079999923706055,16.103212356567383,27692400,WFC
2011-11-30,25.020000457763672,25.950000762939453,24.790000915527344,25.860000610351562,17.293560028076172,51597900,WFC
2011-12-01,25.6200008392334,25.860000610351562,25.329999923706055,25.639999389648438,17.146438598632812,25810900,WFC
2011-12-02,25.790000915527344,26.469999313354492,25.729999542236328,26.06999969482422,17.433998107910156,36436400,WFC
2011-12-05,26.420000076293945,26.940000534057617,26.219999313354492,26.739999771118164,17.88205337524414,34440500,WFC
2011-12-06,26.540000915527344,26.8799991607666,26.450000762939453,26.649999618530273,17.82186508178711,22431700,WFC
2011-12-07,26.450000762939453,27.209999084472656,26.350000381469727,27.049999237060547,18.089366912841797,28082500,WFC
2011-12-08,26.690000534057617,26.850000381469727,26.059999465942383,26.190000534057617,17.51424217224121,29405800,WFC
2011-12-09,26.329999923706055,27.010000228881836,26.290000915527344,26.90999984741211,17.99574089050293,28607100,WFC
2011-12-12,26.6299991607666,26.68000030517578,26.06999969482422,26.290000915527344,17.58111572265625,24916000,WFC
2011-12-13,26.549999237060547,26.579999923706055,25.469999313354492,25.790000915527344,17.246747970581055,31517500,WFC
2011-12-14,25.389999389648438,26.200000762939453,25.389999389648438,25.860000610351562,17.293560028076172,33698900,WFC
2011-12-15,26.139999389648438,26.309999465942383,25.559999465942383,25.610000610351562,17.126379013061523,32596500,WFC
2011-12-16,25.809999465942383,26.110000610351562,25.75,25.979999542236328,17.37381362915039,43828300,WFC
2011-12-19,26.139999389648438,26.200000762939453,25.18000030517578,25.309999465942383,16.925752639770508,28759600,WFC
2011-12-20,25.850000381469727,26.690000534057617,25.719999313354492,26.5,17.721555709838867,37826000,WFC
2011-12-21,26.559999465942383,26.889999389648438,26.209999084472656,26.889999389648438,17.98236656188965,28577200,WFC
2011-12-22,26.90999984741211,27.350000381469727,26.899999618530273,27.25,18.223100662231445,38975400,WFC
2011-12-23,27.40999984741211,27.969999313354492,27.389999389648438,27.790000915527344,18.584224700927734,27457800,WFC
2011-12-27,27.709999084472656,27.889999389648438,27.610000610351562,27.610000610351562,18.463851928710938,14090300,WFC
2011-12-28,27.59000015258789,27.719999313354492,27.079999923706055,27.110000610351562,18.12948989868164,18306800,WFC
2011-12-29,27.25,27.829999923706055,27.219999313354492,27.760000228881836,18.56416893005371,20122000,WFC
2011-12-30,27.639999389648438,27.780000686645508,27.549999237060547,27.559999465942383,18.430416107177734,15071100,WFC
2012-01-03,27.940000534057617,28.520000457763672,27.940000534057617,28.43000030517578,19.012216567993164,40071200,WFC
2012-01-04,28.34000015258789,28.690000534057617,28.040000915527344,28.559999465942383,19.099153518676758,27519200,WFC
2012-01-05,28.5,29.579999923706055,28.25,29.020000457763672,19.40677833557129,48435100,WFC
2012-01-06,28.84000015258789,29.079999923706055,28.459999084472656,28.940000534057617,19.3532657623291,32303500,WFC
2012-01-09,29.149999618530273,29.3799991607666,29.0,29.299999237060547,19.594026565551758,25720100,WFC
2012-01-10,29.739999771118164,29.799999237060547,29.18000030517578,29.40999984741211,19.667583465576172,29860100,WFC
2012-01-11,29.25,29.68000030517578,29.079999923706055,29.6200008392334,19.808015823364258,30908700,WFC
2012-01-12,29.770000457763672,29.940000534057617,29.239999771118164,29.610000610351562,19.80133056640625,29175900,WFC
2012-01-13,28.899999618530273,29.639999389648438,28.850000381469727,29.610000610351562,19.80133056640625,43051100,WFC
2012-01-17,29.969999313354492,30.690000534057617,29.65999984741211,29.829999923706055,19.948455810546875,50040400,WFC
2012-01-18,29.610000610351562,30.290000915527344,29.5,30.239999771118164,20.222633361816406,42454000,WFC
2012-01-19,30.360000610351562,30.440000534057617,29.989999771118164,30.149999618530273,20.162450790405273,33156700,WFC
2012-01-20,30.1299991607666,30.56999969482422,29.959999084472656,30.540000915527344,20.42325210571289,37193700,WFC
2012-01-23,30.540000915527344,31.040000915527344,30.440000534057617,30.920000076293945,20.677383422851562,35272800,WFC
2012-01-24,30.450000762939453,30.649999618530273,30.15999984741211,30.540000915527344,20.42325210571289,28199400,WFC
2012-01-25,30.31999969482422,30.40999984741211,29.959999084472656,30.200000762939453,20.195880889892578,34173600,WFC
2012-01-26,30.420000076293945,30.420000076293945,28.799999237060547,29.049999237060547,19.42683982849121,54668100,WFC
2012-01-27,28.8799991607666,29.75,28.770000457763672,29.600000381469727,19.79464340209961,31196200,WFC
2012-01-30,29.25,29.329999923706055,29.030000686645508,29.25,19.560583114624023,22814800,WFC
2012-01-31,29.5,29.5,28.979999542236328,29.209999084472656,19.53383445739746,31203600,WFC
2012-02-01,29.6299991607666,30.09000015258789,29.549999237060547,29.889999389648438,20.07103157043457,34825000,WFC
2012-02-02,29.979999542236328,30.100000381469727,29.690000534057617,29.899999618530273,20.07774543762207,24624600,WFC
2012-02-03,30.440000534057617,30.709999084472656,30.350000381469727,30.6299991607666,20.567935943603516,46264900,WFC
2012-02-06,30.40999984741211,30.510000228881836,30.079999923706055,30.200000762939453,20.279193878173828,23337800,WFC
2012-02-07,30.020000457763672,30.489999771118164,30.0,30.260000228881836,20.319480895996094,25436800,WFC
2012-02-08,30.299999237060547,30.6299991607666,30.1299991607666,30.6299991607666,20.567935943603516,31639700,WFC
2012-02-09,30.780000686645508,30.850000381469727,30.290000915527344,30.579999923706055,20.53436279296875,29693200,WFC
2012-02-10,30.18000030517578,30.399999618530273,30.079999923706055,30.260000228881836,20.319480895996094,20049600,WFC
2012-02-13,30.600000381469727,30.75,30.450000762939453,30.6200008392334,20.56122398376465,21961600,WFC
2012-02-14,30.329999923706055,30.530000686645508,30.020000457763672,30.420000076293945,20.42691993713379,23510000,WFC
2012-02-15,30.6200008392334,30.719999313354492,30.049999237060547,30.170000076293945,20.259050369262695,27140300,WFC
2012-02-16,30.260000228881836,30.469999313354492,29.950000762939453,30.3700008392334,20.393354415893555,26470800,WFC
2012-02-17,30.559999465942383,31.1299991607666,30.34000015258789,31.09000015258789,20.8768253326416,35720000,WFC
2012-02-21,31.139999389648438,31.469999313354492,30.809999465942383,30.959999084472656,20.789533615112305,29334500,WFC
2012-02-22,30.799999237060547,30.90999984741211,30.5,30.59000015258789,20.541074752807617,29074600,WFC
2012-02-23,30.649999618530273,30.68000030517578,30.280000686645508,30.649999618530273,20.581363677978516,23327000,WFC
2012-02-24,30.440000534057617,30.65999984741211,30.020000457763672,30.18000030517578,20.265764236450195,21604000,WFC
2012-02-27,30.049999237060547,31.1299991607666,29.989999771118164,31.030000686645508,20.83654022216797,36242500,WFC
2012-02-28,31.010000228881836,31.459999084472656,30.979999542236328,31.3700008392334,21.064851760864258,30734800,WFC
2012-02-29,31.420000076293945,31.899999618530273,31.219999313354492,31.290000915527344,21.011125564575195,33656100,WFC
2012-03-01,31.559999465942383,31.75,31.309999465942383,31.540000915527344,21.179000854492188,27218100,WFC
2012-03-02,31.639999389648438,31.719999313354492,31.219999313354492,31.280000686645508,21.004417419433594,22716500,WFC
2012-03-05,31.149999618530273,31.15999984741211,30.700000762939453,30.969999313354492,20.79624366760254,21920400,WFC
2012-03-06,30.510000228881836,30.559999465942383,29.989999771118164,30.110000610351562,20.218761444091797,29644200,WFC
2012-03-07,30.270000457763672,30.739999771118164,30.18000030517578,30.40999984741211,20.420209884643555,23750200,WFC
2012-03-08,30.860000610351562,31.489999771118164,30.709999084472656,31.399999618530273,21.084993362426758,28442300,WFC
2012-03-09,31.489999771118164,31.899999618530273,31.290000915527344,31.65999984741211,21.259586334228516,24042700,WFC
2012-03-12,31.600000381469727,31.649999618530273,31.079999923706055,31.510000228881836,21.158849716186523,23677000,WFC
2012-03-13,31.84000015258789,33.58000183105469,31.68000030517578,33.33000183105469,22.380977630615234,62583800,WFC
2012-03-14,33.369998931884766,33.45000076293945,32.61000061035156,33.369998931884766,22.407840728759766,53025300,WFC
2012-03-15,33.5,34.08000183105469,33.11000061035156,34.06999969482422,22.87788963317871,45009500,WFC
2012-03-16,34.130001068115234,34.130001068115234,33.630001068115234,33.88999938964844,22.75701904296875,39886400,WFC
2012-03-19,33.7400016784668,34.59000015258789,33.5099983215332,34.25,22.99875259399414,36658700,WFC
2012-03-20,34.060001373291016,34.5099983215332,33.7400016784668,34.31999969482422,23.045761108398438,34156500,WFC
2012-03-21,34.5,34.52000045776367,34.0,34.02000045776367,22.844314575195312,29346900,WFC
2012-03-22,33.470001220703125,33.79999923706055,33.22999954223633,33.36000061035156,22.4671630859375,30065600,WFC
2012-03-23,33.38999938964844,33.689998626708984,33.290000915527344,33.529998779296875,22.581655502319336,25470400,WFC
2012-03-26,33.90999984741211,34.38999938964844,33.689998626708984,34.38999938964844,23.16084098815918,27043300,WFC
2012-03-27,34.400001525878906,34.470001220703125,33.91999816894531,34.0,22.898195266723633,24979000,WFC
2012-03-28,33.900001525878906,34.470001220703125,33.900001525878906,34.470001220703125,23.2147274017334,29445400,WFC
2012-03-29,34.36000061035156,34.41999816894531,33.540000915527344,33.939998626708984,22.857776641845703,31559500,WFC
2012-03-30,34.18000030517578,34.18000030517578,33.7599983215332,34.13999938964844,22.99247932434082,26891100,WFC
2012-04-02,33.83000183105469,34.59000015258789,33.79999923706055,34.5099983215332,23.241666793823242,24606100,WFC
2012-04-03,34.349998474121094,34.540000915527344,34.119998931884766,34.47999954223633,23.221467971801758,26009000,WFC
2012-04-04,34.09000015258789,34.290000915527344,33.619998931884766,33.880001068115234,22.81737518310547,26655600,WFC
2012-04-05,33.779998779296875,34.02000045776367,33.630001068115234,33.72999954223633,22.716352462768555,19563100,WFC
2012-04-09,33.060001373291016,33.72999954223633,32.97999954223633,33.41999816894531,22.507572174072266,22890500,WFC
2012-04-10,33.380001068115234,33.66999816894531,32.849998474121094,32.91999816894531,22.170839309692383,34674500,WFC
2012-04-11,33.5099983215332,33.90999984741211,33.41999816894531,33.619998931884766,22.642271041870117,29673900,WFC
2012-04-12,33.689998626708984,34.15999984741211,33.52000045776367,34.02000045776367,22.911663055419922,31469600,WFC
2012-04-13,33.72999954223633,33.869998931884766,32.79999923706055,32.84000015258789,22.116958618164062,41933000,WFC
2012-04-16,33.18000030517578,33.45000076293945,32.66999816894531,33.150001525878906,22.32573890686035,30129800,WFC
2012-04-17,33.31999969482422,33.779998779296875,33.279998779296875,33.68000030517578,22.682682037353516,23724900,WFC
2012-04-18,33.459999084472656,33.7400016784668,33.33000183105469,33.56999969482422,22.608600616455078,19718500,WFC
2012-04-19,33.70000076293945,33.77000045776367,32.88999938964844,33.119998931884766,22.30552864074707,25355100,WFC
2012-04-20,33.22999954223633,33.31999969482422,32.900001525878906,33.0,22.224712371826172,23511000,WFC
2012-04-23,32.650001525878906,32.77000045776367,32.43000030517578,32.689998626708984,22.01593589782715,27262400,WFC
2012-04-24,32.79999923706055,33.150001525878906,32.7400016784668,33.06999969482422,22.271860122680664,19978200,WFC
2012-04-25,33.29999923706055,33.470001220703125,32.869998931884766,33.349998474121094,22.460426330566406,20489000,WFC
2012-04-26,33.29999923706055,33.849998474121094,33.209999084472656,33.84000015258789,22.790437698364258,23413600,WFC
2012-04-27,33.90999984741211,33.97999954223633,33.61000061035156,33.77000045776367,22.7432861328125,19831300,WFC
2012-04-30,33.75,33.77000045776367,33.099998474121094,33.41999816894531,22.507572174072266,20361100,WFC
2012-05-01,33.54999923706055,34.29999923706055,33.400001525878906,34.09000015258789,22.95879554748535,25970300,WFC
2012-05-02,33.70000076293945,33.790000915527344,33.290000915527344,33.56999969482422,22.755449295043945,19156700,WFC
2012-05-03,33.790000915527344,33.790000915527344,33.2400016784668,33.38999938964844,22.63343620300293,18647800,WFC
2012-05-04,33.2400016784668,33.41999816894531,32.7599983215332,33.029998779296875,22.389415740966797,27154400,WFC
2012-05-07,32.790000915527344,33.650001525878906,32.779998779296875,33.5,22.70799446105957,28211800,WFC
2012-05-08,33.130001068115234,33.54999923706055,32.849998474121094,33.150001525878906,22.470752716064453,27069000,WFC
2012-05-09,32.810001373291016,32.90999984741211,32.459999084472656,32.630001068115234,22.11827278137207,27552100,WFC
2012-05-10,33.209999084472656,33.5,32.900001525878906,33.189998626708984,22.497859954833984,24902300,WFC
2012-05-11,32.66999816894531,33.599998474121094,32.52000045776367,33.310001373291016,22.579204559326172,36384600,WFC
2012-05-14,32.880001068115234,32.95000076293945,32.380001068115234,32.40999984741211,21.969139099121094,29761900,WFC
2012-05-15,32.279998779296875,32.720001220703125,32.099998474121094,32.2400016784668,21.85390853881836,28625200,WFC
2012-05-16,32.439998626708984,32.720001220703125,31.969999313354492,31.969999313354492,21.670886993408203,28226100,WFC
2012-05-17,31.959999084472656,32.15999984741211,31.43000030517578,31.440000534057617,21.311626434326172,46067300,WFC
2012-05-18,31.469999313354492,31.579999923706055,30.649999618530273,30.940000534057617,20.972698211669922,53576100,WFC
2012-05-21,30.93000030517578,31.469999313354492,30.520000457763672,31.399999618530273,21.284509658813477,30865500,WFC
2012-05-22,31.549999237060547,32.45000076293945,31.3700008392334,31.670000076293945,21.467533111572266,30213700,WFC
2012-05-23,31.5,31.799999237060547,30.979999542236328,31.739999771118164,21.51498031616211,30587800,WFC
2012-05-24,31.850000381469727,31.8799991607666,31.360000610351562,31.809999465942383,21.56243133544922,23765100,WFC
2012-05-25,31.81999969482422,32.150001525878906,31.770000457763672,31.860000610351562,21.59632682800293,18935300,WFC
2012-05-29,32.099998474121094,32.2599983215332,31.959999084472656,32.25,21.86068344116211,20188900,WFC
2012-05-30,31.899999618530273,32.040000915527344,31.520000457763672,31.700000762939453,21.48786735534668,28690800,WFC
2012-05-31,31.770000457763672,32.36000061035156,31.3799991607666,32.04999923706055,21.72511863708496,31879900,WFC
2012-06-01,31.399999618530273,31.459999084472656,30.0,30.15999984741211,20.44397735595703,50519500,WFC
2012-06-04,30.399999618530273,30.399999618530273,29.799999237060547,30.049999237060547,20.369413375854492,37812600,WFC
2012-06-05,29.950000762939453,30.579999923706055,29.8700008392334,30.520000457763672,20.68800926208496,24618000,WFC
2012-06-06,30.770000457763672,30.979999542236328,30.3700008392334,30.969999313354492,20.993038177490234,38718500,WFC
2012-06-07,31.450000762939453,31.579999923706055,31.139999389648438,31.18000030517578,21.13538932800293,28903000,WFC
2012-06-08,31.200000762939453,31.43000030517578,30.760000228881836,31.43000030517578,21.304845809936523,33927700,WFC
2012-06-11,31.649999618530273,31.940000534057617,30.959999084472656,30.989999771118164,21.006595611572266,26855900,WFC
2012-06-12,31.1200008392334,31.3799991607666,30.34000015258789,31.299999237060547,21.216724395751953,32437000,WFC
2012-06-13,31.260000228881836,31.969999313354492,31.149999618530273,31.579999923706055,21.406524658203125,30209200,WFC
2012-06-14,31.649999618530273,32.25,31.530000686645508,32.029998779296875,21.711563110351562,31265500,WFC
2012-06-15,32.150001525878906,32.54999923706055,31.790000915527344,32.45000076293945,21.996257781982422,39130600,WFC
2012-06-18,32.33000183105469,32.72999954223633,32.20000076293945,32.459999084472656,22.003034591674805,20933700,WFC
2012-06-19,32.709999084472656,33.220001220703125,32.5,32.959999084472656,22.341957092285156,30620000,WFC
2012-06-20,33.02000045776367,33.15999984741211,32.31999969482422,32.810001373291016,22.240280151367188,29557200,WFC
2012-06-21,32.90999984741211,33.13999938964844,32.27000045776367,32.34000015258789,21.921689987182617,31928700,WFC
2012-06-22,32.66999816894531,33.09000015258789,32.54999923706055,32.810001373291016,22.240280151367188,34799300,WFC
2012-06-25,32.459999084472656,32.5,32.0,32.220001220703125,21.84035301208496,20175000,WFC
2012-06-26,32.29999923706055,32.470001220703125,32.04999923706055,32.33000183105469,21.914915084838867,19167400,WFC
2012-06-27,32.59000015258789,32.849998474121094,32.38999938964844,32.72999954223633,22.186052322387695,17072700,WFC
2012-06-28,32.40999984741211,32.54999923706055,31.90999984741211,32.47999954223633,22.01659393310547,29698300,WFC
2012-06-29,33.15999984741211,33.439998626708984,32.970001220703125,33.439998626708984,22.667320251464844,30171700,WFC
2012-07-02,33.66999816894531,33.72999954223633,33.209999084472656,33.54999923706055,22.741891860961914,19654600,WFC
2012-07-03,33.529998779296875,33.720001220703125,33.349998474121094,33.47999954223633,22.694440841674805,13531500,WFC
2012-07-05,33.2599983215332,33.36000061035156,33.0,33.130001068115234,22.457195281982422,21927700,WFC
2012-07-06,32.75,33.18000030517578,32.619998931884766,33.04999923706055,22.402965545654297,17957600,WFC
2012-07-09,33.040000915527344,33.56999969482422,33.040000915527344,33.2599983215332,22.54531478881836,19708700,WFC
2012-07-10,33.4900016784668,33.68000030517578,32.75,32.970001220703125,22.348735809326172,21878400,WFC
2012-07-11,32.849998474121094,33.380001068115234,32.77000045776367,33.27000045776367,22.552093505859375,23266200,WFC
2012-07-12,33.02000045776367,33.119998931884766,32.63999938964844,32.849998474121094,22.267398834228516,29956400,WFC
2012-07-13,32.709999084472656,33.959999084472656,32.65999984741211,33.90999984741211,22.98591423034668,39549100,WFC
2012-07-16,33.91999816894531,34.349998474121094,33.72999954223633,34.02000045776367,23.060483932495117,29744300,WFC
2012-07-17,34.189998626708984,34.25,33.599998474121094,34.119998931884766,23.128273010253906,21711600,WFC
2012-07-18,33.91999816894531,34.130001068115234,33.7400016784668,33.959999084472656,23.01980972290039,23349300,WFC
2012-07-19,34.040000915527344,34.34000015258789,33.959999084472656,34.150001525878906,23.148603439331055,22687500,WFC
2012-07-20,33.959999084472656,34.290000915527344,33.7599983215332,33.810001373291016,22.918128967285156,24839600,WFC
2012-07-23,33.220001220703125,33.709999084472656,33.130001068115234,33.439998626708984,22.667320251464844,26461300,WFC
2012-07-24,33.5,33.560001373291016,32.95000076293945,33.22999954223633,22.524972915649414,24927200,WFC
2012-07-25,33.36000061035156,33.40999984741211,32.9900016784668,33.15999984741211,22.47752571105957,25968000,WFC
2012-07-26,33.66999816894531,33.84000015258789,33.279998779296875,33.779998779296875,22.897798538208008,22763000,WFC
2012-07-27,33.869998931884766,34.380001068115234,33.849998474121094,34.150001525878906,23.148603439331055,25808800,WFC
2012-07-30,34.150001525878906,34.400001525878906,33.90999984741211,33.959999084472656,23.01980972290039,19113800,WFC
2012-07-31,33.81999969482422,34.0,33.720001220703125,33.810001373291016,22.918128967285156,19404300,WFC
2012-08-01,33.91999816894531,34.79999923706055,33.79999923706055,33.900001525878906,22.97913932800293,41075800,WFC
2012-08-02,33.630001068115234,33.68000030517578,32.84000015258789,33.34000015258789,22.599536895751953,31475000,WFC
2012-08-03,33.7599983215332,34.400001525878906,33.630001068115234,34.34000015258789,23.277393341064453,25066400,WFC
2012-08-06,34.45000076293945,34.560001373291016,33.9900016784668,34.0,23.04692268371582,16959300,WFC
2012-08-07,34.20000076293945,34.400001525878906,33.959999084472656,33.959999084472656,23.01980972290039,16834400,WFC
2012-08-08,33.630001068115234,33.95000076293945,33.47999954223633,33.81999969482422,23.07438850402832,12444400,WFC
2012-08-09,33.75,33.97999954223633,33.61000061035156,33.81999969482422,23.07438850402832,13025800,WFC
2012-08-10,33.58000183105469,33.95000076293945,33.540000915527344,33.83000183105469,23.08121109008789,11408500,WFC
2012-08-13,33.65999984741211,34.029998779296875,33.59000015258789,33.959999084472656,23.169906616210938,11385300,WFC
2012-08-14,34.11000061035156,34.220001220703125,33.869998931884766,33.959999084472656,23.169906616210938,13204200,WFC
2012-08-15,34.0099983215332,34.18000030517578,33.83000183105469,33.970001220703125,23.176733016967773,13766800,WFC
2012-08-16,34.119998931884766,34.20000076293945,33.779998779296875,34.130001068115234,23.28589630126953,19596400,WFC
2012-08-17,34.25,34.29999923706055,33.959999084472656,34.029998779296875,23.21766471862793,16927000,WFC
2012-08-20,34.029998779296875,34.20000076293945,33.97999954223633,34.06999969482422,23.24496078491211,18147600,WFC
2012-08-21,34.2400016784668,34.7599983215332,34.099998474121094,34.380001068115234,23.45645523071289,25280400,WFC
2012-08-22,34.33000183105469,34.459999084472656,34.11000061035156,34.18000030517578,23.32000732421875,18862500,WFC
2012-08-23,34.15999984741211,34.220001220703125,33.880001068115234,33.91999816894531,23.142614364624023,17540600,WFC
2012-08-24,33.79999923706055,34.209999084472656,33.7599983215332,34.040000915527344,23.224498748779297,16677900,WFC
2012-08-27,34.09000015258789,34.25,33.91999816894531,34.02000045776367,23.210844039916992,13813000,WFC
2012-08-28,33.880001068115234,34.25,33.869998931884766,34.099998474121094,23.265422821044922,15936800,WFC
2012-08-29,34.099998474121094,34.279998779296875,34.06999969482422,34.06999969482422,23.24496078491211,12663500,WFC
2012-08-30,33.95000076293945,34.04999923706055,33.810001373291016,33.869998931884766,23.10849952697754,15140400,WFC
2012-08-31,34.0099983215332,34.20000076293945,33.93000030517578,34.029998779296875,23.21766471862793,16880100,WFC
2012-09-04,34.040000915527344,34.130001068115234,33.72999954223633,33.79999923706055,23.060747146606445,14717600,WFC
2012-09-05,33.84000015258789,34.0099983215332,33.7400016784668,33.75,23.02663230895996,16121100,WFC
2012-09-06,33.97999954223633,34.95000076293945,33.970001220703125,34.84000015258789,23.77031135559082,32143100,WFC
2012-09-07,34.959999084472656,35.189998626708984,34.7400016784668,35.0,23.879470825195312,26773900,WFC
2012-09-10,34.869998931884766,34.939998626708984,34.59000015258789,34.59000015258789,23.599742889404297,19616700,WFC
2012-09-11,34.130001068115234,34.56999969482422,34.099998474121094,34.150001525878906,23.299543380737305,28575700,WFC
2012-09-12,34.29999923706055,34.45000076293945,34.209999084472656,34.33000183105469,23.42234992980957,17146900,WFC
2012-09-13,34.34000015258789,35.630001068115234,34.13999938964844,35.54999923706055,24.254716873168945,35911100,WFC
2012-09-14,35.599998474121094,36.599998474121094,35.560001373291016,36.130001068115234,24.65043830871582,42005000,WFC
2012-09-17,35.66999816894531,35.9900016784668,35.310001373291016,35.33000183105469,24.10462760925293,32266600,WFC
2012-09-18,35.34000015258789,35.58000183105469,35.16999816894531,35.439998626708984,24.179664611816406,26286600,WFC
2012-09-19,35.650001525878906,35.84000015258789,35.2400016784668,35.25,24.050037384033203,25755900,WFC
2012-09-20,35.040000915527344,35.22999954223633,34.849998474121094,35.20000076293945,24.01592254638672,22245300,WFC
2012-09-21,35.41999816894531,35.45000076293945,34.79999923706055,34.970001220703125,23.8590030670166,67455100,WFC
2012-09-24,34.77000045776367,35.220001220703125,34.72999954223633,35.099998474121094,23.94770050048828,19628400,WFC
2012-09-25,35.220001220703125,35.619998931884766,34.720001220703125,34.720001220703125,23.688434600830078,31518500,WFC
2012-09-26,34.790000915527344,34.79999923706055,34.290000915527344,34.41999816894531,23.483747482299805,27547000,WFC
2012-09-27,34.5099983215332,34.83000183105469,34.38999938964844,34.7599983215332,23.715723037719727,21591600,WFC
2012-09-28,34.61000061035156,34.86000061035156,34.470001220703125,34.529998779296875,23.55879783630371,21511200,WFC
2012-10-01,34.779998779296875,35.119998931884766,34.61000061035156,34.70000076293945,23.674789428710938,18903300,WFC
2012-10-02,34.83000183105469,34.869998931884766,34.540000915527344,34.81999969482422,23.756656646728516,21664000,WFC
2012-10-03,34.97999954223633,35.65999984741211,34.900001525878906,35.439998626708984,24.179664611816406,29288800,WFC
2012-10-04,35.619998931884766,36.0,35.45000076293945,35.970001220703125,24.541271209716797,29103700,WFC
2012-10-05,36.099998474121094,36.34000015258789,35.63999938964844,35.84000015258789,24.452587127685547,26200600,WFC
2012-10-08,35.689998626708984,35.939998626708984,35.630001068115234,35.79999923706055,24.4252872467041,13882500,WFC
2012-10-09,35.86000061035156,35.95000076293945,34.970001220703125,35.099998474121094,23.94770050048828,40870500,WFC
2012-10-10,35.119998931884766,35.369998931884766,35.0,35.22999954223633,24.0363826751709,21229300,WFC
2012-10-11,35.59000015258789,35.65999984741211,35.06999969482422,35.18000030517578,24.002286911010742,23087800,WFC
2012-10-12,33.84000015258789,34.41999816894531,33.650001525878906,34.25,23.36776351928711,61315900,WFC
2012-10-15,34.09000015258789,34.20000076293945,33.529998779296875,33.900001525878906,23.128971099853516,50238300,WFC
2012-10-16,34.099998474121094,34.130001068115234,33.5,33.72999954223633,23.012985229492188,39858400,WFC
2012-10-17,33.93000030517578,34.720001220703125,33.880001068115234,34.470001220703125,23.51786994934082,34806200,WFC
2012-10-18,34.56999969482422,34.84000015258789,34.400001525878906,34.56999969482422,23.586088180541992,23132500,WFC
2012-10-19,34.61000061035156,34.61000061035156,34.02000045776367,34.34000015258789,23.429176330566406,27819800,WFC
2012-10-22,34.29999923706055,34.540000915527344,34.15999984741211,34.5,23.538341522216797,23043800,WFC
2012-10-23,34.040000915527344,34.15999984741211,33.63999938964844,33.869998931884766,23.10849952697754,29170300,WFC
2012-10-24,34.040000915527344,34.2599983215332,33.59000015258789,33.720001220703125,23.006166458129883,25150500,WFC
2012-10-25,34.099998474121094,34.22999954223633,33.72999954223633,34.060001373291016,23.238136291503906,18816500,WFC
2012-10-26,33.86000061035156,34.09000015258789,33.70000076293945,33.970001220703125,23.176733016967773,23257700,WFC
2012-10-31,34.189998626708984,34.27000045776367,33.650001525878906,33.689998626708984,22.98569107055664,24902700,WFC
2012-11-01,33.75,34.060001373291016,33.58000183105469,34.060001373291016,23.238136291503906,26179000,WFC
2012-11-02,34.34000015258789,34.40999984741211,33.65999984741211,33.7400016784668,23.01981544494629,19149600,WFC
2012-11-05,33.560001373291016,34.06999969482422,33.540000915527344,34.02000045776367,23.210844039916992,17548100,WFC
2012-11-06,34.04999923706055,34.400001525878906,34.0099983215332,34.31999969482422,23.415531158447266,18787700,WFC
2012-11-07,33.7599983215332,33.7599983215332,32.810001373291016,32.90999984741211,22.5983829498291,32189300,WFC
2012-11-08,33.18000030517578,33.33000183105469,32.31999969482422,32.349998474121094,22.213848114013672,28044300,WFC
2012-11-09,32.33000183105469,32.70000076293945,32.25,32.349998474121094,22.213848114013672,21637100,WFC
2012-11-12,32.45000076293945,32.560001373291016,32.220001220703125,32.369998931884766,22.227581024169922,14994700,WFC
2012-11-13,32.06999969482422,32.54999923706055,32.0,32.02000045776367,21.987247467041016,20615600,WFC
2012-11-14,32.08000183105469,32.27000045776367,31.25,31.43000030517578,21.582107543945312,30910400,WFC
2012-11-15,31.489999771118164,31.920000076293945,31.420000076293945,31.56999969482422,21.678241729736328,22953000,WFC
2012-11-16,31.6200008392334,32.0,31.399999618530273,31.940000534057617,21.93231773376465,25581200,WFC
2012-11-19,32.47999954223633,32.61000061035156,32.150001525878906,32.400001525878906,22.24818229675293,22655800,WFC
2012-11-20,32.400001525878906,33.220001220703125,32.27000045776367,32.91999816894531,22.605257034301758,23890300,WFC
2012-11-21,32.959999084472656,33.0,32.470001220703125,32.59000015258789,22.37864875793457,15861100,WFC
2012-11-23,32.849998474121094,33.20000076293945,32.72999954223633,33.20000076293945,22.797521591186523,8783100,WFC
2012-11-26,33.029998779296875,33.04999923706055,32.650001525878906,32.900001525878906,22.591522216796875,16967700,WFC
2012-11-27,32.810001373291016,33.040000915527344,32.58000183105469,32.630001068115234,22.40612030029297,18988300,WFC
2012-11-28,32.45000076293945,32.849998474121094,32.119998931884766,32.810001373291016,22.529722213745117,18115300,WFC
2012-11-29,33.029998779296875,33.33000183105469,32.939998626708984,33.15999984741211,22.770055770874023,21316700,WFC
2012-11-30,33.11000061035156,33.220001220703125,32.84000015258789,33.0099983215332,22.667049407958984,19535500,WFC
2012-12-03,33.18000030517578,33.2400016784668,32.7400016784668,32.75,22.488523483276367,19623300,WFC
2012-12-04,32.83000183105469,32.84000015258789,32.40999984741211,32.7400016784668,22.481653213500977,20296900,WFC
2012-12-05,32.91999816894531,33.20000076293945,32.689998626708984,32.97999954223633,22.64645004272461,27232100,WFC
2012-12-06,32.97999954223633,33.2599983215332,32.81999969482422,33.13999938964844,22.756319046020508,18833100,WFC
2012-12-07,33.290000915527344,33.349998474121094,33.0,33.22999954223633,22.818119049072266,18525200,WFC
2012-12-10,33.119998931884766,33.34000015258789,33.029998779296875,33.04999923706055,22.69451904296875,17977000,WFC
2012-12-11,33.11000061035156,33.439998626708984,33.04999923706055,33.290000915527344,22.859323501586914,20841900,WFC
2012-12-12,33.43000030517578,33.91999816894531,33.36000061035156,33.5,23.00351905822754,26297900,WFC
2012-12-13,33.4900016784668,33.630001068115234,33.20000076293945,33.2599983215332,22.83872413635254,18612400,WFC
2012-12-14,33.25,33.31999969482422,33.02000045776367,33.150001525878906,22.76319694519043,19231900,WFC
2012-12-17,33.25,34.45000076293945,33.25,34.380001068115234,23.6077880859375,43475600,WFC
2012-12-18,34.65999984741211,35.189998626708984,34.47999954223633,34.959999084472656,24.00606918334961,35083200,WFC
2012-12-19,34.970001220703125,35.029998779296875,34.599998474121094,34.619998931884766,23.772594451904297,33517600,WFC
2012-12-20,34.459999084472656,35.060001373291016,34.459999084472656,35.060001373291016,24.074735641479492,25128300,WFC
2012-12-21,34.689998626708984,34.880001068115234,34.20000076293945,34.47999954223633,23.676462173461914,37148300,WFC
2012-12-24,34.400001525878906,35.0,34.31999969482422,34.41999816894531,23.635251998901367,7911300,WFC
2012-12-26,34.470001220703125,34.619998931884766,34.20000076293945,34.33000183105469,23.57345962524414,14289700,WFC
2012-12-27,34.31999969482422,34.439998626708984,33.65999984741211,34.18000030517578,23.470462799072266,19264700,WFC
2012-12-28,33.88999938964844,34.22999954223633,33.869998931884766,33.90999984741211,23.285049438476562,15877700,WFC
2012-12-31,33.7400016784668,34.25,33.709999084472656,34.18000030517578,23.470462799072266,26697900,WFC
2013-01-02,35.029998779296875,35.06999969482422,34.7400016784668,35.04999923706055,24.0678653717041,30443000,WFC
2013-01-03,34.97999954223633,35.040000915527344,34.61000061035156,34.7599983215332,23.868722915649414,25374800,WFC
2013-01-04,34.59000015258789,35.040000915527344,34.45000076293945,34.939998626708984,23.992328643798828,31420300,WFC
2013-01-07,34.90999984741211,34.970001220703125,34.470001220703125,34.77000045776367,23.87559700012207,28135100,WFC
2013-01-08,34.68000030517578,34.790000915527344,34.43000030517578,34.709999084472656,23.834394454956055,20132600,WFC
2013-01-09,34.849998474121094,35.150001525878906,34.65999984741211,34.709999084472656,23.834394454956055,24589300,WFC
2013-01-10,35.029998779296875,35.400001525878906,34.88999938964844,35.400001525878906,24.30820083618164,37523100,WFC
2013-01-11,34.93000030517578,35.18000030517578,34.529998779296875,35.099998474121094,24.102201461791992,44149200,WFC
2013-01-14,34.9900016784668,35.060001373291016,34.52000045776367,34.77000045776367,23.87559700012207,23145600,WFC
2013-01-15,34.630001068115234,35.20000076293945,34.599998474121094,35.11000061035156,24.109067916870117,24837500,WFC
2013-01-16,34.970001220703125,35.290000915527344,34.90999984741211,35.09000015258789,24.095327377319336,16799200,WFC
2013-01-17,35.189998626708984,35.220001220703125,34.93000030517578,35.029998779296875,24.05413055419922,22912100,WFC
2013-01-18,34.9900016784668,35.08000183105469,34.5,34.93000030517578,23.985462188720703,31399000,WFC
2013-01-22,34.79999923706055,35.04999923706055,34.709999084472656,35.040000915527344,24.061004638671875,20931100,WFC
2013-01-23,35.029998779296875,35.119998931884766,34.869998931884766,34.95000076293945,23.99920082092285,18180200,WFC
2013-01-24,35.060001373291016,35.459999084472656,34.880001068115234,35.15999984741211,24.14339828491211,22090700,WFC
2013-01-25,35.279998779296875,35.310001373291016,34.95000076293945,35.13999938964844,24.129667282104492,19431600,WFC
2013-01-28,35.20000076293945,35.25,34.849998474121094,35.11000061035156,24.109067916870117,22067900,WFC
2013-01-29,35.099998474121094,35.33000183105469,35.04999923706055,35.27000045776367,24.218921661376953,16846900,WFC
2013-01-30,34.9900016784668,35.040000915527344,34.72999954223633,34.970001220703125,24.184362411499023,27810800,WFC
2013-01-31,34.86000061035156,34.9900016784668,34.790000915527344,34.83000183105469,24.087533950805664,16751600,WFC
2013-02-01,35.060001373291016,35.25,34.95000076293945,35.130001068115234,24.29500961303711,21009300,WFC
2013-02-04,34.93000030517578,35.0,34.619998931884766,34.7599983215332,24.039127349853516,22241600,WFC
2013-02-05,34.959999084472656,35.099998474121094,34.849998474121094,34.849998474121094,24.101362228393555,17534100,WFC
2013-02-06,34.83000183105469,34.97999954223633,34.709999084472656,34.970001220703125,24.184362411499023,24087000,WFC
2013-02-07,34.939998626708984,34.95000076293945,34.54999923706055,34.65999984741211,23.96996307373047,27095000,WFC
2013-02-08,34.689998626708984,34.91999816894531,34.68000030517578,34.880001068115234,24.122112274169922,18425800,WFC
2013-02-11,34.95000076293945,35.38999938964844,34.91999816894531,35.2599983215332,24.384916305541992,24198900,WFC
2013-02-12,35.33000183105469,35.54999923706055,35.220001220703125,35.5099983215332,24.55780792236328,19559000,WFC
2013-02-13,35.45000076293945,35.52000045776367,34.95000076293945,35.130001068115234,24.29500961303711,21344300,WFC
2013-02-14,35.02000045776367,35.27000045776367,34.90999984741211,35.209999084472656,24.350337982177734,22296200,WFC
2013-02-15,35.2400016784668,35.36000061035156,35.02000045776367,35.15999984741211,24.315753936767578,21105000,WFC
2013-02-19,35.16999816894531,35.27000045776367,35.08000183105469,35.13999938964844,24.301921844482422,25413400,WFC
2013-02-20,35.09000015258789,35.31999969482422,35.060001373291016,35.099998474121094,24.27425765991211,27539300,WFC
2013-02-21,35.04999923706055,35.68000030517578,35.02000045776367,35.459999084472656,24.523223876953125,38030800,WFC
2013-02-22,35.56999969482422,35.83000183105469,35.38999938964844,35.81999969482422,24.772197723388672,20521000,WFC
2013-02-25,35.84000015258789,35.95000076293945,34.77000045776367,34.790000915527344,24.059873580932617,27023500,WFC
2013-02-26,35.08000183105469,35.099998474121094,34.52000045776367,34.75,24.032201766967773,29601900,WFC
2013-02-27,34.81999969482422,35.220001220703125,34.599998474121094,35.130001068115234,24.29500961303711,32171300,WFC
2013-02-28,35.06999969482422,35.369998931884766,35.02000045776367,35.08000183105469,24.26042366027832,22097000,WFC
2013-03-01,34.939998626708984,35.560001373291016,34.849998474121094,35.38999938964844,24.47481346130371,20624800,WFC
2013-03-04,35.369998931884766,35.880001068115234,35.33000183105469,35.849998474121094,24.79292869567871,16880500,WFC
2013-03-05,35.9900016784668,36.290000915527344,35.810001373291016,35.880001068115234,24.813690185546875,23312000,WFC
2013-03-06,36.09000015258789,36.13999938964844,35.810001373291016,36.04999923706055,24.931257247924805,18491700,WFC
2013-03-07,36.130001068115234,36.47999954223633,36.08000183105469,36.41999816894531,25.1871337890625,21509700,WFC
2013-03-08,36.45000076293945,36.619998931884766,36.22999954223633,36.5,25.242456436157227,24042200,WFC
2013-03-11,36.58000183105469,37.13999938964844,36.529998779296875,37.130001068115234,25.678157806396484,18989900,WFC
2013-03-12,37.09000015258789,37.18000030517578,36.630001068115234,36.65999984741211,25.353118896484375,22688600,WFC
2013-03-13,36.7400016784668,36.86000061035156,36.529998779296875,36.77000045776367,25.429189682006836,15812000,WFC
2013-03-14,36.95000076293945,37.029998779296875,36.79999923706055,36.970001220703125,25.5674991607666,21874700,WFC
2013-03-15,37.36000061035156,38.20000076293945,37.29999923706055,38.20000076293945,26.41813850402832,56046200,WFC
2013-03-18,37.70000076293945,37.900001525878906,37.619998931884766,37.7599983215332,26.113847732543945,29754300,WFC
2013-03-19,37.91999816894531,37.93000030517578,37.33000183105469,37.4900016784668,25.927125930786133,23724800,WFC
2013-03-20,37.650001525878906,37.84000015258789,37.349998474121094,37.439998626708984,25.89254379272461,19049900,WFC
2013-03-21,37.15999984741211,37.380001068115234,37.099998474121094,37.13999938964844,25.6850643157959,24008300,WFC
2013-03-22,37.27000045776367,37.380001068115234,37.099998474121094,37.20000076293945,25.726560592651367,15646600,WFC
2013-03-25,37.349998474121094,37.400001525878906,36.939998626708984,37.209999084472656,25.73348617553711,20304500,WFC
2013-03-26,37.43000030517578,37.45000076293945,37.06999969482422,37.29999923706055,25.795713424682617,18635500,WFC
2013-03-27,37.09000015258789,37.15999984741211,36.79999923706055,36.97999954223633,25.574420928955078,14840800,WFC
2013-03-28,37.029998779296875,37.040000915527344,36.83000183105469,36.9900016784668,25.58133888244629,16967500,WFC
2013-04-01,37.02000045776367,37.09000015258789,36.75,36.93000030517578,25.53984260559082,10903800,WFC
2013-04-02,37.029998779296875,37.099998474121094,36.77000045776367,36.880001068115234,25.505260467529297,17094700,WFC
2013-04-03,36.869998931884766,36.95000076293945,36.54999923706055,36.66999816894531,25.360034942626953,26277200,WFC
2013-04-04,36.77000045776367,37.47999954223633,36.75,37.41999816894531,25.878711700439453,24102400,WFC
2013-04-05,36.810001373291016,37.20000076293945,36.619998931884766,37.150001525878906,25.691978454589844,24520900,WFC
2013-04-08,37.11000061035156,37.11000061035156,36.619998931884766,37.02000045776367,25.60209083557129,20087000,WFC
2013-04-09,37.150001525878906,37.650001525878906,36.97999954223633,37.45000076293945,25.89946174621582,21250100,WFC
2013-04-10,37.54999923706055,37.849998474121094,37.20000076293945,37.56999969482422,25.982452392578125,23566000,WFC
2013-04-11,37.59000015258789,37.90999984741211,37.150001525878906,37.5099983215332,25.940946578979492,30560000,WFC
2013-04-12,36.93000030517578,37.41999816894531,36.599998474121094,37.209999084472656,25.73348617553711,36662500,WFC
2013-04-15,37.02000045776367,37.41999816894531,36.540000915527344,36.56999969482422,25.290868759155273,23092300,WFC
2013-04-16,36.849998474121094,37.220001220703125,36.75,37.060001373291016,25.629745483398438,20352400,WFC
2013-04-17,36.810001373291016,36.880001068115234,36.25,36.560001373291016,25.283964157104492,31790200,WFC
2013-04-18,36.59000015258789,36.63999938964844,36.189998626708984,36.27000045776367,25.083406448364258,19322200,WFC
2013-04-19,36.40999984741211,36.72999954223633,36.290000915527344,36.689998626708984,25.37386703491211,18107000,WFC
2013-04-22,36.810001373291016,36.86000061035156,36.400001525878906,36.72999954223633,25.40152359008789,14432000,WFC
2013-04-23,36.849998474121094,37.13999938964844,36.709999084472656,37.130001068115234,25.678157806396484,19883100,WFC
2013-04-24,37.20000076293945,37.45000076293945,37.13999938964844,37.34000015258789,25.823387145996094,16740700,WFC
2013-04-25,37.470001220703125,37.79999923706055,37.33000183105469,37.63999938964844,26.03086280822754,14861200,WFC
2013-04-26,37.560001373291016,37.880001068115234,37.459999084472656,37.880001068115234,26.196823120117188,17814600,WFC
2013-04-29,37.95000076293945,37.97999954223633,37.7599983215332,37.880001068115234,26.196823120117188,16016500,WFC
2013-04-30,37.959999084472656,38.040000915527344,37.540000915527344,37.97999954223633,26.2659912109375,20585300,WFC
2013-05-01,37.900001525878906,37.959999084472656,37.290000915527344,37.459999084472656,25.906373977661133,17639200,WFC
2013-05-02,37.5099983215332,37.650001525878906,37.380001068115234,37.40999984741211,25.871801376342773,13205400,WFC
2013-05-03,37.7400016784668,37.91999816894531,37.599998474121094,37.7400016784668,26.100021362304688,15878400,WFC
2013-05-06,37.86000061035156,37.9900016784668,37.7400016784668,37.900001525878906,26.210664749145508,14228700,WFC
2013-05-07,38.02000045776367,38.560001373291016,37.90999984741211,38.400001525878906,26.556455612182617,23273300,WFC
2013-05-08,38.13999938964844,38.66999816894531,38.04999923706055,38.45000076293945,26.800413131713867,18741300,WFC
2013-05-09,38.439998626708984,38.5099983215332,37.779998779296875,37.88999938964844,26.410083770751953,27766600,WFC
2013-05-10,38.040000915527344,38.15999984741211,37.81999969482422,38.029998779296875,26.50766372680664,16390500,WFC
2013-05-13,38.040000915527344,38.290000915527344,37.83000183105469,38.20000076293945,26.626155853271484,12774700,WFC
2013-05-14,38.2599983215332,38.790000915527344,38.209999084472656,38.7599983215332,27.0164852142334,21730600,WFC
2013-05-15,38.70000076293945,39.380001068115234,38.61000061035156,39.29999923706055,27.39286994934082,25696800,WFC
2013-05-16,39.279998779296875,39.7400016784668,39.09000015258789,39.2599983215332,27.364992141723633,22959500,WFC
2013-05-17,39.41999816894531,39.90999984741211,39.33000183105469,39.880001068115234,27.797157287597656,24390400,WFC
2013-05-20,39.900001525878906,40.290000915527344,39.849998474121094,40.20000076293945,28.02019691467285,18939000,WFC
2013-05-21,40.33000183105469,40.79999923706055,40.16999816894531,40.68000030517578,28.354764938354492,23049200,WFC
2013-05-22,40.720001220703125,41.099998474121094,39.9900016784668,40.099998474121094,27.950490951538086,30388300,WFC
2013-05-23,39.400001525878906,40.439998626708984,39.400001525878906,40.0099983215332,27.887758255004883,24730000,WFC
2013-05-24,39.52000045776367,40.29999923706055,39.5,40.2400016784668,28.048076629638672,17121900,WFC
2013-05-28,40.79999923706055,40.97999954223633,40.40999984741211,40.52000045776367,28.24323844909668,20993200,WFC
2013-05-29,40.36000061035156,40.900001525878906,40.209999084472656,40.75,28.403554916381836,22848100,WFC
2013-05-30,40.790000915527344,41.59000015258789,40.70000076293945,41.25,28.752071380615234,22022700,WFC
2013-05-31,41.2599983215332,41.349998474121094,40.54999923706055,40.54999923706055,28.26415252685547,26904700,WFC
2013-06-03,40.83000183105469,40.959999084472656,39.9900016784668,40.72999954223633,28.389619827270508,23638000,WFC
2013-06-04,40.79999923706055,41.16999816894531,40.41999816894531,40.439998626708984,28.18747901916504,18708700,WFC
2013-06-05,40.2400016784668,40.54999923706055,39.65999984741211,39.81999969482422,27.755332946777344,21099300,WFC
2013-06-06,39.70000076293945,40.7599983215332,39.599998474121094,40.720001220703125,28.382648468017578,24721900,WFC
2013-06-07,41.22999954223633,41.380001068115234,40.810001373291016,41.25,28.752071380615234,23459300,WFC
2013-06-10,41.5,41.689998626708984,41.16999816894531,41.27000045776367,28.76601219177246,16340600,WFC
2013-06-11,40.779998779296875,41.20000076293945,40.59000015258789,40.65999984741211,28.340829849243164,18368500,WFC
2013-06-12,40.790000915527344,40.95000076293945,40.119998931884766,40.27000045776367,28.068988800048828,18320100,WFC
2013-06-13,40.290000915527344,40.9900016784668,40.20000076293945,40.939998626708984,28.53599739074707,17377700,WFC
2013-06-14,40.84000015258789,41.060001373291016,40.099998474121094,40.15999984741211,27.992311477661133,19475700,WFC
2013-06-17,40.59000015258789,40.709999084472656,40.34000015258789,40.61000061035156,28.305980682373047,15494200,WFC
2013-06-18,40.720001220703125,40.970001220703125,40.630001068115234,40.84000015258789,28.466297149658203,15784400,WFC
2013-06-19,40.779998779296875,41.18000030517578,40.619998931884766,40.65999984741211,28.340829849243164,20898800,WFC
2013-06-20,40.290000915527344,40.65999984741211,39.97999954223633,40.09000015258789,27.943527221679688,29302200,WFC
2013-06-21,40.63999938964844,41.20000076293945,40.150001525878906,40.959999084472656,28.5499267578125,38847800,WFC
2013-06-24,40.47999954223633,40.5,39.400001525878906,39.79999923706055,27.74139404296875,31047900,WFC
2013-06-25,40.15999984741211,40.529998779296875,39.88999938964844,40.29999923706055,28.089900970458984,22263000,WFC
2013-06-26,40.72999954223633,41.29999923706055,40.72999954223633,41.02000045776367,28.59175682067871,19405900,WFC
2013-06-27,41.380001068115234,41.7400016784668,41.150001525878906,41.560001373291016,28.968141555786133,18800400,WFC
2013-06-28,41.560001373291016,41.619998931884766,41.04999923706055,41.27000045776367,28.76601219177246,20249300,WFC
2013-07-01,41.560001373291016,41.959999084472656,41.27000045776367,41.36000061035156,28.82874298095703,16177100,WFC
2013-07-02,41.20000076293945,41.58000183105469,41.0099983215332,41.220001220703125,28.73115348815918,15558700,WFC
2013-07-03,40.97999954223633,41.29999923706055,40.790000915527344,41.220001220703125,28.73115348815918,8074400,WFC
2013-07-05,41.459999084472656,42.06999969482422,41.43000030517578,42.06999969482422,29.32362174987793,14933800,WFC
2013-07-08,42.36000061035156,42.970001220703125,42.290000915527344,42.83000183105469,29.853364944458008,22830100,WFC
2013-07-09,42.95000076293945,43.08000183105469,42.22999954223633,42.70000076293945,29.762746810913086,22540600,WFC
2013-07-10,42.54999923706055,42.58000183105469,41.7400016784668,42.06999969482422,29.32362174987793,25414800,WFC
2013-07-11,42.470001220703125,42.52000045776367,41.439998626708984,41.88999938964844,29.19814682006836,32231700,WFC
2013-07-12,42.599998474121094,43.04999923706055,42.20000076293945,42.630001068115234,29.713966369628906,35799500,WFC
2013-07-15,42.97999954223633,43.36000061035156,42.970001220703125,43.349998474121094,30.2158203125,21926700,WFC
2013-07-16,43.349998474121094,43.45000076293945,42.849998474121094,43.02000045776367,29.98579216003418,21829100,WFC
2013-07-17,43.20000076293945,43.880001068115234,43.16999816894531,43.5099983215332,30.32733917236328,23959200,WFC
2013-07-18,43.720001220703125,44.59000015258789,43.66999816894531,44.40999984741211,30.95465850830078,23443500,WFC
2013-07-19,44.41999816894531,44.7599983215332,44.130001068115234,44.45000076293945,30.98253059387207,18904400,WFC
2013-07-22,44.47999954223633,44.779998779296875,44.27000045776367,44.630001068115234,31.108003616333008,18409400,WFC
2013-07-23,44.650001525878906,44.790000915527344,44.5,44.56999969482422,31.066165924072266,13431500,WFC
2013-07-24,44.68000030517578,44.72999954223633,44.25,44.310001373291016,30.88495445251465,17947800,WFC
2013-07-25,44.220001220703125,44.220001220703125,43.41999816894531,43.650001525878906,30.424924850463867,29467400,WFC
2013-07-26,43.54999923706055,43.70000076293945,43.20000076293945,43.5099983215332,30.32733917236328,18503800,WFC
2013-07-29,43.40999984741211,43.5,43.209999084472656,43.25,30.14611053466797,12402400,WFC
2013-07-30,43.4900016784668,43.63999938964844,43.189998626708984,43.2599983215332,30.153079986572266,18579200,WFC
2013-07-31,43.29999923706055,44.04999923706055,43.29999923706055,43.5,30.320369720458984,25488500,WFC
2013-08-01,44.189998626708984,44.7400016784668,44.119998931884766,44.2599983215332,30.850101470947266,19822300,WFC
2013-08-02,44.2400016784668,44.54999923706055,44.04999923706055,44.4900016784668,31.010408401489258,13506500,WFC
2013-08-05,44.470001220703125,44.54999923706055,44.220001220703125,44.34000015258789,30.90584945678711,14162200,WFC
2013-08-06,44.27000045776367,44.31999969482422,43.970001220703125,44.029998779296875,30.68977928161621,13788000,WFC
2013-08-07,43.34000015258789,43.5099983215332,43.27000045776367,43.27000045776367,30.366954803466797,18578700,WFC
2013-08-08,43.5099983215332,43.56999969482422,42.9900016784668,43.220001220703125,30.331867218017578,18704100,WFC
2013-08-09,43.209999084472656,43.380001068115234,43.0,43.22999954223633,30.338878631591797,10716100,WFC
2013-08-12,43.04999923706055,43.43000030517578,42.849998474121094,43.20000076293945,30.31783676147461,11087600,WFC
2013-08-13,43.25,43.36000061035156,43.060001373291016,43.31999969482422,30.402034759521484,12733900,WFC
2013-08-14,43.45000076293945,43.529998779296875,43.099998474121094,43.099998474121094,30.247652053833008,13772000,WFC
2013-08-15,42.900001525878906,43.119998931884766,42.810001373291016,42.9900016784668,30.170448303222656,17748800,WFC
2013-08-16,42.68000030517578,43.18000030517578,42.63999938964844,42.75,30.00201988220215,16238000,WFC
2013-08-19,42.959999084472656,42.97999954223633,42.459999084472656,42.4900016784668,29.819555282592773,15873700,WFC
2013-08-20,42.470001220703125,42.66999816894531,42.15999984741211,42.59000015258789,29.889734268188477,15113700,WFC
2013-08-21,42.45000076293945,42.66999816894531,42.130001068115234,42.36000061035156,29.72831916809082,14586200,WFC
2013-08-22,42.40999984741211,42.630001068115234,42.18000030517578,42.47999954223633,29.812528610229492,14037600,WFC
2013-08-23,42.68000030517578,42.83000183105469,42.349998474121094,42.7599983215332,30.009035110473633,12161600,WFC
2013-08-26,42.70000076293945,42.83000183105469,42.369998931884766,42.38999938964844,29.749370574951172,10107000,WFC
2013-08-27,41.88999938964844,41.90999984741211,41.040000915527344,41.11000061035156,28.851057052612305,19230000,WFC
2013-08-28,41.09000015258789,41.58000183105469,40.97999954223633,41.25,28.94931983947754,13927000,WFC
2013-08-29,41.060001373291016,41.65999984741211,41.029998779296875,41.25,28.94931983947754,10512600,WFC
2013-08-30,41.369998931884766,41.41999816894531,40.91999816894531,41.08000183105469,28.829999923706055,15031800,WFC
2013-09-03,41.650001525878906,41.849998474121094,41.060001373291016,41.38999938964844,29.047555923461914,15949300,WFC
2013-09-04,41.36000061035156,41.75,41.25,41.5,29.124765396118164,12465000,WFC
2013-09-05,41.54999923706055,42.0,41.5,41.81999969482422,29.349340438842773,11331000,WFC
2013-09-06,42.0099983215332,42.02000045776367,41.20000076293945,41.43000030517578,29.07563591003418,14548700,WFC
2013-09-09,41.52000045776367,41.720001220703125,40.88999938964844,41.720001220703125,29.27916145324707,27418600,WFC
2013-09-10,42.119998931884766,42.459999084472656,41.900001525878906,42.45000076293945,29.791467666625977,18702300,WFC
2013-09-11,42.4900016784668,42.529998779296875,42.25,42.5,29.826562881469727,14707900,WFC
2013-09-12,42.52000045776367,42.65999984741211,42.06999969482422,42.2599983215332,29.65812873840332,14499500,WFC
2013-09-13,42.119998931884766,42.38999938964844,42.06999969482422,42.189998626708984,29.608999252319336,9986500,WFC
2013-09-16,42.77000045776367,43.06999969482422,42.709999084472656,42.88999938964844,30.100271224975586,19286200,WFC
2013-09-17,42.970001220703125,43.04999923706055,42.56999969482422,42.849998474121094,30.072187423706055,16850300,WFC
2013-09-18,42.79999923706055,43.81999969482422,42.75,43.310001373291016,30.39503288269043,23921600,WFC
2013-09-19,43.83000183105469,43.83000183105469,42.7400016784668,42.959999084472656,30.14937973022461,15953300,WFC
2013-09-20,42.959999084472656,43.099998474121094,42.5,42.849998474121094,30.072187423706055,32062300,WFC
2013-09-23,42.41999816894531,42.52000045776367,42.060001373291016,42.310001373291016,29.693227767944336,16474300,WFC
2013-09-24,42.06999969482422,42.29999923706055,41.70000076293945,41.72999954223633,29.286182403564453,22392800,WFC
2013-09-25,41.83000183105469,41.959999084472656,41.290000915527344,41.810001373291016,29.342317581176758,19188200,WFC
2013-09-26,41.91999816894531,42.20000076293945,41.40999984741211,41.61000061035156,29.201963424682617,20495000,WFC
2013-09-27,41.56999969482422,41.77000045776367,41.5099983215332,41.59000015258789,29.18792724609375,20034100,WFC
2013-09-30,41.060001373291016,41.540000915527344,40.900001525878906,41.31999969482422,28.998445510864258,20358800,WFC
2013-10-01,41.369998931884766,41.56999969482422,41.09000015258789,41.4900016784668,29.117752075195312,12771100,WFC
2013-10-02,41.20000076293945,41.2599983215332,41.0,41.2599983215332,28.956331253051758,17782400,WFC
2013-10-03,41.220001220703125,41.220001220703125,40.63999938964844,41.0,28.77386474609375,19049600,WFC
2013-10-04,41.0,41.29999923706055,40.91999816894531,41.29999923706055,28.98440170288086,12329500,WFC
2013-10-07,40.790000915527344,40.900001525878906,40.619998931884766,40.619998931884766,28.507183074951172,15290200,WFC
2013-10-08,40.54999923706055,40.77000045776367,40.209999084472656,40.2400016784668,28.240493774414062,19256200,WFC
2013-10-09,40.43000030517578,40.54999923706055,40.06999969482422,40.36000061035156,28.3247127532959,17031000,WFC
2013-10-10,40.959999084472656,41.470001220703125,40.43000030517578,41.439998626708984,29.082660675048828,26580700,WFC
2013-10-11,40.439998626708984,41.5099983215332,40.29999923706055,41.43000030517578,29.07563591003418,46034600,WFC
2013-10-14,41.13999938964844,41.900001525878906,41.099998474121094,41.75,29.300214767456055,17183700,WFC
2013-10-15,41.86000061035156,41.97999954223633,41.41999816894531,41.540000915527344,29.1528377532959,17256600,WFC
2013-10-16,41.90999984741211,42.630001068115234,41.75,42.209999084472656,29.623044967651367,25931800,WFC
2013-10-17,42.040000915527344,42.7599983215332,42.0,42.68000030517578,29.952898025512695,18826200,WFC
2013-10-18,42.720001220703125,42.939998626708984,42.380001068115234,42.68000030517578,29.952898025512695,17581300,WFC
2013-10-21,42.63999938964844,42.86000061035156,42.52000045776367,42.619998931884766,29.910785675048828,16457100,WFC
2013-10-22,42.75,43.04999923706055,42.56999969482422,42.939998626708984,30.135366439819336,18654300,WFC
2013-10-23,42.90999984741211,42.970001220703125,42.70000076293945,42.7599983215332,30.009035110473633,13612900,WFC
2013-10-24,42.93000030517578,42.97999954223633,42.54999923706055,42.689998626708984,29.959909439086914,13956600,WFC
2013-10-25,42.63999938964844,42.93000030517578,42.56999969482422,42.86000061035156,30.079221725463867,19831600,WFC
2013-10-28,42.83000183105469,42.9900016784668,42.56999969482422,42.83000183105469,30.058162689208984,12704500,WFC
2013-10-29,43.0099983215332,43.060001373291016,42.66999816894531,42.959999084472656,30.14937973022461,13105700,WFC
2013-10-30,43.11000061035156,43.400001525878906,43.02000045776367,43.099998474121094,30.247652053833008,16039700,WFC
2013-10-31,43.040000915527344,43.22999954223633,42.68000030517578,42.689998626708984,29.959909439086914,18760200,WFC
2013-11-01,42.720001220703125,43.040000915527344,42.58000183105469,42.66999816894531,29.945877075195312,15538700,WFC
2013-11-04,42.75,42.84000015258789,42.529998779296875,42.70000076293945,29.966928482055664,11921600,WFC
2013-11-05,42.66999816894531,42.81999969482422,42.5,42.630001068115234,29.917800903320312,16603700,WFC
2013-11-06,42.619998931884766,42.63999938964844,42.27000045776367,42.439998626708984,29.995555877685547,14751500,WFC
2013-11-07,42.560001373291016,42.599998474121094,41.709999084472656,41.709999084472656,29.47959327697754,22432500,WFC
2013-11-08,41.720001220703125,42.959999084472656,41.709999084472656,42.709999084472656,30.186382293701172,23461300,WFC
2013-11-11,42.689998626708984,42.86000061035156,42.439998626708984,42.75,30.21464729309082,11764400,WFC
2013-11-12,42.68000030517578,42.75,42.06999969482422,42.279998779296875,29.88245964050293,13376800,WFC
2013-11-13,42.15999984741211,42.790000915527344,41.79999923706055,42.7599983215332,30.221715927124023,24062300,WFC
2013-11-14,42.880001068115234,43.119998931884766,42.58000183105469,43.09000015258789,30.4549503326416,17831300,WFC
2013-11-15,42.97999954223633,43.63999938964844,42.959999084472656,43.540000915527344,30.773006439208984,23401200,WFC
2013-11-18,43.58000183105469,43.720001220703125,43.36000061035156,43.40999984741211,30.681129455566406,13116600,WFC
2013-11-19,43.52000045776367,43.81999969482422,43.369998931884766,43.560001373291016,30.787126541137695,14700500,WFC
2013-11-20,43.72999954223633,44.06999969482422,43.47999954223633,43.619998931884766,30.829545974731445,15790600,WFC
2013-11-21,43.810001373291016,44.38999938964844,43.790000915527344,44.08000183105469,31.154659271240234,16441600,WFC
2013-11-22,44.0,44.380001068115234,43.93000030517578,44.36000061035156,31.352554321289062,11035100,WFC
2013-11-25,44.47999954223633,44.720001220703125,44.400001525878906,44.47999954223633,31.437355041503906,12363900,WFC
2013-11-26,44.529998779296875,44.75,44.290000915527344,44.310001373291016,31.317224502563477,13429900,WFC
2013-11-27,44.47999954223633,44.47999954223633,44.06999969482422,44.27000045776367,31.288951873779297,13655800,WFC
2013-11-29,44.38999938964844,44.5099983215332,43.959999084472656,44.02000045776367,31.112241744995117,9770200,WFC
2013-12-02,44.11000061035156,44.47999954223633,44.09000015258789,44.18000030517578,31.22531509399414,16740500,WFC
2013-12-03,44.06999969482422,44.279998779296875,43.56999969482422,43.72999954223633,30.90728187561035,22404100,WFC
2013-12-04,43.400001525878906,44.06999969482422,43.34000015258789,43.75,30.921409606933594,18009600,WFC
2013-12-05,43.619998931884766,43.95000076293945,43.209999084472656,43.25,30.56802749633789,19048900,WFC
2013-12-06,43.66999816894531,44.189998626708984,43.43000030517578,44.11000061035156,31.175861358642578,16909700,WFC
2013-12-09,44.13999938964844,44.47999954223633,44.13999938964844,44.31999969482422,31.32427215576172,14011200,WFC
2013-12-10,44.220001220703125,44.439998626708984,44.04999923706055,44.11000061035156,31.175861358642578,14352400,WFC
2013-12-11,44.06999969482422,44.16999816894531,43.47999954223633,43.52000045776367,30.758848190307617,18230100,WFC
2013-12-12,43.56999969482422,43.779998779296875,43.470001220703125,43.5,30.74472999572754,13744200,WFC
2013-12-13,43.52000045776367,43.83000183105469,43.4900016784668,43.72999954223633,30.90728187561035,14097300,WFC
2013-12-16,43.970001220703125,44.13999938964844,43.79999923706055,43.97999954223633,31.083982467651367,13254200,WFC
2013-12-17,43.7599983215332,43.81999969482422,43.4900016784668,43.59000015258789,30.808334350585938,13376100,WFC
2013-12-18,43.97999954223633,45.060001373291016,43.65999984741211,44.93000030517578,31.755409240722656,28008400,WFC
2013-12-19,44.619998931884766,45.20000076293945,44.5,45.02000045776367,31.81902503967285,17713600,WFC
2013-12-20,45.099998474121094,45.20000076293945,44.79999923706055,44.959999084472656,31.776620864868164,29401400,WFC
2013-12-23,45.119998931884766,45.529998779296875,45.099998474121094,45.209999084472656,31.95332145690918,13037300,WFC
2013-12-24,45.25,45.459999084472656,45.18000030517578,45.38999938964844,32.080535888671875,4355300,WFC
2013-12-26,45.5,45.63999938964844,45.43000030517578,45.540000915527344,32.18655014038086,7309800,WFC
2013-12-27,45.59000015258789,45.630001068115234,45.38999938964844,45.5,32.15827560424805,6843900,WFC
2013-12-30,45.56999969482422,45.61000061035156,45.33000183105469,45.5,32.15827560424805,11321400,WFC
2013-12-31,45.52000045776367,45.54999923706055,45.150001525878906,45.400001525878906,32.08760452270508,13243500,WFC
2014-01-02,45.150001525878906,45.29999923706055,44.90999984741211,45.02000045776367,31.81902503967285,17333100,WFC
2014-01-03,44.9900016784668,45.47999954223633,44.97999954223633,45.34000015258789,32.04519271850586,14693800,WFC
2014-01-06,45.529998779296875,45.810001373291016,45.36000061035156,45.41999816894531,32.10173034667969,18438900,WFC
2014-01-07,45.79999923706055,45.79999923706055,45.220001220703125,45.400001525878906,32.08760452270508,16897000,WFC
2014-01-08,45.400001525878906,45.95000076293945,45.349998474121094,45.91999816894531,32.45512008666992,20850700,WFC
2014-01-09,45.970001220703125,46.20000076293945,45.79999923706055,46.15999984741211,32.62474822998047,14229900,WFC
2014-01-10,46.060001373291016,46.060001373291016,45.630001068115234,45.939998626708984,32.46925735473633,15386700,WFC
2014-01-13,45.959999084472656,46.11000061035156,45.45000076293945,45.560001373291016,32.20069122314453,20950900,WFC
2014-01-14,45.47999954223633,45.84000015258789,44.91999816894531,45.59000015258789,32.22188186645508,28487500,WFC
2014-01-15,45.939998626708984,46.7400016784668,45.7599983215332,46.400001525878906,32.79438018798828,27394500,WFC
2014-01-16,46.29999923706055,46.459999084472656,46.06999969482422,46.38999938964844,32.78731155395508,12892600,WFC
2014-01-17,46.47999954223633,46.560001373291016,46.13999938964844,46.38999938964844,32.78731155395508,15168200,WFC
2014-01-21,46.5099983215332,46.84000015258789,46.2400016784668,46.5,32.86506271362305,15533900,WFC
2014-01-22,46.7400016784668,46.83000183105469,46.5,46.66999816894531,32.98521423339844,11817300,WFC
2014-01-23,46.400001525878906,46.45000076293945,46.0,46.349998474121094,32.75904846191406,19825200,WFC
2014-01-24,46.040000915527344,46.15999984741211,45.47999954223633,45.47999954223633,32.144142150878906,20115400,WFC
2014-01-27,45.529998779296875,45.880001068115234,45.22999954223633,45.529998779296875,32.17948532104492,21323600,WFC
2014-01-28,45.790000915527344,46.2400016784668,45.650001525878906,45.959999084472656,32.4833984375,16117300,WFC
2014-01-29,45.630001068115234,46.209999084472656,45.4900016784668,45.59000015258789,32.22188186645508,20428800,WFC
2014-01-30,45.849998474121094,46.20000076293945,45.77000045776367,46.04999923706055,32.54700469970703,12623600,WFC
2014-01-31,45.40999984741211,45.709999084472656,45.22999954223633,45.34000015258789,32.04519271850586,27251200,WFC
2014-02-03,45.310001373291016,45.619998931884766,44.31999969482422,44.43000030517578,31.40203285217285,29540200,WFC
2014-02-04,44.56999969482422,44.81999969482422,44.22999954223633,44.77000045776367,31.6423282623291,20744800,WFC
2014-02-05,44.599998474121094,44.630001068115234,44.16999816894531,44.22999954223633,31.471555709838867,21998800,WFC
2014-02-06,44.369998931884766,44.790000915527344,44.27000045776367,44.779998779296875,31.862897872924805,21043100,WFC
2014-02-07,45.04999923706055,45.400001525878906,44.84000015258789,45.369998931884766,32.28272247314453,16773000,WFC
2014-02-10,45.38999938964844,45.619998931884766,45.220001220703125,45.52000045776367,32.38944625854492,12501500,WFC
2014-02-11,45.540000915527344,46.09000015258789,45.459999084472656,45.970001220703125,32.70964813232422,13561100,WFC
2014-02-12,45.959999084472656,46.25,45.810001373291016,45.9900016784668,32.7238883972168,12175700,WFC
2014-02-13,45.560001373291016,46.06999969482422,45.439998626708984,45.97999954223633,32.71676254272461,14597400,WFC
2014-02-14,46.029998779296875,46.279998779296875,45.810001373291016,46.130001068115234,32.8234977722168,11165300,WFC
2014-02-18,46.290000915527344,46.33000183105469,46.06999969482422,46.130001068115234,32.8234977722168,12120400,WFC
2014-02-19,46.04999923706055,46.25,45.47999954223633,45.529998779296875,32.39657211303711,16187900,WFC
2014-02-20,45.38999938964844,45.849998474121094,45.25,45.630001068115234,32.46772384643555,13388500,WFC
2014-02-21,45.619998931884766,46.060001373291016,45.47999954223633,45.599998474121094,32.44637680053711,15411100,WFC
2014-02-24,45.72999954223633,46.43000030517578,45.70000076293945,46.08000183105469,32.787899017333984,14106700,WFC
2014-02-25,46.20000076293945,46.2599983215332,45.95000076293945,46.08000183105469,32.787899017333984,13751600,WFC
2014-02-26,46.349998474121094,46.43000030517578,45.810001373291016,46.04999923706055,32.76657485961914,13910700,WFC
2014-02-27,45.95000076293945,46.08000183105469,45.61000061035156,46.04999923706055,32.76657485961914,13799700,WFC
2014-02-28,46.099998474121094,46.650001525878906,46.0099983215332,46.41999816894531,33.02983474731445,16347300,WFC
2014-03-03,46.11000061035156,46.2400016784668,45.959999084472656,46.150001525878906,32.83771514892578,16067600,WFC
2014-03-04,46.720001220703125,46.79999923706055,46.43000030517578,46.7400016784668,33.25754165649414,14881900,WFC
2014-03-05,46.81999969482422,47.22999954223633,46.689998626708984,47.09000015258789,33.50657272338867,13643700,WFC
2014-03-06,47.290000915527344,47.5,47.16999816894531,47.34000015258789,33.68446350097656,14726300,WFC
2014-03-07,47.7599983215332,48.47999954223633,47.599998474121094,47.95000076293945,34.118507385253906,20491600,WFC
2014-03-10,47.900001525878906,48.279998779296875,47.58000183105469,48.150001525878906,34.260826110839844,11810200,WFC
2014-03-11,48.34000015258789,48.36000061035156,47.720001220703125,47.810001373291016,34.018898010253906,13373600,WFC
2014-03-12,47.70000076293945,48.130001068115234,47.560001373291016,48.119998931884766,34.23945999145508,13497400,WFC
2014-03-13,48.22999954223633,48.29999923706055,47.7400016784668,47.84000015258789,34.04023742675781,14813900,WFC
2014-03-14,47.59000015258789,48.06999969482422,47.27000045776367,47.400001525878906,33.727149963378906,15347300,WFC
2014-03-17,47.70000076293945,48.16999816894531,47.58000183105469,48.130001068115234,34.24658203125,11085700,WFC
2014-03-18,48.16999816894531,48.45000076293945,48.119998931884766,48.400001525878906,34.4387092590332,9757400,WFC
2014-03-19,48.380001068115234,48.40999984741211,47.47999954223633,47.810001373291016,34.018898010253906,28293000,WFC
2014-03-20,47.70000076293945,49.36000061035156,47.70000076293945,49.029998779296875,34.88697052001953,25208400,WFC
2014-03-21,49.790000915527344,49.970001220703125,49.040000915527344,49.119998931884766,34.951011657714844,30999100,WFC
2014-03-24,49.47999954223633,49.4900016784668,48.81999969482422,48.97999954223633,34.85139465332031,19677600,WFC
2014-03-25,49.25,49.27000045776367,48.90999984741211,48.959999084472656,34.837154388427734,14659400,WFC
2014-03-26,49.189998626708984,49.20000076293945,48.459999084472656,48.5,34.509849548339844,17399800,WFC
2014-03-27,49.5099983215332,49.790000915527344,48.650001525878906,49.099998474121094,34.936763763427734,29075100,WFC
2014-03-28,49.13999938964844,49.61000061035156,49.04999923706055,49.290000915527344,35.071964263916016,15008000,WFC
2014-03-31,49.75,49.90999984741211,49.459999084472656,49.7400016784668,35.39216613769531,17901800,WFC
2014-04-01,49.880001068115234,49.93000030517578,49.5,49.77000045776367,35.41350555419922,16397000,WFC
2014-04-02,49.77000045776367,49.880001068115234,49.5099983215332,49.7599983215332,35.406402587890625,13036800,WFC
2014-04-03,49.810001373291016,49.88999938964844,49.560001373291016,49.83000183105469,35.45619583129883,9598900,WFC
2014-04-04,50.04999923706055,50.4900016784668,49.560001373291016,49.560001373291016,35.26408767700195,18702400,WFC
2014-04-07,49.58000183105469,49.66999816894531,48.650001525878906,48.65999984741211,34.62370681762695,19653700,WFC
2014-04-08,48.65999984741211,49.0,48.439998626708984,48.83000183105469,34.74467468261719,19086900,WFC
2014-04-09,49.06999969482422,49.099998474121094,48.61000061035156,49.099998474121094,34.936763763427734,15928100,WFC
2014-04-10,49.220001220703125,49.220001220703125,47.709999084472656,47.709999084472656,33.94773864746094,24910800,WFC
2014-04-11,47.45000076293945,48.869998931884766,46.720001220703125,48.08000183105469,34.211002349853516,36426700,WFC
2014-04-14,48.369998931884766,48.68000030517578,47.439998626708984,48.11000061035156,34.23236083984375,24321400,WFC
2014-04-15,48.27000045776367,48.880001068115234,48.040000915527344,48.779998779296875,34.709083557128906,21749600,WFC
2014-04-16,49.060001373291016,49.22999954223633,48.630001068115234,49.09000015258789,34.9296760559082,17866000,WFC
2014-04-17,49.02000045776367,49.290000915527344,48.79999923706055,48.93000030517578,34.815818786621094,19399900,WFC
2014-04-21,49.08000183105469,49.33000183105469,48.959999084472656,49.119998931884766,34.951011657714844,12478000,WFC
2014-04-22,49.040000915527344,49.4900016784668,48.900001525878906,49.22999954223633,35.02928161621094,14203800,WFC
2014-04-23,49.20000076293945,49.66999816894531,49.20000076293945,49.59000015258789,35.285430908203125,13309900,WFC
2014-04-24,49.7400016784668,49.7400016784668,49.16999816894531,49.31999969482422,35.09333038330078,12617100,WFC
2014-04-25,49.27000045776367,49.45000076293945,49.0,49.04999923706055,34.90119934082031,16274500,WFC
2014-04-28,49.27000045776367,49.33000183105469,48.529998779296875,48.939998626708984,34.82292938232422,18411700,WFC
2014-04-29,49.27000045776367,49.5099983215332,49.130001068115234,49.470001220703125,35.20004653930664,14745800,WFC
2014-04-30,49.45000076293945,49.75,49.369998931884766,49.63999938964844,35.321006774902344,14982800,WFC
2014-05-01,49.7400016784668,49.84000015258789,49.45000076293945,49.63999938964844,35.321006774902344,11851000,WFC
2014-05-02,49.77000045776367,50.0099983215332,49.5,49.58000183105469,35.2783203125,13369700,WFC
2014-05-05,49.279998779296875,49.63999938964844,49.099998474121094,49.560001373291016,35.26408767700195,9127000,WFC
2014-05-06,49.38999938964844,49.43000030517578,49.06999969482422,49.09000015258789,34.9296760559082,16213000,WFC
2014-05-07,49.0,49.43000030517578,48.869998931884766,49.38999938964844,35.39548110961914,15504500,WFC
2014-05-08,49.349998474121094,49.4900016784668,49.20000076293945,49.33000183105469,35.35249328613281,12901800,WFC
2014-05-09,49.27000045776367,49.31999969482422,48.90999984741211,49.08000183105469,35.17332458496094,15174600,WFC
2014-05-12,49.380001068115234,49.849998474121094,49.33000183105469,49.7599983215332,35.66065216064453,16450500,WFC
2014-05-13,49.779998779296875,49.959999084472656,49.63999938964844,49.810001373291016,35.69648742675781,9707100,WFC
2014-05-14,49.86000061035156,49.86000061035156,49.189998626708984,49.290000915527344,35.323814392089844,13262500,WFC
2014-05-15,49.099998474121094,49.25,48.65999984741211,49.029998779296875,35.13749313354492,17370900,WFC
2014-05-16,49.0099983215332,49.130001068115234,48.72999954223633,49.08000183105469,35.17332458496094,13923400,WFC
2014-05-19,48.84000015258789,49.540000915527344,48.81999969482422,49.4900016784668,35.4671516418457,10533800,WFC
2014-05-20,49.36000061035156,49.459999084472656,48.869998931884766,48.959999084472656,35.08732223510742,15095400,WFC
2014-05-21,49.18000030517578,49.810001373291016,49.15999984741211,49.66999816894531,35.59614181518555,12933500,WFC
2014-05-22,49.68000030517578,50.040000915527344,49.599998474121094,49.9900016784668,35.82548904418945,12159000,WFC
2014-05-23,49.90999984741211,50.22999954223633,49.77000045776367,50.15999984741211,35.94730758666992,13167200,WFC
2014-05-27,50.29999923706055,50.70000076293945,50.20000076293945,50.54999923706055,36.22679138183594,13322200,WFC
2014-05-28,50.529998779296875,50.70000076293945,50.31999969482422,50.439998626708984,36.14797592163086,12458400,WFC
2014-05-29,50.61000061035156,50.61000061035156,50.150001525878906,50.27000045776367,36.026145935058594,13026600,WFC
2014-05-30,50.31999969482422,50.81999969482422,50.31999969482422,50.779998779296875,36.391632080078125,15489200,WFC
2014-06-02,50.939998626708984,51.16999816894531,50.869998931884766,51.09000015258789,36.61380386352539,11828300,WFC
2014-06-03,50.880001068115234,51.15999984741211,50.75,51.09000015258789,36.61380386352539,9293500,WFC
2014-06-04,50.95000076293945,51.06999969482422,50.81999969482422,51.040000915527344,36.577972412109375,10129200,WFC
2014-06-05,51.11000061035156,51.720001220703125,51.02000045776367,51.630001068115234,37.00079345703125,11862900,WFC
2014-06-06,51.65999984741211,52.02000045776367,51.61000061035156,51.97999954223633,37.25162124633789,13152400,WFC
2014-06-09,51.900001525878906,52.56999969482422,51.880001068115234,52.5099983215332,37.631446838378906,11049600,WFC
2014-06-10,52.400001525878906,52.630001068115234,52.189998626708984,52.59000015258789,37.68876266479492,12331700,WFC
2014-06-11,52.349998474121094,52.5,52.060001373291016,52.2400016784668,37.43794631958008,11735400,WFC
2014-06-12,52.119998931884766,52.279998779296875,51.650001525878906,51.709999084472656,37.0581169128418,13420600,WFC
2014-06-13,51.88999938964844,52.08000183105469,51.7400016784668,51.900001525878906,37.19429016113281,11111900,WFC
2014-06-16,51.880001068115234,51.88999938964844,50.939998626708984,51.09000015258789,36.61380386352539,16310500,WFC
2014-06-17,51.029998779296875,51.75,50.97999954223633,51.65999984741211,37.02229690551758,15470800,WFC
2014-06-18,51.689998626708984,52.13999938964844,51.529998779296875,52.040000915527344,37.294620513916016,18077100,WFC
2014-06-19,52.0,52.20000076293945,51.93000030517578,52.02000045776367,37.280296325683594,16335000,WFC
2014-06-20,52.380001068115234,52.90999984741211,52.27000045776367,52.88999938964844,37.903770446777344,29836500,WFC
2014-06-23,52.70000076293945,53.04999923706055,52.529998779296875,52.97999954223633,37.968265533447266,13122500,WFC
2014-06-24,52.93000030517578,52.9900016784668,52.41999816894531,52.4900016784668,37.61711502075195,11226300,WFC
2014-06-25,52.290000915527344,52.75,52.06999969482422,52.599998474121094,37.69594192504883,12815300,WFC
2014-06-26,52.619998931884766,52.65999984741211,52.0,52.369998931884766,37.53110885620117,12545900,WFC
2014-06-27,52.22999954223633,52.900001525878906,52.150001525878906,52.900001525878906,37.91093063354492,16864500,WFC
2014-06-30,52.7400016784668,52.7599983215332,52.400001525878906,52.560001373291016,37.66727828979492,12914600,WFC
2014-07-01,52.72999954223633,52.95000076293945,52.619998931884766,52.720001220703125,37.78194808959961,12482600,WFC
2014-07-02,52.7599983215332,52.84000015258789,52.54999923706055,52.65999984741211,37.73895263671875,14436000,WFC
2014-07-03,52.88999938964844,53.08000183105469,52.83000183105469,53.0,37.982608795166016,8741500,WFC
2014-07-07,52.900001525878906,52.97999954223633,52.45000076293945,52.5,37.624290466308594,13551800,WFC
2014-07-08,52.29999923706055,52.45000076293945,52.099998474121094,52.25,37.44511413574219,17282100,WFC
2014-07-09,52.29999923706055,52.29999923706055,51.90999984741211,52.189998626708984,37.4021110534668,16116300,WFC
2014-07-10,51.779998779296875,51.959999084472656,51.529998779296875,51.810001373291016,37.129791259765625,20059900,WFC
2014-07-11,51.130001068115234,51.66999816894531,50.81999969482422,51.4900016784668,36.90046691894531,29998900,WFC
2014-07-14,51.40999984741211,51.84000015258789,51.13999938964844,51.310001373291016,36.771461486816406,21252400,WFC
2014-07-15,51.5099983215332,51.65999984741211,51.20000076293945,51.349998474121094,36.80013656616211,19293100,WFC
2014-07-16,51.58000183105469,51.65999984741211,51.04999923706055,51.16999816894531,36.6711311340332,21599400,WFC
2014-07-17,51.08000183105469,51.119998931884766,50.61000061035156,50.68000030517578,36.31997299194336,24398000,WFC
2014-07-18,50.970001220703125,51.36000061035156,50.790000915527344,51.279998779296875,36.74996566772461,15487400,WFC
2014-07-21,51.0,51.150001525878906,50.849998474121094,51.04999923706055,36.58512496948242,15236900,WFC
2014-07-22,51.20000076293945,51.47999954223633,51.04999923706055,51.349998474121094,36.80013656616211,11920800,WFC
2014-07-23,51.43000030517578,51.619998931884766,51.27000045776367,51.33000183105469,36.78580093383789,9109000,WFC
2014-07-24,51.45000076293945,51.65999984741211,51.41999816894531,51.59000015258789,36.97212600708008,9939600,WFC
2014-07-25,51.4900016784668,51.77000045776367,51.4900016784668,51.599998474121094,36.979286193847656,10040200,WFC
2014-07-28,51.310001373291016,51.709999084472656,51.16999816894531,51.599998474121094,36.979286193847656,13468000,WFC
2014-07-29,51.650001525878906,52.150001525878906,51.47999954223633,51.540000915527344,36.93628692626953,14511800,WFC
2014-07-30,51.72999954223633,52.29999923706055,51.689998626708984,52.099998474121094,37.33761978149414,11439600,WFC
2014-07-31,51.86000061035156,51.880001068115234,50.88999938964844,50.900001525878906,36.47764205932617,19638900,WFC
2014-08-01,50.5,51.11000061035156,50.22999954223633,50.349998474121094,36.08346939086914,18813700,WFC
2014-08-04,50.54999923706055,51.029998779296875,50.52000045776367,50.9900016784668,36.542152404785156,13380100,WFC
2014-08-05,50.72999954223633,50.93000030517578,50.2599983215332,50.400001525878906,36.11931228637695,12766000,WFC
2014-08-06,49.869998931884766,50.52000045776367,49.83000183105469,50.060001373291016,36.12652587890625,15271500,WFC
2014-08-07,50.34000015258789,50.40999984741211,49.599998474121094,49.70000076293945,35.86672592163086,14109100,WFC
2014-08-08,49.72999954223633,50.040000915527344,49.470001220703125,50.0,36.08322525024414,14563200,WFC
2014-08-11,50.08000183105469,50.25,49.779998779296875,49.88999938964844,36.00383758544922,14666400,WFC
2014-08-12,49.86000061035156,50.27000045776367,49.75,49.779998779296875,35.924461364746094,15219900,WFC
2014-08-13,50.02000045776367,50.119998931884766,49.84000015258789,49.9900016784668,36.076019287109375,12283100,WFC
2014-08-14,50.11000061035156,50.4900016784668,50.060001373291016,50.380001068115234,36.35744094848633,11904300,WFC
2014-08-15,50.5,50.619998931884766,49.869998931884766,50.209999084472656,36.234771728515625,13297200,WFC
2014-08-18,50.470001220703125,50.72999954223633,50.400001525878906,50.689998626708984,36.5811653137207,9913700,WFC
2014-08-19,50.77000045776367,51.09000015258789,50.75,50.86000061035156,36.703861236572266,8718400,WFC
2014-08-20,50.790000915527344,50.939998626708984,50.63999938964844,50.849998474121094,36.696624755859375,8402900,WFC
2014-08-21,51.0,51.400001525878906,50.900001525878906,51.290000915527344,37.0141716003418,10102200,WFC
2014-08-22,51.34000015258789,51.59000015258789,51.130001068115234,51.18000030517578,36.934783935546875,9210400,WFC
2014-08-25,51.47999954223633,51.75,51.40999984741211,51.45000076293945,37.129638671875,8665600,WFC
2014-08-26,51.56999969482422,51.689998626708984,51.470001220703125,51.560001373291016,37.20903396606445,7025200,WFC
2014-08-27,51.650001525878906,51.70000076293945,51.27000045776367,51.34000015258789,37.05024719238281,8315800,WFC
2014-08-28,51.209999084472656,51.279998779296875,51.0,51.150001525878906,36.91313934326172,7718000,WFC
2014-08-29,51.27000045776367,51.470001220703125,51.18000030517578,51.439998626708984,37.1224250793457,8860700,WFC
2014-09-02,51.709999084472656,51.709999084472656,51.2400016784668,51.56999969482422,37.216224670410156,9990300,WFC
2014-09-03,51.75,52.029998779296875,51.400001525878906,51.54999923706055,37.201786041259766,7735500,WFC
2014-09-04,51.4900016784668,51.91999816894531,51.400001525878906,51.56999969482422,37.216224670410156,8306200,WFC
2014-09-05,51.380001068115234,51.650001525878906,51.15999984741211,51.650001525878906,37.27396774291992,12102500,WFC
2014-09-08,51.47999954223633,51.72999954223633,51.34000015258789,51.470001220703125,37.144073486328125,7746900,WFC
2014-09-09,51.22999954223633,51.36000061035156,51.0,51.06999969482422,36.85540008544922,10745000,WFC
2014-09-10,51.08000183105469,51.619998931884766,51.060001373291016,51.52000045776367,37.18015670776367,11381400,WFC
2014-09-11,51.400001525878906,51.72999954223633,51.31999969482422,51.59000015258789,37.23067092895508,8981900,WFC
2014-09-12,51.66999816894531,52.029998779296875,51.52000045776367,51.70000076293945,37.310054779052734,12523700,WFC
2014-09-15,51.72999954223633,52.15999984741211,51.65999984741211,51.939998626708984,37.48325729370117,10414800,WFC
2014-09-16,51.779998779296875,52.47999954223633,51.779998779296875,52.310001373291016,37.750267028808594,10524600,WFC
2014-09-17,52.38999938964844,52.849998474121094,52.16999816894531,52.5099983215332,37.89460372924805,16919100,WFC
2014-09-18,52.630001068115234,53.380001068115234,52.630001068115234,53.2400016784668,38.42142105102539,16388300,WFC
2014-09-19,53.599998474121094,53.79999923706055,53.220001220703125,53.36000061035156,38.50802993774414,22553800,WFC
2014-09-22,53.2599983215332,53.5,52.81999969482422,52.900001525878906,38.17604064941406,13445700,WFC
2014-09-23,52.849998474121094,53.040000915527344,52.09000015258789,52.099998474121094,37.59872055053711,20596500,WFC
2014-09-24,52.220001220703125,52.290000915527344,51.880001068115234,52.130001068115234,37.6203727722168,18245200,WFC
2014-09-25,52.099998474121094,52.16999816894531,51.40999984741211,51.40999984741211,37.100772857666016,16684900,WFC
2014-09-26,51.45000076293945,51.91999816894531,51.349998474121094,51.869998931884766,37.43273162841797,10753400,WFC
2014-09-29,51.66999816894531,51.91999816894531,51.380001068115234,51.689998626708984,37.30284118652344,9995300,WFC
2014-09-30,51.79999923706055,52.18000030517578,51.709999084472656,51.869998931884766,37.43273162841797,16669900,WFC
2014-10-01,51.84000015258789,51.959999084472656,51.20000076293945,51.2599983215332,36.99251937866211,16527000,WFC
2014-10-02,51.189998626708984,51.5099983215332,50.88999938964844,51.400001525878906,37.09355545043945,15434400,WFC
2014-10-03,51.779998779296875,52.20000076293945,51.58000183105469,52.099998474121094,37.59872055053711,14018800,WFC
2014-10-06,52.2599983215332,52.459999084472656,51.9900016784668,52.029998779296875,37.5482063293457,10872300,WFC
2014-10-07,51.84000015258789,51.84000015258789,51.060001373291016,51.08000183105469,36.86260986328125,11889700,WFC
2014-10-08,51.25,52.189998626708984,51.09000015258789,52.150001525878906,37.634803771972656,15267200,WFC
2014-10-09,52.060001373291016,52.209999084472656,51.029998779296875,51.119998931884766,36.89148712158203,18735700,WFC
2014-10-10,51.0099983215332,51.7400016784668,50.61000061035156,50.63999938964844,36.54508590698242,20211500,WFC
2014-10-13,50.61000061035156,50.97999954223633,50.150001525878906,50.20000076293945,36.2275505065918,19298900,WFC
2014-10-14,49.5,49.86000061035156,48.209999084472656,48.83000183105469,35.238887786865234,45851500,WFC
2014-10-15,48.130001068115234,48.52000045776367,46.439998626708984,47.849998474121094,34.53165817260742,38470600,WFC
2014-10-16,47.18000030517578,48.68000030517578,47.04999923706055,48.130001068115234,34.733707427978516,28973400,WFC
2014-10-17,48.4900016784668,49.029998779296875,48.40999984741211,48.689998626708984,35.137840270996094,28314000,WFC
2014-10-20,48.68000030517578,49.2400016784668,48.61000061035156,49.18000030517578,35.49147033691406,15018500,WFC
2014-10-21,49.630001068115234,50.58000183105469,49.56999969482422,50.45000076293945,36.40796661376953,17660200,WFC
2014-10-22,50.52000045776367,50.689998626708984,50.13999938964844,50.16999816894531,36.20589828491211,20078200,WFC
2014-10-23,50.7599983215332,50.97999954223633,50.4900016784668,50.599998474121094,36.516212463378906,14394500,WFC
2014-10-24,50.58000183105469,51.25,50.54999923706055,51.20000076293945,36.94921875,10888600,WFC
2014-10-27,51.310001373291016,51.36000061035156,51.0099983215332,51.310001373291016,37.02860641479492,11654500,WFC
2014-10-28,51.560001373291016,51.790000915527344,51.29999923706055,51.779998779296875,37.3677864074707,13267200,WFC
2014-10-29,51.84000015258789,52.27000045776367,51.68000030517578,52.16999816894531,37.649227142333984,16546900,WFC
2014-10-30,52.0099983215332,52.619998931884766,51.91999816894531,52.459999084472656,37.8585090637207,14107600,WFC
2014-10-31,53.040000915527344,53.16999816894531,52.779998779296875,53.09000015258789,38.31317138671875,21126300,WFC
2014-11-03,53.220001220703125,53.599998474121094,53.09000015258789,53.369998931884766,38.515220642089844,14349500,WFC
2014-11-04,53.380001068115234,53.4900016784668,52.90999984741211,53.27000045776367,38.44306182861328,14931500,WFC
2014-11-05,53.43000030517578,53.54999923706055,53.130001068115234,53.529998779296875,38.88619613647461,14496900,WFC
2014-11-06,53.54999923706055,54.119998931884766,53.47999954223633,54.060001373291016,39.27120590209961,15328100,WFC
2014-11-07,54.20000076293945,54.25,53.63999938964844,53.84000015258789,39.111385345458984,13312700,WFC
2014-11-10,53.68000030517578,53.9900016784668,53.619998931884766,53.83000183105469,39.104122161865234,11837300,WFC
2014-11-11,53.880001068115234,54.099998474121094,53.529998779296875,53.58000183105469,38.92251205444336,12520500,WFC
2014-11-12,53.29999923706055,53.66999816894531,53.209999084472656,53.540000915527344,38.89345932006836,10687900,WFC
2014-11-13,53.56999969482422,53.66999816894531,53.119998931884766,53.38999938964844,38.78449630737305,13494400,WFC
2014-11-14,53.38999938964844,53.689998626708984,53.22999954223633,53.349998474121094,38.755428314208984,9488400,WFC
2014-11-17,53.099998474121094,53.4900016784668,52.869998931884766,53.439998626708984,38.82080078125,9657900,WFC
2014-11-18,53.099998474121094,53.5,53.029998779296875,53.27000045776367,38.69731140136719,12580400,WFC
2014-11-19,53.2599983215332,53.40999984741211,52.91999816894531,53.36000061035156,38.76271438598633,12490600,WFC
2014-11-20,53.15999984741211,53.560001373291016,53.08000183105469,53.47999954223633,38.84987258911133,10245900,WFC
2014-11-21,54.0,54.09000015258789,53.70000076293945,53.810001373291016,39.089595794677734,14587500,WFC
2014-11-24,54.060001373291016,54.36000061035156,53.93000030517578,54.099998474121094,39.300262451171875,11028000,WFC
2014-11-25,54.22999954223633,54.279998779296875,53.79999923706055,53.880001068115234,39.140438079833984,14390400,WFC
2014-11-26,54.189998626708984,54.41999816894531,53.970001220703125,54.279998779296875,39.431026458740234,11792500,WFC
2014-11-28,54.31999969482422,54.7400016784668,54.27000045776367,54.47999954223633,39.57631301879883,11054300,WFC
2014-12-01,54.41999816894531,54.59000015258789,53.70000076293945,53.81999969482422,39.09686279296875,13858500,WFC
2014-12-02,53.75,54.439998626708984,53.75,54.220001220703125,39.38743591308594,12925300,WFC
2014-12-03,54.16999816894531,54.61000061035156,54.099998474121094,54.38999938964844,39.51093292236328,14781300,WFC
2014-12-04,54.31999969482422,54.63999938964844,54.16999816894531,54.5,39.5908317565918,12310000,WFC
2014-12-05,54.88999938964844,55.349998474121094,54.849998474121094,55.029998779296875,39.97584533691406,14261400,WFC
2014-12-08,54.95000076293945,55.150001525878906,54.59000015258789,54.77000045776367,39.78696823120117,18939300,WFC
2014-12-09,54.290000915527344,54.900001525878906,54.04999923706055,54.83000183105469,39.83056640625,12895800,WFC
2014-12-10,54.72999954223633,55.09000015258789,54.209999084472656,54.2599983215332,39.41649627685547,23309500,WFC
2014-12-11,54.59000015258789,55.18000030517578,54.369998931884766,54.43000030517578,39.53998947143555,17007700,WFC
2014-12-12,53.869998931884766,54.61000061035156,53.65999984741211,53.70000076293945,39.009681701660156,18792900,WFC
2014-12-15,54.0099983215332,54.40999984741211,53.15999984741211,53.189998626708984,38.63918685913086,24852800,WFC
2014-12-16,52.81999969482422,53.77000045776367,52.72999954223633,52.77000045776367,38.33409881591797,24243300,WFC
2014-12-17,53.040000915527344,53.849998474121094,52.939998626708984,53.790000915527344,39.075077056884766,19782600,WFC
2014-12-18,54.43000030517578,55.209999084472656,54.36000061035156,55.209999084472656,40.10661697387695,21404700,WFC
2014-12-19,54.900001525878906,55.41999816894531,54.45000076293945,54.45000076293945,39.55452346801758,36186100,WFC
2014-12-22,54.459999084472656,54.970001220703125,54.34000015258789,54.970001220703125,39.93227005004883,17395500,WFC
2014-12-23,55.08000183105469,55.63999938964844,55.060001373291016,55.470001220703125,40.295467376708984,13205700,WFC
2014-12-24,55.630001068115234,55.7400016784668,55.31999969482422,55.34000015258789,40.201045989990234,4297000,WFC
2014-12-26,55.40999984741211,55.540000915527344,55.2599983215332,55.279998779296875,40.1574592590332,5826000,WFC
2014-12-29,55.08000183105469,55.95000076293945,55.08000183105469,55.709999084472656,40.469818115234375,11385600,WFC
2014-12-30,55.52000045776367,55.75,55.400001525878906,55.41999816894531,40.2591552734375,8749400,WFC
2014-12-31,55.5,55.66999816894531,54.81999969482422,54.81999969482422,39.82331085205078,10090800,WFC
2015-01-02,55.11000061035156,55.189998626708984,54.189998626708984,54.70000076293945,39.73613739013672,11700900,WFC
2015-01-05,54.13999938964844,54.36000061035156,53.099998474121094,53.20000076293945,38.6464729309082,15000500,WFC
2015-01-06,53.349998474121094,53.470001220703125,51.849998474121094,52.09000015258789,37.840118408203125,20211200,WFC
2015-01-07,52.630001068115234,52.63999938964844,52.11000061035156,52.400001525878906,38.06531524658203,15714700,WFC
2015-01-08,53.0,53.59000015258789,52.959999084472656,53.560001373291016,38.90797805786133,16721600,WFC
2015-01-09,53.540000915527344,53.59000015258789,52.66999816894531,52.68000030517578,38.268714904785156,14550800,WFC
2015-01-12,52.58000183105469,52.689998626708984,51.709999084472656,52.04999923706055,37.81106185913086,16967500,WFC
2015-01-13,52.29999923706055,52.529998779296875,51.25,51.849998474121094,37.66577911376953,25080900,WFC
2015-01-14,51.0,51.72999954223633,50.41999816894531,51.25,37.229915618896484,37590100,WFC
2015-01-15,51.209999084472656,51.540000915527344,50.459999084472656,50.720001220703125,36.84489059448242,32144700,WFC
2015-01-16,50.529998779296875,51.70000076293945,50.5099983215332,51.63999938964844,37.51322555541992,23174900,WFC
2015-01-20,51.97999954223633,52.29999923706055,51.70000076293945,52.0,37.77473068237305,17691000,WFC
2015-01-21,51.9900016784668,52.70000076293945,51.709999084472656,52.099998474121094,37.847389221191406,17928300,WFC
2015-01-22,52.4900016784668,53.81999969482422,52.47999954223633,53.77000045776367,39.060546875,21488700,WFC
2015-01-23,53.72999954223633,53.97999954223633,53.2400016784668,53.2599983215332,38.690040588378906,17779700,WFC
2015-01-26,52.90999984741211,53.599998474121094,52.88999938964844,53.58000183105469,38.92251205444336,13429400,WFC
2015-01-27,52.93000030517578,53.34000015258789,52.56999969482422,52.970001220703125,38.47938919067383,14351600,WFC
2015-01-28,53.310001373291016,53.36000061035156,52.150001525878906,52.15999984741211,37.890968322753906,18775100,WFC
2015-01-29,52.2400016784668,52.900001525878906,51.900001525878906,52.7599983215332,38.32683181762695,16700000,WFC
2015-01-30,52.20000076293945,52.77000045776367,51.900001525878906,51.91999816894531,37.71662521362305,21754800,WFC
2015-02-02,52.189998626708984,52.90999984741211,51.9900016784668,52.810001373291016,38.36315155029297,17714500,WFC
2015-02-03,53.0099983215332,53.529998779296875,52.970001220703125,53.45000076293945,38.82808303833008,20258900,WFC
2015-02-04,53.029998779296875,53.5,52.900001525878906,53.029998779296875,38.776893615722656,14435600,WFC
2015-02-05,53.2400016784668,53.84000015258789,53.220001220703125,53.66999816894531,39.244873046875,13281900,WFC
2015-02-06,54.119998931884766,55.08000183105469,53.83000183105469,54.45000076293945,39.81523132324219,19317000,WFC
2015-02-09,54.27000045776367,54.45000076293945,54.08000183105469,54.209999084472656,39.63973617553711,9739200,WFC
2015-02-10,54.619998931884766,54.709999084472656,54.220001220703125,54.56999969482422,39.902984619140625,12342500,WFC
2015-02-11,54.060001373291016,54.2599983215332,53.65999984741211,53.900001525878906,39.41305160522461,18296800,WFC
2015-02-12,54.189998626708984,54.900001525878906,53.970001220703125,54.86000061035156,40.11503982543945,20159500,WFC
2015-02-13,54.97999954223633,55.560001373291016,54.810001373291016,55.33000183105469,40.45870590209961,18809000,WFC
2015-02-17,55.310001373291016,55.459999084472656,54.95000076293945,55.369998931884766,40.48796463012695,11908600,WFC
2015-02-18,55.09000015258789,55.20000076293945,54.400001525878906,54.52000045776367,39.866432189941406,13231600,WFC
2015-02-19,54.40999984741211,54.81999969482422,54.130001068115234,54.560001373291016,39.895668029785156,10784600,WFC
2015-02-20,54.40999984741211,54.939998626708984,54.029998779296875,54.83000183105469,40.093101501464844,15049100,WFC
2015-02-23,54.68000030517578,55.11000061035156,54.27000045776367,55.099998474121094,40.29051971435547,13715000,WFC
2015-02-24,55.189998626708984,55.540000915527344,55.02000045776367,55.369998931884766,40.48796463012695,11957800,WFC
2015-02-25,55.38999938964844,55.58000183105469,55.2400016784668,55.33000183105469,40.45870590209961,10516900,WFC
2015-02-26,55.220001220703125,55.349998474121094,54.959999084472656,55.150001525878906,40.32708740234375,13579100,WFC
2015-02-27,54.81999969482422,55.279998779296875,54.790000915527344,54.790000915527344,40.063846588134766,12937000,WFC
2015-03-02,54.790000915527344,55.560001373291016,54.720001220703125,55.54999923706055,40.61957931518555,12988500,WFC
2015-03-03,55.45000076293945,55.58000183105469,55.13999938964844,55.45000076293945,40.54645919799805,11759600,WFC
2015-03-04,55.16999816894531,55.20000076293945,54.66999816894531,54.81999969482422,40.085784912109375,16653300,WFC
2015-03-05,54.939998626708984,55.0099983215332,54.650001525878906,54.84000015258789,40.10042190551758,9576100,WFC
2015-03-06,54.97999954223633,55.4900016784668,54.5099983215332,54.59000015258789,39.917606353759766,17298400,WFC
2015-03-09,54.779998779296875,55.0099983215332,54.630001068115234,54.66999816894531,39.97610092163086,11937900,WFC
2015-03-10,54.15999984741211,54.16999816894531,53.290000915527344,53.290000915527344,38.967018127441406,18723200,WFC
2015-03-11,53.869998931884766,53.9900016784668,53.599998474121094,53.70000076293945,39.266807556152344,16612900,WFC
2015-03-12,54.52000045776367,55.63999938964844,54.20000076293945,55.59000015258789,40.64882278442383,26266900,WFC
2015-03-13,55.4900016784668,55.650001525878906,55.02000045776367,55.34000015258789,40.46601486206055,17591400,WFC
2015-03-16,55.5,55.81999969482422,55.33000183105469,55.72999954223633,40.75120162963867,15505200,WFC
2015-03-17,55.5,55.97999954223633,55.2599983215332,55.90999984741211,40.88282775878906,13107700,WFC
2015-03-18,55.68000030517578,56.279998779296875,55.4900016784668,56.16999816894531,41.07292556762695,20000500,WFC
2015-03-19,55.95000076293945,55.97999954223633,55.2400016784668,55.5099983215332,40.590335845947266,14841100,WFC
2015-03-20,55.529998779296875,56.209999084472656,55.52000045776367,56.0099983215332,40.9559440612793,26487200,WFC
2015-03-23,56.029998779296875,56.290000915527344,55.72999954223633,55.779998779296875,40.787757873535156,16477400,WFC
2015-03-24,55.70000076293945,55.869998931884766,55.349998474121094,55.349998474121094,40.47334671020508,13927400,WFC
2015-03-25,55.2599983215332,55.36000061035156,54.540000915527344,54.540000915527344,39.881038665771484,15413700,WFC
2015-03-26,54.349998474121094,54.75,53.970001220703125,54.5,39.85177993774414,15038600,WFC
2015-03-27,54.540000915527344,54.599998474121094,53.959999084472656,54.119998931884766,39.57392501831055,13600300,WFC
2015-03-30,54.38999938964844,55.02000045776367,54.38999938964844,54.77000045776367,40.04921340942383,11706700,WFC
2015-03-31,54.470001220703125,54.689998626708984,54.189998626708984,54.400001525878906,39.7786865234375,13306200,WFC
2015-04-01,54.41999816894531,54.41999816894531,53.779998779296875,53.939998626708984,39.442317962646484,15436900,WFC
2015-04-02,53.95000076293945,54.47999954223633,53.81999969482422,54.369998931884766,39.75673294067383,13498900,WFC
2015-04-06,53.81999969482422,54.369998931884766,53.560001373291016,54.08000183105469,39.544677734375,10786100,WFC
2015-04-07,54.279998779296875,54.38999938964844,53.97999954223633,54.02000045776367,39.50080490112305,10853700,WFC
2015-04-08,53.97999954223633,54.36000061035156,53.83000183105469,54.0,39.48617935180664,9828700,WFC
2015-04-09,54.060001373291016,54.290000915527344,53.72999954223633,54.189998626708984,39.625118255615234,10279400,WFC
2015-04-10,54.33000183105469,54.47999954223633,54.060001373291016,54.31999969482422,39.72016906738281,9531500,WFC
2015-04-13,54.33000183105469,54.72999954223633,54.279998779296875,54.59000015258789,39.917606353759766,14931600,WFC
2015-04-14,53.93000030517578,54.470001220703125,53.56999969482422,54.189998626708984,39.625118255615234,29289600,WFC
2015-04-15,54.369998931884766,54.90999984741211,54.189998626708984,54.810001373291016,40.0784797668457,16899900,WFC
2015-04-16,54.529998779296875,55.06999969482422,54.34000015258789,54.810001373291016,40.0784797668457,15643200,WFC
2015-04-17,54.40999984741211,54.560001373291016,53.97999954223633,54.04999923706055,39.52273941040039,17569700,WFC
2015-04-20,54.34000015258789,54.66999816894531,54.16999816894531,54.36000061035156,39.74941635131836,13327200,WFC
2015-04-21,54.54999923706055,54.849998474121094,54.189998626708984,54.279998779296875,39.69092559814453,10954200,WFC
2015-04-22,54.310001373291016,54.90999984741211,54.15999984741211,54.66999816894531,39.97610092163086,13563800,WFC
2015-04-23,54.40999984741211,55.119998931884766,54.40999984741211,54.86000061035156,40.11503982543945,14657800,WFC
2015-04-24,54.7599983215332,54.91999816894531,54.61000061035156,54.70000076293945,39.9980354309082,15268100,WFC
2015-04-27,54.790000915527344,55.5,54.709999084472656,54.970001220703125,40.195465087890625,19852400,WFC
2015-04-28,54.90999984741211,55.43000030517578,54.869998931884766,55.40999984741211,40.517208099365234,13028300,WFC
2015-04-29,55.16999816894531,55.7599983215332,55.08000183105469,55.459999084472656,40.553768157958984,18144500,WFC
2015-04-30,55.650001525878906,55.650001525878906,54.779998779296875,55.099998474121094,40.29051971435547,16577800,WFC
2015-05-01,55.2599983215332,55.58000183105469,54.959999084472656,55.189998626708984,40.35634231567383,12069400,WFC
2015-05-04,55.27000045776367,55.77000045776367,55.2599983215332,55.72999954223633,40.75120162963867,9981800,WFC
2015-05-05,55.72999954223633,56.20000076293945,55.599998474121094,55.720001220703125,40.74388122558594,17068100,WFC
2015-05-06,55.43000030517578,55.599998474121094,54.45000076293945,54.91999816894531,40.43100357055664,15670700,WFC
2015-05-07,54.959999084472656,55.189998626708984,54.61000061035156,54.810001373291016,40.35002899169922,14723100,WFC
2015-05-08,55.16999816894531,56.04999923706055,55.09000015258789,56.04999923706055,41.26288986206055,17477500,WFC
2015-05-11,55.91999816894531,55.959999084472656,55.439998626708984,55.5099983215332,40.865360260009766,12922100,WFC
2015-05-12,55.310001373291016,55.63999938964844,55.0,55.470001220703125,40.835914611816406,11705900,WFC
2015-05-13,55.470001220703125,55.83000183105469,55.369998931884766,55.599998474121094,40.93162155151367,11448100,WFC
2015-05-14,55.95000076293945,56.130001068115234,55.720001220703125,56.040000915527344,41.255523681640625,11025400,WFC
2015-05-15,56.040000915527344,56.040000915527344,55.29999923706055,55.52000045776367,40.872718811035156,13323200,WFC
2015-05-18,55.58000183105469,55.97999954223633,55.54999923706055,55.75,41.042030334472656,10637300,WFC
2015-05-19,55.900001525878906,56.70000076293945,55.88999938964844,56.400001525878906,41.52055740356445,17194100,WFC
2015-05-20,56.31999969482422,56.369998931884766,55.93000030517578,56.08000183105469,41.28498077392578,13292000,WFC
2015-05-21,55.90999984741211,56.18000030517578,55.83000183105469,56.0099983215332,41.23344421386719,13466700,WFC
2015-05-22,56.040000915527344,56.22999954223633,55.9900016784668,56.0,41.22608947753906,8568800,WFC
2015-05-26,55.970001220703125,56.0,55.459999084472656,55.65999984741211,40.97578430175781,15859100,WFC
2015-05-27,55.91999816894531,56.310001373291016,55.709999084472656,56.06999969482422,41.277618408203125,12526100,WFC
2015-05-28,56.11000061035156,56.29999923706055,55.88999938964844,56.209999084472656,41.38068389892578,10348700,WFC
2015-05-29,56.25,56.2599983215332,55.68000030517578,55.959999084472656,41.19662857055664,17291500,WFC
2015-06-01,56.2400016784668,56.4900016784668,55.79999923706055,56.040000915527344,41.255523681640625,15746200,WFC
2015-06-02,56.0099983215332,56.45000076293945,55.7400016784668,56.18000030517578,41.358585357666016,13148700,WFC
2015-06-03,56.349998474121094,57.20000076293945,56.349998474121094,56.90999984741211,41.8960075378418,16197700,WFC
2015-06-04,56.529998779296875,56.88999938964844,55.93000030517578,56.13999938964844,41.32915115356445,17627100,WFC
2015-06-05,57.040000915527344,57.220001220703125,56.400001525878906,56.61000061035156,41.67515563964844,16890300,WFC
2015-06-08,56.939998626708984,56.939998626708984,56.119998931884766,56.119998931884766,41.31443405151367,14248400,WFC
2015-06-09,56.22999954223633,56.93000030517578,56.0,56.70000076293945,41.74140930175781,14669900,WFC
2015-06-10,56.97999954223633,57.56999969482422,56.90999984741211,57.209999084472656,42.11685562133789,18622400,WFC
2015-06-11,57.2599983215332,57.56999969482422,57.06999969482422,57.2599983215332,42.15366744995117,13943300,WFC
2015-06-12,57.130001068115234,57.290000915527344,56.7400016784668,57.09000015258789,42.02851867675781,13439000,WFC
2015-06-15,56.650001525878906,57.06999969482422,56.47999954223633,56.97999954223633,41.94754409790039,12920600,WFC
2015-06-16,56.849998474121094,57.2400016784668,56.72999954223633,57.220001220703125,42.12421798706055,10476100,WFC
2015-06-17,57.310001373291016,57.54999923706055,57.099998474121094,57.16999816894531,42.08742141723633,17497700,WFC
2015-06-18,57.290000915527344,57.84000015258789,57.189998626708984,57.70000076293945,42.477596282958984,18299900,WFC
2015-06-19,57.41999816894531,57.56999969482422,57.04999923706055,57.04999923706055,41.99907684326172,36241100,WFC
2015-06-22,57.58000183105469,58.040000915527344,57.529998779296875,57.90999984741211,42.63218307495117,15111200,WFC
2015-06-23,58.0,58.2599983215332,57.7599983215332,57.88999938964844,42.617462158203125,13354200,WFC
2015-06-24,57.66999816894531,58.150001525878906,57.540000915527344,57.540000915527344,42.359806060791016,16166600,WFC
2015-06-25,57.75,57.790000915527344,57.130001068115234,57.16999816894531,42.08742141723633,14053600,WFC
2015-06-26,57.34000015258789,57.58000183105469,57.290000915527344,57.439998626708984,42.28617477416992,16975900,WFC
2015-06-29,56.79999923706055,57.189998626708984,56.0099983215332,56.060001373291016,41.270263671875,19289700,WFC
2015-06-30,56.540000915527344,56.880001068115234,55.9900016784668,56.2400016784668,41.402767181396484,17346700,WFC
2015-07-01,57.09000015258789,57.20000076293945,56.61000061035156,56.90999984741211,41.8960075378418,12165300,WFC
2015-07-02,56.84000015258789,57.13999938964844,56.52000045776367,56.7400016784668,41.77085876464844,10106800,WFC
2015-07-06,56.099998474121094,56.529998779296875,56.0099983215332,56.439998626708984,41.55001449584961,11682100,WFC
2015-07-07,56.31999969482422,56.470001220703125,55.08000183105469,56.25,41.410125732421875,15831800,WFC
2015-07-08,55.84000015258789,56.16999816894531,55.209999084472656,55.25,40.67394256591797,12906600,WFC
2015-07-09,56.060001373291016,56.150001525878906,55.439998626708984,55.5,40.85797882080078,13623200,WFC
2015-07-10,56.33000183105469,56.459999084472656,55.86000061035156,56.08000183105469,41.28498077392578,13269600,WFC
2015-07-13,56.560001373291016,56.7599983215332,56.41999816894531,56.7400016784668,41.77085876464844,15521800,WFC
2015-07-14,56.459999084472656,57.369998931884766,56.38999938964844,57.25,42.14630889892578,20066300,WFC
2015-07-15,57.40999984741211,58.15999984741211,57.2599983215332,57.779998779296875,42.53649139404297,17159400,WFC
2015-07-16,58.2400016784668,58.349998474121094,57.97999954223633,58.16999816894531,42.8235969543457,13194500,WFC
2015-07-17,57.970001220703125,58.04999923706055,57.4900016784668,57.939998626708984,42.65427017211914,12963900,WFC
2015-07-20,57.9900016784668,58.290000915527344,57.880001068115234,58.04999923706055,42.73525619506836,10084900,WFC
2015-07-21,58.02000045776367,58.369998931884766,57.75,57.95000076293945,42.66164016723633,12504300,WFC
2015-07-22,58.06999969482422,58.59000015258789,57.9900016784668,58.52000045776367,43.08126449584961,14871100,WFC
2015-07-23,58.72999954223633,58.77000045776367,58.06999969482422,58.209999084472656,42.853050231933594,13582200,WFC
2015-07-24,58.18000030517578,58.34000015258789,57.70000076293945,57.779998779296875,42.53649139404297,13157300,WFC
2015-07-27,57.47999954223633,57.84000015258789,57.34000015258789,57.59000015258789,42.396610260009766,15495300,WFC
2015-07-28,57.72999954223633,57.84000015258789,57.15999984741211,57.400001525878906,42.256752014160156,16730600,WFC
2015-07-29,57.599998474121094,58.130001068115234,57.41999816894531,57.959999084472656,42.66899871826172,13718400,WFC
2015-07-30,57.849998474121094,58.189998626708984,57.720001220703125,58.150001525878906,42.808868408203125,9864800,WFC
2015-07-31,58.22999954223633,58.25,57.790000915527344,57.869998931884766,42.602745056152344,12369800,WFC
2015-08-03,58.06999969482422,58.06999969482422,57.5,57.90999984741211,42.63218307495117,13085900,WFC
2015-08-04,57.77000045776367,58.15999984741211,57.709999084472656,57.81999969482422,42.565940856933594,12324700,WFC
2015-08-05,57.810001373291016,58.02000045776367,57.47999954223633,57.650001525878906,42.71783447265625,12032500,WFC
2015-08-06,57.650001525878906,57.95000076293945,57.40999984741211,57.529998779296875,42.62892150878906,12556600,WFC
2015-08-07,57.56999969482422,57.86000061035156,57.040000915527344,57.470001220703125,42.5844612121582,13596200,WFC
2015-08-10,57.79999923706055,57.97999954223633,57.68000030517578,57.939998626708984,42.93272018432617,12397500,WFC
2015-08-11,57.22999954223633,57.54999923706055,56.97999954223633,57.209999084472656,42.39179229736328,15425500,WFC
2015-08-12,56.900001525878906,56.95000076293945,56.20000076293945,56.720001220703125,42.028717041015625,21663200,WFC
2015-08-13,56.75,57.130001068115234,56.630001068115234,56.88999938964844,42.154693603515625,11868600,WFC
2015-08-14,56.88999938964844,57.369998931884766,56.81999969482422,57.33000183105469,42.480712890625,9742500,WFC
2015-08-17,57.02000045776367,57.5,56.93000030517578,57.349998474121094,42.49553680419922,11462500,WFC
2015-08-18,57.40999984741211,57.720001220703125,57.27000045776367,57.540000915527344,42.636322021484375,10581500,WFC
2015-08-19,57.279998779296875,57.54999923706055,56.95000076293945,57.060001373291016,42.280643463134766,13744600,WFC
2015-08-20,56.459999084472656,56.58000183105469,56.11000061035156,56.119998931884766,41.58412170410156,20857700,WFC
2015-08-21,55.33000183105469,55.779998779296875,53.959999084472656,53.970001220703125,39.99100112915039,31954400,WFC
2015-08-24,49.20000076293945,53.2400016784668,47.75,51.25,37.975528717041016,40198100,WFC
2015-08-25,53.54999923706055,53.650001525878906,50.0,50.02000045776367,37.06412124633789,31041800,WFC
2015-08-26,51.560001373291016,52.40999984741211,50.58000183105469,52.29999923706055,38.75355911254883,30235800,WFC
2015-08-27,53.439998626708984,54.099998474121094,52.880001068115234,54.029998779296875,40.03547668457031,26452500,WFC
2015-08-28,53.75,53.93000030517578,53.040000915527344,53.540000915527344,39.6723747253418,18342200,WFC
2015-08-31,53.400001525878906,53.560001373291016,53.060001373291016,53.33000183105469,39.51677322387695,13842200,WFC
2015-09-01,52.11000061035156,52.31999969482422,50.529998779296875,50.9900016784668,37.78287124633789,28031700,WFC
2015-09-02,52.4900016784668,52.4900016784668,51.27000045776367,51.9900016784668,38.52386474609375,20919600,WFC
2015-09-03,52.38999938964844,53.0,52.220001220703125,52.43000030517578,38.849891662597656,15719000,WFC
2015-09-04,51.79999923706055,51.81999969482422,50.7599983215332,51.290000915527344,38.005157470703125,22303800,WFC
2015-09-08,52.650001525878906,52.97999954223633,51.97999954223633,52.93000030517578,39.22038650512695,19685400,WFC
2015-09-09,53.61000061035156,53.70000076293945,52.02000045776367,52.189998626708984,38.67205047607422,16221500,WFC
2015-09-10,52.06999969482422,52.86000061035156,51.79999923706055,52.560001373291016,38.94621658325195,17996200,WFC
2015-09-11,52.34000015258789,52.65999984741211,52.029998779296875,52.619998931884766,38.99067687988281,12549400,WFC
2015-09-14,52.630001068115234,52.880001068115234,52.40999984741211,52.77000045776367,39.10181427001953,16225600,WFC
2015-09-15,53.040000915527344,53.790000915527344,52.81999969482422,53.470001220703125,39.620506286621094,14305500,WFC
2015-09-16,53.52000045776367,53.88999938964844,52.900001525878906,53.720001220703125,39.805763244628906,15218500,WFC
2015-09-17,53.70000076293945,53.90999984741211,52.029998779296875,52.209999084472656,38.68687057495117,25025800,WFC
2015-09-18,51.27000045776367,51.47999954223633,50.70000076293945,51.040000915527344,37.81993103027344,39561600,WFC
2015-09-21,51.52000045776367,51.75,51.18000030517578,51.54999923706055,38.197818756103516,16673300,WFC
2015-09-22,50.869998931884766,51.150001525878906,50.33000183105469,50.689998626708984,37.560585021972656,21761300,WFC
2015-09-23,50.880001068115234,50.939998626708984,50.5,50.779998779296875,37.62726593017578,12521200,WFC
2015-09-24,50.09000015258789,50.68000030517578,49.79999923706055,50.54999923706055,37.456817626953125,17064300,WFC
2015-09-25,51.36000061035156,51.869998931884766,51.06999969482422,51.47999954223633,38.145957946777344,18394800,WFC
2015-09-28,51.06999969482422,51.29999923706055,50.20000076293945,50.369998931884766,37.323463439941406,17647900,WFC
2015-09-29,50.470001220703125,50.959999084472656,50.0,50.88999938964844,37.70876693725586,20816400,WFC
2015-09-30,51.630001068115234,51.720001220703125,50.70000076293945,51.349998474121094,38.049625396728516,20514800,WFC
2015-10-01,51.5099983215332,51.86000061035156,50.91999816894531,51.439998626708984,38.11630630493164,15556600,WFC
2015-10-02,50.279998779296875,51.290000915527344,49.5099983215332,51.2599983215332,37.98293685913086,21630300,WFC
2015-10-05,51.709999084472656,52.56999969482422,51.5,52.40999984741211,38.83506393432617,15240700,WFC
2015-10-06,52.18000030517578,52.540000915527344,51.91999816894531,52.029998779296875,38.55350112915039,14490700,WFC
2015-10-07,52.4900016784668,52.72999954223633,51.90999984741211,52.189998626708984,38.67205047607422,13863500,WFC
2015-10-08,52.22999954223633,52.59000015258789,51.77000045776367,52.540000915527344,38.931400299072266,15384100,WFC
2015-10-09,53.02000045776367,53.06999969482422,51.97999954223633,52.13999938964844,38.63500213623047,16983100,WFC
2015-10-12,52.119998931884766,52.43000030517578,51.75,52.18000030517578,38.66463088989258,10639000,WFC
2015-10-13,52.02000045776367,52.310001373291016,51.709999084472656,51.86000061035156,38.427520751953125,16002200,WFC
2015-10-14,51.70000076293945,51.900001525878906,50.7400016784668,51.5,38.160770416259766,26269100,WFC
2015-10-15,51.97999954223633,52.70000076293945,51.7599983215332,52.689998626708984,39.04254913330078,18262400,WFC
2015-10-16,53.150001525878906,53.189998626708984,52.5099983215332,52.880001068115234,39.18334197998047,15676300,WFC
2015-10-19,52.7599983215332,53.0099983215332,52.45000076293945,52.560001373291016,38.94621658325195,15515700,WFC
2015-10-20,52.619998931884766,53.290000915527344,52.58000183105469,53.08000183105469,39.331520080566406,13583300,WFC
2015-10-21,53.040000915527344,53.86000061035156,53.029998779296875,53.119998931884766,39.36116027832031,17666700,WFC
2015-10-22,53.400001525878906,54.45000076293945,53.400001525878906,54.060001373291016,40.05769348144531,18263200,WFC
2015-10-23,54.34000015258789,54.79999923706055,54.11000061035156,54.75,40.5689697265625,16924800,WFC
2015-10-26,54.7599983215332,54.810001373291016,54.15999984741211,54.290000915527344,40.22813034057617,12661400,WFC
2015-10-27,53.97999954223633,54.33000183105469,53.81999969482422,54.119998931884766,40.1021614074707,12443900,WFC
2015-10-28,54.2400016784668,55.5,54.16999816894531,55.45000076293945,41.08766555786133,16681600,WFC
2015-10-29,55.38999938964844,55.56999969482422,54.90999984741211,55.09000015258789,40.820899963378906,11334900,WFC
2015-10-30,55.06999969482422,55.06999969482422,54.029998779296875,54.13999938964844,40.11697769165039,18450500,WFC
2015-11-02,54.209999084472656,55.02000045776367,54.130001068115234,54.849998474121094,40.64306640625,10992300,WFC
2015-11-03,54.68000030517578,55.150001525878906,54.45000076293945,54.93000030517578,40.702354431152344,10709100,WFC
2015-11-04,54.560001373291016,54.75,54.380001068115234,54.58000183105469,40.72101593017578,12823600,WFC
2015-11-05,54.349998474121094,55.08000183105469,54.349998474121094,54.86000061035156,40.929901123046875,12263900,WFC
2015-11-06,56.040000915527344,56.34000015258789,55.560001373291016,55.849998474121094,41.66853332519531,22376800,WFC
2015-11-09,56.08000183105469,56.220001220703125,55.13999938964844,55.470001220703125,41.38502502441406,17609700,WFC
2015-11-10,55.29999923706055,55.959999084472656,55.22999954223633,55.90999984741211,41.713287353515625,13475900,WFC
2015-11-11,56.130001068115234,56.16999816894531,55.5099983215332,55.79999923706055,41.631221771240234,10808500,WFC
2015-11-12,55.52000045776367,55.75,55.16999816894531,55.16999816894531,41.161197662353516,17552200,WFC
2015-11-13,55.02000045776367,55.36000061035156,54.33000183105469,54.56999969482422,40.71354293823242,16550200,WFC
2015-11-16,54.47999954223633,55.27000045776367,54.400001525878906,55.27000045776367,41.235801696777344,11955400,WFC
2015-11-17,55.33000183105469,55.4900016784668,54.84000015258789,54.959999084472656,41.0045166015625,11331900,WFC
2015-11-18,55.060001373291016,55.77000045776367,54.970001220703125,55.66999816894531,41.534236907958984,16612600,WFC
2015-11-19,55.77000045776367,56.06999969482422,55.459999084472656,55.970001220703125,41.758052825927734,12167600,WFC
2015-11-20,56.2599983215332,56.2599983215332,55.720001220703125,55.81999969482422,41.646148681640625,16264100,WFC
2015-11-23,55.900001525878906,56.040000915527344,55.560001373291016,55.599998474121094,41.48200607299805,9638100,WFC
2015-11-24,55.13999938964844,55.47999954223633,54.88999938964844,55.279998779296875,41.24325942993164,14156500,WFC
2015-11-25,55.459999084472656,55.52000045776367,55.099998474121094,55.220001220703125,41.19850540161133,10034400,WFC
2015-11-27,55.34000015258789,55.470001220703125,54.97999954223633,55.38999938964844,41.325321197509766,4914000,WFC
2015-11-30,55.459999084472656,55.689998626708984,55.099998474121094,55.099998474121094,41.108970642089844,15998900,WFC
2015-12-01,55.5099983215332,55.77000045776367,55.27000045776367,55.709999084472656,41.56407165527344,15543400,WFC
2015-12-02,55.79999923706055,55.79999923706055,55.0,55.08000183105469,41.094051361083984,12779900,WFC
2015-12-03,55.130001068115234,55.220001220703125,54.029998779296875,54.20000076293945,40.43750762939453,15410100,WFC
2015-12-04,54.47999954223633,55.880001068115234,54.310001373291016,55.66999816894531,41.534236907958984,19647700,WFC
2015-12-07,55.45000076293945,55.560001373291016,55.02000045776367,55.41999816894531,41.347713470458984,17991600,WFC
2015-12-08,54.97999954223633,55.209999084472656,54.279998779296875,54.400001525878906,40.58671188354492,19949500,WFC
2015-12-09,54.119998931884766,54.939998626708984,53.709999084472656,54.119998931884766,40.3778190612793,18499600,WFC
2015-12-10,54.25,54.9900016784668,53.880001068115234,54.34000015258789,40.54195022583008,14075300,WFC
2015-12-11,53.45000076293945,53.939998626708984,52.9900016784668,53.310001373291016,39.77349090576172,17815700,WFC
2015-12-14,53.31999969482422,53.56999969482422,52.75,53.20000076293945,39.69141387939453,22055100,WFC
2015-12-15,53.83000183105469,55.119998931884766,53.810001373291016,54.90999984741211,40.96721267700195,19056700,WFC
2015-12-16,55.209999084472656,56.040000915527344,54.81999969482422,55.849998474121094,41.66853332519531,21086800,WFC
2015-12-17,56.11000061035156,56.2400016784668,55.470001220703125,55.470001220703125,41.38502502441406,18800500,WFC
2015-12-18,55.0,55.150001525878906,53.790000915527344,53.790000915527344,40.13159942626953,31468600,WFC
2015-12-21,54.29999923706055,54.540000915527344,53.54999923706055,54.02000045776367,40.303199768066406,12993400,WFC
2015-12-22,54.36000061035156,54.5,53.70000076293945,54.34000015258789,40.54195022583008,10318100,WFC
2015-12-23,54.599998474121094,55.060001373291016,54.459999084472656,55.040000915527344,41.064212799072266,13033600,WFC
2015-12-24,54.970001220703125,55.09000015258789,54.709999084472656,54.81999969482422,40.900062561035156,4999400,WFC
2015-12-28,54.54999923706055,54.779998779296875,54.16999816894531,54.68000030517578,40.795616149902344,8288800,WFC
2015-12-29,55.11000061035156,55.349998474121094,54.9900016784668,55.290000915527344,41.2507209777832,7894900,WFC
2015-12-30,55.27000045776367,55.310001373291016,54.790000915527344,54.88999938964844,40.95229721069336,8016900,WFC
2015-12-31,54.5099983215332,54.95000076293945,54.220001220703125,54.36000061035156,40.55686569213867,10929800,WFC
2016-01-04,53.09000015258789,53.27000045776367,52.29999923706055,52.90999984741211,39.475059509277344,25985400,WFC
2016-01-05,52.93000030517578,53.27000045776367,52.54999923706055,52.88999938964844,39.46013259887695,14759600,WFC
2016-01-06,52.119998931884766,52.619998931884766,51.83000183105469,51.880001068115234,38.70658874511719,20026400,WFC
2016-01-07,51.0099983215332,51.189998626708984,50.150001525878906,50.400001525878906,37.60240936279297,30425600,WFC
2016-01-08,50.79999923706055,50.86000061035156,49.459999084472656,49.560001373291016,36.97569274902344,22981400,WFC
2016-01-11,50.18000030517578,50.33000183105469,49.63999938964844,50.09000015258789,37.37111282348633,19046400,WFC
2016-01-12,50.880001068115234,51.52000045776367,50.45000076293945,51.36000061035156,38.31863784790039,28961500,WFC
2016-01-13,51.72999954223633,51.79999923706055,49.5,49.72999954223633,37.10253143310547,22013500,WFC
2016-01-14,50.08000183105469,51.0,49.599998474121094,50.63999938964844,37.78145980834961,24569800,WFC
2016-01-15,48.59000015258789,49.63999938964844,48.130001068115234,48.81999969482422,36.42359161376953,41090400,WFC
2016-01-19,49.25,49.540000915527344,47.9900016784668,48.209999084472656,35.968482971191406,29918500,WFC
2016-01-20,47.279998779296875,48.25,46.880001068115234,47.869998931884766,35.714805603027344,40241100,WFC
2016-01-21,48.029998779296875,49.04999923706055,47.90999984741211,48.0099983215332,35.81926727294922,24272900,WFC
2016-01-22,49.029998779296875,49.27000045776367,48.560001373291016,49.02000045776367,36.57279968261719,18298700,WFC
2016-01-25,48.90999984741211,48.97999954223633,47.619998931884766,47.65999984741211,35.55813980102539,23440800,WFC
2016-01-26,47.75,48.560001373291016,47.65999984741211,48.2599983215332,36.00578689575195,18895100,WFC
2016-01-27,48.29999923706055,49.29999923706055,48.130001068115234,48.56999969482422,36.23706817626953,20441500,WFC
2016-01-28,49.099998474121094,49.400001525878906,48.599998474121094,48.91999816894531,36.49819564819336,21306600,WFC
2016-01-29,49.290000915527344,50.25,49.16999816894531,50.22999954223633,37.47555923461914,25358300,WFC
2016-02-01,50.119998931884766,50.18000030517578,49.560001373291016,49.939998626708984,37.25920867919922,17385400,WFC
2016-02-02,49.2599983215332,49.31999969482422,48.779998779296875,48.83000183105469,36.43104934692383,25593200,WFC
2016-02-03,48.45000076293945,48.5099983215332,46.5099983215332,47.599998474121094,35.788211822509766,47149700,WFC
2016-02-04,47.400001525878906,48.61000061035156,47.369998931884766,48.25,36.276920318603516,30851700,WFC
2016-02-05,48.349998474121094,48.65999984741211,47.599998474121094,47.86000061035156,35.98370361328125,23733700,WFC
2016-02-08,47.11000061035156,47.34000015258789,46.060001373291016,46.5,34.961177825927734,31172100,WFC
2016-02-09,45.61000061035156,46.7599983215332,45.36000061035156,46.45000076293945,34.923587799072266,29896200,WFC
2016-02-10,46.880001068115234,47.220001220703125,46.11000061035156,46.16999816894531,34.71306610107422,19885500,WFC
2016-02-11,44.93000030517578,45.529998779296875,44.5,45.15999984741211,33.95369338989258,32570900,WFC
2016-02-12,45.959999084472656,47.38999938964844,45.93000030517578,47.310001373291016,35.5701789855957,28533900,WFC
2016-02-16,48.04999923706055,48.40999984741211,47.56999969482422,48.2400016784668,36.2693977355957,20410600,WFC
2016-02-17,48.650001525878906,48.959999084472656,47.9900016784668,48.130001068115234,36.18669891357422,18060500,WFC
2016-02-18,48.09000015258789,48.13999938964844,47.47999954223633,47.72999954223633,35.88595962524414,17162800,WFC
2016-02-19,47.400001525878906,48.16999816894531,47.34000015258789,48.09000015258789,36.156620025634766,18234900,WFC
2016-02-22,48.09000015258789,49.34000015258789,48.09000015258789,49.189998626708984,36.983665466308594,17572800,WFC
2016-02-23,48.869998931884766,48.91999816894531,47.97999954223633,48.099998474121094,36.16413497924805,15224700,WFC
2016-02-24,47.34000015258789,47.68000030517578,46.560001373291016,47.61000061035156,35.795738220214844,18595700,WFC
2016-02-25,47.709999084472656,48.15999984741211,47.709999084472656,47.75,35.900978088378906,16646200,WFC
2016-02-26,48.130001068115234,48.540000915527344,47.83000183105469,48.06999969482422,36.1416015625,20325600,WFC
2016-02-29,48.029998779296875,48.029998779296875,46.90999984741211,46.91999816894531,35.276947021484375,24018100,WFC
2016-03-01,47.13999938964844,48.720001220703125,47.13999938964844,48.720001220703125,36.630287170410156,24758500,WFC
2016-03-02,48.84000015258789,49.56999969482422,48.61000061035156,49.56999969482422,37.269371032714844,18667700,WFC
2016-03-03,49.630001068115234,49.790000915527344,49.06999969482422,49.77000045776367,37.419734954833984,14268100,WFC
2016-03-04,50.0099983215332,50.4900016784668,49.68000030517578,50.11000061035156,37.67536544799805,18685600,WFC
2016-03-07,49.77000045776367,50.15999984741211,49.439998626708984,50.06999969482422,37.645286560058594,14386100,WFC
2016-03-08,49.61000061035156,49.65999984741211,48.91999816894531,49.04999923706055,36.878395080566406,18098200,WFC
2016-03-09,49.380001068115234,49.5,48.5099983215332,48.790000915527344,36.68293380737305,17920100,WFC
2016-03-10,48.939998626708984,49.130001068115234,47.959999084472656,48.5099983215332,36.47239303588867,18542700,WFC
2016-03-11,49.119998931884766,50.130001068115234,48.880001068115234,50.06999969482422,37.645286560058594,18318400,WFC
2016-03-14,49.970001220703125,50.06999969482422,49.439998626708984,49.880001068115234,37.502437591552734,12803900,WFC
2016-03-15,49.29999923706055,49.9900016784668,49.20000076293945,49.97999954223633,37.57763671875,12945600,WFC
2016-03-16,49.75,50.290000915527344,49.279998779296875,49.540000915527344,37.246803283691406,16629700,WFC
2016-03-17,49.43000030517578,49.93000030517578,48.84000015258789,49.72999954223633,37.38967514038086,16002800,WFC
2016-03-18,50.439998626708984,50.70000076293945,49.93000030517578,50.540000915527344,37.998661041259766,35812100,WFC
2016-03-21,50.5,50.75,50.16999816894531,50.66999816894531,38.09639358520508,13543200,WFC
2016-03-22,50.209999084472656,50.58000183105469,50.0,50.369998931884766,37.870849609375,13907000,WFC
2016-03-23,50.18000030517578,50.33000183105469,49.70000076293945,49.7599983215332,37.41221237182617,13648100,WFC
2016-03-24,49.02000045776367,49.08000183105469,48.52000045776367,48.900001525878906,36.76561737060547,20871100,WFC
2016-03-28,49.040000915527344,49.040000915527344,48.54999923706055,48.70000076293945,36.61526107788086,18478100,WFC
2016-03-29,48.619998931884766,48.650001525878906,47.84000015258789,48.04999923706055,36.12654495239258,24459500,WFC
2016-03-30,48.400001525878906,49.15999984741211,48.150001525878906,48.650001525878906,36.57766342163086,16794200,WFC
2016-03-31,48.599998474121094,48.84000015258789,48.27000045776367,48.36000061035156,36.35963439941406,16397600,WFC
2016-04-01,48.22999954223633,48.58000183105469,47.779998779296875,48.45000076293945,36.42729949951172,14321400,WFC
2016-04-04,48.41999816894531,48.66999816894531,48.20000076293945,48.5,36.46487808227539,12110200,WFC
2016-04-05,48.08000183105469,48.09000015258789,47.459999084472656,47.5099983215332,35.72053146362305,18297700,WFC
2016-04-06,47.38999938964844,48.130001068115234,47.220001220703125,48.08000183105469,36.14910888671875,17214400,WFC
2016-04-07,47.709999084472656,47.779998779296875,46.619998931884766,46.93000030517578,35.28446960449219,17593100,WFC
2016-04-08,47.349998474121094,47.650001525878906,46.970001220703125,47.06999969482422,35.389732360839844,12236500,WFC
2016-04-11,47.11000061035156,47.709999084472656,47.0,47.029998779296875,35.359649658203125,15113500,WFC
2016-04-12,47.13999938964844,47.83000183105469,46.95000076293945,47.77000045776367,35.9160270690918,18772600,WFC
2016-04-13,48.290000915527344,49.25,48.27000045776367,49.029998779296875,36.86335754394531,26311900,WFC
2016-04-14,48.29999923706055,49.29999923706055,48.16999816894531,48.790000915527344,36.68293380737305,30067900,WFC
2016-04-15,48.619998931884766,48.939998626708984,48.060001373291016,48.25,36.276920318603516,24885200,WFC
2016-04-18,48.25,48.880001068115234,47.90999984741211,48.84000015258789,36.72050857543945,18225800,WFC
2016-04-19,49.0099983215332,49.91999816894531,48.97999954223633,49.880001068115234,37.502437591552734,18673400,WFC
2016-04-20,49.97999954223633,50.52000045776367,49.7599983215332,50.45000076293945,37.930999755859375,22647700,WFC
2016-04-21,50.54999923706055,50.779998779296875,49.93000030517578,50.04999923706055,37.6302604675293,20255400,WFC
2016-04-22,50.04999923706055,50.7400016784668,50.04999923706055,50.619998931884766,38.05881881713867,16365700,WFC
2016-04-25,50.310001373291016,50.599998474121094,50.119998931884766,50.5099983215332,37.976104736328125,11689100,WFC
2016-04-26,50.5099983215332,50.9900016784668,50.45000076293945,50.91999816894531,38.284358978271484,13333500,WFC
2016-04-27,50.869998931884766,51.40999984741211,50.720001220703125,50.93000030517578,38.29188537597656,15342700,WFC
2016-04-28,50.5099983215332,50.93000030517578,50.20000076293945,50.40999984741211,37.90092468261719,15506300,WFC
2016-04-29,50.459999084472656,50.459999084472656,49.68000030517578,49.97999954223633,37.57763671875,17887000,WFC
2016-05-02,50.279998779296875,50.70000076293945,50.150001525878906,50.59000015258789,38.0362663269043,14780300,WFC
2016-05-03,49.86000061035156,50.130001068115234,49.540000915527344,50.0,37.592655181884766,16246400,WFC
2016-05-04,49.060001373291016,49.27000045776367,48.68000030517578,48.939998626708984,37.07749557495117,22402500,WFC
2016-05-05,48.970001220703125,49.189998626708984,48.77000045776367,48.959999084472656,37.09263610839844,15953600,WFC
2016-05-06,48.709999084472656,49.119998931884766,48.650001525878906,49.02000045776367,37.13809585571289,14189600,WFC
2016-05-09,49.02000045776367,49.220001220703125,48.810001373291016,48.880001068115234,37.03205108642578,13877000,WFC
2016-05-10,49.0,49.5099983215332,49.0,49.400001525878906,37.425994873046875,14234400,WFC
2016-05-11,49.36000061035156,49.720001220703125,49.08000183105469,49.08000183105469,37.183555603027344,17344300,WFC
2016-05-12,49.34000015258789,49.58000183105469,49.04999923706055,49.20000076293945,37.27445983886719,13589600,WFC
2016-05-13,49.099998474121094,49.43000030517578,48.209999084472656,48.2400016784668,36.547157287597656,25251700,WFC
2016-05-16,48.119998931884766,48.630001068115234,47.939998626708984,48.27000045776367,36.56989669799805,19655300,WFC
2016-05-17,48.13999938964844,48.16999816894531,47.54999923706055,47.619998931884766,36.07743453979492,21495600,WFC
2016-05-18,47.68000030517578,48.720001220703125,47.619998931884766,48.650001525878906,36.85778045654297,30028200,WFC
2016-05-19,48.439998626708984,48.959999084472656,48.15999984741211,48.380001068115234,36.65323257446289,13604100,WFC
2016-05-20,48.619998931884766,49.209999084472656,48.560001373291016,48.75,36.93354797363281,13222800,WFC
2016-05-23,48.7599983215332,48.880001068115234,48.349998474121094,48.70000076293945,36.89566421508789,10644000,WFC
2016-05-24,49.04999923706055,49.369998931884766,48.689998626708984,49.20000076293945,37.27445983886719,16597700,WFC
2016-05-25,49.58000183105469,50.83000183105469,49.5099983215332,50.5,38.25935745239258,22478600,WFC
2016-05-26,50.52000045776367,50.65999984741211,50.400001525878906,50.54999923706055,38.2972297668457,14983300,WFC
2016-05-27,50.599998474121094,50.86000061035156,50.4900016784668,50.849998474121094,38.524532318115234,13430500,WFC
2016-05-31,51.02000045776367,51.189998626708984,50.4900016784668,50.720001220703125,38.42604064941406,19725000,WFC
2016-06-01,50.2599983215332,51.040000915527344,50.16999816894531,51.0,38.63816452026367,16774300,WFC
2016-06-02,50.959999084472656,51.11000061035156,50.709999084472656,51.11000061035156,38.721500396728516,14206700,WFC
2016-06-03,50.16999816894531,50.310001373291016,49.61000061035156,50.189998626708984,38.02450180053711,25452600,WFC
2016-06-06,50.2400016784668,50.869998931884766,50.189998626708984,50.4900016784668,38.251792907714844,14528500,WFC
2016-06-07,50.72999954223633,50.72999954223633,50.27000045776367,50.27000045776367,38.085105895996094,15310100,WFC
2016-06-08,50.25,50.439998626708984,49.7400016784668,50.0,37.88055419921875,18168500,WFC
2016-06-09,49.650001525878906,49.68000030517578,48.849998474121094,49.13999938964844,37.22900390625,19464400,WFC
2016-06-10,48.4900016784668,48.709999084472656,48.16999816894531,48.34000015258789,36.6229362487793,16815300,WFC
2016-06-13,48.130001068115234,48.5099983215332,47.959999084472656,47.970001220703125,36.34260940551758,16150100,WFC
2016-06-14,47.86000061035156,48.119998931884766,46.5099983215332,46.880001068115234,35.51681137084961,25311700,WFC
2016-06-15,47.27000045776367,47.560001373291016,46.7400016784668,46.779998779296875,35.441043853759766,20142000,WFC
2016-06-16,46.470001220703125,46.86000061035156,45.959999084472656,46.849998474121094,35.494083404541016,15619300,WFC
2016-06-17,46.849998474121094,47.0,46.52000045776367,46.599998474121094,35.30466842651367,25661300,WFC
2016-06-20,47.4900016784668,47.900001525878906,46.91999816894531,46.93000030517578,35.554691314697266,19490100,WFC
2016-06-21,47.290000915527344,47.34000015258789,46.77000045776367,47.22999954223633,35.78196716308594,11731600,WFC
2016-06-22,47.150001525878906,47.58000183105469,46.93000030517578,46.970001220703125,35.584999084472656,17072100,WFC
2016-06-23,47.63999938964844,47.90999984741211,47.38999938964844,47.90999984741211,36.29714584350586,16270000,WFC
2016-06-24,45.7599983215332,46.970001220703125,45.279998779296875,45.709999084472656,34.630409240722656,46744100,WFC
2016-06-27,45.20000076293945,45.33000183105469,44.5,45.0099983215332,34.10008239746094,35030100,WFC
2016-06-28,45.88999938964844,46.11000061035156,45.34000015258789,46.099998474121094,34.92587661743164,27525700,WFC
2016-06-29,46.630001068115234,46.9900016784668,46.150001525878906,46.970001220703125,35.584999084472656,20856400,WFC
2016-06-30,47.2400016784668,47.36000061035156,46.529998779296875,47.33000183105469,35.857749938964844,22538800,WFC
2016-07-01,47.08000183105469,47.279998779296875,46.86000061035156,47.029998779296875,35.63044357299805,19013600,WFC
2016-07-05,46.70000076293945,46.7599983215332,45.810001373291016,46.209999084472656,35.00920486450195,22213000,WFC
2016-07-06,45.88999938964844,46.65999984741211,45.70000076293945,46.650001525878906,35.34255599975586,19024100,WFC
2016-07-07,46.58000183105469,47.220001220703125,46.439998626708984,46.79999923706055,35.45619583129883,17946200,WFC
2016-07-08,47.45000076293945,47.91999816894531,47.45000076293945,47.790000915527344,36.20624542236328,19775700,WFC
2016-07-11,48.099998474121094,48.45000076293945,47.939998626708984,48.08000183105469,36.425941467285156,16008700,WFC
2016-07-12,48.41999816894531,48.630001068115234,48.220001220703125,48.349998474121094,36.6305046081543,15067900,WFC
2016-07-13,48.310001373291016,48.470001220703125,47.97999954223633,48.27000045776367,36.56989669799805,14389600,WFC
2016-07-14,49.04999923706055,49.150001525878906,48.66999816894531,48.939998626708984,37.07749557495117,17578400,WFC
2016-07-15,48.849998474121094,48.880001068115234,47.40999984741211,47.709999084472656,36.14561080932617,35121000,WFC
2016-07-18,47.810001373291016,48.33000183105469,47.779998779296875,48.279998779296875,36.57746124267578,24139200,WFC
2016-07-19,48.08000183105469,48.54999923706055,48.04999923706055,48.369998931884766,36.645652770996094,15982900,WFC
2016-07-20,48.59000015258789,48.689998626708984,48.400001525878906,48.61000061035156,36.82746887207031,16569900,WFC
2016-07-21,48.650001525878906,48.810001373291016,48.290000915527344,48.29999923706055,36.59261703491211,15532000,WFC
2016-07-22,48.31999969482422,48.36000061035156,48.099998474121094,48.31999969482422,36.60776901245117,13588500,WFC
2016-07-25,48.2400016784668,48.2599983215332,47.849998474121094,48.119998931884766,36.45625305175781,12122200,WFC
2016-07-26,48.029998779296875,48.16999816894531,47.79999923706055,47.970001220703125,36.34260940551758,16130100,WFC
2016-07-27,47.95000076293945,48.220001220703125,47.779998779296875,48.0,36.36532974243164,17886800,WFC
2016-07-28,47.939998626708984,48.220001220703125,47.68000030517578,48.130001068115234,36.46383285522461,12562600,WFC
2016-07-29,47.95000076293945,48.16999816894531,47.95000076293945,47.970001220703125,36.34260940551758,13111700,WFC
2016-08-01,47.97999954223633,48.04999923706055,47.630001068115234,47.810001373291016,36.221405029296875,16026600,WFC
2016-08-02,47.65999984741211,47.83000183105469,47.38999938964844,47.70000076293945,36.13804244995117,17033100,WFC
2016-08-03,47.33000183105469,47.63999938964844,47.33000183105469,47.56999969482422,36.3289680480957,14913500,WFC
2016-08-04,47.599998474121094,48.0,47.56999969482422,47.84000015258789,36.53517150878906,14662600,WFC
2016-08-05,48.38999938964844,48.70000076293945,48.130001068115234,48.68000030517578,37.17668533325195,19064700,WFC
2016-08-08,48.779998779296875,49.04999923706055,48.7400016784668,48.90999984741211,37.35232925415039,14871600,WFC
2016-08-09,49.02000045776367,49.150001525878906,48.810001373291016,48.93000030517578,37.36759948730469,10449800,WFC
2016-08-10,48.81999969482422,48.93000030517578,48.08000183105469,48.18000030517578,36.794822692871094,16782700,WFC
2016-08-11,48.22999954223633,48.5,47.91999816894531,48.2400016784668,36.84065628051758,14614100,WFC
2016-08-12,48.04999923706055,48.08000183105469,47.83000183105469,47.900001525878906,36.580989837646484,13227500,WFC
2016-08-15,48.04999923706055,48.34000015258789,48.029998779296875,48.27000045776367,36.86357116699219,11758900,WFC
2016-08-16,48.15999984741211,48.599998474121094,48.060001373291016,48.439998626708984,36.993377685546875,13957600,WFC
2016-08-17,48.369998931884766,48.65999984741211,48.310001373291016,48.61000061035156,37.12321853637695,13062900,WFC
2016-08-18,48.5,48.65999984741211,48.33000183105469,48.529998779296875,37.062110900878906,12189200,WFC
2016-08-19,48.439998626708984,48.72999954223633,48.20000076293945,48.650001525878906,37.153770446777344,12557700,WFC
2016-08-22,48.63999938964844,48.7400016784668,48.5,48.630001068115234,37.138492584228516,9212600,WFC
2016-08-23,48.63999938964844,48.75,48.38999938964844,48.40999984741211,36.970489501953125,15430200,WFC
2016-08-24,48.5,48.77000045776367,48.349998474121094,48.630001068115234,37.138492584228516,16315800,WFC
2016-08-25,48.619998931884766,48.689998626708984,48.29999923706055,48.380001068115234,36.947574615478516,13643200,WFC
2016-08-26,48.58000183105469,48.84000015258789,48.279998779296875,48.5099983215332,37.046844482421875,15527300,WFC
2016-08-29,48.75,49.75,48.689998626708984,49.560001373291016,37.84873962402344,21201400,WFC
2016-08-30,49.72999954223633,50.63999938964844,49.68000030517578,50.619998931884766,38.658241271972656,25055800,WFC
2016-08-31,50.70000076293945,50.91999816894531,50.2400016784668,50.79999923706055,38.79570770263672,24533600,WFC
2016-09-01,50.91999816894531,51.0,50.11000061035156,50.43000030517578,38.513153076171875,17017100,WFC
2016-09-02,50.45000076293945,50.65999984741211,50.18000030517578,50.54999923706055,38.604774475097656,12684000,WFC
2016-09-06,50.560001373291016,50.56999969482422,49.630001068115234,49.9900016784668,38.17711639404297,21832200,WFC
2016-09-07,49.790000915527344,50.029998779296875,49.650001525878906,49.77000045776367,38.00910186767578,12437300,WFC
2016-09-08,49.810001373291016,49.9900016784668,49.560001373291016,49.900001525878906,38.108394622802734,14169200,WFC
2016-09-09,49.4900016784668,49.86000061035156,48.720001220703125,48.720001220703125,37.20722961425781,32147200,WFC
2016-09-12,48.369998931884766,48.63999938964844,47.97999954223633,48.540000915527344,37.069759368896484,35588400,WFC
2016-09-13,47.79999923706055,47.86000061035156,46.52000045776367,46.959999084472656,35.86311721801758,59000500,WFC
2016-09-14,47.08000183105469,47.58000183105469,46.5,46.52000045776367,35.5270881652832,44841700,WFC
2016-09-15,46.119998931884766,46.349998474121094,45.189998626708984,46.150001525878906,35.24452590942383,60827800,WFC
2016-09-16,45.70000076293945,45.869998931884766,45.25,45.43000030517578,34.69466018676758,51871400,WFC
2016-09-19,45.619998931884766,46.290000915527344,45.47999954223633,46.0099983215332,35.137611389160156,33562400,WFC
2016-09-20,47.150001525878906,47.20000076293945,46.119998931884766,46.560001373291016,35.557640075683594,51510400,WFC
2016-09-21,46.5099983215332,46.540000915527344,45.33000183105469,45.83000183105469,35.00013732910156,64530200,WFC
2016-09-22,45.83000183105469,46.119998931884766,45.369998931884766,45.720001220703125,34.91614532470703,36964400,WFC
2016-09-23,45.5,45.90999984741211,45.43000030517578,45.7400016784668,34.931419372558594,28710500,WFC
2016-09-26,45.369998931884766,45.5,44.650001525878906,44.880001068115234,34.27463912963867,30938000,WFC
2016-09-27,44.790000915527344,45.099998474121094,44.65999984741211,45.09000015258789,34.43500900268555,24359000,WFC
2016-09-28,45.36000061035156,45.47999954223633,44.959999084472656,45.310001373291016,34.60301971435547,28220300,WFC
2016-09-29,45.189998626708984,45.2599983215332,44.209999084472656,44.369998931884766,33.88515853881836,45266700,WFC
2016-09-30,44.33000183105469,44.72999954223633,44.099998474121094,44.279998779296875,33.81641387939453,54117700,WFC
2016-10-03,44.119998931884766,44.15999984741211,43.560001373291016,43.83000183105469,33.472747802734375,38197700,WFC
2016-10-04,43.619998931884766,44.09000015258789,43.54999923706055,43.75,33.41165542602539,44008300,WFC
2016-10-05,43.83000183105469,45.08000183105469,43.83000183105469,44.9900016784668,34.358638763427734,40459000,WFC
2016-10-06,45.18000030517578,45.38999938964844,44.83000183105469,45.18000030517578,34.503746032714844,29878200,WFC
2016-10-07,45.20000076293945,45.45000076293945,44.93000030517578,45.33000183105469,34.6182975769043,24893600,WFC
2016-10-10,45.70000076293945,45.91999816894531,45.439998626708984,45.650001525878906,34.86267852783203,21804900,WFC
2016-10-11,45.79999923706055,45.81999969482422,45.150001525878906,45.45000076293945,34.709938049316406,25442600,WFC
2016-10-12,45.5099983215332,45.83000183105469,45.31999969482422,45.31999969482422,34.61066818237305,21780500,WFC
2016-10-13,45.2400016784668,45.2400016784668,44.279998779296875,44.75,34.17535400390625,44174600,WFC
2016-10-14,45.16999816894531,45.52000045776367,44.31999969482422,44.709999084472656,34.14481735229492,45418600,WFC
2016-10-17,44.540000915527344,44.7599983215332,44.31999969482422,44.5,33.98442459106445,18861300,WFC
2016-10-18,44.75,45.0,44.40999984741211,44.95000076293945,34.32808303833008,23877600,WFC
2016-10-19,44.86000061035156,45.529998779296875,44.86000061035156,45.2599983215332,34.56483840942383,26977000,WFC
2016-10-20,44.970001220703125,45.290000915527344,44.65999984741211,44.93000030517578,34.31281280517578,27210600,WFC
2016-10-21,44.7400016784668,45.29999923706055,44.65999984741211,45.09000015258789,34.43500900268555,21490800,WFC
2016-10-24,45.45000076293945,45.68000030517578,45.290000915527344,45.52000045776367,34.763404846191406,19303800,WFC
2016-10-25,45.470001220703125,45.79999923706055,45.40999984741211,45.720001220703125,34.91614532470703,20402000,WFC
2016-10-26,45.459999084472656,46.16999816894531,45.439998626708984,46.150001525878906,35.24452590942383,25181900,WFC
2016-10-27,46.41999816894531,46.810001373291016,46.2599983215332,46.40999984741211,35.4431037902832,25661000,WFC
2016-10-28,46.56999969482422,46.63999938964844,45.880001068115234,46.22999954223633,35.30562210083008,20882000,WFC
2016-10-31,46.400001525878906,46.560001373291016,46.0,46.0099983215332,35.137611389160156,20115900,WFC
2016-11-01,46.119998931884766,46.279998779296875,45.599998474121094,45.9900016784668,35.12234115600586,20020200,WFC
2016-11-02,45.380001068115234,45.5099983215332,45.06999969482422,45.2400016784668,34.83742141723633,19566600,WFC
2016-11-03,45.33000183105469,45.790000915527344,45.25,45.34000015258789,34.91442108154297,14982700,WFC
2016-11-04,45.36000061035156,45.41999816894531,44.4900016784668,44.599998474121094,34.344581604003906,27391600,WFC
2016-11-07,45.220001220703125,45.689998626708984,45.209999084472656,45.400001525878906,34.96062469482422,25769400,WFC
2016-11-08,45.18000030517578,45.81999969482422,44.869998931884766,45.540000915527344,35.06843185424805,19462600,WFC
2016-11-09,46.33000183105469,48.61000061035156,46.0,47.9900016784668,36.95507049560547,67615000,WFC
2016-11-10,48.93000030517578,51.93000030517578,48.790000915527344,51.630001068115234,39.75808334350586,100988800,WFC
2016-11-11,51.09000015258789,51.9900016784668,50.72999954223633,51.72999954223633,39.835086822509766,46594900,WFC
2016-11-14,51.90999984741211,54.060001373291016,51.90999984741211,53.220001220703125,40.98247528076172,59154400,WFC
2016-11-15,52.380001068115234,52.59000015258789,51.540000915527344,52.59000015258789,40.497337341308594,39437900,WFC
2016-11-16,51.790000915527344,52.16999816894531,51.36000061035156,51.68000030517578,39.79658126831055,26996200,WFC
2016-11-17,51.38999938964844,52.900001525878906,50.959999084472656,52.4900016784668,40.42033004760742,29205900,WFC
2016-11-18,52.45000076293945,52.97999954223633,51.9900016784668,52.81999969482422,40.67444610595703,29673400,WFC
2016-11-21,52.849998474121094,52.97999954223633,52.02000045776367,52.119998931884766,40.13542175292969,23587200,WFC
2016-11-22,52.43000030517578,52.58000183105469,51.810001373291016,52.220001220703125,40.212425231933594,22816900,WFC
2016-11-23,52.45000076293945,52.630001068115234,51.95000076293945,52.15999984741211,40.16621780395508,19986800,WFC
2016-11-25,52.400001525878906,52.619998931884766,52.040000915527344,52.619998931884766,40.52044677734375,9635500,WFC
2016-11-28,52.119998931884766,52.47999954223633,51.38999938964844,51.58000183105469,39.71959686279297,26518500,WFC
2016-11-29,51.560001373291016,52.130001068115234,51.560001373291016,51.86000061035156,39.93518829345703,16267300,WFC
2016-11-30,52.47999954223633,53.15999984741211,52.29999923706055,52.91999816894531,40.751468658447266,26567200,WFC
2016-12-01,53.130001068115234,54.470001220703125,53.060001373291016,54.34000015258789,41.844947814941406,35623100,WFC
2016-12-02,54.2400016784668,54.27000045776367,53.310001373291016,53.58000183105469,41.25969696044922,21894700,WFC
2016-12-05,53.900001525878906,54.529998779296875,53.869998931884766,54.349998474121094,41.85264587402344,24793900,WFC
2016-12-06,54.45000076293945,55.56999969482422,54.220001220703125,55.54999923706055,42.77671813964844,30706700,WFC
2016-12-07,55.54999923706055,57.290000915527344,55.22999954223633,57.279998779296875,44.10891342163086,46617000,WFC
2016-12-08,57.290000915527344,58.02000045776367,56.709999084472656,57.290000915527344,44.11660385131836,39828600,WFC
2016-12-09,56.90999984741211,57.2400016784668,56.4900016784668,57.13999938964844,44.00110626220703,20331200,WFC
2016-12-12,56.5,57.099998474121094,55.54999923706055,55.779998779296875,42.95381164550781,27886200,WFC
2016-12-13,55.849998474121094,56.209999084472656,55.290000915527344,55.84000015258789,43.00003433227539,24355600,WFC
2016-12-14,54.7400016784668,55.619998931884766,54.029998779296875,54.70000076293945,42.122169494628906,54590600,WFC
2016-12-15,55.16999816894531,56.25,54.900001525878906,55.189998626708984,42.499488830566406,31345900,WFC
2016-12-16,55.4900016784668,55.650001525878906,54.91999816894531,55.34000015258789,42.61499786376953,33171800,WFC
2016-12-19,55.18000030517578,55.470001220703125,54.650001525878906,55.220001220703125,42.5225944519043,16801400,WFC
2016-12-20,55.470001220703125,56.31999969482422,55.150001525878906,56.099998474121094,43.200233459472656,19245300,WFC
2016-12-21,56.09000015258789,56.09000015258789,55.63999938964844,55.709999084472656,42.89992904663086,14058400,WFC
2016-12-22,55.7599983215332,56.029998779296875,55.5,55.75,42.93073272705078,14515500,WFC
2016-12-23,55.779998779296875,55.97999954223633,55.619998931884766,55.959999084472656,43.09242630004883,8313000,WFC
2016-12-27,55.900001525878906,56.099998474121094,55.84000015258789,55.95000076293945,43.084739685058594,8893900,WFC
2016-12-28,55.97999954223633,56.08000183105469,55.27000045776367,55.31999969482422,42.599586486816406,10609100,WFC
2016-12-29,55.189998626708984,55.459999084472656,54.47999954223633,54.84000015258789,42.22996520996094,15933500,WFC
2016-12-30,54.88999938964844,55.36000061035156,54.790000915527344,55.11000061035156,42.437889099121094,15095500,WFC
2017-01-03,55.66999816894531,56.349998474121094,55.459999084472656,56.0,43.123233795166016,22063800,WFC
2017-01-04,56.15999984741211,56.310001373291016,55.61000061035156,56.04999923706055,43.161746978759766,15036100,WFC
2017-01-05,55.4900016784668,55.81999969482422,54.47999954223633,55.18000030517578,42.491783142089844,18831600,WFC
2017-01-06,55.2599983215332,55.56999969482422,54.70000076293945,55.040000915527344,42.38398742675781,18715900,WFC
2017-01-09,54.68000030517578,54.810001373291016,54.18000030517578,54.2400016784668,41.767940521240234,21794100,WFC
2017-01-10,54.349998474121094,55.18000030517578,54.2599983215332,54.619998931884766,42.0605583190918,17978200,WFC
2017-01-11,54.599998474121094,54.79999923706055,53.720001220703125,54.79999923706055,42.199180603027344,21100600,WFC
2017-01-12,54.650001525878906,54.779998779296875,53.900001525878906,54.5,41.9681510925293,20566600,WFC
2017-01-13,55.11000061035156,56.20000076293945,54.650001525878906,55.310001373291016,42.59190368652344,37231600,WFC
2017-01-17,54.79999923706055,54.959999084472656,53.58000183105469,53.779998779296875,41.413700103759766,26974400,WFC
2017-01-18,53.779998779296875,54.290000915527344,53.34000015258789,54.27000045776367,41.791046142578125,21186700,WFC
2017-01-19,54.2400016784668,54.77000045776367,53.86000061035156,54.58000183105469,42.029762268066406,20906900,WFC
2017-01-20,54.75,55.11000061035156,54.619998931884766,55.06999969482422,42.4070930480957,24160800,WFC
2017-01-23,54.709999084472656,55.0,54.150001525878906,54.25,41.775630950927734,17227400,WFC
2017-01-24,54.36000061035156,55.06999969482422,54.130001068115234,54.70000076293945,42.122169494628906,18523300,WFC
2017-01-25,55.380001068115234,56.83000183105469,55.279998779296875,56.619998931884766,43.60068130493164,32252100,WFC
2017-01-26,56.61000061035156,57.33000183105469,56.59000015258789,57.18000030517578,44.03190994262695,23769800,WFC
2017-01-27,57.029998779296875,57.11000061035156,56.40999984741211,56.59000015258789,43.57756423950195,17186200,WFC
2017-01-30,56.119998931884766,56.31999969482422,55.75,56.08000183105469,43.18484115600586,15961400,WFC
2017-01-31,55.97999954223633,56.380001068115234,55.79999923706055,56.33000183105469,43.37736892700195,22409100,WFC
2017-02-01,56.540000915527344,57.06999969482422,55.77000045776367,55.90999984741211,43.34635543823242,21157700,WFC
2017-02-02,55.56999969482422,55.959999084472656,55.400001525878906,55.75,43.22230911254883,13044400,WFC
2017-02-03,56.880001068115234,57.290000915527344,56.43000030517578,57.27000045776367,44.40073776245117,19879800,WFC
2017-02-06,57.08000183105469,57.40999984741211,56.4900016784668,56.54999923706055,43.842533111572266,13940200,WFC
2017-02-07,56.86000061035156,57.189998626708984,56.27000045776367,56.34000015258789,43.679710388183594,14937400,WFC
2017-02-08,56.209999084472656,56.209999084472656,55.16999816894531,55.630001068115234,43.129276275634766,18592200,WFC
2017-02-09,55.630001068115234,56.77000045776367,55.630001068115234,56.72999954223633,43.982078552246094,15907800,WFC
2017-02-10,57.02000045776367,57.040000915527344,56.65999984741211,56.86000061035156,44.082862854003906,12268100,WFC
2017-02-13,57.06999969482422,57.5099983215332,56.88999938964844,57.08000183105469,44.25343704223633,15325300,WFC
2017-02-14,57.130001068115234,58.0,56.9900016784668,57.97999954223633,44.95119094848633,16382900,WFC
2017-02-15,58.099998474121094,59.0099983215332,57.88999938964844,58.54999923706055,45.393104553222656,25350400,WFC
2017-02-16,58.36000061035156,58.36000061035156,57.5099983215332,58.119998931884766,45.059730529785156,14694500,WFC
2017-02-17,57.58000183105469,58.099998474121094,57.45000076293945,58.09000015258789,45.036468505859375,15783200,WFC
2017-02-21,58.25,58.630001068115234,57.900001525878906,58.25,45.16051483154297,16916800,WFC
2017-02-22,58.0,58.59000015258789,58.0,58.36000061035156,45.24580383300781,12344200,WFC
2017-02-23,58.43000030517578,58.59000015258789,58.060001373291016,58.4900016784668,45.346580505371094,13841400,WFC
2017-02-24,57.70000076293945,57.90999984741211,57.31999969482422,57.810001373291016,44.81938934326172,16379100,WFC
2017-02-27,57.810001373291016,58.25,57.709999084472656,58.060001373291016,45.01321792602539,10101000,WFC
2017-02-28,57.9900016784668,58.31999969482422,57.72999954223633,57.880001068115234,44.87366485595703,15558900,WFC
2017-03-01,59.11000061035156,59.9900016784668,59.09000015258789,59.72999954223633,46.30794143676758,25912700,WFC
2017-03-02,59.779998779296875,59.790000915527344,58.56999969482422,58.709999084472656,45.51713943481445,17578600,WFC
2017-03-03,58.849998474121094,59.2400016784668,58.66999816894531,58.88999938964844,45.656700134277344,14740000,WFC
2017-03-06,58.540000915527344,58.880001068115234,58.18000030517578,58.61000061035156,45.43961715698242,13225500,WFC
2017-03-07,58.43000030517578,58.52000045776367,58.02000045776367,58.29999923706055,45.19927978515625,13099900,WFC
2017-03-08,58.95000076293945,59.130001068115234,58.16999816894531,58.209999084472656,45.12950897216797,14711300,WFC
2017-03-09,58.45000076293945,58.869998931884766,58.20000076293945,58.70000076293945,45.50939178466797,15721500,WFC
2017-03-10,58.97999954223633,59.18000030517578,58.52000045776367,58.849998474121094,45.62568664550781,15120200,WFC
2017-03-13,58.83000183105469,59.029998779296875,58.52000045776367,58.70000076293945,45.50939178466797,14063500,WFC
2017-03-14,58.4900016784668,58.810001373291016,58.25,58.7599983215332,45.55591583251953,10885000,WFC
2017-03-15,58.900001525878906,59.310001373291016,58.36000061035156,58.709999084472656,45.51713943481445,17777300,WFC
2017-03-16,58.86000061035156,59.40999984741211,58.7599983215332,59.31999969482422,45.990074157714844,18468200,WFC
2017-03-17,59.369998931884766,59.40999984741211,58.52000045776367,58.66999816894531,45.48612976074219,20985700,WFC
2017-03-20,58.470001220703125,58.470001220703125,57.619998931884766,57.630001068115234,44.67984390258789,17663200,WFC
2017-03-21,57.93000030517578,57.959999084472656,55.630001068115234,55.849998474121094,43.29981994628906,31766400,WFC
2017-03-22,55.529998779296875,55.56999969482422,54.849998474121094,55.33000183105469,42.89667510986328,27740900,WFC
2017-03-23,55.22999954223633,55.9900016784668,54.97999954223633,55.25,42.83465576171875,19000000,WFC
2017-03-24,55.5,56.04999923706055,55.220001220703125,55.83000183105469,43.284324645996094,21127500,WFC
2017-03-27,54.630001068115234,55.58000183105469,54.2400016784668,55.38999938964844,42.943199157714844,16854800,WFC
2017-03-28,55.349998474121094,56.25,55.2400016784668,55.959999084472656,43.385101318359375,14878900,WFC
2017-03-29,55.939998626708984,56.09000015258789,55.54999923706055,55.66999816894531,43.16027069091797,10329100,WFC
2017-03-30,55.68000030517578,56.43000030517578,55.61000061035156,56.2400016784668,43.6021842956543,12106500,WFC
2017-03-31,56.02000045776367,56.18000030517578,55.619998931884766,55.65999984741211,43.152523040771484,11864600,WFC
2017-04-03,55.70000076293945,55.81999969482422,54.790000915527344,55.4900016784668,43.02072525024414,14550700,WFC
2017-04-04,55.29999923706055,55.33000183105469,54.97999954223633,55.20000076293945,42.7958869934082,11937400,WFC
2017-04-05,55.790000915527344,56.20000076293945,54.93000030517578,54.97999954223633,42.62532424926758,17411700,WFC
2017-04-06,54.95000076293945,55.650001525878906,54.709999084472656,55.369998931884766,42.92768478393555,10387500,WFC
2017-04-07,54.939998626708984,55.310001373291016,54.61000061035156,54.84000015258789,42.516788482666016,15848800,WFC
2017-04-10,54.9900016784668,55.25,54.31999969482422,54.540000915527344,42.28419494628906,14607700,WFC
2017-04-11,54.22999954223633,54.2599983215332,53.27000045776367,54.15999984741211,41.98959732055664,28086800,WFC
2017-04-12,53.95000076293945,54.02000045776367,53.04999923706055,53.119998931884766,41.18328094482422,25601300,WFC
2017-04-13,51.79999923706055,52.75,51.349998474121094,51.349998474121094,39.8110237121582,47982000,WFC
2017-04-17,51.63999938964844,52.7599983215332,51.2599983215332,52.720001220703125,40.8731689453125,31959100,WFC
2017-04-18,52.36000061035156,52.66999816894531,52.09000015258789,52.45000076293945,40.663848876953125,22257500,WFC
2017-04-19,52.880001068115234,53.13999938964844,52.04999923706055,52.150001525878906,40.4312744140625,17414600,WFC
2017-04-20,52.720001220703125,53.59000015258789,52.43000030517578,53.5,41.4778938293457,31552900,WFC
2017-04-21,53.38999938964844,53.84000015258789,52.95000076293945,53.0,41.09025573730469,26177300,WFC
2017-04-24,54.150001525878906,54.34000015258789,53.59000015258789,53.650001525878906,41.59419250488281,23856700,WFC
2017-04-25,54.33000183105469,55.09000015258789,54.290000915527344,54.560001373291016,42.29970932006836,27061300,WFC
2017-04-26,54.599998474121094,55.06999969482422,54.36000061035156,54.540000915527344,42.28419494628906,15915500,WFC
2017-04-27,54.540000915527344,54.650001525878906,53.90999984741211,54.439998626708984,42.20667266845703,13978000,WFC
2017-04-28,54.33000183105469,54.58000183105469,53.72999954223633,53.84000015258789,41.74149703979492,16501900,WFC
2017-05-01,54.099998474121094,54.75,53.970001220703125,54.459999084472656,42.222171783447266,13915800,WFC
2017-05-02,54.459999084472656,54.61000061035156,54.060001373291016,54.540000915527344,42.28419494628906,15634900,WFC
2017-05-03,54.0099983215332,54.88999938964844,53.95000076293945,54.849998474121094,42.82290267944336,15737100,WFC
2017-05-04,55.27000045776367,55.599998474121094,54.869998931884766,55.18000030517578,43.080543518066406,17054100,WFC
2017-05-05,55.25,55.38999938964844,54.880001068115234,55.11000061035156,43.02589416503906,13078800,WFC
2017-05-08,55.119998931884766,55.290000915527344,54.75,55.040000915527344,42.971248626708984,14242800,WFC
2017-05-09,55.13999938964844,55.369998931884766,54.45000076293945,54.68000030517578,42.69017791748047,14402900,WFC
2017-05-10,54.43000030517578,54.90999984741211,54.36000061035156,54.720001220703125,42.72141647338867,15897200,WFC
2017-05-11,54.279998779296875,54.41999816894531,53.060001373291016,53.7400016784668,41.956295013427734,32200100,WFC
2017-05-12,53.29999923706055,53.31999969482422,52.540000915527344,53.02000045776367,41.39417266845703,29642300,WFC
2017-05-15,53.060001373291016,53.41999816894531,53.02000045776367,53.31999969482422,41.628379821777344,15245000,WFC
2017-05-16,53.400001525878906,53.439998626708984,52.95000076293945,53.2599983215332,41.58154296875,12650100,WFC
2017-05-17,53.2599983215332,53.2599983215332,51.650001525878906,52.2400016784668,40.78519821166992,33173100,WFC
2017-05-18,52.310001373291016,52.959999084472656,51.95000076293945,52.380001068115234,40.89451599121094,19790100,WFC
2017-05-19,52.56999969482422,53.34000015258789,52.38999938964844,53.060001373291016,41.42539596557617,16895000,WFC
2017-05-22,53.27000045776367,53.31999969482422,52.5,53.0099983215332,41.386356353759766,13947000,WFC
2017-05-23,53.0099983215332,53.560001373291016,52.849998474121094,53.38999938964844,41.68304443359375,11751700,WFC
2017-05-24,53.4900016784668,53.61000061035156,52.79999923706055,53.09000015258789,41.448829650878906,11304400,WFC
2017-05-25,53.25,53.25,52.56999969482422,52.779998779296875,41.206790924072266,16643800,WFC
2017-05-26,52.630001068115234,52.810001373291016,52.369998931884766,52.40999984741211,40.91792297363281,14247700,WFC
2017-05-30,52.15999984741211,52.5,51.900001525878906,52.15999984741211,40.722747802734375,19379700,WFC
2017-05-31,52.22999954223633,52.25,50.83000183105469,51.13999938964844,39.926395416259766,30519700,WFC
2017-06-01,51.529998779296875,52.209999084472656,51.060001373291016,52.08000183105469,40.66029357910156,21001800,WFC
2017-06-02,51.66999816894531,52.2400016784668,51.529998779296875,51.810001373291016,40.449493408203125,19477300,WFC
2017-06-05,51.709999084472656,52.18000030517578,51.66999816894531,51.720001220703125,40.379234313964844,13663800,WFC
2017-06-06,51.31999969482422,52.029998779296875,51.2400016784668,51.810001373291016,40.449493408203125,14887500,WFC
2017-06-07,51.84000015258789,52.310001373291016,51.70000076293945,52.09000015258789,40.66809844970703,17022400,WFC
2017-06-08,52.09000015258789,53.029998779296875,51.880001068115234,52.560001373291016,41.035037994384766,22644200,WFC
2017-06-09,52.86000061035156,53.95000076293945,52.79999923706055,53.79999923706055,42.00313186645508,25750000,WFC
2017-06-12,53.97999954223633,54.59000015258789,53.939998626708984,54.09000015258789,42.22953796386719,22791400,WFC
2017-06-13,54.349998474121094,54.689998626708984,54.279998779296875,54.45000076293945,42.510616302490234,17966000,WFC
2017-06-14,54.09000015258789,54.63999938964844,53.56999969482422,54.529998779296875,42.57305908203125,16575000,WFC
2017-06-15,54.040000915527344,54.45000076293945,53.810001373291016,53.900001525878906,42.08121871948242,17232300,WFC
2017-06-16,53.93000030517578,54.2400016784668,53.650001525878906,53.88999938964844,42.07339859008789,23492700,WFC
2017-06-19,54.310001373291016,54.63999938964844,54.119998931884766,54.2400016784668,42.346656799316406,15367300,WFC
2017-06-20,54.060001373291016,54.099998474121094,53.43000030517578,53.459999084472656,41.73769760131836,13622200,WFC
2017-06-21,53.470001220703125,53.47999954223633,52.79999923706055,52.97999954223633,41.362937927246094,12653700,WFC
2017-06-22,52.79999923706055,52.88999938964844,52.220001220703125,52.4900016784668,40.98038864135742,15362200,WFC
2017-06-23,52.70000076293945,52.83000183105469,52.31999969482422,52.45000076293945,40.94915008544922,21868500,WFC
2017-06-26,52.72999954223633,53.43000030517578,52.59000015258789,52.900001525878906,41.300479888916016,12532800,WFC
2017-06-27,53.02000045776367,53.65999984741211,52.90999984741211,53.15999984741211,41.50346755981445,13496300,WFC
2017-06-28,53.61000061035156,54.41999816894531,53.52000045776367,54.33000183105469,42.41693115234375,20961700,WFC
2017-06-29,55.650001525878906,56.599998474121094,55.209999084472656,55.779998779296875,43.548973083496094,32552100,WFC
2017-06-30,56.029998779296875,56.04999923706055,55.15999984741211,55.40999984741211,43.2601203918457,16750700,WFC
2017-07-03,55.810001373291016,56.45000076293945,55.709999084472656,55.779998779296875,43.548973083496094,11825000,WFC
2017-07-05,55.970001220703125,56.02000045776367,55.34000015258789,55.779998779296875,43.548973083496094,14086900,WFC
2017-07-06,55.97999954223633,56.31999969482422,55.5,55.560001373291016,43.377220153808594,14481200,WFC
2017-07-07,55.779998779296875,55.83000183105469,55.25,55.7400016784668,43.517757415771484,11503500,WFC
2017-07-10,55.529998779296875,55.810001373291016,55.34000015258789,55.59000015258789,43.40062713623047,10979000,WFC
2017-07-11,55.65999984741211,55.709999084472656,54.81999969482422,55.040000915527344,42.971248626708984,14842700,WFC
2017-07-12,54.93000030517578,55.2400016784668,54.599998474121094,55.16999816894531,43.07273483276367,11951500,WFC
2017-07-13,55.2599983215332,55.66999816894531,55.060001373291016,55.599998474121094,43.40845489501953,14201800,WFC
2017-07-14,54.310001373291016,55.20000076293945,54.119998931884766,54.9900016784668,42.932212829589844,17949600,WFC
2017-07-17,54.900001525878906,54.97999954223633,54.439998626708984,54.709999084472656,42.713600158691406,14953600,WFC
2017-07-18,54.310001373291016,54.91999816894531,54.22999954223633,54.79999923706055,42.78385925292969,13603300,WFC
2017-07-19,54.79999923706055,55.209999084472656,54.689998626708984,54.939998626708984,42.89316940307617,12366200,WFC
2017-07-20,54.959999084472656,55.310001373291016,54.68000030517578,54.880001068115234,42.846336364746094,15123500,WFC
2017-07-21,54.43000030517578,54.619998931884766,54.099998474121094,54.16999816894531,42.291996002197266,17384500,WFC
2017-07-24,54.099998474121094,54.40999984741211,54.040000915527344,54.27000045776367,42.37009048461914,18489900,WFC
2017-07-25,55.0,55.40999984741211,54.90999984741211,55.060001373291016,42.98686218261719,20167800,WFC
2017-07-26,55.31999969482422,55.33000183105469,54.810001373291016,54.90999984741211,42.869747161865234,19686900,WFC
2017-07-27,54.86000061035156,54.959999084472656,54.38999938964844,54.709999084472656,42.713600158691406,17352600,WFC
2017-07-28,54.29999923706055,54.56999969482422,53.18000030517578,53.29999923706055,41.61277389526367,32590600,WFC
2017-07-31,53.41999816894531,54.220001220703125,53.400001525878906,53.939998626708984,42.1124382019043,20378100,WFC
2017-08-01,54.22999954223633,54.38999938964844,53.849998474121094,54.08000183105469,42.22173309326172,19350300,WFC
2017-08-02,53.540000915527344,53.959999084472656,53.45000076293945,53.619998931884766,42.16670227050781,19422100,WFC
2017-08-03,53.5,53.65999984741211,53.34000015258789,53.400001525878906,41.993690490722656,19374700,WFC
2017-08-04,53.66999816894531,53.70000076293945,51.90999984741211,52.84000015258789,41.55329895019531,44664600,WFC
2017-08-07,52.72999954223633,52.95000076293945,52.43000030517578,52.540000915527344,41.31739044189453,22673700,WFC
2017-08-08,52.31999969482422,53.29999923706055,52.220001220703125,52.709999084472656,41.45106506347656,24877800,WFC
2017-08-09,52.279998779296875,52.810001373291016,52.13999938964844,52.790000915527344,41.51398468017578,14631600,WFC
2017-08-10,52.38999938964844,52.720001220703125,51.91999816894531,51.95000076293945,40.85341262817383,18373000,WFC
2017-08-11,51.83000183105469,52.209999084472656,51.7400016784668,51.939998626708984,40.845542907714844,14714500,WFC
2017-08-14,52.369998931884766,53.09000015258789,52.34000015258789,52.84000015258789,41.55329895019531,16313200,WFC
2017-08-15,53.20000076293945,53.36000061035156,52.83000183105469,52.849998474121094,41.561161041259766,11028100,WFC
2017-08-16,53.0099983215332,53.209999084472656,52.459999084472656,52.689998626708984,41.43534469604492,11224400,WFC
2017-08-17,52.470001220703125,52.630001068115234,51.790000915527344,51.79999923706055,40.73543930053711,16814300,WFC
2017-08-18,51.630001068115234,52.13999938964844,51.380001068115234,51.68000030517578,40.64108657836914,17130600,WFC
2017-08-21,51.7400016784668,51.90999984741211,51.400001525878906,51.81999969482422,40.751182556152344,13503100,WFC
2017-08-22,51.95000076293945,52.27000045776367,51.91999816894531,52.220001220703125,41.065738677978516,12984100,WFC
2017-08-23,51.83000183105469,52.47999954223633,51.79999923706055,52.029998779296875,40.91632843017578,10019500,WFC
2017-08-24,52.189998626708984,52.529998779296875,52.040000915527344,52.15999984741211,41.018550872802734,12345000,WFC
2017-08-25,52.27000045776367,52.56999969482422,51.7599983215332,51.77000045776367,40.711856842041016,15307800,WFC
2017-08-28,51.95000076293945,52.02000045776367,51.41999816894531,51.630001068115234,40.60175704956055,12425900,WFC
2017-08-29,51.209999084472656,51.5,51.130001068115234,51.41999816894531,40.436607360839844,10715500,WFC
2017-08-30,51.459999084472656,51.7400016784668,51.20000076293945,51.36000061035156,40.38944625854492,11427500,WFC
2017-08-31,51.0,51.2400016784668,50.869998931884766,51.06999969482422,40.161373138427734,25231100,WFC
2017-09-01,51.060001373291016,51.4900016784668,50.93000030517578,50.970001220703125,40.08272933959961,16217700,WFC
2017-09-05,50.630001068115234,50.66999816894531,49.7599983215332,50.099998474121094,39.3985595703125,31251300,WFC
2017-09-06,50.25,50.27000045776367,49.560001373291016,49.880001068115234,39.22557067871094,26854000,WFC
2017-09-07,49.939998626708984,49.939998626708984,49.27000045776367,49.68000030517578,39.06828689575195,23367300,WFC
2017-09-08,49.61000061035156,49.97999954223633,49.43000030517578,49.58000183105469,38.98965072631836,18975700,WFC
2017-09-11,50.0,50.79999923706055,49.939998626708984,50.65999984741211,39.83895492553711,17987100,WFC
2017-09-12,50.849998474121094,51.72999954223633,50.84000015258789,51.56999969482422,40.554588317871094,17129500,WFC
2017-09-13,51.38999938964844,51.5099983215332,51.18000030517578,51.459999084472656,40.46807098388672,12617300,WFC
2017-09-14,51.540000915527344,51.720001220703125,51.08000183105469,51.290000915527344,40.334388732910156,13739400,WFC
2017-09-15,51.279998779296875,51.68000030517578,51.25,51.65999984741211,40.6253547668457,28494300,WFC
2017-09-18,51.66999816894531,52.84000015258789,51.61000061035156,52.709999084472656,41.45106506347656,20943400,WFC
2017-09-19,52.720001220703125,53.59000015258789,52.529998779296875,53.36000061035156,41.96222686767578,17047000,WFC
2017-09-20,53.38999938964844,54.11000061035156,53.279998779296875,53.75,42.268924713134766,21560400,WFC
2017-09-21,53.54999923706055,54.2400016784668,53.52000045776367,54.060001373291016,42.5127067565918,16210900,WFC
2017-09-22,53.91999816894531,54.36000061035156,53.75,54.25,42.6621208190918,18047800,WFC
2017-09-25,54.06999969482422,54.33000183105469,53.54999923706055,54.029998779296875,42.489112854003906,11595900,WFC
2017-09-26,54.099998474121094,54.279998779296875,53.7599983215332,53.79999923706055,42.308250427246094,12052500,WFC
2017-09-27,54.470001220703125,54.529998779296875,54.060001373291016,54.209999084472656,42.63067626953125,15840800,WFC
2017-09-28,54.290000915527344,54.33000183105469,53.7400016784668,54.25,42.6621208190918,14531700,WFC
2017-09-29,54.25,55.22999954223633,54.09000015258789,55.150001525878906,43.36988830566406,20872300,WFC
2017-10-02,55.15999984741211,55.470001220703125,54.86000061035156,55.470001220703125,43.62153625488281,11764400,WFC
2017-10-03,55.33000183105469,55.619998931884766,54.849998474121094,55.58000183105469,43.70804214477539,17405100,WFC
2017-10-04,55.310001373291016,55.349998474121094,54.900001525878906,54.959999084472656,43.22047805786133,14697800,WFC
2017-10-05,55.0,55.77000045776367,54.779998779296875,55.38999938964844,43.558616638183594,14560700,WFC
2017-10-06,55.47999954223633,55.68000030517578,55.220001220703125,55.58000183105469,43.70804214477539,11151200,WFC
2017-10-09,55.619998931884766,55.70000076293945,54.91999816894531,55.13999938964844,43.36200714111328,11377000,WFC
2017-10-10,55.369998931884766,55.720001220703125,55.150001525878906,55.61000061035156,43.731632232666016,12800500,WFC
2017-10-11,55.439998626708984,55.709999084472656,55.2599983215332,55.65999984741211,43.77094650268555,12843100,WFC
2017-10-12,55.689998626708984,55.709999084472656,55.060001373291016,55.209999084472656,43.41706085205078,15067500,WFC
2017-10-13,53.4900016784668,53.709999084472656,52.84000015258789,53.689998626708984,42.22172927856445,35310000,WFC
2017-10-16,53.650001525878906,53.970001220703125,53.41999816894531,53.79999923706055,42.308250427246094,22802400,WFC
2017-10-17,53.97999954223633,54.0,53.119998931884766,53.189998626708984,41.82854461669922,18614700,WFC
2017-10-18,53.40999984741211,54.06999969482422,53.31999969482422,53.40999984741211,42.00156021118164,21604000,WFC
2017-10-19,53.11000061035156,53.93000030517578,53.0,53.75,42.268924713134766,12669700,WFC
2017-10-20,54.209999084472656,55.06999969482422,54.040000915527344,54.91999816894531,43.18901062011719,28407700,WFC
2017-10-23,54.75,55.040000915527344,54.70000076293945,54.90999984741211,43.18115234375,18102100,WFC
2017-10-24,55.0,55.560001373291016,55.0,55.41999816894531,43.58220672607422,18779400,WFC
2017-10-25,55.4900016784668,55.58000183105469,54.869998931884766,55.25,43.44852066040039,17096900,WFC
2017-10-26,55.45000076293945,56.16999816894531,55.45000076293945,55.619998931884766,43.7394905090332,15979200,WFC
2017-10-27,55.22999954223633,56.040000915527344,55.130001068115234,55.869998931884766,43.93608856201172,17258600,WFC
2017-10-30,55.45000076293945,55.959999084472656,55.310001373291016,55.849998474121094,43.92035675048828,12249200,WFC
2017-10-31,55.95000076293945,56.52000045776367,55.900001525878906,56.13999938964844,44.148414611816406,14619200,WFC
2017-11-01,56.31999969482422,56.84000015258789,56.189998626708984,56.209999084472656,44.20347213745117,11678300,WFC
2017-11-02,55.79999923706055,56.52000045776367,55.349998474121094,56.47999954223633,44.72611618041992,15630000,WFC
2017-11-03,56.25,56.439998626708984,55.900001525878906,56.349998474121094,44.623172760009766,10049200,WFC
2017-11-06,56.099998474121094,56.43000030517578,56.0,56.18000030517578,44.48854064941406,10414900,WFC
2017-11-07,56.16999816894531,56.290000915527344,54.66999816894531,55.04999923706055,43.59370803833008,18679100,WFC
2017-11-08,54.79999923706055,54.9900016784668,54.04999923706055,54.2599983215332,42.96811294555664,24047100,WFC
2017-11-09,53.900001525878906,54.189998626708984,53.209999084472656,54.0,42.76222229003906,24438800,WFC
2017-11-10,54.02000045776367,54.130001068115234,53.790000915527344,53.810001373291016,42.611759185791016,13671700,WFC
2017-11-13,53.52000045776367,53.90999984741211,53.40999984741211,53.720001220703125,42.540496826171875,13447000,WFC
2017-11-14,53.52000045776367,54.099998474121094,53.31999969482422,54.040000915527344,42.79389572143555,20830100,WFC
2017-11-15,53.630001068115234,54.119998931884766,53.4900016784668,53.75,42.56426239013672,18238600,WFC
2017-11-16,53.95000076293945,54.86000061035156,53.86000061035156,54.599998474121094,43.237361907958984,26361800,WFC
2017-11-17,54.209999084472656,54.459999084472656,53.970001220703125,54.150001525878906,42.88101577758789,15814800,WFC
2017-11-20,54.119998931884766,54.209999084472656,53.849998474121094,54.04999923706055,42.80181121826172,16943100,WFC
2017-11-21,54.08000183105469,54.58000183105469,53.9900016784668,54.52000045776367,43.174007415771484,13757000,WFC
2017-11-22,54.459999084472656,54.619998931884766,54.029998779296875,54.060001373291016,42.809730529785156,11421700,WFC
2017-11-24,54.189998626708984,54.310001373291016,54.0,54.09000015258789,42.833492279052734,5386500,WFC
2017-11-27,54.02000045776367,54.459999084472656,53.86000061035156,53.95000076293945,42.722633361816406,11066800,WFC
2017-11-28,53.869998931884766,55.88999938964844,53.720001220703125,55.56999969482422,44.005496978759766,25685200,WFC
2017-11-29,55.84000015258789,57.25,55.70000076293945,56.68000030517578,44.88448715209961,29631800,WFC
2017-11-30,57.029998779296875,57.33000183105469,56.380001068115234,56.470001220703125,44.71819305419922,30984400,WFC
2017-12-01,56.56999969482422,57.18000030517578,55.439998626708984,56.20000076293945,44.504390716552734,31242400,WFC
2017-12-04,57.27000045776367,57.9900016784668,57.20000076293945,57.38999938964844,45.44675064086914,28720400,WFC
2017-12-05,58.65999984741211,59.40999984741211,57.439998626708984,58.54999923706055,46.36534118652344,39754900,WFC
2017-12-06,58.68000030517578,59.099998474121094,58.119998931884766,58.56999969482422,46.38117218017578,26758300,WFC
2017-12-07,58.45000076293945,60.0,58.290000915527344,59.36000061035156,47.00676727294922,32990600,WFC
2017-12-08,59.310001373291016,59.91999816894531,59.150001525878906,59.310001373291016,46.967185974121094,22017100,WFC
2017-12-11,58.959999084472656,59.29999923706055,58.619998931884766,58.869998931884766,46.618743896484375,15876600,WFC
2017-12-12,58.709999084472656,60.560001373291016,58.709999084472656,60.33000183105469,47.774906158447266,25040400,WFC
2017-12-13,60.310001373291016,60.5,59.380001068115234,59.400001525878906,47.038448333740234,18227000,WFC
2017-12-14,59.54999923706055,59.9900016784668,59.209999084472656,59.220001220703125,46.89590835571289,14731000,WFC
2017-12-15,59.45000076293945,60.650001525878906,59.349998474121094,59.869998931884766,47.4106330871582,36467500,WFC
2017-12-18,60.439998626708984,61.130001068115234,60.369998931884766,60.91999816894531,48.24211883544922,19970900,WFC
2017-12-19,61.20000076293945,61.27000045776367,60.279998779296875,60.36000061035156,47.79866409301758,17062700,WFC
2017-12-20,60.880001068115234,61.06999969482422,60.060001373291016,60.13999938964844,47.624454498291016,16544500,WFC
2017-12-21,60.68000030517578,62.119998931884766,60.68000030517578,61.61000061035156,48.78852844238281,22130700,WFC
2017-12-22,62.0,62.2400016784668,61.189998626708984,61.54999923706055,48.741024017333984,11653200,WFC
2017-12-26,61.5,61.720001220703125,60.79999923706055,61.130001068115234,48.408424377441406,11662800,WFC
2017-12-27,61.099998474121094,61.2400016784668,60.65999984741211,60.95000076293945,48.26588821411133,10010800,WFC
2017-12-28,61.029998779296875,61.310001373291016,60.90999984741211,61.29999923706055,48.54303741455078,10550900,WFC
2017-12-29,61.459999084472656,61.58000183105469,60.66999816894531,60.66999816894531,48.04414367675781,10711400,WFC
2018-01-02,61.040000915527344,61.36000061035156,60.70000076293945,61.09000015258789,48.376747131347656,13819300,WFC
2018-01-03,61.220001220703125,61.77000045776367,61.099998474121094,61.560001373291016,48.748931884765625,14203700,WFC
2018-01-04,61.97999954223633,63.04999923706055,61.90999984741211,62.33000183105469,49.35869216918945,18740500,WFC
2018-01-05,62.7599983215332,62.810001373291016,62.09000015258789,62.75,49.691280364990234,14217900,WFC
2018-01-08,62.65999984741211,62.72999954223633,61.939998626708984,62.040000915527344,49.12904739379883,15569400,WFC
2018-01-09,62.29999923706055,62.77000045776367,62.06999969482422,62.2599983215332,49.30325698852539,15766500,WFC
2018-01-10,62.47999954223633,63.400001525878906,62.36000061035156,63.119998931884766,49.98428726196289,18107500,WFC
2018-01-11,63.650001525878906,63.66999816894531,62.689998626708984,63.0099983215332,49.89718246459961,22075000,WFC
2018-01-12,63.20000076293945,63.400001525878906,62.04999923706055,62.54999923706055,49.53290939331055,25886100,WFC
2018-01-16,62.790000915527344,63.150001525878906,62.18000030517578,62.5,49.49330520629883,17907800,WFC
2018-01-17,62.849998474121094,64.04000091552734,62.4900016784668,63.880001068115234,50.586124420166016,23892900,WFC
2018-01-18,63.869998931884766,64.30999755859375,63.86000061035156,63.95000076293945,50.64154815673828,16305900,WFC
2018-01-19,64.1500015258789,64.26000213623047,63.83000183105469,64.22000122070312,50.855369567871094,16524000,WFC
2018-01-22,64.0,64.75,63.970001220703125,64.7300033569336,51.25924301147461,12245200,WFC
2018-01-23,64.30999755859375,64.8499984741211,64.22000122070312,64.48999786376953,51.069175720214844,12937100,WFC
2018-01-24,64.94999694824219,65.62999725341797,64.80000305175781,65.4800033569336,51.8531494140625,20180300,WFC
2018-01-25,65.69999694824219,65.8499984741211,65.4000015258789,65.6500015258789,51.98777389526367,17568700,WFC
2018-01-26,65.88999938964844,66.04000091552734,65.25,65.93000030517578,52.20950698852539,16251900,WFC
2018-01-29,65.77999877929688,66.30999755859375,65.66000366210938,65.81999969482422,52.12239074707031,16105200,WFC
2018-01-30,65.43000030517578,65.93000030517578,65.27999877929688,65.27999877929688,51.69477462768555,16158900,WFC
2018-01-31,65.2699966430664,66.0999984741211,65.16000366210938,65.77999877929688,52.090721130371094,18147900,WFC
2018-02-01,65.37000274658203,66.08999633789062,65.05999755859375,65.51000213623047,52.18632125854492,15717600,WFC
2018-02-02,65.33000183105469,65.52999877929688,63.83000183105469,64.06999969482422,51.03919219970703,18905300,WFC
2018-02-05,58.70000076293945,59.88999938964844,57.5,58.15999984741211,46.33119201660156,103394400,WFC
2018-02-06,56.90999984741211,58.5,55.869998931884766,57.279998779296875,45.63016891479492,83076900,WFC
2018-02-07,56.939998626708984,58.119998931884766,56.75,57.540000915527344,45.83728790283203,45551000,WFC
2018-02-08,57.33000183105469,57.439998626708984,55.349998474121094,55.400001525878906,44.13252258300781,43569700,WFC
2018-02-09,56.13999938964844,56.540000915527344,54.720001220703125,56.130001068115234,44.71405029296875,48904600,WFC
2018-02-12,56.36000061035156,57.119998931884766,55.880001068115234,56.5,45.00880813598633,24401300,WFC
2018-02-13,56.060001373291016,58.09000015258789,55.95000076293945,58.0,46.20372772216797,24234200,WFC
2018-02-14,57.849998474121094,59.599998474121094,57.79999923706055,59.54999923706055,47.4384765625,23681800,WFC
2018-02-15,59.81999969482422,60.099998474121094,59.150001525878906,60.02000045776367,47.81290054321289,22397300,WFC
2018-02-16,59.66999816894531,60.43000030517578,59.66999816894531,59.95000076293945,47.75712966918945,18661900,WFC
2018-02-20,59.86000061035156,61.27000045776367,59.779998779296875,59.95000076293945,47.75712966918945,18517600,WFC
2018-02-21,59.86000061035156,60.4900016784668,59.72999954223633,59.72999954223633,47.581878662109375,19987800,WFC
2018-02-22,59.880001068115234,60.16999816894531,58.68000030517578,58.810001373291016,46.8489990234375,17948600,WFC
2018-02-23,59.06999969482422,59.2400016784668,58.349998474121094,59.16999816894531,47.135765075683594,21099200,WFC
2018-02-26,59.75,60.0,58.95000076293945,59.970001220703125,47.77305221557617,16478300,WFC
2018-02-27,60.029998779296875,60.47999954223633,59.209999084472656,59.209999084472656,47.16762161254883,17024400,WFC
2018-02-28,59.470001220703125,59.81999969482422,58.31999969482422,58.40999984741211,46.53034591674805,17869100,WFC
2018-03-01,58.25,58.939998626708984,57.060001373291016,57.310001373291016,45.65406799316406,28491000,WFC
2018-03-02,56.91999816894531,57.619998931884766,56.41999816894531,57.40999984741211,45.73373794555664,22428500,WFC
2018-03-05,56.810001373291016,57.970001220703125,56.59000015258789,57.59000015258789,45.87712097167969,20560900,WFC
2018-03-06,57.709999084472656,57.869998931884766,56.63999938964844,57.06999969482422,45.4628791809082,23975900,WFC
2018-03-07,56.400001525878906,56.7400016784668,56.0099983215332,56.599998474121094,45.08846664428711,24788700,WFC
2018-03-08,56.75,57.02000045776367,56.22999954223633,56.720001220703125,45.1840705871582,16828400,WFC
2018-03-09,57.15999984741211,58.27000045776367,57.0,58.22999954223633,46.386962890625,19051500,WFC
2018-03-12,58.27000045776367,58.560001373291016,57.959999084472656,58.02000045776367,46.21967697143555,12414800,WFC
2018-03-13,58.38999938964844,58.41999816894531,57.41999816894531,57.560001373291016,45.85322570800781,13810600,WFC
2018-03-14,57.86000061035156,57.900001525878906,56.45000076293945,56.630001068115234,45.112369537353516,12212900,WFC
2018-03-15,56.77000045776367,57.119998931884766,56.2400016784668,56.83000183105469,45.271697998046875,13277700,WFC
2018-03-16,56.9900016784668,57.16999816894531,55.869998931884766,55.900001525878906,44.530845642089844,37095000,WFC
2018-03-19,55.880001068115234,55.9900016784668,54.970001220703125,55.47999954223633,44.196250915527344,17982200,WFC
2018-03-20,55.77000045776367,55.88999938964844,54.65999984741211,54.900001525878906,43.73423385620117,26874600,WFC
2018-03-21,55.02000045776367,55.58000183105469,54.540000915527344,54.790000915527344,43.64659881591797,18997300,WFC
2018-03-22,54.209999084472656,54.279998779296875,52.18000030517578,52.529998779296875,41.84624099731445,32656300,WFC
2018-03-23,52.720001220703125,52.75,50.939998626708984,50.97999954223633,40.61147689819336,30975800,WFC
2018-03-26,51.95000076293945,52.54999923706055,51.52000045776367,52.290000915527344,41.65505599975586,26718000,WFC
2018-03-27,52.400001525878906,52.79999923706055,50.689998626708984,51.099998474121094,40.70708084106445,23669300,WFC
2018-03-28,51.15999984741211,51.93000030517578,50.95000076293945,51.47999954223633,41.009788513183594,23342500,WFC
2018-03-29,52.060001373291016,52.75,51.720001220703125,52.40999984741211,41.75065231323242,17706800,WFC
2018-04-02,52.369998931884766,52.400001525878906,50.41999816894531,51.349998474121094,40.90623092651367,23359800,WFC
2018-04-03,51.720001220703125,52.189998626708984,51.060001373291016,52.08000183105469,41.48777389526367,16646400,WFC
2018-04-04,51.130001068115234,53.040000915527344,51.0099983215332,52.90999984741211,42.14896011352539,15952700,WFC
2018-04-05,53.34000015258789,53.959999084472656,53.04999923706055,53.2599983215332,42.42776870727539,16488800,WFC
2018-04-06,52.650001525878906,52.91999816894531,51.959999084472656,52.22999954223633,41.60725021362305,22943800,WFC
2018-04-09,52.5,53.33000183105469,52.15999984741211,52.25,41.62318801879883,17032000,WFC
2018-04-10,52.9900016784668,53.060001373291016,52.119998931884766,52.619998931884766,41.91793441772461,14594700,WFC
2018-04-11,52.31999969482422,52.470001220703125,51.720001220703125,51.93000030517578,41.36826705932617,14673200,WFC
2018-04-12,52.15999984741211,53.27000045776367,52.029998779296875,52.70000076293945,41.981658935546875,19967800,WFC
2018-04-13,52.0099983215332,52.29999923706055,50.810001373291016,50.88999938964844,40.53978729248047,32054900,WFC
2018-04-16,50.59000015258789,51.34000015258789,50.310001373291016,50.79999923706055,40.468082427978516,31879100,WFC
2018-04-17,50.95000076293945,51.15999984741211,50.4900016784668,50.56999969482422,40.284873962402344,25507100,WFC
2018-04-18,50.779998779296875,50.970001220703125,50.2599983215332,50.38999938964844,40.141483306884766,21055700,WFC
2018-04-19,50.5099983215332,51.61000061035156,50.4900016784668,51.540000915527344,41.057586669921875,23678400,WFC
2018-04-20,51.93000030517578,52.81999969482422,51.81999969482422,52.560001373291016,41.870140075683594,31149300,WFC
2018-04-23,52.54999923706055,52.84000015258789,52.18000030517578,52.61000061035156,41.90996551513672,17723900,WFC
2018-04-24,52.95000076293945,53.75,52.18000030517578,52.5099983215332,41.83030700683594,23052100,WFC
2018-04-25,52.439998626708984,53.4900016784668,51.93000030517578,53.11000061035156,42.308284759521484,20978500,WFC
2018-04-26,52.9900016784668,53.11000061035156,52.2599983215332,52.439998626708984,41.7745475769043,17025800,WFC
2018-04-27,52.279998779296875,52.939998626708984,52.209999084472656,52.36000061035156,41.710811614990234,12304300,WFC
2018-04-30,52.560001373291016,53.04999923706055,51.959999084472656,51.959999084472656,41.39216613769531,17050500,WFC
2018-05-01,51.7599983215332,52.599998474121094,51.599998474121094,52.560001373291016,41.870140075683594,13903800,WFC
2018-05-02,52.380001068115234,52.869998931884766,52.060001373291016,52.189998626708984,41.57538604736328,16397200,WFC
2018-05-03,51.619998931884766,51.790000915527344,50.810001373291016,51.540000915527344,41.36670684814453,19216100,WFC
2018-05-04,51.16999816894531,52.900001525878906,51.06999969482422,52.40999984741211,42.06499481201172,16660500,WFC
2018-05-07,52.970001220703125,52.9900016784668,52.380001068115234,52.65999984741211,42.26563262939453,16259100,WFC
2018-05-08,52.720001220703125,53.709999084472656,52.630001068115234,53.189998626708984,42.69102478027344,20786200,WFC
2018-05-09,53.45000076293945,53.97999954223633,53.349998474121094,53.7599983215332,43.14852523803711,16286700,WFC
2018-05-10,54.130001068115234,54.72999954223633,53.630001068115234,54.650001525878906,43.862850189208984,20699000,WFC
2018-05-11,54.689998626708984,54.93000030517578,54.27000045776367,54.45000076293945,43.70231628417969,14424000,WFC
2018-05-14,54.779998779296875,54.81999969482422,54.33000183105469,54.47999954223633,43.72639846801758,12809100,WFC
2018-05-15,54.43000030517578,55.279998779296875,54.380001068115234,54.75,43.94309616088867,14991100,WFC
2018-05-16,54.70000076293945,55.31999969482422,54.560001373291016,55.040000915527344,44.17586135864258,16450200,WFC
2018-05-17,54.400001525878906,54.66999816894531,54.029998779296875,54.220001220703125,43.51771545410156,21622400,WFC
2018-05-18,54.150001525878906,54.41999816894531,53.689998626708984,53.70000076293945,43.1003532409668,21492700,WFC
2018-05-21,54.08000183105469,54.630001068115234,54.06999969482422,54.540000915527344,43.7745475769043,11491400,WFC
2018-05-22,54.630001068115234,55.650001525878906,54.439998626708984,55.2599983215332,44.35244369506836,17398200,WFC
2018-05-23,55.029998779296875,56.18000030517578,54.630001068115234,56.18000030517578,45.0908317565918,23566100,WFC
2018-05-24,55.869998931884766,55.900001525878906,54.439998626708984,54.66999816894531,43.87889862060547,24673400,WFC
2018-05-25,54.599998474121094,54.9900016784668,54.529998779296875,54.900001525878906,44.063499450683594,17741900,WFC
2018-05-29,54.040000915527344,54.2599983215332,52.63999938964844,52.95000076293945,42.4984016418457,31604000,WFC
2018-05-30,53.65999984741211,54.439998626708984,53.380001068115234,54.22999954223633,43.52574157714844,16416200,WFC
2018-05-31,54.209999084472656,54.380001068115234,53.79999923706055,53.9900016784668,43.33311462402344,17515900,WFC
2018-06-01,54.560001373291016,55.02000045776367,54.279998779296875,54.689998626708984,43.894935607910156,14100200,WFC
2018-06-04,54.790000915527344,55.16999816894531,54.599998474121094,54.83000183105469,44.00730514526367,10593700,WFC
2018-06-05,54.61000061035156,54.93000030517578,54.290000915527344,54.5,43.74245071411133,11883900,WFC
2018-06-06,54.720001220703125,55.630001068115234,54.65999984741211,55.58000183105469,44.609275817871094,15848200,WFC
2018-06-07,55.77000045776367,55.9900016784668,55.25,55.630001068115234,44.6494026184082,17299600,WFC
2018-06-08,55.560001373291016,55.77000045776367,54.97999954223633,55.68000030517578,44.689537048339844,12965900,WFC
2018-06-11,55.790000915527344,56.11000061035156,55.5,55.5099983215332,44.55308151245117,13518400,WFC
2018-06-12,55.63999938964844,55.95000076293945,55.09000015258789,55.380001068115234,44.44874572753906,13608300,WFC
2018-06-13,55.38999938964844,55.93000030517578,55.13999938964844,55.15999984741211,44.272178649902344,14901100,WFC
2018-06-14,55.33000183105469,55.349998474121094,54.47999954223633,54.7400016784668,43.93507385253906,18189100,WFC
2018-06-15,54.54999923706055,55.369998931884766,54.380001068115234,54.97999954223633,44.12770080566406,35715800,WFC
2018-06-18,54.5099983215332,55.22999954223633,54.43000030517578,55.08000183105469,44.20795822143555,17856700,WFC
2018-06-19,54.68000030517578,55.22999954223633,54.599998474121094,55.08000183105469,44.20795822143555,16654800,WFC
2018-06-20,55.459999084472656,55.59000015258789,54.439998626708984,54.47999954223633,43.72639846801758,16545600,WFC
2018-06-21,54.25,54.7599983215332,53.880001068115234,54.369998931884766,43.63810729980469,21191600,WFC
2018-06-22,54.959999084472656,55.04999923706055,53.779998779296875,53.939998626708984,43.29298400878906,24015000,WFC
2018-06-25,53.779998779296875,54.13999938964844,53.099998474121094,53.959999084472656,43.30903625488281,21069600,WFC
2018-06-26,53.900001525878906,53.939998626708984,53.02000045776367,53.43000030517578,42.88365173339844,14409100,WFC
2018-06-27,53.2400016784668,53.939998626708984,53.060001373291016,53.279998779296875,42.76325988769531,19520900,WFC
2018-06-28,53.54999923706055,53.86000061035156,53.02000045776367,53.630001068115234,43.04417037963867,13837300,WFC
2018-06-29,55.619998931884766,57.119998931884766,55.40999984741211,55.439998626708984,44.49691390991211,43888500,WFC
2018-07-02,55.20000076293945,56.380001068115234,55.06999969482422,56.31999969482422,45.203208923339844,21204900,WFC
2018-07-03,56.43000030517578,56.630001068115234,55.43000030517578,55.560001373291016,44.59321594238281,12830400,WFC
2018-07-05,55.91999816894531,56.08000183105469,55.04999923706055,55.2400016784668,44.336387634277344,16788600,WFC
2018-07-06,55.29999923706055,56.130001068115234,55.029998779296875,55.88999938964844,44.85808563232422,12389100,WFC
2018-07-09,56.189998626708984,56.970001220703125,56.0099983215332,56.77000045776367,45.56437301635742,16684000,WFC
2018-07-10,57.060001373291016,57.08000183105469,56.34000015258789,56.619998931884766,45.44398880004883,15581400,WFC
2018-07-11,56.400001525878906,56.75,55.97999954223633,56.06999969482422,45.0025520324707,15641400,WFC
2018-07-12,56.459999084472656,56.47999954223633,55.599998474121094,56.029998779296875,44.97044372558594,18236100,WFC
2018-07-13,54.7400016784668,55.790000915527344,53.630001068115234,55.36000061035156,44.43269348144531,34323400,WFC
2018-07-16,55.7400016784668,57.22999954223633,55.630001068115234,56.9900016784668,45.74095916748047,25538700,WFC
2018-07-17,56.95000076293945,57.029998779296875,56.43000030517578,56.560001373291016,45.39583969116211,21649000,WFC
2018-07-18,56.2599983215332,56.81999969482422,56.13999938964844,56.56999969482422,45.40385818481445,19913900,WFC
2018-07-19,56.2599983215332,56.880001068115234,56.02000045776367,56.33000183105469,45.21123123168945,22219400,WFC
2018-07-20,56.06999969482422,56.65999984741211,55.849998474121094,56.40999984741211,45.27543640136719,17250400,WFC
2018-07-23,56.38999938964844,58.09000015258789,56.29999923706055,58.0,46.55158996582031,24584100,WFC
2018-07-24,58.0,58.689998626708984,57.849998474121094,58.349998474121094,46.83251190185547,27245000,WFC
2018-07-25,58.099998474121094,58.5,57.849998474121094,58.22999954223633,46.736209869384766,15531100,WFC
2018-07-26,58.470001220703125,58.72999954223633,58.20000076293945,58.310001373291016,46.8004035949707,14165300,WFC
2018-07-27,58.380001068115234,58.900001525878906,58.15999984741211,58.630001068115234,47.057247161865234,17662900,WFC
2018-07-30,58.83000183105469,59.27000045776367,58.29999923706055,58.4900016784668,46.94487762451172,22699900,WFC
2018-07-31,58.61000061035156,58.709999084472656,57.20000076293945,57.290000915527344,45.98173904418945,21633800,WFC
2018-08-01,57.959999084472656,58.279998779296875,57.209999084472656,57.650001525878906,46.27067947387695,19192700,WFC
2018-08-02,57.08000183105469,58.45000076293945,57.08000183105469,58.290000915527344,46.78434753417969,13489100,WFC
2018-08-03,58.060001373291016,58.93000030517578,58.029998779296875,58.83000183105469,47.2177619934082,13720400,WFC
2018-08-06,58.58000183105469,59.029998779296875,58.189998626708984,58.88999938964844,47.26592254638672,13360500,WFC
2018-08-07,58.939998626708984,59.15999984741211,58.70000076293945,58.81999969482422,47.209739685058594,13810900,WFC
2018-08-08,58.7599983215332,59.5,58.7599983215332,59.189998626708984,47.506710052490234,13778600,WFC
2018-08-09,58.650001525878906,58.900001525878906,58.400001525878906,58.439998626708984,47.24798583984375,15859500,WFC
2018-08-10,57.380001068115234,58.41999816894531,57.380001068115234,58.04999923706055,46.93268585205078,16170100,WFC
2018-08-13,57.65999984741211,58.11000061035156,57.560001373291016,57.61000061035156,46.57695388793945,19541100,WFC
2018-08-14,57.66999816894531,58.2599983215332,57.66999816894531,58.06999969482422,46.9488525390625,14860400,WFC
2018-08-15,57.68000030517578,58.25,57.650001525878906,57.9900016784668,46.884178161621094,17378400,WFC
2018-08-16,58.13999938964844,58.810001373291016,58.04999923706055,58.65999984741211,47.42585754394531,19992500,WFC
2018-08-17,58.5099983215332,59.040000915527344,58.5099983215332,58.86000061035156,47.58755874633789,13737600,WFC
2018-08-20,58.810001373291016,59.209999084472656,58.66999816894531,59.029998779296875,47.72498321533203,11403400,WFC
2018-08-21,59.0,59.529998779296875,58.939998626708984,58.959999084472656,47.66839599609375,17943500,WFC
2018-08-22,59.040000915527344,59.5,58.83000183105469,59.16999816894531,47.83818435668945,20829600,WFC
2018-08-23,59.0,59.04999923706055,58.56999969482422,58.619998931884766,47.39351272583008,19655600,WFC
2018-08-24,58.900001525878906,58.91999816894531,58.66999816894531,58.689998626708984,47.45010757446289,14366600,WFC
2018-08-27,58.869998931884766,59.47999954223633,58.7599983215332,59.099998474121094,47.78159713745117,19915200,WFC
2018-08-28,59.189998626708984,59.33000183105469,58.9900016784668,59.06999969482422,47.7573356628418,19330200,WFC
2018-08-29,59.04999923706055,59.18000030517578,58.81999969482422,58.959999084472656,47.66839599609375,14436600,WFC
2018-08-30,58.66999816894531,59.08000183105469,58.43000030517578,58.459999084472656,47.264156341552734,14800900,WFC
2018-08-31,58.27000045776367,58.540000915527344,58.06999969482422,58.47999954223633,47.280330657958984,16720200,WFC
2018-09-04,58.45000076293945,58.95000076293945,58.06999969482422,58.79999923706055,47.5390510559082,19003700,WFC
2018-09-05,58.880001068115234,59.20000076293945,58.810001373291016,58.95000076293945,47.66032791137695,22332300,WFC
2018-09-06,58.90999984741211,59.15999984741211,57.93000030517578,57.93000030517578,46.835662841796875,20756900,WFC
2018-09-07,57.91999816894531,58.06999969482422,57.349998474121094,57.400001525878906,46.40715408325195,21482400,WFC
2018-09-10,57.619998931884766,57.84000015258789,57.310001373291016,57.459999084472656,46.455665588378906,15623000,WFC
2018-09-11,57.400001525878906,57.560001373291016,57.31999969482422,57.380001068115234,46.390995025634766,22160300,WFC
2018-09-12,57.33000183105469,57.38999938964844,55.79999923706055,55.939998626708984,45.22677993774414,23868800,WFC
2018-09-13,56.0099983215332,56.25,54.9900016784668,55.0,44.466793060302734,26954800,WFC
2018-09-14,55.189998626708984,55.560001373291016,54.70000076293945,54.72999954223633,44.24850082397461,20997600,WFC
2018-09-17,54.75,54.7599983215332,53.939998626708984,54.310001373291016,43.908931732177734,21959500,WFC
2018-09-18,54.25,54.70000076293945,54.040000915527344,54.5,44.06254577636719,22055200,WFC
2018-09-19,54.4900016784668,55.45000076293945,54.279998779296875,55.220001220703125,44.64466094970703,17046200,WFC
2018-09-20,55.630001068115234,55.810001373291016,54.9900016784668,55.54999923706055,44.91146469116211,20308000,WFC
2018-09-21,55.75,55.810001373291016,54.91999816894531,54.9900016784668,44.45872116088867,36158500,WFC
2018-09-24,54.79999923706055,55.15999984741211,54.2400016784668,54.2599983215332,43.86851119995117,19604700,WFC
2018-09-25,54.29999923706055,54.689998626708984,54.20000076293945,54.22999954223633,43.84425735473633,15207400,WFC
2018-09-26,54.380001068115234,54.45000076293945,53.02000045776367,53.15999984741211,42.97917175292969,22025100,WFC
2018-09-27,53.279998779296875,53.599998474121094,52.7599983215332,52.81999969482422,42.704288482666016,19991000,WFC
2018-09-28,52.689998626708984,52.97999954223633,52.40999984741211,52.560001373291016,42.49408721923828,18588600,WFC
2018-10-01,52.7400016784668,52.79999923706055,52.15999984741211,52.25,42.24345779418945,17209000,WFC
2018-10-02,52.2400016784668,52.349998474121094,51.880001068115234,52.130001068115234,42.14644241333008,17509600,WFC
2018-10-03,52.5,52.91999816894531,52.33000183105469,52.650001525878906,42.566856384277344,18444900,WFC
2018-10-04,52.72999954223633,53.86000061035156,52.72999954223633,53.5099983215332,43.262142181396484,21417500,WFC
2018-10-05,53.70000076293945,53.86000061035156,52.97999954223633,53.189998626708984,43.0034294128418,14793000,WFC
2018-10-08,52.97999954223633,53.959999084472656,52.97999954223633,53.66999816894531,43.391510009765625,12858200,WFC
2018-10-09,53.380001068115234,53.970001220703125,52.97999954223633,53.529998779296875,43.2783203125,15918300,WFC
2018-10-10,53.70000076293945,54.06999969482422,52.40999984741211,52.43000030517578,42.38898468017578,21875900,WFC
2018-10-11,52.380001068115234,52.84000015258789,51.0099983215332,51.439998626708984,41.58858108520508,33147900,WFC
2018-10-12,52.099998474121094,53.33000183105469,50.869998931884766,52.11000061035156,42.130271911621094,32067300,WFC
2018-10-15,52.5099983215332,53.9900016784668,52.5099983215332,53.2400016784668,43.043853759765625,34118900,WFC
2018-10-16,53.310001373291016,53.790000915527344,52.529998779296875,53.72999954223633,43.44001388549805,28227200,WFC
2018-10-17,53.560001373291016,55.0099983215332,53.189998626708984,54.459999084472656,44.030216217041016,23524200,WFC
2018-10-18,54.16999816894531,54.400001525878906,52.7599983215332,53.099998474121094,42.9306640625,22533300,WFC
2018-10-19,53.08000183105469,53.630001068115234,52.86000061035156,52.88999938964844,42.76089096069336,19521000,WFC
2018-10-22,53.06999969482422,53.16999816894531,51.560001373291016,51.650001525878906,41.75837326049805,17621500,WFC
2018-10-23,50.84000015258789,51.95000076293945,50.470001220703125,51.560001373291016,41.68559646606445,25529800,WFC
2018-10-24,51.310001373291016,51.4900016784668,50.02000045776367,50.189998626708984,40.57797622680664,31161500,WFC
2018-10-25,50.529998779296875,52.61000061035156,50.41999816894531,51.86000061035156,41.92814636230469,29366100,WFC
2018-10-26,51.31999969482422,51.93000030517578,50.790000915527344,51.25,41.43497085571289,30053800,WFC
2018-10-29,51.880001068115234,53.150001525878906,51.59000015258789,52.22999954223633,42.22728729248047,30541300,WFC
2018-10-30,52.45000076293945,52.90999984741211,51.869998931884766,52.689998626708984,42.59918975830078,24910900,WFC
2018-10-31,53.040000915527344,54.029998779296875,53.029998779296875,53.22999954223633,43.03578186035156,23667400,WFC
2018-11-01,53.43000030517578,53.959999084472656,53.150001525878906,53.560001373291016,43.302574157714844,17654800,WFC
2018-11-02,54.209999084472656,54.630001068115234,53.11000061035156,53.61000061035156,43.342994689941406,18285600,WFC
2018-11-05,53.72999954223633,54.29999923706055,51.15999984741211,53.65999984741211,43.383419036865234,18990000,WFC
2018-11-06,53.36000061035156,53.709999084472656,52.959999084472656,53.54999923706055,43.294490814208984,20696800,WFC
2018-11-07,53.81999969482422,54.18000030517578,52.790000915527344,53.58000183105469,43.31874465942383,20668500,WFC
2018-11-08,52.900001525878906,53.599998474121094,52.86000061035156,53.15999984741211,43.32689666748047,22429200,WFC
2018-11-09,53.09000015258789,53.38999938964844,52.72999954223633,53.040000915527344,43.22909164428711,18972200,WFC
2018-11-12,53.130001068115234,53.58000183105469,52.279998779296875,52.349998474121094,42.666717529296875,19003300,WFC
2018-11-13,52.619998931884766,53.33000183105469,52.619998931884766,52.7400016784668,42.984588623046875,28102000,WFC
2018-11-14,53.13999938964844,53.290000915527344,51.4900016784668,52.150001525878906,42.50371551513672,24788400,WFC
2018-11-15,51.540000915527344,52.90999984741211,51.279998779296875,52.81999969482422,43.04978942871094,23220100,WFC
2018-11-16,52.650001525878906,53.18000030517578,52.47999954223633,52.939998626708984,43.1475944519043,18872500,WFC
2018-11-19,52.970001220703125,53.47999954223633,52.599998474121094,53.31999969482422,43.457298278808594,20215500,WFC
2018-11-20,53.04999923706055,53.2400016784668,52.36000061035156,52.540000915527344,42.82157897949219,22999200,WFC
2018-11-21,52.619998931884766,53.20000076293945,52.27000045776367,52.43000030517578,42.73193359375,16946300,WFC
2018-11-23,51.970001220703125,52.290000915527344,51.61000061035156,51.83000183105469,42.2429084777832,11139400,WFC
2018-11-26,52.33000183105469,53.18000030517578,52.33000183105469,52.880001068115234,43.09868621826172,20581700,WFC
2018-11-27,52.689998626708984,53.31999969482422,52.45000076293945,53.189998626708984,43.35133743286133,18044600,WFC
2018-11-28,53.150001525878906,54.36000061035156,52.58000183105469,54.349998474121094,44.29677200317383,23713300,WFC
2018-11-29,53.970001220703125,54.41999816894531,53.790000915527344,54.040000915527344,44.04412078857422,14978400,WFC
2018-11-30,54.08000183105469,54.54999923706055,53.869998931884766,54.279998779296875,44.23971939086914,18939000,WFC
2018-12-03,54.779998779296875,55.040000915527344,53.599998474121094,54.2400016784668,44.207122802734375,21261700,WFC
2018-12-04,53.95000076293945,53.9900016784668,51.5099983215332,51.779998779296875,42.2021484375,33280500,WFC
2018-12-06,50.650001525878906,51.13999938964844,50.02000045776367,51.09000015258789,41.63978958129883,40310200,WFC
2018-12-07,50.88999938964844,51.45000076293945,50.04999923706055,50.2599983215332,40.963321685791016,28510500,WFC
2018-12-10,50.06999969482422,50.06999969482422,48.29999923706055,48.79999923706055,39.77336502075195,34524600,WFC
2018-12-11,49.40999984741211,49.59000015258789,47.54999923706055,47.7599983215332,38.925750732421875,32388600,WFC
2018-12-12,48.290000915527344,48.29999923706055,46.849998474121094,47.7400016784668,38.90944290161133,42820000,WFC
2018-12-13,47.970001220703125,48.119998931884766,46.93000030517578,47.029998779296875,38.33076095581055,35227100,WFC
2018-12-14,46.54999923706055,47.4900016784668,46.380001068115234,46.540000915527344,37.9314079284668,25913000,WFC
2018-12-17,46.220001220703125,47.310001373291016,46.119998931884766,46.61000061035156,37.98846435546875,29443300,WFC
2018-12-18,46.939998626708984,47.52000045776367,46.31999969482422,46.52000045776367,37.91511154174805,26740000,WFC
2018-12-19,46.38999938964844,47.43000030517578,45.29999923706055,45.66999816894531,37.22233581542969,34287600,WFC
2018-12-20,45.400001525878906,46.77000045776367,45.33000183105469,46.040000915527344,37.52389907836914,43969900,WFC
2018-12-21,45.59000015258789,46.529998779296875,44.93000030517578,45.119998931884766,36.774070739746094,55577900,WFC
2018-12-24,44.470001220703125,45.099998474121094,43.599998474121094,43.599998474121094,35.53522872924805,18049900,WFC
2018-12-26,43.84000015258789,45.59000015258789,43.02000045776367,45.59000015258789,37.15713119506836,27770000,WFC
2018-12-27,44.720001220703125,45.529998779296875,43.849998474121094,45.529998779296875,37.108238220214844,27005300,WFC
2018-12-28,45.68000030517578,46.43000030517578,45.529998779296875,45.779998779296875,37.311981201171875,23635000,WFC
2018-12-31,45.97999954223633,46.47999954223633,45.56999969482422,46.08000183105469,37.55649948120117,16544500,WFC
2019-01-02,45.529998779296875,46.95000076293945,45.40999984741211,46.939998626708984,38.25743103027344,20295200,WFC
2019-01-03,46.650001525878906,47.349998474121094,46.369998931884766,46.56999969482422,37.95586395263672,22262000,WFC
2019-01-04,47.41999816894531,48.11000061035156,47.20000076293945,47.95000076293945,39.08060836791992,23343600,WFC
2019-01-07,47.779998779296875,48.22999954223633,47.540000915527344,47.63999938964844,38.82794189453125,21858000,WFC
2019-01-08,47.900001525878906,48.15999984741211,46.91999816894531,47.540000915527344,38.74644088745117,19702900,WFC
2019-01-09,47.5099983215332,47.97999954223633,47.08000183105469,47.79999923706055,38.958343505859375,18837700,WFC
2019-01-10,47.5,48.04999923706055,47.310001373291016,47.75,38.91758728027344,16208400,WFC
2019-01-11,47.5,48.09000015258789,47.18000030517578,47.869998931884766,39.01539993286133,20006900,WFC
2019-01-14,47.5099983215332,48.4900016784668,47.400001525878906,48.41999816894531,39.46364974975586,23827600,WFC
2019-01-15,47.599998474121094,48.25,47.0099983215332,47.66999816894531,38.85239028930664,27447600,WFC
2019-01-16,48.150001525878906,49.34000015258789,47.9900016784668,48.939998626708984,39.887474060058594,32026400,WFC
2019-01-17,48.63999938964844,49.36000061035156,48.400001525878906,49.22999954223633,40.12383270263672,25738800,WFC
2019-01-18,49.099998474121094,50.15999984741211,48.86000061035156,50.0099983215332,40.759552001953125,36380300,WFC
2019-01-22,49.77000045776367,50.099998474121094,49.630001068115234,49.86000061035156,40.637306213378906,33975200,WFC
2019-01-23,50.0,50.31999969482422,49.5,50.119998931884766,40.849212646484375,16806700,WFC
2019-01-24,49.790000915527344,50.34000015258789,49.650001525878906,49.97999954223633,40.73511505126953,17862100,WFC
2019-01-25,50.400001525878906,50.540000915527344,49.959999084472656,50.130001068115234,40.857364654541016,20183400,WFC
2019-01-28,49.77000045776367,49.900001525878906,49.20000076293945,49.81999969482422,40.60469436645508,19913100,WFC
2019-01-29,49.779998779296875,50.11000061035156,49.720001220703125,49.849998474121094,40.62914276123047,11927600,WFC
2019-01-30,49.84000015258789,50.349998474121094,49.59000015258789,50.09000015258789,40.82475662231445,16885100,WFC
2019-01-31,49.279998779296875,49.41999816894531,48.65999984741211,48.90999984741211,40.22439193725586,24934700,WFC
2019-02-01,49.0,49.08000183105469,48.790000915527344,48.90999984741211,40.22439193725586,21123500,WFC
2019-02-04,48.849998474121094,49.150001525878906,48.709999084472656,49.060001373291016,40.34776306152344,17547800,WFC
2019-02-05,49.27000045776367,49.31999969482422,48.75,49.27000045776367,40.52045822143555,14784900,WFC
2019-02-06,49.09000015258789,49.529998779296875,49.06999969482422,49.220001220703125,40.47933578491211,12145700,WFC
2019-02-07,49.09000015258789,49.29999923706055,47.709999084472656,48.08000183105469,39.541786193847656,24189700,WFC
2019-02-08,47.939998626708984,48.040000915527344,47.060001373291016,47.650001525878906,39.18815231323242,20641200,WFC
2019-02-11,47.869998931884766,47.959999084472656,47.380001068115234,47.650001525878906,39.18815231323242,15995900,WFC
2019-02-12,48.0099983215332,49.459999084472656,48.0099983215332,49.04999923706055,40.339534759521484,22033000,WFC
2019-02-13,49.2400016784668,49.709999084472656,48.88999938964844,49.02000045776367,40.31486511230469,13770900,WFC
2019-02-14,48.630001068115234,48.90999984741211,48.029998779296875,48.52000045776367,39.903648376464844,16456500,WFC
2019-02-15,49.09000015258789,49.41999816894531,48.4900016784668,49.220001220703125,40.47933578491211,19346200,WFC
2019-02-19,49.029998779296875,49.619998931884766,48.81999969482422,49.380001068115234,40.61092758178711,15121700,WFC
2019-02-20,49.43000030517578,49.880001068115234,49.29999923706055,49.810001373291016,40.964569091796875,16742600,WFC
2019-02-21,49.7599983215332,49.88999938964844,49.369998931884766,49.560001373291016,40.75895690917969,16938800,WFC
2019-02-22,49.599998474121094,49.75,48.95000076293945,49.02000045776367,40.31486511230469,15848200,WFC
2019-02-25,49.2599983215332,50.22999954223633,49.25,49.65999984741211,40.84121322631836,16564100,WFC
2019-02-26,49.4900016784668,50.13999938964844,49.34000015258789,49.59000015258789,40.78364562988281,16997800,WFC
2019-02-27,49.59000015258789,50.029998779296875,49.36000061035156,49.900001525878906,41.0385856628418,17455000,WFC
2019-02-28,49.97999954223633,50.130001068115234,49.72999954223633,49.88999938964844,41.03036880493164,17786600,WFC
2019-03-01,50.22999954223633,50.84000015258789,49.869998931884766,50.029998779296875,41.14550018310547,19051400,WFC
2019-03-04,50.290000915527344,50.900001525878906,49.689998626708984,50.11000061035156,41.21129608154297,16697000,WFC
2019-03-05,50.029998779296875,50.04999923706055,49.33000183105469,49.88999938964844,41.03036880493164,14235400,WFC
2019-03-06,49.970001220703125,50.220001220703125,49.68000030517578,49.81999969482422,40.97278594970703,14211000,WFC
2019-03-07,49.709999084472656,49.849998474121094,49.290000915527344,49.68000030517578,40.85765838623047,19047300,WFC
2019-03-08,49.2599983215332,49.900001525878906,49.16999816894531,49.79999923706055,40.95634841918945,17400000,WFC
2019-03-11,50.0,50.099998474121094,49.630001068115234,49.7599983215332,40.9234504699707,19471500,WFC
2019-03-12,49.779998779296875,50.04999923706055,49.540000915527344,49.650001525878906,40.832984924316406,18299300,WFC
2019-03-13,49.869998931884766,50.08000183105469,49.61000061035156,49.91999816894531,41.05504608154297,21647300,WFC
2019-03-14,50.06999969482422,50.790000915527344,49.93000030517578,50.349998474121094,41.40867233276367,20160700,WFC
2019-03-15,50.220001220703125,50.79999923706055,50.0,50.65999984741211,41.66362762451172,46117300,WFC
2019-03-18,50.84000015258789,52.06999969482422,50.83000183105469,51.72999954223633,42.54361343383789,23843300,WFC
2019-03-19,52.41999816894531,52.41999816894531,51.34000015258789,51.40999984741211,42.28044128417969,19911900,WFC
2019-03-20,51.189998626708984,51.56999969482422,50.33000183105469,50.400001525878906,41.44980239868164,20632400,WFC
2019-03-21,49.97999954223633,50.13999938964844,49.16999816894531,49.86000061035156,41.005699157714844,24132800,WFC
2019-03-22,49.25,49.470001220703125,48.0,48.310001373291016,39.7309455871582,27975800,WFC
2019-03-25,48.41999816894531,48.88999938964844,47.849998474121094,48.08000183105469,39.541786193847656,17227600,WFC
2019-03-26,48.52000045776367,49.040000915527344,48.40999984741211,49.0099983215332,40.30663299560547,16989600,WFC
2019-03-27,48.939998626708984,49.189998626708984,48.45000076293945,48.77000045776367,40.10926055908203,16912000,WFC
2019-03-28,48.72999954223633,49.220001220703125,48.349998474121094,49.09000015258789,40.3724250793457,15881600,WFC
2019-03-29,49.79999923706055,49.79999923706055,47.79999923706055,48.31999969482422,39.739166259765625,53590800,WFC
2019-04-01,48.43000030517578,48.900001525878906,48.16999816894531,48.810001373291016,40.14216232299805,42015500,WFC
2019-04-02,48.56999969482422,48.880001068115234,47.959999084472656,48.209999084472656,39.64870834350586,35393600,WFC
2019-04-03,48.470001220703125,48.869998931884766,48.08000183105469,48.86000061035156,40.18327713012695,30366300,WFC
2019-04-04,48.95000076293945,49.68000030517578,48.880001068115234,49.16999816894531,40.4382209777832,19260100,WFC
2019-04-05,49.2599983215332,49.40999984741211,48.599998474121094,48.779998779296875,40.11748123168945,23734900,WFC
2019-04-08,48.63999938964844,49.099998474121094,48.58000183105469,48.880001068115234,40.19972229003906,18875200,WFC
2019-04-09,48.68000030517578,48.70000076293945,48.02000045776367,48.13999938964844,39.59114074707031,22903500,WFC
2019-04-10,48.08000183105469,48.189998626708984,47.400001525878906,47.790000915527344,39.303287506103516,30977800,WFC
2019-04-11,47.970001220703125,48.2599983215332,47.380001068115234,47.7400016784668,39.26216506958008,33662700,WFC
2019-04-12,47.75,48.81999969482422,46.060001373291016,46.4900016784668,38.234134674072266,70271400,WFC
2019-04-15,45.869998931884766,47.060001373291016,45.65999984741211,46.77000045776367,38.464420318603516,34954000,WFC
2019-04-16,46.880001068115234,47.869998931884766,46.869998931884766,47.650001525878906,39.18815231323242,25217100,WFC
2019-04-17,47.959999084472656,47.959999084472656,46.91999816894531,47.54999923706055,39.10590744018555,25144000,WFC
2019-04-18,47.439998626708984,47.869998931884766,47.119998931884766,47.58000183105469,39.13056945800781,22416800,WFC
2019-04-22,47.40999984741211,47.5,47.099998474121094,47.2599983215332,38.867408752441406,15972600,WFC
2019-04-23,47.20000076293945,47.439998626708984,46.95000076293945,47.349998474121094,38.94141387939453,16434300,WFC
2019-04-24,47.060001373291016,47.689998626708984,47.029998779296875,47.47999954223633,39.04833984375,17831800,WFC
2019-04-25,47.16999816894531,47.959999084472656,46.90999984741211,47.5099983215332,39.0730094909668,23042800,WFC
2019-04-26,47.52000045776367,47.97999954223633,47.400001525878906,47.959999084472656,39.4431037902832,13035500,WFC
2019-04-29,47.970001220703125,48.790000915527344,47.959999084472656,48.27000045776367,39.69804763793945,16918700,WFC
2019-04-30,48.349998474121094,48.560001373291016,48.11000061035156,48.40999984741211,39.813194274902344,18525100,WFC
2019-05-01,48.31999969482422,48.849998474121094,47.9900016784668,48.22999954223633,39.66515350341797,17542100,WFC
2019-05-02,48.349998474121094,48.4900016784668,47.849998474121094,48.29999923706055,39.72272491455078,16883000,WFC
2019-05-03,48.52000045776367,48.77000045776367,48.349998474121094,48.650001525878906,40.01057052612305,16571300,WFC
2019-05-06,47.9900016784668,48.72999954223633,47.880001068115234,48.43000030517578,39.82963562011719,19279900,WFC
2019-05-07,48.04999923706055,48.15999984741211,46.90999984741211,47.16999816894531,38.79338455200195,23919100,WFC
2019-05-08,47.060001373291016,47.310001373291016,46.810001373291016,47.0,38.6535758972168,19814400,WFC
2019-05-09,46.0,46.83000183105469,45.779998779296875,46.7400016784668,38.81134796142578,23246900,WFC
2019-05-10,46.40999984741211,47.369998931884766,46.11000061035156,47.150001525878906,39.151798248291016,19983400,WFC
2019-05-13,46.279998779296875,46.9900016784668,46.2599983215332,46.33000183105469,38.47090530395508,23304700,WFC
2019-05-14,46.380001068115234,46.93000030517578,45.97999954223633,46.4900016784668,38.60374450683594,21267600,WFC
2019-05-15,46.02000045776367,46.349998474121094,45.4900016784668,45.84000015258789,38.06401443481445,20123300,WFC
2019-05-16,45.9900016784668,46.529998779296875,45.7599983215332,45.900001525878906,38.11384582519531,20764100,WFC
2019-05-17,45.439998626708984,46.22999954223633,45.40999984741211,45.70000076293945,37.94776916503906,22273500,WFC
2019-05-20,45.619998931884766,45.90999984741211,45.29999923706055,45.45000076293945,37.74018478393555,18854000,WFC
2019-05-21,45.619998931884766,46.36000061035156,45.52000045776367,46.33000183105469,38.47090530395508,18416300,WFC
2019-05-22,46.06999969482422,46.310001373291016,45.959999084472656,46.099998474121094,38.27991485595703,13155000,WFC
2019-05-23,45.83000183105469,45.86000061035156,45.06999969482422,45.560001373291016,37.83151626586914,17643700,WFC
2019-05-24,45.7599983215332,46.349998474121094,45.59000015258789,46.16999816894531,38.338043212890625,13425500,WFC
2019-05-28,46.06999969482422,46.25,45.58000183105469,45.59000015258789,37.85642623901367,19984600,WFC
2019-05-29,45.38999938964844,45.68000030517578,45.130001068115234,45.47999954223633,37.76508331298828,16058800,WFC
2019-05-30,45.689998626708984,45.849998474121094,44.880001068115234,45.04999923706055,37.40803146362305,13775900,WFC
2019-05-31,44.529998779296875,44.86000061035156,44.220001220703125,44.369998931884766,36.8433837890625,17540500,WFC
2019-06-03,44.2400016784668,45.11000061035156,44.20000076293945,44.52000045776367,36.96793746948242,20172500,WFC
2019-06-04,45.15999984741211,45.7599983215332,45.0099983215332,45.68000030517578,37.9311637878418,21082000,WFC
2019-06-05,45.869998931884766,45.900001525878906,45.29999923706055,45.86000061035156,38.080623626708984,13705400,WFC
2019-06-06,45.7400016784668,46.189998626708984,45.45000076293945,45.91999816894531,38.13044738769531,16020500,WFC
2019-06-07,45.900001525878906,46.15999984741211,45.54999923706055,45.630001068115234,37.88964080810547,14979900,WFC
2019-06-10,46.060001373291016,46.810001373291016,46.060001373291016,46.27000045776367,38.421077728271484,15242700,WFC
2019-06-11,45.84000015258789,46.459999084472656,45.77000045776367,46.2599983215332,38.41276931762695,15078300,WFC
2019-06-12,46.0099983215332,46.27000045776367,44.779998779296875,44.90999984741211,37.29176712036133,22470400,WFC
2019-06-13,45.099998474121094,45.630001068115234,44.91999816894531,45.290000915527344,37.60731506347656,15629400,WFC
2019-06-14,45.310001373291016,45.790000915527344,44.84000015258789,45.59000015258789,37.85642623901367,16147500,WFC
2019-06-17,45.58000183105469,46.02000045776367,45.13999938964844,45.27000045776367,37.5907096862793,13420400,WFC
2019-06-18,45.25,46.38999938964844,45.060001373291016,46.099998474121094,38.27991485595703,18611100,WFC
2019-06-19,46.47999954223633,46.75,45.630001068115234,45.650001525878906,37.90625,17787600,WFC
2019-06-20,45.849998474121094,45.9900016784668,45.2400016784668,45.86000061035156,38.080623626708984,19205200,WFC
2019-06-21,45.84000015258789,46.88999938964844,45.790000915527344,46.88999938964844,38.9359016418457,39186200,WFC
2019-06-24,46.54999923706055,46.689998626708984,46.22999954223633,46.27000045776367,38.421077728271484,21854400,WFC
2019-06-25,46.130001068115234,46.529998779296875,45.43000030517578,46.13999938964844,38.31312561035156,20814000,WFC
2019-06-26,46.209999084472656,46.279998779296875,45.779998779296875,45.79999923706055,38.03079605102539,17106800,WFC
2019-06-27,46.220001220703125,46.529998779296875,46.11000061035156,46.290000915527344,38.43768310546875,13391600,WFC
2019-06-28,46.810001373291016,47.70000076293945,46.79999923706055,47.31999969482422,39.29296112060547,31030900,WFC
2019-07-01,47.880001068115234,48.119998931884766,47.400001525878906,47.689998626708984,39.60020446777344,15089100,WFC
2019-07-02,47.52000045776367,47.79999923706055,46.91999816894531,47.22999954223633,39.218231201171875,12107200,WFC
2019-07-03,47.29999923706055,47.790000915527344,46.97999954223633,47.65999984741211,39.575286865234375,10438400,WFC
2019-07-05,48.099998474121094,48.189998626708984,47.66999816894531,47.77000045776367,39.666629791259766,10801600,WFC
2019-07-08,47.400001525878906,47.9900016784668,47.310001373291016,47.529998779296875,39.46733093261719,13189300,WFC
2019-07-09,47.29999923706055,47.88999938964844,47.209999084472656,47.83000183105469,39.7164421081543,12595000,WFC
2019-07-10,47.66999816894531,47.810001373291016,47.040000915527344,47.150001525878906,39.151798248291016,12784900,WFC
2019-07-11,47.209999084472656,47.58000183105469,47.060001373291016,47.13999938964844,39.14348602294922,19751400,WFC
2019-07-12,47.119998931884766,47.41999816894531,46.91999816894531,47.36000061035156,39.326171875,12792600,WFC
2019-07-15,47.400001525878906,47.45000076293945,46.439998626708984,46.709999084472656,38.78643798828125,21338400,WFC
2019-07-16,46.720001220703125,46.970001220703125,45.220001220703125,45.29999923706055,37.61561965942383,37548300,WFC
2019-07-17,45.20000076293945,45.75,45.13999938964844,45.209999084472656,37.54087829589844,24502100,WFC
2019-07-18,45.220001220703125,46.02000045776367,45.189998626708984,45.81999969482422,38.04741287231445,19409100,WFC
2019-07-19,45.959999084472656,46.40999984741211,45.86000061035156,46.029998779296875,38.221778869628906,21847900,WFC
2019-07-22,45.88999938964844,46.54999923706055,45.77000045776367,46.47999954223633,38.59543991088867,17972100,WFC
2019-07-23,46.68000030517578,47.59000015258789,46.65999984741211,47.20000076293945,39.193321228027344,21150200,WFC
2019-07-24,47.29999923706055,48.470001220703125,47.279998779296875,48.45000076293945,40.231285095214844,29357200,WFC
2019-07-25,48.52000045776367,48.7400016784668,48.0099983215332,48.09000015258789,39.932342529296875,20562000,WFC
2019-07-26,48.150001525878906,49.310001373291016,48.06999969482422,49.29999923706055,40.937095642089844,21641500,WFC
2019-07-29,49.380001068115234,49.56999969482422,48.18000030517578,48.279998779296875,40.09010314941406,19148600,WFC
2019-07-30,48.0099983215332,48.59000015258789,47.88999938964844,48.54999923706055,40.31431579589844,14207000,WFC
2019-07-31,48.2599983215332,48.97999954223633,48.11000061035156,48.40999984741211,40.198062896728516,23422800,WFC
2019-08-01,48.40999984741211,48.63999938964844,46.95000076293945,47.060001373291016,39.07707214355469,22668600,WFC
2019-08-02,47.11000061035156,47.61000061035156,46.369998931884766,47.439998626708984,39.392608642578125,20159000,WFC
2019-08-05,46.5,46.79999923706055,45.849998474121094,46.13999938964844,38.31312561035156,27113500,WFC
2019-08-06,46.61000061035156,47.029998779296875,45.81999969482422,46.93000030517578,38.9691162109375,19446100,WFC
2019-08-07,46.06999969482422,46.150001525878906,45.22999954223633,45.810001373291016,38.03910827636719,27830000,WFC
2019-08-08,45.689998626708984,46.63999938964844,45.54999923706055,46.400001525878906,38.962806701660156,20671300,WFC
2019-08-09,46.02000045776367,46.65999984741211,45.75,46.29999923706055,38.878814697265625,19786100,WFC
2019-08-12,45.5099983215332,45.90999984741211,45.33000183105469,45.43000030517578,38.14827346801758,17364400,WFC
2019-08-13,45.61000061035156,46.41999816894531,45.2599983215332,45.959999084472656,38.59332275390625,16649100,WFC
2019-08-14,45.02000045776367,45.099998474121094,43.939998626708984,43.970001220703125,36.922279357910156,28786700,WFC
2019-08-15,44.29999923706055,44.5,43.34000015258789,43.380001068115234,36.42685317993164,27900000,WFC
2019-08-16,43.7400016784668,44.540000915527344,43.630001068115234,44.38999938964844,37.27497100830078,21196600,WFC
2019-08-19,45.130001068115234,45.470001220703125,44.93000030517578,45.25,37.99713134765625,15378100,WFC
2019-08-20,45.040000915527344,45.040000915527344,44.630001068115234,44.68000030517578,37.51848220825195,13345800,WFC
2019-08-21,44.959999084472656,45.279998779296875,44.810001373291016,45.0,37.78719711303711,13513700,WFC
2019-08-22,45.33000183105469,45.83000183105469,45.060001373291016,45.619998931884766,38.30781936645508,14703900,WFC
2019-08-23,45.20000076293945,45.650001525878906,44.09000015258789,44.41999816894531,37.30014419555664,21152500,WFC
2019-08-26,44.709999084472656,45.0,44.4900016784668,44.97999954223633,37.77040100097656,15973100,WFC
2019-08-27,45.22999954223633,45.33000183105469,44.43000030517578,44.75,37.577266693115234,15038200,WFC
2019-08-28,44.63999938964844,45.779998779296875,44.4900016784668,45.470001220703125,38.18185806274414,14740000,WFC
2019-08-29,46.0,46.4900016784668,45.779998779296875,46.189998626708984,38.78645706176758,16196600,WFC
2019-08-30,46.540000915527344,46.900001525878906,46.40999984741211,46.56999969482422,39.105552673339844,15250600,WFC
2019-09-03,46.310001373291016,46.34000015258789,45.47999954223633,46.09000015258789,38.70248794555664,17224200,WFC
2019-09-04,46.540000915527344,46.70000076293945,46.279998779296875,46.5,39.04676818847656,17123100,WFC
2019-09-05,47.310001373291016,48.16999816894531,47.29999923706055,47.619998931884766,39.98725509643555,19243400,WFC
2019-09-06,47.58000183105469,47.77000045776367,47.099998474121094,47.150001525878906,39.59257507324219,18846100,WFC
2019-09-09,47.31999969482422,48.63999938964844,46.88999938964844,48.40999984741211,40.65062713623047,27651400,WFC
2019-09-10,48.06999969482422,48.93000030517578,48.06999969482422,48.310001373291016,40.566654205322266,25822400,WFC
2019-09-11,48.290000915527344,48.97999954223633,47.790000915527344,48.849998474121094,41.02009201049805,19190000,WFC
2019-09-12,48.52000045776367,49.08000183105469,48.220001220703125,48.650001525878906,40.85215377807617,24305900,WFC
2019-09-13,49.0099983215332,49.36000061035156,48.65999984741211,48.91999816894531,41.07887268066406,25142400,WFC
2019-09-16,48.459999084472656,49.0,48.400001525878906,48.97999954223633,41.12925720214844,17759700,WFC
2019-09-17,48.70000076293945,48.86000061035156,48.310001373291016,48.7599983215332,40.94451904296875,18346100,WFC
2019-09-18,48.630001068115234,49.209999084472656,48.43000030517578,48.93000030517578,41.08727264404297,20511700,WFC
2019-09-19,48.9900016784668,49.310001373291016,48.869998931884766,48.90999984741211,41.07048416137695,16887500,WFC
2019-09-20,49.06999969482422,49.29999923706055,48.61000061035156,48.630001068115234,40.835365295410156,30229400,WFC
2019-09-23,48.31999969482422,49.09000015258789,48.310001373291016,48.959999084472656,41.11246109008789,20603400,WFC
2019-09-24,48.97999954223633,49.220001220703125,48.470001220703125,48.650001525878906,40.85215377807617,21629300,WFC
2019-09-25,48.72999954223633,49.540000915527344,48.650001525878906,49.2599983215332,41.3643798828125,21313100,WFC
2019-09-26,49.25,49.369998931884766,48.81999969482422,48.869998931884766,41.036888122558594,19984000,WFC
2019-09-27,50.400001525878906,51.40999984741211,50.25,50.709999084472656,42.581966400146484,59467400,WFC
2019-09-30,50.77000045776367,50.849998474121094,50.060001373291016,50.439998626708984,42.35524368286133,26897100,WFC
2019-10-01,50.650001525878906,50.779998779296875,49.0,49.060001373291016,41.19644546508789,27249300,WFC
2019-10-02,48.720001220703125,49.040000915527344,48.369998931884766,48.470001220703125,40.70100784301758,23515900,WFC
2019-10-03,48.29999923706055,48.5099983215332,47.31999969482422,48.47999954223633,40.70939636230469,20212200,WFC
2019-10-04,48.65999984741211,49.25,48.529998779296875,49.209999084472656,41.322391510009766,15779500,WFC
2019-10-07,48.95000076293945,49.290000915527344,48.75,48.810001373291016,40.98652648925781,15691900,WFC
2019-10-08,48.25,48.349998474121094,47.540000915527344,47.81999969482422,40.15519714355469,19734000,WFC
2019-10-09,48.16999816894531,48.41999816894531,48.08000183105469,48.150001525878906,40.43229675292969,13467800,WFC
2019-10-10,48.33000183105469,49.06999969482422,48.15999984741211,48.650001525878906,40.85215377807617,18267800,WFC
2019-10-11,49.459999084472656,49.91999816894531,49.150001525878906,49.209999084472656,41.322391510009766,23024600,WFC
2019-10-14,49.09000015258789,49.45000076293945,48.97999954223633,49.27000045776367,41.37277603149414,16870500,WFC
2019-10-15,49.279998779296875,51.25,48.779998779296875,50.11000061035156,42.07814025878906,38478400,WFC
2019-10-16,50.040000915527344,50.279998779296875,49.45000076293945,49.59000015258789,41.6414909362793,23728400,WFC
2019-10-17,49.97999954223633,50.16999816894531,49.47999954223633,49.61000061035156,41.65827178955078,20560100,WFC
2019-10-18,49.34000015258789,50.220001220703125,49.31999969482422,49.970001220703125,41.9605712890625,21199500,WFC
2019-10-21,50.279998779296875,50.5,50.18000030517578,50.459999084472656,42.37203598022461,19409100,WFC
2019-10-22,50.439998626708984,51.02000045776367,50.22999954223633,50.619998931884766,42.50639343261719,18526900,WFC
2019-10-23,50.720001220703125,50.970001220703125,50.56999969482422,50.93000030517578,42.76670837402344,14173700,WFC
2019-10-24,50.65999984741211,51.20000076293945,50.65999984741211,51.099998474121094,42.90945053100586,16695400,WFC
2019-10-25,51.08000183105469,51.72999954223633,51.0,51.56999969482422,43.304115295410156,17433300,WFC
2019-10-28,51.939998626708984,52.04999923706055,51.56999969482422,51.650001525878906,43.37130355834961,23914800,WFC
2019-10-29,51.5,52.36000061035156,51.5,52.16999816894531,43.80795669555664,21063000,WFC
2019-10-30,51.880001068115234,52.279998779296875,51.619998931884766,52.029998779296875,43.690391540527344,16155900,WFC
2019-10-31,51.77000045776367,52.029998779296875,51.150001525878906,51.630001068115234,43.354522705078125,18814700,WFC
2019-11-01,52.130001068115234,52.290000915527344,51.90999984741211,52.18000030517578,43.816341400146484,16359300,WFC
2019-11-04,52.58000183105469,52.79999923706055,52.2400016784668,52.720001220703125,44.26979064941406,17559900,WFC
2019-11-05,52.7400016784668,53.5,52.7400016784668,53.29999923706055,44.7568359375,25965300,WFC
2019-11-06,53.290000915527344,53.84000015258789,53.16999816894531,53.79999923706055,45.176692962646484,22051100,WFC
2019-11-07,53.779998779296875,54.400001525878906,53.779998779296875,54.0,45.77859115600586,23452500,WFC
2019-11-08,53.83000183105469,54.22999954223633,53.560001373291016,54.099998474121094,45.86337661743164,14722100,WFC
2019-11-11,53.790000915527344,54.13999938964844,53.72999954223633,54.04999923706055,45.82099151611328,10659400,WFC
2019-11-12,53.75,54.2400016784668,53.619998931884766,54.220001220703125,45.965091705322266,15187600,WFC
2019-11-13,53.810001373291016,53.900001525878906,53.209999084472656,53.290000915527344,45.17669677734375,16846800,WFC
2019-11-14,53.220001220703125,53.560001373291016,53.099998474121094,53.4900016784668,45.34623336791992,16491400,WFC
2019-11-15,53.779998779296875,53.939998626708984,53.43000030517578,53.79999923706055,45.60904312133789,15225300,WFC
2019-11-18,53.84000015258789,54.11000061035156,53.650001525878906,54.0,45.77859115600586,14374600,WFC
2019-11-19,54.099998474121094,54.33000183105469,53.869998931884766,54.029998779296875,45.804019927978516,14434100,WFC
2019-11-20,53.72999954223633,53.86000061035156,53.25,53.540000915527344,45.38862991333008,14994700,WFC
2019-11-21,53.84000015258789,53.93000030517578,53.34000015258789,53.560001373291016,45.40559387207031,16186100,WFC
2019-11-22,53.900001525878906,54.349998474121094,53.810001373291016,54.279998779296875,46.015960693359375,13823400,WFC
2019-11-25,54.529998779296875,54.529998779296875,54.040000915527344,54.209999084472656,45.956626892089844,15561000,WFC
2019-11-26,54.11000061035156,54.119998931884766,53.72999954223633,53.810001373291016,45.617523193359375,18078900,WFC
2019-11-27,54.150001525878906,54.400001525878906,54.0099983215332,54.34000015258789,46.06682205200195,16352900,WFC
2019-11-29,54.06999969482422,54.75,54.06999969482422,54.459999084472656,46.16855239868164,10508600,WFC
2019-12-02,54.310001373291016,54.439998626708984,53.54999923706055,53.619998931884766,45.45645523071289,20252700,WFC
2019-12-03,53.0099983215332,53.04999923706055,52.16999816894531,52.58000183105469,44.574790954589844,25560700,WFC
2019-12-04,52.599998474121094,53.47999954223633,52.540000915527344,53.2400016784668,45.134300231933594,18867400,WFC
2019-12-05,53.40999984741211,53.529998779296875,53.099998474121094,53.22999954223633,45.12582778930664,13499700,WFC
2019-12-06,53.86000061035156,54.40999984741211,53.689998626708984,54.369998931884766,46.092262268066406,18325700,WFC
2019-12-09,54.16999816894531,54.54999923706055,53.90999984741211,53.91999816894531,45.71077346801758,15070800,WFC
2019-12-10,53.4900016784668,53.869998931884766,53.380001068115234,53.689998626708984,45.515785217285156,15959100,WFC
2019-12-11,53.7400016784668,53.97999954223633,53.06999969482422,53.16999816894531,45.07495880126953,16834200,WFC
2019-12-12,53.369998931884766,54.54999923706055,53.099998474121094,54.36000061035156,46.08378601074219,19119500,WFC
2019-12-13,54.04999923706055,54.41999816894531,53.43000030517578,53.790000915527344,45.6005744934082,19179300,WFC
2019-12-16,54.2400016784668,54.560001373291016,54.220001220703125,54.220001220703125,45.965091705322266,19793500,WFC
2019-12-17,54.11000061035156,54.5099983215332,53.9900016784668,54.34000015258789,46.06682205200195,16723400,WFC
2019-12-18,54.459999084472656,54.459999084472656,53.630001068115234,53.66999816894531,45.49882888793945,18857000,WFC
2019-12-19,53.7400016784668,53.83000183105469,53.41999816894531,53.630001068115234,45.46492385864258,18133300,WFC
2019-12-20,54.04999923706055,54.04999923706055,53.06999969482422,53.33000183105469,45.21059799194336,66318000,WFC
2019-12-23,53.34000015258789,54.0,53.25,53.810001373291016,45.617523193359375,17637700,WFC
2019-12-24,53.95000076293945,54.040000915527344,53.7400016784668,53.81999969482422,45.625999450683594,4635500,WFC
2019-12-26,54.04999923706055,54.38999938964844,53.95000076293945,54.150001525878906,45.90576171875,12517100,WFC
2019-12-27,54.290000915527344,54.31999969482422,53.869998931884766,53.91999816894531,45.71077346801758,9892000,WFC
2019-12-30,54.16999816894531,54.2599983215332,53.5,53.599998474121094,45.43948745727539,10900500,WFC
2019-12-31,53.529998779296875,53.81999969482422,53.459999084472656,53.79999923706055,45.60904312133789,12566000,WFC
2020-01-02,53.849998474121094,54.040000915527344,53.5099983215332,53.75,45.56665802001953,16803100,WFC
2020-01-03,53.11000061035156,53.619998931884766,52.900001525878906,53.41999816894531,45.286903381347656,15608800,WFC
2020-01-06,52.7400016784668,53.20000076293945,52.720001220703125,53.099998474121094,45.01561737060547,13200300,WFC
2020-01-07,53.04999923706055,53.04999923706055,52.470001220703125,52.65999984741211,44.64260482788086,13278600,WFC
2020-01-08,52.84000015258789,53.33000183105469,52.79999923706055,52.81999969482422,44.77824020385742,16585600,WFC
2020-01-09,53.20000076293945,53.20000076293945,52.47999954223633,52.72999954223633,44.70194625854492,20817400,WFC
2020-01-10,52.790000915527344,52.900001525878906,52.47999954223633,52.5,44.50697326660156,13777600,WFC
2020-01-13,52.5,52.5,51.83000183105469,52.11000061035156,44.17634582519531,25197600,WFC
2020-01-14,50.22999954223633,50.7400016784668,49.25,49.29999923706055,41.794158935546875,56668300,WFC
2020-01-15,48.83000183105469,48.84000015258789,47.97999954223633,48.31999969482422,40.96336364746094,47148000,WFC
2020-01-16,48.459999084472656,49.31999969482422,47.84000015258789,49.25,41.75178527832031,37020200,WFC
2020-01-17,49.369998931884766,49.41999816894531,48.529998779296875,49.18000030517578,41.69243621826172,29669200,WFC
2020-01-21,49.09000015258789,49.880001068115234,48.79999923706055,48.939998626708984,41.488975524902344,30858300,WFC
2020-01-22,49.029998779296875,49.09000015258789,48.290000915527344,48.560001373291016,41.16682815551758,20367700,WFC
2020-01-23,48.38999938964844,48.45000076293945,47.97999954223633,48.220001220703125,40.87858581542969,17297900,WFC
2020-01-24,48.189998626708984,48.209999084472656,47.18000030517578,47.56999969482422,40.32754898071289,21239600,WFC
2020-01-27,46.88999938964844,47.41999816894531,46.7400016784668,47.099998474121094,39.92910385131836,18156200,WFC
2020-01-28,47.5099983215332,47.790000915527344,47.279998779296875,47.369998931884766,40.157997131347656,16673300,WFC
2020-01-29,47.41999816894531,47.900001525878906,47.2599983215332,47.27000045776367,40.073238372802734,16166300,WFC
2020-01-30,47.16999816894531,47.95000076293945,47.040000915527344,47.90999984741211,40.61579132080078,14760200,WFC
2020-01-31,47.41999816894531,47.45000076293945,46.75,46.939998626708984,39.79347610473633,23080400,WFC
2020-02-03,47.2400016784668,47.720001220703125,47.029998779296875,47.119998931884766,39.94607162475586,15471100,WFC
2020-02-04,47.70000076293945,47.84000015258789,47.25,47.2599983215332,40.06474304199219,14973300,WFC
2020-02-05,47.900001525878906,48.400001525878906,47.779998779296875,48.310001373291016,40.95489501953125,20141800,WFC
2020-02-06,48.439998626708984,48.5,47.849998474121094,47.97999954223633,41.109107971191406,18259200,WFC
2020-02-07,47.72999954223633,48.0,47.47999954223633,47.84000015258789,40.98915481567383,13174600,WFC
2020-02-10,47.66999816894531,47.86000061035156,47.41999816894531,47.77000045776367,40.92918395996094,18124800,WFC
2020-02-11,48.08000183105469,48.34000015258789,47.939998626708984,47.9900016784668,41.117679595947266,13686100,WFC
2020-02-12,48.220001220703125,48.4900016784668,47.7599983215332,47.790000915527344,40.946319580078125,16668100,WFC
2020-02-13,47.619998931884766,48.18000030517578,47.54999923706055,48.119998931884766,41.229061126708984,12530000,WFC
2020-02-14,48.13999938964844,48.31999969482422,47.75,48.220001220703125,41.31474304199219,15526400,WFC
2020-02-18,47.970001220703125,48.119998931884766,46.529998779296875,46.9900016784668,40.26089096069336,22423800,WFC
2020-02-19,47.25,47.349998474121094,46.97999954223633,47.09000015258789,40.34657287597656,15602500,WFC
2020-02-20,47.0,47.40999984741211,46.68000030517578,47.34000015258789,40.56076431274414,15965500,WFC
2020-02-21,47.47999954223633,47.849998474121094,47.099998474121094,47.70000076293945,40.86921310424805,21729100,WFC
2020-02-24,46.58000183105469,46.95000076293945,46.2599983215332,46.38999938964844,39.746788024902344,23075900,WFC
2020-02-25,46.290000915527344,46.66999816894531,44.959999084472656,45.119998931884766,38.6586799621582,31110100,WFC
2020-02-26,45.47999954223633,45.650001525878906,44.130001068115234,44.13999938964844,37.81900405883789,27372600,WFC
2020-02-27,43.31999969482422,44.31999969482422,42.43000030517578,42.470001220703125,36.388153076171875,41180000,WFC
2020-02-28,41.310001373291016,41.869998931884766,39.75,40.849998474121094,35.000144958496094,71703000,WFC
2020-03-02,40.97999954223633,42.279998779296875,39.459999084472656,42.2599983215332,36.20823287963867,44231200,WFC
2020-03-03,42.060001373291016,42.900001525878906,40.029998779296875,40.529998779296875,34.72596740722656,45091000,WFC
2020-03-04,41.0099983215332,41.43000030517578,39.959999084472656,41.400001525878906,35.47139358520508,33881500,WFC
2020-03-05,40.0,40.0099983215332,38.56999969482422,38.900001525878906,33.32939910888672,45037900,WFC
2020-03-06,37.0,37.68000030517578,36.33000183105469,37.09000015258789,31.77859115600586,56766500,WFC
2020-03-09,33.720001220703125,34.47999954223633,32.220001220703125,32.47999954223633,27.828767776489258,53277200,WFC
2020-03-10,34.630001068115234,35.08000183105469,32.279998779296875,35.08000183105469,30.056434631347656,40078700,WFC
2020-03-11,34.04999923706055,34.27000045776367,32.0099983215332,32.33000183105469,27.700244903564453,44769500,WFC
2020-03-12,29.809999465942383,30.860000610351562,27.1200008392334,27.200000762939453,23.304872512817383,68447600,WFC
2020-03-13,30.149999618530273,31.760000228881836,27.770000457763672,30.889999389648438,26.466455459594727,78365700,WFC
2020-03-16,26.34000015258789,29.229999542236328,26.299999237060547,26.5,22.70511817932129,57466700,WFC
2020-03-17,27.6299991607666,30.6200008392334,25.889999389648438,29.6299991607666,25.38688850402832,58112800,WFC
2020-03-18,27.700000762939453,28.889999389648438,26.899999618530273,28.1200008392334,24.09312629699707,51904100,WFC
2020-03-19,27.65999984741211,29.110000610351562,26.290000915527344,28.290000915527344,24.23878288269043,53123500,WFC
2020-03-20,28.68000030517578,28.75,26.18000030517578,26.5,22.70511817932129,73915800,WFC
2020-03-23,26.260000228881836,26.8700008392334,25.110000610351562,25.25,21.634119033813477,47064100,WFC
2020-03-24,26.959999084472656,29.170000076293945,26.329999923706055,28.920000076293945,24.778568267822266,48630300,WFC
2020-03-25,29.0,30.299999237060547,27.770000457763672,28.969999313354492,24.8214054107666,53341100,WFC
2020-03-26,29.329999923706055,31.389999389648438,29.079999923706055,30.899999618530273,26.475017547607422,45494700,WFC
2020-03-27,30.020000457763672,31.290000915527344,29.079999923706055,30.280000686645508,25.943809509277344,38942800,WFC
2020-03-30,30.360000610351562,30.479999542236328,28.889999389648438,29.920000076293945,25.635366439819336,41232800,WFC
2020-03-31,29.40999984741211,29.75,28.15999984741211,28.700000762939453,24.59006690979004,36920300,WFC
2020-04-01,27.020000457763672,27.3700008392334,26.200000762939453,26.56999969482422,22.765092849731445,48497400,WFC
2020-04-02,26.469999313354492,27.530000686645508,26.3799991607666,27.219999313354492,23.322010040283203,33113500,WFC
2020-04-03,27.0,27.360000610351562,25.90999984741211,26.229999542236328,22.47377586364746,32735800,WFC
2020-04-06,27.40999984741211,28.829999923706055,27.399999618530273,28.6299991607666,24.530094146728516,36056100,WFC
2020-04-07,30.75,30.780000686645508,28.709999084472656,28.770000457763672,24.650039672851562,39229900,WFC
2020-04-08,29.34000015258789,30.479999542236328,28.68000030517578,30.280000686645508,25.943809509277344,42213700,WFC
2020-04-09,31.1200008392334,33.90999984741211,31.100000381469727,33.20000076293945,28.445653915405273,62462000,WFC
2020-04-13,33.220001220703125,33.2400016784668,31.40999984741211,31.43000030517578,26.929121017456055,36068900,WFC
2020-04-14,32.11000061035156,32.5,29.559999465942383,30.18000030517578,25.85812759399414,64267100,WFC
2020-04-15,28.770000457763672,29.110000610351562,28.219999313354492,28.440000534057617,24.3673038482666,41883900,WFC
2020-04-16,28.280000686645508,28.280000686645508,26.65999984741211,26.889999389648438,23.03926658630371,52962100,WFC
2020-04-17,28.149999618530273,28.780000686645508,27.799999237060547,28.3799991607666,24.31589698791504,46985000,WFC
2020-04-20,27.329999923706055,28.889999389648438,26.920000076293945,27.68000030517578,23.71613311767578,45441600,WFC
2020-04-21,26.899999618530273,27.25,26.5,26.84000015258789,22.99642562866211,41918700,WFC
2020-04-22,27.5,27.579999923706055,26.700000762939453,26.799999237060547,22.962154388427734,28043300,WFC
2020-04-23,26.950000762939453,27.209999084472656,26.420000076293945,26.530000686645508,22.730817794799805,38331500,WFC
2020-04-24,26.799999237060547,27.290000915527344,26.3700008392334,26.920000076293945,23.06496810913086,35135900,WFC
2020-04-27,27.3700008392334,28.579999923706055,27.15999984741211,28.40999984741211,24.34160041809082,39606100,WFC
2020-04-28,29.600000381469727,29.920000076293945,28.59000015258789,28.8700008392334,24.7357234954834,35188000,WFC
2020-04-29,30.100000381469727,30.459999084472656,29.649999618530273,30.0,25.703903198242188,38515200,WFC
2020-04-30,29.31999969482422,29.610000610351562,28.600000381469727,29.049999237060547,24.88994789123535,29506100,WFC
2020-05-01,28.5,28.530000686645508,27.280000686645508,27.59000015258789,23.639022827148438,35197600,WFC
2020-05-04,26.959999084472656,27.450000762939453,26.600000381469727,27.350000381469727,23.433393478393555,34343900,WFC
2020-05-05,27.520000457763672,27.799999237060547,26.25,26.31999969482422,22.55088996887207,56753400,WFC
2020-05-06,26.459999084472656,26.649999618530273,25.399999618530273,25.610000610351562,21.94256591796875,57732900,WFC
2020-05-07,25.59000015258789,26.100000381469727,25.139999389648438,25.229999542236328,22.05621337890625,52387000,WFC
2020-05-08,25.639999389648438,25.780000686645508,25.229999542236328,25.43000030517578,22.231056213378906,53725300,WFC
2020-05-11,25.110000610351562,25.229999542236328,24.600000381469727,24.780000686645508,21.66282081604004,51444200,WFC
2020-05-12,24.959999084472656,25.270000457763672,24.0,24.040000915527344,21.01590919494629,53560500,WFC
2020-05-13,23.950000762939453,23.950000762939453,22.0,22.530000686645508,19.695858001708984,90209900,WFC
2020-05-14,22.1299991607666,24.59000015258789,22.020000457763672,24.059999465942383,21.03339385986328,87965500,WFC
2020-05-15,23.690000534057617,23.829999923706055,23.079999923706055,23.360000610351562,20.42144775390625,51616700,WFC
2020-05-18,24.549999237060547,25.59000015258789,24.34000015258789,25.40999984741211,22.213571548461914,55684400,WFC
2020-05-19,25.0,25.149999618530273,23.920000076293945,23.950000762939453,20.937232971191406,48234300,WFC
2020-05-20,24.489999771118164,24.739999771118164,24.360000610351562,24.520000457763672,21.435527801513672,45297100,WFC
2020-05-21,24.389999389648438,24.850000381469727,24.31999969482422,24.459999084472656,21.383071899414062,28376500,WFC
2020-05-22,24.440000534057617,24.489999771118164,23.920000076293945,24.170000076293945,21.129552841186523,30415300,WFC
2020-05-26,25.049999237060547,26.510000228881836,25.040000915527344,26.260000228881836,22.95664405822754,57720300,WFC
2020-05-27,27.799999237060547,28.260000228881836,26.84000015258789,27.950000762939453,24.434053421020508,61963000,WFC
2020-05-28,28.31999969482422,28.3700008392334,27.1200008392334,27.219999313354492,23.79588508605957,51490200,WFC
2020-05-29,26.5,27.06999969482422,26.09000015258789,26.469999313354492,23.140226364135742,51336900,WFC
2020-06-01,26.610000610351562,27.59000015258789,26.3700008392334,27.09000015258789,23.682235717773438,34201700,WFC
2020-06-02,27.579999923706055,27.989999771118164,27.15999984741211,27.399999618530273,23.95323944091797,39058000,WFC
2020-06-03,28.389999389648438,29.190000534057617,28.34000015258789,28.829999923706055,25.203351974487305,50814000,WFC
2020-06-04,29.479999542236328,30.25,28.639999389648438,30.219999313354492,26.41849708557129,61839200,WFC
2020-06-05,33.88999938964844,33.88999938964844,31.459999084472656,31.670000076293945,27.68609619140625,107651200,WFC
2020-06-08,32.900001525878906,33.43000030517578,32.27000045776367,33.31999969482422,29.128538131713867,69051300,WFC
2020-06-09,32.439998626708984,33.08000183105469,31.510000228881836,32.630001068115234,28.525341033935547,51480400,WFC
2020-06-10,32.29999923706055,32.33000183105469,29.649999618530273,29.709999084472656,25.972654342651367,82090000,WFC
2020-06-11,27.200000762939453,28.43000030517578,26.700000762939453,26.790000915527344,23.41997718811035,75621300,WFC
2020-06-12,28.0,28.229999542236328,27.350000381469727,27.969999313354492,24.4515380859375,51301200,WFC
2020-06-15,26.860000610351562,28.389999389648438,26.559999465942383,28.209999084472656,24.661346435546875,48311400,WFC
2020-06-16,29.43000030517578,29.649999618530273,27.770000457763672,28.520000457763672,24.932348251342773,52985600,WFC
2020-06-17,28.5,28.549999237060547,27.350000381469727,27.450000762939453,23.996950149536133,38660800,WFC
2020-06-18,27.100000381469727,27.93000030517578,26.93000030517578,27.549999237060547,24.08436393737793,33670200,WFC
2020-06-19,28.0,28.049999237060547,27.010000228881836,27.600000381469727,24.12807846069336,71903000,WFC
2020-06-22,27.270000457763672,27.6299991607666,26.889999389648438,27.350000381469727,23.90952491760254,32808300,WFC
2020-06-23,27.780000686645508,28.290000915527344,27.190000534057617,27.229999542236328,23.804624557495117,47279100,WFC
2020-06-24,26.959999084472656,27.030000686645508,25.989999771118164,26.1200008392334,22.834260940551758,57380900,WFC
2020-06-25,25.959999084472656,27.40999984741211,25.889999389648438,27.3700008392334,23.92700958251953,45102200,WFC
2020-06-26,26.100000381469727,26.399999618530273,25.25,25.34000015258789,22.152379989624023,81172300,WFC
2020-06-29,25.59000015258789,25.899999618530273,25.260000228881836,25.700000762939453,22.467090606689453,43769200,WFC
2020-06-30,25.209999084472656,25.8700008392334,25.170000076293945,25.600000381469727,22.379671096801758,46610000,WFC
2020-07-01,25.729999542236328,25.959999084472656,24.93000030517578,25.09000015258789,21.933822631835938,37509300,WFC
2020-07-02,25.75,26.170000076293945,25.100000381469727,25.34000015258789,22.152379989624023,37013300,WFC
2020-07-06,25.81999969482422,26.020000457763672,24.979999542236328,25.489999771118164,22.28350257873535,46983100,WFC
2020-07-07,25.200000762939453,25.219999313354492,24.34000015258789,24.459999084472656,21.383071899414062,36920500,WFC
2020-07-08,24.440000534057617,24.780000686645508,24.06999969482422,24.549999237060547,21.461753845214844,38413400,WFC
2020-07-09,24.5,24.780000686645508,23.709999084472656,24.040000915527344,21.01590919494629,38118900,WFC
2020-07-10,24.18000030517578,25.530000686645508,24.149999618530273,25.469999313354492,22.266021728515625,56483300,WFC
2020-07-13,25.81999969482422,26.040000915527344,24.940000534057617,25.40999984741211,22.213571548461914,51038800,WFC
2020-07-14,23.920000076293945,24.389999389648438,23.329999923706055,24.25,21.199487686157227,118952600,WFC
2020-07-15,24.979999542236328,25.549999237060547,24.84000015258789,25.350000381469727,22.161115646362305,61714300,WFC
2020-07-16,24.90999984741211,26.09000015258789,24.81999969482422,25.459999084472656,22.257278442382812,48676800,WFC
2020-07-17,25.489999771118164,25.639999389648438,24.860000610351562,24.950000762939453,21.811439514160156,39184100,WFC
2020-07-20,24.719999313354492,24.8799991607666,24.399999618530273,24.56999969482422,21.47923469543457,38682200,WFC
2020-07-21,24.75,26.280000686645508,24.709999084472656,26.200000762939453,22.904191970825195,58395200,WFC
2020-07-22,26.1299991607666,26.350000381469727,25.81999969482422,26.260000228881836,22.95664405822754,41030500,WFC
2020-07-23,26.15999984741211,26.510000228881836,25.700000762939453,26.350000381469727,23.03532600402832,50791000,WFC
2020-07-24,26.469999313354492,26.850000381469727,26.200000762939453,26.260000228881836,22.95664405822754,39357000,WFC
2020-07-27,26.020000457763672,26.020000457763672,25.25,25.489999771118164,22.28350257873535,34761000,WFC
2020-07-28,25.329999923706055,25.700000762939453,25.329999923706055,25.530000686645508,22.318479537963867,30505200,WFC
2020-07-29,25.450000762939453,25.81999969482422,25.0,25.780000686645508,22.537025451660156,31442100,WFC
2020-07-30,25.190000534057617,25.239999771118164,24.5,24.649999618530273,21.54916763305664,51019200,WFC
2020-07-31,24.5,24.65999984741211,24.079999923706055,24.260000228881836,21.20823860168457,45537900,WFC
2020-08-03,24.25,24.5,23.899999618530273,24.290000915527344,21.234458923339844,27863700,WFC
2020-08-04,24.200000762939453,24.290000915527344,24.030000686645508,24.219999313354492,21.17326545715332,28106900,WFC
2020-08-05,24.399999618530273,24.75,24.34000015258789,24.399999618530273,21.330623626708984,32935400,WFC
2020-08-06,24.200000762939453,24.5,24.1200008392334,24.239999771118164,21.277950286865234,44670300,WFC
2020-08-07,24.1299991607666,25.219999313354492,24.0,25.06999969482422,22.00653076171875,46272400,WFC
2020-08-10,25.219999313354492,25.479999542236328,24.219999313354492,24.700000762939453,21.681747436523438,50602600,WFC
2020-08-11,25.290000915527344,26.139999389648438,25.200000762939453,25.31999969482422,22.225976943969727,55000100,WFC
2020-08-12,25.979999542236328,26.139999389648438,24.719999313354492,25.190000534057617,22.111867904663086,42868500,WFC
2020-08-13,24.950000762939453,25.229999542236328,24.68000030517578,25.020000457763672,21.9626407623291,27387800,WFC
2020-08-14,24.790000915527344,25.489999771118164,24.639999389648438,25.299999237060547,22.208423614501953,26743400,WFC
2020-08-17,25.030000686645508,25.139999389648438,24.440000534057617,24.469999313354492,21.479846954345703,36661700,WFC
2020-08-18,24.420000076293945,24.450000762939453,24.010000228881836,24.040000915527344,21.102394104003906,29680700,WFC
2020-08-19,24.010000228881836,24.389999389648438,23.84000015258789,24.06999969482422,21.128732681274414,33667800,WFC
2020-08-20,23.739999771118164,23.940000534057617,23.600000381469727,23.75,20.847827911376953,36022100,WFC
2020-08-21,23.639999389648438,23.90999984741211,23.520000457763672,23.639999389648438,20.75126838684082,27198000,WFC
2020-08-24,23.799999237060547,24.510000228881836,23.610000610351562,24.489999771118164,21.49740219116211,36906700,WFC
2020-08-25,24.739999771118164,24.889999389648438,24.299999237060547,24.610000610351562,21.602739334106445,35077300,WFC
2020-08-26,24.510000228881836,24.579999923706055,24.040000915527344,24.040000915527344,21.102394104003906,28348200,WFC
2020-08-27,23.989999771118164,24.780000686645508,23.969999313354492,24.59000015258789,21.585182189941406,36706600,WFC
2020-08-28,24.75,24.770000457763672,24.350000381469727,24.690000534057617,21.67296600341797,25797300,WFC
2020-08-31,24.489999771118164,24.510000228881836,24.09000015258789,24.149999618530273,21.198949813842773,27615500,WFC
2020-09-01,24.020000457763672,24.34000015258789,23.739999771118164,24.049999237060547,21.111173629760742,30508800,WFC
2020-09-02,24.010000228881836,24.65999984741211,23.93000030517578,24.56999969482422,21.567626953125,40334000,WFC
2020-09-03,24.799999237060547,25.360000610351562,24.299999237060547,24.520000457763672,21.523740768432617,42349300,WFC
2020-09-04,25.0,25.190000534057617,24.25,24.790000915527344,21.7607479095459,48745000,WFC
2020-09-08,24.280000686645508,24.549999237060547,23.739999771118164,23.969999313354492,21.04094696044922,49082900,WFC
2020-09-09,24.010000228881836,24.06999969482422,23.700000762939453,23.84000015258789,20.926828384399414,49427900,WFC
2020-09-10,24.030000686645508,24.670000076293945,23.860000610351562,23.950000762939453,21.023393630981445,54211700,WFC
2020-09-11,23.920000076293945,24.31999969482422,23.709999084472656,24.270000457763672,21.30428695678711,34861100,WFC
2020-09-14,24.3799991607666,24.969999313354492,24.229999542236328,24.809999465942383,21.77829933166504,49787100,WFC
2020-09-15,24.959999084472656,25.040000915527344,24.559999465942383,24.8799991607666,21.83974838256836,41954800,WFC
2020-09-16,24.8700008392334,26.0,24.75,25.709999084472656,22.56832504272461,51768200,WFC
2020-09-17,25.229999542236328,25.43000030517578,24.899999618530273,25.110000610351562,22.041645050048828,51531300,WFC
2020-09-18,24.940000534057617,25.399999618530273,24.899999618530273,25.1299991607666,22.059200286865234,115153200,WFC
2020-09-21,24.450000762939453,24.520000457763672,23.719999313354492,24.040000915527344,21.102394104003906,56188400,WFC
2020-09-22,23.979999542236328,24.360000610351562,23.530000686645508,23.649999618530273,20.76004981994629,39839500,WFC
2020-09-23,23.780000686645508,24.1299991607666,22.829999923706055,22.829999923706055,20.04024887084961,45697700,WFC
2020-09-24,22.959999084472656,23.719999313354492,22.559999465942383,23.31999969482422,20.470375061035156,43329100,WFC
2020-09-25,23.1200008392334,23.709999084472656,23.010000228881836,23.639999389648438,20.75126838684082,30229900,WFC
2020-09-28,23.989999771118164,24.270000457763672,23.760000228881836,23.81999969482422,20.909273147583008,41103500,WFC
2020-09-29,23.719999313354492,23.719999313354492,23.06999969482422,23.260000228881836,20.417705535888672,38416300,WFC
2020-09-30,23.360000610351562,23.8700008392334,23.25,23.510000228881836,20.637157440185547,43071500,WFC
2020-10-01,23.56999969482422,23.809999465942383,23.15999984741211,23.559999465942383,20.681045532226562,38879800,WFC
2020-10-02,23.149999618530273,24.09000015258789,23.079999923706055,23.989999771118164,21.058504104614258,26238600,WFC
2020-10-05,24.219999313354492,24.600000381469727,24.219999313354492,24.450000762939453,21.46229362487793,22607500,WFC
2020-10-06,24.68000030517578,25.0,24.040000915527344,24.18000030517578,21.225282669067383,30991300,WFC
2020-10-07,24.420000076293945,24.93000030517578,24.389999389648438,24.809999465942383,21.77829933166504,34647300,WFC
2020-10-08,24.8799991607666,25.329999923706055,24.670000076293945,25.299999237060547,22.208423614501953,26483400,WFC
2020-10-09,25.389999389648438,25.510000228881836,25.010000228881836,25.299999237060547,22.208423614501953,28211300,WFC
2020-10-12,25.200000762939453,25.739999771118164,25.149999618530273,25.68000030517578,22.5419921875,25855600,WFC
2020-10-13,25.420000076293945,25.5,24.700000762939453,24.739999771118164,21.716856002807617,29939600,WFC
2020-10-14,24.270000457763672,24.43000030517578,23.229999542236328,23.25,20.40892791748047,75388100,WFC
2020-10-15,23.059999465942383,23.09000015258789,22.75,22.950000762939453,20.14558982849121,60328600,WFC
2020-10-16,23.010000228881836,23.229999542236328,22.610000610351562,22.860000610351562,20.06658363342285,43141200,WFC
2020-10-19,22.889999389648438,22.90999984741211,22.510000228881836,22.540000915527344,19.78569221496582,37423600,WFC
2020-10-20,22.729999542236328,23.1299991607666,22.690000534057617,22.809999465942383,20.022693634033203,34751200,WFC
2020-10-21,22.81999969482422,22.950000762939453,22.600000381469727,22.700000762939453,19.92613983154297,29528300,WFC
2020-10-22,22.65999984741211,23.31999969482422,22.610000610351562,23.25,20.40892791748047,32238300,WFC
2020-10-23,23.579999923706055,23.59000015258789,23.1200008392334,23.280000686645508,20.435260772705078,24558300,WFC
2020-10-26,22.969999313354492,23.020000457763672,22.600000381469727,22.700000762939453,19.92613983154297,34034100,WFC
2020-10-27,22.610000610351562,22.610000610351562,21.81999969482422,21.81999969482422,19.153671264648438,49636500,WFC
2020-10-28,21.229999542236328,21.479999542236328,20.799999237060547,21.18000030517578,18.591875076293945,54835900,WFC
2020-10-29,21.049999237060547,21.3799991607666,20.760000228881836,21.139999389648438,18.556760787963867,46184000,WFC
2020-10-30,21.100000381469727,21.459999084472656,20.84000015258789,21.450000762939453,18.828882217407227,34592400,WFC
2020-11-02,21.700000762939453,21.979999542236328,21.190000534057617,21.899999618530273,19.223892211914062,38401200,WFC
2020-11-03,22.309999465942383,22.5,21.989999771118164,22.09000015258789,19.390676498413086,38427000,WFC
2020-11-04,21.75,22.559999465942383,21.170000076293945,21.8799991607666,19.20633316040039,47203200,WFC
2020-11-05,21.889999389648438,22.56999969482422,21.860000610351562,22.329999923706055,19.691347122192383,38319700,WFC
2020-11-06,22.5,22.56999969482422,21.84000015258789,21.90999984741211,19.32097625732422,29502900,WFC
2020-11-09,24.030000686645508,24.8700008392334,23.299999237060547,24.219999313354492,21.358007431030273,102118900,WFC
2020-11-10,24.360000610351562,24.3700008392334,23.860000610351562,24.190000534057617,21.331554412841797,49029100,WFC
2020-11-11,24.229999542236328,24.540000915527344,24.010000228881836,24.190000534057617,21.331554412841797,38309200,WFC
2020-11-12,23.90999984741211,24.149999618530273,23.559999465942383,23.809999465942383,20.9964599609375,34505900,WFC
2020-11-13,23.90999984741211,24.18000030517578,23.729999542236328,24.06999969482422,21.225736618041992,30056100,WFC
2020-11-16,24.989999771118164,25.030000686645508,24.389999389648438,24.899999618530273,21.957658767700195,36954800,WFC
2020-11-17,24.530000686645508,25.149999618530273,24.520000457763672,25.040000915527344,22.081119537353516,29490400,WFC
2020-11-18,25.149999618530273,25.950000762939453,25.059999465942383,25.059999465942383,22.09874725341797,44318300,WFC
2020-11-19,25.190000534057617,26.219999313354492,24.969999313354492,26.15999984741211,23.068767547607422,44560000,WFC
2020-11-20,26.040000915527344,26.229999542236328,25.459999084472656,25.479999542236328,22.46912384033203,38469100,WFC
2020-11-23,25.950000762939453,26.440000534057617,25.8700008392334,26.299999237060547,23.192224502563477,40691400,WFC
2020-11-24,27.459999084472656,28.729999542236328,27.34000015258789,28.610000610351562,25.229263305664062,80523400,WFC
2020-11-25,28.329999923706055,28.690000534057617,28.0,28.59000015258789,25.211624145507812,38875500,WFC
2020-11-27,28.59000015258789,28.6299991607666,28.18000030517578,28.459999084472656,25.096981048583984,20281400,WFC
2020-11-30,28.43000030517578,28.559999465942383,27.280000686645508,27.350000381469727,24.11815071105957,48211000,WFC
2020-12-01,28.149999618530273,28.68000030517578,28.040000915527344,28.059999465942383,24.744251251220703,41924200,WFC
2020-12-02,27.989999771118164,28.989999771118164,27.850000381469727,28.8700008392334,25.45853614807129,35508000,WFC
2020-12-03,28.940000534057617,29.489999771118164,28.790000915527344,29.15999984741211,25.714265823364258,41264600,WFC
2020-12-04,29.5,29.969999313354492,29.34000015258789,29.549999237060547,26.05818748474121,47168800,WFC
2020-12-07,29.420000076293945,29.6299991607666,29.06999969482422,29.34000015258789,25.87299919128418,31713000,WFC
2020-12-08,29.030000686645508,29.299999237060547,28.399999618530273,28.940000534057617,25.520263671875,32209500,WFC
2020-12-09,29.239999771118164,29.239999771118164,28.610000610351562,29.049999237060547,25.617265701293945,35276000,WFC
2020-12-10,28.719999313354492,29.559999465942383,28.540000915527344,29.489999771118164,26.005271911621094,31730200,WFC
2020-12-11,29.020000457763672,29.389999389648438,28.670000076293945,29.079999923706055,25.64372444152832,29779100,WFC
2020-12-14,29.540000915527344,29.780000686645508,28.510000228881836,28.639999389648438,25.255718231201172,28378000,WFC
2020-12-15,29.1299991607666,29.770000457763672,28.899999618530273,29.729999542236328,26.216917037963867,38866200,WFC
2020-12-16,29.639999389648438,29.90999984741211,29.479999542236328,29.649999618530273,26.146364212036133,35204800,WFC
2020-12-17,29.799999237060547,29.899999618530273,29.440000534057617,29.469999313354492,25.987632751464844,42870500,WFC
2020-12-18,29.469999313354492,29.6200008392334,28.799999237060547,29.010000228881836,25.58199691772461,53716400,WFC
2020-12-21,29.56999969482422,29.889999389648438,28.84000015258789,29.549999237060547,26.05818748474121,52731600,WFC
2020-12-22,29.649999618530273,29.719999313354492,28.950000762939453,28.959999084472656,25.537900924682617,25655900,WFC
2020-12-23,29.280000686645508,30.489999771118164,29.270000457763672,30.350000381469727,26.76365089416504,38383700,WFC
2020-12-24,30.290000915527344,30.3799991607666,29.65999984741211,29.84000015258789,26.313920974731445,14443700,WFC
2020-12-28,30.079999923706055,30.479999542236328,29.90999984741211,29.93000030517578,26.393281936645508,21658500,WFC
2020-12-29,30.149999618530273,30.170000076293945,29.75,29.780000686645508,26.261003494262695,19584400,WFC
2020-12-30,29.799999237060547,30.040000915527344,29.649999618530273,29.75,26.234548568725586,18519300,WFC
2020-12-31,29.75,30.239999771118164,29.670000076293945,30.18000030517578,26.61374282836914,21081200,WFC
2021-01-04,30.31999969482422,30.440000534057617,29.399999618530273,29.700000762939453,26.190458297729492,31421600,WFC
2021-01-05,30.09000015258789,30.950000762939453,29.81999969482422,30.530000686645508,26.92238426208496,37360000,WFC
2021-01-06,31.899999618530273,33.0,31.790000915527344,32.689998626708984,28.827138900756836,73507500,WFC
2021-01-07,33.58000183105469,34.20000076293945,33.31999969482422,33.43000030517578,29.479698181152344,50634100,WFC
2021-01-08,33.61000061035156,33.650001525878906,32.66999816894531,33.189998626708984,29.268056869506836,32324700,WFC
2021-01-11,32.63999938964844,33.560001373291016,32.31999969482422,33.2400016784668,29.312150955200195,33739300,WFC
2021-01-12,34.0,34.52000045776367,33.65999984741211,33.939998626708984,29.929439544677734,59146400,WFC
2021-01-13,33.81999969482422,34.2599983215332,33.630001068115234,33.79999923706055,29.805973052978516,35734800,WFC
2021-01-14,34.06999969482422,35.099998474121094,34.0099983215332,34.75,30.643720626831055,55856900,WFC
2021-01-15,33.08000183105469,33.5,31.81999969482422,32.040000915527344,28.253952026367188,91993100,WFC
2021-01-19,32.40999984741211,33.040000915527344,32.279998779296875,32.630001068115234,28.774234771728516,43806800,WFC
2021-01-20,32.779998779296875,32.83000183105469,32.29999923706055,32.459999084472656,28.624319076538086,29949800,WFC
2021-01-21,32.31999969482422,32.43000030517578,31.920000076293945,32.0,28.218677520751953,28240600,WFC
2021-01-22,31.34000015258789,32.060001373291016,31.149999618530273,31.899999618530273,28.130496978759766,24476100,WFC
2021-01-25,31.8799991607666,32.349998474121094,31.6200008392334,32.2400016784668,28.430316925048828,28515500,WFC
2021-01-26,32.4900016784668,32.529998779296875,31.360000610351562,31.3799991607666,27.67194175720215,28026500,WFC
2021-01-27,30.920000076293945,31.030000686645508,29.920000076293945,30.170000076293945,26.604921340942383,45074900,WFC
2021-01-28,30.530000686645508,31.049999237060547,30.309999465942383,30.809999465942383,27.16929817199707,28770200,WFC
2021-01-29,30.770000457763672,31.190000534057617,29.81999969482422,29.8799991607666,26.349193572998047,39500800,WFC
2021-02-01,30.139999389648438,30.219999313354492,29.68000030517578,29.989999771118164,26.446191787719727,23713400,WFC
2021-02-02,30.459999084472656,31.190000534057617,30.3799991607666,30.75,27.11638069152832,25302900,WFC
2021-02-03,30.719999313354492,31.770000457763672,30.610000610351562,31.700000762939453,27.954126358032227,28507800,WFC
2021-02-04,31.8700008392334,32.849998474121094,31.799999237060547,32.65999984741211,28.89183235168457,30825400,WFC
2021-02-05,33.0,33.189998626708984,32.5099983215332,32.560001373291016,28.80336570739746,24908100,WFC
2021-02-08,32.779998779296875,33.56999969482422,30.770000457763672,33.400001525878906,29.546445846557617,29223800,WFC
2021-02-09,33.209999084472656,33.40999984741211,32.90999984741211,33.2599983215332,29.422605514526367,23539800,WFC
2021-02-10,33.47999954223633,33.689998626708984,33.09000015258789,33.20000076293945,29.369522094726562,22687000,WFC
2021-02-11,33.20000076293945,33.34000015258789,32.369998931884766,32.720001220703125,28.944910049438477,22393200,WFC
2021-02-12,32.650001525878906,33.619998931884766,32.650001525878906,33.529998779296875,29.661447525024414,34473100,WFC
2021-02-16,34.06999969482422,34.93000030517578,34.0,34.790000915527344,30.776081085205078,36468200,WFC
2021-02-17,34.34000015258789,37.45000076293945,34.029998779296875,36.59000015258789,32.36840057373047,80157700,WFC
2021-02-18,36.439998626708984,37.36000061035156,36.18000030517578,36.959999084472656,32.69571304321289,43334700,WFC
2021-02-19,37.130001068115234,37.849998474121094,37.029998779296875,37.83000183105469,33.465335845947266,39023000,WFC
2021-02-22,37.66999816894531,37.91999816894531,37.099998474121094,37.2599983215332,32.96109390258789,34690000,WFC
2021-02-23,37.59000015258789,37.77000045776367,36.599998474121094,37.13999938964844,32.854942321777344,36792500,WFC
2021-02-24,37.2400016784668,38.34000015258789,37.13999938964844,38.290000915527344,33.87226486206055,42764300,WFC
2021-02-25,38.68000030517578,38.68000030517578,37.29999923706055,37.560001373291016,33.22649002075195,37233100,WFC
2021-02-26,37.099998474121094,37.40999984741211,35.93000030517578,36.16999816894531,31.996868133544922,39468000,WFC
2021-03-01,37.11000061035156,37.41999816894531,36.7400016784668,37.09000015258789,32.810707092285156,28066100,WFC
2021-03-02,37.150001525878906,37.45000076293945,36.9900016784668,37.13999938964844,32.854942321777344,19701200,WFC
2021-03-03,37.349998474121094,38.65999984741211,37.349998474121094,37.689998626708984,33.34149169921875,35365100,WFC
2021-03-04,37.619998931884766,38.0,36.36000061035156,37.15999984741211,32.87263870239258,42932500,WFC
2021-03-05,37.869998931884766,38.119998931884766,36.34000015258789,37.43000030517578,33.11149215698242,34558300,WFC
2021-03-08,38.130001068115234,38.880001068115234,37.77000045776367,38.66999816894531,34.20841598510742,38255200,WFC
2021-03-09,38.16999816894531,38.79999923706055,37.47999954223633,38.130001068115234,33.73072814941406,35854100,WFC
2021-03-10,38.68000030517578,39.70000076293945,38.279998779296875,39.58000183105469,35.013423919677734,38437200,WFC
2021-03-11,39.220001220703125,39.59000015258789,38.61000061035156,38.880001068115234,34.39419174194336,30598700,WFC
2021-03-12,39.5,40.02000045776367,39.41999816894531,39.970001220703125,35.35843276977539,28754000,WFC
2021-03-15,40.06999969482422,40.22999954223633,39.16999816894531,39.70000076293945,35.11958694458008,25892200,WFC
2021-03-16,39.369998931884766,39.4900016784668,38.720001220703125,39.349998474121094,34.809967041015625,24668300,WFC
2021-03-17,39.68000030517578,40.439998626708984,39.209999084472656,39.84000015258789,35.24342346191406,33537000,WFC
2021-03-18,40.150001525878906,41.540000915527344,40.150001525878906,40.810001373291016,36.10151672363281,57420600,WFC
2021-03-19,39.939998626708984,40.06999969482422,39.220001220703125,39.630001068115234,35.057655334472656,60291800,WFC
2021-03-22,39.279998779296875,39.310001373291016,38.619998931884766,38.970001220703125,34.47380447387695,32206000,WFC
2021-03-23,38.5,39.04999923706055,38.04999923706055,38.2400016784668,33.82803726196289,32494400,WFC
2021-03-24,38.36000061035156,39.02000045776367,38.11000061035156,38.119998931884766,33.72187423706055,24201700,WFC
2021-03-25,37.970001220703125,39.36000061035156,37.779998779296875,39.29999923706055,34.76573181152344,28773000,WFC
2021-03-26,39.900001525878906,40.22999954223633,39.16999816894531,39.7599983215332,35.17265319824219,29156100,WFC
2021-03-29,38.58000183105469,39.349998474121094,37.900001525878906,38.439998626708984,34.00496292114258,38426900,WFC
2021-03-30,38.540000915527344,40.08000183105469,38.470001220703125,39.38999938964844,34.84534454345703,36134200,WFC
2021-03-31,39.27000045776367,39.630001068115234,38.91999816894531,39.06999969482422,34.562278747558594,25832800,WFC
2021-04-01,38.959999084472656,39.650001525878906,38.91999816894531,39.630001068115234,35.057655334472656,22706900,WFC
2021-04-05,40.029998779296875,40.33000183105469,39.31999969482422,39.47999954223633,34.92496871948242,21293400,WFC
2021-04-06,39.41999816894531,39.900001525878906,39.2599983215332,39.849998474121094,35.25227737426758,20969600,WFC
2021-04-07,39.84000015258789,40.09000015258789,39.630001068115234,39.9900016784668,35.376121520996094,19393200,WFC
2021-04-08,39.869998931884766,40.20000076293945,39.33000183105469,40.029998779296875,35.41150665283203,20845000,WFC
2021-04-09,40.34000015258789,40.790000915527344,40.25,40.5,35.8272819519043,28363600,WFC
2021-04-12,40.459999084472656,40.88999938964844,40.400001525878906,40.77000045776367,36.06613540649414,21093000,WFC
2021-04-13,40.5,40.5099983215332,39.70000076293945,39.790000915527344,35.19919204711914,29333200,WFC
2021-04-14,39.70000076293945,42.18000030517578,39.060001373291016,41.9900016784668,37.14537048339844,64926900,WFC
2021-04-15,42.099998474121094,42.2599983215332,41.029998779296875,42.2400016784668,37.36652755737305,44146300,WFC
2021-04-16,42.66999816894531,44.130001068115234,42.58000183105469,43.84000015258789,38.781925201416016,57060200,WFC
2021-04-19,43.61000061035156,44.400001525878906,43.380001068115234,43.880001068115234,38.817317962646484,39124200,WFC
2021-04-20,43.400001525878906,43.400001525878906,42.349998474121094,42.540000915527344,37.63192367553711,29734000,WFC
2021-04-21,42.2400016784668,43.36000061035156,41.77000045776367,43.2400016784668,38.251155853271484,27258000,WFC
2021-04-22,43.2599983215332,43.52000045776367,42.68000030517578,42.70000076293945,37.77346420288086,24638300,WFC
2021-04-23,42.709999084472656,44.18000030517578,42.630001068115234,43.86000061035156,38.79961395263672,28024200,WFC
2021-04-26,44.130001068115234,44.68000030517578,43.9900016784668,44.13999938964844,39.04730987548828,24606600,WFC
2021-04-27,44.38999938964844,45.220001220703125,44.20000076293945,45.09000015258789,39.8877067565918,29130200,WFC
2021-04-28,45.150001525878906,45.66999816894531,44.93000030517578,45.08000183105469,39.878868103027344,20795100,WFC
2021-04-29,45.619998931884766,46.38999938964844,45.52000045776367,46.2400016784668,40.905033111572266,26880700,WFC
2021-04-30,45.79999923706055,46.02000045776367,44.86000061035156,45.04999923706055,39.852325439453125,34176500,WFC
2021-05-03,45.45000076293945,45.650001525878906,45.06999969482422,45.47999954223633,40.23270797729492,16522700,WFC
2021-05-04,45.2599983215332,45.84000015258789,44.66999816894531,45.7400016784668,40.46270751953125,26137600,WFC
2021-05-05,45.93000030517578,46.20000076293945,45.470001220703125,45.939998626708984,40.6396484375,19620200,WFC
2021-05-06,46.11000061035156,46.689998626708984,45.70000076293945,46.630001068115234,41.34001541137695,34271500,WFC
2021-05-07,45.93000030517578,46.619998931884766,45.54999923706055,46.540000915527344,41.260223388671875,25140400,WFC
2021-05-10,46.84000015258789,47.349998474121094,46.59000015258789,46.599998474121094,41.31341552734375,28193100,WFC
2021-05-11,46.02000045776367,46.880001068115234,45.5099983215332,45.720001220703125,40.53325653076172,31478500,WFC
2021-05-12,46.83000183105469,47.15999984741211,45.47999954223633,45.63999938964844,40.46232604980469,33392900,WFC
2021-05-13,45.4900016784668,46.790000915527344,45.310001373291016,46.400001525878906,41.13611602783203,23553400,WFC
2021-05-14,46.599998474121094,47.11000061035156,46.470001220703125,46.959999084472656,41.6325798034668,17078500,WFC
2021-05-17,46.91999816894531,47.97999954223633,46.79999923706055,47.900001525878906,42.465946197509766,25212800,WFC
2021-05-18,47.900001525878906,48.130001068115234,46.83000183105469,46.86000061035156,41.54393005371094,24126000,WFC
2021-05-19,45.939998626708984,46.31999969482422,45.369998931884766,46.16999816894531,40.93220138549805,28911100,WFC
2021-05-20,46.06999969482422,46.18000030517578,45.27000045776367,45.72999954223633,40.5421257019043,26107000,WFC
2021-05-21,45.970001220703125,46.29999923706055,45.779998779296875,45.880001068115234,40.675106048583984,27312700,WFC
2021-05-24,46.0,46.5099983215332,45.7599983215332,46.2400016784668,40.9942626953125,25707400,WFC
2021-05-25,46.38999938964844,47.02000045776367,46.040000915527344,46.09000015258789,40.86128234863281,29415300,WFC
2021-05-26,46.11000061035156,46.599998474121094,45.599998474121094,46.400001525878906,41.13611602783203,26170600,WFC
2021-05-27,46.9900016784668,47.380001068115234,46.310001373291016,46.7599983215332,41.45527648925781,42572900,WFC
2021-05-28,46.849998474121094,46.880001068115234,46.279998779296875,46.720001220703125,41.419803619384766,15760100,WFC
2021-06-01,47.15999984741211,47.40999984741211,46.790000915527344,47.2599983215332,41.8985481262207,17878600,WFC
2021-06-02,47.380001068115234,47.459999084472656,46.58000183105469,46.810001373291016,41.49959945678711,18492600,WFC
2021-06-03,46.689998626708984,47.0,46.349998474121094,46.459999084472656,41.189292907714844,20206400,WFC
2021-06-04,47.060001373291016,47.099998474121094,46.5099983215332,46.959999084472656,41.6325798034668,18190300,WFC
2021-06-07,47.099998474121094,47.18000030517578,46.779998779296875,47.11000061035156,41.765567779541016,16644300,WFC
2021-06-08,46.7400016784668,47.0099983215332,46.29999923706055,46.61000061035156,41.322288513183594,21271700,WFC
2021-06-09,46.2400016784668,46.34000015258789,45.630001068115234,45.91999816894531,40.7105598449707,22617500,WFC
2021-06-10,46.470001220703125,46.650001525878906,45.0099983215332,45.09000015258789,39.9747200012207,21640000,WFC
2021-06-11,45.18000030517578,45.689998626708984,45.18000030517578,45.68000030517578,40.49779510498047,19389300,WFC
2021-06-14,45.61000061035156,45.880001068115234,44.84000015258789,45.150001525878906,40.02791976928711,25452300,WFC
2021-06-15,45.20000076293945,45.720001220703125,45.0,45.459999084472656,40.30274963378906,23865400,WFC
2021-06-16,44.95000076293945,45.959999084472656,44.31999969482422,45.56999969482422,40.4002685546875,38287700,WFC
2021-06-17,45.790000915527344,45.959999084472656,42.65999984741211,42.790000915527344,37.935646057128906,48910400,WFC
2021-06-18,41.68000030517578,42.310001373291016,41.470001220703125,41.75,37.013633728027344,61292200,WFC
2021-06-21,42.29999923706055,43.310001373291016,42.22999954223633,43.279998779296875,38.370059967041016,26444700,WFC
2021-06-22,43.40999984741211,43.869998931884766,42.86000061035156,43.540000915527344,38.60056686401367,26455200,WFC
2021-06-23,43.5,44.310001373291016,43.5,43.959999084472656,38.97290802001953,18778500,WFC
2021-06-24,44.2599983215332,45.41999816894531,44.209999084472656,45.18000030517578,40.05451202392578,27951000,WFC
2021-06-25,45.56999969482422,46.650001525878906,45.220001220703125,46.380001068115234,41.11836624145508,49074700,WFC
2021-06-28,46.0,46.06999969482422,45.09000015258789,45.790000915527344,40.59531021118164,27127500,WFC
2021-06-29,46.040000915527344,46.380001068115234,44.599998474121094,44.790000915527344,39.70875930786133,39534000,WFC
2021-06-30,44.619998931884766,45.38999938964844,44.45000076293945,45.290000915527344,40.152042388916016,18168100,WFC
2021-07-01,45.47999954223633,45.63999938964844,44.970001220703125,45.40999984741211,40.258419036865234,18658000,WFC
2021-07-02,45.29999923706055,45.40999984741211,44.84000015258789,45.06999969482422,39.95698928833008,13218500,WFC
2021-07-06,44.72999954223633,44.81999969482422,43.29999923706055,43.4900016784668,38.55624008178711,25486900,WFC
2021-07-07,43.279998779296875,43.970001220703125,43.119998931884766,43.400001525878906,38.47644805908203,21884000,WFC
2021-07-08,42.58000183105469,42.95000076293945,41.970001220703125,42.31999969482422,37.51896667480469,29148700,WFC
2021-07-09,43.18000030517578,44.11000061035156,42.849998474121094,43.90999984741211,38.928585052490234,25055900,WFC
2021-07-12,43.279998779296875,44.25,42.959999084472656,44.15999984741211,39.15022659301758,17618900,WFC
2021-07-13,43.790000915527344,44.130001068115234,43.0099983215332,43.22999954223633,38.325740814208984,25387800,WFC
2021-07-14,43.599998474121094,45.130001068115234,42.5099983215332,44.95000076293945,39.85060119628906,49618000,WFC
2021-07-15,44.59000015258789,45.38999938964844,44.369998931884766,45.0,39.894935607910156,33388100,WFC
2021-07-16,45.40999984741211,45.529998779296875,44.11000061035156,44.279998779296875,39.256614685058594,27838200,WFC
2021-07-19,42.709999084472656,43.29999923706055,42.290000915527344,43.04999923706055,38.1661491394043,43362200,WFC
2021-07-20,43.0,45.150001525878906,42.869998931884766,44.84000015258789,39.75307846069336,34556200,WFC
2021-07-21,45.290000915527344,46.150001525878906,45.209999084472656,45.79999923706055,40.60417556762695,29654600,WFC
2021-07-22,45.84000015258789,45.95000076293945,44.79999923706055,45.029998779296875,39.92152786254883,23309500,WFC
2021-07-23,45.099998474121094,45.5099983215332,44.41999816894531,44.59000015258789,39.53144073486328,23946500,WFC
2021-07-26,44.470001220703125,45.2400016784668,44.470001220703125,45.0099983215332,39.9037971496582,22976700,WFC
2021-07-27,44.59000015258789,45.380001068115234,44.27000045776367,45.13999938964844,40.019046783447266,22124500,WFC
2021-07-28,45.380001068115234,46.040000915527344,44.97999954223633,45.5099983215332,40.34706497192383,23252800,WFC
2021-07-29,45.88999938964844,46.709999084472656,45.68000030517578,46.5,41.22475814819336,24487400,WFC
2021-07-30,46.2599983215332,46.849998474121094,45.72999954223633,45.939998626708984,40.728294372558594,25794000,WFC
2021-08-02,46.040000915527344,46.810001373291016,45.56999969482422,45.790000915527344,40.59531021118164,23960700,WFC
2021-08-03,45.97999954223633,46.939998626708984,45.11000061035156,46.83000183105469,41.51732635498047,24050300,WFC
2021-08-04,46.27000045776367,46.970001220703125,46.040000915527344,46.150001525878906,40.91447448730469,22178000,WFC
2021-08-05,46.04999923706055,47.0,46.0099983215332,46.9900016784668,41.84050750732422,28092600,WFC
2021-08-06,47.5,48.9900016784668,47.45000076293945,48.77000045776367,43.42544174194336,33583900,WFC
2021-08-09,48.65999984741211,49.34000015258789,48.290000915527344,48.650001525878906,43.31858825683594,29795200,WFC
2021-08-10,48.72999954223633,49.689998626708984,48.689998626708984,49.630001068115234,44.191192626953125,28708100,WFC
2021-08-11,49.630001068115234,50.72999954223633,49.16999816894531,50.65999984741211,45.108306884765625,29203900,WFC
2021-08-12,50.7599983215332,51.25,50.560001373291016,51.150001525878906,45.544620513916016,21729900,WFC
2021-08-13,51.209999084472656,51.40999984741211,50.18000030517578,50.369998931884766,44.85009765625,15843300,WFC
2021-08-16,49.93000030517578,49.97999954223633,48.939998626708984,49.40999984741211,43.995304107666016,22615500,WFC
2021-08-17,48.880001068115234,49.369998931884766,48.029998779296875,48.709999084472656,43.372005462646484,16887000,WFC
2021-08-18,48.36000061035156,48.97999954223633,47.900001525878906,47.970001220703125,42.71311569213867,16319300,WFC
2021-08-19,47.349998474121094,47.95000076293945,46.83000183105469,47.25,42.07200622558594,20259400,WFC
2021-08-20,47.130001068115234,47.45000076293945,46.84000015258789,47.41999816894531,42.22337341308594,15357400,WFC
2021-08-23,47.75,47.9900016784668,47.45000076293945,47.61000061035156,42.39256286621094,15551900,WFC
2021-08-24,47.75,48.369998931884766,47.709999084472656,48.36000061035156,43.06036376953125,15109100,WFC
2021-08-25,48.619998931884766,49.619998931884766,48.470001220703125,49.290000915527344,43.888450622558594,21357400,WFC
2021-08-26,49.529998779296875,49.869998931884766,48.88999938964844,49.04999923706055,43.674739837646484,21627600,WFC
2021-08-27,49.220001220703125,49.849998474121094,49.119998931884766,49.810001373291016,44.35147476196289,16873300,WFC
2021-08-30,49.7599983215332,49.810001373291016,48.349998474121094,48.40999984741211,43.10489273071289,16054100,WFC
2021-08-31,48.40999984741211,48.9900016784668,45.209999084472656,45.70000076293945,40.69186782836914,73514300,WFC
2021-09-01,45.70000076293945,45.970001220703125,43.27000045776367,43.45000076293945,38.68843460083008,84960500,WFC
2021-09-02,43.68000030517578,44.880001068115234,43.540000915527344,44.56999969482422,39.685707092285156,37629000,WFC
2021-09-03,44.4900016784668,44.5,43.81999969482422,44.16999816894531,39.32954025268555,21687500,WFC
2021-09-07,44.31999969482422,44.959999084472656,44.25,44.310001373291016,39.454193115234375,19733500,WFC
2021-09-08,44.119998931884766,44.540000915527344,43.630001068115234,43.81999969482422,39.01789474487305,21252400,WFC
2021-09-09,43.849998474121094,44.720001220703125,43.7599983215332,44.36000061035156,39.498714447021484,19776900,WFC
2021-09-10,45.0,45.25,44.189998626708984,44.33000183105469,39.47200012207031,23367400,WFC
2021-09-13,44.560001373291016,45.810001373291016,44.560001373291016,45.7599983215332,40.74528503417969,28027200,WFC
2021-09-14,46.02000045776367,46.939998626708984,45.7599983215332,46.04999923706055,41.003517150878906,36053200,WFC
2021-09-15,45.869998931884766,46.88999938964844,45.849998474121094,46.63999938964844,41.52885437011719,31535600,WFC
2021-09-16,46.900001525878906,47.27000045776367,46.0099983215332,46.279998779296875,41.20831298828125,24102400,WFC
2021-09-17,45.7400016784668,46.689998626708984,45.7400016784668,46.470001220703125,41.37748718261719,34912100,WFC
2021-09-20,45.029998779296875,45.869998931884766,44.84000015258789,45.810001373291016,40.789817810058594,30603100,WFC
2021-09-21,45.97999954223633,46.36000061035156,45.72999954223633,45.849998474121094,40.82542419433594,23049100,WFC
2021-09-22,46.4900016784668,47.689998626708984,46.470001220703125,47.08000183105469,41.92063903808594,29430700,WFC
2021-09-23,47.459999084472656,48.16999816894531,47.15999984741211,47.79999923706055,42.56173324584961,21852800,WFC
2021-09-24,47.779998779296875,48.56999969482422,47.72999954223633,47.91999816894531,42.668575286865234,20384700,WFC
2021-09-27,48.380001068115234,48.939998626708984,46.15999984741211,47.560001373291016,42.3480339050293,48927500,WFC
2021-09-28,47.0099983215332,47.029998779296875,45.06999969482422,45.91999816894531,40.887752532958984,49349100,WFC
2021-09-29,46.45000076293945,47.150001525878906,45.93000030517578,47.029998779296875,41.87611770629883,21730200,WFC
2021-09-30,47.13999938964844,47.150001525878906,46.119998931884766,46.40999984741211,41.324066162109375,22947500,WFC
2021-10-01,46.54999923706055,47.310001373291016,46.4900016784668,47.02000045776367,41.86720657348633,18021700,WFC
2021-10-04,47.02000045776367,47.689998626708984,46.66999816894531,47.02000045776367,41.86720657348633,22315200,WFC
2021-10-05,47.5,48.45000076293945,47.349998474121094,47.959999084472656,42.704200744628906,20250500,WFC
2021-10-06,47.58000183105469,48.09000015258789,47.060001373291016,47.869998931884766,42.62405776977539,17425700,WFC
2021-10-07,48.2599983215332,48.59000015258789,47.540000915527344,47.7599983215332,42.5261116027832,19272300,WFC
2021-10-08,47.869998931884766,48.34000015258789,47.65999984741211,48.0,42.73982238769531,14295400,WFC
2021-10-11,48.20000076293945,48.459999084472656,47.220001220703125,47.279998779296875,42.09872055053711,15387900,WFC
2021-10-12,47.290000915527344,47.529998779296875,46.52000045776367,46.650001525878906,41.537750244140625,18995700,WFC
2021-10-13,46.56999969482422,46.56999969482422,45.220001220703125,46.04999923706055,41.003517150878906,24150300,WFC
2021-10-14,46.68000030517578,46.88999938964844,44.83000183105469,45.310001373291016,40.344600677490234,53257700,WFC
2021-10-15,45.720001220703125,48.7400016784668,45.709999084472656,48.380001068115234,43.07817459106445,60096600,WFC
2021-10-18,48.189998626708984,49.709999084472656,48.13999938964844,49.43000030517578,44.01310348510742,33842700,WFC
2021-10-19,49.63999938964844,50.349998474121094,49.279998779296875,50.34000015258789,44.823387145996094,26500300,WFC
2021-10-20,50.189998626708984,50.38999938964844,49.709999084472656,50.15999984741211,44.663108825683594,24227900,WFC
2021-10-21,49.95000076293945,50.599998474121094,49.7599983215332,50.33000183105469,44.81447982788086,20448300,WFC
2021-10-22,50.540000915527344,51.119998931884766,50.4900016784668,50.65999984741211,45.108306884765625,21517200,WFC
2021-10-25,50.88999938964844,51.119998931884766,50.52000045776367,50.619998931884766,45.07270050048828,19330300,WFC
2021-10-26,50.72999954223633,51.099998474121094,50.36000061035156,50.630001068115234,45.081607818603516,18196300,WFC
2021-10-27,50.2599983215332,50.9900016784668,49.95000076293945,50.04999923706055,44.565162658691406,21988300,WFC
2021-10-28,50.380001068115234,51.400001525878906,50.349998474121094,51.36000061035156,45.73160934448242,26785500,WFC
2021-10-29,51.25,51.63999938964844,51.02000045776367,51.15999984741211,45.55352020263672,19788500,WFC
2021-11-01,51.560001373291016,52.0,51.27000045776367,51.709999084472656,46.043251037597656,18699000,WFC
2021-11-02,51.540000915527344,51.720001220703125,51.220001220703125,51.29999923706055,45.67817306518555,21672500,WFC
2021-11-03,51.040000915527344,52.56999969482422,51.02000045776367,52.0,46.30147171020508,24225700,WFC
2021-11-04,51.54999923706055,51.70000076293945,49.90999984741211,50.619998931884766,45.24672317504883,32005700,WFC
2021-11-05,51.0,51.61000061035156,50.400001525878906,50.439998626708984,45.08583450317383,23443200,WFC
2021-11-08,50.54999923706055,51.369998931884766,50.54999923706055,50.869998931884766,45.470191955566406,19509500,WFC
2021-11-09,50.5,50.560001373291016,49.209999084472656,49.88999938964844,44.594215393066406,28324800,WFC
2021-11-10,49.7400016784668,50.77000045776367,49.68000030517578,50.36000061035156,45.01432800292969,19827800,WFC
2021-11-11,50.41999816894531,50.90999984741211,50.220001220703125,50.59000015258789,45.219913482666016,16069700,WFC
2021-11-12,50.68000030517578,51.0,50.369998931884766,50.959999084472656,45.55064010620117,17124700,WFC
2021-11-15,51.189998626708984,51.70000076293945,50.97999954223633,51.08000183105469,45.657901763916016,20110200,WFC
2021-11-16,51.11000061035156,51.18000030517578,50.16999816894531,50.369998931884766,45.02326202392578,19244900,WFC
2021-11-17,50.41999816894531,50.689998626708984,49.529998779296875,49.84000015258789,44.54952621459961,17802700,WFC
2021-11-18,49.630001068115234,50.18000030517578,49.27000045776367,49.900001525878906,44.6031608581543,19198200,WFC
2021-11-19,49.0,49.2400016784668,47.77000045776367,48.81999969482422,43.63779830932617,30548400,WFC
2021-11-22,50.630001068115234,51.11000061035156,49.72999954223633,50.34000015258789,44.99644470214844,28549400,WFC
2021-11-23,50.709999084472656,51.7400016784668,50.70000076293945,51.400001525878906,45.94393539428711,28024400,WFC
2021-11-24,51.5099983215332,51.7400016784668,51.18000030517578,51.310001373291016,45.863487243652344,18901900,WFC
2021-11-26,49.099998474121094,49.099998474121094,47.689998626708984,48.43000030517578,43.28919219970703,29919300,WFC
2021-11-29,49.66999816894531,49.77000045776367,48.310001373291016,49.15999984741211,43.94170379638672,27677000,WFC
2021-11-30,48.11000061035156,48.5099983215332,47.31999969482422,47.779998779296875,42.70819091796875,40671700,WFC
2021-12-01,48.689998626708984,49.45000076293945,47.18000030517578,47.209999084472656,42.19868850708008,29365100,WFC
2021-12-02,47.72999954223633,49.400001525878906,47.5099983215332,48.90999984741211,43.718238830566406,29184900,WFC
2021-12-03,49.2599983215332,49.2599983215332,47.369998931884766,47.75,42.68138122558594,29221900,WFC
2021-12-06,48.97999954223633,49.900001525878906,48.709999084472656,48.810001373291016,43.62886047363281,31650100,WFC
2021-12-07,49.459999084472656,50.52000045776367,49.34000015258789,50.25,44.91599655151367,28370200,WFC
2021-12-08,50.18000030517578,50.310001373291016,49.31999969482422,49.40999984741211,44.165164947509766,19990300,WFC
2021-12-09,49.02000045776367,50.029998779296875,48.7400016784668,49.689998626708984,44.41545104980469,16927200,WFC
2021-12-10,50.290000915527344,50.599998474121094,49.58000183105469,50.20000076293945,44.871315002441406,20040900,WFC
2021-12-13,49.900001525878906,49.959999084472656,48.43000030517578,48.560001373291016,43.405399322509766,19598900,WFC
2021-12-14,48.61000061035156,49.4900016784668,48.599998474121094,48.88999938964844,43.70036315917969,17602900,WFC
2021-12-15,49.02000045776367,49.27000045776367,48.130001068115234,48.939998626708984,43.745052337646484,20284300,WFC
2021-12-16,49.720001220703125,50.81999969482422,49.310001373291016,50.29999923706055,44.960689544677734,32781100,WFC
2021-12-17,49.70000076293945,49.72999954223633,47.869998931884766,47.95000076293945,42.860145568847656,74833400,WFC
2021-12-20,47.060001373291016,47.16999816894531,46.25,46.849998474121094,41.87689971923828,29134900,WFC
2021-12-21,47.59000015258789,48.13999938964844,47.34000015258789,47.810001373291016,42.73500442504883,21249400,WFC
2021-12-22,47.7400016784668,48.31999969482422,47.619998931884766,48.029998779296875,42.9316520690918,15688000,WFC
2021-12-23,48.400001525878906,48.93000030517578,48.220001220703125,48.36000061035156,43.22662353515625,16025600,WFC
2021-12-27,48.54999923706055,48.81999969482422,48.08000183105469,48.77000045776367,43.593101501464844,11900400,WFC
2021-12-28,48.560001373291016,49.189998626708984,48.36000061035156,48.41999816894531,43.280242919921875,14320500,WFC
2021-12-29,48.599998474121094,48.86000061035156,48.369998931884766,48.45000076293945,43.30706787109375,14390700,WFC
2021-12-30,48.4900016784668,48.90999984741211,48.040000915527344,48.099998474121094,42.99421691894531,13701300,WFC
2021-12-31,48.029998779296875,48.36000061035156,47.84000015258789,47.97999954223633,42.88695526123047,12649300,WFC
2022-01-03,48.93000030517578,50.810001373291016,48.91999816894531,50.72999954223633,45.34504699707031,38978100,WFC
2022-01-04,51.58000183105469,53.150001525878906,51.52000045776367,52.75,47.1506233215332,43855100,WFC
2022-01-05,52.91999816894531,53.13999938964844,52.0,52.290000915527344,46.73945999145508,35072600,WFC
2022-01-06,53.150001525878906,53.66999816894531,52.65999984741211,53.630001068115234,47.93721008300781,29720800,WFC
2022-01-07,53.86000061035156,55.189998626708984,53.79999923706055,54.77000045776367,48.956207275390625,35149300,WFC
2022-01-10,55.5,56.060001373291016,54.47999954223633,55.349998474121094,49.474647521972656,34733500,WFC
2022-01-11,55.560001373291016,56.130001068115234,55.22999954223633,56.060001373291016,50.109275817871094,25073700,WFC
2022-01-12,56.40999984741211,56.709999084472656,55.7599983215332,56.400001525878906,50.41318893432617,34159400,WFC
2022-01-13,56.599998474121094,57.18000030517578,55.7599983215332,56.0,50.05563735961914,34037300,WFC
2022-01-14,56.849998474121094,58.869998931884766,56.38999938964844,58.060001373291016,51.89697265625,56739600,WFC
2022-01-18,57.720001220703125,58.11000061035156,56.5099983215332,56.689998626708984,50.67238998413086,41689600,WFC
2022-01-19,57.11000061035156,57.68000030517578,55.470001220703125,55.56999969482422,49.671287536621094,34970200,WFC
2022-01-20,55.720001220703125,56.380001068115234,54.90999984741211,55.0,49.16179275512695,26972800,WFC
2022-01-21,54.5,55.0,53.130001068115234,53.66999816894531,47.97296142578125,38357600,WFC
2022-01-24,52.72999954223633,53.4900016784668,51.18000030517578,53.31999969482422,47.66012954711914,48451400,WFC
2022-01-25,52.66999816894531,53.72999954223633,51.54999923706055,53.59000015258789,47.901458740234375,40858700,WFC
2022-01-26,53.90999984741211,54.91999816894531,53.43000030517578,54.13999938964844,48.39307403564453,39687100,WFC
2022-01-27,54.599998474121094,55.5099983215332,53.22999954223633,53.7599983215332,48.05341339111328,34209200,WFC
2022-01-28,53.61000061035156,54.220001220703125,52.77000045776367,54.189998626708984,48.437774658203125,35519700,WFC
2022-01-31,53.81999969482422,54.04999923706055,53.029998779296875,53.79999923706055,48.089176177978516,34657500,WFC
2022-02-01,54.720001220703125,55.810001373291016,53.9900016784668,55.599998474121094,49.69810485839844,35870200,WFC
2022-02-02,55.27000045776367,56.04999923706055,54.959999084472656,55.93000030517578,49.993072509765625,29037100,WFC
2022-02-03,55.84000015258789,56.290000915527344,54.72999954223633,55.16999816894531,49.53516387939453,25227400,WFC
2022-02-04,56.040000915527344,57.040000915527344,55.470001220703125,56.33000183105469,50.576683044433594,33622100,WFC
2022-02-07,56.40999984741211,57.88999938964844,55.90999984741211,57.33000183105469,51.47455596923828,37480100,WFC
2022-02-08,58.0,58.97999954223633,57.79999923706055,58.75,52.74951934814453,39099600,WFC
2022-02-09,58.70000076293945,59.380001068115234,58.34000015258789,59.060001373291016,53.02785873413086,25883100,WFC
2022-02-10,59.54999923706055,60.29999923706055,58.79999923706055,59.04999923706055,53.01887512207031,36092000,WFC
2022-02-11,58.52000045776367,60.2400016784668,57.90999984741211,58.310001373291016,52.35445785522461,38650500,WFC
2022-02-14,58.5099983215332,58.650001525878906,57.18000030517578,57.849998474121094,51.94144058227539,32680500,WFC
2022-02-15,59.119998931884766,59.31999969482422,58.09000015258789,58.380001068115234,52.41730880737305,18224600,WFC
2022-02-16,57.90999984741211,58.880001068115234,57.54999923706055,58.13999938964844,52.20182418823242,22057200,WFC
2022-02-17,57.150001525878906,57.529998779296875,55.7599983215332,56.150001525878906,50.41506576538086,24946500,WFC
2022-02-18,56.150001525878906,56.720001220703125,55.369998931884766,55.630001068115234,49.94818878173828,22137900,WFC
2022-02-22,55.56999969482422,56.119998931884766,54.70000076293945,55.279998779296875,49.63393020629883,26887800,WFC
2022-02-23,55.849998474121094,56.02000045776367,53.7599983215332,53.95000076293945,48.43976593017578,21860700,WFC
2022-02-24,51.7599983215332,52.83000183105469,50.68000030517578,52.709999084472656,47.326416015625,40917600,WFC
2022-02-25,53.16999816894531,54.439998626708984,53.09000015258789,54.11000061035156,48.583431243896484,27493500,WFC
2022-02-28,52.630001068115234,53.400001525878906,52.209999084472656,53.369998931884766,47.919002532958984,31094800,WFC
2022-03-01,52.439998626708984,52.720001220703125,50.0099983215332,50.290000915527344,45.15358352661133,54135500,WFC
2022-03-02,51.31999969482422,52.81999969482422,51.0,52.220001220703125,46.8864631652832,34894300,WFC
2022-03-03,52.349998474121094,52.560001373291016,50.939998626708984,51.2400016784668,46.00655746459961,24159700,WFC
2022-03-04,50.040000915527344,50.060001373291016,48.18000030517578,48.790000915527344,43.806793212890625,35871600,WFC
2022-03-07,48.58000183105469,48.58000183105469,45.77000045776367,45.810001373291016,41.13115310668945,56332500,WFC
2022-03-08,46.68000030517578,48.20000076293945,46.349998474121094,46.459999084472656,41.71476364135742,60018100,WFC
2022-03-09,48.790000915527344,49.75,48.349998474121094,49.15999984741211,44.13899230957031,34560200,WFC
2022-03-10,48.2599983215332,49.56999969482422,47.849998474121094,49.0099983215332,44.00431823730469,26178800,WFC
2022-03-11,49.66999816894531,50.0,48.43000030517578,48.470001220703125,43.51948165893555,23707100,WFC
2022-03-14,49.65999984741211,50.380001068115234,49.29999923706055,49.86000061035156,44.76750183105469,28166600,WFC
2022-03-15,50.15999984741211,50.630001068115234,49.33000183105469,50.11000061035156,44.99197006225586,25080600,WFC
2022-03-16,51.04999923706055,52.220001220703125,50.72999954223633,51.599998474121094,46.32978439331055,34672800,WFC
2022-03-17,51.02000045776367,51.4900016784668,50.22999954223633,51.47999954223633,46.2220458984375,29930300,WFC
2022-03-18,50.849998474121094,51.540000915527344,50.040000915527344,51.41999816894531,46.16816329956055,60963400,WFC
2022-03-21,51.65999984741211,51.79999923706055,50.61000061035156,51.13999938964844,45.916770935058594,23411500,WFC
2022-03-22,52.40999984741211,54.20000076293945,52.29999923706055,53.38999938964844,47.93696594238281,28625600,WFC
2022-03-23,52.7599983215332,53.04999923706055,51.099998474121094,51.119998931884766,45.89881896972656,27988700,WFC
2022-03-24,51.709999084472656,51.81999969482422,50.90999984741211,51.33000183105469,46.08736038208008,19677800,WFC
2022-03-25,51.470001220703125,52.59000015258789,51.40999984741211,52.560001373291016,47.191741943359375,19130900,WFC
2022-03-28,52.029998779296875,52.11000061035156,50.779998779296875,51.810001373291016,46.51834487915039,24115400,WFC
2022-03-29,53.060001373291016,53.29999923706055,51.52000045776367,51.599998474121094,46.32978439331055,20915000,WFC
2022-03-30,51.529998779296875,51.68000030517578,49.790000915527344,50.11000061035156,44.99197006225586,30913800,WFC
2022-03-31,49.75,50.43000030517578,48.43000030517578,48.459999084472656,43.510494232177734,31238500,WFC
2022-04-01,49.25,49.470001220703125,47.83000183105469,48.709999084472656,43.734954833984375,29989900,WFC
2022-04-04,48.45000076293945,48.65999984741211,47.61000061035156,48.459999084472656,43.510494232177734,23778300,WFC
2022-04-05,47.90999984741211,48.900001525878906,47.77000045776367,48.119998931884766,43.20521926879883,21757300,WFC
2022-04-06,47.689998626708984,48.08000183105469,47.400001525878906,47.88999938964844,42.99871063232422,26001200,WFC
2022-04-07,48.15999984741211,48.29999923706055,46.58000183105469,47.7400016784668,42.864036560058594,29486500,WFC
2022-04-08,48.0,48.88999938964844,47.93000030517578,48.72999954223633,43.7529182434082,23659800,WFC
2022-04-11,48.939998626708984,50.189998626708984,48.91999816894531,49.33000183105469,44.29163360595703,27041000,WFC
2022-04-12,49.68000030517578,49.900001525878906,48.0,48.41999816894531,43.474571228027344,25791900,WFC
2022-04-13,47.540000915527344,48.619998931884766,47.45000076293945,48.540000915527344,43.58232498168945,20645300,WFC
2022-04-14,45.88999938964844,47.81999969482422,45.029998779296875,46.349998474121094,41.61600112915039,65583200,WFC
2022-04-18,46.220001220703125,47.58000183105469,46.150001525878906,47.16999816894531,42.35224914550781,26120900,WFC
2022-04-19,47.38999938964844,48.189998626708984,47.33000183105469,47.83000183105469,42.944847106933594,19753300,WFC
2022-04-20,48.47999954223633,49.369998931884766,48.31999969482422,48.650001525878906,43.68109893798828,25893000,WFC
2022-04-21,49.150001525878906,49.4900016784668,47.599998474121094,47.779998779296875,42.89994430541992,19027600,WFC
2022-04-22,47.689998626708984,47.91999816894531,46.2599983215332,46.34000015258789,41.607025146484375,21676800,WFC
2022-04-25,45.7599983215332,45.970001220703125,44.529998779296875,45.83000183105469,41.149112701416016,30045500,WFC
2022-04-26,45.15999984741211,46.0,44.560001373291016,44.58000183105469,40.02677536010742,21527400,WFC
2022-04-27,44.40999984741211,45.189998626708984,44.13999938964844,44.58000183105469,40.02677536010742,19520900,WFC
2022-04-28,45.040000915527344,45.310001373291016,44.310001373291016,45.16999816894531,40.5565185546875,17431000,WFC
2022-04-29,45.040000915527344,45.400001525878906,43.5099983215332,43.630001068115234,39.17381286621094,27149400,WFC
2022-05-02,43.869998931884766,44.040000915527344,42.61000061035156,43.66999816894531,39.2097282409668,25009300,WFC
2022-05-03,43.900001525878906,44.63999938964844,43.65999984741211,44.15999984741211,39.649681091308594,21545300,WFC
2022-05-04,44.310001373291016,46.130001068115234,44.18000030517578,45.97999954223633,41.283790588378906,29468000,WFC
2022-05-05,45.0,45.060001373291016,43.45000076293945,44.7599983215332,40.40809631347656,29978600,WFC
2022-05-06,44.61000061035156,44.880001068115234,43.52000045776367,44.54999923706055,40.2185173034668,27035300,WFC
2022-05-09,43.970001220703125,44.540000915527344,43.22999954223633,43.959999084472656,39.68588638305664,27132700,WFC
2022-05-10,44.38999938964844,44.709999084472656,42.189998626708984,43.08000183105469,38.89143753051758,25276100,WFC
2022-05-11,43.11000061035156,44.5099983215332,42.4900016784668,42.56999969482422,38.4310188293457,25291600,WFC
2022-05-12,42.22999954223633,42.40999984741211,40.91999816894531,41.810001373291016,37.74491882324219,30171700,WFC
2022-05-13,42.45000076293945,43.189998626708984,42.279998779296875,42.63999938964844,38.494224548339844,21253200,WFC
2022-05-16,42.400001525878906,42.66999816894531,41.70000076293945,42.209999084472656,38.10602951049805,16837400,WFC
2022-05-17,42.9900016784668,43.81999969482422,42.959999084472656,43.709999084472656,39.46019744873047,23340500,WFC
2022-05-18,43.290000915527344,43.310001373291016,41.88999938964844,42.11000061035156,38.01575469970703,27351300,WFC
2022-05-19,41.70000076293945,42.310001373291016,41.56999969482422,42.0,37.91645050048828,25211900,WFC
2022-05-20,42.5099983215332,42.790000915527344,40.7400016784668,41.66999816894531,37.618526458740234,35410400,WFC
2022-05-23,42.72999954223633,44.31999969482422,42.72999954223633,43.81999969482422,39.55949401855469,27979100,WFC
2022-05-24,43.689998626708984,43.77000045776367,42.63999938964844,43.290000915527344,39.081024169921875,23996000,WFC
2022-05-25,43.09000015258789,44.459999084472656,43.029998779296875,44.119998931884766,39.8303337097168,22343900,WFC
2022-05-26,44.83000183105469,45.7599983215332,44.75,45.599998474121094,41.16642379760742,23502500,WFC
2022-05-27,45.70000076293945,46.04999923706055,45.45000076293945,45.88999938964844,41.42823028564453,19482600,WFC
2022-05-31,45.34000015258789,46.27000045776367,45.0,45.77000045776367,41.31989669799805,40727400,WFC
2022-06-01,45.959999084472656,46.06999969482422,44.400001525878906,45.15999984741211,40.76921463012695,20417900,WFC
2022-06-02,45.119998931884766,45.43000030517578,44.5099983215332,45.33000183105469,40.922691345214844,14633300,WFC
2022-06-03,44.83000183105469,45.33000183105469,44.61000061035156,44.81999969482422,40.4622688293457,12572400,WFC
2022-06-06,45.34000015258789,45.88999938964844,44.959999084472656,45.119998931884766,40.733097076416016,11867200,WFC
2022-06-07,44.7599983215332,45.540000915527344,44.630001068115234,45.470001220703125,41.049072265625,13281600,WFC
2022-06-08,44.880001068115234,45.06999969482422,44.22999954223633,44.630001068115234,40.290740966796875,12364400,WFC
2022-06-09,44.58000183105469,44.630001068115234,42.63999938964844,42.66999816894531,38.521305084228516,20142400,WFC
2022-06-10,41.029998779296875,41.439998626708984,40.02000045776367,40.08000183105469,36.18312072753906,27619300,WFC
2022-06-13,38.97999954223633,39.68000030517578,38.77000045776367,38.9900016784668,35.199100494384766,27553800,WFC
2022-06-14,38.77000045776367,39.29999923706055,37.0099983215332,37.43000030517578,33.790771484375,36817600,WFC
2022-06-15,38.0,38.65999984741211,37.33000183105469,38.16999816894531,34.458824157714844,31358100,WFC
2022-06-16,37.36000061035156,37.72999954223633,36.540000915527344,37.650001525878906,33.98938751220703,37991500,WFC
2022-06-17,37.83000183105469,38.970001220703125,37.5,38.47999954223633,34.73869323730469,59114300,WFC
2022-06-21,39.86000061035156,39.939998626708984,38.869998931884766,38.9900016784668,35.199100494384766,24884700,WFC
2022-06-22,38.38999938964844,39.06999969482422,38.310001373291016,38.599998474121094,34.847023010253906,18631700,WFC
2022-06-23,38.060001373291016,38.36000061035156,37.150001525878906,37.900001525878906,34.215084075927734,23143800,WFC
2022-06-24,38.68000030517578,41.099998474121094,38.5099983215332,40.7599983215332,36.7970085144043,39407700,WFC
2022-06-27,40.84000015258789,40.9900016784668,39.900001525878906,40.2400016784668,36.32756805419922,16996800,WFC
2022-06-28,40.970001220703125,41.560001373291016,40.08000183105469,40.18000030517578,36.27340316772461,18136600,WFC
2022-06-29,40.27000045776367,40.529998779296875,39.54999923706055,39.709999084472656,35.849098205566406,15778700,WFC
2022-06-30,39.06999969482422,39.709999084472656,38.279998779296875,39.16999816894531,35.361595153808594,20425700,WFC
2022-07-01,38.720001220703125,40.08000183105469,38.459999084472656,39.91999816894531,36.03868865966797,15333900,WFC
2022-07-05,39.0,40.119998931884766,38.5099983215332,40.099998474121094,36.201171875,19144500,WFC
2022-07-06,39.61000061035156,40.029998779296875,38.91999816894531,39.5,35.65951156616211,17014100,WFC
2022-07-07,40.209999084472656,40.4900016784668,39.72999954223633,40.119998931884766,36.2192268371582,21060400,WFC
2022-07-08,40.29999923706055,40.70000076293945,39.86000061035156,40.18000030517578,36.27340316772461,14437500,WFC
2022-07-11,39.66999816894531,40.0099983215332,39.2400016784668,39.790000915527344,35.92131805419922,13111600,WFC
2022-07-12,39.08000183105469,40.470001220703125,39.0099983215332,39.599998474121094,35.74979019165039,15127300,WFC
2022-07-13,39.08000183105469,39.349998474121094,38.40999984741211,39.06999969482422,35.27132797241211,14116800,WFC
2022-07-14,38.09000015258789,38.75,37.43000030517578,38.7400016784668,34.973411560058594,24355300,WFC
2022-07-15,39.400001525878906,41.810001373291016,39.22999954223633,41.130001068115234,37.13103485107422,40328300,WFC
2022-07-18,41.93000030517578,42.790000915527344,41.02000045776367,41.189998626708984,37.18519973754883,17991300,WFC
2022-07-19,41.880001068115234,43.06999969482422,41.75,42.900001525878906,38.728939056396484,25724200,WFC
2022-07-20,42.540000915527344,43.029998779296875,42.36000061035156,42.720001220703125,38.566444396972656,19111200,WFC
2022-07-21,42.47999954223633,43.369998931884766,42.279998779296875,43.279998779296875,39.071998596191406,17809000,WFC
2022-07-22,43.16999816894531,43.529998779296875,42.689998626708984,43.16999816894531,38.972686767578125,15965400,WFC
2022-07-25,43.529998779296875,43.90999984741211,43.209999084472656,43.5,39.27060317993164,20297900,WFC
2022-07-26,43.11000061035156,43.68000030517578,42.810001373291016,42.900001525878906,38.728939056396484,15446700,WFC
2022-07-27,42.97999954223633,43.970001220703125,42.689998626708984,43.709999084472656,39.46019744873047,19498400,WFC
2022-07-28,43.54999923706055,43.83000183105469,42.709999084472656,43.31999969482422,39.10811996459961,14527300,WFC
2022-07-29,43.310001373291016,44.349998474121094,43.310001373291016,43.869998931884766,39.60464096069336,17512700,WFC
2022-08-01,43.439998626708984,44.15999984741211,43.15999984741211,43.540000915527344,39.30672073364258,13668300,WFC
2022-08-02,43.4900016784668,43.540000915527344,42.86000061035156,42.880001068115234,38.71089553833008,17764000,WFC
2022-08-03,43.38999938964844,44.56999969482422,43.25,43.88999938964844,39.62268829345703,17359500,WFC
2022-08-04,43.5,43.599998474121094,42.63999938964844,42.77000045776367,38.877323150634766,15062800,WFC
2022-08-05,42.58000183105469,44.29999923706055,42.529998779296875,43.7599983215332,39.77721405029297,16021000,WFC
2022-08-08,43.970001220703125,44.189998626708984,43.130001068115234,43.189998626708984,39.25909423828125,12879700,WFC
2022-08-09,43.220001220703125,43.790000915527344,42.9900016784668,43.400001525878906,39.449981689453125,10489500,WFC
2022-08-10,44.040000915527344,44.70000076293945,44.040000915527344,44.33000183105469,40.29533767700195,14037600,WFC
2022-08-11,45.0,45.61000061035156,44.88999938964844,45.25,41.13160705566406,14038800,WFC
2022-08-12,45.52000045776367,45.959999084472656,45.189998626708984,45.939998626708984,41.75880813598633,10706000,WFC
2022-08-15,45.40999984741211,45.81999969482422,44.90999984741211,45.75,41.58610153198242,11070300,WFC
2022-08-16,45.58000183105469,46.31999969482422,45.349998474121094,46.060001373291016,41.867881774902344,12234100,WFC
2022-08-17,45.720001220703125,46.310001373291016,45.54999923706055,46.13999938964844,41.94060134887695,13151700,WFC
2022-08-18,46.13999938964844,46.20000076293945,45.7599983215332,46.13999938964844,41.94060134887695,7885900,WFC
2022-08-19,45.900001525878906,46.02000045776367,45.040000915527344,45.349998474121094,41.222511291503906,13142900,WFC
2022-08-22,44.599998474121094,44.7400016784668,44.119998931884766,44.40999984741211,40.3680534362793,12391400,WFC
2022-08-23,44.459999084472656,44.959999084472656,44.279998779296875,44.369998931884766,40.331703186035156,10475100,WFC
2022-08-24,44.33000183105469,44.70000076293945,44.02000045776367,44.63999938964844,40.577125549316406,11706700,WFC
2022-08-25,44.790000915527344,45.52000045776367,44.43000030517578,45.38999938964844,41.25886154174805,11783200,WFC
2022-08-26,45.58000183105469,45.720001220703125,43.939998626708984,43.970001220703125,39.96810531616211,13405200,WFC
2022-08-29,43.79999923706055,44.31999969482422,43.58000183105469,43.91999816894531,39.92265319824219,12504900,WFC
2022-08-30,44.2599983215332,44.439998626708984,43.54999923706055,44.13999938964844,40.12263488769531,14365000,WFC
2022-08-31,44.279998779296875,44.59000015258789,43.61000061035156,43.709999084472656,39.73176574707031,22609100,WFC
2022-09-01,43.65999984741211,43.7400016784668,42.79999923706055,43.70000076293945,39.72267532348633,13173000,WFC
2022-09-02,44.29999923706055,44.79999923706055,43.16999816894531,43.380001068115234,39.431800842285156,13025900,WFC
2022-09-06,43.709999084472656,43.880001068115234,42.36000061035156,42.880001068115234,38.97731018066406,14708700,WFC
2022-09-07,42.540000915527344,43.90999984741211,42.25,43.84000015258789,39.84994125366211,19475800,WFC
2022-09-08,43.619998931884766,45.2599983215332,43.34000015258789,45.22999954223633,41.113426208496094,18500300,WFC
2022-09-09,45.5099983215332,45.810001373291016,45.25,45.33000183105469,41.20433044433594,12875500,WFC
2022-09-12,45.68000030517578,46.13999938964844,45.2599983215332,45.529998779296875,41.38612365722656,12127900,WFC
2022-09-13,44.349998474121094,44.529998779296875,43.040000915527344,43.220001220703125,39.28636932373047,21124900,WFC
2022-09-14,43.25,43.61000061035156,42.25,43.279998779296875,39.34090805053711,15067800,WFC
2022-09-15,43.400001525878906,44.689998626708984,43.349998474121094,44.13999938964844,40.12263488769531,13173200,WFC
2022-09-16,43.70000076293945,44.060001373291016,43.33000183105469,43.939998626708984,39.94083023071289,21238800,WFC
2022-09-19,43.43000030517578,44.61000061035156,43.40999984741211,44.31999969482422,40.286251068115234,11324100,WFC
2022-09-20,43.88999938964844,44.290000915527344,43.09000015258789,43.40999984741211,39.45907211303711,19503900,WFC
2022-09-21,43.65999984741211,43.810001373291016,42.2400016784668,42.27000045776367,38.42283248901367,19207100,WFC
2022-09-22,42.4900016784668,42.5099983215332,41.439998626708984,41.52000045776367,37.7410888671875,15499000,WFC
2022-09-23,40.81999969482422,40.97999954223633,39.70000076293945,40.40999984741211,36.73211669921875,23316200,WFC
2022-09-26,40.13999938964844,40.540000915527344,39.34000015258789,40.0099983215332,36.36851501464844,21420000,WFC
2022-09-27,40.209999084472656,40.59000015258789,39.40999984741211,40.029998779296875,36.38670349121094,17541400,WFC
2022-09-28,39.900001525878906,41.060001373291016,39.900001525878906,40.810001373291016,37.09571075439453,16033500,WFC
2022-09-29,40.15999984741211,40.689998626708984,39.77000045776367,40.5,36.81391906738281,14811300,WFC
2022-09-30,40.63999938964844,41.13999938964844,40.18000030517578,40.220001220703125,36.559410095214844,21182200,WFC
2022-10-03,41.290000915527344,41.79999923706055,40.63999938964844,41.58000183105469,37.795631408691406,16827600,WFC
2022-10-04,42.15999984741211,43.59000015258789,42.15999984741211,43.540000915527344,39.57724380493164,18601300,WFC
2022-10-05,42.83000183105469,43.540000915527344,42.560001373291016,43.310001373291016,39.3681755065918,15873400,WFC
2022-10-06,42.869998931884766,43.13999938964844,42.209999084472656,42.2400016784668,38.39554977416992,15634800,WFC
2022-10-07,42.029998779296875,42.119998931884766,41.38999938964844,41.790000915527344,37.986515045166016,17186700,WFC
2022-10-10,41.939998626708984,42.11000061035156,41.150001525878906,41.45000076293945,37.67746353149414,10973700,WFC
2022-10-11,41.220001220703125,41.31999969482422,40.060001373291016,40.22999954223633,36.56849670410156,19135900,WFC
2022-10-12,40.2400016784668,41.220001220703125,39.959999084472656,40.5099983215332,36.8230094909668,16469900,WFC
2022-10-13,39.75,42.66999816894531,39.75,42.380001068115234,38.52281188964844,23808700,WFC
2022-10-14,43.79999923706055,44.93000030517578,43.130001068115234,43.16999816894531,39.24091720581055,33954200,WFC
2022-10-17,44.65999984741211,45.189998626708984,43.88999938964844,43.959999084472656,39.959014892578125,24507000,WFC
2022-10-18,45.11000061035156,45.29999923706055,43.81999969482422,44.66999816894531,40.604393005371094,24810400,WFC
2022-10-19,44.18000030517578,44.52000045776367,43.29999923706055,43.619998931884766,39.649959564208984,17876800,WFC
2022-10-20,43.68000030517578,44.43000030517578,43.5,43.650001525878906,39.67721939086914,17572700,WFC
2022-10-21,43.63999938964844,44.880001068115234,43.56999969482422,44.83000183105469,40.749839782714844,18632800,WFC
2022-10-24,44.95000076293945,45.529998779296875,44.83000183105469,45.20000076293945,41.08615493774414,16154300,WFC
2022-10-25,44.779998779296875,45.599998474121094,44.369998931884766,45.369998931884766,41.24068832397461,16362200,WFC
2022-10-26,45.65999984741211,46.209999084472656,45.470001220703125,45.70000076293945,41.5406494140625,15010800,WFC
2022-10-27,46.02000045776367,46.4900016784668,45.54999923706055,45.650001525878906,41.49519729614258,14655500,WFC
2022-10-28,45.90999984741211,46.4900016784668,45.470001220703125,46.349998474121094,42.13148880004883,14990400,WFC
2022-10-31,46.13999938964844,46.52000045776367,45.97999954223633,45.9900016784668,41.804256439208984,14000000,WFC
2022-11-01,46.58000183105469,47.060001373291016,46.2599983215332,46.95000076293945,42.67688751220703,22409100,WFC
2022-11-02,46.880001068115234,47.54999923706055,46.4900016784668,46.880001068115234,42.61325454711914,29246700,WFC
2022-11-03,46.20000076293945,46.20000076293945,45.40999984741211,45.540000915527344,41.66181945800781,17140100,WFC
2022-11-04,46.33000183105469,46.90999984741211,45.900001525878906,46.7400016784668,42.75962448120117,27082500,WFC
2022-11-07,47.130001068115234,47.81999969482422,46.810001373291016,47.06999969482422,43.061519622802734,17713300,WFC
2022-11-08,47.25,47.470001220703125,46.720001220703125,47.18000030517578,43.16216278076172,14842700,WFC
2022-11-09,46.79999923706055,47.0,45.95000076293945,45.970001220703125,42.05520248413086,18318700,WFC
2022-11-10,47.02000045776367,48.11000061035156,46.93000030517578,47.95000076293945,43.866580963134766,23091900,WFC
2022-11-11,48.099998474121094,48.36000061035156,47.33000183105469,47.54999923706055,43.50064468383789,18076600,WFC
2022-11-14,47.20000076293945,47.56999969482422,46.869998931884766,46.869998931884766,42.8785514831543,13929900,WFC
2022-11-15,47.380001068115234,47.5099983215332,46.2400016784668,46.709999084472656,42.732181549072266,19076000,WFC
2022-11-16,46.66999816894531,46.849998474121094,46.029998779296875,46.209999084472656,42.274757385253906,14713300,WFC
2022-11-17,45.720001220703125,46.16999816894531,45.470001220703125,45.9900016784668,42.07350158691406,11350900,WFC
2022-11-18,46.720001220703125,46.77000045776367,45.970001220703125,46.5,42.540061950683594,10515300,WFC
2022-11-21,46.380001068115234,47.09000015258789,46.380001068115234,46.84000015258789,42.85112380981445,11656800,WFC
2022-11-22,47.130001068115234,47.400001525878906,46.90999984741211,47.11000061035156,43.09811782836914,11684900,WFC
2022-11-23,47.119998931884766,47.5,46.9900016784668,47.33000183105469,43.29938888549805,10878500,WFC
2022-11-25,47.36000061035156,47.63999938964844,47.02000045776367,47.439998626708984,43.4000129699707,4913300,WFC
2022-11-28,47.119998931884766,47.75,46.91999816894531,46.97999954223633,42.979183197021484,12492600,WFC
2022-11-29,47.18000030517578,47.650001525878906,47.040000915527344,47.56999969482422,43.518951416015625,13344900,WFC
2022-11-30,47.31999969482422,47.95000076293945,46.13999938964844,47.95000076293945,43.866580963134766,26417000,WFC
2022-12-01,47.93000030517578,48.18000030517578,46.459999084472656,46.869998931884766,42.8785514831543,15980300,WFC
2022-12-02,46.38999938964844,46.52000045776367,44.880001068115234,45.939998626708984,42.02776336669922,29820400,WFC
2022-12-05,45.70000076293945,45.880001068115234,43.619998931884766,43.65999984741211,39.941925048828125,32574600,WFC
2022-12-06,43.68000030517578,43.849998474121094,42.65999984741211,43.400001525878906,39.70405960083008,25961400,WFC
2022-12-07,43.09000015258789,43.34000015258789,42.439998626708984,42.45000076293945,38.834964752197266,24114900,WFC
2022-12-08,42.709999084472656,42.88999938964844,42.11000061035156,42.58000183105469,38.95389175415039,17161400,WFC
2022-12-09,42.33000183105469,42.91999816894531,42.31999969482422,42.5,38.880706787109375,16023700,WFC
2022-12-12,42.599998474121094,42.93000030517578,42.11000061035156,42.86000061035156,39.21003723144531,18428900,WFC
2022-12-13,43.880001068115234,44.08000183105469,42.11000061035156,42.619998931884766,38.9904899597168,31496000,WFC
2022-12-14,42.59000015258789,43.22999954223633,41.95000076293945,42.18000030517578,38.587955474853516,22044400,WFC
2022-12-15,41.41999816894531,41.709999084472656,41.0099983215332,41.369998931884766,37.84693908691406,16766600,WFC
2022-12-16,41.029998779296875,41.45000076293945,40.849998474121094,41.189998626708984,37.68227005004883,29836200,WFC
2022-12-19,41.34000015258789,41.90999984741211,41.11000061035156,41.81999969482422,38.25861740112305,17454200,WFC
2022-12-20,41.290000915527344,42.560001373291016,40.970001220703125,40.97999954223633,37.49015808105469,25415400,WFC
2022-12-21,41.36000061035156,41.63999938964844,40.91999816894531,41.119998931884766,37.61822509765625,20170800,WFC
2022-12-22,40.709999084472656,40.7400016784668,40.02000045776367,40.68000030517578,37.215694427490234,17382700,WFC
2022-12-23,40.689998626708984,41.0,40.45000076293945,40.97999954223633,37.49015808105469,10167500,WFC
2022-12-27,41.0099983215332,41.13999938964844,40.61000061035156,41.040000915527344,37.54503631591797,10297400,WFC
2022-12-28,40.939998626708984,41.380001068115234,40.86000061035156,41.119998931884766,37.61822509765625,11889400,WFC
2022-12-29,41.150001525878906,41.400001525878906,41.060001373291016,41.33000183105469,37.810340881347656,11597100,WFC
2022-12-30,41.11000061035156,41.43000030517578,40.9900016784668,41.290000915527344,37.77375030517578,10021500,WFC
2023-01-03,41.61000061035156,42.13999938964844,41.45000076293945,41.790000915527344,38.231170654296875,15944300,WFC
2023-01-04,42.2599983215332,43.060001373291016,42.22999954223633,42.650001525878906,39.0179328918457,18943600,WFC
2023-01-05,42.58000183105469,42.630001068115234,41.93000030517578,42.41999816894531,38.807518005371094,12380700,WFC
2023-01-06,42.59000015258789,43.0,42.099998474121094,42.79999923706055,39.155155181884766,15247000,WFC
2023-01-09,43.119998931884766,43.130001068115234,42.15999984741211,42.38999938964844,38.78007507324219,21225600,WFC
2023-01-10,42.66999816894531,42.880001068115234,42.02000045776367,42.36000061035156,38.75263214111328,18348800,WFC
2023-01-11,42.380001068115234,42.83000183105469,42.02000045776367,42.7400016784668,39.10027313232422,18272100,WFC
2023-01-12,43.04999923706055,43.54999923706055,42.79999923706055,42.83000183105469,39.1826057434082,20940400,WFC
2023-01-13,41.380001068115234,44.36000061035156,40.459999084472656,44.220001220703125,40.45423126220703,41649700,WFC
2023-01-17,43.84000015258789,44.369998931884766,43.18000030517578,44.119998931884766,40.36274719238281,25473900,WFC
2023-01-18,43.959999084472656,44.61000061035156,43.29999923706055,43.380001068115234,39.685768127441406,20278000,WFC
2023-01-19,42.90999984741211,43.20000076293945,42.52000045776367,42.95000076293945,39.292381286621094,18565300,WFC
2023-01-20,43.08000183105469,43.939998626708984,42.7599983215332,43.91999816894531,40.17977523803711,23237200,WFC
2023-01-23,43.939998626708984,45.18000030517578,43.869998931884766,45.029998779296875,41.195247650146484,19692000,WFC
2023-01-24,44.90999984741211,45.20000076293945,44.369998931884766,44.45000076293945,40.664642333984375,13697200,WFC
2023-01-25,44.04999923706055,45.41999816894531,44.029998779296875,45.34000015258789,41.47885513305664,17285300,WFC
2023-01-26,45.529998779296875,45.900001525878906,45.15999984741211,45.810001373291016,41.90882873535156,16724600,WFC
2023-01-27,45.810001373291016,46.369998931884766,45.810001373291016,46.119998931884766,42.19242477416992,18161800,WFC
2023-01-30,45.90999984741211,46.650001525878906,45.810001373291016,46.290000915527344,42.34795379638672,19427400,WFC
2023-01-31,46.31999969482422,46.880001068115234,46.060001373291016,46.869998931884766,42.8785514831543,22840400,WFC
2023-02-01,46.65999984741211,47.79999923706055,46.470001220703125,47.33000183105469,43.29938888549805,21874600,WFC
2023-02-02,47.31999969482422,47.56999969482422,46.43000030517578,47.22999954223633,43.4835205078125,19058000,WFC
2023-02-03,47.0,48.040000915527344,46.95000076293945,47.58000183105469,43.80575942993164,17346900,WFC
2023-02-06,47.2599983215332,47.7599983215332,47.150001525878906,47.68000030517578,43.8978271484375,15948900,WFC
2023-02-07,47.439998626708984,48.40999984741211,47.349998474121094,48.130001068115234,44.312129974365234,21764800,WFC
2023-02-08,47.70000076293945,48.61000061035156,47.61000061035156,48.25,44.422603607177734,18070500,WFC
2023-02-09,48.470001220703125,48.630001068115234,47.4900016784668,47.56999969482422,43.79655075073242,17362100,WFC
2023-02-10,47.40999984741211,47.709999084472656,46.97999954223633,47.5099983215332,43.74130630493164,18929000,WFC
2023-02-13,47.34000015258789,48.150001525878906,47.130001068115234,48.130001068115234,44.312129974365234,16451700,WFC
2023-02-14,47.93000030517578,48.84000015258789,47.75,48.5,44.65277099609375,16844400,WFC
2023-02-15,47.91999816894531,48.2599983215332,47.70000076293945,47.970001220703125,44.164817810058594,12854000,WFC
2023-02-16,47.599998474121094,47.810001373291016,47.189998626708984,47.220001220703125,43.47431564331055,12631700,WFC
2023-02-17,47.09000015258789,47.56999969482422,47.02000045776367,47.4900016784668,43.722900390625,13463800,WFC
2023-02-21,47.06999969482422,47.06999969482422,45.970001220703125,46.2400016784668,42.572052001953125,13652700,WFC
2023-02-22,45.95000076293945,46.22999954223633,45.689998626708984,46.0099983215332,42.36029052734375,13402900,WFC
2023-02-23,46.119998931884766,46.439998626708984,45.790000915527344,46.25,42.581260681152344,14783600,WFC
2023-02-24,45.84000015258789,46.7599983215332,45.70000076293945,46.619998931884766,42.92190933227539,16040300,WFC
2023-02-27,46.939998626708984,47.43000030517578,46.720001220703125,46.779998779296875,43.069210052490234,15468200,WFC
2023-02-28,46.66999816894531,47.029998779296875,46.540000915527344,46.77000045776367,43.060001373291016,18627200,WFC
2023-03-01,46.5,46.91999816894531,46.25,46.68000030517578,42.977142333984375,13382200,WFC
2023-03-02,46.459999084472656,46.619998931884766,45.380001068115234,45.79999923706055,42.16695022583008,19115000,WFC
2023-03-03,46.02000045776367,46.97999954223633,45.90999984741211,46.849998474121094,43.133663177490234,14947200,WFC
2023-03-06,46.880001068115234,47.18000030517578,46.5099983215332,46.630001068115234,42.931114196777344,14236000,WFC
2023-03-07,46.189998626708984,46.27000045776367,44.119998931884766,44.45000076293945,40.924041748046875,24056800,WFC
2023-03-08,44.2599983215332,44.560001373291016,43.599998474121094,43.84000015258789,40.362430572509766,14852000,WFC
2023-03-09,43.439998626708984,43.529998779296875,40.83000183105469,41.130001068115234,37.867393493652344,33599800,WFC
2023-03-10,40.58000183105469,42.36000061035156,39.72999954223633,41.36000061035156,38.07915115356445,55435400,WFC
2023-03-13,39.79999923706055,40.54999923706055,38.209999084472656,38.40999984741211,35.3631591796875,78806900,WFC
2023-03-14,41.5,41.599998474121094,39.369998931884766,40.16999816894531,36.98354721069336,52855100,WFC
2023-03-15,38.29999923706055,38.97999954223633,38.08000183105469,38.849998474121094,35.768245697021484,47324600,WFC
2023-03-16,38.630001068115234,40.060001373291016,38.150001525878906,39.29999923706055,36.18255615234375,40388800,WFC
2023-03-17,38.7599983215332,38.7599983215332,37.529998779296875,37.7599983215332,34.76470947265625,47403800,WFC
2023-03-20,38.119998931884766,38.45000076293945,37.45000076293945,37.47999954223633,34.506927490234375,34283700,WFC
2023-03-21,38.599998474121094,38.959999084472656,38.36000061035156,38.47999954223633,35.4276123046875,34664700,WFC
2023-03-22,38.709999084472656,38.709999084472656,37.189998626708984,37.20000076293945,34.249149322509766,22994400,WFC
2023-03-23,37.4900016784668,37.63999938964844,36.5099983215332,36.61000061035156,33.7059440612793,30239900,WFC
2023-03-24,36.0,36.47999954223633,35.25,36.22999954223633,33.3560791015625,35694800,WFC
2023-03-27,37.02000045776367,37.689998626708984,36.959999084472656,37.470001220703125,34.49772262573242,27454600,WFC
2023-03-28,37.36000061035156,37.59000015258789,36.869998931884766,37.18000030517578,34.23073196411133,15270000,WFC
2023-03-29,37.599998474121094,38.0099983215332,37.29999923706055,37.970001220703125,34.95806121826172,20789100,WFC
2023-03-30,38.29999923706055,38.5,37.16999816894531,37.380001068115234,34.41486740112305,22340400,WFC
2023-03-31,37.72999954223633,37.95000076293945,37.310001373291016,37.380001068115234,34.41486740112305,30287900,WFC
2023-04-03,37.52000045776367,38.15999984741211,37.400001525878906,37.720001220703125,34.72789764404297,21541000,WFC
2023-04-04,37.70000076293945,37.79999923706055,36.38999938964844,36.810001373291016,33.890071868896484,21942700,WFC
2023-04-05,36.5,37.0099983215332,36.27000045776367,36.88999938964844,33.9637336730957,15486900,WFC
2023-04-06,37.11000061035156,38.099998474121094,37.060001373291016,37.900001525878906,34.89361572265625,23484900,WFC
2023-04-10,37.70000076293945,38.709999084472656,37.61000061035156,38.630001068115234,35.56570816040039,27005800,WFC
2023-04-11,38.77000045776367,39.540000915527344,38.709999084472656,39.369998931884766,36.247005462646484,25116100,WFC
2023-04-12,39.41999816894531,39.849998474121094,38.88999938964844,39.189998626708984,36.0812873840332,20252900,WFC
2023-04-13,39.31999969482422,39.68000030517578,39.040000915527344,39.65999984741211,36.51400375366211,22397800,WFC
2023-04-14,39.75,40.5099983215332,39.119998931884766,39.63999938964844,36.49559020996094,40963100,WFC
2023-04-17,39.83000183105469,41.29999923706055,39.560001373291016,41.29999923706055,38.02391815185547,31445100,WFC
2023-04-18,41.209999084472656,42.060001373291016,41.13999938964844,41.869998931884766,38.54869842529297,27892300,WFC
2023-04-19,41.970001220703125,42.40999984741211,41.790000915527344,42.2400016784668,38.889339447021484,23310500,WFC
2023-04-20,41.869998931884766,42.04999923706055,41.45000076293945,41.66999816894531,38.36455535888672,19265500,WFC
2023-04-21,41.209999084472656,41.400001525878906,40.209999084472656,41.2400016784668,37.96866989135742,23975300,WFC
2023-04-24,41.130001068115234,41.599998474121094,41.040000915527344,41.45000076293945,38.16201400756836,17327800,WFC
2023-04-25,40.70000076293945,41.060001373291016,40.38999938964844,40.54999923706055,37.33340835571289,20728000,WFC
2023-04-26,40.2400016784668,40.45000076293945,39.2400016784668,39.459999084472656,36.329872131347656,26915600,WFC
2023-04-27,39.529998779296875,39.779998779296875,39.31999969482422,39.65999984741211,36.51400375366211,21695800,WFC
2023-04-28,39.25,39.91999816894531,38.959999084472656,39.75,36.59686279296875,20193000,WFC
2023-05-01,40.4900016784668,41.18000030517578,40.189998626708984,40.38999938964844,37.18609619140625,26564300,WFC
2023-05-02,40.0099983215332,40.0099983215332,38.31999969482422,38.84000015258789,35.75904846191406,36239500,WFC
2023-05-03,39.029998779296875,39.66999816894531,38.61000061035156,38.650001525878906,35.5841178894043,25202700,WFC
2023-05-04,37.68000030517578,38.08000183105469,36.400001525878906,36.720001220703125,34.07168197631836,53247000,WFC
2023-05-05,37.459999084472656,38.279998779296875,37.33000183105469,37.939998626708984,35.20369338989258,27039700,WFC
2023-05-08,38.43000030517578,38.779998779296875,38.150001525878906,38.380001068115234,35.61195373535156,22735400,WFC
2023-05-09,37.939998626708984,38.66999816894531,37.77000045776367,38.540000915527344,35.76041030883789,18999100,WFC
2023-05-10,39.20000076293945,39.22999954223633,37.900001525878906,38.279998779296875,35.5191650390625,17941600,WFC
2023-05-11,37.7599983215332,38.47999954223633,37.40999984741211,38.33000183105469,35.565555572509766,18536200,WFC
2023-05-12,38.459999084472656,38.529998779296875,37.18000030517578,37.4900016784668,34.7861442565918,17658600,WFC
2023-05-15,37.599998474121094,39.099998474121094,37.459999084472656,38.77000045776367,35.97382736206055,24405800,WFC
2023-05-16,38.68000030517578,38.77000045776367,38.31999969482422,38.38999938964844,35.6212272644043,21821200,WFC
2023-05-17,38.9900016784668,40.61000061035156,38.88999938964844,40.459999084472656,37.54193878173828,29241600,WFC
2023-05-18,40.31999969482422,40.31999969482422,39.56999969482422,40.209999084472656,37.30997848510742,27213900,WFC
2023-05-19,40.33000183105469,40.459999084472656,39.619998931884766,40.029998779296875,37.1429557800293,19774900,WFC
2023-05-22,40.20000076293945,41.22999954223633,40.099998474121094,40.97999954223633,38.02444076538086,27519400,WFC
2023-05-23,41.0099983215332,42.119998931884766,40.97999954223633,41.209999084472656,38.23784637451172,26116600,WFC
2023-05-24,40.88999938964844,41.290000915527344,40.68000030517578,40.869998931884766,37.92237091064453,21193700,WFC
2023-05-25,40.619998931884766,41.290000915527344,40.52000045776367,40.900001525878906,37.95021057128906,17691800,WFC
2023-05-26,40.900001525878906,41.52000045776367,40.7599983215332,41.22999954223633,38.25640869140625,17399400,WFC
2023-05-30,41.2400016784668,41.41999816894531,40.34000015258789,40.97999954223633,38.02444076538086,14752600,WFC
2023-05-31,40.290000915527344,40.470001220703125,39.29999923706055,39.810001373291016,36.93882369995117,27221100,WFC
2023-06-01,40.209999084472656,40.529998779296875,39.68000030517578,40.060001373291016,37.17079544067383,17079400,WFC
2023-06-02,40.619998931884766,41.54999923706055,40.380001068115234,41.2400016784668,38.265682220458984,16906100,WFC
2023-06-05,41.15999984741211,41.15999984741211,40.439998626708984,40.45000076293945,37.532657623291016,18443900,WFC
2023-06-06,40.400001525878906,41.619998931884766,40.2599983215332,41.2599983215332,38.28424835205078,18825100,WFC
2023-06-07,41.45000076293945,42.13999938964844,40.9900016784668,42.06999969482422,39.03582763671875,17781800,WFC
2023-06-08,41.70000076293945,42.400001525878906,41.560001373291016,42.369998931884766,39.314186096191406,17157300,WFC
2023-06-09,42.33000183105469,42.470001220703125,42.029998779296875,42.130001068115234,39.09149169921875,11098900,WFC
2023-06-12,42.11000061035156,42.7599983215332,41.40999984741211,41.83000183105469,38.81313705444336,19433400,WFC
2023-06-13,41.68000030517578,43.34000015258789,41.529998779296875,42.650001525878906,39.573997497558594,18864000,WFC
2023-06-14,42.75,42.9900016784668,41.9900016784668,42.08000183105469,39.045101165771484,14826100,WFC
2023-06-15,41.81999969482422,42.41999816894531,41.619998931884766,42.36000061035156,39.30491256713867,14188200,WFC
2023-06-16,42.58000183105469,42.7400016784668,42.060001373291016,42.18000030517578,39.13789367675781,36422100,WFC
2023-06-20,42.119998931884766,42.13999938964844,41.34000015258789,41.88999938964844,38.868804931640625,16679600,WFC
2023-06-21,41.849998474121094,41.959999084472656,41.529998779296875,41.650001525878906,38.64612579345703,11686500,WFC
2023-06-22,41.54999923706055,41.630001068115234,40.91999816894531,41.060001373291016,38.098663330078125,11504400,WFC
2023-06-23,40.529998779296875,40.7400016784668,40.29999923706055,40.61000061035156,37.68111801147461,18952000,WFC
2023-06-26,40.779998779296875,41.220001220703125,40.459999084472656,40.59000015258789,37.66256332397461,13618500,WFC
2023-06-27,40.619998931884766,41.060001373291016,40.34000015258789,40.90999984741211,37.95948791503906,11749600,WFC
2023-06-28,40.91999816894531,40.939998626708984,40.380001068115234,40.619998931884766,37.69040298461914,13959600,WFC
2023-06-29,41.47999954223633,42.5099983215332,41.369998931884766,42.45000076293945,39.388423919677734,23956300,WFC
2023-06-30,42.95000076293945,43.220001220703125,42.619998931884766,42.68000030517578,39.601829528808594,20062200,WFC
2023-07-03,42.880001068115234,43.599998474121094,42.7400016784668,43.400001525878906,40.269901275634766,9249100,WFC
2023-07-05,43.22999954223633,43.619998931884766,42.77000045776367,43.47999954223633,40.344139099121094,15722200,WFC
2023-07-06,43.220001220703125,43.310001373291016,42.2400016784668,42.88999938964844,39.79668045043945,14978600,WFC
2023-07-07,42.59000015258789,43.43000030517578,42.59000015258789,42.77000045776367,39.68534469604492,13506500,WFC
2023-07-10,42.709999084472656,42.9900016784668,42.279998779296875,42.31999969482422,39.26779556274414,16675800,WFC
2023-07-11,42.349998474121094,42.93000030517578,42.06999969482422,42.7400016784668,39.657508850097656,15401100,WFC
2023-07-12,43.310001373291016,43.849998474121094,43.0099983215332,43.2599983215332,40.1400032043457,13998300,WFC
2023-07-13,43.470001220703125,43.7599983215332,43.29999923706055,43.709999084472656,40.55754470825195,18034800,WFC
2023-07-14,44.75,45.310001373291016,43.29999923706055,43.560001373291016,40.418365478515625,30897600,WFC
2023-07-17,43.560001373291016,45.130001068115234,43.54999923706055,44.7400016784668,41.51326370239258,25173900,WFC
2023-07-18,44.77000045776367,45.70000076293945,44.599998474121094,45.599998474121094,42.31123733520508,24183200,WFC
2023-07-19,45.93000030517578,46.56999969482422,45.540000915527344,46.2599983215332,42.92363357543945,18932700,WFC
2023-07-20,46.369998931884766,47.2400016784668,46.209999084472656,47.130001068115234,43.73088836669922,18927200,WFC
2023-07-21,47.18000030517578,47.209999084472656,45.95000076293945,45.959999084472656,42.64527130126953,16215400,WFC
2023-07-24,45.970001220703125,46.83000183105469,45.959999084472656,46.41999816894531,43.07209014892578,12053200,WFC
2023-07-25,46.38999938964844,46.63999938964844,45.43000030517578,45.47999954223633,42.199893951416016,13537400,WFC
2023-07-26,46.47999954223633,46.83000183105469,46.11000061035156,46.439998626708984,43.09065246582031,19520900,WFC
2023-07-27,46.560001373291016,47.16999816894531,45.58000183105469,45.77000045776367,42.46897888183594,19509600,WFC
2023-07-28,46.04999923706055,46.22999954223633,45.56999969482422,46.13999938964844,42.812286376953125,12616400,WFC
2023-07-31,46.34000015258789,46.68000030517578,45.86000061035156,46.15999984741211,42.83085250854492,11696600,WFC
2023-08-01,46.0099983215332,46.15999984741211,45.34000015258789,45.709999084472656,42.413299560546875,12699200,WFC
2023-08-02,45.099998474121094,45.16999816894531,44.560001373291016,45.099998474121094,41.84729766845703,13911700,WFC
2023-08-03,44.709999084472656,45.38999938964844,44.5099983215332,45.150001525878906,42.221351623535156,12145400,WFC
2023-08-04,45.099998474121094,45.70000076293945,44.709999084472656,44.849998474121094,41.94080352783203,10840800,WFC
2023-08-07,45.18000030517578,45.459999084472656,44.91999816894531,45.060001373291016,42.137184143066406,10860300,WFC
2023-08-08,43.97999954223633,44.54999923706055,43.380001068115234,44.47999954223633,41.59480667114258,14520000,WFC
2023-08-09,44.220001220703125,44.25,43.56999969482422,43.720001220703125,40.88410568237305,11973800,WFC
2023-08-10,44.0,44.38999938964844,43.619998931884766,43.66999816894531,40.83734893798828,11982200,WFC
2023-08-11,43.5099983215332,43.849998474121094,43.380001068115234,43.72999954223633,40.89345932006836,7316000,WFC
2023-08-14,43.529998779296875,43.90999984741211,43.27000045776367,43.7400016784668,40.90281295776367,10677000,WFC
2023-08-15,43.130001068115234,43.2599983215332,42.52000045776367,42.72999954223633,39.95832443237305,13835900,WFC
2023-08-16,42.65999984741211,42.72999954223633,42.13999938964844,42.220001220703125,39.481407165527344,10076700,WFC
2023-08-17,42.470001220703125,42.75,42.2599983215332,42.470001220703125,39.71519470214844,12686000,WFC
2023-08-18,42.099998474121094,42.790000915527344,42.04999923706055,42.5,39.74324035644531,10797300,WFC
2023-08-21,42.650001525878906,42.869998931884766,42.119998931884766,42.4900016784668,39.73389434814453,12600400,WFC
2023-08-22,42.459999084472656,42.56999969482422,41.43000030517578,41.5,38.80810546875,13634500,WFC
2023-08-23,41.560001373291016,41.63999938964844,41.220001220703125,41.61000061035156,38.91096878051758,11927400,WFC
2023-08-24,41.45000076293945,42.18000030517578,41.38999938964844,41.43000030517578,38.742645263671875,10363300,WFC
2023-08-25,41.63999938964844,41.79999923706055,40.77000045776367,41.22999954223633,38.55561447143555,12534700,WFC
2023-08-28,41.40999984741211,42.06999969482422,41.290000915527344,41.880001068115234,39.1634521484375,10314500,WFC
2023-08-29,41.869998931884766,42.369998931884766,41.650001525878906,42.0,39.275672912597656,14404800,WFC
2023-08-30,42.060001373291016,42.130001068115234,41.470001220703125,41.540000915527344,38.84551239013672,12536300,WFC
2023-08-31,41.68000030517578,41.709999084472656,41.11000061035156,41.290000915527344,38.61172866821289,21534900,WFC
2023-09-01,41.54999923706055,41.9900016784668,41.5099983215332,41.650001525878906,38.94837951660156,12890300,WFC
2023-09-05,41.650001525878906,42.279998779296875,41.310001373291016,41.540000915527344,38.84551239013672,14337200,WFC
2023-09-06,41.209999084472656,41.400001525878906,40.599998474121094,41.02000045776367,38.35924530029297,18775400,WFC
2023-09-07,40.72999954223633,41.02000045776367,40.29999923706055,40.43000030517578,37.80751037597656,13801000,WFC
2023-09-08,40.45000076293945,41.119998931884766,40.33000183105469,41.0,38.34054183959961,13921200,WFC
2023-09-11,41.380001068115234,41.720001220703125,41.209999084472656,41.33000183105469,38.649131774902344,15053800,WFC
2023-09-12,41.40999984741211,42.970001220703125,41.27000045776367,42.540000915527344,39.7806396484375,18393900,WFC
2023-09-13,42.709999084472656,42.880001068115234,42.119998931884766,42.25,39.50946044921875,15274200,WFC
2023-09-14,42.810001373291016,43.38999938964844,42.70000076293945,43.04999923706055,40.257568359375,20764500,WFC
2023-09-15,42.66999816894531,43.310001373291016,42.61000061035156,42.95000076293945,40.16405487060547,47371800,WFC
2023-09-18,42.9900016784668,43.599998474121094,42.77000045776367,43.43000030517578,40.61292266845703,15849700,WFC
2023-09-19,43.54999923706055,43.7400016784668,42.900001525878906,43.220001220703125,40.41654586791992,15318100,WFC
2023-09-20,43.400001525878906,43.720001220703125,42.81999969482422,42.869998931884766,40.0892333984375,16788100,WFC
2023-09-21,42.75,43.16999816894531,42.290000915527344,42.31999969482422,39.57491683959961,14990500,WFC
2023-09-22,42.33000183105469,42.38999938964844,41.150001525878906,41.22999954223633,38.55561447143555,16780300,WFC
2023-09-25,40.880001068115234,41.619998931884766,40.77000045776367,41.560001373291016,38.86421203613281,10624000,WFC
2023-09-26,41.04999923706055,41.310001373291016,40.36000061035156,40.650001525878906,38.013248443603516,15219400,WFC
2023-09-27,40.630001068115234,41.20000076293945,40.459999084472656,40.86000061035156,38.20962142944336,11815500,WFC
2023-09-28,40.84000015258789,41.20000076293945,40.720001220703125,40.90999984741211,38.256378173828125,12454600,WFC
2023-09-29,41.20000076293945,41.38999938964844,40.58000183105469,40.86000061035156,38.20962142944336,13124500,WFC
2023-10-02,40.70000076293945,40.7599983215332,39.439998626708984,39.61000061035156,37.04069519042969,15102000,WFC
2023-10-03,39.380001068115234,39.470001220703125,38.470001220703125,38.66999816894531,36.16167068481445,19252900,WFC
2023-10-04,38.5099983215332,39.11000061035156,38.38999938964844,38.970001220703125,36.44222640991211,14343500,WFC
2023-10-05,38.7599983215332,39.41999816894531,38.599998474121094,39.29999923706055,36.75081253051758,11820600,WFC
2023-10-06,38.88999938964844,39.88999938964844,38.7599983215332,39.689998626708984,37.115509033203125,13976800,WFC
2023-10-09,39.11000061035156,39.79999923706055,39.099998474121094,39.70000076293945,37.12486267089844,12096600,WFC
2023-10-10,39.91999816894531,40.380001068115234,39.720001220703125,39.81999969482422,37.23707962036133,14429700,WFC
2023-10-11,40.0099983215332,40.209999084472656,39.25,39.689998626708984,37.115509033203125,14835900,WFC
2023-10-12,39.689998626708984,40.0099983215332,39.31999969482422,39.7400016784668,37.16228103637695,14878100,WFC
2023-10-13,40.83000183105469,41.63999938964844,40.470001220703125,40.959999084472656,38.30312728881836,28077900,WFC
2023-10-16,41.470001220703125,42.16999816894531,41.400001525878906,41.650001525878906,38.94837951660156,18419000,WFC
2023-10-17,41.43000030517578,42.369998931884766,41.43000030517578,41.97999954223633,39.2569694519043,16982300,WFC
2023-10-18,41.70000076293945,41.939998626708984,41.349998474121094,41.529998779296875,38.83616256713867,16053200,WFC
2023-10-19,41.47999954223633,42.220001220703125,41.15999984741211,41.18000030517578,38.50886154174805,16120300,WFC
2023-10-20,41.04999923706055,41.09000015258789,39.939998626708984,40.27000045776367,37.65788650512695,17498900,WFC
2023-10-23,40.2599983215332,40.380001068115234,39.41999816894531,39.47999954223633,36.91913604736328,13785800,WFC
2023-10-24,39.619998931884766,39.83000183105469,39.2400016784668,39.279998779296875,36.73210525512695,15097800,WFC
2023-10-25,39.06999969482422,39.209999084472656,38.58000183105469,39.029998779296875,36.498329162597656,13849000,WFC
2023-10-26,39.02000045776367,39.97999954223633,38.97999954223633,39.650001525878906,37.07810592651367,15480300,WFC
2023-10-27,39.380001068115234,39.40999984741211,38.619998931884766,38.7599983215332,36.24584197998047,13582800,WFC
2023-10-30,39.099998474121094,39.59000015258789,38.689998626708984,39.43000030517578,36.87237548828125,14141900,WFC
2023-10-31,39.63999938964844,39.810001373291016,39.2400016784668,39.77000045776367,37.19032287597656,11919200,WFC
2023-11-01,39.959999084472656,39.97999954223633,39.279998779296875,39.61000061035156,37.04069519042969,19850300,WFC
2023-11-02,39.7400016784668,40.540000915527344,39.38999938964844,40.5099983215332,38.22003936767578,19998500,WFC
2023-11-03,41.16999816894531,41.86000061035156,41.06999969482422,41.619998931884766,39.267295837402344,16147500,WFC
2023-11-06,41.790000915527344,41.790000915527344,41.150001525878906,41.34000015258789,39.00312042236328,15148600,WFC
2023-11-07,41.18000030517578,41.20000076293945,40.7400016784668,41.040000915527344,38.720088958740234,13796900,WFC
2023-11-08,41.06999969482422,41.189998626708984,40.43000030517578,40.97999954223633,38.66347122192383,19418700,WFC
2023-11-09,41.29999923706055,41.380001068115234,40.27000045776367,40.400001525878906,38.11626052856445,14006500,WFC
2023-11-10,40.630001068115234,40.95000076293945,40.36000061035156,40.88999938964844,38.578556060791016,14706600,WFC
2023-11-13,40.7400016784668,41.060001373291016,40.529998779296875,40.77000045776367,38.46534729003906,12159700,WFC
2023-11-14,41.5,42.380001068115234,41.459999084472656,42.08000183105469,39.7012939453125,20183800,WFC
2023-11-15,42.06999969482422,43.029998779296875,42.06999969482422,42.84000015258789,40.41832733154297,17268100,WFC
2023-11-16,42.81999969482422,42.959999084472656,41.9900016784668,42.529998779296875,40.125850677490234,16931200,WFC
2023-11-17,42.83000183105469,42.9900016784668,42.439998626708984,42.959999084472656,40.53154754638672,13893800,WFC
2023-11-20,42.86000061035156,42.95000076293945,42.5099983215332,42.790000915527344,40.371150970458984,10369100,WFC
2023-11-21,42.63999938964844,42.72999954223633,42.150001525878906,42.599998474121094,40.191898345947266,16078400,WFC
2023-11-22,42.65999984741211,42.83000183105469,42.400001525878906,42.779998779296875,40.361724853515625,11862200,WFC
2023-11-24,42.79999923706055,43.11000061035156,42.72999954223633,42.91999816894531,40.493804931640625,5287200,WFC
2023-11-27,42.63999938964844,43.029998779296875,42.52000045776367,43.02000045776367,40.588157653808594,15715000,WFC
2023-11-28,42.970001220703125,43.45000076293945,42.790000915527344,43.369998931884766,40.918373107910156,15332900,WFC
2023-11-29,43.689998626708984,44.13999938964844,43.630001068115234,43.779998779296875,41.30519104003906,16746000,WFC
2023-11-30,43.810001373291016,44.75,43.47999954223633,44.59000015258789,42.06940460205078,23247500,WFC
2023-12-01,44.5099983215332,45.2400016784668,44.380001068115234,45.02000045776367,42.475093841552734,18116100,WFC
2023-12-04,44.709999084472656,45.33000183105469,44.52000045776367,45.119998931884766,42.5694465637207,13424000,WFC
2023-12-05,44.95000076293945,44.970001220703125,44.40999984741211,44.4900016784668,41.975059509277344,14531700,WFC
2023-12-06,44.79999923706055,45.25,44.43000030517578,44.5,41.984500885009766,18923800,WFC
2023-12-07,44.790000915527344,45.439998626708984,44.650001525878906,45.400001525878906,42.833621978759766,18787800,WFC
2023-12-08,45.36000061035156,46.34000015258789,45.119998931884766,46.099998474121094,43.49404525756836,20238400,WFC
2023-12-11,45.900001525878906,46.220001220703125,45.56999969482422,46.0,43.39970397949219,21116900,WFC
2023-12-12,45.939998626708984,46.7599983215332,45.810001373291016,46.470001220703125,43.84313201904297,19787100,WFC
2023-12-13,46.5,47.779998779296875,46.349998474121094,47.7599983215332,45.060211181640625,26549100,WFC
2023-12-14,48.439998626708984,50.54999923706055,48.439998626708984,50.5099983215332,47.654754638671875,41115400,WFC
2023-12-15,50.099998474121094,50.77000045776367,49.91999816894531,50.310001373291016,47.466068267822266,44099200,WFC
2023-12-18,50.40999984741211,50.47999954223633,49.529998779296875,49.65999984741211,46.85280227661133,20531700,WFC
2023-12-19,49.66999816894531,50.31999969482422,49.310001373291016,50.09000015258789,47.25850296020508,20556400,WFC
2023-12-20,49.83000183105469,50.56999969482422,49.290000915527344,49.34000015258789,46.550899505615234,20481500,WFC
2023-12-21,49.619998931884766,49.83000183105469,49.130001068115234,49.45000076293945,46.6546745300293,11127700,WFC
2023-12-22,49.65999984741211,49.86000061035156,49.09000015258789,49.18000030517578,46.39994812011719,10450400,WFC
2023-12-26,49.15999984741211,49.66999816894531,49.029998779296875,49.63999938964844,46.83393478393555,8856600,WFC
2023-12-27,49.40999984741211,49.56999969482422,49.150001525878906,49.33000183105469,46.54145812988281,12536700,WFC
2023-12-28,49.13999938964844,49.650001525878906,49.09000015258789,49.47999954223633,46.682979583740234,9872600,WFC
2023-12-29,49.349998474121094,49.58000183105469,49.209999084472656,49.220001220703125,46.43768310546875,11733600,WFC
2024-01-02,49.04999923706055,49.7599983215332,48.81999969482422,49.33000183105469,46.54145812988281,14916000,WFC
2024-01-03,49.09000015258789,49.09000015258789,48.31999969482422,48.68000030517578,45.92820739746094,21653600,WFC
2024-01-04,48.81999969482422,49.86000061035156,48.77000045776367,49.279998779296875,46.494285583496094,15917500,WFC
2024-01-05,49.400001525878906,50.470001220703125,49.290000915527344,49.91999816894531,47.09811019897461,15074800,WFC
2024-01-08,49.380001068115234,49.9900016784668,49.150001525878906,49.91999816894531,47.09811019897461,15119700,WFC
2024-01-09,49.439998626708984,49.459999084472656,49.04999923706055,49.290000915527344,46.50372314453125,13625200,WFC
2024-01-10,49.0,49.119998931884766,48.61000061035156,49.08000183105469,46.30558776855469,11849800,WFC
2024-01-11,48.88999938964844,49.08000183105469,48.34000015258789,49.040000915527344,46.267852783203125,21049200,WFC
2024-01-12,47.95000076293945,48.779998779296875,47.0,47.400001525878906,44.72056579589844,30454100,WFC
2024-01-16,46.77000045776367,47.060001373291016,46.220001220703125,46.81999969482422,44.17333984375,25209900,WFC
2024-01-17,46.2400016784668,47.060001373291016,46.209999084472656,46.66999816894531,44.031829833984375,17445600,WFC
2024-01-18,46.54999923706055,46.619998931884766,46.119998931884766,46.439998626708984,43.8148307800293,17901300,WFC
2024-01-19,46.630001068115234,48.18000030517578,46.380001068115234,48.119998931884766,45.39986038208008,25606900,WFC
2024-01-22,48.22999954223633,48.93000030517578,48.15999984741211,48.529998779296875,45.78668975830078,19372200,WFC
2024-01-23,48.650001525878906,49.220001220703125,48.400001525878906,49.119998931884766,46.34333419799805,16422100,WFC
2024-01-24,49.369998931884766,50.09000015258789,49.25,49.4900016784668,46.69242477416992,17776000,WFC
2024-01-25,49.68000030517578,49.939998626708984,49.5,49.880001068115234,47.06037521362305,17979600,WFC
2024-01-26,49.84000015258789,50.5,49.77000045776367,50.31999969482422,47.47549819946289,19211100,WFC
2024-01-29,50.15999984741211,50.66999816894531,49.9900016784668,50.349998474121094,47.5037956237793,16725200,WFC
2024-01-30,50.630001068115234,51.27000045776367,50.619998931884766,51.189998626708984,48.29631805419922,14736800,WFC
2024-01-31,51.0099983215332,51.439998626708984,50.15999984741211,50.18000030517578,47.34341812133789,20394400,WFC
2024-02-01,49.81999969482422,49.970001220703125,47.880001068115234,48.72999954223633,46.298309326171875,27566100,WFC
2024-02-02,48.5,49.56999969482422,48.060001373291016,49.15999984741211,46.70683670043945,19329000,WFC
2024-02-05,48.61000061035156,48.91999816894531,48.2400016784668,48.70000076293945,46.269798278808594,14202700,WFC
2024-02-06,48.52000045776367,49.119998931884766,48.0099983215332,48.290000915527344,45.88025665283203,13926600,WFC
2024-02-07,48.45000076293945,48.599998474121094,47.45000076293945,48.47999954223633,46.0607795715332,15839600,WFC
2024-02-08,48.18000030517578,48.5,48.060001373291016,48.349998474121094,45.93726348876953,10839200,WFC
2024-02-09,48.220001220703125,48.27000045776367,47.470001220703125,48.060001373291016,45.661739349365234,16594000,WFC
2024-02-12,48.0,49.290000915527344,47.880001068115234,48.91999816894531,46.478816986083984,14101900,WFC
2024-02-13,48.400001525878906,48.709999084472656,47.59000015258789,48.2400016784668,45.832759857177734,13660100,WFC
2024-02-14,48.599998474121094,48.720001220703125,47.959999084472656,48.529998779296875,46.10828399658203,12683400,WFC
2024-02-15,48.72999954223633,52.45000076293945,48.619998931884766,52.040000915527344,49.44313049316406,46473600,WFC
2024-02-16,51.939998626708984,52.31999969482422,51.31999969482422,51.90999984741211,49.319618225097656,24359700,WFC
2024-02-20,51.5,52.2400016784668,51.27000045776367,51.77000045776367,49.186607360839844,19839100,WFC
2024-02-21,51.63999938964844,52.68000030517578,51.130001068115234,52.65999984741211,50.032188415527344,18562500,WFC
2024-02-22,52.83000183105469,53.90999984741211,52.75,53.369998931884766,50.706764221191406,20467900,WFC
2024-02-23,53.529998779296875,54.02000045776367,53.41999816894531,53.86000061035156,51.172306060791016,20863500,WFC
2024-02-26,53.75,54.560001373291016,53.68000030517578,54.130001068115234,51.428836822509766,18099900,WFC
2024-02-27,54.279998779296875,54.88999938964844,54.2400016784668,54.810001373291016,52.07490921020508,19548200,WFC
2024-02-28,54.7400016784668,55.41999816894531,54.56999969482422,54.720001220703125,51.98939514160156,20045200,WFC
2024-02-29,55.040000915527344,55.70000076293945,54.939998626708984,55.59000015258789,52.815982818603516,28335600,WFC
2024-03-01,55.400001525878906,55.75,54.900001525878906,55.060001373291016,52.31243133544922,17761000,WFC
2024-03-04,54.869998931884766,56.560001373291016,54.72999954223633,55.810001373291016,53.025001525878906,19483500,WFC
2024-03-05,55.709999084472656,57.099998474121094,55.43000030517578,56.599998474121094,53.775577545166016,21786100,WFC
2024-03-06,56.81999969482422,57.38999938964844,56.27000045776367,57.11000061035156,54.260128021240234,25418600,WFC
2024-03-07,57.04999923706055,57.68000030517578,56.869998931884766,57.0,54.15562057495117,18116300,WFC
2024-03-08,57.209999084472656,57.540000915527344,56.880001068115234,57.06999969482422,54.22212219238281,17872500,WFC
2024-03-11,56.779998779296875,57.349998474121094,56.52000045776367,57.09000015258789,54.241127014160156,16622000,WFC
2024-03-12,57.25,58.11000061035156,57.099998474121094,57.61000061035156,54.73517990112305,23622800,WFC
2024-03-13,57.619998931884766,58.439998626708984,57.619998931884766,57.81999969482422,54.934696197509766,17444900,WFC
2024-03-14,57.869998931884766,58.130001068115234,57.119998931884766,57.369998931884766,54.50715637207031,24851100,WFC
2024-03-15,56.86000061035156,58.29999923706055,56.86000061035156,57.5099983215332,54.640167236328125,40782800,WFC
2024-03-18,57.599998474121094,57.83000183105469,57.11000061035156,57.77000045776367,54.8871955871582,16376500,WFC
2024-03-19,57.650001525878906,57.939998626708984,56.91999816894531,57.0099983215332,54.16511535644531,14504800,WFC
2024-03-20,56.619998931884766,57.5099983215332,56.279998779296875,57.29999923706055,54.44065475463867,22841600,WFC
2024-03-21,57.59000015258789,58.119998931884766,57.45000076293945,57.849998474121094,54.963199615478516,18141700,WFC
2024-03-22,57.810001373291016,58.02000045776367,57.119998931884766,57.130001068115234,54.27912902832031,13736600,WFC
2024-03-25,57.08000183105469,57.33000183105469,56.369998931884766,56.72999954223633,53.89908981323242,15028200,WFC
2024-03-26,57.13999938964844,57.150001525878906,56.59000015258789,56.68000030517578,53.85158920288086,11445900,WFC
2024-03-27,56.380001068115234,57.63999938964844,56.380001068115234,57.61000061035156,54.73517990112305,13762800,WFC
2024-03-28,57.65999984741211,58.08000183105469,57.560001373291016,57.959999084472656,55.067718505859375,14619000,WFC
2024-04-01,57.880001068115234,57.880001068115234,57.2599983215332,57.61000061035156,54.73517990112305,11039500,WFC
2024-04-02,57.36000061035156,58.0,57.189998626708984,57.349998474121094,54.4881477355957,14632900,WFC
2024-04-03,57.20000076293945,57.959999084472656,56.849998474121094,57.130001068115234,54.27912902832031,13226500,WFC
2024-04-04,57.72999954223633,58.0,56.540000915527344,56.68000030517578,53.85158920288086,12361900,WFC
2024-04-05,56.630001068115234,57.619998931884766,56.56999969482422,57.400001525878906,54.53566360473633,11081000,WFC
2024-04-08,57.380001068115234,57.97999954223633,57.310001373291016,57.790000915527344,54.90619659423828,15308800,WFC
2024-04-09,57.70000076293945,57.9900016784668,56.869998931884766,57.58000183105469,54.7066764831543,10643800,WFC
2024-04-10,56.790000915527344,57.29999923706055,56.41999816894531,56.939998626708984,54.09861373901367,16475200,WFC
2024-04-11,56.97999954223633,57.0,55.630001068115234,56.689998626708984,53.861080169677734,18995600,WFC
2024-04-12,55.970001220703125,57.0,55.34000015258789,56.470001220703125,53.65206527709961,27876700,WFC
2024-04-15,57.61000061035156,57.97999954223633,56.7400016784668,56.970001220703125,54.12711715698242,19407500,WFC
2024-04-16,56.900001525878906,56.959999084472656,55.65999984741211,56.40999984741211,53.595054626464844,25620000,WFC
2024-04-17,56.880001068115234,57.630001068115234,56.650001525878906,57.18000030517578,54.32664108276367,18867700,WFC
2024-04-18,57.630001068115234,59.130001068115234,57.220001220703125,58.7400016784668,55.80878829956055,24468500,WFC
2024-04-19,59.0,60.849998474121094,58.86000061035156,60.349998474121094,57.33845138549805,34334300,WFC
2024-04-22,60.400001525878906,61.4900016784668,60.34000015258789,61.099998474121094,58.05101776123047,21753400,WFC
2024-04-23,61.16999816894531,61.7599983215332,60.810001373291016,60.939998626708984,57.89900588989258,21731200,WFC
2024-04-24,60.599998474121094,60.95000076293945,60.04999923706055,60.599998474121094,57.57597351074219,19731600,WFC
2024-04-25,60.61000061035156,60.959999084472656,59.599998474121094,59.93000030517578,56.93941116333008,24002500,WFC
2024-04-26,59.779998779296875,60.43000030517578,59.380001068115234,59.90999984741211,56.920406341552734,18785900,WFC
2024-04-29,59.86000061035156,60.29999923706055,59.36000061035156,59.79999923706055,56.81590270996094,15338400,WFC
2024-04-30,59.599998474121094,59.9900016784668,59.29999923706055,59.31999969482422,56.35984802246094,18007700,WFC
2024-05-01,59.58000183105469,60.150001525878906,59.33000183105469,59.52000045776367,56.54987335205078,16365400,WFC
2024-05-02,60.119998931884766,60.150001525878906,59.31999969482422,59.83000183105469,56.84439468383789,15329500,WFC
2024-05-03,60.029998779296875,60.2599983215332,59.119998931884766,59.939998626708984,56.94890213012695,17298500,WFC
2024-05-06,60.470001220703125,60.880001068115234,59.84000015258789,60.189998626708984,57.186431884765625,16240100,WFC
2024-05-07,60.279998779296875,60.61000061035156,60.060001373291016,60.2599983215332,57.252933502197266,16268200,WFC
2024-05-08,60.150001525878906,61.43000030517578,60.099998474121094,61.22999954223633,58.17453384399414,18718400,WFC
2024-05-09,60.7400016784668,61.369998931884766,60.47999954223633,61.279998779296875,58.55675506591797,14224300,WFC
2024-05-10,61.459999084472656,61.970001220703125,61.459999084472656,61.88999938964844,59.139652252197266,14428200,WFC
2024-05-13,61.959999084472656,62.16999816894531,61.209999084472656,61.2599983215332,58.53765106201172,15203500,WFC
2024-05-14,61.560001373291016,61.9900016784668,61.02000045776367,61.88999938964844,59.139652252197266,14499600,WFC
2024-05-15,62.20000076293945,62.54999923706055,61.869998931884766,62.34000015258789,59.56965637207031,17489600,WFC
2024-05-16,62.45000076293945,62.47999954223633,60.970001220703125,61.060001373291016,58.34653854370117,21104100,WFC
2024-05-17,61.40999984741211,61.630001068115234,60.88999938964844,61.08000183105469,58.36564636230469,15795800,WFC
2024-05-20,60.97999954223633,61.790000915527344,60.59000015258789,60.70000076293945,58.00252914428711,15029000,WFC
2024-05-21,60.81999969482422,61.70000076293945,60.779998779296875,61.459999084472656,58.728763580322266,18422100,WFC
2024-05-22,61.29999923706055,61.45000076293945,60.5099983215332,60.93000030517578,58.22231674194336,10340500,WFC
2024-05-23,60.75,60.779998779296875,59.36000061035156,59.68000030517578,57.02786636352539,13056100,WFC
2024-05-24,60.040000915527344,60.38999938964844,59.869998931884766,60.209999084472656,57.53430938720703,9913000,WFC
2024-05-28,59.970001220703125,60.18000030517578,59.189998626708984,59.47999954223633,56.83675003051758,11276300,WFC
2024-05-29,58.869998931884766,58.939998626708984,58.41999816894531,58.75,56.139190673828125,12835000,WFC
2024-05-30,58.81999969482422,59.38999938964844,58.599998474121094,59.209999084472656,56.5787467956543,13580800,WFC
2024-05-31,59.27000045776367,59.9900016784668,58.970001220703125,59.91999816894531,57.257198333740234,25386600,WFC
2024-06-03,60.20000076293945,60.20000076293945,58.599998474121094,59.34000015258789,56.702972412109375,13206500,WFC
2024-06-04,58.81999969482422,59.47999954223633,58.34000015258789,58.70000076293945,56.09141159057617,12520700,WFC
2024-06-05,58.86000061035156,58.91999816894531,58.130001068115234,58.68000030517578,56.072303771972656,11199100,WFC
2024-06-06,58.779998779296875,59.0,57.5,57.72999954223633,55.164520263671875,18587400,WFC
2024-06-07,57.56999969482422,58.68000030517578,57.56999969482422,58.36000061035156,55.76652145385742,14466700,WFC
2024-06-10,57.900001525878906,58.130001068115234,57.369998931884766,57.93000030517578,55.35563278198242,12787500,WFC
2024-06-11,57.75,57.75,56.5099983215332,57.130001068115234,54.591182708740234,19197800,WFC
2024-06-12,58.279998779296875,58.45000076293945,57.15999984741211,57.29999923706055,54.75362777709961,16929800,WFC
2024-06-13,57.45000076293945,57.619998931884766,56.689998626708984,57.27000045776367,54.72496032714844,15963700,WFC
2024-06-14,56.9900016784668,57.61000061035156,56.619998931884766,57.400001525878906,54.84918212890625,15375400,WFC
2024-06-17,57.209999084472656,58.25,57.06999969482422,58.2400016784668,55.651859283447266,18361100,WFC
2024-06-18,58.209999084472656,59.04999923706055,57.900001525878906,59.04999923706055,56.425865173339844,15547400,WFC
2024-06-20,58.7400016784668,59.20000076293945,58.59000015258789,58.959999084472656,56.3398551940918,11985500,WFC
2024-06-21,58.29999923706055,58.459999084472656,57.31999969482422,58.099998474121094,55.51807403564453,62732600,WFC
2024-06-24,58.4900016784668,59.459999084472656,58.27000045776367,59.0099983215332,56.38763427734375,16198300,WFC
2024-06-25,58.77000045776367,59.0,57.18000030517578,57.20000076293945,54.6580696105957,26726900,WFC
2024-06-26,57.220001220703125,57.79999923706055,56.83000183105469,57.0099983215332,54.47650909423828,30425700,WFC
2024-06-27,56.40999984741211,57.470001220703125,56.33000183105469,57.41999816894531,54.86829376220703,13832200,WFC
2024-06-28,58.09000015258789,59.45000076293945,58.09000015258789,59.38999938964844,56.7507438659668,31074500,WFC
2024-07-01,59.61000061035156,60.61000061035156,59.56999969482422,60.59000015258789,57.89741897583008,14470200,WFC
2024-07-02,60.4900016784668,61.18000030517578,60.13999938964844,60.970001220703125,58.260536193847656,9543700,WFC
2024-07-03,61.0,61.13999938964844,60.15999984741211,60.65999984741211,57.96431350708008,6698800,WFC
2024-07-05,60.5,60.65999984741211,59.11000061035156,59.619998931884766,56.97052764892578,11436300,WFC
2024-07-08,59.970001220703125,60.40999984741211,58.65999984741211,59.0099983215332,56.38763427734375,12480000,WFC
2024-07-09,59.08000183105469,60.41999816894531,58.91999816894531,59.880001068115234,57.21897506713867,12233800,WFC
2024-07-10,59.540000915527344,59.9900016784668,59.380001068115234,59.720001220703125,57.06608963012695,12097200,WFC
2024-07-11,59.400001525878906,60.709999084472656,59.279998779296875,60.15999984741211,57.48652267456055,16852800,WFC
2024-07-12,56.20000076293945,56.91999816894531,55.599998474121094,56.540000915527344,54.027400970458984,53042800,WFC
2024-07-15,57.04999923706055,58.2400016784668,57.040000915527344,57.72999954223633,55.164520263671875,27277300,WFC
2024-07-16,58.040000915527344,60.619998931884766,57.529998779296875,60.2400016784668,57.56298065185547,25577300,WFC
2024-07-17,60.15999984741211,61.0,59.88999938964844,60.90999984741211,58.203208923339844,17371100,WFC
2024-07-18,60.619998931884766,60.81999969482422,58.9900016784668,59.2400016784668,56.607418060302734,17739000,WFC
2024-07-19,59.29999923706055,59.77000045776367,59.11000061035156,59.22999954223633,56.59785842895508,12362800,WFC
2024-07-22,59.2599983215332,59.38999938964844,58.540000915527344,59.13999938964844,56.51185989379883,13638600,WFC
2024-07-23,59.20000076293945,59.90999984741211,59.040000915527344,59.66999816894531,57.018306732177734,10927800,WFC
2024-07-24,59.77000045776367,60.209999084472656,59.369998931884766,59.439998626708984,56.798526763916016,10777100,WFC
2024-07-25,59.560001373291016,60.72999954223633,59.45000076293945,59.70000076293945,57.046974182128906,14119600,WFC
2024-07-26,59.849998474121094,60.45000076293945,59.56999969482422,60.38999938964844,57.70630645751953,12538900,WFC
2024-07-29,60.7400016784668,60.83000183105469,59.349998474121094,59.59000015258789,56.941864013671875,8986200,WFC
2024-07-30,60.459999084472656,60.72999954223633,59.88999938964844,60.0099983215332,57.34319305419922,11503900,WFC
2024-07-31,59.81999969482422,60.119998931884766,59.20000076293945,59.34000015258789,56.702972412109375,11535800,WFC
2024-08-01,59.2599983215332,59.34000015258789,56.52000045776367,56.880001068115234,54.352298736572266,17752700,WFC
2024-08-02,55.18000030517578,55.56999969482422,52.79999923706055,53.2599983215332,50.89316177368164,27642600,WFC
2024-08-05,51.29999923706055,52.400001525878906,50.150001525878906,52.119998931884766,49.8038215637207,28594000,WFC
2024-08-06,52.279998779296875,52.959999084472656,52.04999923706055,52.36000061035156,50.03316116333008,18723500,WFC
2024-08-07,53.150001525878906,53.4900016784668,52.150001525878906,52.290000915527344,49.96626663208008,18407500,WFC
2024-08-08,52.970001220703125,53.31999969482422,52.650001525878906,52.7599983215332,50.415382385253906,16176000,WFC
2024-08-09,52.29999923706055,52.83000183105469,52.06999969482422,52.7599983215332,50.8005256652832,11669000,WFC
2024-08-12,52.90999984741211,53.470001220703125,51.68000030517578,52.060001373291016,50.126522064208984,18090100,WFC
2024-08-13,52.36000061035156,52.959999084472656,51.810001373291016,52.869998931884766,50.90644073486328,12268600,WFC
2024-08-14,53.029998779296875,53.779998779296875,52.720001220703125,53.65999984741211,51.6671028137207,13217200,WFC
2024-08-15,54.5,55.16999816894531,54.43000030517578,54.56999969482422,52.543304443359375,16549400,WFC
2024-08-16,54.779998779296875,55.43000030517578,54.61000061035156,55.33000183105469,53.27507781982422,19173900,WFC
2024-08-19,55.349998474121094,56.459999084472656,55.2599983215332,56.45000076293945,54.353485107421875,12792900,WFC
2024-08-20,56.029998779296875,56.720001220703125,55.91999816894531,56.150001525878906,54.06462097167969,12533500,WFC
2024-08-21,56.439998626708984,56.45000076293945,55.20000076293945,55.459999084472656,53.40024948120117,13691700,WFC
2024-08-22,55.70000076293945,56.369998931884766,55.65999984741211,55.959999084472656,53.881675720214844,15683000,WFC
2024-08-23,56.41999816894531,57.400001525878906,56.31999969482422,56.70000076293945,54.59419631958008,17074400,WFC
2024-08-26,57.02000045776367,57.150001525878906,56.540000915527344,56.720001220703125,54.61345291137695,9478800,WFC
2024-08-27,56.709999084472656,56.91999816894531,56.15999984741211,56.2599983215332,54.170528411865234,7638500,WFC
2024-08-28,56.060001373291016,57.36000061035156,56.029998779296875,57.06999969482422,54.95045471191406,11905200,WFC
2024-08-29,57.310001373291016,57.77000045776367,56.5099983215332,57.349998474121094,55.220054626464844,9283300,WFC
2024-08-30,57.45000076293945,58.58000183105469,57.380001068115234,58.470001220703125,56.298458099365234,20377300,WFC
2024-09-03,58.619998931884766,58.95000076293945,57.900001525878906,58.369998931884766,56.20216751098633,15933600,WFC
2024-09-04,58.4900016784668,59.0,57.720001220703125,58.119998931884766,55.96146011352539,10985800,WFC
2024-09-05,58.619998931884766,58.68000030517578,56.540000915527344,56.86000061035156,54.748252868652344,18301000,WFC
2024-09-06,56.68000030517578,56.779998779296875,53.689998626708984,54.0,51.994476318359375,21853800,WFC
2024-09-09,54.72999954223633,55.08000183105469,54.43000030517578,54.59000015258789,52.562564849853516,17134800,WFC
2024-09-10,56.0,56.099998474121094,53.380001068115234,53.95000076293945,51.94633102416992,24650000,WFC
2024-09-11,53.720001220703125,53.86000061035156,52.43000030517578,53.72999954223633,51.734500885009766,17322000,WFC
2024-09-12,53.72999954223633,54.34000015258789,50.220001220703125,51.56999969482422,49.65472412109375,42594200,WFC
2024-09-13,51.86000061035156,53.040000915527344,51.75,52.779998779296875,50.81977844238281,24762000,WFC
2024-09-16,52.810001373291016,53.93000030517578,52.810001373291016,53.790000915527344,51.792274475097656,18066200,WFC
2024-09-17,53.970001220703125,55.06999969482422,53.970001220703125,54.5099983215332,52.48552703857422,15885200,WFC
2024-09-18,54.459999084472656,55.189998626708984,54.099998474121094,54.2599983215332,52.244815826416016,20109000,WFC
2024-09-19,55.0099983215332,56.0099983215332,54.650001525878906,55.79999923706055,53.72761917114258,21399000,WFC
2024-09-20,55.349998474121094,56.290000915527344,54.880001068115234,56.290000915527344,54.199424743652344,45276000,WFC
2024-09-23,56.2599983215332,56.52000045776367,54.900001525878906,55.11000061035156,53.06325149536133,14759300,WFC
2024-09-24,55.119998931884766,55.189998626708984,53.790000915527344,54.15999984741211,52.148529052734375,16365600,WFC
2024-09-25,54.279998779296875,54.33000183105469,53.40999984741211,53.61000061035156,51.61895751953125,10555700,WFC
2024-09-26,54.040000915527344,57.11000061035156,53.31999969482422,56.38999938964844,54.29570770263672,34463400,WFC
2024-09-27,56.619998931884766,56.619998931884766,55.79999923706055,55.900001525878906,53.823909759521484,13530400,WFC
2024-09-30,55.65999984741211,56.52000045776367,55.47999954223633,56.4900016784668,54.39200210571289,16284200,WFC
2024-10-01,56.0,56.029998779296875,55.20000076293945,55.38999938964844,53.332847595214844,11069400,WFC
2024-10-02,55.33000183105469,55.810001373291016,54.91999816894531,55.29999923706055,53.24618911743164,9007200,WFC
2024-10-03,55.08000183105469,55.209999084472656,54.40999984741211,54.97999954223633,52.93807601928711,8135300,WFC
2024-10-04,55.9900016784668,57.130001068115234,55.97999954223633,56.959999084472656,54.844539642333984,14582800,WFC
2024-10-07,57.22999954223633,57.630001068115234,56.79999923706055,57.15999984741211,55.037113189697266,11177800,WFC
2024-10-08,58.279998779296875,58.279998779296875,57.27000045776367,57.29999923706055,55.171913146972656,12073000,WFC
2024-10-09,57.31999969482422,57.72999954223633,57.06999969482422,57.540000915527344,55.40299987792969,12415300,WFC
2024-10-10,57.720001220703125,58.38999938964844,57.349998474121094,57.75,55.60519790649414,12744000,WFC
2024-10-11,59.959999084472656,61.720001220703125,59.91999816894531,60.9900016784668,58.72486877441406,37049200,WFC
2024-10-14,61.27000045776367,63.349998474121094,60.939998626708984,62.15999984741211,59.851417541503906,30758800,WFC
2024-10-15,62.90999984741211,63.81999969482422,62.22999954223633,63.029998779296875,60.6890983581543,24693400,WFC
2024-10-16,63.2400016784668,64.08000183105469,63.119998931884766,63.88999938964844,61.51716613769531,17412600,WFC
2024-10-17,64.48999786376953,64.72000122070312,63.5,64.37999725341797,61.98896026611328,15073500,WFC
2024-10-18,64.41000366210938,64.77999877929688,63.83000183105469,64.36000061035156,61.969703674316406,19234000,WFC
2024-10-21,64.4800033569336,64.69000244140625,63.91999816894531,64.0199966430664,61.642330169677734,15603400,WFC
2024-10-22,64.0199966430664,65.20999908447266,64.0,64.80999755859375,62.40299987792969,26164900,WFC
2024-10-23,64.7699966430664,65.05000305175781,63.86000061035156,64.55999755859375,62.16227340698242,18380900,WFC
2024-10-24,64.61000061035156,65.56999969482422,64.33000183105469,65.43000030517578,62.999969482421875,18393300,WFC
2024-10-25,65.8499984741211,65.94999694824219,64.25,64.52999877929688,62.133392333984375,14855500,WFC
2024-10-28,65.0,65.75,64.80999755859375,65.61000061035156,63.17328643798828,16158900,WFC
2024-10-29,65.48999786376953,66.0,65.23999786376953,65.30000305175781,62.87480545043945,13205500,WFC
2024-10-30,65.12999725341797,66.4000015258789,65.12999725341797,65.41000366210938,62.9807243347168,16021700,WFC
2024-10-31,65.0999984741211,65.75,64.62999725341797,64.91999816894531,62.5089111328125,12963200,WFC
2024-11-01,65.22000122070312,65.58000183105469,64.62000274658203,64.68000030517578,62.2778205871582,13313900,WFC
2024-11-04,64.55999755859375,64.6500015258789,63.04999923706055,63.70000076293945,61.33422088623047,12607400,WFC
2024-11-05,64.0,64.5,63.619998931884766,64.06999969482422,61.69047546386719,13447200,WFC
2024-11-06,73.30000305175781,74.2699966430664,69.94999694824219,72.47000122070312,69.77851104736328,63689100,WFC
2024-11-07,71.63999938964844,71.66999816894531,69.73999786376953,69.81999969482422,67.2269287109375,18681200,WFC
2024-11-08,70.01000213623047,70.12999725341797,69.36000061035156,70.04000091552734,67.82733917236328,14270900,WFC
2024-11-11,71.0199966430664,73.25,71.0199966430664,72.55999755859375,70.26773071289062,17117800,WFC
2024-11-12,72.77999877929688,73.37000274658203,72.11000061035156,72.5999984741211,70.30646514892578,17848200,WFC
2024-11-13,72.75,73.95999908447266,72.66000366210938,72.7699966430664,70.47108459472656,18823000,WFC
2024-11-14,72.8499984741211,73.47000122070312,72.51000213623047,72.80000305175781,70.50015258789062,13654800,WFC
2024-11-15,73.0,74.41000366210938,72.88999938964844,74.33999633789062,71.99149322509766,18837000,WFC
2024-11-18,74.5,74.69999694824219,73.72000122070312,74.08999633789062,71.74939727783203,18439600,WFC
2024-11-19,73.62000274658203,74.16000366210938,73.12999725341797,73.43000030517578,71.11024475097656,15412900,WFC
2024-11-20,73.66999816894531,73.77999877929688,72.43000030517578,73.58000183105469,71.25550842285156,14415400,WFC
2024-11-21,73.94000244140625,76.04000091552734,73.94000244140625,74.83000183105469,72.46601867675781,20068200,WFC
2024-11-22,74.56999969482422,76.08000183105469,74.55000305175781,75.95999908447266,73.56031799316406,14997400,WFC
2024-11-25,76.19999694824219,77.30999755859375,75.97000122070312,76.9000015258789,74.47062683105469,28636600,WFC
2024-11-26,77.5,78.12999725341797,76.36000061035156,77.3499984741211,74.90641021728516,19139100,WFC
2024-11-27,77.37000274658203,77.79000091552734,76.43000030517578,77.20999908447266,74.77082061767578,19793900,WFC
2024-11-29,77.69000244140625,78.04000091552734,76.13999938964844,76.16999816894531,73.76367950439453,9785000,WFC
2024-12-02,76.94999694824219,76.94999694824219,74.80000305175781,75.27999877929688,72.90179443359375,18274500,WFC
2024-12-03,75.80999755859375,75.8499984741211,74.0199966430664,74.13999938964844,71.79781341552734,15047900,WFC
2024-12-04,74.05000305175781,74.25,72.70999908447266,73.05999755859375,70.7519302368164,14301100,WFC
2024-12-05,73.4000015258789,74.61000061035156,73.0999984741211,73.66000366210938,71.33297729492188,17766700,WFC
2024-12-06,73.98999786376953,74.72000122070312,73.7300033569336,74.33000183105469,71.98181915283203,14798100,WFC
2024-12-09,74.30999755859375,74.55000305175781,72.41999816894531,72.62000274658203,70.32584381103516,15517500,WFC
2024-12-10,73.5,73.5,71.9000015258789,72.05000305175781,69.77384185791016,12277100,WFC
2024-12-11,72.58999633789062,72.91999816894531,71.44999694824219,71.5999984741211,69.33805084228516,11867400,WFC
2024-12-12,71.87999725341797,72.05999755859375,70.79000091552734,70.80000305175781,68.56333923339844,12446700,WFC
2024-12-13,70.8499984741211,71.05000305175781,70.0199966430664,70.44000244140625,68.21470642089844,16794500,WFC
2024-12-16,70.47000122070312,72.29000091552734,69.81999969482422,71.9800033569336,69.7060546875,24602500,WFC
2024-12-17,71.05000305175781,71.54000091552734,70.37999725341797,70.80999755859375,68.57300567626953,15595900,WFC
2024-12-18,70.61000061035156,71.5,68.61000061035156,68.76000213623047,66.5877914428711,21201200,WFC
2024-12-19,69.4000015258789,70.69000244140625,68.66999816894531,68.8499984741211,66.6749267578125,16444600,WFC
2024-12-20,69.16999816894531,71.04000091552734,68.7699966430664,70.33999633789062,68.11785888671875,50113400,WFC
2024-12-23,69.72000122070312,70.69000244140625,69.62000274658203,70.54000091552734,68.3115463256836,11817000,WFC
2024-12-24,70.66999816894531,71.58999633789062,70.54000091552734,71.58999633789062,69.32837677001953,4442700,WFC
2024-12-26,71.43000030517578,71.83999633789062,71.11000061035156,71.76000213623047,69.49299621582031,6964300,WFC
2024-12-27,71.18000030517578,71.73999786376953,70.62999725341797,71.11000061035156,68.86354064941406,7219500,WFC
2024-12-30,70.41000366210938,70.80000305175781,69.7699966430664,70.41000366210938,68.18566131591797,8443800,WFC
2024-12-31,70.52999877929688,70.91999816894531,70.05999755859375,70.23999786376953,68.02102661132812,7031500,WFC
2025-01-02,70.4800033569336,71.20999908447266,69.76000213623047,70.19000244140625,67.97261810302734,8303300,WFC
2025-01-03,70.3499984741211,71.41999816894531,69.73999786376953,71.30999755859375,69.05722045898438,9152800,WFC
2025-01-06,71.93000030517578,73.25,71.52999877929688,72.02999877929688,69.75447082519531,15565600,WFC
2025-01-07,72.97000122070312,73.12999725341797,71.51000213623047,71.58999633789062,69.32837677001953,13522000,WFC
2025-01-08,71.51000213623047,72.08000183105469,71.05999755859375,71.56999969482422,69.30900573730469,16544700,WFC
2025-01-10,70.9000015258789,70.93000030517578,69.33999633789062,69.95999908447266,67.74986267089844,14466600,WFC
2025-01-13,69.9000015258789,70.61000061035156,69.55999755859375,70.52999877929688,68.30186462402344,10439800,WFC
2025-01-14,71.45999908447266,71.45999908447266,70.29000091552734,71.19000244140625,68.9410171508789,21909800,WFC
2025-01-15,75.36000061035156,76.81999969482422,73.6500015258789,75.94999694824219,73.5506362915039,33482900,WFC
2025-01-16,75.8499984741211,76.44000244140625,74.69000244140625,75.94999694824219,73.5506362915039,22897900,WFC
2025-01-17,75.9800033569336,77.25,75.5,77.08000183105469,74.64494323730469,20673700,WFC
2025-01-21,77.69000244140625,78.29000091552734,77.33000183105469,77.8499984741211,75.39060974121094,21057700,WFC
2025-01-22,77.56999969482422,77.80999755859375,76.86000061035156,77.54000091552734,75.09040832519531,11669500,WFC
2025-01-23,77.70999908447266,78.30000305175781,77.02999877929688,77.43000030517578,74.98387908935547,12981800,WFC
2025-01-24,77.0,77.6500015258789,77.0,77.31999969482422,74.87735748291016,10393200,WFC
2025-01-27,77.4000015258789,78.04000091552734,76.88999938964844,77.94000244140625,75.477783203125,10637100,WFC
2025-01-28,77.87000274658203,78.1500015258789,77.16999816894531,77.87999725341797,75.41966247558594,11562000,WFC
2025-01-29,77.75,78.9800033569336,77.61000061035156,78.37000274658203,75.89418029785156,9175400,WFC
2025-01-30,79.1500015258789,79.23999786376953,78.08000183105469,78.81999969482422,76.32997131347656,11276000,WFC
2025-01-31,78.69000244140625,79.29000091552734,78.30999755859375,78.80000305175781,76.31060791015625,14980600,WFC
2025-02-03,77.2300033569336,78.51000213623047,77.0199966430664,78.13999938964844,75.67145538330078,12395200,WFC
2025-02-04,79.83999633789062,79.8499984741211,78.44000244140625,79.47000122070312,76.95943450927734,14665200,WFC
2025-02-05,79.66000366210938,80.3499984741211,79.18000030517578,80.05000305175781,77.5211181640625,17931000,WFC
2025-02-06,80.5,81.5,79.91000366210938,81.41999816894531,78.84783172607422,16988900,WFC
2025-02-07,81.2699966430664,81.30000305175781,79.08999633789062,80.66999816894531,78.50720977783203,17951400,WFC
2025-02-10,80.45999908447266,80.56999969482422,78.25,79.0999984741211,76.97930145263672,18357400,WFC
2025-02-11,78.7699966430664,79.97000122070312,77.80999755859375,79.63999938964844,77.50482177734375,16682800,WFC
2025-02-12,79.19999694824219,79.72000122070312,78.83000183105469,79.25,77.12527465820312,13440500,WFC
2025-02-13,79.43000030517578,79.66000366210938,78.61000061035156,78.8499984741211,76.73600769042969,10093400,WFC
2025-02-14,79.2300033569336,80.33999633789062,78.88999938964844,79.9800033569336,77.83570861816406,17521300,WFC
2025-02-18,79.98999786376953,80.94999694824219,79.48999786376953,80.77999877929688,78.61426544189453,15318300,WFC
2025-02-19,80.31999969482422,80.6500015258789,79.97000122070312,80.3499984741211,78.19579315185547,13917400,WFC
2025-02-20,80.11000061035156,80.27999877929688,78.0199966430664,78.62999725341797,76.52190399169922,14807100,WFC
2025-02-21,78.91000366210938,79.44999694824219,77.33000183105469,77.5,75.42220306396484,18205400,WFC
2025-02-24,77.97000122070312,78.5199966430664,76.41000366210938,77.22000122070312,75.14971160888672,12989700,WFC
2025-02-25,77.87000274658203,78.04000091552734,74.93000030517578,76.0,73.96241760253906,15683000,WFC
2025-02-26,76.3499984741211,77.7699966430664,76.2699966430664,76.44999694824219,74.40036010742188,13466800,WFC
2025-02-27,76.98999786376953,77.91999816894531,76.37999725341797,76.62000274658203,74.56580352783203,13744400,WFC
2025-02-28,77.04000091552734,78.41999816894531,76.58999633789062,78.31999969482422,76.22021484375,24698800,WFC
2025-03-03,78.86000061035156,78.9800033569336,76.31999969482422,77.02999877929688,74.96480560302734,18013400,WFC
2025-03-04,75.47000122070312,75.6500015258789,71.33999633789062,73.30000305175781,71.33480834960938,28858200,WFC
2025-03-05,73.20999908447266,74.62999725341797,72.44000244140625,74.16000366210938,72.17176055908203,20422000,WFC
2025-03-06,73.79000091552734,73.88999938964844,71.62999725341797,72.6500015258789,70.70223236083984,19460400,WFC
2025-03-07,72.25,72.25,68.0999984741211,71.05000305175781,69.14513397216797,21256900,WFC
2025-03-10,69.55000305175781,69.55000305175781,65.5199966430664,66.77999877929688,64.98960876464844,27582900,WFC
2025-03-11,66.83000183105469,68.01000213623047,65.79000091552734,67.27999877929688,65.4761962890625,24310700,WFC
2025-03-12,68.80000305175781,69.48999786376953,67.69999694824219,68.93000030517578,67.08196258544922,18462300,WFC
2025-03-13,69.62999725341797,69.72000122070312,68.30999755859375,68.45999908447266,66.62456512451172,17471500,WFC
2025-03-14,69.45999908447266,71.06999969482422,69.25,70.8499984741211,68.95050048828125,15762300,WFC
2025-03-17,70.47000122070312,71.55999755859375,70.08000183105469,70.83999633789062,68.94075775146484,11185000,WFC
2025-03-18,71.01000213623047,71.4800033569336,70.38999938964844,71.11000061035156,69.20352935791016,11102100,WFC
2025-03-19,71.13999938964844,73.83000183105469,70.83000183105469,72.76000213623047,70.80928039550781,14453200,WFC
2025-03-20,71.83999633789062,73.37000274658203,71.77999877929688,72.5199966430664,70.57571411132812,12388300,WFC
2025-03-21,71.95999908447266,72.77999877929688,71.1500015258789,72.5199966430664,70.57571411132812,32647100,WFC
2025-03-24,73.63999938964844,74.52999877929688,73.33999633789062,74.27999877929688,72.28852844238281,10688900,WFC
2025-03-25,74.47000122070312,74.66000366210938,73.83000183105469,74.23999786376953,72.24960327148438,9499100,WFC
2025-03-26,74.38999938964844,75.37999725341797,73.12000274658203,73.47000122070312,71.500244140625,10848100,WFC
2025-03-27,73.56999969482422,73.56999969482422,72.22000122070312,72.27999877929688,70.34214782714844,10457600,WFC
2025-03-28,72.2699966430664,72.55000305175781,69.94999694824219,70.69000244140625,68.7947769165039,13555200,WFC
2025-03-31,69.9000015258789,72.06999969482422,69.55999755859375,71.79000091552734,69.86528778076172,14855300,WFC
2025-04-01,70.83999633789062,71.62999725341797,70.11000061035156,71.30999755859375,69.39816284179688,10661000,WFC
2025-04-02,70.55999755859375,72.47000122070312,70.22000122070312,72.26000213623047,70.32269287109375,8854100,WFC
2025-04-03,67.77999877929688,68.72000122070312,65.41000366210938,65.66999816894531,63.909358978271484,25880300,WFC
2025-04-04,62.75,63.56999969482422,59.709999084472656,60.97999954223633,59.34510803222656,31050800,WFC
2025-04-07,60.689998626708984,64.33000183105469,58.41999816894531,62.16999816894531,60.50320053100586,41305800,WFC
2025-04-08,64.69000244140625,65.62999725341797,60.880001068115234,62.08000183105469,60.41562271118164,27374200,WFC
2025-04-09,60.63999938964844,67.19000244140625,59.43000030517578,66.33000183105469,64.55167388916016,42744800,WFC
2025-04-10,64.94999694824219,65.0,61.4900016784668,63.11000061035156,61.41800308227539,29026000,WFC
2025-04-11,61.540000915527344,63.619998931884766,59.650001525878906,62.5099983215332,60.83408737182617,33867000,WFC
2025-04-14,63.15999984741211,64.01000213623047,62.400001525878906,63.099998474121094,61.408267974853516,28057800,WFC
2025-04-15,63.439998626708984,65.41999816894531,63.29999923706055,64.54000091552734,62.809669494628906,20903300,WFC
2025-04-16,63.88999938964844,64.9800033569336,63.369998931884766,63.97999954223633,62.264678955078125,17351000,WFC
2025-04-17,64.37999725341797,65.70999908447266,64.06999969482422,64.70999908447266,62.97510528564453,18961800,WFC
2025-04-21,64.19999694824219,65.16000366210938,63.400001525878906,64.01000213623047,62.29387664794922,17859100,WFC
2025-04-22,64.70999908447266,66.41000366210938,64.70999908447266,66.2300033569336,64.45436096191406,17536600,WFC
2025-04-23,67.44000244140625,69.5,67.44000244140625,67.94000244140625,66.1185073852539,20678800,WFC
2025-04-24,67.69999694824219,69.8499984741211,67.5,69.55999755859375,67.695068359375,18420900,WFC
2025-04-25,69.06999969482422,70.19000244140625,69.0,69.7300033569336,67.86051940917969,17775900,WFC
2025-04-28,69.80999755859375,70.55999755859375,68.66999816894531,69.43000030517578,67.56855773925781,16694100,WFC
2025-04-29,68.94999694824219,71.33999633789062,68.94999694824219,71.0999984741211,69.19378662109375,24563600,WFC
2025-04-30,69.66999816894531,71.41000366210938,69.33000183105469,71.01000213623047,69.106201171875,23953000,WFC
2025-05-01,70.76000213623047,72.47000122070312,70.43000030517578,71.80999755859375,69.88475036621094,19672500,WFC
2025-05-02,73.0,74.16000366210938,72.87000274658203,73.80000305175781,71.82140350341797,18347400,WFC
2025-05-05,73.3499984741211,74.88999938964844,73.04000091552734,73.8499984741211,71.87005615234375,16070400,WFC
2025-05-06,73.13999938964844,74.19000244140625,72.55999755859375,73.4800033569336,71.5099868774414,18095100,WFC
2025-05-07,73.5999984741211,74.30000305175781,72.9800033569336,73.18000030517578,71.21802520751953,14310300,WFC
2025-05-08,73.69000244140625,73.98999786376953,72.62999725341797,73.30999755859375,71.34453582763672,19957500,WFC
2025-05-09,73.13999938964844,73.23999786376953,72.02999877929688,72.44999694824219,70.8944091796875,11136900,WFC
2025-05-12,74.98999786376953,75.25,74.06999969482422,74.87999725341797,73.27223205566406,20425500,WFC
2025-05-13,75.44000244140625,76.58000183105469,74.97000122070312,75.98999786376953,74.35841369628906,13635100,WFC
2025-05-14,76.23999786376953,76.48999786376953,75.83000183105469,76.27999877929688,74.64218139648438,14067100,WFC
2025-05-15,76.05999755859375,76.5199966430664,75.31999969482422,75.58999633789062,73.96698760986328,15303900,WFC
2025-05-16,75.55999755859375,76.3499984741211,75.37000274658203,76.18000030517578,74.54432678222656,13864600,WFC
2025-05-19,75.5999984741211,76.41000366210938,75.43000030517578,76.05999755859375,74.4269027709961,12720500,WFC
2025-05-20,75.4800033569336,75.87000274658203,75.06999969482422,75.5199966430664,73.89849090576172,10655600,WFC
2025-05-21,74.94000244140625,75.12999725341797,73.08999633789062,73.19000244140625,71.6185302734375,17711300,WFC
2025-05-22,73.13999938964844,73.88999938964844,72.4800033569336,73.38999938964844,71.8142318725586,9717000,WFC
2025-05-23,71.9000015258789,73.19000244140625,71.9000015258789,72.83000183105469,71.26626586914062,9260900,WFC
2025-05-27,73.61000061035156,74.08999633789062,73.05000305175781,73.98999786376953,72.40135192871094,11014100,WFC
2025-05-28,74.19999694824219,74.36000061035156,73.33000183105469,73.7300033569336,72.14693450927734,8711100,WFC
2025-05-29,74.41000366210938,75.08000183105469,73.33000183105469,74.51000213623047,72.91018676757812,14016600,WFC
2025-05-30,74.19999694824219,74.80000305175781,73.7300033569336,74.77999877929688,73.17438507080078,17042000,WFC
2025-06-02,74.26000213623047,74.75,73.2699966430664,74.72000122070312,73.11567687988281,11237500,WFC
2025-06-03,74.72000122070312,75.83000183105469,74.37000274658203,75.6500015258789,74.02571105957031,13193500,WFC
2025-06-04,77.69999694824219,78.80000305175781,75.37999725341797,75.37999725341797,73.7614974975586,29578000,WFC
2025-06-05,75.61000061035156,75.76000213623047,74.18000030517578,74.9000015258789,73.29181671142578,20138400,WFC
2025-06-06,76.1500015258789,76.76000213623047,75.83000183105469,76.33000183105469,74.69110870361328,10988000,WFC
2025-06-09,76.55000305175781,76.69999694824219,75.93000030517578,76.45999908447266,74.81832122802734,13453200,WFC
2025-06-10,76.16000366210938,76.3499984741211,75.12999725341797,75.44999694824219,73.83000183105469,14892900,WFC
2025-06-11,75.54000091552734,75.72000122070312,74.56999969482422,74.93000030517578,73.3211669921875,16442400,WFC
2025-06-12,74.33000183105469,74.5199966430664,73.16999816894531,74.01000213623047,72.42092895507812,14522500,WFC
2025-06-13,72.91999816894531,73.79000091552734,71.93000030517578,72.36000061035156,70.80635070800781,21168300,WFC
2025-06-16,73.4000015258789,73.72000122070312,72.93000030517578,73.1500015258789,71.57938385009766,16231500,WFC
2025-06-17,72.77999877929688,73.20999908447266,72.30000305175781,72.5,70.9433364868164,14156800,WFC
2025-06-18,72.6500015258789,75.13999938964844,72.56999969482422,74.73999786376953,73.13523864746094,23498300,WFC
2025-06-20,75.23999786376953,75.77999877929688,75.06999969482422,75.4000015258789,73.78107452392578,27677500,WFC
2025-06-23,75.12999725341797,77.02999877929688,74.81999969482422,77.01000213623047,75.35650634765625,17375700,WFC
2025-06-24,77.72000122070312,78.75,77.72000122070312,78.11000061035156,76.43289184570312,16342300,WFC
2025-06-25,78.27999877929688,79.30999755859375,77.98999786376953,79.06999969482422,77.37226867675781,13954500,WFC
2025-06-26,79.44000244140625,80.0999984741211,79.19000244140625,79.95999908447266,78.2431640625,18214800,WFC
2025-06-27,80.0,80.1500015258789,78.95999908447266,79.5,77.79304504394531,21324200,WFC
2025-06-30,80.4800033569336,81.0999984741211,79.91000366210938,80.12000274658203,78.39972686767578,21685800,WFC
2025-07-01,80.05000305175781,81.51000213623047,79.91000366210938,81.48999786376953,79.74031829833984,20967100,WFC
2025-07-02,81.91999816894531,82.4000015258789,81.25,82.36000061035156,80.59163665771484,15195100,WFC
2025-07-03,82.63999938964844,83.94999694824219,82.5,83.5999984741211,81.80500793457031,11237300,WFC
2025-07-07,82.97000122070312,83.58999633789062,81.5,82.33999633789062,80.57205200195312,18156000,WFC
2025-07-08,82.30000305175781,82.41999816894531,81.02999877929688,81.58999633789062,79.8381576538086,18303400,WFC
2025-07-09,82.43000030517578,82.5199966430664,81.45999908447266,81.79000091552734,80.03387451171875,16135400,WFC
2025-07-10,81.61000061035156,82.73999786376953,81.61000061035156,82.36000061035156,80.59163665771484,14348100,WFC
2025-07-11,81.75,82.68000030517578,81.43000030517578,82.55000305175781,80.7775650024414,12583100,WFC
2025-07-14,82.19999694824219,83.5199966430664,82.12000274658203,83.43000030517578,81.63865661621094,20194200,WFC
2025-07-15,80.75,81.08000183105469,77.72000122070312,78.86000061035156,77.16678619384766,53938000,WFC
2025-07-16,78.88999938964844,80.08000183105469,78.20999908447266,79.91000366210938,78.19424438476562,30567500,WFC
2025-07-17,79.45999908447266,80.6500015258789,79.0999984741211,79.70999908447266,77.99852752685547,21837600,WFC
2025-07-18,79.8499984741211,80.7699966430664,78.87999725341797,80.63999938964844,78.90856170654297,21236000,WFC
2025-07-21,80.75,81.45999908447266,80.16999816894531,80.27999877929688,78.5562973022461,14506600,WFC
2025-07-22,80.27999877929688,82.58999633789062,80.27999877929688,82.37999725341797,80.6112060546875,22437000,WFC
2025-07-23,83.0,83.93000030517578,82.61000061035156,83.69999694824219,81.9028549194336,19379200,WFC
2025-07-24,83.83999633789062,84.83000183105469,83.12000274658203,83.87000274658203,82.0692138671875,19031200,WFC
2025-07-25,84.12000274658203,84.45999908447266,83.2300033569336,84.31999969482422,82.5095443725586,14072400,WFC
2025-07-28,84.31999969482422,84.5,82.70999908447266,83.06999969482422,81.28638458251953,10627100,WFC
2025-07-29,83.62999725341797,83.69999694824219,82.19999694824219,82.6500015258789,80.87541198730469,12478200,WFC
2025-07-30,82.98999786376953,83.08999633789062,81.30999755859375,81.77999877929688,80.02408599853516,15579100,WFC
2025-07-31,81.3499984741211,81.93000030517578,80.33000183105469,80.62999725341797,78.89877319335938,14813900,WFC
2025-08-01,79.19000244140625,79.3499984741211,77.4000015258789,77.77999877929688,76.1099624633789,16071300,WFC
2025-08-04,78.5199966430664,78.52999877929688,76.91000366210938,77.58000183105469,75.91427612304688,13892100,WFC
2025-08-05,78.33999633789062,78.3499984741211,76.16000366210938,77.95999908447266,76.28610229492188,15765100,WFC
2025-08-06,77.91000366210938,78.81999969482422,77.55999755859375,77.61000061035156,75.94361877441406,14157000,WFC
2025-08-07,78.27999877929688,78.30000305175781,76.77999877929688,77.05000305175781,75.3956527709961,13105600,WFC
2025-08-08,77.11000061035156,78.18000030517578,76.3499984741211,77.8499984741211,76.6259994506836,14123000,WFC
2025-08-11,78.01000213623047,78.08999633789062,77.2300033569336,77.58999633789062,76.37007141113281,14408100,WFC
2025-08-12,78.22000122070312,79.55999755859375,78.1500015258789,79.4800033569336,78.2303695678711,14365200,WFC
2025-08-13,79.68000030517578,79.72000122070312,77.0999984741211,77.88999938964844,76.66536712646484,14415100,WFC
2025-08-14,78.27999877929688,79.58000183105469,77.70999908447266,79.41000366210938,78.16146850585938,16051500,WFC
2025-08-15,79.54000091552734,79.6500015258789,77.01000213623047,77.0999984741211,75.88778686523438,15380400,WFC
2025-08-18,76.98999786376953,77.5999984741211,76.91000366210938,77.44000244140625,76.22244262695312,11660900,WFC
2025-08-19,77.16000366210938,77.7699966430664,77.02999877929688,77.52999877929688,76.31102752685547,10118500,WFC
2025-08-20,77.47000122070312,78.4800033569336,76.58999633789062,78.16000366210938,76.9311294555664,12101900,WFC
2025-08-21,77.87999725341797,78.06999969482422,77.08000183105469,77.83000183105469,76.6063003540039,9102700,WFC
2025-08-22,78.33999633789062,79.30999755859375,78.12999725341797,79.0999984741211,77.85633850097656,11282600,WFC
2025-08-25,78.87999725341797,80.5,78.87000274658203,80.19000244140625,78.92920684814453,12017000,WFC
2025-08-26,79.81999969482422,81.62999725341797,79.77999877929688,81.51000213623047,80.22844696044922,14936600,WFC
2025-08-27,81.26000213623047,83.20999908447266,81.23999786376953,82.5,81.20288848876953,15567700,WFC
2025-08-28,82.87999725341797,83.12999725341797,81.91999816894531,81.9800033569336,80.6910629272461,13963200,WFC
2025-08-29,81.97000122070312,82.80999755859375,81.80000305175781,82.18000030517578,80.8879165649414,12041200,WFC
2025-09-02,81.70999908447266,81.81999969482422,80.44000244140625,81.77999877929688,80.49420166015625,13326000,WFC
2025-09-03,81.7300033569336,82.01000213623047,80.0199966430664,80.51000213623047,79.24417114257812,11174000,WFC
2025-09-04,80.75,82.12999725341797,80.22000122070312,81.83000183105469,80.54341888427734,10822300,WFC
2025-09-05,81.63999938964844,82.0199966430664,78.69999694824219,78.95999908447266,77.71854400634766,20661400,WFC
2025-09-08,78.98999786376953,79.79000091552734,78.55999755859375,79.13999938964844,77.89571380615234,17107000,WFC
2025-09-09,79.30999755859375,81.45999908447266,79.0,80.76000213623047,79.49024200439453,17157300,WFC
2025-09-10,80.66000366210938,81.23999786376953,79.91000366210938,80.30000305175781,79.0374755859375,16460200,WFC
2025-09-11,80.19999694824219,81.38999938964844,79.77999877929688,81.25,79.97254180908203,17785800,WFC
2025-09-12,81.0999984741211,81.63999938964844,80.79000091552734,81.45999908447266,80.17922973632812,10498300,WFC
2025-09-15,81.61000061035156,81.81999969482422,81.12999725341797,81.41000366210938,80.13002014160156,9563200,WFC
2025-09-16,81.55999755859375,81.61000061035156,80.08000183105469,81.38999938964844,80.11033630371094,10705900,WFC
2025-09-17,81.22000122070312,82.72000122070312,80.54000091552734,82.4800033569336,81.18319702148438,14746100,WFC
2025-09-18,82.56999969482422,83.5199966430664,81.94000244140625,83.5,82.18716430664062,13021100,WFC
2025-09-19,83.83000183105469,84.93000030517578,82.93000030517578,84.63999938964844,83.30923461914062,36482400,WFC
2025-09-22,83.87999725341797,85.27999877929688,83.73999786376953,85.16000366210938,83.82106018066406,14545000,WFC
2025-09-23,85.1500015258789,86.66000366210938,83.66999816894531,84.37000274658203,83.0434799194336,14818500,WFC
2025-09-24,84.6500015258789,85.37000274658203,83.66000366210938,84.11000061035156,82.7875747680664,9478700,WFC
2025-09-25,83.69000244140625,84.66000366210938,83.55999755859375,84.31999969482422,82.9942626953125,8514900,WFC
2025-09-26,84.69000244140625,85.63999938964844,84.55999755859375,85.01000213623047,83.67342376708984,8502600,WFC
2025-09-29,84.69999694824219,85.19000244140625,84.04000091552734,84.6500015258789,83.31908416748047,9833700,WFC
2025-09-30,84.66000366210938,85.12000274658203,82.66000366210938,83.81999969482422,82.50212860107422,11429000,WFC
2025-10-01,83.0999984741211,83.5999984741211,80.7699966430664,80.87000274658203,79.5985107421875,16961900,WFC
2025-10-02,80.69999694824219,81.05000305175781,80.04000091552734,80.5,79.23432922363281,11420000,WFC
2025-10-03,81.0199966430664,81.69000244140625,80.44000244140625,80.66999816894531,79.40165710449219,10124900,WFC
2025-10-06,80.55999755859375,81.45999908447266,79.56999969482422,80.69000244140625,79.42134857177734,12837700,WFC
2025-10-07,80.87000274658203,81.36000061035156,80.54000091552734,81.13999938964844,79.8642578125,10371300,WFC
2025-10-08,81.26000213623047,81.33000183105469,79.54000091552734,79.7300033569336,78.4764404296875,11277400,WFC
2025-10-09,79.91000366210938,80.75,79.41999816894531,79.88999938964844,78.63391876220703,8432200,WFC
2025-10-10,79.61000061035156,80.44000244140625,77.62000274658203,77.62000274658203,76.39961242675781,16004300,WFC
2025-10-13,78.73999786376953,79.2300033569336,78.27999877929688,78.91999816894531,77.67916870117188,14229300,WFC
2025-10-14,82.5199966430664,86.05999755859375,80.38999938964844,84.55999755859375,83.2304916381836,36260600,WFC
2025-10-15,85.16999816894531,87.47000122070312,85.16000366210938,86.45999908447266,85.10062408447266,22909400,WFC
2025-10-16,86.98999786376953,87.43000030517578,83.0,84.0,82.6792984008789,22715600,WFC
2025-10-17,84.44999694824219,84.52999877929688,82.30999755859375,83.27999877929688,81.97061920166016,18799000,WFC
2025-10-20,83.62000274658203,86.13999938964844,83.08999633789062,86.0199966430664,84.66753387451172,15777200,WFC
2025-10-21,86.12000274658203,87.30999755859375,84.66000366210938,84.76000213623047,83.42735290527344,20101100,WFC
2025-10-22,85.1500015258789,85.16000366210938,83.13999938964844,83.87999725341797,82.56118774414062,18955000,WFC
2025-10-23,84.30999755859375,85.4800033569336,83.75,84.45999908447266,83.13206481933594,14157800,WFC
2025-10-24,84.80000305175781,86.87999725341797,84.76000213623047,86.41000366210938,85.0514144897461,14011400,WFC
2025-10-27,86.9000015258789,87.33999633789062,86.30999755859375,87.01000213623047,85.64198303222656,11682000,WFC
2025-10-28,87.05999755859375,87.30000305175781,85.77999877929688,86.9000015258789,85.53369903564453,13201000,WFC
2025-10-29,86.81999969482422,87.23999786376953,85.66999816894531,86.0,84.64785766601562,16444400,WFC
2025-10-30,86.08000183105469,87.26000213623047,85.87999725341797,85.98999786376953,84.63800811767578,14830000,WFC
2025-10-31,85.4800033569336,87.3499984741211,85.01000213623047,86.97000122070312,85.60260009765625,14776700,WFC
2025-11-03,87.13999938964844,87.88999938964844,85.8499984741211,87.30000305175781,85.92742156982422,12769300,WFC
2025-11-04,87.0,88.5,85.87999725341797,87.12999725341797,85.76008605957031,16737700,WFC
2025-11-05,87.37999725341797,88.30000305175781,85.91000366210938,86.94999694824219,85.5829086303711,15609400,WFC
2025-11-06,86.9000015258789,87.33999633789062,85.5199966430664,86.04000091552734,84.68722534179688,16800200,WFC
2025-11-07,85.11000061035156,86.08999633789062,84.04000091552734,86.04000091552734,85.13247680664062,15612100,WFC
2025-11-10,86.29000091552734,87.0,85.44999694824219,86.0999984741211,85.19184875488281,13138200,WFC
2025-11-11,86.11000061035156,87.05999755859375,86.05000305175781,86.19000244140625,85.28089904785156,13851500,WFC
2025-11-12,86.30999755859375,88.63999938964844,85.94000244140625,86.26000213623047,85.35015869140625,16775200,WFC
2025-11-13,86.16000366210938,86.88999938964844,84.47000122070312,84.69999694824219,83.80661010742188,15708000,WFC
2025-11-14,84.44999694824219,85.3499984741211,82.95999908447266,85.05000305175781,84.15292358398438,15397300,WFC
2025-11-17,84.69000244140625,85.05000305175781,82.54000091552734,83.41999816894531,82.54011535644531,14457100,WFC
2025-11-18,83.41999816894531,84.76000213623047,82.93000030517578,83.86000061035156,82.97547149658203,14233900,WFC
2025-11-19,83.9800033569336,84.81999969482422,83.61000061035156,84.16000366210938,83.27230834960938,10959600,WFC
2025-11-20,85.05999755859375,86.04000091552734,82.31999969482422,82.4000015258789,81.53087615966797,12135800,WFC
2025-11-21,82.7699966430664,83.62999725341797,81.05000305175781,83.11000061035156,82.23338317871094,16169500,WFC
2025-11-24,83.08999633789062,85.08999633789062,82.41000366210938,84.66000366210938,83.76703643798828,27574500,WFC
2025-11-25,84.52999877929688,85.54000091552734,83.61000061035156,85.0999984741211,84.202392578125,12966400,WFC
2025-11-26,85.41999816894531,86.38999938964844,85.12999725341797,85.55999755859375,84.65753936767578,9304300,WFC
2025-11-28,85.63999938964844,86.5199966430664,85.30999755859375,85.8499984741211,84.9444808959961,6545000,WFC
2025-12-01,85.83000183105469,86.55999755859375,85.16999816894531,85.4000015258789,84.49923706054688,9794000,WFC
2025-12-02,85.69000244140625,86.79000091552734,85.27999877929688,86.31999969482422,85.4095230102539,9484000,WFC
2025-12-03,86.26000213623047,89.38999938964844,86.26000213623047,89.3499984741211,88.40756225585938,14439300,WFC
2025-12-04,89.4000015258789,90.62999725341797,89.31999969482422,90.20999908447266,89.25849151611328,13433000,WFC
2025-12-05,89.98999786376953,91.11000061035156,89.55000305175781,89.83000183105469,88.88250732421875,11210900,WFC
2025-12-08,89.83000183105469,91.0199966430664,89.1500015258789,90.05999755859375,89.11006927490234,13267300,WFC
2025-12-09,90.23999786376953,90.25,88.77999877929688,88.88999938964844,87.9524154663086,17101700,WFC
2025-12-10,88.94000244140625,90.87000274658203,88.19000244140625,90.69000244140625,89.73342895507812,22729100,WFC
2025-12-11,90.54000091552734,93.41999816894531,90.22000122070312,92.58999633789062,91.6133804321289,15505100,WFC
2025-12-12,93.12000274658203,93.41999816894531,92.12000274658203,92.76000213623047,91.7815933227539,12532800,WFC
2025-12-15,93.58000183105469,94.26000213623047,92.48999786376953,92.9000015258789,91.92012786865234,13885200,WFC
2025-12-16,93.08000183105469,93.16999816894531,91.43000030517578,92.19000244140625,91.21761322021484,12981100,WFC
2025-12-17,92.76000213623047,93.33000183105469,92.47000122070312,92.58999633789062,91.6133804321289,14819000,WFC
2025-12-18,93.02999877929688,93.88999938964844,91.29000091552734,91.4800033569336,90.51509857177734,11844100,WFC
2025-12-19,91.61000061035156,93.12999725341797,91.5999984741211,93.01000213623047,92.02896118164062,37783900,WFC
2025-12-22,93.19999694824219,94.38999938964844,93.05000305175781,94.27999877929688,93.28556060791016,9512300,WFC
2025-12-23,94.23999786376953,94.68000030517578,94.02999877929688,94.47000122070312,93.47356414794922,8642100,WFC
2025-12-24,94.6500015258789,95.8499984741211,94.47000122070312,95.30000305175781,94.29480743408203,5506800,WFC
2025-12-26,95.36000061035156,95.47000122070312,94.72000122070312,95.26000213623047,94.25523376464844,5169400,WFC
2025-12-29,95.36000061035156,95.61000061035156,94.37000274658203,94.5199966430664,93.52302551269531,8624200,WFC
2025-12-30,94.7300033569336,94.87999725341797,93.98999786376953,94.30999755859375,93.31524658203125,6417800,WFC
2025-12-31,94.5,94.68000030517578,93.12000274658203,93.19999694824219,92.21694946289062,7919300,WFC
2026-01-02,93.30000305175781,95.3499984741211,92.80999755859375,95.19999694824219,94.19585418701172,9242600,WFC
2026-01-05,95.08999633789062,97.76000213623047,94.9800033569336,96.37999725341797,95.36341094970703,14384000,WFC
2026-01-06,95.4000015258789,96.55000305175781,95.06999969482422,96.38999938964844,95.37330627441406,12329200,WFC
2026-01-07,95.70999908447266,95.88999938964844,93.6500015258789,94.29000091552734,93.29546356201172,14589500,WFC
2026-01-08,94.26000213623047,96.16000366210938,94.19000244140625,95.5999984741211,94.59164428710938,12406000,WFC
2026-01-09,95.80999755859375,96.56999969482422,95.26000213623047,95.94999694824219,94.93795013427734,10261300,WFC
2026-01-12,94.83000183105469,95.54000091552734,93.88999938964844,94.95999908447266,93.95838928222656,15958100,WFC
2026-01-13,95.29000091552734,95.75,93.05999755859375,93.55999755859375,92.57315826416016,21998600,WFC
2026-01-14,90.75,90.80000305175781,88.05999755859375,89.25,88.30862426757812,33803900,WFC
2026-01-15,89.33999633789062,89.91000366210938,88.36000061035156,88.95999908447266,88.02167510986328,21738600,WFC
2026-01-16,88.95999908447266,89.69000244140625,88.08000183105469,88.37999725341797,87.44779205322266,26981600,WFC
2026-01-20,87.26000213623047,88.63999938964844,86.27999877929688,86.66000366210938,85.74594116210938,19353500,WFC
2026-01-21,86.5,87.55999755859375,86.02999877929688,86.12000274658203,85.21163940429688,17606700,WFC
2026-01-22,86.43000030517578,89.0,86.43000030517578,88.04000091552734,87.11138153076172,19668900,WFC
2026-01-23,87.5,87.70999908447266,86.02999877929688,86.95999908447266,86.04277801513672,15227500,WFC
2026-01-26,87.0999984741211,88.29000091552734,87.0999984741211,88.05000305175781,87.12128448486328,13047400,WFC
2026-01-27,88.1500015258789,89.06999969482422,87.4800033569336,88.70999908447266,87.7743148803711,15105000,WFC
2026-01-28,88.62000274658203,89.05999755859375,86.83999633789062,88.02999877929688,87.10149383544922,16395700,WFC
2026-01-29,88.69000244140625,90.63999938964844,88.54000091552734,90.63999938964844,89.6839599609375,21497000,WFC
2026-01-30,90.20999908447266,91.05000305175781,89.75,90.48999786376953,89.5355453491211,18306900,WFC
2026-02-02,90.16000366210938,92.80000305175781,89.9000015258789,92.2699966430664,91.29676818847656,13835200,WFC
2026-02-03,92.70999908447266,94.79000091552734,91.9000015258789,92.30999755859375,91.33634185791016,18099000,WFC
2026-02-04,92.6500015258789,93.91000366210938,92.52999877929688,93.13999938964844,92.1575927734375,12382800,WFC
2026-02-05,92.8499984741211,93.05999755859375,90.91000366210938,92.01000213623047,91.03951263427734,12641300,WFC
2026-02-06,92.75,94.6500015258789,92.55999755859375,93.97000122070312,93.4358139038086,13205700,WFC
2026-02-09,93.75,95.08999633789062,89.0,94.61000061035156,94.07217407226562,20544800,WFC
2026-02-10,94.30999755859375,95.01000213623047,89.75,91.91000366210938,91.38752746582031,20148400,WFC
2026-02-11,92.6500015258789,93.08000183105469,88.5,88.94999694824219,88.44434356689453,15461700,WFC
2026-02-12,89.30999755859375,89.97000122070312,85.83000183105469,86.29000091552734,85.79946899414062,16858200,WFC
2026-02-13,85.68000030517578,87.44999694824219,85.08999633789062,86.9800033569336,86.48554992675781,12425000,WFC
2026-02-17,87.83000183105469,88.83999633789062,87.30999755859375,87.4000015258789,86.90316009521484,12361900,WFC
2026-02-18,87.81999969482422,89.4000015258789,87.6500015258789,88.55999755859375,88.05656433105469,8250900,WFC
2026-02-19,87.83999633789062,88.16000366210938,86.5999984741211,87.56999969482422,87.07218933105469,10427300,WFC
2026-02-20,87.36000061035156,88.70999908447266,86.13999938964844,88.69999694824219,88.19576263427734,14255000,WFC
2026-02-23,88.16999816894531,88.5999984741211,83.77999877929688,85.1500015258789,84.66595458984375,20607000,WFC
2026-02-24,84.4000015258789,85.19000244140625,82.47000122070312,84.56999969482422,84.08924865722656,18817700,WFC
2026-02-25,85.19000244140625,86.91999816894531,84.97000122070312,86.76000213623047,86.26679992675781,16620700,WFC
2026-02-26,86.88999938964844,88.31999969482422,85.58000183105469,86.30000305175781,85.80941772460938,18768400,WFC
2026-02-27,84.66999816894531,84.81999969482422,80.44999694824219,81.44999694824219,80.98697662353516,29145000,WFC
2026-03-02,79.1500015258789,83.06999969482422,78.94000244140625,82.58000183105469,82.11056518554688,21834300,WFC
2026-03-03,81.0,83.48999786376953,79.8499984741211,82.52999877929688,82.06084442138672,19018600,WFC
2026-03-04,82.69000244140625,84.04000091552734,82.02999877929688,83.93000030517578,83.45288848876953,18061200,WFC
2026-03-05,83.6500015258789,83.80000305175781,81.19000244140625,82.11000061035156,81.64323425292969,20939200,WFC
2026-03-06,80.26000213623047,80.56999969482422,77.94000244140625,80.41999816894531,79.96283721923828,16798900,WFC
2026-03-09,79.43000030517578,79.79000091552734,76.86000061035156,78.83000183105469,78.38188171386719,24959500,WFC
2026-03-10,78.94999694824219,79.80000305175781,77.44999694824219,78.30000305175781,77.85489654541016,18481700,WFC
2026-03-11,78.05000305175781,78.2300033569336,76.5,76.87999725341797,76.44296264648438,17497300,WFC
2026-03-12,75.4800033569336,75.54000091552734,74.6500015258789,75.25,74.82222747802734,24794100,WFC
2026-03-13,75.6500015258789,76.20999908447266,74.02999877929688,74.0999984741211,73.67876434326172,15496900,WFC
2026-03-16,74.83000183105469,75.88999938964844,74.37000274658203,75.75,75.31938934326172,17836300,WFC
2026-03-17,76.5,77.16999816894531,75.81999969482422,76.2300033569336,75.79666137695312,18173400,WFC
2026-03-18,75.80999755859375,76.88999938964844,75.80999755859375,76.19000244140625,75.75688934326172,12951200,WFC
2026-03-19,75.68000030517578,76.80000305175781,74.68000030517578,76.38999938964844,75.95574951171875,18744400,WFC
2026-03-20,76.4000015258789,77.91999816894531,76.20999908447266,77.5999984741211,77.15886688232422,40461100,WFC
2026-03-23,79.48999786376953,79.80000305175781,78.12000274658203,78.27999877929688,77.83499908447266,15320800,WFC
2026-03-24,77.62999725341797,80.47000122070312,77.58000183105469,79.61000061035156,79.15744018554688,19134300,WFC
2026-03-25,79.51000213623047,80.79000091552734,79.33000183105469,80.26000213623047,79.80374908447266,17213400,WFC
2026-03-26,79.88999938964844,80.30000305175781,78.72000122070312,79.0199966430664,78.57079315185547,15430500,WFC
2026-03-27,78.62000274658203,78.62999725341797,76.86000061035156,77.19000244140625,76.75120544433594,13674900,WFC
2026-03-30,77.87999725341797,78.22000122070312,76.48999786376953,76.80000305175781,76.36341857910156,14311500,WFC
2026-03-31,77.83000183105469,79.73999786376953,77.44999694824219,79.61000061035156,79.15744018554688,19097600,WFC
2026-04-01,81.19000244140625,81.69999694824219,80.18000030517578,80.56999969482422,80.11198425292969,14979400,WFC
2026-04-02,79.41000366210938,80.83999633789062,78.69000244140625,80.5999984741211,80.14181518554688,10001800,WFC
2026-04-06,80.95999908447266,81.87000274658203,80.76000213623047,81.8499984741211,81.38470458984375,7069200,WFC
2026-04-07,81.41000366210938,82.08999633789062,80.9000015258789,81.75,81.2852783203125,8820900,WFC
2026-04-08,84.5,85.7300033569336,84.25,84.66000366210938,84.17874145507812,15130300,WFC
2026-04-09,84.44999694824219,86.1500015258789,84.44000244140625,86.0199966430664,85.53099822998047,10496100,WFC
2026-04-10,85.83000183105469,85.9000015258789,84.98999786376953,85.4000015258789,84.9145278930664,7946200,WFC
2026-04-13,84.58999633789062,86.69999694824219,84.06999969482422,86.63999938964844,86.14747619628906,14506600,WFC
2026-04-14,83.0199966430664,83.16000366210938,80.31999969482422,81.69999694824219,81.23555755615234,32845600,WFC
2026-04-15,80.91999816894531,81.69000244140625,80.1500015258789,80.29000091552734,79.83358001708984,31494000,WFC
2026-04-16,80.08999633789062,81.87000274658203,80.0,81.25,80.78811645507812,20713300,WFC
2026-04-17,82.12999725341797,82.5999984741211,81.02999877929688,81.41000366210938,80.94721221923828,24033900,WFC
2026-04-20,81.55000305175781,82.41000366210938,81.23999786376953,81.97000122070312,81.5040283203125,14240500,WFC
2026-04-21,82.1500015258789,83.0999984741211,81.19999694824219,81.55000305175781,81.08641815185547,17387300,WFC
2026-04-22,81.55000305175781,81.87999725341797,80.16999816894531,80.58000183105469,80.12193298339844,13724200,WFC
2026-04-23,80.55999755859375,81.37000274658203,79.73999786376953,80.51000213623047,80.05233001708984,13906500,WFC
2026-04-24,80.11000061035156,80.37000274658203,79.25,79.41999816894531,78.96852111816406,15419600,WFC
2026-04-27,79.38999938964844,80.88999938964844,79.33999633789062,80.55999755859375,80.10204315185547,20114400,WFC
2026-04-28,81.31999969482422,81.94999694824219,80.94000244140625,81.5,81.03669738769531,14826700,WFC
2026-04-29,81.23999786376953,82.0,80.69999694824219,81.51000213623047,81.04664611816406,19930700,WFC
2026-04-30,80.81999969482422,82.62999725341797,80.01000213623047,82.2300033569336,81.7625503540039,13535900,WFC
2026-05-01,82.25,82.66000366210938,80.80999755859375,80.80999755859375,80.35061645507812,14632700,WFC
2026-05-04,80.58000183105469,80.87000274658203,79.18000030517578,79.18000030517578,78.72988891601562,12968800,WFC
2026-05-05,79.4000015258789,80.11000061035156,79.01000213623047,79.88999938964844,79.43585205078125,11379900,WFC
2026-05-06,80.79000091552734,81.4800033569336,80.3499984741211,80.41999816894531,79.96283721923828,14347500,WFC
2026-05-07,80.69000244140625,81.01000213623047,78.69000244140625,79.16000366210938,78.71000671386719,19094800,WFC
2026-05-08,79.0,79.02999877929688,75.55000305175781,75.63999938964844,75.63999938964844,31062100,WFC
2026-05-11,75.66999816894531,75.72000122070312,73.19000244140625,73.58000183105469,73.58000183105469,25403900,WFC
2026-05-12,73.9000015258789,75.25,72.87000274658203,75.18000030517578,75.18000030517578,21003400,WFC
2026-05-13,74.1500015258789,74.76000213623047,73.27999877929688,73.52999877929688,73.52999877929688,16343900,WFC
2026-05-14,73.9800033569336,74.48999786376953,73.22000122070312,73.79000091552734,73.79000091552734,19388500,WFC
2026-05-15,73.94000244140625,74.05999755859375,72.77999877929688,73.41999816894531,73.41999816894531,16479000,WFC
2026-05-18,73.33000183105469,74.7699966430664,73.33000183105469,74.37000274658203,74.37000274658203,16934200,WFC
2026-05-19,74.4800033569336,75.3499984741211,73.8499984741211,74.55000305175781,74.55000305175781,18649800,WFC
2026-05-20,74.88999938964844,76.30000305175781,73.9800033569336,75.80999755859375,75.80999755859375,14695300,WFC
2026-05-21,75.58999633789062,76.05999755859375,74.91000366210938,75.91999816894531,75.91999816894531,9433400,WFC
2026-05-22,76.36000061035156,76.8499984741211,76.12000274658203,76.4000015258789,76.4000015258789,8728900,WFC
2026-05-26,76.91000366210938,77.66999816894531,76.7699966430664,77.5199966430664,77.5199966430664,21956700,WFC
2026-05-27,77.12999725341797,77.70999908447266,75.18000030517578,76.11000061035156,76.11000061035156,15575700,WFC
2026-05-28,75.83999633789062,77.62000274658203,75.3499984741211,76.6500015258789,76.6500015258789,14146700,WFC
2026-05-29,76.62000274658203,77.75,76.33999633789062,77.54000091552734,77.54000091552734,22322900,WFC
2026-06-01,76.75,78.0199966430664,76.5,77.16999816894531,77.16999816894531,15566900,WFC
2026-06-02,76.80999755859375,79.54000091552734,76.72000122070312,79.44000244140625,79.44000244140625,19447400,WFC
2026-06-03,78.87999725341797,79.12999725341797,77.4000015258789,78.68000030517578,78.68000030517578,15236600,WFC
2026-06-04,79.97000122070312,81.88999938964844,79.72000122070312,81.62000274658203,81.62000274658203,19452100,WFC
2026-06-05,82.1500015258789,82.44999694824219,81.44999694824219,81.94000244140625,81.94000244140625,15110600,WFC
2026-06-08,81.80999755859375,82.54000091552734,80.83000183105469,80.95999908447266,80.95999908447266,11481200,WFC
2026-06-09,81.25,82.55999755859375,80.93000030517578,82.0,82.0,15565500,WFC
2026-06-10,81.8499984741211,83.18000030517578,81.44999694824219,81.97000122070312,81.97000122070312,12580800,WFC
2026-06-11,82.55000305175781,82.91000366210938,80.83000183105469,82.4000015258789,82.4000015258789,10929900,WFC
2026-06-12,82.93000030517578,84.0999984741211,82.62000274658203,83.7300033569336,83.7300033569336,10526000,WFC
2026-06-15,84.41999816894531,84.93000030517578,83.02999877929688,83.13999938964844,83.13999938964844,14526900,WFC
2026-06-16,84.0,85.05999755859375,83.94000244140625,85.05000305175781,85.05000305175781,12400500,WFC
2026-06-17,85.12999725341797,87.08000183105469,83.58999633789062,83.80999755859375,83.80999755859375,19403500,WFC
2026-06-18,84.93000030517578,85.56999969482422,81.94999694824219,82.19999694824219,82.19999694824219,36738600,WFC
2026-06-22,82.72000122070312,84.12999725341797,82.69000244140625,83.83999633789062,83.83999633789062,18657600,WFC
2026-06-23,84.01000213623047,84.33000183105469,83.05000305175781,84.12999725341797,84.12999725341797,11612300,WFC
2026-06-24,84.19000244140625,84.48999786376953,83.51000213623047,84.30000305175781,84.30000305175781,11424900,WFC
2026-06-25,84.27999877929688,86.30000305175781,84.27999877929688,84.73999786376953,84.73999786376953,11403800,WFC
2026-06-26,84.83000183105469,85.16000366210938,83.0999984741211,83.86000061035156,83.86000061035156,20829300,WFC
2026-06-29,83.76000213623047,84.58000183105469,83.47000122070312,83.51000213623047,83.51000213623047,16658300,WFC
2026-06-30,83.69999694824219,83.80000305175781,82.5199966430664,82.63999938964844,82.63999938964844,17283400,WFC
2026-07-01,82.83000183105469,86.05000305175781,82.75,85.94000244140625,85.94000244140625,14670600,WFC
2026-07-02,86.61000061035156,86.80000305175781,85.08999633789062,85.51000213623047,85.51000213623047,10782000,WFC
2026-07-06,86.0,87.62999725341797,85.91999816894531,87.44999694824219,87.44999694824219,9914200,WFC
2026-07-07,88.02999877929688,88.56999969482422,86.88999938964844,87.18000030517578,87.18000030517578,10029500,WFC
2026-07-08,86.5199966430664,86.7699966430664,85.0999984741211,85.55999755859375,85.55999755859375,9978600,WFC
2026-07-09,85.8499984741211,87.44999694824219,85.6500015258789,86.91000366210938,86.91000366210938,13324900,WFC
2026-07-10,87.5,87.83999633789062,86.6500015258789,87.16000366210938,87.16000366210938,14054800,WFC
2026-07-13,87.88999938964844,88.01000213623047,86.11000061035156,87.66999816894531,87.66999816894531,15026800,WFC
2026-07-14,84.8499984741211,88.68000030517578,83.83000183105469,85.29000091552734,85.29000091552734,38943000,WFC
2026-07-15,85.94000244140625,87.62999725341797,85.69999694824219,87.51000213623047,87.51000213623047,28730300,WFC
2026-07-16,87.94999694824219,88.9000015258789,87.20999908447266,88.06999969482422,88.06999969482422,20161000,WFC
2026-07-17,87.73999786376953,89.79000091552734,86.5,87.51000213623047,87.51000213623047,22762700,WFC
2026-07-20,87.87999725341797,88.56999969482422,86.05999755859375,86.33000183105469,86.33000183105469,17536100,WFC
2026-07-21,86.68000030517578,88.26000213623047,85.88999938964844,87.73999786376953,87.73999786376953,17605300,WFC
2026-07-22,88.19000244140625,88.19000244140625,86.25,86.41999816894531,86.41999816894531,15478700,WFC
2026-07-23,85.77999877929688,86.48999786376953,85.0999984741211,86.19000244140625,86.19000244140625,11220700,WFC
2026-07-24,85.94999694824219,86.94999694824219,85.69999694824219,86.30999755859375,86.30999755859375,11871400,WFC
2026-07-27,87.30000305175781,87.9000015258789,86.9000015258789,87.2699966430664,87.2699966430664,10379300,WFC
2026-07-28,87.75,88.22000122070312,86.41000366210938,86.87000274658203,86.87000274658203,16570500,WFC
2026-07-29,86.8499984741211,87.0199966430664,83.70999908447266,83.87000274658203,83.87000274658203,18076900,WFC
2026-07-30,84.58000183105469,85.58000183105469,84.0199966430664,85.43000030517578,85.43000030517578,15139000,WFC
2026-07-31,86.0,86.73999786376953,85.44000244140625,86.44999694824219,86.44999694824219,14776700,WFC
2026-08-03,87.55999755859375,87.97000122070312,86.41000366210938,87.88999938964844,87.88999938964844,11177200,WFC
